subarticle_id,subarticle_number,article_id,article_number,reference,text,source_document
A1-1,1,A1,1,Article 1(1),"In all processes and transactions relating to the personal data of data subjects in Nigeria, it is a constitutional obligation to carefully consider the material scope and the territorial scope of the NDP Act vis-à-vis its objectives before a decision affecting the fundamental right to privacy is taken one way or the other.","Nigeria Data Protection Act (NDP Act) 2023 General Application and Implementation Directive (GAID) 2024, ref. NDPC/NDP ACT-GAID/001/2024 (KB 2/Africa/Nigeria-Data-Protection-Act(NDP ACT)2023(GAID)2024.pdf)"
A1-2,2,A1,1,Article 1(2),Section 2(c) of the NDP Act applies to a data controller or data processor not domiciled in Nigeria but processes the personal data of a data subject in Nigeria or targets the personal data of data subjects in Nigeria. A data controller or data processor shall be cognisant of how domiciliation applies in Section 2 of the NDP Act. Sub-Articles 3 and 4 of this Article shall be relied upon for guidance when the right of a data subject and question of domiciliation of the data controller or data processor arises.,"Nigeria Data Protection Act (NDP Act) 2023 General Application and Implementation Directive (GAID) 2024, ref. NDPC/NDP ACT-GAID/001/2024 (KB 2/Africa/Nigeria-Data-Protection-Act(NDP ACT)2023(GAID)2024.pdf)"
A1-3,3,A1,1,Article 1(3),"In line with the principle of universality of civil liberties, a natural person is entitled to the protection of his or her fundamental rights anywhere in the world. Accordingly, the categories of data subjects listed in Sub-Article 4 shall be entitled to the enjoyment of data subject rights under the NDP Act - subject only to the derogations permitted under the 1999 Constitution and any preemptory norm or international treaty applicable to Nigeria under International Law.","Nigeria Data Protection Act (NDP Act) 2023 General Application and Implementation Directive (GAID) 2024, ref. NDPC/NDP ACT-GAID/001/2024 (KB 2/Africa/Nigeria-Data-Protection-Act(NDP ACT)2023(GAID)2024.pdf)"
A1-4,4,A1,1,Article 1(4),The categories of data subjects to whom Sub-Article 3 relates to are:,"Nigeria Data Protection Act (NDP Act) 2023 General Application and Implementation Directive (GAID) 2024, ref. NDPC/NDP ACT-GAID/001/2024 (KB 2/Africa/Nigeria-Data-Protection-Act(NDP ACT)2023(GAID)2024.pdf)"
A3-1,1,A3,3,Article 3(1),"In order to guarantee certainty, harmony and efficacy on the regulation of: a) Informational self-determination (fundamental right to privacy); b) Data sovereignty (the inherent right of an independent country to govern data processing pertaining to persons in her territory); c) National and transborder data flows; and d) Treaty obligations (particularly in the material context highlighted in Article 2(b) of this NDP Act – GAID), it is imperative to uphold the provision of section 63 of the NDP Act in all proceedings and transactions pertaining to the processing of personal data. For ease of reference Section 63 of the NDP Act provides: ""Where the provisions of any other law or enactment, in so far as they provide or relate directly or indirectly to the processing of personal data, are inconsistent with any of the provisions of this Act, the provisions of this Act shall prevail.""","Nigeria Data Protection Act (NDP Act) 2023 General Application and Implementation Directive (GAID) 2024, ref. NDPC/NDP ACT-GAID/001/2024 (KB 2/Africa/Nigeria-Data-Protection-Act(NDP ACT)2023(GAID)2024.pdf)"
A3-2,2,A3,3,Article 3(2),"In the event of a conflict between the NDP Act and this NDP Act-GAID, the NDP Act shall prevail.","Nigeria Data Protection Act (NDP Act) 2023 General Application and Implementation Directive (GAID) 2024, ref. NDPC/NDP ACT-GAID/001/2024 (KB 2/Africa/Nigeria-Data-Protection-Act(NDP ACT)2023(GAID)2024.pdf)"
A4-1,1,A4,4,Article 4(1),Section 5(h) of the NDP Act mandates the Commission to collaborate with public authorities among others in order to achieve the objectives set forth in the NDP Act.,"Nigeria Data Protection Act (NDP Act) 2023 General Application and Implementation Directive (GAID) 2024, ref. NDPC/NDP ACT-GAID/001/2024 (KB 2/Africa/Nigeria-Data-Protection-Act(NDP ACT)2023(GAID)2024.pdf)"
A4-2,2,A4,4,Article 4(2),"Without prejudice to the provisions of Section 63 of the NDP Act, the Commission shall cooperate with relevant public authorities in the development of sub-national or sectoral guidelines on data protection.","Nigeria Data Protection Act (NDP Act) 2023 General Application and Implementation Directive (GAID) 2024, ref. NDPC/NDP ACT-GAID/001/2024 (KB 2/Africa/Nigeria-Data-Protection-Act(NDP ACT)2023(GAID)2024.pdf)"
A4-3,3,A4,4,Article 4(3),"The Commission shall conduct periodic reviews of sub-national or sectoral guidelines to determine whether such guidelines or instruments comply with the NDP Act, taking into account the provisions of Articles 1 & 2, of this NDP Act-GAID.","Nigeria Data Protection Act (NDP Act) 2023 General Application and Implementation Directive (GAID) 2024, ref. NDPC/NDP ACT-GAID/001/2024 (KB 2/Africa/Nigeria-Data-Protection-Act(NDP ACT)2023(GAID)2024.pdf)"
A4-4,4,A4,4,Article 4(4),"Where the Commission determines that a guideline by a public authority relating to the processing of personal data negates the objectives of the NDP Act, it shall communicate its decisions to the public authority and it may in addition, request joint reviews with a view to developing a harmonious sub-national or sectoral guideline.","Nigeria Data Protection Act (NDP Act) 2023 General Application and Implementation Directive (GAID) 2024, ref. NDPC/NDP ACT-GAID/001/2024 (KB 2/Africa/Nigeria-Data-Protection-Act(NDP ACT)2023(GAID)2024.pdf)"
A4-5,5,A4,4,Article 4(5),"The Commission shall take proactive steps in collaborating with public authorities and relevant institutions for the purposes of setting up Data Privacy Service Units and Centres of Excellence at sub-national, sectoral and organisational levels.","Nigeria Data Protection Act (NDP Act) 2023 General Application and Implementation Directive (GAID) 2024, ref. NDPC/NDP ACT-GAID/001/2024 (KB 2/Africa/Nigeria-Data-Protection-Act(NDP ACT)2023(GAID)2024.pdf)"
A5-1,1,A5,5,Article 5(1),"A data controller, a data processor or an individual who relies on or intends to rely on any exemption pursuant to Section 3 of the NDP Act, shall abide by other provisions which are not exempted by the NDP Act.","Nigeria Data Protection Act (NDP Act) 2023 General Application and Implementation Directive (GAID) 2024, ref. NDPC/NDP ACT-GAID/001/2024 (KB 2/Africa/Nigeria-Data-Protection-Act(NDP ACT)2023(GAID)2024.pdf)"
A5-2,2,A5,5,Article 5(2),"A data processing activity which falls within the exemptions under Section 3 of the NDP Act is at the minimum, bound by the following sections:","Nigeria Data Protection Act (NDP Act) 2023 General Application and Implementation Directive (GAID) 2024, ref. NDPC/NDP ACT-GAID/001/2024 (KB 2/Africa/Nigeria-Data-Protection-Act(NDP ACT)2023(GAID)2024.pdf)"
A5-3,3,A5,5,Article 5(3),"Exemptions under the NDP Act apply to the obligations under Chapter V of the NDP Act apart from the sections mentioned in Sub-Article 2 of this Article. Thus, the Commission shall hold a data controller or data processor accountable for the infraction of any other provision of the NDP Act not covered by the exemption.","Nigeria Data Protection Act (NDP Act) 2023 General Application and Implementation Directive (GAID) 2024, ref. NDPC/NDP ACT-GAID/001/2024 (KB 2/Africa/Nigeria-Data-Protection-Act(NDP ACT)2023(GAID)2024.pdf)"
A5-4,4,A5,5,Article 5(4),"In exercise of its power under the NDP Act, and in carrying out an assessment of data processing activities exempted under Section 3 of the NDP Act, the Commission shall take into consideration:","Nigeria Data Protection Act (NDP Act) 2023 General Application and Implementation Directive (GAID) 2024, ref. NDPC/NDP ACT-GAID/001/2024 (KB 2/Africa/Nigeria-Data-Protection-Act(NDP ACT)2023(GAID)2024.pdf)"
A6-1,1,A6,6,Article 6(1),"In line with the provision of Section 3(1) of the NDP Act, an individual who processes data solely for personal or household purposes shall respect the privacy of a data subject and shall be held accountable for the conduct which puts the privacy of a data subject at risk.","Nigeria Data Protection Act (NDP Act) 2023 General Application and Implementation Directive (GAID) 2024, ref. NDPC/NDP ACT-GAID/001/2024 (KB 2/Africa/Nigeria-Data-Protection-Act(NDP ACT)2023(GAID)2024.pdf)"
A6-2,2,A6,6,Article 6(2),The conduct referred to in Sub-Article 1 of this Article which may put another person at risk includes the following:,"Nigeria Data Protection Act (NDP Act) 2023 General Application and Implementation Directive (GAID) 2024, ref. NDPC/NDP ACT-GAID/001/2024 (KB 2/Africa/Nigeria-Data-Protection-Act(NDP ACT)2023(GAID)2024.pdf)"
A8-1,1,A8,8,Article 8(1),"Section 65 of the NDP Act provides, a ""data controller or data processor of major importance"" means a data controller or data processor that is domiciled, resident in, or operating in Nigeria and processes or intends to process personal data of more than such number of data subjects who are within Nigeria, as the Commission may prescribe, or such other class of data controller or data processor that is processing personal data of particular value or significance to the economy, society or security of Nigeria as the Commission may designate.","Nigeria Data Protection Act (NDP Act) 2023 General Application and Implementation Directive (GAID) 2024, ref. NDPC/NDP ACT-GAID/001/2024 (KB 2/Africa/Nigeria-Data-Protection-Act(NDP ACT)2023(GAID)2024.pdf)"
A8-2,2,A8,8,Article 8(2),"In line with Section 2 of the NDP Act ""domiciled, resident in, or operating in Nigeria"" means:","Nigeria Data Protection Act (NDP Act) 2023 General Application and Implementation Directive (GAID) 2024, ref. NDPC/NDP ACT-GAID/001/2024 (KB 2/Africa/Nigeria-Data-Protection-Act(NDP ACT)2023(GAID)2024.pdf)"
A8-3,3,A8,8,Article 8(3),"In assessing what is of value or significance to the economy, society or security of Nigeria, the Commission shall take into consideration all relevant factors – including but not limited to the following:","Nigeria Data Protection Act (NDP Act) 2023 General Application and Implementation Directive (GAID) 2024, ref. NDPC/NDP ACT-GAID/001/2024 (KB 2/Africa/Nigeria-Data-Protection-Act(NDP ACT)2023(GAID)2024.pdf)"
A8-4,4,A8,8,Article 8(4),"In order to ensure proportionality of obligations in relation to various levels of major data processing, the Commission classifies data controllers and data processors into 3 (three) levels or categories of data processing, namely:","Nigeria Data Protection Act (NDP Act) 2023 General Application and Implementation Directive (GAID) 2024, ref. NDPC/NDP ACT-GAID/001/2024 (KB 2/Africa/Nigeria-Data-Protection-Act(NDP ACT)2023(GAID)2024.pdf)"
A8-5,5,A8,8,Article 8(5),"For direction on the factors taken into account by the Commission in determining what is of value or significance to the economy, society or security of Nigeria; and registration and fees by a data controller or a data processor of major importance, the Guidance Notice with reference number NDPC/HQ/GN/VOL.02/24 issued by the Commission and reproduced in this NDP Act-GAID as Schedule 4, shall be relied upon until such a time that the Commission amends or replaces the said Guidance Notice.","Nigeria Data Protection Act (NDP Act) 2023 General Application and Implementation Directive (GAID) 2024, ref. NDPC/NDP ACT-GAID/001/2024 (KB 2/Africa/Nigeria-Data-Protection-Act(NDP ACT)2023(GAID)2024.pdf)"
A9-1,1,A9,9,Article 9(1),A data controller or a data processor of major importance as designated by the Commission shall register with the Commission in accordance with the Guidance Notice with reference number NDPC/HQ/GN/VOL.02/24 issued by the Commission and reproduced in this NDP Act-GAID as Schedule 4.,"Nigeria Data Protection Act (NDP Act) 2023 General Application and Implementation Directive (GAID) 2024, ref. NDPC/NDP ACT-GAID/001/2024 (KB 2/Africa/Nigeria-Data-Protection-Act(NDP ACT)2023(GAID)2024.pdf)"
A9-2,2,A9,9,Article 9(2),A data controller or a data processor in the category of Major Data Processing – Ultra High Level or Major Data Processing – Extra High Level shall register once and shall only be required to file CAR annually.,"Nigeria Data Protection Act (NDP Act) 2023 General Application and Implementation Directive (GAID) 2024, ref. NDPC/NDP ACT-GAID/001/2024 (KB 2/Africa/Nigeria-Data-Protection-Act(NDP ACT)2023(GAID)2024.pdf)"
A9-3,3,A9,9,Article 9(3),A data controller or a data processor in the category of Major Data Processing – Ordinary High Level shall renew its registration with the Commission on an annual basis and it shall not be required to file annual CAR.,"Nigeria Data Protection Act (NDP Act) 2023 General Application and Implementation Directive (GAID) 2024, ref. NDPC/NDP ACT-GAID/001/2024 (KB 2/Africa/Nigeria-Data-Protection-Act(NDP ACT)2023(GAID)2024.pdf)"
A9-4,4,A9,9,Article 9(4),"A data controller or data processor of major importance shall notify the Commission of any significant change to the information submitted in its most recent registration submission within sixty (60) days after such change by providing any information required by the Commission through any electronic submission system provided by the Commission, or in the absence of which by email to an address provided by the Commission for such purpose.","Nigeria Data Protection Act (NDP Act) 2023 General Application and Implementation Directive (GAID) 2024, ref. NDPC/NDP ACT-GAID/001/2024 (KB 2/Africa/Nigeria-Data-Protection-Act(NDP ACT)2023(GAID)2024.pdf)"
A9-5,5,A9,9,Article 9(5),"If a data controller or data processor no longer qualifies as a data controller or data processor of major importance, they may request removal from the register by providing the information required by the Commission through any electronic submission system provided by the Commission, or in the absence of which by email to an address that the Commission shall publish on its website.","Nigeria Data Protection Act (NDP Act) 2023 General Application and Implementation Directive (GAID) 2024, ref. NDPC/NDP ACT-GAID/001/2024 (KB 2/Africa/Nigeria-Data-Protection-Act(NDP ACT)2023(GAID)2024.pdf)"
A9-6,6,A9,9,Article 9(6),"Notwithstanding its removal from the register, a former data controller or data processor of major importance shall remain responsible for payment of any outstanding annual fees from the then-current and any prior annual registration periods.","Nigeria Data Protection Act (NDP Act) 2023 General Application and Implementation Directive (GAID) 2024, ref. NDPC/NDP ACT-GAID/001/2024 (KB 2/Africa/Nigeria-Data-Protection-Act(NDP ACT)2023(GAID)2024.pdf)"
A9-7,7,A9,9,Article 9(7),The Commission shall publish on its website the register of data controllers and data processors of major importance that have duly registered with it and shall update the register at least once annually.,"Nigeria Data Protection Act (NDP Act) 2023 General Application and Implementation Directive (GAID) 2024, ref. NDPC/NDP ACT-GAID/001/2024 (KB 2/Africa/Nigeria-Data-Protection-Act(NDP ACT)2023(GAID)2024.pdf)"
A10-1,1,A10,10,Article 10(1),A data controller or a data processor shall carry out periodic compliance audit of its data processing activities with a view to mitigating the risk of data breaches through appropriate technical and organisational measures.,"Nigeria Data Protection Act (NDP Act) 2023 General Application and Implementation Directive (GAID) 2024, ref. NDPC/NDP ACT-GAID/001/2024 (KB 2/Africa/Nigeria-Data-Protection-Act(NDP ACT)2023(GAID)2024.pdf)"
A10-2,2,A10,10,Article 10(2),"In order to carry out an audit, a data controller or a data processor shall adopt a risk-based approach as may be associated with people, processes and technologies involved in its data processing value chain.","Nigeria Data Protection Act (NDP Act) 2023 General Application and Implementation Directive (GAID) 2024, ref. NDPC/NDP ACT-GAID/001/2024 (KB 2/Africa/Nigeria-Data-Protection-Act(NDP ACT)2023(GAID)2024.pdf)"
A10-3,3,A10,10,Article 10(3),A data controller or a data processor shall develop or adopt privacy audit controls in line with global best practices. Each model of audit may comprise of a series of techniques ranging from simple to complex and technical to organisational.,"Nigeria Data Protection Act (NDP Act) 2023 General Application and Implementation Directive (GAID) 2024, ref. NDPC/NDP ACT-GAID/001/2024 (KB 2/Africa/Nigeria-Data-Protection-Act(NDP ACT)2023(GAID)2024.pdf)"
A10-4,4,A10,10,Article 10(4),A data controller or data processor shall identify each point of risk and determine the techniques and frequency of audit to be carried out on each point of risk subject to any directive by the Commission.,"Nigeria Data Protection Act (NDP Act) 2023 General Application and Implementation Directive (GAID) 2024, ref. NDPC/NDP ACT-GAID/001/2024 (KB 2/Africa/Nigeria-Data-Protection-Act(NDP ACT)2023(GAID)2024.pdf)"
A10-5,5,A10,10,Article 10(5),"Where personal data may be accessed from an online device of a data controller or data processor, such personal data is vulnerable to data security breaches. The audit of such online device shall be as frequently as possible.","Nigeria Data Protection Act (NDP Act) 2023 General Application and Implementation Directive (GAID) 2024, ref. NDPC/NDP ACT-GAID/001/2024 (KB 2/Africa/Nigeria-Data-Protection-Act(NDP ACT)2023(GAID)2024.pdf)"
A10-6,6,A10,10,Article 10(6),A data controller or data processor of major importance shall file NDP Act Compliance Audit Returns (CAR) on an annual basis.,"Nigeria Data Protection Act (NDP Act) 2023 General Application and Implementation Directive (GAID) 2024, ref. NDPC/NDP ACT-GAID/001/2024 (KB 2/Africa/Nigeria-Data-Protection-Act(NDP ACT)2023(GAID)2024.pdf)"
A10-7,7,A10,10,Article 10(7),"In the case of a data controller or a data processor of major importance that was established before the 12th day of June 2023, it shall file its CAR not later than the 31st of March each year.","Nigeria Data Protection Act (NDP Act) 2023 General Application and Implementation Directive (GAID) 2024, ref. NDPC/NDP ACT-GAID/001/2024 (KB 2/Africa/Nigeria-Data-Protection-Act(NDP ACT)2023(GAID)2024.pdf)"
A10-8,8,A10,10,Article 10(8),"In the case of a data controller or data processor of major importance established after the 12th day of June 2023, it shall file CAR not later than eighteen (18) months after its establishment and shall subsequently file its CAR annually.","Nigeria Data Protection Act (NDP Act) 2023 General Application and Implementation Directive (GAID) 2024, ref. NDPC/NDP ACT-GAID/001/2024 (KB 2/Africa/Nigeria-Data-Protection-Act(NDP ACT)2023(GAID)2024.pdf)"
A10-9,9,A10,10,Article 10(9),"Where a data controller or data processor fails to file its CAR as and when due, it shall pay, in addition to the stipulated filing fee, an administrative penalty, which shall be 50% of the stipulated CAR filing fee.","Nigeria Data Protection Act (NDP Act) 2023 General Application and Implementation Directive (GAID) 2024, ref. NDPC/NDP ACT-GAID/001/2024 (KB 2/Africa/Nigeria-Data-Protection-Act(NDP ACT)2023(GAID)2024.pdf)"
A10-10,10,A10,10,Article 10(10),CAR filing fees are as follows:,"Nigeria Data Protection Act (NDP Act) 2023 General Application and Implementation Directive (GAID) 2024, ref. NDPC/NDP ACT-GAID/001/2024 (KB 2/Africa/Nigeria-Data-Protection-Act(NDP ACT)2023(GAID)2024.pdf)"
A10-11,11,A10,10,Article 10(11),"Where a CAR has been filed, the Commission may where necessary, direct that additional information be provided by a data controller or a data processor of major importance or by any person connected to the data processing under audit.","Nigeria Data Protection Act (NDP Act) 2023 General Application and Implementation Directive (GAID) 2024, ref. NDPC/NDP ACT-GAID/001/2024 (KB 2/Africa/Nigeria-Data-Protection-Act(NDP ACT)2023(GAID)2024.pdf)"
A10-12,12,A10,10,Article 10(12),The annual filing of CAR as prescribed in Sub-Article 8 of this Article shall be carried out through an automated platform or portal provided by the Commission.,"Nigeria Data Protection Act (NDP Act) 2023 General Application and Implementation Directive (GAID) 2024, ref. NDPC/NDP ACT-GAID/001/2024 (KB 2/Africa/Nigeria-Data-Protection-Act(NDP ACT)2023(GAID)2024.pdf)"
A10-13,13,A10,10,Article 10(13),"Except as otherwise approved by the Commission, a data controller or a data processor within the categories of a) Major Data Processing – Ultra High Level (MDP-UHL) b) Major Data Processing – Extra High Level (MDP-EHL) shall file CAR through a Data Protection Compliance Organisation (DPCO) licensed by the Commission.","Nigeria Data Protection Act (NDP Act) 2023 General Application and Implementation Directive (GAID) 2024, ref. NDPC/NDP ACT-GAID/001/2024 (KB 2/Africa/Nigeria-Data-Protection-Act(NDP ACT)2023(GAID)2024.pdf)"
A11-1,1,A11,11,Article 11(1),"Section 32 of the NDP Act mandates the designation of a DPO, accordingly, the DPO may be a staff member of the data controller, or fulfil the tasks on the basis of a service contract.","Nigeria Data Protection Act (NDP Act) 2023 General Application and Implementation Directive (GAID) 2024, ref. NDPC/NDP ACT-GAID/001/2024 (KB 2/Africa/Nigeria-Data-Protection-Act(NDP ACT)2023(GAID)2024.pdf)"
A11-2,2,A11,11,Article 11(2),The data controller or the data processor shall publish the contact details of the DPO and communicate the same to the Commission in the prescribed form.,"Nigeria Data Protection Act (NDP Act) 2023 General Application and Implementation Directive (GAID) 2024, ref. NDPC/NDP ACT-GAID/001/2024 (KB 2/Africa/Nigeria-Data-Protection-Act(NDP ACT)2023(GAID)2024.pdf)"
A12-1,1,A12,12,Article 12(1),A data controller or a data processor shall actively engage its DPO in all issues which relate to the processing of personal data.,"Nigeria Data Protection Act (NDP Act) 2023 General Application and Implementation Directive (GAID) 2024, ref. NDPC/NDP ACT-GAID/001/2024 (KB 2/Africa/Nigeria-Data-Protection-Act(NDP ACT)2023(GAID)2024.pdf)"
A12-2,2,A12,12,Article 12(2),"The data controller or data processor shall give appropriate support to the DPO in performing the data protection responsibilities as prescribed by the NDP Act or by the Commission. Accordingly, the data controller or data processor shall put in place the necessary organisational measures, namely:","Nigeria Data Protection Act (NDP Act) 2023 General Application and Implementation Directive (GAID) 2024, ref. NDPC/NDP ACT-GAID/001/2024 (KB 2/Africa/Nigeria-Data-Protection-Act(NDP ACT)2023(GAID)2024.pdf)"
A12-3,3,A12,12,Article 12(3),"The data controller or data processor shall ensure that the DPO does not carry out his or her task under duress, coercion, covert or overt influence.","Nigeria Data Protection Act (NDP Act) 2023 General Application and Implementation Directive (GAID) 2024, ref. NDPC/NDP ACT-GAID/001/2024 (KB 2/Africa/Nigeria-Data-Protection-Act(NDP ACT)2023(GAID)2024.pdf)"
A12-4,4,A12,12,Article 12(4),He or she shall not be dismissed or penalised by the data controller or the data processor for performing his or her tasks.,"Nigeria Data Protection Act (NDP Act) 2023 General Application and Implementation Directive (GAID) 2024, ref. NDPC/NDP ACT-GAID/001/2024 (KB 2/Africa/Nigeria-Data-Protection-Act(NDP ACT)2023(GAID)2024.pdf)"
A12-5,5,A12,12,Article 12(5),The DPO shall directly report to the management level of the controller or the processor.,"Nigeria Data Protection Act (NDP Act) 2023 General Application and Implementation Directive (GAID) 2024, ref. NDPC/NDP ACT-GAID/001/2024 (KB 2/Africa/Nigeria-Data-Protection-Act(NDP ACT)2023(GAID)2024.pdf)"
A12-6,6,A12,12,Article 12(6),Data subjects may contact the DPO with regard to all issues relating to the processing of their personal data and to the exercise of their rights under the NDP Act.,"Nigeria Data Protection Act (NDP Act) 2023 General Application and Implementation Directive (GAID) 2024, ref. NDPC/NDP ACT-GAID/001/2024 (KB 2/Africa/Nigeria-Data-Protection-Act(NDP ACT)2023(GAID)2024.pdf)"
A12-7,7,A12,12,Article 12(7),"The DPO shall be bound by secrecy or confidentiality concerning the performance of his or her tasks, in accordance with relevant legislation.","Nigeria Data Protection Act (NDP Act) 2023 General Application and Implementation Directive (GAID) 2024, ref. NDPC/NDP ACT-GAID/001/2024 (KB 2/Africa/Nigeria-Data-Protection-Act(NDP ACT)2023(GAID)2024.pdf)"
A12-8,8,A12,12,Article 12(8),The DPO may fulfil other tasks and duties. The data controller or data processor shall ensure that any such tasks and duties do not result in a conflict of interest.,"Nigeria Data Protection Act (NDP Act) 2023 General Application and Implementation Directive (GAID) 2024, ref. NDPC/NDP ACT-GAID/001/2024 (KB 2/Africa/Nigeria-Data-Protection-Act(NDP ACT)2023(GAID)2024.pdf)"
A13-1,1,A13,13,Article 13(1),A data controller or a data processor shall ensure that a semi-annual data protection report is compiled by its DPO and submitted to its management.,"Nigeria Data Protection Act (NDP Act) 2023 General Application and Implementation Directive (GAID) 2024, ref. NDPC/NDP ACT-GAID/001/2024 (KB 2/Africa/Nigeria-Data-Protection-Act(NDP ACT)2023(GAID)2024.pdf)"
A13-2,2,A13,13,Article 13(2),The report shall be submitted to an officer of the data controller or data processor who is authorised to receive a Record of Processing Activities (ROPA).,"Nigeria Data Protection Act (NDP Act) 2023 General Application and Implementation Directive (GAID) 2024, ref. NDPC/NDP ACT-GAID/001/2024 (KB 2/Africa/Nigeria-Data-Protection-Act(NDP ACT)2023(GAID)2024.pdf)"
A13-3,3,A13,13,Article 13(3),The report shall be acknowledged by the receiving officer and shall form part of the ROPA by the data controller or data processor.,"Nigeria Data Protection Act (NDP Act) 2023 General Application and Implementation Directive (GAID) 2024, ref. NDPC/NDP ACT-GAID/001/2024 (KB 2/Africa/Nigeria-Data-Protection-Act(NDP ACT)2023(GAID)2024.pdf)"
A13-4,4,A13,13,Article 13(4),The report shall be verified by a DPCO during the NDP Act compliance audit.,"Nigeria Data Protection Act (NDP Act) 2023 General Application and Implementation Directive (GAID) 2024, ref. NDPC/NDP ACT-GAID/001/2024 (KB 2/Africa/Nigeria-Data-Protection-Act(NDP ACT)2023(GAID)2024.pdf)"
A13-5,5,A13,13,Article 13(5),"The report to be submitted by the DPO shall among others, contain the compliance status of the data controller or data processor under the NDP Act – particularly taking into account:","Nigeria Data Protection Act (NDP Act) 2023 General Application and Implementation Directive (GAID) 2024, ref. NDPC/NDP ACT-GAID/001/2024 (KB 2/Africa/Nigeria-Data-Protection-Act(NDP ACT)2023(GAID)2024.pdf)"
A14-1,1,A14,14,Article 14(1),The Commission shall create a database of Certified DPOs who are designated by data controllers and data processors in furtherance of Section 32 of the NDP Act.,"Nigeria Data Protection Act (NDP Act) 2023 General Application and Implementation Directive (GAID) 2024, ref. NDPC/NDP ACT-GAID/001/2024 (KB 2/Africa/Nigeria-Data-Protection-Act(NDP ACT)2023(GAID)2024.pdf)"
A14-2,2,A14,14,Article 14(2),"The Commission shall carry out Annual Credential Assessment (ACA) of DPOs in order to ensure that each DPO maintains the level of professionalism required to carry out his or her responsibilities towards safeguarding the rights and interests of data subjects as required under the NDP Act, relevant case laws and any regulatory instrument issued by the Commission.","Nigeria Data Protection Act (NDP Act) 2023 General Application and Implementation Directive (GAID) 2024, ref. NDPC/NDP ACT-GAID/001/2024 (KB 2/Africa/Nigeria-Data-Protection-Act(NDP ACT)2023(GAID)2024.pdf)"
A14-3,3,A14,14,Article 14(3),"Pending the development of a Code of Conduct for DPOs, a DPO shall be guided by the provisions of the NDP Act, this NDP Act-GAID, the Code of Conduct for Data Protection Compliance Organisations (DPCOs) and any other relevant instrument issued by the Commission; thus, directives, codes or guidance relating to professionalism and ethics under these instruments shall apply to a DPO, with necessary modification, as if they were specifically directed at him or her.","Nigeria Data Protection Act (NDP Act) 2023 General Application and Implementation Directive (GAID) 2024, ref. NDPC/NDP ACT-GAID/001/2024 (KB 2/Africa/Nigeria-Data-Protection-Act(NDP ACT)2023(GAID)2024.pdf)"
A14-4,4,A14,14,Article 14(4),The Certification of a DPO shall be verified by the Commission as part of the Compliance Audit Returns prescribed by the NDP Act.,"Nigeria Data Protection Act (NDP Act) 2023 General Application and Implementation Directive (GAID) 2024, ref. NDPC/NDP ACT-GAID/001/2024 (KB 2/Africa/Nigeria-Data-Protection-Act(NDP ACT)2023(GAID)2024.pdf)"
A14-5,5,A14,14,Article 14(5),verification scores or decline verification where the evidence wholly lacks credibility.,"Nigeria Data Protection Act (NDP Act) 2023 General Application and Implementation Directive (GAID) 2024, ref. NDPC/NDP ACT-GAID/001/2024 (KB 2/Africa/Nigeria-Data-Protection-Act(NDP ACT)2023(GAID)2024.pdf)"
A14-6,6,A14,14,Article 14(6),"The fee for a DPO's credential assessment shall be N2,000 (Two thousand naira) annually.","Nigeria Data Protection Act (NDP Act) 2023 General Application and Implementation Directive (GAID) 2024, ref. NDPC/NDP ACT-GAID/001/2024 (KB 2/Africa/Nigeria-Data-Protection-Act(NDP ACT)2023(GAID)2024.pdf)"
A15-1,1,A15,15,Article 15(1),The entire principles of data protection are obligatory in any form of data processing. The principles under section 24 of the NDP Act are:,"Nigeria Data Protection Act (NDP Act) 2023 General Application and Implementation Directive (GAID) 2024, ref. NDPC/NDP ACT-GAID/001/2024 (KB 2/Africa/Nigeria-Data-Protection-Act(NDP ACT)2023(GAID)2024.pdf)"
A15-2,2,A15,15,Article 15(2),The scope of the foregoing principles is more particularly described in Schedule 1 of this NDP Act-GAID.,"Nigeria Data Protection Act (NDP Act) 2023 General Application and Implementation Directive (GAID) 2024, ref. NDPC/NDP ACT-GAID/001/2024 (KB 2/Africa/Nigeria-Data-Protection-Act(NDP ACT)2023(GAID)2024.pdf)"
A16-1,1,A16,16,Article 16(1),"In line with Section 25 of the NDP Act, it is important for a data controller to carefully assess the lawful basis of data processing before embarking on same.","Nigeria Data Protection Act (NDP Act) 2023 General Application and Implementation Directive (GAID) 2024, ref. NDPC/NDP ACT-GAID/001/2024 (KB 2/Africa/Nigeria-Data-Protection-Act(NDP ACT)2023(GAID)2024.pdf)"
A16-2,2,A16,16,Article 16(2),"Subject to the provisions of the NDP Act and any regulatory instruments issued by the Commission, a data controller may rely on any one of the following lawful basis of data processing in order to process personal data. They are:","Nigeria Data Protection Act (NDP Act) 2023 General Application and Implementation Directive (GAID) 2024, ref. NDPC/NDP ACT-GAID/001/2024 (KB 2/Africa/Nigeria-Data-Protection-Act(NDP ACT)2023(GAID)2024.pdf)"
A16-3,3,A16,16,Article 16(3),"As the party who determines the purpose of data processing, the data controller is ultimately responsible for determining the lawful basis of data processing.","Nigeria Data Protection Act (NDP Act) 2023 General Application and Implementation Directive (GAID) 2024, ref. NDPC/NDP ACT-GAID/001/2024 (KB 2/Africa/Nigeria-Data-Protection-Act(NDP ACT)2023(GAID)2024.pdf)"
A17-1,1,A17,17,Article 17(1),"Considering that data privacy is a fundamental right to informational self-determination, it is prudent for a data controller to prioritise the interest of the data subject which may be effectively addressed through his or her consent.","Nigeria Data Protection Act (NDP Act) 2023 General Application and Implementation Directive (GAID) 2024, ref. NDPC/NDP ACT-GAID/001/2024 (KB 2/Africa/Nigeria-Data-Protection-Act(NDP ACT)2023(GAID)2024.pdf)"
A17-2,2,A17,17,Article 17(2),"Where reliance on consent may effectively defeat the rule of law, another lawful basis may be considered.","Nigeria Data Protection Act (NDP Act) 2023 General Application and Implementation Directive (GAID) 2024, ref. NDPC/NDP ACT-GAID/001/2024 (KB 2/Africa/Nigeria-Data-Protection-Act(NDP ACT)2023(GAID)2024.pdf)"
A17-3,3,A17,17,Article 17(3),"In any complaint to the Commission as to whether consent was not obtained before data processing, and the Commission is to make a determination whether reliance on consent would effectively defeat the rule of law, the Commission shall take into account:","Nigeria Data Protection Act (NDP Act) 2023 General Application and Implementation Directive (GAID) 2024, ref. NDPC/NDP ACT-GAID/001/2024 (KB 2/Africa/Nigeria-Data-Protection-Act(NDP ACT)2023(GAID)2024.pdf)"
A17-4,4,A17,17,Article 17(4),The items listed in sub (3) above are hereafter referred to collectively as Special Rule of Law Indexes (SRLI).,"Nigeria Data Protection Act (NDP Act) 2023 General Application and Implementation Directive (GAID) 2024, ref. NDPC/NDP ACT-GAID/001/2024 (KB 2/Africa/Nigeria-Data-Protection-Act(NDP ACT)2023(GAID)2024.pdf)"
A17-5,5,A17,17,Article 17(5),Reliance on any lawful basis of data processing which is not consent and not supported by any SRLI shall be strictly scrutinised during NDP Act compliance audits and in any proceeding where the conduct of a data controller or processor is called into question.,"Nigeria Data Protection Act (NDP Act) 2023 General Application and Implementation Directive (GAID) 2024, ref. NDPC/NDP ACT-GAID/001/2024 (KB 2/Africa/Nigeria-Data-Protection-Act(NDP ACT)2023(GAID)2024.pdf)"
A17-6,6,A17,17,Article 17(6),"Whenever a data controller relies on consent, it shall keep a proper record that guarantees accountability in respect of the consent.","Nigeria Data Protection Act (NDP Act) 2023 General Application and Implementation Directive (GAID) 2024, ref. NDPC/NDP ACT-GAID/001/2024 (KB 2/Africa/Nigeria-Data-Protection-Act(NDP ACT)2023(GAID)2024.pdf)"
A17-7,7,A17,17,Article 17(7),"In determining whether a data controller is accountable in the mode of obtaining consent, the data controller shall:","Nigeria Data Protection Act (NDP Act) 2023 General Application and Implementation Directive (GAID) 2024, ref. NDPC/NDP ACT-GAID/001/2024 (KB 2/Africa/Nigeria-Data-Protection-Act(NDP ACT)2023(GAID)2024.pdf)"
A17-8,8,A17,17,Article 17(8),Nothing in this NDP Act-GAID shall prevent a data subject from giving constructive or implied consent to data processing in some circumstances and such consent may be inferred from either of the following circumstances:,"Nigeria Data Protection Act (NDP Act) 2023 General Application and Implementation Directive (GAID) 2024, ref. NDPC/NDP ACT-GAID/001/2024 (KB 2/Africa/Nigeria-Data-Protection-Act(NDP ACT)2023(GAID)2024.pdf)"
A17-9,9,A17,17,Article 17(9),"At all times where consent is required, a data subject shall be provided with a clear and explicit option to accept or to decline.","Nigeria Data Protection Act (NDP Act) 2023 General Application and Implementation Directive (GAID) 2024, ref. NDPC/NDP ACT-GAID/001/2024 (KB 2/Africa/Nigeria-Data-Protection-Act(NDP ACT)2023(GAID)2024.pdf)"
A18-1,1,A18,18,Article 18(1),"Without prejudice to the provisions of the NDP Act and in addition to other circumstances in which consent may be required under this NDP Act-GAID or by operation of law, consent is required:","Nigeria Data Protection Act (NDP Act) 2023 General Application and Implementation Directive (GAID) 2024, ref. NDPC/NDP ACT-GAID/001/2024 (KB 2/Africa/Nigeria-Data-Protection-Act(NDP ACT)2023(GAID)2024.pdf)"
A18-2,2,A18,18,Article 18(2),A CAR shall state whether or not the data controller or the data processor relies on consent to carry out data processing in any of the activities itemised in Sub-Article 1 of this Article.,"Nigeria Data Protection Act (NDP Act) 2023 General Application and Implementation Directive (GAID) 2024, ref. NDPC/NDP ACT-GAID/001/2024 (KB 2/Africa/Nigeria-Data-Protection-Act(NDP ACT)2023(GAID)2024.pdf)"
A19-1,1,A19,19,Article 19(1),The use of cookies on a website or other digital platforms requires consent.,"Nigeria Data Protection Act (NDP Act) 2023 General Application and Implementation Directive (GAID) 2024, ref. NDPC/NDP ACT-GAID/001/2024 (KB 2/Africa/Nigeria-Data-Protection-Act(NDP ACT)2023(GAID)2024.pdf)"
A19-2,2,A19,19,Article 19(2),"The consent shall be freely given, informed and specific.","Nigeria Data Protection Act (NDP Act) 2023 General Application and Implementation Directive (GAID) 2024, ref. NDPC/NDP ACT-GAID/001/2024 (KB 2/Africa/Nigeria-Data-Protection-Act(NDP ACT)2023(GAID)2024.pdf)"
A19-3,3,A19,19,Article 19(3),A Data Controller should display a cookie banner in a manner that is conspicuous and obvious to a user or site visitor.,"Nigeria Data Protection Act (NDP Act) 2023 General Application and Implementation Directive (GAID) 2024, ref. NDPC/NDP ACT-GAID/001/2024 (KB 2/Africa/Nigeria-Data-Protection-Act(NDP ACT)2023(GAID)2024.pdf)"
A19-4,4,A19,19,Article 19(4),"Consent to necessary cookies which does not process sensitive data, financial data or any data stored privately by a data subject does not necessarily need the ticking of a box or similar methods; consent in such circumstances may be obtained or given through any activity of the data subject that is clearly indicated as an expression of consent.","Nigeria Data Protection Act (NDP Act) 2023 General Application and Implementation Directive (GAID) 2024, ref. NDPC/NDP ACT-GAID/001/2024 (KB 2/Africa/Nigeria-Data-Protection-Act(NDP ACT)2023(GAID)2024.pdf)"
A19-5,5,A19,19,Article 19(5),"In this article ""necessary cookies"" means cookies that enable core functionality such as security, network stability management, and accessibility. All other forms of cookies require a specific selection of ""yes or no"" (alternatively: ""accept"" or ""reject"") options presented to the data subject.","Nigeria Data Protection Act (NDP Act) 2023 General Application and Implementation Directive (GAID) 2024, ref. NDPC/NDP ACT-GAID/001/2024 (KB 2/Africa/Nigeria-Data-Protection-Act(NDP ACT)2023(GAID)2024.pdf)"
A19-6,6,A19,19,Article 19(6),"In deploying cookies, website owners are required to:","Nigeria Data Protection Act (NDP Act) 2023 General Application and Implementation Directive (GAID) 2024, ref. NDPC/NDP ACT-GAID/001/2024 (KB 2/Africa/Nigeria-Data-Protection-Act(NDP ACT)2023(GAID)2024.pdf)"
A19-7,7,A19,19,Article 19(7),The Commission shall treat any personal data tracking tool which performs functions that are similar to cookies as bound by the rules that apply to the use of cookies – taking into account the legal ground that where the same reasons exist the same rules shall apply.,"Nigeria Data Protection Act (NDP Act) 2023 General Application and Implementation Directive (GAID) 2024, ref. NDPC/NDP ACT-GAID/001/2024 (KB 2/Africa/Nigeria-Data-Protection-Act(NDP ACT)2023(GAID)2024.pdf)"
A20-1,1,A20,20,Article 20(1),"In addition to other obligations under the NDP Act and this NDP Act-GAID, every data processing shall only proceed from purposes that are:","Nigeria Data Protection Act (NDP Act) 2023 General Application and Implementation Directive (GAID) 2024, ref. NDPC/NDP ACT-GAID/001/2024 (KB 2/Africa/Nigeria-Data-Protection-Act(NDP ACT)2023(GAID)2024.pdf)"
A20-2,2,A20,20,Article 20(2),"No consent shall be sought, given or accepted in any circumstance that may engender direct or indirect propagation of atrocities, hate, child rights violations and criminal acts.","Nigeria Data Protection Act (NDP Act) 2023 General Application and Implementation Directive (GAID) 2024, ref. NDPC/NDP ACT-GAID/001/2024 (KB 2/Africa/Nigeria-Data-Protection-Act(NDP ACT)2023(GAID)2024.pdf)"
A21-1,1,A21,21,Article 21(1),"At the preliminary stage of a contract with a data subject, a data controller may carry out data processing on the data subject for the purpose of due diligence.","Nigeria Data Protection Act (NDP Act) 2023 General Application and Implementation Directive (GAID) 2024, ref. NDPC/NDP ACT-GAID/001/2024 (KB 2/Africa/Nigeria-Data-Protection-Act(NDP ACT)2023(GAID)2024.pdf)"
A21-2,2,A21,21,Article 21(2),"Where the contract did not materialise, any personal data collected relating to the data subject shall be destroyed within six (6) months unless there is a justifiable ground to archive the data for the purposes of any future legal claim.","Nigeria Data Protection Act (NDP Act) 2023 General Application and Implementation Directive (GAID) 2024, ref. NDPC/NDP ACT-GAID/001/2024 (KB 2/Africa/Nigeria-Data-Protection-Act(NDP ACT)2023(GAID)2024.pdf)"
A21-3,3,A21,21,Article 21(3),A contract on data processing with a data subject shall in addition to the requirement in Section 27 of the NDP Act make provision for termination of the contract prior to the tenure of the contract.,"Nigeria Data Protection Act (NDP Act) 2023 General Application and Implementation Directive (GAID) 2024, ref. NDPC/NDP ACT-GAID/001/2024 (KB 2/Africa/Nigeria-Data-Protection-Act(NDP ACT)2023(GAID)2024.pdf)"
A21-4,4,A21,21,Article 21(4),"Pursuant to Section 46 of the 1999 Constitution and Section 34(1)(a)(vi) of the NDP Act, a specific term of a contract on personal data processing that ousts or purports to oust the adjudicatory jurisdiction of Nigerian courts or the executive jurisdiction of the Commission shall be treated as void.","Nigeria Data Protection Act (NDP Act) 2023 General Application and Implementation Directive (GAID) 2024, ref. NDPC/NDP ACT-GAID/001/2024 (KB 2/Africa/Nigeria-Data-Protection-Act(NDP ACT)2023(GAID)2024.pdf)"
A21-5,5,A21,21,Article 21(5),"Without prejudice to Article 21(4) and the inherent powers of courts of competent jurisdiction, a contract on personal data processing between a data controller and a data subject may make provision for Alternative Dispute Resolution (ADR) mechanisms, and any decision arising from such mechanisms is subject to a review by the Commission.","Nigeria Data Protection Act (NDP Act) 2023 General Application and Implementation Directive (GAID) 2024, ref. NDPC/NDP ACT-GAID/001/2024 (KB 2/Africa/Nigeria-Data-Protection-Act(NDP ACT)2023(GAID)2024.pdf)"
A22-1,1,A22,22,Article 22(1),"Without prejudice to the inherent jurisdiction of a court in Nigeria, a decision reached through an ADR mechanism may be reviewed by the Commission upon a complaint by the data subject or a party to the ADR on any of the following grounds:","Nigeria Data Protection Act (NDP Act) 2023 General Application and Implementation Directive (GAID) 2024, ref. NDPC/NDP ACT-GAID/001/2024 (KB 2/Africa/Nigeria-Data-Protection-Act(NDP ACT)2023(GAID)2024.pdf)"
A23-1,1,A23,23,Article 23(1),A legal obligation means any one of the following:,"Nigeria Data Protection Act (NDP Act) 2023 General Application and Implementation Directive (GAID) 2024, ref. NDPC/NDP ACT-GAID/001/2024 (KB 2/Africa/Nigeria-Data-Protection-Act(NDP ACT)2023(GAID)2024.pdf)"
A23-2,2,A23,23,Article 23(2),"Where a legal obligation derogates from the general safeguards of the NDP Act, it shall be treated as a derogation from the right to privacy as enshrined under Section 37 of the 1999 Constitution, and accordingly, Section 45 of the 1999 Constitution applies.","Nigeria Data Protection Act (NDP Act) 2023 General Application and Implementation Directive (GAID) 2024, ref. NDPC/NDP ACT-GAID/001/2024 (KB 2/Africa/Nigeria-Data-Protection-Act(NDP ACT)2023(GAID)2024.pdf)"
A23-3,3,A23,23,Article 23(3),"In line with Section 45 of the 1999 Constitution, data processing shall only take place in such circumstances of derogation as stipulated in Sub-Article (2) of this Article if the enabling law for the said legal obligation is reasonably justifiable in a democratic society and:","Nigeria Data Protection Act (NDP Act) 2023 General Application and Implementation Directive (GAID) 2024, ref. NDPC/NDP ACT-GAID/001/2024 (KB 2/Africa/Nigeria-Data-Protection-Act(NDP ACT)2023(GAID)2024.pdf)"
A23-4,4,A23,23,Article 23(4),Data processing under legal obligation shall be strictly limited to the minimum requirement under a law in line with Article 23 (3) above and shall not be used for a voyage of discovery into the privacy of a data subject or in circumstances of establishing a speculative claim.,"Nigeria Data Protection Act (NDP Act) 2023 General Application and Implementation Directive (GAID) 2024, ref. NDPC/NDP ACT-GAID/001/2024 (KB 2/Africa/Nigeria-Data-Protection-Act(NDP ACT)2023(GAID)2024.pdf)"
A23-5,5,A23,23,Article 23(5),"In any circumstance where a legal obligation for data processing is to be imposed on a data controller or data processor, account shall be taken of any less intrusive method of processing proposed by any of the following persons:","Nigeria Data Protection Act (NDP Act) 2023 General Application and Implementation Directive (GAID) 2024, ref. NDPC/NDP ACT-GAID/001/2024 (KB 2/Africa/Nigeria-Data-Protection-Act(NDP ACT)2023(GAID)2024.pdf)"
A23-6,6,A23,23,Article 23(6),"Without prejudice to the NDP Act, a data controller or data processor who is in possession of the personal data of a data subject may rely on the written opinion of its DPO in order to satisfy itself with:","Nigeria Data Protection Act (NDP Act) 2023 General Application and Implementation Directive (GAID) 2024, ref. NDPC/NDP ACT-GAID/001/2024 (KB 2/Africa/Nigeria-Data-Protection-Act(NDP ACT)2023(GAID)2024.pdf)"
A23-7,7,A23,23,Article 23(7),"Whenever a data controller or a data processor is unsatisfied with an administrative order, warrant or directive regarding the processing of personal data, he or she may seek guidance from the Commission in line with Section 3(4) of the NDP Act and take into account, the safeguards mandated under this Article.","Nigeria Data Protection Act (NDP Act) 2023 General Application and Implementation Directive (GAID) 2024, ref. NDPC/NDP ACT-GAID/001/2024 (KB 2/Africa/Nigeria-Data-Protection-Act(NDP ACT)2023(GAID)2024.pdf)"
A23-8,8,A23,23,Article 23(8),"Whenever a data controller or a data processor is unsatisfied with a judicial order regarding the processing of personal data, he or she may approach the appropriate court to seek a variation or the setting aside of the order in accordance with binding judicial precedents.","Nigeria Data Protection Act (NDP Act) 2023 General Application and Implementation Directive (GAID) 2024, ref. NDPC/NDP ACT-GAID/001/2024 (KB 2/Africa/Nigeria-Data-Protection-Act(NDP ACT)2023(GAID)2024.pdf)"
A24-1,1,A24,24,Article 24(1),"In all adjudicatory or administrative proceedings pertaining to personal data processing, it shall be essential to the character of a democratic society to meticulously evaluate:","Nigeria Data Protection Act (NDP Act) 2023 General Application and Implementation Directive (GAID) 2024, ref. NDPC/NDP ACT-GAID/001/2024 (KB 2/Africa/Nigeria-Data-Protection-Act(NDP ACT)2023(GAID)2024.pdf)"
A24-2,2,A24,24,Article 24(2),"Nothing in the NDP Act, this NDP Act-GAID, any legislation, or any legal instrument shall be deemed as authorising any form of data processing without compliance with Sections 37 and 45 of the 1999 Constitution of the Federal Republic of Nigeria.","Nigeria Data Protection Act (NDP Act) 2023 General Application and Implementation Directive (GAID) 2024, ref. NDPC/NDP ACT-GAID/001/2024 (KB 2/Africa/Nigeria-Data-Protection-Act(NDP ACT)2023(GAID)2024.pdf)"
A25-1,1,A25,25,Article 25(1),"A data controller may rely on vital interest as a lawful basis for the processing of personal data, particularly when circumstances do not permit the data subject to give consent to the processing.","Nigeria Data Protection Act (NDP Act) 2023 General Application and Implementation Directive (GAID) 2024, ref. NDPC/NDP ACT-GAID/001/2024 (KB 2/Africa/Nigeria-Data-Protection-Act(NDP ACT)2023(GAID)2024.pdf)"
A25-2,2,A25,25,Article 25(2),The vital interest referred to in Article 25 (1) may be that of the data subject or of a third party and it shall meet the conditions stipulated below:,"Nigeria Data Protection Act (NDP Act) 2023 General Application and Implementation Directive (GAID) 2024, ref. NDPC/NDP ACT-GAID/001/2024 (KB 2/Africa/Nigeria-Data-Protection-Act(NDP ACT)2023(GAID)2024.pdf)"
A25-3,3,A25,25,Article 25(3),The method of processing employed for the purposes of vital interest shall be necessary and proportionate.,"Nigeria Data Protection Act (NDP Act) 2023 General Application and Implementation Directive (GAID) 2024, ref. NDPC/NDP ACT-GAID/001/2024 (KB 2/Africa/Nigeria-Data-Protection-Act(NDP ACT)2023(GAID)2024.pdf)"
A25-4,4,A25,25,Article 25(4),"The data controller shall give an account of its processing to the affected data subject, his or her representative in interest, or to a competent authority upon request.","Nigeria Data Protection Act (NDP Act) 2023 General Application and Implementation Directive (GAID) 2024, ref. NDPC/NDP ACT-GAID/001/2024 (KB 2/Africa/Nigeria-Data-Protection-Act(NDP ACT)2023(GAID)2024.pdf)"
A26-1,1,A26,26,Article 26(1),Public interest may be relied upon as a lawful basis of data processing in circumstances where there is:,"Nigeria Data Protection Act (NDP Act) 2023 General Application and Implementation Directive (GAID) 2024, ref. NDPC/NDP ACT-GAID/001/2024 (KB 2/Africa/Nigeria-Data-Protection-Act(NDP ACT)2023(GAID)2024.pdf)"
A26-2,2,A26,26,Article 26(2),"In addition to other obligations that may be imposed under the NDP Act, in any regulatory instrument issued by the Commission and any other legislation, a data controller shall take into account the provision of Article 23 of this NDP Act-GAID when carrying out data processing on the ground of public interest.","Nigeria Data Protection Act (NDP Act) 2023 General Application and Implementation Directive (GAID) 2024, ref. NDPC/NDP ACT-GAID/001/2024 (KB 2/Africa/Nigeria-Data-Protection-Act(NDP ACT)2023(GAID)2024.pdf)"
A26-3,3,A26,26,Article 26(3),The method of processing employed for the purposes of public interest shall be necessary and proportionate.,"Nigeria Data Protection Act (NDP Act) 2023 General Application and Implementation Directive (GAID) 2024, ref. NDPC/NDP ACT-GAID/001/2024 (KB 2/Africa/Nigeria-Data-Protection-Act(NDP ACT)2023(GAID)2024.pdf)"
A26-4,4,A26,26,Article 26(4),Article 23 of this NDP Act-GAID regarding the evaluation of legal obligation shall also apply to the evaluation of public interest when it is relied upon as a lawful basis of data processing.,"Nigeria Data Protection Act (NDP Act) 2023 General Application and Implementation Directive (GAID) 2024, ref. NDPC/NDP ACT-GAID/001/2024 (KB 2/Africa/Nigeria-Data-Protection-Act(NDP ACT)2023(GAID)2024.pdf)"
A27-1,1,A27,27,Article 27(1),A data controller shall cautiously consider reliance on legitimate interest as a lawful basis for data processing and shall be required in a compliance audit to show the basis of its preference.,"Nigeria Data Protection Act (NDP Act) 2023 General Application and Implementation Directive (GAID) 2024, ref. NDPC/NDP ACT-GAID/001/2024 (KB 2/Africa/Nigeria-Data-Protection-Act(NDP ACT)2023(GAID)2024.pdf)"
A27-2,2,A27,27,Article 27(2),"Section 25 (2) of the NDP Act makes compatibility with contract, vital interest, legal obligation or public interest, a basis for reliance on legitimate interest. Accordingly, it shall be mandatory for a data controller under the circumstances to:","Nigeria Data Protection Act (NDP Act) 2023 General Application and Implementation Directive (GAID) 2024, ref. NDPC/NDP ACT-GAID/001/2024 (KB 2/Africa/Nigeria-Data-Protection-Act(NDP ACT)2023(GAID)2024.pdf)"
A28-1,1,A28,28,Article 28(1),Provision of information to a data subject shall be in accordance with Section 27 of the NDP Act. The information shall be clear and shall take into consideration vulnerable data subjects.,"Nigeria Data Protection Act (NDP Act) 2023 General Application and Implementation Directive (GAID) 2024, ref. NDPC/NDP ACT-GAID/001/2024 (KB 2/Africa/Nigeria-Data-Protection-Act(NDP ACT)2023(GAID)2024.pdf)"
A28-2,2,A28,28,Article 28(2),"In circumstances of exclusive physical events, interviews or interactions where a data controller may not be able to provide data subjects with a privacy policy or if provided, the class of data subjects may not be able to understand the privacy policy without the aid of an interpreter, the data controller shall provide the information in the form that the data subject can understand.","Nigeria Data Protection Act (NDP Act) 2023 General Application and Implementation Directive (GAID) 2024, ref. NDPC/NDP ACT-GAID/001/2024 (KB 2/Africa/Nigeria-Data-Protection-Act(NDP ACT)2023(GAID)2024.pdf)"
A28-3,3,A28,28,Article 28(3),The information to be provided by the data controller includes but is not limited to the following:,"Nigeria Data Protection Act (NDP Act) 2023 General Application and Implementation Directive (GAID) 2024, ref. NDPC/NDP ACT-GAID/001/2024 (KB 2/Africa/Nigeria-Data-Protection-Act(NDP ACT)2023(GAID)2024.pdf)"
A29-1,1,A29,29,Article 29(1),"A Data Privacy Impact Assessment (DPIA) is mandated under Section 28 of the NDP Act when data processing may likely result in high risk to the rights and freedoms of a data subject by virtue of its nature, scope, context, and purposes.","Nigeria Data Protection Act (NDP Act) 2023 General Application and Implementation Directive (GAID) 2024, ref. NDPC/NDP ACT-GAID/001/2024 (KB 2/Africa/Nigeria-Data-Protection-Act(NDP ACT)2023(GAID)2024.pdf)"
A29-2,2,A29,29,Article 29(2),Introduction of new technologies or new processing techniques or directives mandating collection of personal data or processing of personal data on a large scale requires a DPIA on the following grounds:,"Nigeria Data Protection Act (NDP Act) 2023 General Application and Implementation Directive (GAID) 2024, ref. NDPC/NDP ACT-GAID/001/2024 (KB 2/Africa/Nigeria-Data-Protection-Act(NDP ACT)2023(GAID)2024.pdf)"
A29-3,3,A29,29,Article 29(3),A DPIA is mandatory and shall be filed with the Commission in any of the following circumstances:,"Nigeria Data Protection Act (NDP Act) 2023 General Application and Implementation Directive (GAID) 2024, ref. NDPC/NDP ACT-GAID/001/2024 (KB 2/Africa/Nigeria-Data-Protection-Act(NDP ACT)2023(GAID)2024.pdf)"
A29-4,4,A29,29,Article 29(4),A DPIA shall be vetted by a certified DPO duly accredited by the Commission.,"Nigeria Data Protection Act (NDP Act) 2023 General Application and Implementation Directive (GAID) 2024, ref. NDPC/NDP ACT-GAID/001/2024 (KB 2/Africa/Nigeria-Data-Protection-Act(NDP ACT)2023(GAID)2024.pdf)"
A29-5,5,A29,29,Article 29(5),The outcome of a DPIA conducted by a data controller or a data processor shall be part of the NDP Act CAR to be filed with the Commission.,"Nigeria Data Protection Act (NDP Act) 2023 General Application and Implementation Directive (GAID) 2024, ref. NDPC/NDP ACT-GAID/001/2024 (KB 2/Africa/Nigeria-Data-Protection-Act(NDP ACT)2023(GAID)2024.pdf)"
A29-6,6,A29,29,Article 29(6),"Failure, refusal or negligence in the conduct of a DPIA may, among others, result in a restriction on all platforms where data subjects may have contact with a data controller or a data processor for the purpose of carrying out any transaction in which personal data is required.","Nigeria Data Protection Act (NDP Act) 2023 General Application and Implementation Directive (GAID) 2024, ref. NDPC/NDP ACT-GAID/001/2024 (KB 2/Africa/Nigeria-Data-Protection-Act(NDP ACT)2023(GAID)2024.pdf)"
A29-7,7,A29,29,Article 29(7),"In carrying out a DPIA, a data controller or a data processor shall, in addition to the NDP Act, be guided by the provisions in this NDP Act-GAID.","Nigeria Data Protection Act (NDP Act) 2023 General Application and Implementation Directive (GAID) 2024, ref. NDPC/NDP ACT-GAID/001/2024 (KB 2/Africa/Nigeria-Data-Protection-Act(NDP ACT)2023(GAID)2024.pdf)"
A29-8,8,A29,29,Article 29(8),"In addition to the circumstances in Article 29 (3), a data controller or a data processor who deploys software for processing of sensitive personal data, among other datasets shall carry out a DPIA and submit same to the Commission within four (4) months after the issuance of this NDP Act-GAID.","Nigeria Data Protection Act (NDP Act) 2023 General Application and Implementation Directive (GAID) 2024, ref. NDPC/NDP ACT-GAID/001/2024 (KB 2/Africa/Nigeria-Data-Protection-Act(NDP ACT)2023(GAID)2024.pdf)"
A29-9,9,A29,29,Article 29(9),"Whenever required, a DPIA shall be carried out and submitted to the Commission before the commencement of data processing.","Nigeria Data Protection Act (NDP Act) 2023 General Application and Implementation Directive (GAID) 2024, ref. NDPC/NDP ACT-GAID/001/2024 (KB 2/Africa/Nigeria-Data-Protection-Act(NDP ACT)2023(GAID)2024.pdf)"
A29-10,10,A29,29,Article 29(10),"In any event, where data processing commenced before the coming into force of the NDP Act and this NDP Act-GAID, a DPIA shall be carried out within six (6) months of the issuance of this NDP Act-GAID.","Nigeria Data Protection Act (NDP Act) 2023 General Application and Implementation Directive (GAID) 2024, ref. NDPC/NDP ACT-GAID/001/2024 (KB 2/Africa/Nigeria-Data-Protection-Act(NDP ACT)2023(GAID)2024.pdf)"
A29-11,11,A29,29,Article 29(11),"A DPIA which indicates that data processing may be carried out shall in addition to the contents prescribed under Section 28(4) of the NDP Act, contain measures which guarantee privacy by design and by default – and shall particularly take into account the following principles:","Nigeria Data Protection Act (NDP Act) 2023 General Application and Implementation Directive (GAID) 2024, ref. NDPC/NDP ACT-GAID/001/2024 (KB 2/Africa/Nigeria-Data-Protection-Act(NDP ACT)2023(GAID)2024.pdf)"
A29-12,12,A29,29,Article 29(12),The DPIA submitted to the Commission shall be signed by: a duly certified DPO who is accredited by the Commission.,"Nigeria Data Protection Act (NDP Act) 2023 General Application and Implementation Directive (GAID) 2024, ref. NDPC/NDP ACT-GAID/001/2024 (KB 2/Africa/Nigeria-Data-Protection-Act(NDP ACT)2023(GAID)2024.pdf)"
A30-1,1,A30,30,Article 30(1),"A data controller or data processor shall have schedules for monitoring, evaluation and maintenance of data security systems.","Nigeria Data Protection Act (NDP Act) 2023 General Application and Implementation Directive (GAID) 2024, ref. NDPC/NDP ACT-GAID/001/2024 (KB 2/Africa/Nigeria-Data-Protection-Act(NDP ACT)2023(GAID)2024.pdf)"
A30-2,2,A30,30,Article 30(2),"The schedules shall take into account people, processes and technologies involved in data security and each shall contain applicable technical and organisational measures including but not limited to:","Nigeria Data Protection Act (NDP Act) 2023 General Application and Implementation Directive (GAID) 2024, ref. NDPC/NDP ACT-GAID/001/2024 (KB 2/Africa/Nigeria-Data-Protection-Act(NDP ACT)2023(GAID)2024.pdf)"
A30-3,3,A30,30,Article 30(3),A data controller or data processor shall assign relevant officers to carry out the tasks under the schedule and stipulate time to take appropriate technical and organisational measures under the schedule.,"Nigeria Data Protection Act (NDP Act) 2023 General Application and Implementation Directive (GAID) 2024, ref. NDPC/NDP ACT-GAID/001/2024 (KB 2/Africa/Nigeria-Data-Protection-Act(NDP ACT)2023(GAID)2024.pdf)"
A30-4,4,A30,30,Article 30(4),The schedule shall be vetted and certified by a duly certified information security officer.,"Nigeria Data Protection Act (NDP Act) 2023 General Application and Implementation Directive (GAID) 2024, ref. NDPC/NDP ACT-GAID/001/2024 (KB 2/Africa/Nigeria-Data-Protection-Act(NDP ACT)2023(GAID)2024.pdf)"
A30-5,5,A30,30,Article 30(5),"Notwithstanding the schedule, a data controller shall carry out monitoring, evaluation and maintenance of data security systems as frequently as possible, taking into account the risks of data processing.","Nigeria Data Protection Act (NDP Act) 2023 General Application and Implementation Directive (GAID) 2024, ref. NDPC/NDP ACT-GAID/001/2024 (KB 2/Africa/Nigeria-Data-Protection-Act(NDP ACT)2023(GAID)2024.pdf)"
A31-1,1,A31,31,Article 31(1),A data controller or a data processor shall prepare and implement an organisational schedule for internal sensitisation and training on privacy.,"Nigeria Data Protection Act (NDP Act) 2023 General Application and Implementation Directive (GAID) 2024, ref. NDPC/NDP ACT-GAID/001/2024 (KB 2/Africa/Nigeria-Data-Protection-Act(NDP ACT)2023(GAID)2024.pdf)"
A31-2,2,A31,31,Article 31(2),"The schedule shall contain a mode of evaluating the level of compliance with the NDP Act, this NDP Act-GAID and other regulatory instruments issued by the Commission.","Nigeria Data Protection Act (NDP Act) 2023 General Application and Implementation Directive (GAID) 2024, ref. NDPC/NDP ACT-GAID/001/2024 (KB 2/Africa/Nigeria-Data-Protection-Act(NDP ACT)2023(GAID)2024.pdf)"
A31-3,3,A31,31,Article 31(3),"In respect of people, a data controller or data processor may adopt the use of meetings, questionnaires and interviews.","Nigeria Data Protection Act (NDP Act) 2023 General Application and Implementation Directive (GAID) 2024, ref. NDPC/NDP ACT-GAID/001/2024 (KB 2/Africa/Nigeria-Data-Protection-Act(NDP ACT)2023(GAID)2024.pdf)"
A31-4,4,A31,31,Article 31(4),The schedule shall be used to identify:,"Nigeria Data Protection Act (NDP Act) 2023 General Application and Implementation Directive (GAID) 2024, ref. NDPC/NDP ACT-GAID/001/2024 (KB 2/Africa/Nigeria-Data-Protection-Act(NDP ACT)2023(GAID)2024.pdf)"
A31-5,5,A31,31,Article 31(5),"A data controller or a data processor shall publish the schedule on appropriate communication mediums where employees and other relevant workers, agents, and contractors, who are engaged in relevant activities may see it.","Nigeria Data Protection Act (NDP Act) 2023 General Application and Implementation Directive (GAID) 2024, ref. NDPC/NDP ACT-GAID/001/2024 (KB 2/Africa/Nigeria-Data-Protection-Act(NDP ACT)2023(GAID)2024.pdf)"
A31-6,6,A31,31,Article 31(6),A data controller or data processor shall:,"Nigeria Data Protection Act (NDP Act) 2023 General Application and Implementation Directive (GAID) 2024, ref. NDPC/NDP ACT-GAID/001/2024 (KB 2/Africa/Nigeria-Data-Protection-Act(NDP ACT)2023(GAID)2024.pdf)"
A31-7,7,A31,31,Article 31(7),"In order to enable persons engaged in data processing to understand their duties and responsibilities, a data controller shall develop a basic privacy checklist as a guide.","Nigeria Data Protection Act (NDP Act) 2023 General Application and Implementation Directive (GAID) 2024, ref. NDPC/NDP ACT-GAID/001/2024 (KB 2/Africa/Nigeria-Data-Protection-Act(NDP ACT)2023(GAID)2024.pdf)"
A31-8,8,A31,31,Article 31(8),A data controller or data processor shall develop and implement a written policy for routine checks on compliance practices which may be carried out without notice to employees. This policy may be part of a larger data governance policy of the data controller or data processor.,"Nigeria Data Protection Act (NDP Act) 2023 General Application and Implementation Directive (GAID) 2024, ref. NDPC/NDP ACT-GAID/001/2024 (KB 2/Africa/Nigeria-Data-Protection-Act(NDP ACT)2023(GAID)2024.pdf)"
A32-1,1,A32,32,Article 32(1),"A data controller or a data processor who (whether for itself or for other persons) deploys or intends to deploy data processing software for the purposes of tracking a data subject or enabling a communication link with a data subject and processing his or her personal data, is under an obligation to abide by the provisions of the NDP Act.","Nigeria Data Protection Act (NDP Act) 2023 General Application and Implementation Directive (GAID) 2024, ref. NDPC/NDP ACT-GAID/001/2024 (KB 2/Africa/Nigeria-Data-Protection-Act(NDP ACT)2023(GAID)2024.pdf)"
A32-2,2,A32,32,Article 32(2),"For the purposes of complying with this NDP Act-GAID and in addition to other obligations imposed on a data controller or a data processor, it is mandatory for the data controller or data processor in the circumstances referred to in Article 32 (1) to:","Nigeria Data Protection Act (NDP Act) 2023 General Application and Implementation Directive (GAID) 2024, ref. NDPC/NDP ACT-GAID/001/2024 (KB 2/Africa/Nigeria-Data-Protection-Act(NDP ACT)2023(GAID)2024.pdf)"
A32-3,3,A32,32,Article 32(3),Examples of software referred to in this NDP Act-GAID are:,"Nigeria Data Protection Act (NDP Act) 2023 General Application and Implementation Directive (GAID) 2024, ref. NDPC/NDP ACT-GAID/001/2024 (KB 2/Africa/Nigeria-Data-Protection-Act(NDP ACT)2023(GAID)2024.pdf)"
A33-1,1,A33,33,Article 33(1),"A data controller shall put in place, appropriate technical and organisational measures to prevent the use of its platform, facility, network or howsoever called, from being used to breach the privacy of a data subject.","Nigeria Data Protection Act (NDP Act) 2023 General Application and Implementation Directive (GAID) 2024, ref. NDPC/NDP ACT-GAID/001/2024 (KB 2/Africa/Nigeria-Data-Protection-Act(NDP ACT)2023(GAID)2024.pdf)"
A33-2,2,A33,33,Article 33(2),"When the Commission notifies a data controller that its platform, facility, network or howsoever called is being used by any person to commit an offence under the NDP Act or to carry out a breach of privacy, the data controller shall immediately restrict such person on its platform, facility or network, pending the outcome of an investigation by the Commission.","Nigeria Data Protection Act (NDP Act) 2023 General Application and Implementation Directive (GAID) 2024, ref. NDPC/NDP ACT-GAID/001/2024 (KB 2/Africa/Nigeria-Data-Protection-Act(NDP ACT)2023(GAID)2024.pdf)"
A33-3,3,A33,33,Article 33(3),"In determining if a breach of privacy has occurred, the Commission shall only rely on credible documentary or electronic records.","Nigeria Data Protection Act (NDP Act) 2023 General Application and Implementation Directive (GAID) 2024, ref. NDPC/NDP ACT-GAID/001/2024 (KB 2/Africa/Nigeria-Data-Protection-Act(NDP ACT)2023(GAID)2024.pdf)"
A33-4,4,A33,33,Article 33(4),"Where a data controller fails, refuses or neglects to carry out the directives of the Commission to prevent further breach of privacy, the data controller shall be deemed as abetting a breach of privacy and shall be accountable for violation of the NDP Act as if it directly committed a breach of data privacy.","Nigeria Data Protection Act (NDP Act) 2023 General Application and Implementation Directive (GAID) 2024, ref. NDPC/NDP ACT-GAID/001/2024 (KB 2/Africa/Nigeria-Data-Protection-Act(NDP ACT)2023(GAID)2024.pdf)"
A34-1,1,A34,34,Article 34(1),"The NDP Act under Section 40(2) provides that ""a data controller shall, within 72 hours of becoming aware of a breach which is likely to result in a risk to the rights and freedoms of individuals, notify the Commission of the breach and, where feasible, describe the nature of the personal data breach including the categories and approximate numbers of data subjects and personal data records concerned.""","Nigeria Data Protection Act (NDP Act) 2023 General Application and Implementation Directive (GAID) 2024, ref. NDPC/NDP ACT-GAID/001/2024 (KB 2/Africa/Nigeria-Data-Protection-Act(NDP ACT)2023(GAID)2024.pdf)"
A34-2,2,A34,34,Article 34(2),"A breach is likely to result in a high risk to the rights and freedoms of individuals if, considering the nature of the breach, the personal data involved as well as the probability of accessing other personal data of the data subject through the breach, the data subject may become a victim of fraud, identity theft or exposure of sensitive personal data.","Nigeria Data Protection Act (NDP Act) 2023 General Application and Implementation Directive (GAID) 2024, ref. NDPC/NDP ACT-GAID/001/2024 (KB 2/Africa/Nigeria-Data-Protection-Act(NDP ACT)2023(GAID)2024.pdf)"
A34-3,3,A34,34,Article 34(3),"In line with Section 40(2) of the NDP Act, a data controller shall notify affected data subjects immediately after becoming aware of the breach in order to ensure that data subjects are not unlawfully targeted as a result of the breach. This is in furtherance of the principle of duty of care and accountability.","Nigeria Data Protection Act (NDP Act) 2023 General Application and Implementation Directive (GAID) 2024, ref. NDPC/NDP ACT-GAID/001/2024 (KB 2/Africa/Nigeria-Data-Protection-Act(NDP ACT)2023(GAID)2024.pdf)"
A34-4,4,A34,34,Article 34(4),"Notwithstanding the time provided for the notification of a data breach, a data controller shall exercise a duty of care by providing immediate information on data breach to all relevant authorities including the Commission, if such immediate information may help in containing imminent data breaches on a national scale or containment measures may be necessary at national, sectoral or at an individual level or where it may affect members of the general public.","Nigeria Data Protection Act (NDP Act) 2023 General Application and Implementation Directive (GAID) 2024, ref. NDPC/NDP ACT-GAID/001/2024 (KB 2/Africa/Nigeria-Data-Protection-Act(NDP ACT)2023(GAID)2024.pdf)"
A34-5,5,A34,34,Article 34(5),The content of a data breach notification to the Commission shall include the following among others:,"Nigeria Data Protection Act (NDP Act) 2023 General Application and Implementation Directive (GAID) 2024, ref. NDPC/NDP ACT-GAID/001/2024 (KB 2/Africa/Nigeria-Data-Protection-Act(NDP ACT)2023(GAID)2024.pdf)"
A35-1,1,A35,35,Article 35(1),"In line with Section 29 of the NDP Act, a data processor is expected to rely on a Data Processing Agreement (DPA) with the data controller in order to carry out data processing on behalf of the data controller.","Nigeria Data Protection Act (NDP Act) 2023 General Application and Implementation Directive (GAID) 2024, ref. NDPC/NDP ACT-GAID/001/2024 (KB 2/Africa/Nigeria-Data-Protection-Act(NDP ACT)2023(GAID)2024.pdf)"
A35-2,2,A35,35,Article 35(2),"In addition to other relevant terms and conditions, as may be prescribed by law, a DPA shall include the following:","Nigeria Data Protection Act (NDP Act) 2023 General Application and Implementation Directive (GAID) 2024, ref. NDPC/NDP ACT-GAID/001/2024 (KB 2/Africa/Nigeria-Data-Protection-Act(NDP ACT)2023(GAID)2024.pdf)"
A35-3,3,A35,35,Article 35(3),"A party to any DPA other than an individual data subject, shall take reasonable measures to ensure that the other party is compliant under the NDP Act, accountable to the Commission or, in the case of a foreign party, to a competent regulatory authority outside Nigeria; accordingly, every data controller or data processor shall be accountable for the actions or inactions of third parties it engages or permits to carry out data processing.","Nigeria Data Protection Act (NDP Act) 2023 General Application and Implementation Directive (GAID) 2024, ref. NDPC/NDP ACT-GAID/001/2024 (KB 2/Africa/Nigeria-Data-Protection-Act(NDP ACT)2023(GAID)2024.pdf)"
A35-4,4,A35,35,Article 35(4),"Where a party to an agreement operates as a sole proprietorship, an individual agent or a self-employed worker, by reason of which he or she may not be organised to fulfil the obligations of corporate entities, such a person or individual shall for the purposes of his or her engagement in high-risk data processing, be required to be trained in data protection and privacy. Evidence of training and registration as a data processor of major importance shall be relied upon as a rebuttable proof of compliance with the NDP Act.","Nigeria Data Protection Act (NDP Act) 2023 General Application and Implementation Directive (GAID) 2024, ref. NDPC/NDP ACT-GAID/001/2024 (KB 2/Africa/Nigeria-Data-Protection-Act(NDP ACT)2023(GAID)2024.pdf)"
A36-1,1,A36,36,Article 36(1),A data controller or data processor shall be cognisant of the need to advance data protection and privacy rights and the measures meticulously designed for this purpose in the globally interconnected and constantly evolving data protection ecosystem.,"Nigeria Data Protection Act (NDP Act) 2023 General Application and Implementation Directive (GAID) 2024, ref. NDPC/NDP ACT-GAID/001/2024 (KB 2/Africa/Nigeria-Data-Protection-Act(NDP ACT)2023(GAID)2024.pdf)"
A36-2,2,A36,36,Article 36(2),"In the event that a data controller or data processor is to take a decision on an applicable technical and organisational measure for safeguarding data privacy rights, it is legally imperative to take into account the provisions of the extant Fundamental Rights Enforcement Procedure Rules in Nigeria on the importance of the municipal, regional and international bill of rights.","Nigeria Data Protection Act (NDP Act) 2023 General Application and Implementation Directive (GAID) 2024, ref. NDPC/NDP ACT-GAID/001/2024 (KB 2/Africa/Nigeria-Data-Protection-Act(NDP ACT)2023(GAID)2024.pdf)"
A36-3,3,A36,36,Article 36(3),"In furtherance of Article 36 (1), (2), a data controller or data processor may, subject to the approval of the Commission, benchmark its data processing with Interoperable Data Privacy Measures (IDPMs) in circumstances where a specific directive is required by the Commission under the NDP Act.","Nigeria Data Protection Act (NDP Act) 2023 General Application and Implementation Directive (GAID) 2024, ref. NDPC/NDP ACT-GAID/001/2024 (KB 2/Africa/Nigeria-Data-Protection-Act(NDP ACT)2023(GAID)2024.pdf)"
A36-4,4,A36,36,Article 36(4),"Where a data controller intends to benchmark with an IDPM which expressly requires directives of the Commission under the NDP Act, it shall seek the approval of the Commission through an application stating the following:","Nigeria Data Protection Act (NDP Act) 2023 General Application and Implementation Directive (GAID) 2024, ref. NDPC/NDP ACT-GAID/001/2024 (KB 2/Africa/Nigeria-Data-Protection-Act(NDP ACT)2023(GAID)2024.pdf)"
A36-5,5,A36,36,Article 36(5),"In furtherance of Sections 5(i) and 62(a)(ii) of the NDP Act, the Commission may within thirty (30) days, issue an approval for the benchmarking of data processing with an IDPM if it is satisfied that the use of such IDPM is without prejudice to the provisions of the NDP Act.","Nigeria Data Protection Act (NDP Act) 2023 General Application and Implementation Directive (GAID) 2024, ref. NDPC/NDP ACT-GAID/001/2024 (KB 2/Africa/Nigeria-Data-Protection-Act(NDP ACT)2023(GAID)2024.pdf)"
A36-6,6,A36,36,Article 36(6),"For the purposes of Article 35 (1) – (5), IDPM means best practice templates which are not limited by jurisdictional procedures and are particularly in furtherance of the globally interoperable principles of data protection as stipulated in Section 24 of the NDP Act. Accordingly, instances where IDPM may be used include but are not limited to:","Nigeria Data Protection Act (NDP Act) 2023 General Application and Implementation Directive (GAID) 2024, ref. NDPC/NDP ACT-GAID/001/2024 (KB 2/Africa/Nigeria-Data-Protection-Act(NDP ACT)2023(GAID)2024.pdf)"
A36-7,7,A36,36,Article 36(7),"Without prejudice to the provisions of the NDP Act and any regulatory instrument issued by the Commission, a DPO is required to consider suitable IDPMs which may be used by a data controller or a data processor as part of global best practices in data processing. Accordingly, it is appropriate for a DPO to proactively review IDPMs prior to when the need for them arises. The Commission shall continuously provide guidance on IDPMs.","Nigeria Data Protection Act (NDP Act) 2023 General Application and Implementation Directive (GAID) 2024, ref. NDPC/NDP ACT-GAID/001/2024 (KB 2/Africa/Nigeria-Data-Protection-Act(NDP ACT)2023(GAID)2024.pdf)"
A37-1,1,A37,37,Article 37(1),The right to data rectification is essential to the operation of the principle of data accuracy under the NDP Act.,"Nigeria Data Protection Act (NDP Act) 2023 General Application and Implementation Directive (GAID) 2024, ref. NDPC/NDP ACT-GAID/001/2024 (KB 2/Africa/Nigeria-Data-Protection-Act(NDP ACT)2023(GAID)2024.pdf)"
A37-2,2,A37,37,Article 37(2),The data controller shall ensure that the platforms through which it processes personal data also provide an effective opportunity for data rectification.,"Nigeria Data Protection Act (NDP Act) 2023 General Application and Implementation Directive (GAID) 2024, ref. NDPC/NDP ACT-GAID/001/2024 (KB 2/Africa/Nigeria-Data-Protection-Act(NDP ACT)2023(GAID)2024.pdf)"
A37-3,3,A37,37,Article 37(3),Data rectification may not depend on the provision of an affidavit or a publication in a newspaper provided that the rectification is to bring the data into alignment with the personal data relating to the data subject's National Identification Number (NIN).,"Nigeria Data Protection Act (NDP Act) 2023 General Application and Implementation Directive (GAID) 2024, ref. NDPC/NDP ACT-GAID/001/2024 (KB 2/Africa/Nigeria-Data-Protection-Act(NDP ACT)2023(GAID)2024.pdf)"
A37-4,4,A37,37,Article 37(4),"Where data rectification is for the purpose of correcting an error made by the data controller or data processor in inputting the personal data of the data subject, the data subject shall not be required to pay in order to correct an error which is not his or her fault. Accordingly, it is important to ensure that the data subject is provided with manifestly ample opportunity to verify his or her data before such data is submitted in a permanent format.","Nigeria Data Protection Act (NDP Act) 2023 General Application and Implementation Directive (GAID) 2024, ref. NDPC/NDP ACT-GAID/001/2024 (KB 2/Africa/Nigeria-Data-Protection-Act(NDP ACT)2023(GAID)2024.pdf)"
A37-5,5,A37,37,Article 37(5),"Whenever there is a dispute as to whether a data subject was provided with manifestly ample opportunity to verify his or her personal data before being submitted in a permanent format, the data controller shall provide the evidence of the manifestly ample opportunity. Accordingly, data processing platforms together with the technical and organisational measures for their operations shall be designed in a way that may allow the data controller to audit any source of error.","Nigeria Data Protection Act (NDP Act) 2023 General Application and Implementation Directive (GAID) 2024, ref. NDPC/NDP ACT-GAID/001/2024 (KB 2/Africa/Nigeria-Data-Protection-Act(NDP ACT)2023(GAID)2024.pdf)"
A38-1,1,A38,38,Article 38(1),A data subject has a right to data portability.,"Nigeria Data Protection Act (NDP Act) 2023 General Application and Implementation Directive (GAID) 2024, ref. NDPC/NDP ACT-GAID/001/2024 (KB 2/Africa/Nigeria-Data-Protection-Act(NDP ACT)2023(GAID)2024.pdf)"
A38-2,2,A38,38,Article 38(2),The right to data portability shall apply where the data subject provided the personal data on the basis of his or her consent or the processing is necessary for the performance of a contract. It may not apply where processing is based on a legal ground other than consent or contract.,"Nigeria Data Protection Act (NDP Act) 2023 General Application and Implementation Directive (GAID) 2024, ref. NDPC/NDP ACT-GAID/001/2024 (KB 2/Africa/Nigeria-Data-Protection-Act(NDP ACT)2023(GAID)2024.pdf)"
A38-3,3,A38,38,Article 38(3),The right to data portability may not apply against a data controller in the performance of their public duties; unless there is a compelling legitimate interest or right of a data subject that may be abridged by reason of denying the data subject's right of data portability.,"Nigeria Data Protection Act (NDP Act) 2023 General Application and Implementation Directive (GAID) 2024, ref. NDPC/NDP ACT-GAID/001/2024 (KB 2/Africa/Nigeria-Data-Protection-Act(NDP ACT)2023(GAID)2024.pdf)"
A38-4,4,A38,38,Article 38(4),"Where, in a certain set of personal data, more than one data subject is concerned, the right to receive the personal data should be without prejudice to the rights and freedoms of other data subjects in accordance with the NDP Act or any regulatory instrument issued by the Commission.","Nigeria Data Protection Act (NDP Act) 2023 General Application and Implementation Directive (GAID) 2024, ref. NDPC/NDP ACT-GAID/001/2024 (KB 2/Africa/Nigeria-Data-Protection-Act(NDP ACT)2023(GAID)2024.pdf)"
A38-5,5,A38,38,Article 38(5),The right to data portability shall not prejudice the right of the data subject to obtain the erasure of personal data and the limitations of that right as prescribed under the NDP Act.,"Nigeria Data Protection Act (NDP Act) 2023 General Application and Implementation Directive (GAID) 2024, ref. NDPC/NDP ACT-GAID/001/2024 (KB 2/Africa/Nigeria-Data-Protection-Act(NDP ACT)2023(GAID)2024.pdf)"
A38-6,6,A38,38,Article 38(6),Nothing in this Article shall imply the erasure of personal data concerning the data subject which has been provided by him or her for the performance of a contract to the extent that and for as long as are necessary for the performance of that contract.,"Nigeria Data Protection Act (NDP Act) 2023 General Application and Implementation Directive (GAID) 2024, ref. NDPC/NDP ACT-GAID/001/2024 (KB 2/Africa/Nigeria-Data-Protection-Act(NDP ACT)2023(GAID)2024.pdf)"
A39-1,1,A39,39,Article 39(1),A data subject has the right to have his or her personal data erased if:,"Nigeria Data Protection Act (NDP Act) 2023 General Application and Implementation Directive (GAID) 2024, ref. NDPC/NDP ACT-GAID/001/2024 (KB 2/Africa/Nigeria-Data-Protection-Act(NDP ACT)2023(GAID)2024.pdf)"
A39-2,2,A39,39,Article 39(2),"However, an organisation's interest in processing the personal data may override a data subject's right to be forgotten if:","Nigeria Data Protection Act (NDP Act) 2023 General Application and Implementation Directive (GAID) 2024, ref. NDPC/NDP ACT-GAID/001/2024 (KB 2/Africa/Nigeria-Data-Protection-Act(NDP ACT)2023(GAID)2024.pdf)"
A39-3,3,A39,39,Article 39(3),"Without prejudice to the provisions of the NDP Act, where a data controller has made personal data public or has shared data with third parties, the data controller is under obligation to ensure the erasure of such personal data by the third parties at the request of the data subject or in compliance with the directives of the Commission in that regard.","Nigeria Data Protection Act (NDP Act) 2023 General Application and Implementation Directive (GAID) 2024, ref. NDPC/NDP ACT-GAID/001/2024 (KB 2/Africa/Nigeria-Data-Protection-Act(NDP ACT)2023(GAID)2024.pdf)"
A39-4,4,A39,39,Article 39(4),This right may not apply where there is a public interest pursued by disclosure of the data to the general public – provided that the burden of proving the existence of a public interest shall be on the data controller who intends to keep the personal data public.,"Nigeria Data Protection Act (NDP Act) 2023 General Application and Implementation Directive (GAID) 2024, ref. NDPC/NDP ACT-GAID/001/2024 (KB 2/Africa/Nigeria-Data-Protection-Act(NDP ACT)2023(GAID)2024.pdf)"
A40-1,1,A40,40,Article 40(1),The right to lodge a complaint with the Commission shall be deemed as a threshold right of redress in furtherance of the right to privacy under Section 37 of the 1999 Constitution and Section 46 of the NDP Act.,"Nigeria Data Protection Act (NDP Act) 2023 General Application and Implementation Directive (GAID) 2024, ref. NDPC/NDP ACT-GAID/001/2024 (KB 2/Africa/Nigeria-Data-Protection-Act(NDP ACT)2023(GAID)2024.pdf)"
A40-2,2,A40,40,Article 40(2),"Every regulation, policy, framework, or legal instrument which pertains to the processing of personal data shall in addition to all applicable data subject rights contain a clause on the right to lodge a complaint with the Nigeria Data Protection Commission.","Nigeria Data Protection Act (NDP Act) 2023 General Application and Implementation Directive (GAID) 2024, ref. NDPC/NDP ACT-GAID/001/2024 (KB 2/Africa/Nigeria-Data-Protection-Act(NDP ACT)2023(GAID)2024.pdf)"
A40-3,3,A40,40,Article 40(3),"The Commission may set up an electronic platform through which a data subject may lodge his or her complaint with the Commission and it shall acknowledge the receipt of the complaint within seven (7) days, provided that the Commission shall continue to receive complaints by any reasonable means through which it may be contacted by a complainant (including but not limited to hard copies at its known offices and emails).","Nigeria Data Protection Act (NDP Act) 2023 General Application and Implementation Directive (GAID) 2024, ref. NDPC/NDP ACT-GAID/001/2024 (KB 2/Africa/Nigeria-Data-Protection-Act(NDP ACT)2023(GAID)2024.pdf)"
A40-4,4,A40,40,Article 40(4),"Where a complaint is received on any platform other than through a designated complaint platform or through a hard copy duly delivered to its known offices, the Commission may only acknowledge as soon as possible, taking into consideration the number of unrelated information that may be undergoing processing on such platforms.","Nigeria Data Protection Act (NDP Act) 2023 General Application and Implementation Directive (GAID) 2024, ref. NDPC/NDP ACT-GAID/001/2024 (KB 2/Africa/Nigeria-Data-Protection-Act(NDP ACT)2023(GAID)2024.pdf)"
A40-5,5,A40,40,Article 40(5),"Upon the receipt of a complaint in line with Section 46 of the NDP Act, the Commission shall carry out a preliminary evaluation of the complaint – taking into account:","Nigeria Data Protection Act (NDP Act) 2023 General Application and Implementation Directive (GAID) 2024, ref. NDPC/NDP ACT-GAID/001/2024 (KB 2/Africa/Nigeria-Data-Protection-Act(NDP ACT)2023(GAID)2024.pdf)"
A40-6,6,A40,40,Article 40(6),"Where the Commission is convinced through a preliminary evaluation that there is a violation of the NDP Act, it shall open a case file for the complaint.","Nigeria Data Protection Act (NDP Act) 2023 General Application and Implementation Directive (GAID) 2024, ref. NDPC/NDP ACT-GAID/001/2024 (KB 2/Africa/Nigeria-Data-Protection-Act(NDP ACT)2023(GAID)2024.pdf)"
A40-7,7,A40,40,Article 40(7),"Upon the opening of a case file, the Commission shall immediately serve the affected data controller or data processor (hereafter referred to as the respondent) a notice of investigation.","Nigeria Data Protection Act (NDP Act) 2023 General Application and Implementation Directive (GAID) 2024, ref. NDPC/NDP ACT-GAID/001/2024 (KB 2/Africa/Nigeria-Data-Protection-Act(NDP ACT)2023(GAID)2024.pdf)"
A40-8,8,A40,40,Article 40(8),"The notice of investigation may require the respondent to provide, where applicable:","Nigeria Data Protection Act (NDP Act) 2023 General Application and Implementation Directive (GAID) 2024, ref. NDPC/NDP ACT-GAID/001/2024 (KB 2/Africa/Nigeria-Data-Protection-Act(NDP ACT)2023(GAID)2024.pdf)"
A40-9,9,A40,40,Article 40(9),"The respondent shall, except as otherwise specified by the Commission, reply the Commission within twenty-one (21) days.","Nigeria Data Protection Act (NDP Act) 2023 General Application and Implementation Directive (GAID) 2024, ref. NDPC/NDP ACT-GAID/001/2024 (KB 2/Africa/Nigeria-Data-Protection-Act(NDP ACT)2023(GAID)2024.pdf)"
A40-10,10,A40,40,Article 40(10),"If the Commission deems it appropriate, it shall invite the respondent to a Pre-Action Conference (PAC) in order to examine the facts and the available evidence provided by the parties or obtained by the Commission through investigation.","Nigeria Data Protection Act (NDP Act) 2023 General Application and Implementation Directive (GAID) 2024, ref. NDPC/NDP ACT-GAID/001/2024 (KB 2/Africa/Nigeria-Data-Protection-Act(NDP ACT)2023(GAID)2024.pdf)"
A40-11,11,A40,40,Article 40(11),PACs may take place as frequently as necessary in respect of a complaint or an investigation carried out by the Commission pursuant to Section 46(3) of the NDP Act.,"Nigeria Data Protection Act (NDP Act) 2023 General Application and Implementation Directive (GAID) 2024, ref. NDPC/NDP ACT-GAID/001/2024 (KB 2/Africa/Nigeria-Data-Protection-Act(NDP ACT)2023(GAID)2024.pdf)"
A40-12,12,A40,40,Article 40(12),"In line with the power vested in the Commission under Section 6(e) of the NDP Act, the Commission may direct a data controller to attend a PAC with any relevant person who is legally compellable or competent to give evidence and who may provide relevant information in determining an issue relating to violation of the NDP Act.","Nigeria Data Protection Act (NDP Act) 2023 General Application and Implementation Directive (GAID) 2024, ref. NDPC/NDP ACT-GAID/001/2024 (KB 2/Africa/Nigeria-Data-Protection-Act(NDP ACT)2023(GAID)2024.pdf)"
A40-13,13,A40,40,Article 40(13),"Where the Commission is satisfied that a violation of the NDP Act has taken place, it shall direct appropriate remedial action to be taken by the respondent as prescribed by the NDP Act and shall communicate its decision to the complainant and to the affected parties within forty-five (45) days of holding a final PAC.","Nigeria Data Protection Act (NDP Act) 2023 General Application and Implementation Directive (GAID) 2024, ref. NDPC/NDP ACT-GAID/001/2024 (KB 2/Africa/Nigeria-Data-Protection-Act(NDP ACT)2023(GAID)2024.pdf)"
A40-14,14,A40,40,Article 40(14),Nothing in this NDP Act-GAID shall prevent the Commission from issuing a temporary order on such terms and conditions as it deems fit in the interest of protecting the privacy right of a data subject – particularly when the violation of a data privacy right may not be remedied properly through compensation.,"Nigeria Data Protection Act (NDP Act) 2023 General Application and Implementation Directive (GAID) 2024, ref. NDPC/NDP ACT-GAID/001/2024 (KB 2/Africa/Nigeria-Data-Protection-Act(NDP ACT)2023(GAID)2024.pdf)"
A41-1,1,A41,41,Article 41(1),"In line with the power vested in the Commission to, among others, make regulations for the protection of personal data and data subjects under section 61(1)-(2)(b) of the NDP Act, the Commission may promote the use of Data Subject's Standard Notice to Address Grievance (SNAG).","Nigeria Data Protection Act (NDP Act) 2023 General Application and Implementation Directive (GAID) 2024, ref. NDPC/NDP ACT-GAID/001/2024 (KB 2/Africa/Nigeria-Data-Protection-Act(NDP ACT)2023(GAID)2024.pdf)"
A41-2,2,A41,41,Article 41(2),An aggrieved data subject may issue a SNAG to a data controller or a data processor where the data subject reasonably believes that the data controller or data processor violated his or her right to data privacy.,"Nigeria Data Protection Act (NDP Act) 2023 General Application and Implementation Directive (GAID) 2024, ref. NDPC/NDP ACT-GAID/001/2024 (KB 2/Africa/Nigeria-Data-Protection-Act(NDP ACT)2023(GAID)2024.pdf)"
A41-3,3,A41,41,Article 41(3),"SNAG shall not be regarded as a condition precedent for lodging a direct complaint with the Commission or for instituting an action, rather it shall be regarded as a standardised template for demanding internal remediation in an organisation which may be acting in violation of a data subject's privacy.","Nigeria Data Protection Act (NDP Act) 2023 General Application and Implementation Directive (GAID) 2024, ref. NDPC/NDP ACT-GAID/001/2024 (KB 2/Africa/Nigeria-Data-Protection-Act(NDP ACT)2023(GAID)2024.pdf)"
A41-4,4,A41,41,Article 41(4),SNAG may be served directly by a data subject or by a person acting under his or her authority or by a civil society organisation acting in the public interest.,"Nigeria Data Protection Act (NDP Act) 2023 General Application and Implementation Directive (GAID) 2024, ref. NDPC/NDP ACT-GAID/001/2024 (KB 2/Africa/Nigeria-Data-Protection-Act(NDP ACT)2023(GAID)2024.pdf)"
A41-5,5,A41,41,Article 41(5),The Commission may create an electronic platform through which it may track SNAGs.,"Nigeria Data Protection Act (NDP Act) 2023 General Application and Implementation Directive (GAID) 2024, ref. NDPC/NDP ACT-GAID/001/2024 (KB 2/Africa/Nigeria-Data-Protection-Act(NDP ACT)2023(GAID)2024.pdf)"
A41-6,6,A41,41,Article 41(6),"Upon receipt of a SNAG, a data controller or a data processor shall communicate its decision on the SNAG to the Commission through the designated electronic platform.","Nigeria Data Protection Act (NDP Act) 2023 General Application and Implementation Directive (GAID) 2024, ref. NDPC/NDP ACT-GAID/001/2024 (KB 2/Africa/Nigeria-Data-Protection-Act(NDP ACT)2023(GAID)2024.pdf)"
A41-7,7,A41,41,Article 41(7),The Commission may take executive notice of SNAGs and institute direct investigation into the service of a SNAG on a data controller or a data processor particularly when such SNAG appears to be unresolved.,"Nigeria Data Protection Act (NDP Act) 2023 General Application and Implementation Directive (GAID) 2024, ref. NDPC/NDP ACT-GAID/001/2024 (KB 2/Africa/Nigeria-Data-Protection-Act(NDP ACT)2023(GAID)2024.pdf)"
A41-8,8,A41,41,Article 41(8),"A SNAG may be served on a data controller or a data processor via its physical address, telephone messaging medium, e-mail address, courier service or other reasonable means of correspondence.","Nigeria Data Protection Act (NDP Act) 2023 General Application and Implementation Directive (GAID) 2024, ref. NDPC/NDP ACT-GAID/001/2024 (KB 2/Africa/Nigeria-Data-Protection-Act(NDP ACT)2023(GAID)2024.pdf)"
A42-1,1,A42,42,Article 42(1),A data controller or a data processor shall prioritise the principles of data ethics which offer additional safeguards to the privacy and dignity of the human person.,"Nigeria Data Protection Act (NDP Act) 2023 General Application and Implementation Directive (GAID) 2024, ref. NDPC/NDP ACT-GAID/001/2024 (KB 2/Africa/Nigeria-Data-Protection-Act(NDP ACT)2023(GAID)2024.pdf)"
A42-2,2,A42,42,Article 42(2),"To fortify the principles of the sanctity of personal information and the preservation of human dignity, both data controllers and data processors must steadfastly adhere to the tenets of data ethics.","Nigeria Data Protection Act (NDP Act) 2023 General Application and Implementation Directive (GAID) 2024, ref. NDPC/NDP ACT-GAID/001/2024 (KB 2/Africa/Nigeria-Data-Protection-Act(NDP ACT)2023(GAID)2024.pdf)"
A42-3,3,A42,42,Article 42(3),"Data ethics, as enshrined in this Article, serves as an indispensable guide, elevating the standards of safeguarding individuals' privacy and upholding their inherent dignity. This entails a commitment to transparency, fairness, and responsible data management practices.","Nigeria Data Protection Act (NDP Act) 2023 General Application and Implementation Directive (GAID) 2024, ref. NDPC/NDP ACT-GAID/001/2024 (KB 2/Africa/Nigeria-Data-Protection-Act(NDP ACT)2023(GAID)2024.pdf)"
A42-4,4,A42,42,Article 42(4),"Transparency forms the bedrock of ethical data handling. Data controllers and processors must furnish individuals with clear and comprehensible information regarding the collection, processing, and storage of their data. This ensures that individuals are well-informed, empowering them to make informed decisions about their personal information.","Nigeria Data Protection Act (NDP Act) 2023 General Application and Implementation Directive (GAID) 2024, ref. NDPC/NDP ACT-GAID/001/2024 (KB 2/Africa/Nigeria-Data-Protection-Act(NDP ACT)2023(GAID)2024.pdf)"
A42-5,5,A42,42,Article 42(5),"Fairness in data processing underscores the commitment to impartiality and equity. Discrimination based on gender, ethnicity, religion, physical ability or any other characteristic is strictly prohibited. Every individual is entitled to equal protection, fostering an inclusive digital landscape.","Nigeria Data Protection Act (NDP Act) 2023 General Application and Implementation Directive (GAID) 2024, ref. NDPC/NDP ACT-GAID/001/2024 (KB 2/Africa/Nigeria-Data-Protection-Act(NDP ACT)2023(GAID)2024.pdf)"
A42-6,6,A42,42,Article 42(6),"Responsible data management involves the implementation of robust security measures to protect against unauthorised access, breaches, or any form of misuse. It requires the continuous evaluation and enhancement of data protection protocols to adapt to evolving technological landscapes.","Nigeria Data Protection Act (NDP Act) 2023 General Application and Implementation Directive (GAID) 2024, ref. NDPC/NDP ACT-GAID/001/2024 (KB 2/Africa/Nigeria-Data-Protection-Act(NDP ACT)2023(GAID)2024.pdf)"
A42-7,7,A42,42,Article 42(7),"Emphasising the dignity of the human person, data controllers and processors must acknowledge the intrinsic value of every individual's data. The extraction, processing, or utilisation of data must not compromise the autonomy, freedom, or integrity of any person.","Nigeria Data Protection Act (NDP Act) 2023 General Application and Implementation Directive (GAID) 2024, ref. NDPC/NDP ACT-GAID/001/2024 (KB 2/Africa/Nigeria-Data-Protection-Act(NDP ACT)2023(GAID)2024.pdf)"
A42-8,8,A42,42,Article 42(8),"Any data collection or processing that may result in harm, discrimination, or violation of individual rights is strictly prohibited. Safeguards should be in place to prevent the creation of profiles or the application of algorithms that could lead to prejudiced outcomes.","Nigeria Data Protection Act (NDP Act) 2023 General Application and Implementation Directive (GAID) 2024, ref. NDPC/NDP ACT-GAID/001/2024 (KB 2/Africa/Nigeria-Data-Protection-Act(NDP ACT)2023(GAID)2024.pdf)"
A42-9,9,A42,42,Article 42(9),"In cases where data is shared with third parties, explicit consent must be obtained from the data subject. The purpose, scope, and duration of such data sharing must be clearly communicated, and individuals should retain the right to revoke consent at any time.","Nigeria Data Protection Act (NDP Act) 2023 General Application and Implementation Directive (GAID) 2024, ref. NDPC/NDP ACT-GAID/001/2024 (KB 2/Africa/Nigeria-Data-Protection-Act(NDP ACT)2023(GAID)2024.pdf)"
A42-10,10,A42,42,Article 42(10),"Continuous education and awareness programs should be implemented to keep individuals informed about their digital rights, empowering them to exercise control over their personal data.","Nigeria Data Protection Act (NDP Act) 2023 General Application and Implementation Directive (GAID) 2024, ref. NDPC/NDP ACT-GAID/001/2024 (KB 2/Africa/Nigeria-Data-Protection-Act(NDP ACT)2023(GAID)2024.pdf)"
A42-11,11,A42,42,Article 42(11),"The principles outlined in this article reflect a commitment to building a digital ecosystem that respects the fundamental rights of individuals. By prioritising data ethics, we aim to create a responsible and trustworthy digital environment that values and protects the privacy and dignity of every human person.","Nigeria Data Protection Act (NDP Act) 2023 General Application and Implementation Directive (GAID) 2024, ref. NDPC/NDP ACT-GAID/001/2024 (KB 2/Africa/Nigeria-Data-Protection-Act(NDP ACT)2023(GAID)2024.pdf)"
A43-1,1,A43,43,Article 43(1),Organisational Policy on Ownership of Data – taking the following into consideration:,"Nigeria Data Protection Act (NDP Act) 2023 General Application and Implementation Directive (GAID) 2024, ref. NDPC/NDP ACT-GAID/001/2024 (KB 2/Africa/Nigeria-Data-Protection-Act(NDP ACT)2023(GAID)2024.pdf)"
A43-2,2,A43,43,Article 43(2),Demonstrable Transparency and Accountability – taking the following into consideration:,"Nigeria Data Protection Act (NDP Act) 2023 General Application and Implementation Directive (GAID) 2024, ref. NDPC/NDP ACT-GAID/001/2024 (KB 2/Africa/Nigeria-Data-Protection-Act(NDP ACT)2023(GAID)2024.pdf)"
A43-3,3,A43,43,Article 43(3),Informational Autonomy or Informational Self-Determination – taking the following into consideration:,"Nigeria Data Protection Act (NDP Act) 2023 General Application and Implementation Directive (GAID) 2024, ref. NDPC/NDP ACT-GAID/001/2024 (KB 2/Africa/Nigeria-Data-Protection-Act(NDP ACT)2023(GAID)2024.pdf)"
A43-4,4,A43,43,Article 43(4),Fairness of Intention – taking the following into consideration:,"Nigeria Data Protection Act (NDP Act) 2023 General Application and Implementation Directive (GAID) 2024, ref. NDPC/NDP ACT-GAID/001/2024 (KB 2/Africa/Nigeria-Data-Protection-Act(NDP ACT)2023(GAID)2024.pdf)"
A43-5,5,A43,43,Article 43(5),Appreciation of Outcomes – taking the following into consideration:,"Nigeria Data Protection Act (NDP Act) 2023 General Application and Implementation Directive (GAID) 2024, ref. NDPC/NDP ACT-GAID/001/2024 (KB 2/Africa/Nigeria-Data-Protection-Act(NDP ACT)2023(GAID)2024.pdf)"
A44-1,1,A44,44,Article 44(1),"A data controller or a data processor who deploys or intends to deploy Emerging Technologies (ETs) such as Artificial Intelligence, Internet of Things and Blockchain for the purposes of processing personal data shall take into consideration:","Nigeria Data Protection Act (NDP Act) 2023 General Application and Implementation Directive (GAID) 2024, ref. NDPC/NDP ACT-GAID/001/2024 (KB 2/Africa/Nigeria-Data-Protection-Act(NDP ACT)2023(GAID)2024.pdf)"
A44-2,2,A44,44,Article 44(2),A data controller or a data processor who deploys or intends to deploy ETs for the purposes of processing personal data is expected to set forth technical and organisational parameters for the processing in order to calibrate the capabilities of its ET tools in accordance with the threshold of data processing permitted by law – particularly taking into account the:,"Nigeria Data Protection Act (NDP Act) 2023 General Application and Implementation Directive (GAID) 2024, ref. NDPC/NDP ACT-GAID/001/2024 (KB 2/Africa/Nigeria-Data-Protection-Act(NDP ACT)2023(GAID)2024.pdf)"
A44-3,3,A44,44,Article 44(3),The technical and organisational parameters are to be documented and filed with the Commission as part of NDP Act CAR.,"Nigeria Data Protection Act (NDP Act) 2023 General Application and Implementation Directive (GAID) 2024, ref. NDPC/NDP ACT-GAID/001/2024 (KB 2/Africa/Nigeria-Data-Protection-Act(NDP ACT)2023(GAID)2024.pdf)"
A44-4,4,A44,44,Article 44(4),A data controller or data processor under the circumstances contemplated by this Article shall:,"Nigeria Data Protection Act (NDP Act) 2023 General Application and Implementation Directive (GAID) 2024, ref. NDPC/NDP ACT-GAID/001/2024 (KB 2/Africa/Nigeria-Data-Protection-Act(NDP ACT)2023(GAID)2024.pdf)"
A44-5,5,A44,44,Article 44(5),"In this Article, the ""suitability"" or the ""possibility"" of a safeguard or an act implies an obligation on the part of a data controller or a data processor to take reasonable technical and organisational measures in guaranteeing fair and accountable use of data – taking into consideration data ethics and regulatory audits.","Nigeria Data Protection Act (NDP Act) 2023 General Application and Implementation Directive (GAID) 2024, ref. NDPC/NDP ACT-GAID/001/2024 (KB 2/Africa/Nigeria-Data-Protection-Act(NDP ACT)2023(GAID)2024.pdf)"
A45-1,1,A45,45,Article 45(1),"In line with Section 5(b) of the NDP Act, the Commission shall foster the development of personal data protection technologies, in accordance with recognised international best practices and applicable international law; accordingly, the Commission shall accord priority to ETs which strengthen data privacy.","Nigeria Data Protection Act (NDP Act) 2023 General Application and Implementation Directive (GAID) 2024, ref. NDPC/NDP ACT-GAID/001/2024 (KB 2/Africa/Nigeria-Data-Protection-Act(NDP ACT)2023(GAID)2024.pdf)"
A45-2,2,A45,45,Article 45(2),"In furtherance of Section 1(h) of the NDP Act towards strengthening the legal foundations of the national digital economy and guaranteeing the participation of Nigeria in the regional and global economies through the beneficial and trusted use of personal data, the Commission shall take into account the utilitarian value of ETs in achieving sustainable development through lawful processing of personal data.","Nigeria Data Protection Act (NDP Act) 2023 General Application and Implementation Directive (GAID) 2024, ref. NDPC/NDP ACT-GAID/001/2024 (KB 2/Africa/Nigeria-Data-Protection-Act(NDP ACT)2023(GAID)2024.pdf)"
A45-3,3,A45,45,Article 45(3),"A data controller who intends to process personal data in the circumstances contemplated by Article 45 (2), may benchmark with global consensus on ETs such as the United Nations Resolution on Artificial Intelligence. Accordingly, data controllers and data processors shall, among other self-correcting measures, refrain from or cease the use of ET systems that are impossible to operate in compliance with international human rights law or that pose undue risks to the enjoyment of human rights.","Nigeria Data Protection Act (NDP Act) 2023 General Application and Implementation Directive (GAID) 2024, ref. NDPC/NDP ACT-GAID/001/2024 (KB 2/Africa/Nigeria-Data-Protection-Act(NDP ACT)2023(GAID)2024.pdf)"
A46-1,1,A46,46,Article 46(1),"Part VIII of the NDP Act provides for cross-border data transfer. By virtue of Section 63 of the NDP Act, the provisions of Part VIII of the NDP Act shall be the overarching, governing provision in all matters pertaining to cross-border transfer of personal data from Nigeria.","Nigeria Data Protection Act (NDP Act) 2023 General Application and Implementation Directive (GAID) 2024, ref. NDPC/NDP ACT-GAID/001/2024 (KB 2/Africa/Nigeria-Data-Protection-Act(NDP ACT)2023(GAID)2024.pdf)"
A46-2,2,A46,46,Article 46(2),"Pending the issuance of Guidelines on cross-border data transfer, the explanatory note in Schedule 3 of this NDP Act-GAID shall be used for the evaluation of countries for the purposes of determining their level of adequacy and for other grounds of cross-border data transfer recognised under the NDP Act.","Nigeria Data Protection Act (NDP Act) 2023 General Application and Implementation Directive (GAID) 2024, ref. NDPC/NDP ACT-GAID/001/2024 (KB 2/Africa/Nigeria-Data-Protection-Act(NDP ACT)2023(GAID)2024.pdf)"
A46-3,3,A46,46,Article 46(3),"In respect of safeguards for data subjects' rights in a country, the Commission shall take into account the enforcement of fundamental rights in general and the decisions of courts which seek to advance fundamental freedoms in such jurisdictions being considered for adequacy decisions.","Nigeria Data Protection Act (NDP Act) 2023 General Application and Implementation Directive (GAID) 2024, ref. NDPC/NDP ACT-GAID/001/2024 (KB 2/Africa/Nigeria-Data-Protection-Act(NDP ACT)2023(GAID)2024.pdf)"
A47-1,1,A47,47,Article 47(1),Capacity building is mandatory as an organisational measure of data privacy and protection.,"Nigeria Data Protection Act (NDP Act) 2023 General Application and Implementation Directive (GAID) 2024, ref. NDPC/NDP ACT-GAID/001/2024 (KB 2/Africa/Nigeria-Data-Protection-Act(NDP ACT)2023(GAID)2024.pdf)"
A47-2,2,A47,47,Article 47(2),"In furtherance of Section 5(e)-(f) of the NDP Act and taking into account the high technical skill required, the Commission shall foster capacity building and professional development in data protection and privacy.","Nigeria Data Protection Act (NDP Act) 2023 General Application and Implementation Directive (GAID) 2024, ref. NDPC/NDP ACT-GAID/001/2024 (KB 2/Africa/Nigeria-Data-Protection-Act(NDP ACT)2023(GAID)2024.pdf)"
A47-3,3,A47,47,Article 47(3),All employees and other persons who are engaged by the data controller or data processor shall be trained and sensitised periodically on emerging developments in data processing and to such an extent that is reasonably relevant to their job descriptions respectively.,"Nigeria Data Protection Act (NDP Act) 2023 General Application and Implementation Directive (GAID) 2024, ref. NDPC/NDP ACT-GAID/001/2024 (KB 2/Africa/Nigeria-Data-Protection-Act(NDP ACT)2023(GAID)2024.pdf)"
A47-4,4,A47,47,Article 47(4),"The Commission may develop a mechanism in place for the training, and the award of certifications on Data Privacy and Protection.","Nigeria Data Protection Act (NDP Act) 2023 General Application and Implementation Directive (GAID) 2024, ref. NDPC/NDP ACT-GAID/001/2024 (KB 2/Africa/Nigeria-Data-Protection-Act(NDP ACT)2023(GAID)2024.pdf)"
A48-1,1,A48,48,Article 48(1),"Without prejudice to binding precedents of courts, a data subject has a right to seek redress of the violation of his or her data privacy rights – in line with Section 46 of the 1999 Constitution.","Nigeria Data Protection Act (NDP Act) 2023 General Application and Implementation Directive (GAID) 2024, ref. NDPC/NDP ACT-GAID/001/2024 (KB 2/Africa/Nigeria-Data-Protection-Act(NDP ACT)2023(GAID)2024.pdf)"
A48-2,2,A48,48,Article 48(2),"Access to justice for the purposes of national adequacy of data protection includes proximity and access to courts of justice particularly in the context of civil liberties and fundamental freedoms. Accordingly, regardless of the parties involved and the material context of data processing, a data subject may seek redress for the violation of his or her right to privacy at the closest Federal or State High Court in line with settled precedents of the Supreme Court of Nigeria and extant Fundamental Rights Enforcement Procedure Rules.","Nigeria Data Protection Act (NDP Act) 2023 General Application and Implementation Directive (GAID) 2024, ref. NDPC/NDP ACT-GAID/001/2024 (KB 2/Africa/Nigeria-Data-Protection-Act(NDP ACT)2023(GAID)2024.pdf)"
A49-1,1,A49,49,Article 49(1),Evidence by a data controller or a data processor relating to compliance with the NDP Act or any regulatory instrument issued by the Commission shall be evaluated in the context they directly relate to.,"Nigeria Data Protection Act (NDP Act) 2023 General Application and Implementation Directive (GAID) 2024, ref. NDPC/NDP ACT-GAID/001/2024 (KB 2/Africa/Nigeria-Data-Protection-Act(NDP ACT)2023(GAID)2024.pdf)"
A49-2,2,A49,49,Article 49(2),"Compliance in relation to registration, filing of annual CAR, submission of DPIA or cross-border transfer instruments approved by the Commission shows commitment to accountability and prima facie good faith in data processing. It does not replace the need to provide concrete evidence in defence of any complaint of violation relating to other provisions of the NDP Act.","Nigeria Data Protection Act (NDP Act) 2023 General Application and Implementation Directive (GAID) 2024, ref. NDPC/NDP ACT-GAID/001/2024 (KB 2/Africa/Nigeria-Data-Protection-Act(NDP ACT)2023(GAID)2024.pdf)"
A49-3,3,A49,49,Article 49(3),"The Commission, in furtherance of Section 48(6)(f) of the NDP Act shall take compliance in terms of accountability as a partial fulfilment of cooperation.","Nigeria Data Protection Act (NDP Act) 2023 General Application and Implementation Directive (GAID) 2024, ref. NDPC/NDP ACT-GAID/001/2024 (KB 2/Africa/Nigeria-Data-Protection-Act(NDP ACT)2023(GAID)2024.pdf)"
A50-1,1,A50,50,Article 50(1),The need to safeguard the rights and freedoms of a data subject as guaranteed under Section 37 by the 1999 Constitution shall be the overriding consideration in considering whether a data controller or a data processor has fulfilled any obligation within a stipulated time or within a reasonable or an appropriate time.,"Nigeria Data Protection Act (NDP Act) 2023 General Application and Implementation Directive (GAID) 2024, ref. NDPC/NDP ACT-GAID/001/2024 (KB 2/Africa/Nigeria-Data-Protection-Act(NDP ACT)2023(GAID)2024.pdf)"
A50-2,2,A50,50,Article 50(2),"Where the NDP Act or any regulatory instrument did not make an obligation to be timebound, it is expected that such obligation shall be discharged taking into account the urgency of such obligation to the realisation of the rights and interests of the data subjects that are immediately connected to them, and, also, taking into account that if such obligation is not performed within a definite time frame which may be provided by the data subject, the rights and interests of the data subject may likely be abridged or defeated.","Nigeria Data Protection Act (NDP Act) 2023 General Application and Implementation Directive (GAID) 2024, ref. NDPC/NDP ACT-GAID/001/2024 (KB 2/Africa/Nigeria-Data-Protection-Act(NDP ACT)2023(GAID)2024.pdf)"
A50-3,3,A50,50,Article 50(3),"In circumstances requiring storage limitation, where no time-bound obligation has been provided by law, the storage time for the purpose of data processing shall lapse not later than six (6) calendar months when the original purpose of the processing has been accomplished.","Nigeria Data Protection Act (NDP Act) 2023 General Application and Implementation Directive (GAID) 2024, ref. NDPC/NDP ACT-GAID/001/2024 (KB 2/Africa/Nigeria-Data-Protection-Act(NDP ACT)2023(GAID)2024.pdf)"
A50-4,4,A50,50,Article 50(4),"Notwithstanding Article 50(3), a data controller may store personal data with appropriate technical and organisational measures for the purposes of defence of a legal claim; provided that such personal data shall not be used under any other circumstance without the consent of the data subject.","Nigeria Data Protection Act (NDP Act) 2023 General Application and Implementation Directive (GAID) 2024, ref. NDPC/NDP ACT-GAID/001/2024 (KB 2/Africa/Nigeria-Data-Protection-Act(NDP ACT)2023(GAID)2024.pdf)"
A51-1,1,A51,51,Article 51(1),"The Commission may at any time issue supplementary regulations and directives for the purposes of amending this NDP Act-GAID, accordingly a data controller or a data processor shall comply with the provisions of the supplementary instrument as may be issued by the Commission.","Nigeria Data Protection Act (NDP Act) 2023 General Application and Implementation Directive (GAID) 2024, ref. NDPC/NDP ACT-GAID/001/2024 (KB 2/Africa/Nigeria-Data-Protection-Act(NDP ACT)2023(GAID)2024.pdf)"
A51-2,2,A51,51,Article 51(2),"Where necessary, the Commission may issue directives or guidance which may be annexed as schedules to this NDP Act-GAID.","Nigeria Data Protection Act (NDP Act) 2023 General Application and Implementation Directive (GAID) 2024, ref. NDPC/NDP ACT-GAID/001/2024 (KB 2/Africa/Nigeria-Data-Protection-Act(NDP ACT)2023(GAID)2024.pdf)"
A51-3,3,A51,51,Article 51(3),"In the event of a conflict between this NDP Act-GAID and a supplementary regulation or directive, the provisions of the supplementary regulation or directive shall prevail.","Nigeria Data Protection Act (NDP Act) 2023 General Application and Implementation Directive (GAID) 2024, ref. NDPC/NDP ACT-GAID/001/2024 (KB 2/Africa/Nigeria-Data-Protection-Act(NDP ACT)2023(GAID)2024.pdf)"
A52-1,1,A52,52,Article 52(1),"The Commission may use its discretion to review any administrative or financial obligation under this NDP Act-GAID or which falls within the discretion of the Commission if such obligations cannot be fulfilled, taking into account any one of the following grounds:","Nigeria Data Protection Act (NDP Act) 2023 General Application and Implementation Directive (GAID) 2024, ref. NDPC/NDP ACT-GAID/001/2024 (KB 2/Africa/Nigeria-Data-Protection-Act(NDP ACT)2023(GAID)2024.pdf)"
A52-2,2,A52,52,Article 52(2),A data controller or a data processor or an intervener who seeks a review under this Article shall specifically demonstrate how any ground for review stated in Article 52(1) applies to a data controller or a data processor or to an intervener.,"Nigeria Data Protection Act (NDP Act) 2023 General Application and Implementation Directive (GAID) 2024, ref. NDPC/NDP ACT-GAID/001/2024 (KB 2/Africa/Nigeria-Data-Protection-Act(NDP ACT)2023(GAID)2024.pdf)"
A52-3,3,A52,52,Article 52(3),"Application for a review under this Article shall be made in writing to the National Commissioner and Chief Executive Officer of the Commission and it shall be supported by a verifying affidavit stating, among others:","Nigeria Data Protection Act (NDP Act) 2023 General Application and Implementation Directive (GAID) 2024, ref. NDPC/NDP ACT-GAID/001/2024 (KB 2/Africa/Nigeria-Data-Protection-Act(NDP ACT)2023(GAID)2024.pdf)"
A52-4,4,A52,52,Article 52(4),"The Commission shall within forty-five (45) days upon the receipt of the application, verify the claims of the applicant stating whether or not the application is meritorious or request for further information and further and better affidavit where the circumstances warrant.","Nigeria Data Protection Act (NDP Act) 2023 General Application and Implementation Directive (GAID) 2024, ref. NDPC/NDP ACT-GAID/001/2024 (KB 2/Africa/Nigeria-Data-Protection-Act(NDP ACT)2023(GAID)2024.pdf)"
A52-5,5,A52,52,Article 52(5),Nothing in this NDP Act-GAID shall result in the grant of a waiver to the detriment of the rights and interests of a data subject.,"Nigeria Data Protection Act (NDP Act) 2023 General Application and Implementation Directive (GAID) 2024, ref. NDPC/NDP ACT-GAID/001/2024 (KB 2/Africa/Nigeria-Data-Protection-Act(NDP ACT)2023(GAID)2024.pdf)"
