source_id,target_id,rel_type,source_document
stmt_mat_idp_001,tag_access_management,TAGGED,DTOP-OLD
stmt_mat_idp_001,tag_authentication,TAGGED,DTOP-OLD
stmt_mat_idp_001,tag_authorization,TAGGED,DTOP-OLD
stmt_mat_idp_001,tag_credential_management,TAGGED,DTOP-OLD
stmt_mat_idp_001,tag_identity_and_access_management,TAGGED,DTOP-OLD
stmt_mat_idp_001,tag_multi_factor_authentication,TAGGED,DTOP-OLD
stmt_mat_idp_001,tag_privileged_access,TAGGED,DTOP-OLD
stmt_mat_idp_001,tag_session_management,TAGGED,DTOP-OLD
stmt_mat_idp_002,tag_credential_management,TAGGED,DTOP-OLD
stmt_mat_idp_002,tag_identity_and_access_management,TAGGED,DTOP-OLD
stmt_mat_idp_002,tag_policy_management,TAGGED,DTOP-OLD
stmt_mat_idp_002,tag_privileged_access,TAGGED,DTOP-OLD
stmt_mat_idp_003,tag_access_management,TAGGED,DTOP-OLD
stmt_mat_idp_003,tag_identity_and_access_management,TAGGED,DTOP-OLD
stmt_mat_idp_003,tag_policy_management,TAGGED,DTOP-OLD
stmt_mat_idp_003,tag_supply_chain_management,TAGGED,DTOP-OLD
stmt_mat_idp_003,tag_third_party_risk_management,TAGGED,DTOP-OLD
stmt_mat_idp_004,tag_application_security,TAGGED,DTOP-OLD
stmt_mat_idp_004,tag_asset_management,TAGGED,DTOP-OLD
stmt_mat_idp_004,tag_patch_management,TAGGED,DTOP-OLD
stmt_mat_idp_004,tag_security_baselines,TAGGED,DTOP-OLD
stmt_mat_idp_004,tag_system_hardening,TAGGED,DTOP-OLD
stmt_mat_idp_004,tag_vulnerability_management,TAGGED,DTOP-OLD
stmt_mat_idp_005,tag_application_security,TAGGED,DTOP-OLD
stmt_mat_idp_005,tag_data_protection,TAGGED,DTOP-OLD
stmt_mat_idp_005,tag_encryption,TAGGED,DTOP-OLD
stmt_mat_idp_005,tag_infrastructure_security,TAGGED,DTOP-OLD
stmt_mat_idp_005,tag_mobile_device_management,TAGGED,DTOP-OLD
stmt_mat_idp_005,tag_patch_management,TAGGED,DTOP-OLD
stmt_mat_idp_005,tag_security_baselines,TAGGED,DTOP-OLD
stmt_mat_idp_005,tag_security_logging_monitoring_and_alerting,TAGGED,DTOP-OLD
stmt_mat_idp_005,tag_system_integrity,TAGGED,DTOP-OLD
stmt_mat_idp_005,tag_vulnerability_management,TAGGED,DTOP-OLD
stmt_mat_idp_006,tag_application_security,TAGGED,DTOP-OLD
stmt_mat_idp_006,tag_authentication,TAGGED,DTOP-OLD
stmt_mat_idp_006,tag_authorization,TAGGED,DTOP-OLD
stmt_mat_idp_006,tag_endpoint_security,TAGGED,DTOP-OLD
stmt_mat_idp_006,tag_infrastructure_security,TAGGED,DTOP-OLD
stmt_mat_idp_006,tag_multi_factor_authentication,TAGGED,DTOP-OLD
stmt_mat_idp_006,tag_security_baselines,TAGGED,DTOP-OLD
stmt_mat_idp_006,tag_security_logging_monitoring_and_alerting,TAGGED,DTOP-OLD
stmt_mat_idp_007,tag_application_security,TAGGED,DTOP-OLD
stmt_mat_idp_007,tag_asset_management,TAGGED,DTOP-OLD
stmt_mat_idp_007,tag_patch_management,TAGGED,DTOP-OLD
stmt_mat_idp_007,tag_vulnerability_management,TAGGED,DTOP-OLD
stmt_mat_idp_008,tag_application_security,TAGGED,DTOP-OLD
stmt_mat_idp_008,tag_application_security_testing,TAGGED,DTOP-OLD
stmt_mat_idp_008,tag_policy_management,TAGGED,DTOP-OLD
stmt_mat_idp_008,tag_vulnerability_management,TAGGED,DTOP-OLD
stmt_mat_idp_009,tag_application_security,TAGGED,DTOP-OLD
stmt_mat_idp_009,tag_application_security_testing,TAGGED,DTOP-OLD
stmt_mat_idp_009,tag_secure_system_development,TAGGED,DTOP-OLD
stmt_mat_idp_009,tag_security_baselines,TAGGED,DTOP-OLD
stmt_mat_idp_009,tag_technology_development_lifecycle,TAGGED,DTOP-OLD
stmt_mat_idp_009,tag_vulnerability_management,TAGGED,DTOP-OLD
stmt_mat_idp_010,tag_application_security,TAGGED,DTOP-OLD
stmt_mat_idp_010,tag_architecture,TAGGED,DTOP-OLD
stmt_mat_idp_010,tag_cryptography_management,TAGGED,DTOP-OLD
stmt_mat_idp_010,tag_infrastructure_security,TAGGED,DTOP-OLD
stmt_mat_idp_010,tag_mission_and_strategy,TAGGED,DTOP-OLD
stmt_mat_idp_010,tag_resilience,TAGGED,DTOP-OLD
stmt_mat_idp_011,tag_application_security,TAGGED,DTOP-OLD
stmt_mat_idp_011,tag_architecture,TAGGED,DTOP-OLD
stmt_mat_idp_011,tag_infrastructure_security,TAGGED,DTOP-OLD
stmt_mat_idp_011,tag_resilience,TAGGED,DTOP-OLD
stmt_mat_idp_011,tag_secure_system_development,TAGGED,DTOP-OLD
stmt_mat_idp_011,tag_security_baselines,TAGGED,DTOP-OLD
stmt_mat_idp_011,tag_technology_development_lifecycle,TAGGED,DTOP-OLD
stmt_mat_idp_012,tag_application_security,TAGGED,DTOP-OLD
stmt_mat_idp_012,tag_application_security_testing,TAGGED,DTOP-OLD
stmt_mat_idp_012,tag_architecture,TAGGED,DTOP-OLD
stmt_mat_idp_012,tag_cryptography_management,TAGGED,DTOP-OLD
stmt_mat_idp_012,tag_data_protection,TAGGED,DTOP-OLD
stmt_mat_idp_012,tag_infrastructure_security,TAGGED,DTOP-OLD
stmt_mat_idp_012,tag_secure_system_development,TAGGED,DTOP-OLD
stmt_mat_idp_012,tag_security_baselines,TAGGED,DTOP-OLD
stmt_mat_idp_012,tag_technology_development_lifecycle,TAGGED,DTOP-OLD
stmt_mat_idp_013,tag_application_security_testing,TAGGED,DTOP-OLD
stmt_mat_idp_013,tag_cryptography_management,TAGGED,DTOP-OLD
stmt_mat_idp_013,tag_patch_management,TAGGED,DTOP-OLD
stmt_mat_idp_013,tag_penetration_testing,TAGGED,DTOP-OLD
stmt_mat_idp_013,tag_secure_system_development,TAGGED,DTOP-OLD
stmt_mat_idp_013,tag_technology_development_lifecycle,TAGGED,DTOP-OLD
stmt_mat_idp_013,tag_vulnerability_management,TAGGED,DTOP-OLD
stmt_mat_idp_014,tag_application_security_testing,TAGGED,DTOP-OLD
stmt_mat_idp_014,tag_patch_management,TAGGED,DTOP-OLD
stmt_mat_idp_014,tag_secure_system_development,TAGGED,DTOP-OLD
stmt_mat_idp_014,tag_technology_development_lifecycle,TAGGED,DTOP-OLD
stmt_mat_idp_014,tag_vulnerability_management,TAGGED,DTOP-OLD
stmt_mat_idp_015,tag_architecture,TAGGED,DTOP-OLD
stmt_mat_idp_015,tag_data_protection,TAGGED,DTOP-OLD
stmt_mat_idp_015,tag_policy_management,TAGGED,DTOP-OLD
stmt_mat_idp_015,tag_security_baselines,TAGGED,DTOP-OLD
stmt_mat_idp_016,tag_architecture,TAGGED,DTOP-OLD
stmt_mat_idp_016,tag_boundary_protection,TAGGED,DTOP-OLD
stmt_mat_idp_016,tag_infrastructure_security,TAGGED,DTOP-OLD
stmt_mat_idp_016,tag_network_diagrams,TAGGED,DTOP-OLD
stmt_mat_idp_016,tag_network_segmentation,TAGGED,DTOP-OLD
stmt_mat_idp_017,tag_architecture,TAGGED,DTOP-OLD
stmt_mat_idp_017,tag_boundary_protection,TAGGED,DTOP-OLD
stmt_mat_idp_017,tag_endpoint_security,TAGGED,DTOP-OLD
stmt_mat_idp_017,tag_infrastructure_security,TAGGED,DTOP-OLD
stmt_mat_idp_017,tag_network_diagrams,TAGGED,DTOP-OLD
stmt_mat_idp_017,tag_network_segmentation,TAGGED,DTOP-OLD
stmt_mat_idp_017,tag_security_baselines,TAGGED,DTOP-OLD
stmt_mat_idp_018,tag_architecture,TAGGED,DTOP-OLD
stmt_mat_idp_018,tag_authentication,TAGGED,DTOP-OLD
stmt_mat_idp_018,tag_authorization,TAGGED,DTOP-OLD
stmt_mat_idp_018,tag_boundary_protection,TAGGED,DTOP-OLD
stmt_mat_idp_018,tag_infrastructure_protection,TAGGED,DTOP-OLD
stmt_mat_idp_018,tag_network_diagrams,TAGGED,DTOP-OLD
stmt_mat_idp_018,tag_network_segmentation,TAGGED,DTOP-OLD
stmt_mat_idp_019,tag_architecture,TAGGED,DTOP-OLD
stmt_mat_idp_019,tag_data_protection,TAGGED,DTOP-OLD
stmt_mat_idp_019,tag_encryption,TAGGED,DTOP-OLD
stmt_mat_idp_019,tag_identity_and_access_management,TAGGED,DTOP-OLD
stmt_mat_idp_019,tag_network_segmentation,TAGGED,DTOP-OLD
stmt_mat_idp_019,tag_separation_of_duties,TAGGED,DTOP-OLD
stmt_mat_idp_020,tag_architecture,TAGGED,DTOP-OLD
stmt_mat_idp_020,tag_critical_infrastructure,TAGGED,DTOP-OLD
stmt_mat_idp_020,tag_data_backup,TAGGED,DTOP-OLD
stmt_mat_idp_020,tag_disaster_recovery,TAGGED,DTOP-OLD
stmt_mat_idp_020,tag_hotswap,TAGGED,DTOP-OLD
stmt_mat_idp_020,tag_incident_management,TAGGED,DTOP-OLD
stmt_mat_idp_020,tag_resilience,TAGGED,DTOP-OLD
stmt_mat_idp_020,tag_technology_availability,TAGGED,DTOP-OLD
stmt_mat_idp_021,tag_architecture,TAGGED,DTOP-OLD
stmt_mat_idp_021,tag_security_logging_monitoring_and_alerting,TAGGED,DTOP-OLD
stmt_mat_idp_022,tag_asset_management,TAGGED,DTOP-OLD
stmt_mat_idp_022,tag_facilities_management,TAGGED,DTOP-OLD
stmt_mat_idp_022,tag_identity_and_access_management,TAGGED,DTOP-OLD
stmt_mat_idp_022,tag_physical_access,TAGGED,DTOP-OLD
stmt_mat_idp_022,tag_physical_infrastructure,TAGGED,DTOP-OLD
stmt_mat_idp_022,tag_security_logging_monitoring_and_alerting,TAGGED,DTOP-OLD
stmt_mat_idp_023,tag_asset_management,TAGGED,DTOP-OLD
stmt_mat_idp_023,tag_critical_infrastructure,TAGGED,DTOP-OLD
stmt_mat_idp_023,tag_data_backup,TAGGED,DTOP-OLD
stmt_mat_idp_023,tag_data_integrity,TAGGED,DTOP-OLD
stmt_mat_idp_023,tag_disaster_recovery,TAGGED,DTOP-OLD
stmt_mat_idp_023,tag_policy_management,TAGGED,DTOP-OLD
stmt_mat_idp_023,tag_resilience,TAGGED,DTOP-OLD
stmt_mat_idp_024,tag_asset_management,TAGGED,DTOP-OLD
stmt_mat_idp_024,tag_vulnerability_management,TAGGED,DTOP-OLD
stmt_mat_idp_025,tag_authentication,TAGGED,DTOP-OLD
stmt_mat_idp_025,tag_authorization,TAGGED,DTOP-OLD
stmt_mat_idp_025,tag_credential_management,TAGGED,DTOP-OLD
stmt_mat_idp_025,tag_identity_and_access_management,TAGGED,DTOP-OLD
stmt_mat_idp_026,tag_authentication,TAGGED,DTOP-OLD
stmt_mat_idp_026,tag_authorization,TAGGED,DTOP-OLD
stmt_mat_idp_026,tag_credential_management,TAGGED,DTOP-OLD
stmt_mat_idp_026,tag_identity_and_access_management,TAGGED,DTOP-OLD
stmt_mat_idp_026,tag_security_logging_monitoring_and_alerting,TAGGED,DTOP-OLD
stmt_mat_idp_027,tag_authentication,TAGGED,DTOP-OLD
stmt_mat_idp_027,tag_authorization,TAGGED,DTOP-OLD
stmt_mat_idp_027,tag_credential_management,TAGGED,DTOP-OLD
stmt_mat_idp_027,tag_identity_and_access_management,TAGGED,DTOP-OLD
stmt_mat_idp_027,tag_multi_factor_authentication,TAGGED,DTOP-OLD
stmt_mat_idp_027,tag_risk_management,TAGGED,DTOP-OLD
stmt_mat_idp_028,tag_authentication,TAGGED,DTOP-OLD
stmt_mat_idp_028,tag_authorization,TAGGED,DTOP-OLD
stmt_mat_idp_028,tag_identity_and_access_management,TAGGED,DTOP-OLD
stmt_mat_idp_028,tag_least_privileged_access,TAGGED,DTOP-OLD
stmt_mat_idp_028,tag_privileged_access,TAGGED,DTOP-OLD
stmt_mat_idp_029,tag_authentication,TAGGED,DTOP-OLD
stmt_mat_idp_029,tag_fraud,TAGGED,DTOP-OLD
stmt_mat_idp_029,tag_identity_and_access_management,TAGGED,DTOP-OLD
stmt_mat_idp_029,tag_program_maturity,TAGGED,DTOP-OLD
stmt_mat_idp_030,tag_authentication,TAGGED,DTOP-OLD
stmt_mat_idp_030,tag_authorization,TAGGED,DTOP-OLD
stmt_mat_idp_030,tag_credential_management,TAGGED,DTOP-OLD
stmt_mat_idp_030,tag_identity_and_access_management,TAGGED,DTOP-OLD
stmt_mat_idp_031,tag_authentication,TAGGED,DTOP-OLD
stmt_mat_idp_031,tag_authorization,TAGGED,DTOP-OLD
stmt_mat_idp_031,tag_critical_infrastructure,TAGGED,DTOP-OLD
stmt_mat_idp_031,tag_data_classification,TAGGED,DTOP-OLD
stmt_mat_idp_031,tag_data_integrity,TAGGED,DTOP-OLD
stmt_mat_idp_031,tag_data_protection,TAGGED,DTOP-OLD
stmt_mat_idp_031,tag_encryption,TAGGED,DTOP-OLD
stmt_mat_idp_031,tag_identity_and_access_management,TAGGED,DTOP-OLD
stmt_mat_idp_031,tag_obfuscation,TAGGED,DTOP-OLD
stmt_mat_idp_031,tag_policy_management,TAGGED,DTOP-OLD
stmt_mat_idp_031,tag_security_logging_monitoring_and_alerting,TAGGED,DTOP-OLD
stmt_mat_idp_031,tag_separation_of_duties,TAGGED,DTOP-OLD
stmt_mat_idp_032,tag_authentication,TAGGED,DTOP-OLD
stmt_mat_idp_032,tag_authorization,TAGGED,DTOP-OLD
stmt_mat_idp_032,tag_data_loss_prevention,TAGGED,DTOP-OLD
stmt_mat_idp_032,tag_insider_threat,TAGGED,DTOP-OLD
stmt_mat_idp_032,tag_security_logging_monitoring_and_alerting,TAGGED,DTOP-OLD
stmt_mat_idp_033,tag_authentication,TAGGED,DTOP-OLD
stmt_mat_idp_033,tag_authorization,TAGGED,DTOP-OLD
stmt_mat_idp_033,tag_critical_infrastructure,TAGGED,DTOP-OLD
stmt_mat_idp_033,tag_data_classification,TAGGED,DTOP-OLD
stmt_mat_idp_033,tag_data_integrity,TAGGED,DTOP-OLD
stmt_mat_idp_033,tag_data_protection,TAGGED,DTOP-OLD
stmt_mat_idp_033,tag_encryption,TAGGED,DTOP-OLD
stmt_mat_idp_033,tag_identity_and_access_management,TAGGED,DTOP-OLD
stmt_mat_idp_033,tag_obfuscation,TAGGED,DTOP-OLD
stmt_mat_idp_033,tag_policy_management,TAGGED,DTOP-OLD
stmt_mat_idp_033,tag_security_logging_monitoring_and_alerting,TAGGED,DTOP-OLD
stmt_mat_idp_034,tag_authentication,TAGGED,DTOP-OLD
stmt_mat_idp_034,tag_authorization,TAGGED,DTOP-OLD
stmt_mat_idp_034,tag_critical_infrastructure,TAGGED,DTOP-OLD
stmt_mat_idp_034,tag_data_classification,TAGGED,DTOP-OLD
stmt_mat_idp_034,tag_data_integrity,TAGGED,DTOP-OLD
stmt_mat_idp_034,tag_data_protection,TAGGED,DTOP-OLD
stmt_mat_idp_034,tag_encryption,TAGGED,DTOP-OLD
stmt_mat_idp_034,tag_identity_and_access_management,TAGGED,DTOP-OLD
stmt_mat_idp_034,tag_obfuscation,TAGGED,DTOP-OLD
stmt_mat_idp_034,tag_policy_management,TAGGED,DTOP-OLD
stmt_mat_idp_034,tag_security_logging_monitoring_and_alerting,TAGGED,DTOP-OLD
stmt_mat_idp_035,tag_authentication,TAGGED,DTOP-OLD
stmt_mat_idp_035,tag_resilience,TAGGED,DTOP-OLD
stmt_mat_idp_035,tag_security_baselines,TAGGED,DTOP-OLD
stmt_mat_idp_035,tag_security_logging_monitoring_and_alerting,TAGGED,DTOP-OLD
stmt_mat_idp_036,tag_authentication,TAGGED,DTOP-OLD
stmt_mat_idp_036,tag_authorization,TAGGED,DTOP-OLD
stmt_mat_idp_036,tag_identity_and_access_management,TAGGED,DTOP-OLD
stmt_mat_idp_036,tag_infrastructure_security,TAGGED,DTOP-OLD
stmt_mat_idp_036,tag_physical_security,TAGGED,DTOP-OLD
stmt_mat_idp_036,tag_policy_management,TAGGED,DTOP-OLD
stmt_mat_idp_036,tag_privileged_access,TAGGED,DTOP-OLD
stmt_mat_idp_036,tag_remote_access,TAGGED,DTOP-OLD
stmt_mat_idp_037,tag_authentication,TAGGED,DTOP-OLD
stmt_mat_idp_037,tag_authorization,TAGGED,DTOP-OLD
stmt_mat_idp_037,tag_encryption,TAGGED,DTOP-OLD
stmt_mat_idp_037,tag_identity_and_access_management,TAGGED,DTOP-OLD
stmt_mat_idp_037,tag_multi_factor_authentication,TAGGED,DTOP-OLD
stmt_mat_idp_037,tag_remote_access,TAGGED,DTOP-OLD
stmt_mat_idp_037,tag_session_management,TAGGED,DTOP-OLD
stmt_mat_idp_038,tag_authorization,TAGGED,DTOP-OLD
stmt_mat_idp_038,tag_identity_and_access_management,TAGGED,DTOP-OLD
stmt_mat_idp_038,tag_least_privileged_access,TAGGED,DTOP-OLD
stmt_mat_idp_038,tag_physical_security,TAGGED,DTOP-OLD
stmt_mat_idp_038,tag_training_and_awareness,TAGGED,DTOP-OLD
stmt_mat_idp_039,tag_authorization,TAGGED,DTOP-OLD
stmt_mat_idp_039,tag_least_privileged_access,TAGGED,DTOP-OLD
stmt_mat_idp_039,tag_separation_of_duties,TAGGED,DTOP-OLD
stmt_mat_idp_040,tag_authorization,TAGGED,DTOP-OLD
stmt_mat_idp_040,tag_least_privileged_access,TAGGED,DTOP-OLD
stmt_mat_idp_040,tag_separation_of_duties,TAGGED,DTOP-OLD
stmt_mat_idp_041,tag_business_impact_analysis,TAGGED,DTOP-OLD
stmt_mat_idp_041,tag_critical_infrastructure,TAGGED,DTOP-OLD
stmt_mat_idp_041,tag_risk_management,TAGGED,DTOP-OLD
stmt_mat_idp_042,tag_compliance,TAGGED,DTOP-OLD
stmt_mat_idp_042,tag_data_protection,TAGGED,DTOP-OLD
stmt_mat_idp_042,tag_incident_management,TAGGED,DTOP-OLD
stmt_mat_idp_042,tag_review_assessment_and_testing,TAGGED,DTOP-OLD
stmt_mat_idp_042,tag_supply_chain_management,TAGGED,DTOP-OLD
stmt_mat_idp_042,tag_third_party_risk_management,TAGGED,DTOP-OLD
stmt_mat_idp_042,tag_training_and_awareness,TAGGED,DTOP-OLD
stmt_mat_idp_043,tag_compliance,TAGGED,DTOP-OLD
stmt_mat_idp_043,tag_policy_management,TAGGED,DTOP-OLD
stmt_mat_idp_043,tag_risk_management,TAGGED,DTOP-OLD
stmt_mat_idp_043,tag_threat_landscape,TAGGED,DTOP-OLD
stmt_mat_idp_043,tag_threat_management,TAGGED,DTOP-OLD
stmt_mat_idp_043,tag_training_and_awareness,TAGGED,DTOP-OLD
stmt_mat_idp_044,tag_compliance,TAGGED,DTOP-OLD
stmt_mat_idp_044,tag_data_protection,TAGGED,DTOP-OLD
stmt_mat_idp_044,tag_encryption,TAGGED,DTOP-OLD
stmt_mat_idp_044,tag_industry_standards,TAGGED,DTOP-OLD
stmt_mat_idp_044,tag_obfuscation,TAGGED,DTOP-OLD
stmt_mat_idp_044,tag_policy_management,TAGGED,DTOP-OLD
stmt_mat_idp_045,tag_critical_infrastructure,TAGGED,DTOP-OLD
stmt_mat_idp_045,tag_data_backup,TAGGED,DTOP-OLD
stmt_mat_idp_045,tag_facilities_management,TAGGED,DTOP-OLD
stmt_mat_idp_045,tag_physical_security,TAGGED,DTOP-OLD
stmt_mat_idp_045,tag_policy_management,TAGGED,DTOP-OLD
stmt_mat_idp_045,tag_resilience,TAGGED,DTOP-OLD
stmt_mat_idp_045,tag_risk_management,TAGGED,DTOP-OLD
stmt_mat_idp_045,tag_technology_availability,TAGGED,DTOP-OLD
stmt_mat_idp_046,tag_critical_infrastructure,TAGGED,DTOP-OLD
stmt_mat_idp_046,tag_resilience,TAGGED,DTOP-OLD
stmt_mat_idp_046,tag_security_logging_monitoring_and_alerting,TAGGED,DTOP-OLD
stmt_mat_idp_046,tag_technology_availability,TAGGED,DTOP-OLD
stmt_mat_idp_047,tag_cryptography_management,TAGGED,DTOP-OLD
stmt_mat_idp_048,tag_data_classification,TAGGED,DTOP-OLD
stmt_mat_idp_048,tag_data_protection,TAGGED,DTOP-OLD
stmt_mat_idp_048,tag_encryption,TAGGED,DTOP-OLD
stmt_mat_idp_048,tag_obfuscation,TAGGED,DTOP-OLD
stmt_mat_idp_048,tag_policy_management,TAGGED,DTOP-OLD
stmt_mat_idp_048,tag_risk_management,TAGGED,DTOP-OLD
stmt_mat_idp_049,tag_data_loss_prevention,TAGGED,DTOP-OLD
stmt_mat_idp_049,tag_infrastructure_security,TAGGED,DTOP-OLD
stmt_mat_idp_049,tag_malware_protection,TAGGED,DTOP-OLD
stmt_mat_idp_050,tag_data_protection,TAGGED,DTOP-OLD
stmt_mat_idp_050,tag_facilities_management,TAGGED,DTOP-OLD
stmt_mat_idp_050,tag_physical_access,TAGGED,DTOP-OLD
stmt_mat_idp_050,tag_policy_management,TAGGED,DTOP-OLD
stmt_mat_idp_050,tag_session_management,TAGGED,DTOP-OLD
stmt_mat_idp_051,tag_data_protection,TAGGED,DTOP-OLD
stmt_mat_idp_051,tag_data_retention,TAGGED,DTOP-OLD
stmt_mat_idp_051,tag_least_privileged_access,TAGGED,DTOP-OLD
stmt_mat_idp_051,tag_policy_management,TAGGED,DTOP-OLD
stmt_mat_idp_051,tag_security_logging_monitoring_and_alerting,TAGGED,DTOP-OLD
stmt_mat_idp_052,tag_data_retention,TAGGED,DTOP-OLD
stmt_mat_idp_052,tag_security_logging_monitoring_and_alerting,TAGGED,DTOP-OLD
stmt_mat_idp_052,tag_system_integrity,TAGGED,DTOP-OLD
stmt_mat_idp_053,tag_disaster_recovery,TAGGED,DTOP-OLD
stmt_mat_idp_053,tag_incident_management,TAGGED,DTOP-OLD
stmt_mat_idp_053,tag_staffing_and_resource_management,TAGGED,DTOP-OLD
stmt_mat_idp_053,tag_training_and_awareness,TAGGED,DTOP-OLD
stmt_mat_idp_054,tag_emerging_technologies,TAGGED,DTOP-OLD
stmt_mat_idp_054,tag_risk_management,TAGGED,DTOP-OLD
stmt_mat_idp_054,tag_threat_landscape,TAGGED,DTOP-OLD
stmt_mat_idp_054,tag_training_and_awareness,TAGGED,DTOP-OLD
stmt_mat_idp_055,tag_emerging_technologies,TAGGED,DTOP-OLD
stmt_mat_idp_055,tag_network_segmentation,TAGGED,DTOP-OLD
stmt_mat_idp_055,tag_patch_management,TAGGED,DTOP-OLD
stmt_mat_idp_055,tag_security_baselines,TAGGED,DTOP-OLD
stmt_mat_idp_055,tag_system_hardening,TAGGED,DTOP-OLD
stmt_mat_idp_056,tag_end_user_security,TAGGED,DTOP-OLD
stmt_mat_idp_056,tag_endpoint_security,TAGGED,DTOP-OLD
stmt_mat_idp_056,tag_infrastructure_protection,TAGGED,DTOP-OLD
stmt_mat_idp_056,tag_mobile_device_management,TAGGED,DTOP-OLD
stmt_mat_idp_056,tag_patch_management,TAGGED,DTOP-OLD
stmt_mat_idp_056,tag_policy_management,TAGGED,DTOP-OLD
stmt_mat_idp_057,tag_endpoint_security,TAGGED,DTOP-OLD
stmt_mat_idp_057,tag_infrastructure_security,TAGGED,DTOP-OLD
stmt_mat_idp_057,tag_malware_protection,TAGGED,DTOP-OLD
stmt_mat_idp_057,tag_policy_management,TAGGED,DTOP-OLD
stmt_mat_idp_057,tag_security_logging_monitoring_and_alerting,TAGGED,DTOP-OLD
stmt_mat_idp_058,tag_endpoint_security,TAGGED,DTOP-OLD
stmt_mat_idp_058,tag_malware_protection,TAGGED,DTOP-OLD
stmt_mat_idp_058,tag_mobile_device_management,TAGGED,DTOP-OLD
stmt_mat_idp_058,tag_security_baselines,TAGGED,DTOP-OLD
stmt_mat_idp_058,tag_security_logging_monitoring_and_alerting,TAGGED,DTOP-OLD
stmt_mat_idp_059,tag_endpoint_security,TAGGED,DTOP-OLD
stmt_mat_idp_059,tag_infrastructure_security,TAGGED,DTOP-OLD
stmt_mat_idp_059,tag_malware_protection,TAGGED,DTOP-OLD
stmt_mat_idp_059,tag_policy_management,TAGGED,DTOP-OLD
stmt_mat_idp_060,tag_forensics,TAGGED,DTOP-OLD
stmt_mat_idp_060,tag_incident_management,TAGGED,DTOP-OLD
stmt_mat_idp_060,tag_staffing_and_resource_management,TAGGED,DTOP-OLD
stmt_mat_idp_060,tag_training_and_awareness,TAGGED,DTOP-OLD
stmt_mat_idp_061,tag_incident_management,TAGGED,DTOP-OLD
stmt_mat_idp_061,tag_issue_management,TAGGED,DTOP-OLD
stmt_mat_idp_061,tag_lessons_learned,TAGGED,DTOP-OLD
stmt_mat_idp_061,tag_metrics_and_reporting,TAGGED,DTOP-OLD
stmt_mat_idp_061,tag_root_cause_analysis,TAGGED,DTOP-OLD
stmt_mat_idp_062,tag_infrastructure_security,TAGGED,DTOP-OLD
stmt_mat_idp_062,tag_resilience,TAGGED,DTOP-OLD
stmt_mat_idp_062,tag_security_logging_monitoring_and_alerting,TAGGED,DTOP-OLD
stmt_mat_idp_063,tag_organizational_structure,TAGGED,DTOP-OLD
stmt_mat_idp_063,tag_risk_oversight,TAGGED,DTOP-OLD
stmt_mat_idp_063,tag_training_and_awareness,TAGGED,DTOP-OLD
stmt_mat_idp_064,tag_policy_management,TAGGED,DTOP-OLD
stmt_mat_idp_064,tag_threat_management,TAGGED,DTOP-OLD
stmt_mat_idp_064,tag_training_and_awareness,TAGGED,DTOP-OLD
stmt_mat_idp_064,tag_vulnerability_management,TAGGED,DTOP-OLD
stmt_mat_idp_065,tag_policy_management,TAGGED,DTOP-OLD
stmt_mat_idp_065,tag_secure_system_development,TAGGED,DTOP-OLD
stmt_mat_idp_065,tag_technology_development_lifecycle,TAGGED,DTOP-OLD
stmt_mat_idp_066,tag_risk_oversight,TAGGED,DTOP-OLD
stmt_mat_idp_066,tag_staffing_and_resource_management,TAGGED,DTOP-OLD
stmt_mat_idp_066,tag_training_and_awareness,TAGGED,DTOP-OLD
stmt_mat_idp_067,tag_security_baselines,TAGGED,DTOP-OLD
stmt_mat_idp_067,tag_security_logging_monitoring_and_alerting,TAGGED,DTOP-OLD
stmt_mat_idp_067,tag_system_hardening,TAGGED,DTOP-OLD
stmt_mat_idp_067,tag_vulnerability_management,TAGGED,DTOP-OLD
stmt_mat_idp_068,tag_security_baselines,TAGGED,DTOP-OLD
stmt_mat_idp_068,tag_security_logging_monitoring_and_alerting,TAGGED,DTOP-OLD
stmt_mat_idp_068,tag_system_hardening,TAGGED,DTOP-OLD
stmt_mat_idp_068,tag_technology_availability,TAGGED,DTOP-OLD
stmt_mat_idp_069,tag_security_baselines,TAGGED,DTOP-OLD
stmt_mat_idp_069,tag_system_hardening,TAGGED,DTOP-OLD
stmt_mat_idp_070,tag_staffing_and_resource_management,TAGGED,DTOP-OLD
stmt_mat_idp_070,tag_threat_landscape,TAGGED,DTOP-OLD
stmt_mat_idp_070,tag_threat_management,TAGGED,DTOP-OLD
stmt_mat_idp_070,tag_training_and_awareness,TAGGED,DTOP-OLD
stmt_mat_idp_071,tag_staffing_and_resource_management,TAGGED,DTOP-OLD
stmt_mat_idp_071,tag_training_and_awareness,TAGGED,DTOP-OLD
stmt_mat_idp_072,tag_staffing_and_resource_management,TAGGED,DTOP-OLD
stmt_mat_idp_072,tag_training_and_awareness,TAGGED,DTOP-OLD
stmt_mat_idp_073,tag_technology_development_lifecycle,TAGGED,DTOP-OLD
stmt_mat_idp_074,tag_training_and_awareness,TAGGED,DTOP-OLD
stmt_mat_idp_075,tag_authentication,TAGGED,DTOP-OLD
stmt_mat_idp_075,tag_authorization,TAGGED,DTOP-OLD
stmt_mat_idp_075,tag_identity_and_access_management,TAGGED,DTOP-OLD
stmt_mat_idp_075,tag_least_privileged_access,TAGGED,DTOP-OLD
stmt_mat_idp_075,tag_privileged_access,TAGGED,DTOP-OLD
stmt_mat_idp_076,tag_risk_oversight,TAGGED,DTOP-OLD
stmt_mat_idp_076,tag_staffing_and_resource_management,TAGGED,DTOP-OLD
stmt_mat_idp_076,tag_training_and_awareness,TAGGED,DTOP-OLD
stmt_mat_xdr_001,tag_access_management,TAGGED,DTOP-OLD
stmt_mat_xdr_001,tag_authentication,TAGGED,DTOP-OLD
stmt_mat_xdr_001,tag_authorization,TAGGED,DTOP-OLD
stmt_mat_xdr_001,tag_credential_management,TAGGED,DTOP-OLD
stmt_mat_xdr_001,tag_identity_and_access_management,TAGGED,DTOP-OLD
stmt_mat_xdr_001,tag_multi_factor_authentication,TAGGED,DTOP-OLD
stmt_mat_xdr_001,tag_privileged_access,TAGGED,DTOP-OLD
stmt_mat_xdr_001,tag_session_management,TAGGED,DTOP-OLD
stmt_mat_xdr_002,tag_credential_management,TAGGED,DTOP-OLD
stmt_mat_xdr_002,tag_identity_and_access_management,TAGGED,DTOP-OLD
stmt_mat_xdr_002,tag_policy_management,TAGGED,DTOP-OLD
stmt_mat_xdr_002,tag_privileged_access,TAGGED,DTOP-OLD
stmt_mat_xdr_003,tag_access_management,TAGGED,DTOP-OLD
stmt_mat_xdr_003,tag_identity_and_access_management,TAGGED,DTOP-OLD
stmt_mat_xdr_003,tag_policy_management,TAGGED,DTOP-OLD
stmt_mat_xdr_003,tag_supply_chain_management,TAGGED,DTOP-OLD
stmt_mat_xdr_003,tag_third_party_risk_management,TAGGED,DTOP-OLD
stmt_mat_xdr_004,tag_application_security,TAGGED,DTOP-OLD
stmt_mat_xdr_004,tag_application_security_testing,TAGGED,DTOP-OLD
stmt_mat_xdr_004,tag_enterprise_risk_management,TAGGED,DTOP-OLD
stmt_mat_xdr_004,tag_issue_management,TAGGED,DTOP-OLD
stmt_mat_xdr_004,tag_penetration_testing,TAGGED,DTOP-OLD
stmt_mat_xdr_004,tag_policy_management,TAGGED,DTOP-OLD
stmt_mat_xdr_004,tag_vulnerability_management,TAGGED,DTOP-OLD
stmt_mat_xdr_005,tag_application_security,TAGGED,DTOP-OLD
stmt_mat_xdr_005,tag_application_security_testing,TAGGED,DTOP-OLD
stmt_mat_xdr_005,tag_issue_management,TAGGED,DTOP-OLD
stmt_mat_xdr_005,tag_penetration_testing,TAGGED,DTOP-OLD
stmt_mat_xdr_005,tag_policy_management,TAGGED,DTOP-OLD
stmt_mat_xdr_005,tag_review_assessment_and_testing,TAGGED,DTOP-OLD
stmt_mat_xdr_005,tag_risk_management,TAGGED,DTOP-OLD
stmt_mat_xdr_005,tag_vulnerability_management,TAGGED,DTOP-OLD
stmt_mat_xdr_006,tag_application_security,TAGGED,DTOP-OLD
stmt_mat_xdr_006,tag_asset_management,TAGGED,DTOP-OLD
stmt_mat_xdr_006,tag_patch_management,TAGGED,DTOP-OLD
stmt_mat_xdr_006,tag_security_baselines,TAGGED,DTOP-OLD
stmt_mat_xdr_006,tag_system_hardening,TAGGED,DTOP-OLD
stmt_mat_xdr_006,tag_vulnerability_management,TAGGED,DTOP-OLD
stmt_mat_xdr_007,tag_application_security,TAGGED,DTOP-OLD
stmt_mat_xdr_007,tag_data_protection,TAGGED,DTOP-OLD
stmt_mat_xdr_007,tag_encryption,TAGGED,DTOP-OLD
stmt_mat_xdr_007,tag_infrastructure_security,TAGGED,DTOP-OLD
stmt_mat_xdr_007,tag_mobile_device_management,TAGGED,DTOP-OLD
stmt_mat_xdr_007,tag_patch_management,TAGGED,DTOP-OLD
stmt_mat_xdr_007,tag_security_baselines,TAGGED,DTOP-OLD
stmt_mat_xdr_007,tag_security_logging_monitoring_and_alerting,TAGGED,DTOP-OLD
stmt_mat_xdr_007,tag_system_integrity,TAGGED,DTOP-OLD
stmt_mat_xdr_007,tag_vulnerability_management,TAGGED,DTOP-OLD
stmt_mat_xdr_008,tag_application_security,TAGGED,DTOP-OLD
stmt_mat_xdr_008,tag_authentication,TAGGED,DTOP-OLD
stmt_mat_xdr_008,tag_authorization,TAGGED,DTOP-OLD
stmt_mat_xdr_008,tag_endpoint_security,TAGGED,DTOP-OLD
stmt_mat_xdr_008,tag_infrastructure_security,TAGGED,DTOP-OLD
stmt_mat_xdr_008,tag_multi_factor_authentication,TAGGED,DTOP-OLD
stmt_mat_xdr_008,tag_security_baselines,TAGGED,DTOP-OLD
stmt_mat_xdr_008,tag_security_logging_monitoring_and_alerting,TAGGED,DTOP-OLD
stmt_mat_xdr_009,tag_application_security,TAGGED,DTOP-OLD
stmt_mat_xdr_009,tag_asset_management,TAGGED,DTOP-OLD
stmt_mat_xdr_009,tag_patch_management,TAGGED,DTOP-OLD
stmt_mat_xdr_009,tag_vulnerability_management,TAGGED,DTOP-OLD
stmt_mat_xdr_010,tag_application_security,TAGGED,DTOP-OLD
stmt_mat_xdr_010,tag_application_security_testing,TAGGED,DTOP-OLD
stmt_mat_xdr_010,tag_policy_management,TAGGED,DTOP-OLD
stmt_mat_xdr_010,tag_vulnerability_management,TAGGED,DTOP-OLD
stmt_mat_xdr_011,tag_application_security,TAGGED,DTOP-OLD
stmt_mat_xdr_011,tag_application_security_testing,TAGGED,DTOP-OLD
stmt_mat_xdr_011,tag_secure_system_development,TAGGED,DTOP-OLD
stmt_mat_xdr_011,tag_security_baselines,TAGGED,DTOP-OLD
stmt_mat_xdr_011,tag_technology_development_lifecycle,TAGGED,DTOP-OLD
stmt_mat_xdr_011,tag_vulnerability_management,TAGGED,DTOP-OLD
stmt_mat_xdr_012,tag_application_security,TAGGED,DTOP-OLD
stmt_mat_xdr_012,tag_architecture,TAGGED,DTOP-OLD
stmt_mat_xdr_012,tag_cryptography_management,TAGGED,DTOP-OLD
stmt_mat_xdr_012,tag_infrastructure_security,TAGGED,DTOP-OLD
stmt_mat_xdr_012,tag_mission_and_strategy,TAGGED,DTOP-OLD
stmt_mat_xdr_012,tag_resilience,TAGGED,DTOP-OLD
stmt_mat_xdr_013,tag_application_security,TAGGED,DTOP-OLD
stmt_mat_xdr_013,tag_architecture,TAGGED,DTOP-OLD
stmt_mat_xdr_013,tag_infrastructure_security,TAGGED,DTOP-OLD
stmt_mat_xdr_013,tag_resilience,TAGGED,DTOP-OLD
stmt_mat_xdr_013,tag_secure_system_development,TAGGED,DTOP-OLD
stmt_mat_xdr_013,tag_security_baselines,TAGGED,DTOP-OLD
stmt_mat_xdr_013,tag_technology_development_lifecycle,TAGGED,DTOP-OLD
stmt_mat_xdr_014,tag_application_security,TAGGED,DTOP-OLD
stmt_mat_xdr_014,tag_application_security_testing,TAGGED,DTOP-OLD
stmt_mat_xdr_014,tag_architecture,TAGGED,DTOP-OLD
stmt_mat_xdr_014,tag_cryptography_management,TAGGED,DTOP-OLD
stmt_mat_xdr_014,tag_data_protection,TAGGED,DTOP-OLD
stmt_mat_xdr_014,tag_infrastructure_security,TAGGED,DTOP-OLD
stmt_mat_xdr_014,tag_secure_system_development,TAGGED,DTOP-OLD
stmt_mat_xdr_014,tag_security_baselines,TAGGED,DTOP-OLD
stmt_mat_xdr_014,tag_technology_development_lifecycle,TAGGED,DTOP-OLD
stmt_mat_xdr_015,tag_application_security_testing,TAGGED,DTOP-OLD
stmt_mat_xdr_015,tag_cryptography_management,TAGGED,DTOP-OLD
stmt_mat_xdr_015,tag_patch_management,TAGGED,DTOP-OLD
stmt_mat_xdr_015,tag_penetration_testing,TAGGED,DTOP-OLD
stmt_mat_xdr_015,tag_secure_system_development,TAGGED,DTOP-OLD
stmt_mat_xdr_015,tag_technology_development_lifecycle,TAGGED,DTOP-OLD
stmt_mat_xdr_015,tag_vulnerability_management,TAGGED,DTOP-OLD
stmt_mat_xdr_016,tag_application_security_testing,TAGGED,DTOP-OLD
stmt_mat_xdr_016,tag_patch_management,TAGGED,DTOP-OLD
stmt_mat_xdr_016,tag_secure_system_development,TAGGED,DTOP-OLD
stmt_mat_xdr_016,tag_technology_development_lifecycle,TAGGED,DTOP-OLD
stmt_mat_xdr_016,tag_vulnerability_management,TAGGED,DTOP-OLD
stmt_mat_xdr_017,tag_architecture,TAGGED,DTOP-OLD
stmt_mat_xdr_017,tag_change_management,TAGGED,DTOP-OLD
stmt_mat_xdr_017,tag_data_protection,TAGGED,DTOP-OLD
stmt_mat_xdr_017,tag_policy_management,TAGGED,DTOP-OLD
stmt_mat_xdr_017,tag_resilience,TAGGED,DTOP-OLD
stmt_mat_xdr_017,tag_risk_management,TAGGED,DTOP-OLD
stmt_mat_xdr_017,tag_risk_oversight,TAGGED,DTOP-OLD
stmt_mat_xdr_018,tag_architecture,TAGGED,DTOP-OLD
stmt_mat_xdr_018,tag_disaster_recovery,TAGGED,DTOP-OLD
stmt_mat_xdr_018,tag_incident_management,TAGGED,DTOP-OLD
stmt_mat_xdr_018,tag_resilience,TAGGED,DTOP-OLD
stmt_mat_xdr_019,tag_architecture,TAGGED,DTOP-OLD
stmt_mat_xdr_019,tag_critical_infrastructure,TAGGED,DTOP-OLD
stmt_mat_xdr_019,tag_data_backup,TAGGED,DTOP-OLD
stmt_mat_xdr_019,tag_disaster_recovery,TAGGED,DTOP-OLD
stmt_mat_xdr_019,tag_hotswap,TAGGED,DTOP-OLD
stmt_mat_xdr_019,tag_incident_management,TAGGED,DTOP-OLD
stmt_mat_xdr_019,tag_resilience,TAGGED,DTOP-OLD
stmt_mat_xdr_019,tag_technology_availability,TAGGED,DTOP-OLD
stmt_mat_xdr_020,tag_architecture,TAGGED,DTOP-OLD
stmt_mat_xdr_020,tag_data_protection,TAGGED,DTOP-OLD
stmt_mat_xdr_020,tag_policy_management,TAGGED,DTOP-OLD
stmt_mat_xdr_020,tag_security_baselines,TAGGED,DTOP-OLD
stmt_mat_xdr_021,tag_architecture,TAGGED,DTOP-OLD
stmt_mat_xdr_021,tag_boundary_protection,TAGGED,DTOP-OLD
stmt_mat_xdr_021,tag_infrastructure_security,TAGGED,DTOP-OLD
stmt_mat_xdr_021,tag_network_diagrams,TAGGED,DTOP-OLD
stmt_mat_xdr_021,tag_network_segmentation,TAGGED,DTOP-OLD
stmt_mat_xdr_022,tag_architecture,TAGGED,DTOP-OLD
stmt_mat_xdr_022,tag_boundary_protection,TAGGED,DTOP-OLD
stmt_mat_xdr_022,tag_endpoint_security,TAGGED,DTOP-OLD
stmt_mat_xdr_022,tag_infrastructure_security,TAGGED,DTOP-OLD
stmt_mat_xdr_022,tag_network_diagrams,TAGGED,DTOP-OLD
stmt_mat_xdr_022,tag_network_segmentation,TAGGED,DTOP-OLD
stmt_mat_xdr_022,tag_security_baselines,TAGGED,DTOP-OLD
stmt_mat_xdr_023,tag_architecture,TAGGED,DTOP-OLD
stmt_mat_xdr_023,tag_authentication,TAGGED,DTOP-OLD
stmt_mat_xdr_023,tag_authorization,TAGGED,DTOP-OLD
stmt_mat_xdr_023,tag_boundary_protection,TAGGED,DTOP-OLD
stmt_mat_xdr_023,tag_infrastructure_protection,TAGGED,DTOP-OLD
stmt_mat_xdr_023,tag_network_diagrams,TAGGED,DTOP-OLD
stmt_mat_xdr_023,tag_network_segmentation,TAGGED,DTOP-OLD
stmt_mat_xdr_024,tag_architecture,TAGGED,DTOP-OLD
stmt_mat_xdr_024,tag_data_protection,TAGGED,DTOP-OLD
stmt_mat_xdr_024,tag_encryption,TAGGED,DTOP-OLD
stmt_mat_xdr_024,tag_identity_and_access_management,TAGGED,DTOP-OLD
stmt_mat_xdr_024,tag_network_segmentation,TAGGED,DTOP-OLD
stmt_mat_xdr_024,tag_separation_of_duties,TAGGED,DTOP-OLD
stmt_mat_xdr_025,tag_architecture,TAGGED,DTOP-OLD
stmt_mat_xdr_025,tag_critical_infrastructure,TAGGED,DTOP-OLD
stmt_mat_xdr_025,tag_data_backup,TAGGED,DTOP-OLD
stmt_mat_xdr_025,tag_disaster_recovery,TAGGED,DTOP-OLD
stmt_mat_xdr_025,tag_hotswap,TAGGED,DTOP-OLD
stmt_mat_xdr_025,tag_incident_management,TAGGED,DTOP-OLD
stmt_mat_xdr_025,tag_resilience,TAGGED,DTOP-OLD
stmt_mat_xdr_025,tag_technology_availability,TAGGED,DTOP-OLD
stmt_mat_xdr_026,tag_architecture,TAGGED,DTOP-OLD
stmt_mat_xdr_026,tag_security_logging_monitoring_and_alerting,TAGGED,DTOP-OLD
stmt_mat_xdr_027,tag_asset_classification_and_criticality,TAGGED,DTOP-OLD
stmt_mat_xdr_027,tag_asset_inventory,TAGGED,DTOP-OLD
stmt_mat_xdr_027,tag_asset_management,TAGGED,DTOP-OLD
stmt_mat_xdr_027,tag_asset_ownership,TAGGED,DTOP-OLD
stmt_mat_xdr_027,tag_critical_infrastructure,TAGGED,DTOP-OLD
stmt_mat_xdr_027,tag_physical_infrastructure,TAGGED,DTOP-OLD
stmt_mat_xdr_028,tag_asset_classification_and_criticality,TAGGED,DTOP-OLD
stmt_mat_xdr_028,tag_asset_inventory,TAGGED,DTOP-OLD
stmt_mat_xdr_028,tag_asset_management,TAGGED,DTOP-OLD
stmt_mat_xdr_028,tag_asset_ownership,TAGGED,DTOP-OLD
stmt_mat_xdr_028,tag_critical_infrastructure,TAGGED,DTOP-OLD
stmt_mat_xdr_028,tag_physical_infrastructure,TAGGED,DTOP-OLD
stmt_mat_xdr_029,tag_asset_classification_and_criticality,TAGGED,DTOP-OLD
stmt_mat_xdr_029,tag_asset_inventory,TAGGED,DTOP-OLD
stmt_mat_xdr_029,tag_asset_management,TAGGED,DTOP-OLD
stmt_mat_xdr_029,tag_asset_ownership,TAGGED,DTOP-OLD
stmt_mat_xdr_029,tag_critical_infrastructure,TAGGED,DTOP-OLD
stmt_mat_xdr_029,tag_data_lifecycle,TAGGED,DTOP-OLD
stmt_mat_xdr_029,tag_physical_infrastructure,TAGGED,DTOP-OLD
stmt_mat_xdr_030,tag_asset_classification_and_criticality,TAGGED,DTOP-OLD
stmt_mat_xdr_030,tag_asset_inventory,TAGGED,DTOP-OLD
stmt_mat_xdr_030,tag_asset_management,TAGGED,DTOP-OLD
stmt_mat_xdr_030,tag_business_impact_analysis,TAGGED,DTOP-OLD
stmt_mat_xdr_030,tag_policy_management,TAGGED,DTOP-OLD
stmt_mat_xdr_031,tag_asset_classification_and_criticality,TAGGED,DTOP-OLD
stmt_mat_xdr_031,tag_asset_inventory,TAGGED,DTOP-OLD
stmt_mat_xdr_031,tag_asset_management,TAGGED,DTOP-OLD
stmt_mat_xdr_031,tag_business_impact_analysis,TAGGED,DTOP-OLD
stmt_mat_xdr_031,tag_dependency_management,TAGGED,DTOP-OLD
stmt_mat_xdr_031,tag_policy_management,TAGGED,DTOP-OLD
stmt_mat_xdr_031,tag_vulnerability_management,TAGGED,DTOP-OLD
stmt_mat_xdr_032,tag_asset_inventory,TAGGED,DTOP-OLD
stmt_mat_xdr_032,tag_data_flow,TAGGED,DTOP-OLD
stmt_mat_xdr_032,tag_network_diagrams,TAGGED,DTOP-OLD
stmt_mat_xdr_032,tag_remote_access,TAGGED,DTOP-OLD
stmt_mat_xdr_033,tag_asset_inventory,TAGGED,DTOP-OLD
stmt_mat_xdr_033,tag_asset_management,TAGGED,DTOP-OLD
stmt_mat_xdr_033,tag_business_impact_analysis,TAGGED,DTOP-OLD
stmt_mat_xdr_033,tag_dependency_management,TAGGED,DTOP-OLD
stmt_mat_xdr_034,tag_asset_inventory,TAGGED,DTOP-OLD
stmt_mat_xdr_034,tag_asset_management,TAGGED,DTOP-OLD
stmt_mat_xdr_034,tag_critical_infrastructure,TAGGED,DTOP-OLD
stmt_mat_xdr_034,tag_data_classification,TAGGED,DTOP-OLD
stmt_mat_xdr_034,tag_data_lifecycle,TAGGED,DTOP-OLD
stmt_mat_xdr_034,tag_physical_infrastructure,TAGGED,DTOP-OLD
stmt_mat_xdr_034,tag_policy_management,TAGGED,DTOP-OLD
stmt_mat_xdr_035,tag_asset_inventory,TAGGED,DTOP-OLD
stmt_mat_xdr_035,tag_asset_management,TAGGED,DTOP-OLD
stmt_mat_xdr_035,tag_policy_management,TAGGED,DTOP-OLD
stmt_mat_xdr_036,tag_asset_management,TAGGED,DTOP-OLD
stmt_mat_xdr_036,tag_data_classification,TAGGED,DTOP-OLD
stmt_mat_xdr_036,tag_data_lifecycle,TAGGED,DTOP-OLD
stmt_mat_xdr_036,tag_data_protection,TAGGED,DTOP-OLD
stmt_mat_xdr_037,tag_asset_management,TAGGED,DTOP-OLD
stmt_mat_xdr_037,tag_infrastructure_security,TAGGED,DTOP-OLD
stmt_mat_xdr_037,tag_insider_threat,TAGGED,DTOP-OLD
stmt_mat_xdr_037,tag_physical_security,TAGGED,DTOP-OLD
stmt_mat_xdr_037,tag_risk_management,TAGGED,DTOP-OLD
stmt_mat_xdr_037,tag_staffing_and_resource_management,TAGGED,DTOP-OLD
stmt_mat_xdr_037,tag_vulnerability_management,TAGGED,DTOP-OLD
stmt_mat_xdr_038,tag_asset_management,TAGGED,DTOP-OLD
stmt_mat_xdr_038,tag_patch_management,TAGGED,DTOP-OLD
stmt_mat_xdr_038,tag_risk_management,TAGGED,DTOP-OLD
stmt_mat_xdr_038,tag_vulnerability_management,TAGGED,DTOP-OLD
stmt_mat_xdr_039,tag_asset_management,TAGGED,DTOP-OLD
stmt_mat_xdr_039,tag_facilities_management,TAGGED,DTOP-OLD
stmt_mat_xdr_039,tag_identity_and_access_management,TAGGED,DTOP-OLD
stmt_mat_xdr_039,tag_physical_access,TAGGED,DTOP-OLD
stmt_mat_xdr_039,tag_physical_infrastructure,TAGGED,DTOP-OLD
stmt_mat_xdr_039,tag_security_logging_monitoring_and_alerting,TAGGED,DTOP-OLD
stmt_mat_xdr_040,tag_asset_management,TAGGED,DTOP-OLD
stmt_mat_xdr_040,tag_critical_infrastructure,TAGGED,DTOP-OLD
stmt_mat_xdr_040,tag_data_backup,TAGGED,DTOP-OLD
stmt_mat_xdr_040,tag_data_integrity,TAGGED,DTOP-OLD
stmt_mat_xdr_040,tag_disaster_recovery,TAGGED,DTOP-OLD
stmt_mat_xdr_040,tag_policy_management,TAGGED,DTOP-OLD
stmt_mat_xdr_040,tag_resilience,TAGGED,DTOP-OLD
stmt_mat_xdr_041,tag_asset_management,TAGGED,DTOP-OLD
stmt_mat_xdr_041,tag_vulnerability_management,TAGGED,DTOP-OLD
stmt_mat_xdr_042,tag_authentication,TAGGED,DTOP-OLD
stmt_mat_xdr_042,tag_authorization,TAGGED,DTOP-OLD
stmt_mat_xdr_042,tag_data_lifecycle,TAGGED,DTOP-OLD
stmt_mat_xdr_042,tag_data_loss_prevention,TAGGED,DTOP-OLD
stmt_mat_xdr_042,tag_data_protection,TAGGED,DTOP-OLD
stmt_mat_xdr_042,tag_identity_and_access_management,TAGGED,DTOP-OLD
stmt_mat_xdr_042,tag_supply_chain_management,TAGGED,DTOP-OLD
stmt_mat_xdr_042,tag_third_party_risk_management,TAGGED,DTOP-OLD
stmt_mat_xdr_043,tag_authentication,TAGGED,DTOP-OLD
stmt_mat_xdr_043,tag_authorization,TAGGED,DTOP-OLD
stmt_mat_xdr_043,tag_credential_management,TAGGED,DTOP-OLD
stmt_mat_xdr_043,tag_identity_and_access_management,TAGGED,DTOP-OLD
stmt_mat_xdr_044,tag_authentication,TAGGED,DTOP-OLD
stmt_mat_xdr_044,tag_authorization,TAGGED,DTOP-OLD
stmt_mat_xdr_044,tag_credential_management,TAGGED,DTOP-OLD
stmt_mat_xdr_044,tag_identity_and_access_management,TAGGED,DTOP-OLD
stmt_mat_xdr_044,tag_security_logging_monitoring_and_alerting,TAGGED,DTOP-OLD
stmt_mat_xdr_045,tag_authentication,TAGGED,DTOP-OLD
stmt_mat_xdr_045,tag_authorization,TAGGED,DTOP-OLD
stmt_mat_xdr_045,tag_credential_management,TAGGED,DTOP-OLD
stmt_mat_xdr_045,tag_identity_and_access_management,TAGGED,DTOP-OLD
stmt_mat_xdr_045,tag_multi_factor_authentication,TAGGED,DTOP-OLD
stmt_mat_xdr_045,tag_risk_management,TAGGED,DTOP-OLD
stmt_mat_xdr_046,tag_authentication,TAGGED,DTOP-OLD
stmt_mat_xdr_046,tag_authorization,TAGGED,DTOP-OLD
stmt_mat_xdr_046,tag_identity_and_access_management,TAGGED,DTOP-OLD
stmt_mat_xdr_046,tag_least_privileged_access,TAGGED,DTOP-OLD
stmt_mat_xdr_046,tag_privileged_access,TAGGED,DTOP-OLD
stmt_mat_xdr_047,tag_authentication,TAGGED,DTOP-OLD
stmt_mat_xdr_047,tag_fraud,TAGGED,DTOP-OLD
stmt_mat_xdr_047,tag_identity_and_access_management,TAGGED,DTOP-OLD
stmt_mat_xdr_047,tag_program_maturity,TAGGED,DTOP-OLD
stmt_mat_xdr_048,tag_authentication,TAGGED,DTOP-OLD
stmt_mat_xdr_048,tag_authorization,TAGGED,DTOP-OLD
stmt_mat_xdr_048,tag_credential_management,TAGGED,DTOP-OLD
stmt_mat_xdr_048,tag_identity_and_access_management,TAGGED,DTOP-OLD
stmt_mat_xdr_049,tag_authentication,TAGGED,DTOP-OLD
stmt_mat_xdr_049,tag_authorization,TAGGED,DTOP-OLD
stmt_mat_xdr_049,tag_critical_infrastructure,TAGGED,DTOP-OLD
stmt_mat_xdr_049,tag_data_classification,TAGGED,DTOP-OLD
stmt_mat_xdr_049,tag_data_integrity,TAGGED,DTOP-OLD
stmt_mat_xdr_049,tag_data_protection,TAGGED,DTOP-OLD
stmt_mat_xdr_049,tag_encryption,TAGGED,DTOP-OLD
stmt_mat_xdr_049,tag_identity_and_access_management,TAGGED,DTOP-OLD
stmt_mat_xdr_049,tag_obfuscation,TAGGED,DTOP-OLD
stmt_mat_xdr_049,tag_policy_management,TAGGED,DTOP-OLD
stmt_mat_xdr_049,tag_security_logging_monitoring_and_alerting,TAGGED,DTOP-OLD
stmt_mat_xdr_049,tag_separation_of_duties,TAGGED,DTOP-OLD
stmt_mat_xdr_050,tag_authentication,TAGGED,DTOP-OLD
stmt_mat_xdr_050,tag_authorization,TAGGED,DTOP-OLD
stmt_mat_xdr_050,tag_data_loss_prevention,TAGGED,DTOP-OLD
stmt_mat_xdr_050,tag_insider_threat,TAGGED,DTOP-OLD
stmt_mat_xdr_050,tag_security_logging_monitoring_and_alerting,TAGGED,DTOP-OLD
stmt_mat_xdr_051,tag_authentication,TAGGED,DTOP-OLD
stmt_mat_xdr_051,tag_authorization,TAGGED,DTOP-OLD
stmt_mat_xdr_051,tag_critical_infrastructure,TAGGED,DTOP-OLD
stmt_mat_xdr_051,tag_data_classification,TAGGED,DTOP-OLD
stmt_mat_xdr_051,tag_data_integrity,TAGGED,DTOP-OLD
stmt_mat_xdr_051,tag_data_protection,TAGGED,DTOP-OLD
stmt_mat_xdr_051,tag_encryption,TAGGED,DTOP-OLD
stmt_mat_xdr_051,tag_identity_and_access_management,TAGGED,DTOP-OLD
stmt_mat_xdr_051,tag_obfuscation,TAGGED,DTOP-OLD
stmt_mat_xdr_051,tag_policy_management,TAGGED,DTOP-OLD
stmt_mat_xdr_051,tag_security_logging_monitoring_and_alerting,TAGGED,DTOP-OLD
stmt_mat_xdr_052,tag_authentication,TAGGED,DTOP-OLD
stmt_mat_xdr_052,tag_authorization,TAGGED,DTOP-OLD
stmt_mat_xdr_052,tag_critical_infrastructure,TAGGED,DTOP-OLD
stmt_mat_xdr_052,tag_data_classification,TAGGED,DTOP-OLD
stmt_mat_xdr_052,tag_data_integrity,TAGGED,DTOP-OLD
stmt_mat_xdr_052,tag_data_protection,TAGGED,DTOP-OLD
stmt_mat_xdr_052,tag_encryption,TAGGED,DTOP-OLD
stmt_mat_xdr_052,tag_identity_and_access_management,TAGGED,DTOP-OLD
stmt_mat_xdr_052,tag_obfuscation,TAGGED,DTOP-OLD
stmt_mat_xdr_052,tag_policy_management,TAGGED,DTOP-OLD
stmt_mat_xdr_052,tag_security_logging_monitoring_and_alerting,TAGGED,DTOP-OLD
stmt_mat_xdr_053,tag_authentication,TAGGED,DTOP-OLD
stmt_mat_xdr_053,tag_resilience,TAGGED,DTOP-OLD
stmt_mat_xdr_053,tag_security_baselines,TAGGED,DTOP-OLD
stmt_mat_xdr_053,tag_security_logging_monitoring_and_alerting,TAGGED,DTOP-OLD
stmt_mat_xdr_054,tag_authentication,TAGGED,DTOP-OLD
stmt_mat_xdr_054,tag_authorization,TAGGED,DTOP-OLD
stmt_mat_xdr_054,tag_identity_and_access_management,TAGGED,DTOP-OLD
stmt_mat_xdr_054,tag_infrastructure_security,TAGGED,DTOP-OLD
stmt_mat_xdr_054,tag_physical_security,TAGGED,DTOP-OLD
stmt_mat_xdr_054,tag_policy_management,TAGGED,DTOP-OLD
stmt_mat_xdr_054,tag_privileged_access,TAGGED,DTOP-OLD
stmt_mat_xdr_054,tag_remote_access,TAGGED,DTOP-OLD
stmt_mat_xdr_055,tag_authentication,TAGGED,DTOP-OLD
stmt_mat_xdr_055,tag_authorization,TAGGED,DTOP-OLD
stmt_mat_xdr_055,tag_encryption,TAGGED,DTOP-OLD
stmt_mat_xdr_055,tag_identity_and_access_management,TAGGED,DTOP-OLD
stmt_mat_xdr_055,tag_multi_factor_authentication,TAGGED,DTOP-OLD
stmt_mat_xdr_055,tag_remote_access,TAGGED,DTOP-OLD
stmt_mat_xdr_055,tag_session_management,TAGGED,DTOP-OLD
stmt_mat_xdr_056,tag_authorization,TAGGED,DTOP-OLD
stmt_mat_xdr_056,tag_identity_and_access_management,TAGGED,DTOP-OLD
stmt_mat_xdr_056,tag_least_privileged_access,TAGGED,DTOP-OLD
stmt_mat_xdr_056,tag_physical_security,TAGGED,DTOP-OLD
stmt_mat_xdr_056,tag_training_and_awareness,TAGGED,DTOP-OLD
stmt_mat_xdr_057,tag_authorization,TAGGED,DTOP-OLD
stmt_mat_xdr_057,tag_least_privileged_access,TAGGED,DTOP-OLD
stmt_mat_xdr_057,tag_separation_of_duties,TAGGED,DTOP-OLD
stmt_mat_xdr_058,tag_authorization,TAGGED,DTOP-OLD
stmt_mat_xdr_058,tag_least_privileged_access,TAGGED,DTOP-OLD
stmt_mat_xdr_058,tag_separation_of_duties,TAGGED,DTOP-OLD
stmt_mat_xdr_059,tag_board_or_committee_oversight,TAGGED,DTOP-OLD
stmt_mat_xdr_059,tag_enterprise_risk_management,TAGGED,DTOP-OLD
stmt_mat_xdr_059,tag_issue_management,TAGGED,DTOP-OLD
stmt_mat_xdr_059,tag_program_transformation,TAGGED,DTOP-OLD
stmt_mat_xdr_059,tag_risk_appetite,TAGGED,DTOP-OLD
stmt_mat_xdr_059,tag_risk_management,TAGGED,DTOP-OLD
stmt_mat_xdr_059,tag_risk_oversight,TAGGED,DTOP-OLD
stmt_mat_xdr_060,tag_business_impact_analysis,TAGGED,DTOP-OLD
stmt_mat_xdr_060,tag_review_assessment_and_testing,TAGGED,DTOP-OLD
stmt_mat_xdr_060,tag_risk_management,TAGGED,DTOP-OLD
stmt_mat_xdr_060,tag_threat_management,TAGGED,DTOP-OLD
stmt_mat_xdr_061,tag_business_impact_analysis,TAGGED,DTOP-OLD
stmt_mat_xdr_061,tag_critical_infrastructure,TAGGED,DTOP-OLD
stmt_mat_xdr_061,tag_disaster_recovery,TAGGED,DTOP-OLD
stmt_mat_xdr_061,tag_incident_management,TAGGED,DTOP-OLD
stmt_mat_xdr_061,tag_resilience,TAGGED,DTOP-OLD
stmt_mat_xdr_061,tag_scenario_risk_assessment,TAGGED,DTOP-OLD
stmt_mat_xdr_061,tag_vulnerability_management,TAGGED,DTOP-OLD
stmt_mat_xdr_062,tag_business_impact_analysis,TAGGED,DTOP-OLD
stmt_mat_xdr_062,tag_critical_infrastructure,TAGGED,DTOP-OLD
stmt_mat_xdr_062,tag_risk_management,TAGGED,DTOP-OLD
stmt_mat_xdr_063,tag_change_management,TAGGED,DTOP-OLD
stmt_mat_xdr_063,tag_policy_management,TAGGED,DTOP-OLD
stmt_mat_xdr_063,tag_risk_management,TAGGED,DTOP-OLD
stmt_mat_xdr_063,tag_risk_oversight,TAGGED,DTOP-OLD
stmt_mat_xdr_064,tag_change_management,TAGGED,DTOP-OLD
stmt_mat_xdr_064,tag_policy_management,TAGGED,DTOP-OLD
stmt_mat_xdr_064,tag_review_assessment_and_testing,TAGGED,DTOP-OLD
stmt_mat_xdr_064,tag_risk_management,TAGGED,DTOP-OLD
stmt_mat_xdr_065,tag_compliance,TAGGED,DTOP-OLD
stmt_mat_xdr_065,tag_data_protection,TAGGED,DTOP-OLD
stmt_mat_xdr_065,tag_data_retention,TAGGED,DTOP-OLD
stmt_mat_xdr_065,tag_policy_management,TAGGED,DTOP-OLD
stmt_mat_xdr_066,tag_compliance,TAGGED,DTOP-OLD
stmt_mat_xdr_066,tag_data_protection,TAGGED,DTOP-OLD
stmt_mat_xdr_066,tag_incident_management,TAGGED,DTOP-OLD
stmt_mat_xdr_066,tag_review_assessment_and_testing,TAGGED,DTOP-OLD
stmt_mat_xdr_066,tag_supply_chain_management,TAGGED,DTOP-OLD
stmt_mat_xdr_066,tag_third_party_risk_management,TAGGED,DTOP-OLD
stmt_mat_xdr_066,tag_training_and_awareness,TAGGED,DTOP-OLD
stmt_mat_xdr_067,tag_compliance,TAGGED,DTOP-OLD
stmt_mat_xdr_067,tag_policy_management,TAGGED,DTOP-OLD
stmt_mat_xdr_067,tag_risk_management,TAGGED,DTOP-OLD
stmt_mat_xdr_067,tag_threat_landscape,TAGGED,DTOP-OLD
stmt_mat_xdr_067,tag_threat_management,TAGGED,DTOP-OLD
stmt_mat_xdr_067,tag_training_and_awareness,TAGGED,DTOP-OLD
stmt_mat_xdr_068,tag_compliance,TAGGED,DTOP-OLD
stmt_mat_xdr_068,tag_data_protection,TAGGED,DTOP-OLD
stmt_mat_xdr_068,tag_encryption,TAGGED,DTOP-OLD
stmt_mat_xdr_068,tag_industry_standards,TAGGED,DTOP-OLD
stmt_mat_xdr_068,tag_obfuscation,TAGGED,DTOP-OLD
stmt_mat_xdr_068,tag_policy_management,TAGGED,DTOP-OLD
stmt_mat_xdr_069,tag_critical_infrastructure,TAGGED,DTOP-OLD
stmt_mat_xdr_069,tag_threat_landscape,TAGGED,DTOP-OLD
stmt_mat_xdr_069,tag_threat_management,TAGGED,DTOP-OLD
stmt_mat_xdr_070,tag_critical_infrastructure,TAGGED,DTOP-OLD
stmt_mat_xdr_070,tag_issue_management,TAGGED,DTOP-OLD
stmt_mat_xdr_070,tag_penetration_testing,TAGGED,DTOP-OLD
stmt_mat_xdr_070,tag_review_assessment_and_testing,TAGGED,DTOP-OLD
stmt_mat_xdr_071,tag_critical_infrastructure,TAGGED,DTOP-OLD
stmt_mat_xdr_071,tag_disaster_recovery,TAGGED,DTOP-OLD
stmt_mat_xdr_071,tag_mission_and_strategy,TAGGED,DTOP-OLD
stmt_mat_xdr_071,tag_program_maturity,TAGGED,DTOP-OLD
stmt_mat_xdr_071,tag_resilience,TAGGED,DTOP-OLD
stmt_mat_xdr_071,tag_risk_assessment,TAGGED,DTOP-OLD
stmt_mat_xdr_071,tag_risk_management,TAGGED,DTOP-OLD
stmt_mat_xdr_071,tag_scenario_risk_assessment,TAGGED,DTOP-OLD
stmt_mat_xdr_071,tag_tabletop_exercises,TAGGED,DTOP-OLD
stmt_mat_xdr_072,tag_critical_infrastructure,TAGGED,DTOP-OLD
stmt_mat_xdr_072,tag_disaster_recovery,TAGGED,DTOP-OLD
stmt_mat_xdr_072,tag_incident_management,TAGGED,DTOP-OLD
stmt_mat_xdr_072,tag_mission_and_strategy,TAGGED,DTOP-OLD
stmt_mat_xdr_072,tag_program_maturity,TAGGED,DTOP-OLD
stmt_mat_xdr_072,tag_resilience,TAGGED,DTOP-OLD
stmt_mat_xdr_072,tag_risk_assessment,TAGGED,DTOP-OLD
stmt_mat_xdr_072,tag_risk_management,TAGGED,DTOP-OLD
stmt_mat_xdr_072,tag_scenario_risk_assessment,TAGGED,DTOP-OLD
stmt_mat_xdr_072,tag_tabletop_exercises,TAGGED,DTOP-OLD
stmt_mat_xdr_072,tag_threat_landscape,TAGGED,DTOP-OLD
stmt_mat_xdr_072,tag_threat_management,TAGGED,DTOP-OLD
stmt_mat_xdr_073,tag_critical_infrastructure,TAGGED,DTOP-OLD
stmt_mat_xdr_073,tag_disaster_recovery,TAGGED,DTOP-OLD
stmt_mat_xdr_073,tag_mission_and_strategy,TAGGED,DTOP-OLD
stmt_mat_xdr_073,tag_program_maturity,TAGGED,DTOP-OLD
stmt_mat_xdr_073,tag_resilience,TAGGED,DTOP-OLD
stmt_mat_xdr_073,tag_risk_assessment,TAGGED,DTOP-OLD
stmt_mat_xdr_073,tag_risk_management,TAGGED,DTOP-OLD
stmt_mat_xdr_073,tag_scenario_risk_assessment,TAGGED,DTOP-OLD
stmt_mat_xdr_073,tag_tabletop_exercises,TAGGED,DTOP-OLD
stmt_mat_xdr_074,tag_critical_infrastructure,TAGGED,DTOP-OLD
stmt_mat_xdr_074,tag_disaster_recovery,TAGGED,DTOP-OLD
stmt_mat_xdr_074,tag_mission_and_strategy,TAGGED,DTOP-OLD
stmt_mat_xdr_074,tag_program_maturity,TAGGED,DTOP-OLD
stmt_mat_xdr_074,tag_resilience,TAGGED,DTOP-OLD
stmt_mat_xdr_074,tag_risk_assessment,TAGGED,DTOP-OLD
stmt_mat_xdr_074,tag_risk_management,TAGGED,DTOP-OLD
stmt_mat_xdr_074,tag_risk_oversight,TAGGED,DTOP-OLD
stmt_mat_xdr_074,tag_scenario_risk_assessment,TAGGED,DTOP-OLD
stmt_mat_xdr_074,tag_tabletop_exercises,TAGGED,DTOP-OLD
stmt_mat_xdr_075,tag_critical_infrastructure,TAGGED,DTOP-OLD
stmt_mat_xdr_075,tag_dependency_management,TAGGED,DTOP-OLD
stmt_mat_xdr_075,tag_disaster_recovery,TAGGED,DTOP-OLD
stmt_mat_xdr_075,tag_information_sharing,TAGGED,DTOP-OLD
stmt_mat_xdr_075,tag_mission_and_strategy,TAGGED,DTOP-OLD
stmt_mat_xdr_075,tag_resilience,TAGGED,DTOP-OLD
stmt_mat_xdr_075,tag_risk_assessment,TAGGED,DTOP-OLD
stmt_mat_xdr_075,tag_risk_management,TAGGED,DTOP-OLD
stmt_mat_xdr_075,tag_scenario_risk_assessment,TAGGED,DTOP-OLD
stmt_mat_xdr_075,tag_tabletop_exercises,TAGGED,DTOP-OLD
stmt_mat_xdr_076,tag_critical_infrastructure,TAGGED,DTOP-OLD
stmt_mat_xdr_076,tag_disaster_recovery,TAGGED,DTOP-OLD
stmt_mat_xdr_076,tag_issue_management,TAGGED,DTOP-OLD
stmt_mat_xdr_076,tag_mission_and_strategy,TAGGED,DTOP-OLD
stmt_mat_xdr_076,tag_program_transformation,TAGGED,DTOP-OLD
stmt_mat_xdr_076,tag_resilience,TAGGED,DTOP-OLD
stmt_mat_xdr_076,tag_review_assessment_and_testing,TAGGED,DTOP-OLD
stmt_mat_xdr_076,tag_risk_management,TAGGED,DTOP-OLD
stmt_mat_xdr_076,tag_risk_oversight,TAGGED,DTOP-OLD
stmt_mat_xdr_076,tag_tabletop_exercises,TAGGED,DTOP-OLD
stmt_mat_xdr_077,tag_critical_infrastructure,TAGGED,DTOP-OLD
stmt_mat_xdr_077,tag_data_backup,TAGGED,DTOP-OLD
stmt_mat_xdr_077,tag_facilities_management,TAGGED,DTOP-OLD
stmt_mat_xdr_077,tag_physical_security,TAGGED,DTOP-OLD
stmt_mat_xdr_077,tag_policy_management,TAGGED,DTOP-OLD
stmt_mat_xdr_077,tag_resilience,TAGGED,DTOP-OLD
stmt_mat_xdr_077,tag_risk_management,TAGGED,DTOP-OLD
stmt_mat_xdr_077,tag_technology_availability,TAGGED,DTOP-OLD
stmt_mat_xdr_078,tag_critical_infrastructure,TAGGED,DTOP-OLD
stmt_mat_xdr_078,tag_resilience,TAGGED,DTOP-OLD
stmt_mat_xdr_078,tag_security_logging_monitoring_and_alerting,TAGGED,DTOP-OLD
stmt_mat_xdr_078,tag_technology_availability,TAGGED,DTOP-OLD
stmt_mat_xdr_079,tag_cryptography_management,TAGGED,DTOP-OLD
stmt_mat_xdr_080,tag_data_classification,TAGGED,DTOP-OLD
stmt_mat_xdr_080,tag_data_protection,TAGGED,DTOP-OLD
stmt_mat_xdr_080,tag_encryption,TAGGED,DTOP-OLD
stmt_mat_xdr_080,tag_obfuscation,TAGGED,DTOP-OLD
stmt_mat_xdr_080,tag_policy_management,TAGGED,DTOP-OLD
stmt_mat_xdr_080,tag_risk_management,TAGGED,DTOP-OLD
stmt_mat_xdr_081,tag_data_lifecycle,TAGGED,DTOP-OLD
stmt_mat_xdr_081,tag_data_protection,TAGGED,DTOP-OLD
stmt_mat_xdr_081,tag_data_retention,TAGGED,DTOP-OLD
stmt_mat_xdr_081,tag_policy_management,TAGGED,DTOP-OLD
stmt_mat_xdr_082,tag_data_loss_prevention,TAGGED,DTOP-OLD
stmt_mat_xdr_082,tag_infrastructure_security,TAGGED,DTOP-OLD
stmt_mat_xdr_082,tag_malware_protection,TAGGED,DTOP-OLD
stmt_mat_xdr_083,tag_data_protection,TAGGED,DTOP-OLD
stmt_mat_xdr_083,tag_facilities_management,TAGGED,DTOP-OLD
stmt_mat_xdr_083,tag_physical_access,TAGGED,DTOP-OLD
stmt_mat_xdr_083,tag_policy_management,TAGGED,DTOP-OLD
stmt_mat_xdr_083,tag_session_management,TAGGED,DTOP-OLD
stmt_mat_xdr_084,tag_data_protection,TAGGED,DTOP-OLD
stmt_mat_xdr_084,tag_data_retention,TAGGED,DTOP-OLD
stmt_mat_xdr_084,tag_least_privileged_access,TAGGED,DTOP-OLD
stmt_mat_xdr_084,tag_policy_management,TAGGED,DTOP-OLD
stmt_mat_xdr_084,tag_security_logging_monitoring_and_alerting,TAGGED,DTOP-OLD
stmt_mat_xdr_085,tag_data_retention,TAGGED,DTOP-OLD
stmt_mat_xdr_085,tag_security_logging_monitoring_and_alerting,TAGGED,DTOP-OLD
stmt_mat_xdr_085,tag_system_integrity,TAGGED,DTOP-OLD
stmt_mat_xdr_086,tag_disaster_recovery,TAGGED,DTOP-OLD
stmt_mat_xdr_086,tag_information_sharing,TAGGED,DTOP-OLD
stmt_mat_xdr_086,tag_resilience,TAGGED,DTOP-OLD
stmt_mat_xdr_086,tag_review_assessment_and_testing,TAGGED,DTOP-OLD
stmt_mat_xdr_087,tag_disaster_recovery,TAGGED,DTOP-OLD
stmt_mat_xdr_087,tag_issue_management,TAGGED,DTOP-OLD
stmt_mat_xdr_087,tag_mission_and_strategy,TAGGED,DTOP-OLD
stmt_mat_xdr_087,tag_program_maturity,TAGGED,DTOP-OLD
stmt_mat_xdr_087,tag_resilience,TAGGED,DTOP-OLD
stmt_mat_xdr_087,tag_risk_assessment,TAGGED,DTOP-OLD
stmt_mat_xdr_087,tag_risk_management,TAGGED,DTOP-OLD
stmt_mat_xdr_087,tag_risk_oversight,TAGGED,DTOP-OLD
stmt_mat_xdr_088,tag_disaster_recovery,TAGGED,DTOP-OLD
stmt_mat_xdr_088,tag_incident_management,TAGGED,DTOP-OLD
stmt_mat_xdr_088,tag_security_logging_monitoring_and_alerting,TAGGED,DTOP-OLD
stmt_mat_xdr_089,tag_disaster_recovery,TAGGED,DTOP-OLD
stmt_mat_xdr_089,tag_emerging_technologies,TAGGED,DTOP-OLD
stmt_mat_xdr_089,tag_incident_management,TAGGED,DTOP-OLD
stmt_mat_xdr_089,tag_lessons_learned,TAGGED,DTOP-OLD
stmt_mat_xdr_089,tag_mission_and_strategy,TAGGED,DTOP-OLD
stmt_mat_xdr_089,tag_program_maturity,TAGGED,DTOP-OLD
stmt_mat_xdr_089,tag_risk_assessment,TAGGED,DTOP-OLD
stmt_mat_xdr_089,tag_risk_management,TAGGED,DTOP-OLD
stmt_mat_xdr_089,tag_scenario_risk_assessment,TAGGED,DTOP-OLD
stmt_mat_xdr_089,tag_tabletop_exercises,TAGGED,DTOP-OLD
stmt_mat_xdr_089,tag_threat_landscape,TAGGED,DTOP-OLD
stmt_mat_xdr_089,tag_threat_management,TAGGED,DTOP-OLD
stmt_mat_xdr_090,tag_disaster_recovery,TAGGED,DTOP-OLD
stmt_mat_xdr_090,tag_incident_management,TAGGED,DTOP-OLD
stmt_mat_xdr_090,tag_staffing_and_resource_management,TAGGED,DTOP-OLD
stmt_mat_xdr_090,tag_training_and_awareness,TAGGED,DTOP-OLD
stmt_mat_xdr_091,tag_emerging_technologies,TAGGED,DTOP-OLD
stmt_mat_xdr_091,tag_risk_management,TAGGED,DTOP-OLD
stmt_mat_xdr_091,tag_threat_management,TAGGED,DTOP-OLD
stmt_mat_xdr_092,tag_emerging_technologies,TAGGED,DTOP-OLD
stmt_mat_xdr_092,tag_information_sharing,TAGGED,DTOP-OLD
stmt_mat_xdr_092,tag_mission_and_strategy,TAGGED,DTOP-OLD
stmt_mat_xdr_092,tag_risk_management,TAGGED,DTOP-OLD
stmt_mat_xdr_092,tag_security_logging_monitoring_and_alerting,TAGGED,DTOP-OLD
stmt_mat_xdr_092,tag_threat_management,TAGGED,DTOP-OLD
stmt_mat_xdr_093,tag_emerging_technologies,TAGGED,DTOP-OLD
stmt_mat_xdr_093,tag_risk_management,TAGGED,DTOP-OLD
stmt_mat_xdr_093,tag_threat_landscape,TAGGED,DTOP-OLD
stmt_mat_xdr_093,tag_training_and_awareness,TAGGED,DTOP-OLD
stmt_mat_xdr_094,tag_emerging_technologies,TAGGED,DTOP-OLD
stmt_mat_xdr_094,tag_network_segmentation,TAGGED,DTOP-OLD
stmt_mat_xdr_094,tag_patch_management,TAGGED,DTOP-OLD
stmt_mat_xdr_094,tag_security_baselines,TAGGED,DTOP-OLD
stmt_mat_xdr_094,tag_system_hardening,TAGGED,DTOP-OLD
stmt_mat_xdr_095,tag_end_user_security,TAGGED,DTOP-OLD
stmt_mat_xdr_095,tag_endpoint_security,TAGGED,DTOP-OLD
stmt_mat_xdr_095,tag_infrastructure_protection,TAGGED,DTOP-OLD
stmt_mat_xdr_095,tag_mobile_device_management,TAGGED,DTOP-OLD
stmt_mat_xdr_095,tag_patch_management,TAGGED,DTOP-OLD
stmt_mat_xdr_095,tag_policy_management,TAGGED,DTOP-OLD
stmt_mat_xdr_096,tag_endpoint_security,TAGGED,DTOP-OLD
stmt_mat_xdr_096,tag_infrastructure_security,TAGGED,DTOP-OLD
stmt_mat_xdr_096,tag_malware_protection,TAGGED,DTOP-OLD
stmt_mat_xdr_096,tag_policy_management,TAGGED,DTOP-OLD
stmt_mat_xdr_096,tag_security_logging_monitoring_and_alerting,TAGGED,DTOP-OLD
stmt_mat_xdr_097,tag_endpoint_security,TAGGED,DTOP-OLD
stmt_mat_xdr_097,tag_malware_protection,TAGGED,DTOP-OLD
stmt_mat_xdr_097,tag_mobile_device_management,TAGGED,DTOP-OLD
stmt_mat_xdr_097,tag_security_baselines,TAGGED,DTOP-OLD
stmt_mat_xdr_097,tag_security_logging_monitoring_and_alerting,TAGGED,DTOP-OLD
stmt_mat_xdr_098,tag_endpoint_security,TAGGED,DTOP-OLD
stmt_mat_xdr_098,tag_infrastructure_security,TAGGED,DTOP-OLD
stmt_mat_xdr_098,tag_malware_protection,TAGGED,DTOP-OLD
stmt_mat_xdr_098,tag_policy_management,TAGGED,DTOP-OLD
stmt_mat_xdr_099,tag_enterprise_risk_management,TAGGED,DTOP-OLD
stmt_mat_xdr_099,tag_improvements,TAGGED,DTOP-OLD
stmt_mat_xdr_099,tag_metrics_and_reporting,TAGGED,DTOP-OLD
stmt_mat_xdr_099,tag_program_transformation,TAGGED,DTOP-OLD
stmt_mat_xdr_099,tag_review_assessment_and_testing,TAGGED,DTOP-OLD
stmt_mat_xdr_099,tag_risk_management,TAGGED,DTOP-OLD
stmt_mat_xdr_099,tag_risk_response,TAGGED,DTOP-OLD
stmt_mat_xdr_100,tag_enterprise_risk_management,TAGGED,DTOP-OLD
stmt_mat_xdr_100,tag_issue_management,TAGGED,DTOP-OLD
stmt_mat_xdr_100,tag_metrics_and_reporting,TAGGED,DTOP-OLD
stmt_mat_xdr_100,tag_risk_management,TAGGED,DTOP-OLD
stmt_mat_xdr_100,tag_risk_response,TAGGED,DTOP-OLD
stmt_mat_xdr_101,tag_enterprise_risk_management,TAGGED,DTOP-OLD
stmt_mat_xdr_101,tag_issue_management,TAGGED,DTOP-OLD
stmt_mat_xdr_101,tag_policy_management,TAGGED,DTOP-OLD
stmt_mat_xdr_101,tag_review_assessment_and_testing,TAGGED,DTOP-OLD
stmt_mat_xdr_101,tag_risk_management,TAGGED,DTOP-OLD
stmt_mat_xdr_102,tag_enterprise_risk_management,TAGGED,DTOP-OLD
stmt_mat_xdr_102,tag_metrics_and_reporting,TAGGED,DTOP-OLD
stmt_mat_xdr_102,tag_risk_management,TAGGED,DTOP-OLD
stmt_mat_xdr_102,tag_risk_oversight,TAGGED,DTOP-OLD
stmt_mat_xdr_103,tag_enterprise_risk_management,TAGGED,DTOP-OLD
stmt_mat_xdr_103,tag_improvements,TAGGED,DTOP-OLD
stmt_mat_xdr_103,tag_mission_and_strategy,TAGGED,DTOP-OLD
stmt_mat_xdr_103,tag_program_transformation,TAGGED,DTOP-OLD
stmt_mat_xdr_103,tag_review_assessment_and_testing,TAGGED,DTOP-OLD
stmt_mat_xdr_103,tag_risk_management,TAGGED,DTOP-OLD
stmt_mat_xdr_104,tag_enterprise_risk_management,TAGGED,DTOP-OLD
stmt_mat_xdr_104,tag_information_sharing,TAGGED,DTOP-OLD
stmt_mat_xdr_104,tag_mission_and_strategy,TAGGED,DTOP-OLD
stmt_mat_xdr_104,tag_risk_management,TAGGED,DTOP-OLD
stmt_mat_xdr_104,tag_threat_management,TAGGED,DTOP-OLD
stmt_mat_xdr_105,tag_forensics,TAGGED,DTOP-OLD
stmt_mat_xdr_105,tag_incident_management,TAGGED,DTOP-OLD
stmt_mat_xdr_105,tag_staffing_and_resource_management,TAGGED,DTOP-OLD
stmt_mat_xdr_105,tag_training_and_awareness,TAGGED,DTOP-OLD
stmt_mat_xdr_106,tag_improvements,TAGGED,DTOP-OLD
stmt_mat_xdr_106,tag_mission_and_strategy,TAGGED,DTOP-OLD
stmt_mat_xdr_106,tag_program_transformation,TAGGED,DTOP-OLD
stmt_mat_xdr_106,tag_review_assessment_and_testing,TAGGED,DTOP-OLD
stmt_mat_xdr_106,tag_risk_management,TAGGED,DTOP-OLD
stmt_mat_xdr_107,tag_improvements,TAGGED,DTOP-OLD
stmt_mat_xdr_107,tag_mission_and_strategy,TAGGED,DTOP-OLD
stmt_mat_xdr_107,tag_program_transformation,TAGGED,DTOP-OLD
stmt_mat_xdr_107,tag_review_assessment_and_testing,TAGGED,DTOP-OLD
stmt_mat_xdr_107,tag_risk_management,TAGGED,DTOP-OLD
stmt_mat_xdr_107,tag_supply_chain_management,TAGGED,DTOP-OLD
stmt_mat_xdr_107,tag_third_party_risk_management,TAGGED,DTOP-OLD
stmt_mat_xdr_108,tag_incident_management,TAGGED,DTOP-OLD
stmt_mat_xdr_108,tag_resilience,TAGGED,DTOP-OLD
stmt_mat_xdr_108,tag_risk_management,TAGGED,DTOP-OLD
stmt_mat_xdr_108,tag_threat_management,TAGGED,DTOP-OLD
stmt_mat_xdr_109,tag_incident_management,TAGGED,DTOP-OLD
stmt_mat_xdr_109,tag_mission_and_strategy,TAGGED,DTOP-OLD
stmt_mat_xdr_109,tag_program_maturity,TAGGED,DTOP-OLD
stmt_mat_xdr_109,tag_risk_assessment,TAGGED,DTOP-OLD
stmt_mat_xdr_109,tag_risk_management,TAGGED,DTOP-OLD
stmt_mat_xdr_109,tag_scenario_risk_assessment,TAGGED,DTOP-OLD
stmt_mat_xdr_109,tag_tabletop_exercises,TAGGED,DTOP-OLD
stmt_mat_xdr_110,tag_incident_management,TAGGED,DTOP-OLD
stmt_mat_xdr_110,tag_issue_management,TAGGED,DTOP-OLD
stmt_mat_xdr_110,tag_lessons_learned,TAGGED,DTOP-OLD
stmt_mat_xdr_110,tag_risk_management,TAGGED,DTOP-OLD
stmt_mat_xdr_111,tag_incident_management,TAGGED,DTOP-OLD
stmt_mat_xdr_111,tag_policy_management,TAGGED,DTOP-OLD
stmt_mat_xdr_111,tag_resilience,TAGGED,DTOP-OLD
stmt_mat_xdr_111,tag_risk_oversight,TAGGED,DTOP-OLD
stmt_mat_xdr_112,tag_incident_management,TAGGED,DTOP-OLD
stmt_mat_xdr_112,tag_supply_chain_management,TAGGED,DTOP-OLD
stmt_mat_xdr_112,tag_third_party_risk_management,TAGGED,DTOP-OLD
stmt_mat_xdr_112,tag_vendor_management,TAGGED,DTOP-OLD
stmt_mat_xdr_113,tag_incident_management,TAGGED,DTOP-OLD
stmt_mat_xdr_113,tag_issue_management,TAGGED,DTOP-OLD
stmt_mat_xdr_113,tag_lessons_learned,TAGGED,DTOP-OLD
stmt_mat_xdr_113,tag_metrics_and_reporting,TAGGED,DTOP-OLD
stmt_mat_xdr_113,tag_root_cause_analysis,TAGGED,DTOP-OLD
stmt_mat_xdr_114,tag_information_sharing,TAGGED,DTOP-OLD
stmt_mat_xdr_114,tag_issue_management,TAGGED,DTOP-OLD
stmt_mat_xdr_114,tag_supply_chain_management,TAGGED,DTOP-OLD
stmt_mat_xdr_114,tag_third_party_risk_management,TAGGED,DTOP-OLD
stmt_mat_xdr_114,tag_threat_management,TAGGED,DTOP-OLD
stmt_mat_xdr_114,tag_vulnerability_management,TAGGED,DTOP-OLD
stmt_mat_xdr_115,tag_information_sharing,TAGGED,DTOP-OLD
stmt_mat_xdr_115,tag_threat_management,TAGGED,DTOP-OLD
stmt_mat_xdr_115,tag_vulnerability_management,TAGGED,DTOP-OLD
stmt_mat_xdr_116,tag_infrastructure_security,TAGGED,DTOP-OLD
stmt_mat_xdr_116,tag_resilience,TAGGED,DTOP-OLD
stmt_mat_xdr_116,tag_security_logging_monitoring_and_alerting,TAGGED,DTOP-OLD
stmt_mat_xdr_117,tag_issue_management,TAGGED,DTOP-OLD
stmt_mat_xdr_117,tag_patch_management,TAGGED,DTOP-OLD
stmt_mat_xdr_117,tag_penetration_testing,TAGGED,DTOP-OLD
stmt_mat_xdr_117,tag_policy_management,TAGGED,DTOP-OLD
stmt_mat_xdr_117,tag_threat_management,TAGGED,DTOP-OLD
stmt_mat_xdr_117,tag_vulnerability_management,TAGGED,DTOP-OLD
stmt_mat_xdr_118,tag_issue_management,TAGGED,DTOP-OLD
stmt_mat_xdr_118,tag_lessons_learned,TAGGED,DTOP-OLD
stmt_mat_xdr_118,tag_risk_management,TAGGED,DTOP-OLD
stmt_mat_xdr_118,tag_security_logging_monitoring_and_alerting,TAGGED,DTOP-OLD
stmt_mat_xdr_118,tag_threat_landscape,TAGGED,DTOP-OLD
stmt_mat_xdr_119,tag_mission_and_strategy,TAGGED,DTOP-OLD
stmt_mat_xdr_119,tag_resilience,TAGGED,DTOP-OLD
stmt_mat_xdr_119,tag_risk_management,TAGGED,DTOP-OLD
stmt_mat_xdr_119,tag_threat_management,TAGGED,DTOP-OLD
stmt_mat_xdr_120,tag_organizational_structure,TAGGED,DTOP-OLD
stmt_mat_xdr_120,tag_risk_oversight,TAGGED,DTOP-OLD
stmt_mat_xdr_120,tag_training_and_awareness,TAGGED,DTOP-OLD
stmt_mat_xdr_121,tag_penetration_testing,TAGGED,DTOP-OLD
stmt_mat_xdr_121,tag_review_assessment_and_testing,TAGGED,DTOP-OLD
stmt_mat_xdr_121,tag_vendor_management,TAGGED,DTOP-OLD
stmt_mat_xdr_122,tag_policy_management,TAGGED,DTOP-OLD
stmt_mat_xdr_122,tag_threat_management,TAGGED,DTOP-OLD
stmt_mat_xdr_122,tag_training_and_awareness,TAGGED,DTOP-OLD
stmt_mat_xdr_122,tag_vulnerability_management,TAGGED,DTOP-OLD
stmt_mat_xdr_123,tag_policy_management,TAGGED,DTOP-OLD
stmt_mat_xdr_123,tag_secure_system_development,TAGGED,DTOP-OLD
stmt_mat_xdr_123,tag_technology_development_lifecycle,TAGGED,DTOP-OLD
stmt_mat_xdr_124,tag_resilience,TAGGED,DTOP-OLD
stmt_mat_xdr_124,tag_review_assessment_and_testing,TAGGED,DTOP-OLD
stmt_mat_xdr_124,tag_risk_management,TAGGED,DTOP-OLD
stmt_mat_xdr_125,tag_resilience,TAGGED,DTOP-OLD
stmt_mat_xdr_125,tag_review_assessment_and_testing,TAGGED,DTOP-OLD
stmt_mat_xdr_126,tag_risk_oversight,TAGGED,DTOP-OLD
stmt_mat_xdr_126,tag_staffing_and_resource_management,TAGGED,DTOP-OLD
stmt_mat_xdr_126,tag_training_and_awareness,TAGGED,DTOP-OLD
stmt_mat_xdr_127,tag_security_baselines,TAGGED,DTOP-OLD
stmt_mat_xdr_127,tag_security_logging_monitoring_and_alerting,TAGGED,DTOP-OLD
stmt_mat_xdr_127,tag_system_hardening,TAGGED,DTOP-OLD
stmt_mat_xdr_127,tag_vulnerability_management,TAGGED,DTOP-OLD
stmt_mat_xdr_128,tag_security_baselines,TAGGED,DTOP-OLD
stmt_mat_xdr_128,tag_security_logging_monitoring_and_alerting,TAGGED,DTOP-OLD
stmt_mat_xdr_128,tag_system_hardening,TAGGED,DTOP-OLD
stmt_mat_xdr_128,tag_technology_availability,TAGGED,DTOP-OLD
stmt_mat_xdr_129,tag_security_baselines,TAGGED,DTOP-OLD
stmt_mat_xdr_129,tag_system_hardening,TAGGED,DTOP-OLD
stmt_mat_xdr_130,tag_staffing_and_resource_management,TAGGED,DTOP-OLD
stmt_mat_xdr_130,tag_threat_landscape,TAGGED,DTOP-OLD
stmt_mat_xdr_130,tag_threat_management,TAGGED,DTOP-OLD
stmt_mat_xdr_130,tag_training_and_awareness,TAGGED,DTOP-OLD
stmt_mat_xdr_131,tag_staffing_and_resource_management,TAGGED,DTOP-OLD
stmt_mat_xdr_131,tag_training_and_awareness,TAGGED,DTOP-OLD
stmt_mat_xdr_132,tag_staffing_and_resource_management,TAGGED,DTOP-OLD
stmt_mat_xdr_132,tag_training_and_awareness,TAGGED,DTOP-OLD
stmt_mat_xdr_133,tag_technology_development_lifecycle,TAGGED,DTOP-OLD
stmt_mat_xdr_134,tag_threat_landscape,TAGGED,DTOP-OLD
stmt_mat_xdr_134,tag_threat_management,TAGGED,DTOP-OLD
stmt_mat_xdr_135,tag_threat_landscape,TAGGED,DTOP-OLD
stmt_mat_xdr_135,tag_threat_management,TAGGED,DTOP-OLD
stmt_mat_xdr_136,tag_threat_landscape,TAGGED,DTOP-OLD
stmt_mat_xdr_136,tag_threat_management,TAGGED,DTOP-OLD
stmt_mat_xdr_137,tag_threat_landscape,TAGGED,DTOP-OLD
stmt_mat_xdr_137,tag_threat_management,TAGGED,DTOP-OLD
stmt_mat_xdr_138,tag_training_and_awareness,TAGGED,DTOP-OLD
stmt_mat_xdr_139,tag_vulnerability_management,TAGGED,DTOP-OLD
stmt_mat_xdr_140,tag_authentication,TAGGED,DTOP-OLD
stmt_mat_xdr_140,tag_authorization,TAGGED,DTOP-OLD
stmt_mat_xdr_140,tag_identity_and_access_management,TAGGED,DTOP-OLD
stmt_mat_xdr_140,tag_least_privileged_access,TAGGED,DTOP-OLD
stmt_mat_xdr_140,tag_privileged_access,TAGGED,DTOP-OLD
stmt_mat_xdr_141,tag_disaster_recovery,TAGGED,DTOP-OLD
stmt_mat_xdr_141,tag_emerging_technologies,TAGGED,DTOP-OLD
stmt_mat_xdr_141,tag_incident_management,TAGGED,DTOP-OLD
stmt_mat_xdr_141,tag_lessons_learned,TAGGED,DTOP-OLD
stmt_mat_xdr_141,tag_mission_and_strategy,TAGGED,DTOP-OLD
stmt_mat_xdr_141,tag_program_maturity,TAGGED,DTOP-OLD
stmt_mat_xdr_141,tag_risk_assessment,TAGGED,DTOP-OLD
stmt_mat_xdr_141,tag_risk_management,TAGGED,DTOP-OLD
stmt_mat_xdr_141,tag_scenario_risk_assessment,TAGGED,DTOP-OLD
stmt_mat_xdr_141,tag_tabletop_exercises,TAGGED,DTOP-OLD
stmt_mat_xdr_141,tag_threat_landscape,TAGGED,DTOP-OLD
stmt_mat_xdr_141,tag_threat_management,TAGGED,DTOP-OLD
stmt_mat_xdr_142,tag_information_sharing,TAGGED,DTOP-OLD
stmt_mat_xdr_142,tag_issue_management,TAGGED,DTOP-OLD
stmt_mat_xdr_142,tag_supply_chain_management,TAGGED,DTOP-OLD
stmt_mat_xdr_142,tag_third_party_risk_management,TAGGED,DTOP-OLD
stmt_mat_xdr_142,tag_threat_management,TAGGED,DTOP-OLD
stmt_mat_xdr_142,tag_vulnerability_management,TAGGED,DTOP-OLD
stmt_mat_xdr_143,tag_information_sharing,TAGGED,DTOP-OLD
stmt_mat_xdr_143,tag_threat_management,TAGGED,DTOP-OLD
stmt_mat_xdr_143,tag_vulnerability_management,TAGGED,DTOP-OLD
stmt_mat_xdr_144,tag_risk_oversight,TAGGED,DTOP-OLD
stmt_mat_xdr_144,tag_staffing_and_resource_management,TAGGED,DTOP-OLD
stmt_mat_xdr_144,tag_training_and_awareness,TAGGED,DTOP-OLD
stmt_mat_siem_001,tag_application_security,TAGGED,DTOP-OLD
stmt_mat_siem_001,tag_architecture,TAGGED,DTOP-OLD
stmt_mat_siem_001,tag_data_protection,TAGGED,DTOP-OLD
stmt_mat_siem_001,tag_infrastructure_protection,TAGGED,DTOP-OLD
stmt_mat_siem_001,tag_security_logging_monitoring_and_alerting,TAGGED,DTOP-OLD
stmt_mat_siem_001,tag_supply_chain_management,TAGGED,DTOP-OLD
stmt_mat_siem_001,tag_third_party_risk_management,TAGGED,DTOP-OLD
stmt_mat_siem_002,tag_application_security,TAGGED,DTOP-OLD
stmt_mat_siem_002,tag_data_protection,TAGGED,DTOP-OLD
stmt_mat_siem_002,tag_security_logging_monitoring_and_alerting,TAGGED,DTOP-OLD
stmt_mat_siem_002,tag_system_integrity,TAGGED,DTOP-OLD
stmt_mat_siem_002,tag_vulnerability_management,TAGGED,DTOP-OLD
stmt_mat_siem_003,tag_application_security,TAGGED,DTOP-OLD
stmt_mat_siem_003,tag_data_protection,TAGGED,DTOP-OLD
stmt_mat_siem_003,tag_security_logging_monitoring_and_alerting,TAGGED,DTOP-OLD
stmt_mat_siem_003,tag_system_integrity,TAGGED,DTOP-OLD
stmt_mat_siem_003,tag_vulnerability_management,TAGGED,DTOP-OLD
stmt_mat_siem_004,tag_application_security,TAGGED,DTOP-OLD
stmt_mat_siem_004,tag_boundary_protection,TAGGED,DTOP-OLD
stmt_mat_siem_004,tag_data_protection,TAGGED,DTOP-OLD
stmt_mat_siem_004,tag_endpoint_security,TAGGED,DTOP-OLD
stmt_mat_siem_004,tag_incident_management,TAGGED,DTOP-OLD
stmt_mat_siem_004,tag_infrastructure_protection,TAGGED,DTOP-OLD
stmt_mat_siem_004,tag_security_logging_monitoring_and_alerting,TAGGED,DTOP-OLD
stmt_mat_siem_004,tag_siem,TAGGED,DTOP-OLD
stmt_mat_siem_005,tag_authentication,TAGGED,DTOP-OLD
stmt_mat_siem_005,tag_authorization,TAGGED,DTOP-OLD
stmt_mat_siem_005,tag_identity_and_access_management,TAGGED,DTOP-OLD
stmt_mat_siem_005,tag_security_logging_monitoring_and_alerting,TAGGED,DTOP-OLD
stmt_mat_siem_006,tag_authentication,TAGGED,DTOP-OLD
stmt_mat_siem_006,tag_authorization,TAGGED,DTOP-OLD
stmt_mat_siem_006,tag_identity_and_access_management,TAGGED,DTOP-OLD
stmt_mat_siem_006,tag_infrastructure_protection,TAGGED,DTOP-OLD
stmt_mat_siem_006,tag_security_logging_monitoring_and_alerting,TAGGED,DTOP-OLD
stmt_mat_siem_007,tag_boundary_protection,TAGGED,DTOP-OLD
stmt_mat_siem_007,tag_infrastructure_security,TAGGED,DTOP-OLD
stmt_mat_siem_007,tag_security_logging_monitoring_and_alerting,TAGGED,DTOP-OLD
stmt_mat_siem_008,tag_boundary_protection,TAGGED,DTOP-OLD
stmt_mat_siem_008,tag_infrastructure_security,TAGGED,DTOP-OLD
stmt_mat_siem_008,tag_security_logging_monitoring_and_alerting,TAGGED,DTOP-OLD
stmt_mat_siem_009,tag_boundary_protection,TAGGED,DTOP-OLD
stmt_mat_siem_009,tag_critical_infrastructure,TAGGED,DTOP-OLD
stmt_mat_siem_009,tag_physical_security,TAGGED,DTOP-OLD
stmt_mat_siem_009,tag_security_logging_monitoring_and_alerting,TAGGED,DTOP-OLD
stmt_mat_siem_010,tag_boundary_protection,TAGGED,DTOP-OLD
stmt_mat_siem_010,tag_endpoint_security,TAGGED,DTOP-OLD
stmt_mat_siem_010,tag_malware_protection,TAGGED,DTOP-OLD
stmt_mat_siem_010,tag_security_logging_monitoring_and_alerting,TAGGED,DTOP-OLD
stmt_mat_siem_010,tag_siem,TAGGED,DTOP-OLD
stmt_mat_siem_011,tag_critical_infrastructure,TAGGED,DTOP-OLD
stmt_mat_siem_011,tag_security_logging_monitoring_and_alerting,TAGGED,DTOP-OLD
stmt_mat_siem_011,tag_supply_chain_management,TAGGED,DTOP-OLD
stmt_mat_siem_011,tag_third_party_risk_management,TAGGED,DTOP-OLD
stmt_mat_siem_012,tag_critical_infrastructure,TAGGED,DTOP-OLD
stmt_mat_siem_012,tag_incident_management,TAGGED,DTOP-OLD
stmt_mat_siem_012,tag_risk_management,TAGGED,DTOP-OLD
stmt_mat_siem_013,tag_data_protection,TAGGED,DTOP-OLD
stmt_mat_siem_013,tag_infrastructure_protection,TAGGED,DTOP-OLD
stmt_mat_siem_013,tag_infrastructure_security,TAGGED,DTOP-OLD
stmt_mat_siem_013,tag_policy_management,TAGGED,DTOP-OLD
stmt_mat_siem_013,tag_security_logging_monitoring_and_alerting,TAGGED,DTOP-OLD
stmt_mat_siem_014,tag_data_protection,TAGGED,DTOP-OLD
stmt_mat_siem_014,tag_infrastructure_protection,TAGGED,DTOP-OLD
stmt_mat_siem_014,tag_infrastructure_security,TAGGED,DTOP-OLD
stmt_mat_siem_014,tag_social_media,TAGGED,DTOP-OLD
stmt_mat_siem_015,tag_data_protection,TAGGED,DTOP-OLD
stmt_mat_siem_015,tag_infrastructure_security,TAGGED,DTOP-OLD
stmt_mat_siem_015,tag_security_logging_monitoring_and_alerting,TAGGED,DTOP-OLD
stmt_mat_siem_016,tag_disaster_recovery,TAGGED,DTOP-OLD
stmt_mat_siem_016,tag_incident_management,TAGGED,DTOP-OLD
stmt_mat_siem_016,tag_information_sharing,TAGGED,DTOP-OLD
stmt_mat_siem_017,tag_endpoint_security,TAGGED,DTOP-OLD
stmt_mat_siem_017,tag_infrastructure_protection,TAGGED,DTOP-OLD
stmt_mat_siem_017,tag_policy_management,TAGGED,DTOP-OLD
stmt_mat_siem_017,tag_security_baselines,TAGGED,DTOP-OLD
stmt_mat_siem_017,tag_security_logging_monitoring_and_alerting,TAGGED,DTOP-OLD
stmt_mat_siem_017,tag_vulnerability_management,TAGGED,DTOP-OLD
stmt_mat_siem_018,tag_endpoint_security,TAGGED,DTOP-OLD
stmt_mat_siem_018,tag_incident_management,TAGGED,DTOP-OLD
stmt_mat_siem_018,tag_infrastructure_security,TAGGED,DTOP-OLD
stmt_mat_siem_018,tag_lessons_learned,TAGGED,DTOP-OLD
stmt_mat_siem_018,tag_root_cause_analysis,TAGGED,DTOP-OLD
stmt_mat_siem_018,tag_vulnerability_management,TAGGED,DTOP-OLD
stmt_mat_siem_019,tag_forensics,TAGGED,DTOP-OLD
stmt_mat_siem_019,tag_incident_management,TAGGED,DTOP-OLD
stmt_mat_siem_019,tag_information_sharing,TAGGED,DTOP-OLD
stmt_mat_siem_019,tag_lessons_learned,TAGGED,DTOP-OLD
stmt_mat_siem_019,tag_root_cause_analysis,TAGGED,DTOP-OLD
stmt_mat_siem_020,tag_forensics,TAGGED,DTOP-OLD
stmt_mat_siem_020,tag_incident_management,TAGGED,DTOP-OLD
stmt_mat_siem_020,tag_root_cause_analysis,TAGGED,DTOP-OLD
stmt_mat_siem_021,tag_forensics,TAGGED,DTOP-OLD
stmt_mat_siem_021,tag_incident_management,TAGGED,DTOP-OLD
stmt_mat_siem_021,tag_root_cause_analysis,TAGGED,DTOP-OLD
stmt_mat_siem_022,tag_forensics,TAGGED,DTOP-OLD
stmt_mat_siem_022,tag_incident_management,TAGGED,DTOP-OLD
stmt_mat_siem_022,tag_lessons_learned,TAGGED,DTOP-OLD
stmt_mat_siem_022,tag_root_cause_analysis,TAGGED,DTOP-OLD
stmt_mat_siem_023,tag_forensics,TAGGED,DTOP-OLD
stmt_mat_siem_023,tag_incident_management,TAGGED,DTOP-OLD
stmt_mat_siem_023,tag_infrastructure_security,TAGGED,DTOP-OLD
stmt_mat_siem_023,tag_network_segmentation,TAGGED,DTOP-OLD
stmt_mat_siem_023,tag_risk_management,TAGGED,DTOP-OLD
stmt_mat_siem_023,tag_root_cause_analysis,TAGGED,DTOP-OLD
stmt_mat_siem_024,tag_forensics,TAGGED,DTOP-OLD
stmt_mat_siem_024,tag_incident_management,TAGGED,DTOP-OLD
stmt_mat_siem_024,tag_root_cause_analysis,TAGGED,DTOP-OLD
stmt_mat_siem_025,tag_identity_and_access_management,TAGGED,DTOP-OLD
stmt_mat_siem_025,tag_privileged_access,TAGGED,DTOP-OLD
stmt_mat_siem_025,tag_security_logging_monitoring_and_alerting,TAGGED,DTOP-OLD
stmt_mat_siem_026,tag_incident_management,TAGGED,DTOP-OLD
stmt_mat_siem_026,tag_security_logging_monitoring_and_alerting,TAGGED,DTOP-OLD
stmt_mat_siem_027,tag_incident_management,TAGGED,DTOP-OLD
stmt_mat_siem_027,tag_information_sharing,TAGGED,DTOP-OLD
stmt_mat_siem_027,tag_security_logging_monitoring_and_alerting,TAGGED,DTOP-OLD
stmt_mat_siem_027,tag_threat_management,TAGGED,DTOP-OLD
stmt_mat_siem_028,tag_incident_management,TAGGED,DTOP-OLD
stmt_mat_siem_028,tag_information_sharing,TAGGED,DTOP-OLD
stmt_mat_siem_029,tag_incident_management,TAGGED,DTOP-OLD
stmt_mat_siem_029,tag_security_logging_monitoring_and_alerting,TAGGED,DTOP-OLD
stmt_mat_siem_030,tag_incident_management,TAGGED,DTOP-OLD
stmt_mat_siem_030,tag_information_sharing,TAGGED,DTOP-OLD
stmt_mat_siem_030,tag_roles_and_responsibilities,TAGGED,DTOP-OLD
stmt_mat_siem_031,tag_incident_management,TAGGED,DTOP-OLD
stmt_mat_siem_031,tag_information_sharing,TAGGED,DTOP-OLD
stmt_mat_siem_031,tag_roles_and_responsibilities,TAGGED,DTOP-OLD
stmt_mat_siem_032,tag_incident_management,TAGGED,DTOP-OLD
stmt_mat_siem_033,tag_incident_management,TAGGED,DTOP-OLD
stmt_mat_siem_033,tag_information_sharing,TAGGED,DTOP-OLD
stmt_mat_siem_033,tag_roles_and_responsibilities,TAGGED,DTOP-OLD
stmt_mat_siem_034,tag_incident_management,TAGGED,DTOP-OLD
stmt_mat_siem_034,tag_information_sharing,TAGGED,DTOP-OLD
stmt_mat_siem_034,tag_roles_and_responsibilities,TAGGED,DTOP-OLD
stmt_mat_siem_035,tag_incident_management,TAGGED,DTOP-OLD
stmt_mat_siem_035,tag_information_sharing,TAGGED,DTOP-OLD
stmt_mat_siem_035,tag_review_assessment_and_testing,TAGGED,DTOP-OLD
stmt_mat_siem_036,tag_incident_management,TAGGED,DTOP-OLD
stmt_mat_siem_036,tag_staffing_and_resource_management,TAGGED,DTOP-OLD
stmt_mat_siem_036,tag_vulnerability_management,TAGGED,DTOP-OLD
stmt_mat_siem_037,tag_information_sharing,TAGGED,DTOP-OLD
stmt_mat_siem_037,tag_threat_management,TAGGED,DTOP-OLD
stmt_mat_siem_038,tag_infrastructure_protection,TAGGED,DTOP-OLD
stmt_mat_siem_038,tag_infrastructure_security,TAGGED,DTOP-OLD
stmt_mat_siem_038,tag_patch_management,TAGGED,DTOP-OLD
stmt_mat_siem_038,tag_policy_management,TAGGED,DTOP-OLD
stmt_mat_siem_038,tag_security_logging_monitoring_and_alerting,TAGGED,DTOP-OLD
stmt_mat_siem_038,tag_vulnerability_management,TAGGED,DTOP-OLD
stmt_mat_siem_039,tag_security_logging_monitoring_and_alerting,TAGGED,DTOP-OLD
stmt_mat_siem_039,tag_siem,TAGGED,DTOP-OLD
stmt_mat_siem_039,tag_threat_management,TAGGED,DTOP-OLD
stmt_mat_siem_040,tag_social_media,TAGGED,DTOP-OLD
stmt_mat_siem_040,tag_threat_management,TAGGED,DTOP-OLD
stmt_mat_siem_041,tag_boundary_protection,TAGGED,DTOP-OLD
stmt_mat_siem_041,tag_endpoint_security,TAGGED,DTOP-OLD
stmt_mat_siem_041,tag_malware_protection,TAGGED,DTOP-OLD
stmt_mat_siem_041,tag_security_logging_monitoring_and_alerting,TAGGED,DTOP-OLD
stmt_mat_siem_041,tag_siem,TAGGED,DTOP-OLD
stmt_mat_hris_001,tag_access_management,TAGGED,DTOP-OLD
stmt_mat_hris_001,tag_asset_management,TAGGED,DTOP-OLD
stmt_mat_hris_001,tag_data_loss_prevention,TAGGED,DTOP-OLD
stmt_mat_hris_001,tag_identity_and_access_management,TAGGED,DTOP-OLD
stmt_mat_hris_001,tag_insider_threat,TAGGED,DTOP-OLD
stmt_mat_hris_001,tag_physical_access,TAGGED,DTOP-OLD
stmt_mat_hris_001,tag_risk_management,TAGGED,DTOP-OLD
stmt_mat_hris_001,tag_security_logging_monitoring_and_alerting,TAGGED,DTOP-OLD
stmt_mat_hris_002,tag_access_management,TAGGED,DTOP-OLD
stmt_mat_hris_002,tag_authentication,TAGGED,DTOP-OLD
stmt_mat_hris_002,tag_authorization,TAGGED,DTOP-OLD
stmt_mat_hris_002,tag_credential_management,TAGGED,DTOP-OLD
stmt_mat_hris_002,tag_identity_and_access_management,TAGGED,DTOP-OLD
stmt_mat_hris_002,tag_multi_factor_authentication,TAGGED,DTOP-OLD
stmt_mat_hris_002,tag_privileged_access,TAGGED,DTOP-OLD
stmt_mat_hris_002,tag_session_management,TAGGED,DTOP-OLD
stmt_mat_hris_003,tag_credential_management,TAGGED,DTOP-OLD
stmt_mat_hris_003,tag_identity_and_access_management,TAGGED,DTOP-OLD
stmt_mat_hris_003,tag_policy_management,TAGGED,DTOP-OLD
stmt_mat_hris_003,tag_privileged_access,TAGGED,DTOP-OLD
stmt_mat_hris_004,tag_access_management,TAGGED,DTOP-OLD
stmt_mat_hris_004,tag_identity_and_access_management,TAGGED,DTOP-OLD
stmt_mat_hris_004,tag_policy_management,TAGGED,DTOP-OLD
stmt_mat_hris_004,tag_supply_chain_management,TAGGED,DTOP-OLD
stmt_mat_hris_004,tag_third_party_risk_management,TAGGED,DTOP-OLD
stmt_mat_hris_005,tag_application_security,TAGGED,DTOP-OLD
stmt_mat_hris_005,tag_asset_management,TAGGED,DTOP-OLD
stmt_mat_hris_005,tag_patch_management,TAGGED,DTOP-OLD
stmt_mat_hris_005,tag_security_baselines,TAGGED,DTOP-OLD
stmt_mat_hris_005,tag_system_hardening,TAGGED,DTOP-OLD
stmt_mat_hris_005,tag_vulnerability_management,TAGGED,DTOP-OLD
stmt_mat_hris_006,tag_application_security,TAGGED,DTOP-OLD
stmt_mat_hris_006,tag_data_protection,TAGGED,DTOP-OLD
stmt_mat_hris_006,tag_encryption,TAGGED,DTOP-OLD
stmt_mat_hris_006,tag_infrastructure_security,TAGGED,DTOP-OLD
stmt_mat_hris_006,tag_mobile_device_management,TAGGED,DTOP-OLD
stmt_mat_hris_006,tag_patch_management,TAGGED,DTOP-OLD
stmt_mat_hris_006,tag_security_baselines,TAGGED,DTOP-OLD
stmt_mat_hris_006,tag_security_logging_monitoring_and_alerting,TAGGED,DTOP-OLD
stmt_mat_hris_006,tag_system_integrity,TAGGED,DTOP-OLD
stmt_mat_hris_006,tag_vulnerability_management,TAGGED,DTOP-OLD
stmt_mat_hris_007,tag_application_security,TAGGED,DTOP-OLD
stmt_mat_hris_007,tag_authentication,TAGGED,DTOP-OLD
stmt_mat_hris_007,tag_authorization,TAGGED,DTOP-OLD
stmt_mat_hris_007,tag_endpoint_security,TAGGED,DTOP-OLD
stmt_mat_hris_007,tag_infrastructure_security,TAGGED,DTOP-OLD
stmt_mat_hris_007,tag_multi_factor_authentication,TAGGED,DTOP-OLD
stmt_mat_hris_007,tag_security_baselines,TAGGED,DTOP-OLD
stmt_mat_hris_007,tag_security_logging_monitoring_and_alerting,TAGGED,DTOP-OLD
stmt_mat_hris_008,tag_application_security,TAGGED,DTOP-OLD
stmt_mat_hris_008,tag_asset_management,TAGGED,DTOP-OLD
stmt_mat_hris_008,tag_patch_management,TAGGED,DTOP-OLD
stmt_mat_hris_008,tag_vulnerability_management,TAGGED,DTOP-OLD
stmt_mat_hris_009,tag_application_security,TAGGED,DTOP-OLD
stmt_mat_hris_009,tag_application_security_testing,TAGGED,DTOP-OLD
stmt_mat_hris_009,tag_policy_management,TAGGED,DTOP-OLD
stmt_mat_hris_009,tag_vulnerability_management,TAGGED,DTOP-OLD
stmt_mat_hris_010,tag_application_security,TAGGED,DTOP-OLD
stmt_mat_hris_010,tag_application_security_testing,TAGGED,DTOP-OLD
stmt_mat_hris_010,tag_secure_system_development,TAGGED,DTOP-OLD
stmt_mat_hris_010,tag_security_baselines,TAGGED,DTOP-OLD
stmt_mat_hris_010,tag_technology_development_lifecycle,TAGGED,DTOP-OLD
stmt_mat_hris_010,tag_vulnerability_management,TAGGED,DTOP-OLD
stmt_mat_hris_011,tag_application_security,TAGGED,DTOP-OLD
stmt_mat_hris_011,tag_architecture,TAGGED,DTOP-OLD
stmt_mat_hris_011,tag_cryptography_management,TAGGED,DTOP-OLD
stmt_mat_hris_011,tag_infrastructure_security,TAGGED,DTOP-OLD
stmt_mat_hris_011,tag_mission_and_strategy,TAGGED,DTOP-OLD
stmt_mat_hris_011,tag_resilience,TAGGED,DTOP-OLD
stmt_mat_hris_012,tag_application_security,TAGGED,DTOP-OLD
stmt_mat_hris_012,tag_architecture,TAGGED,DTOP-OLD
stmt_mat_hris_012,tag_infrastructure_security,TAGGED,DTOP-OLD
stmt_mat_hris_012,tag_resilience,TAGGED,DTOP-OLD
stmt_mat_hris_012,tag_secure_system_development,TAGGED,DTOP-OLD
stmt_mat_hris_012,tag_security_baselines,TAGGED,DTOP-OLD
stmt_mat_hris_012,tag_technology_development_lifecycle,TAGGED,DTOP-OLD
stmt_mat_hris_013,tag_application_security,TAGGED,DTOP-OLD
stmt_mat_hris_013,tag_application_security_testing,TAGGED,DTOP-OLD
stmt_mat_hris_013,tag_architecture,TAGGED,DTOP-OLD
stmt_mat_hris_013,tag_cryptography_management,TAGGED,DTOP-OLD
stmt_mat_hris_013,tag_data_protection,TAGGED,DTOP-OLD
stmt_mat_hris_013,tag_infrastructure_security,TAGGED,DTOP-OLD
stmt_mat_hris_013,tag_secure_system_development,TAGGED,DTOP-OLD
stmt_mat_hris_013,tag_security_baselines,TAGGED,DTOP-OLD
stmt_mat_hris_013,tag_technology_development_lifecycle,TAGGED,DTOP-OLD
stmt_mat_hris_014,tag_application_security_testing,TAGGED,DTOP-OLD
stmt_mat_hris_014,tag_cryptography_management,TAGGED,DTOP-OLD
stmt_mat_hris_014,tag_patch_management,TAGGED,DTOP-OLD
stmt_mat_hris_014,tag_penetration_testing,TAGGED,DTOP-OLD
stmt_mat_hris_014,tag_secure_system_development,TAGGED,DTOP-OLD
stmt_mat_hris_014,tag_technology_development_lifecycle,TAGGED,DTOP-OLD
stmt_mat_hris_014,tag_vulnerability_management,TAGGED,DTOP-OLD
stmt_mat_hris_015,tag_application_security_testing,TAGGED,DTOP-OLD
stmt_mat_hris_015,tag_patch_management,TAGGED,DTOP-OLD
stmt_mat_hris_015,tag_secure_system_development,TAGGED,DTOP-OLD
stmt_mat_hris_015,tag_technology_development_lifecycle,TAGGED,DTOP-OLD
stmt_mat_hris_015,tag_vulnerability_management,TAGGED,DTOP-OLD
stmt_mat_hris_016,tag_architecture,TAGGED,DTOP-OLD
stmt_mat_hris_016,tag_mission_and_strategy,TAGGED,DTOP-OLD
stmt_mat_hris_016,tag_risk_management,TAGGED,DTOP-OLD
stmt_mat_hris_017,tag_architecture,TAGGED,DTOP-OLD
stmt_mat_hris_017,tag_asset_management,TAGGED,DTOP-OLD
stmt_mat_hris_017,tag_data_flow,TAGGED,DTOP-OLD
stmt_mat_hris_017,tag_dependency_management,TAGGED,DTOP-OLD
stmt_mat_hris_017,tag_network_diagrams,TAGGED,DTOP-OLD
stmt_mat_hris_017,tag_resilience,TAGGED,DTOP-OLD
stmt_mat_hris_018,tag_architecture,TAGGED,DTOP-OLD
stmt_mat_hris_018,tag_asset_management,TAGGED,DTOP-OLD
stmt_mat_hris_018,tag_business_impact_analysis,TAGGED,DTOP-OLD
stmt_mat_hris_018,tag_critical_infrastructure,TAGGED,DTOP-OLD
stmt_mat_hris_018,tag_data_backup,TAGGED,DTOP-OLD
stmt_mat_hris_018,tag_data_flow,TAGGED,DTOP-OLD
stmt_mat_hris_018,tag_data_integrity,TAGGED,DTOP-OLD
stmt_mat_hris_018,tag_disaster_recovery,TAGGED,DTOP-OLD
stmt_mat_hris_018,tag_network_diagrams,TAGGED,DTOP-OLD
stmt_mat_hris_018,tag_resilience,TAGGED,DTOP-OLD
stmt_mat_hris_018,tag_roles_and_responsibilities,TAGGED,DTOP-OLD
stmt_mat_hris_018,tag_security_logging_monitoring_and_alerting,TAGGED,DTOP-OLD
stmt_mat_hris_018,tag_technology_availability,TAGGED,DTOP-OLD
stmt_mat_hris_019,tag_architecture,TAGGED,DTOP-OLD
stmt_mat_hris_019,tag_data_backup,TAGGED,DTOP-OLD
stmt_mat_hris_019,tag_data_flow,TAGGED,DTOP-OLD
stmt_mat_hris_019,tag_data_integrity,TAGGED,DTOP-OLD
stmt_mat_hris_019,tag_dependency_management,TAGGED,DTOP-OLD
stmt_mat_hris_019,tag_disaster_recovery,TAGGED,DTOP-OLD
stmt_mat_hris_019,tag_network_diagrams,TAGGED,DTOP-OLD
stmt_mat_hris_019,tag_resilience,TAGGED,DTOP-OLD
stmt_mat_hris_020,tag_architecture,TAGGED,DTOP-OLD
stmt_mat_hris_020,tag_mission_and_strategy,TAGGED,DTOP-OLD
stmt_mat_hris_021,tag_architecture,TAGGED,DTOP-OLD
stmt_mat_hris_021,tag_mission_and_strategy,TAGGED,DTOP-OLD
stmt_mat_hris_022,tag_architecture,TAGGED,DTOP-OLD
stmt_mat_hris_022,tag_data_protection,TAGGED,DTOP-OLD
stmt_mat_hris_022,tag_policy_management,TAGGED,DTOP-OLD
stmt_mat_hris_022,tag_security_baselines,TAGGED,DTOP-OLD
stmt_mat_hris_023,tag_architecture,TAGGED,DTOP-OLD
stmt_mat_hris_023,tag_boundary_protection,TAGGED,DTOP-OLD
stmt_mat_hris_023,tag_infrastructure_security,TAGGED,DTOP-OLD
stmt_mat_hris_023,tag_network_diagrams,TAGGED,DTOP-OLD
stmt_mat_hris_023,tag_network_segmentation,TAGGED,DTOP-OLD
stmt_mat_hris_024,tag_architecture,TAGGED,DTOP-OLD
stmt_mat_hris_024,tag_boundary_protection,TAGGED,DTOP-OLD
stmt_mat_hris_024,tag_endpoint_security,TAGGED,DTOP-OLD
stmt_mat_hris_024,tag_infrastructure_security,TAGGED,DTOP-OLD
stmt_mat_hris_024,tag_network_diagrams,TAGGED,DTOP-OLD
stmt_mat_hris_024,tag_network_segmentation,TAGGED,DTOP-OLD
stmt_mat_hris_024,tag_security_baselines,TAGGED,DTOP-OLD
stmt_mat_hris_025,tag_architecture,TAGGED,DTOP-OLD
stmt_mat_hris_025,tag_authentication,TAGGED,DTOP-OLD
stmt_mat_hris_025,tag_authorization,TAGGED,DTOP-OLD
stmt_mat_hris_025,tag_boundary_protection,TAGGED,DTOP-OLD
stmt_mat_hris_025,tag_infrastructure_protection,TAGGED,DTOP-OLD
stmt_mat_hris_025,tag_network_diagrams,TAGGED,DTOP-OLD
stmt_mat_hris_025,tag_network_segmentation,TAGGED,DTOP-OLD
stmt_mat_hris_026,tag_architecture,TAGGED,DTOP-OLD
stmt_mat_hris_026,tag_data_protection,TAGGED,DTOP-OLD
stmt_mat_hris_026,tag_encryption,TAGGED,DTOP-OLD
stmt_mat_hris_026,tag_identity_and_access_management,TAGGED,DTOP-OLD
stmt_mat_hris_026,tag_network_segmentation,TAGGED,DTOP-OLD
stmt_mat_hris_026,tag_separation_of_duties,TAGGED,DTOP-OLD
stmt_mat_hris_027,tag_architecture,TAGGED,DTOP-OLD
stmt_mat_hris_027,tag_critical_infrastructure,TAGGED,DTOP-OLD
stmt_mat_hris_027,tag_data_backup,TAGGED,DTOP-OLD
stmt_mat_hris_027,tag_disaster_recovery,TAGGED,DTOP-OLD
stmt_mat_hris_027,tag_hotswap,TAGGED,DTOP-OLD
stmt_mat_hris_027,tag_incident_management,TAGGED,DTOP-OLD
stmt_mat_hris_027,tag_resilience,TAGGED,DTOP-OLD
stmt_mat_hris_027,tag_technology_availability,TAGGED,DTOP-OLD
stmt_mat_hris_028,tag_architecture,TAGGED,DTOP-OLD
stmt_mat_hris_028,tag_security_logging_monitoring_and_alerting,TAGGED,DTOP-OLD
stmt_mat_hris_029,tag_asset_inventory,TAGGED,DTOP-OLD
stmt_mat_hris_029,tag_asset_management,TAGGED,DTOP-OLD
stmt_mat_hris_029,tag_business_impact_analysis,TAGGED,DTOP-OLD
stmt_mat_hris_029,tag_critical_infrastructure,TAGGED,DTOP-OLD
stmt_mat_hris_029,tag_resilience,TAGGED,DTOP-OLD
stmt_mat_hris_029,tag_security_logging_monitoring_and_alerting,TAGGED,DTOP-OLD
stmt_mat_hris_029,tag_technology_availability,TAGGED,DTOP-OLD
stmt_mat_hris_029,tag_threat_landscape,TAGGED,DTOP-OLD
stmt_mat_hris_030,tag_asset_inventory,TAGGED,DTOP-OLD
stmt_mat_hris_030,tag_asset_management,TAGGED,DTOP-OLD
stmt_mat_hris_030,tag_business_impact_analysis,TAGGED,DTOP-OLD
stmt_mat_hris_030,tag_critical_infrastructure,TAGGED,DTOP-OLD
stmt_mat_hris_030,tag_resilience,TAGGED,DTOP-OLD
stmt_mat_hris_030,tag_review_assessment_and_testing,TAGGED,DTOP-OLD
stmt_mat_hris_030,tag_risk_management,TAGGED,DTOP-OLD
stmt_mat_hris_030,tag_roles_and_responsibilities,TAGGED,DTOP-OLD
stmt_mat_hris_030,tag_technology_availability,TAGGED,DTOP-OLD
stmt_mat_hris_030,tag_threat_management,TAGGED,DTOP-OLD
stmt_mat_hris_031,tag_asset_management,TAGGED,DTOP-OLD
stmt_mat_hris_031,tag_business_impact_analysis,TAGGED,DTOP-OLD
stmt_mat_hris_031,tag_business_process,TAGGED,DTOP-OLD
stmt_mat_hris_031,tag_critical_infrastructure,TAGGED,DTOP-OLD
stmt_mat_hris_031,tag_dependency_management,TAGGED,DTOP-OLD
stmt_mat_hris_031,tag_resilience,TAGGED,DTOP-OLD
stmt_mat_hris_031,tag_security_logging_monitoring_and_alerting,TAGGED,DTOP-OLD
stmt_mat_hris_031,tag_technology_availability,TAGGED,DTOP-OLD
stmt_mat_hris_032,tag_asset_management,TAGGED,DTOP-OLD
stmt_mat_hris_032,tag_business_impact_analysis,TAGGED,DTOP-OLD
stmt_mat_hris_032,tag_business_process,TAGGED,DTOP-OLD
stmt_mat_hris_032,tag_critical_infrastructure,TAGGED,DTOP-OLD
stmt_mat_hris_032,tag_dependency_management,TAGGED,DTOP-OLD
stmt_mat_hris_032,tag_staffing_and_resource_management,TAGGED,DTOP-OLD
stmt_mat_hris_032,tag_supply_chain_management,TAGGED,DTOP-OLD
stmt_mat_hris_032,tag_third_party_risk_management,TAGGED,DTOP-OLD
stmt_mat_hris_033,tag_asset_management,TAGGED,DTOP-OLD
stmt_mat_hris_033,tag_business_impact_analysis,TAGGED,DTOP-OLD
stmt_mat_hris_033,tag_dependency_management,TAGGED,DTOP-OLD
stmt_mat_hris_033,tag_supply_chain_management,TAGGED,DTOP-OLD
stmt_mat_hris_033,tag_third_party_risk_management,TAGGED,DTOP-OLD
stmt_mat_hris_034,tag_asset_management,TAGGED,DTOP-OLD
stmt_mat_hris_034,tag_asset_ownership,TAGGED,DTOP-OLD
stmt_mat_hris_034,tag_critical_infrastructure,TAGGED,DTOP-OLD
stmt_mat_hris_034,tag_data_classification,TAGGED,DTOP-OLD
stmt_mat_hris_034,tag_data_lifecycle,TAGGED,DTOP-OLD
stmt_mat_hris_034,tag_data_protection,TAGGED,DTOP-OLD
stmt_mat_hris_034,tag_roles_and_responsibilities,TAGGED,DTOP-OLD
stmt_mat_hris_035,tag_asset_management,TAGGED,DTOP-OLD
stmt_mat_hris_035,tag_facilities_management,TAGGED,DTOP-OLD
stmt_mat_hris_035,tag_identity_and_access_management,TAGGED,DTOP-OLD
stmt_mat_hris_035,tag_physical_access,TAGGED,DTOP-OLD
stmt_mat_hris_035,tag_physical_infrastructure,TAGGED,DTOP-OLD
stmt_mat_hris_035,tag_security_logging_monitoring_and_alerting,TAGGED,DTOP-OLD
stmt_mat_hris_036,tag_asset_management,TAGGED,DTOP-OLD
stmt_mat_hris_036,tag_critical_infrastructure,TAGGED,DTOP-OLD
stmt_mat_hris_036,tag_data_backup,TAGGED,DTOP-OLD
stmt_mat_hris_036,tag_data_integrity,TAGGED,DTOP-OLD
stmt_mat_hris_036,tag_disaster_recovery,TAGGED,DTOP-OLD
stmt_mat_hris_036,tag_policy_management,TAGGED,DTOP-OLD
stmt_mat_hris_036,tag_resilience,TAGGED,DTOP-OLD
stmt_mat_hris_037,tag_asset_management,TAGGED,DTOP-OLD
stmt_mat_hris_037,tag_vulnerability_management,TAGGED,DTOP-OLD
stmt_mat_hris_038,tag_audit_planning_and_testing,TAGGED,DTOP-OLD
stmt_mat_hris_038,tag_organizational_structure,TAGGED,DTOP-OLD
stmt_mat_hris_039,tag_audit_planning_and_testing,TAGGED,DTOP-OLD
stmt_mat_hris_039,tag_risk_appetite,TAGGED,DTOP-OLD
stmt_mat_hris_039,tag_risk_oversight,TAGGED,DTOP-OLD
stmt_mat_hris_040,tag_audit_planning_and_testing,TAGGED,DTOP-OLD
stmt_mat_hris_040,tag_review_assessment_and_testing,TAGGED,DTOP-OLD
stmt_mat_hris_041,tag_audit_planning_and_testing,TAGGED,DTOP-OLD
stmt_mat_hris_041,tag_board_or_committee_oversight,TAGGED,DTOP-OLD
stmt_mat_hris_041,tag_metrics_and_reporting,TAGGED,DTOP-OLD
stmt_mat_hris_041,tag_policy_management,TAGGED,DTOP-OLD
stmt_mat_hris_041,tag_review_assessment_and_testing,TAGGED,DTOP-OLD
stmt_mat_hris_041,tag_risk_management,TAGGED,DTOP-OLD
stmt_mat_hris_041,tag_risk_oversight,TAGGED,DTOP-OLD
stmt_mat_hris_041,tag_supply_chain_management,TAGGED,DTOP-OLD
stmt_mat_hris_041,tag_third_party_risk_management,TAGGED,DTOP-OLD
stmt_mat_hris_042,tag_audit_planning_and_testing,TAGGED,DTOP-OLD
stmt_mat_hris_042,tag_review_assessment_and_testing,TAGGED,DTOP-OLD
stmt_mat_hris_043,tag_audit_planning_and_testing,TAGGED,DTOP-OLD
stmt_mat_hris_043,tag_compliance,TAGGED,DTOP-OLD
stmt_mat_hris_043,tag_industry_standards,TAGGED,DTOP-OLD
stmt_mat_hris_043,tag_policy_management,TAGGED,DTOP-OLD
stmt_mat_hris_044,tag_audit_planning_and_testing,TAGGED,DTOP-OLD
stmt_mat_hris_044,tag_policy_management,TAGGED,DTOP-OLD
stmt_mat_hris_044,tag_risk_appetite,TAGGED,DTOP-OLD
stmt_mat_hris_045,tag_audit_planning_and_testing,TAGGED,DTOP-OLD
stmt_mat_hris_046,tag_audit_planning_and_testing,TAGGED,DTOP-OLD
stmt_mat_hris_047,tag_audit_planning_and_testing,TAGGED,DTOP-OLD
stmt_mat_hris_047,tag_board_or_committee_oversight,TAGGED,DTOP-OLD
stmt_mat_hris_047,tag_metrics_and_reporting,TAGGED,DTOP-OLD
stmt_mat_hris_047,tag_review_assessment_and_testing,TAGGED,DTOP-OLD
stmt_mat_hris_047,tag_risk_appetite,TAGGED,DTOP-OLD
stmt_mat_hris_047,tag_risk_management,TAGGED,DTOP-OLD
stmt_mat_hris_047,tag_risk_oversight,TAGGED,DTOP-OLD
stmt_mat_hris_048,tag_authentication,TAGGED,DTOP-OLD
stmt_mat_hris_048,tag_authorization,TAGGED,DTOP-OLD
stmt_mat_hris_048,tag_credential_management,TAGGED,DTOP-OLD
stmt_mat_hris_048,tag_identity_and_access_management,TAGGED,DTOP-OLD
stmt_mat_hris_049,tag_authentication,TAGGED,DTOP-OLD
stmt_mat_hris_049,tag_authorization,TAGGED,DTOP-OLD
stmt_mat_hris_049,tag_credential_management,TAGGED,DTOP-OLD
stmt_mat_hris_049,tag_identity_and_access_management,TAGGED,DTOP-OLD
stmt_mat_hris_049,tag_security_logging_monitoring_and_alerting,TAGGED,DTOP-OLD
stmt_mat_hris_050,tag_authentication,TAGGED,DTOP-OLD
stmt_mat_hris_050,tag_authorization,TAGGED,DTOP-OLD
stmt_mat_hris_050,tag_credential_management,TAGGED,DTOP-OLD
stmt_mat_hris_050,tag_identity_and_access_management,TAGGED,DTOP-OLD
stmt_mat_hris_050,tag_multi_factor_authentication,TAGGED,DTOP-OLD
stmt_mat_hris_050,tag_risk_management,TAGGED,DTOP-OLD
stmt_mat_hris_051,tag_authentication,TAGGED,DTOP-OLD
stmt_mat_hris_051,tag_authorization,TAGGED,DTOP-OLD
stmt_mat_hris_051,tag_identity_and_access_management,TAGGED,DTOP-OLD
stmt_mat_hris_051,tag_least_privileged_access,TAGGED,DTOP-OLD
stmt_mat_hris_051,tag_privileged_access,TAGGED,DTOP-OLD
stmt_mat_hris_052,tag_authentication,TAGGED,DTOP-OLD
stmt_mat_hris_052,tag_fraud,TAGGED,DTOP-OLD
stmt_mat_hris_052,tag_identity_and_access_management,TAGGED,DTOP-OLD
stmt_mat_hris_052,tag_program_maturity,TAGGED,DTOP-OLD
stmt_mat_hris_053,tag_authentication,TAGGED,DTOP-OLD
stmt_mat_hris_053,tag_authorization,TAGGED,DTOP-OLD
stmt_mat_hris_053,tag_credential_management,TAGGED,DTOP-OLD
stmt_mat_hris_053,tag_identity_and_access_management,TAGGED,DTOP-OLD
stmt_mat_hris_054,tag_authentication,TAGGED,DTOP-OLD
stmt_mat_hris_054,tag_authorization,TAGGED,DTOP-OLD
stmt_mat_hris_054,tag_critical_infrastructure,TAGGED,DTOP-OLD
stmt_mat_hris_054,tag_data_classification,TAGGED,DTOP-OLD
stmt_mat_hris_054,tag_data_integrity,TAGGED,DTOP-OLD
stmt_mat_hris_054,tag_data_protection,TAGGED,DTOP-OLD
stmt_mat_hris_054,tag_encryption,TAGGED,DTOP-OLD
stmt_mat_hris_054,tag_identity_and_access_management,TAGGED,DTOP-OLD
stmt_mat_hris_054,tag_obfuscation,TAGGED,DTOP-OLD
stmt_mat_hris_054,tag_policy_management,TAGGED,DTOP-OLD
stmt_mat_hris_054,tag_security_logging_monitoring_and_alerting,TAGGED,DTOP-OLD
stmt_mat_hris_054,tag_separation_of_duties,TAGGED,DTOP-OLD
stmt_mat_hris_055,tag_authentication,TAGGED,DTOP-OLD
stmt_mat_hris_055,tag_authorization,TAGGED,DTOP-OLD
stmt_mat_hris_055,tag_data_loss_prevention,TAGGED,DTOP-OLD
stmt_mat_hris_055,tag_insider_threat,TAGGED,DTOP-OLD
stmt_mat_hris_055,tag_security_logging_monitoring_and_alerting,TAGGED,DTOP-OLD
stmt_mat_hris_056,tag_authentication,TAGGED,DTOP-OLD
stmt_mat_hris_056,tag_authorization,TAGGED,DTOP-OLD
stmt_mat_hris_056,tag_critical_infrastructure,TAGGED,DTOP-OLD
stmt_mat_hris_056,tag_data_classification,TAGGED,DTOP-OLD
stmt_mat_hris_056,tag_data_integrity,TAGGED,DTOP-OLD
stmt_mat_hris_056,tag_data_protection,TAGGED,DTOP-OLD
stmt_mat_hris_056,tag_encryption,TAGGED,DTOP-OLD
stmt_mat_hris_056,tag_identity_and_access_management,TAGGED,DTOP-OLD
stmt_mat_hris_056,tag_obfuscation,TAGGED,DTOP-OLD
stmt_mat_hris_056,tag_policy_management,TAGGED,DTOP-OLD
stmt_mat_hris_056,tag_security_logging_monitoring_and_alerting,TAGGED,DTOP-OLD
stmt_mat_hris_057,tag_authentication,TAGGED,DTOP-OLD
stmt_mat_hris_057,tag_authorization,TAGGED,DTOP-OLD
stmt_mat_hris_057,tag_critical_infrastructure,TAGGED,DTOP-OLD
stmt_mat_hris_057,tag_data_classification,TAGGED,DTOP-OLD
stmt_mat_hris_057,tag_data_integrity,TAGGED,DTOP-OLD
stmt_mat_hris_057,tag_data_protection,TAGGED,DTOP-OLD
stmt_mat_hris_057,tag_encryption,TAGGED,DTOP-OLD
stmt_mat_hris_057,tag_identity_and_access_management,TAGGED,DTOP-OLD
stmt_mat_hris_057,tag_obfuscation,TAGGED,DTOP-OLD
stmt_mat_hris_057,tag_policy_management,TAGGED,DTOP-OLD
stmt_mat_hris_057,tag_security_logging_monitoring_and_alerting,TAGGED,DTOP-OLD
stmt_mat_hris_058,tag_authentication,TAGGED,DTOP-OLD
stmt_mat_hris_058,tag_resilience,TAGGED,DTOP-OLD
stmt_mat_hris_058,tag_security_baselines,TAGGED,DTOP-OLD
stmt_mat_hris_058,tag_security_logging_monitoring_and_alerting,TAGGED,DTOP-OLD
stmt_mat_hris_059,tag_authentication,TAGGED,DTOP-OLD
stmt_mat_hris_059,tag_authorization,TAGGED,DTOP-OLD
stmt_mat_hris_059,tag_identity_and_access_management,TAGGED,DTOP-OLD
stmt_mat_hris_059,tag_infrastructure_security,TAGGED,DTOP-OLD
stmt_mat_hris_059,tag_physical_security,TAGGED,DTOP-OLD
stmt_mat_hris_059,tag_policy_management,TAGGED,DTOP-OLD
stmt_mat_hris_059,tag_privileged_access,TAGGED,DTOP-OLD
stmt_mat_hris_059,tag_remote_access,TAGGED,DTOP-OLD
stmt_mat_hris_060,tag_authentication,TAGGED,DTOP-OLD
stmt_mat_hris_060,tag_authorization,TAGGED,DTOP-OLD
stmt_mat_hris_060,tag_encryption,TAGGED,DTOP-OLD
stmt_mat_hris_060,tag_identity_and_access_management,TAGGED,DTOP-OLD
stmt_mat_hris_060,tag_multi_factor_authentication,TAGGED,DTOP-OLD
stmt_mat_hris_060,tag_remote_access,TAGGED,DTOP-OLD
stmt_mat_hris_060,tag_session_management,TAGGED,DTOP-OLD
stmt_mat_hris_061,tag_authorization,TAGGED,DTOP-OLD
stmt_mat_hris_061,tag_identity_and_access_management,TAGGED,DTOP-OLD
stmt_mat_hris_061,tag_least_privileged_access,TAGGED,DTOP-OLD
stmt_mat_hris_061,tag_physical_security,TAGGED,DTOP-OLD
stmt_mat_hris_061,tag_training_and_awareness,TAGGED,DTOP-OLD
stmt_mat_hris_062,tag_authorization,TAGGED,DTOP-OLD
stmt_mat_hris_062,tag_least_privileged_access,TAGGED,DTOP-OLD
stmt_mat_hris_062,tag_separation_of_duties,TAGGED,DTOP-OLD
stmt_mat_hris_063,tag_authorization,TAGGED,DTOP-OLD
stmt_mat_hris_063,tag_least_privileged_access,TAGGED,DTOP-OLD
stmt_mat_hris_063,tag_separation_of_duties,TAGGED,DTOP-OLD
stmt_mat_hris_064,tag_background_checks,TAGGED,DTOP-OLD
stmt_mat_hris_064,tag_business_impact_analysis,TAGGED,DTOP-OLD
stmt_mat_hris_064,tag_critical_infrastructure,TAGGED,DTOP-OLD
stmt_mat_hris_064,tag_fraud,TAGGED,DTOP-OLD
stmt_mat_hris_064,tag_human_resources,TAGGED,DTOP-OLD
stmt_mat_hris_064,tag_roles_and_responsibilities,TAGGED,DTOP-OLD
stmt_mat_hris_064,tag_vendor_management,TAGGED,DTOP-OLD
stmt_mat_hris_065,tag_background_checks,TAGGED,DTOP-OLD
stmt_mat_hris_065,tag_fraud,TAGGED,DTOP-OLD
stmt_mat_hris_065,tag_insider_threat,TAGGED,DTOP-OLD
stmt_mat_hris_065,tag_physical_access,TAGGED,DTOP-OLD
stmt_mat_hris_065,tag_risk_management,TAGGED,DTOP-OLD
stmt_mat_hris_065,tag_security_logging_monitoring_and_alerting,TAGGED,DTOP-OLD
stmt_mat_hris_066,tag_board_or_committee_oversight,TAGGED,DTOP-OLD
stmt_mat_hris_066,tag_compliance,TAGGED,DTOP-OLD
stmt_mat_hris_066,tag_policy_management,TAGGED,DTOP-OLD
stmt_mat_hris_067,tag_board_or_committee_oversight,TAGGED,DTOP-OLD
stmt_mat_hris_067,tag_enterprise_risk_management,TAGGED,DTOP-OLD
stmt_mat_hris_067,tag_metrics_and_reporting,TAGGED,DTOP-OLD
stmt_mat_hris_067,tag_mission_and_strategy,TAGGED,DTOP-OLD
stmt_mat_hris_067,tag_risk_management,TAGGED,DTOP-OLD
stmt_mat_hris_067,tag_risk_oversight,TAGGED,DTOP-OLD
stmt_mat_hris_068,tag_board_or_committee_oversight,TAGGED,DTOP-OLD
stmt_mat_hris_068,tag_risk_appetite,TAGGED,DTOP-OLD
stmt_mat_hris_068,tag_risk_management,TAGGED,DTOP-OLD
stmt_mat_hris_068,tag_risk_oversight,TAGGED,DTOP-OLD
stmt_mat_hris_068,tag_roles_and_responsibilities,TAGGED,DTOP-OLD
stmt_mat_hris_068,tag_threat_management,TAGGED,DTOP-OLD
stmt_mat_hris_069,tag_board_or_committee_oversight,TAGGED,DTOP-OLD
stmt_mat_hris_069,tag_metrics_and_reporting,TAGGED,DTOP-OLD
stmt_mat_hris_069,tag_review_assessment_and_testing,TAGGED,DTOP-OLD
stmt_mat_hris_069,tag_risk_appetite,TAGGED,DTOP-OLD
stmt_mat_hris_069,tag_risk_management,TAGGED,DTOP-OLD
stmt_mat_hris_069,tag_risk_oversight,TAGGED,DTOP-OLD
stmt_mat_hris_069,tag_roles_and_responsibilities,TAGGED,DTOP-OLD
stmt_mat_hris_070,tag_board_or_committee_oversight,TAGGED,DTOP-OLD
stmt_mat_hris_070,tag_risk_management,TAGGED,DTOP-OLD
stmt_mat_hris_070,tag_risk_oversight,TAGGED,DTOP-OLD
stmt_mat_hris_070,tag_roles_and_responsibilities,TAGGED,DTOP-OLD
stmt_mat_hris_071,tag_board_or_committee_oversight,TAGGED,DTOP-OLD
stmt_mat_hris_071,tag_dependency_management,TAGGED,DTOP-OLD
stmt_mat_hris_071,tag_metrics_and_reporting,TAGGED,DTOP-OLD
stmt_mat_hris_071,tag_risk_management,TAGGED,DTOP-OLD
stmt_mat_hris_071,tag_risk_oversight,TAGGED,DTOP-OLD
stmt_mat_hris_071,tag_supply_chain_management,TAGGED,DTOP-OLD
stmt_mat_hris_071,tag_third_party_risk_management,TAGGED,DTOP-OLD
stmt_mat_hris_072,tag_board_or_committee_oversight,TAGGED,DTOP-OLD
stmt_mat_hris_072,tag_resilience,TAGGED,DTOP-OLD
stmt_mat_hris_072,tag_risk_oversight,TAGGED,DTOP-OLD
stmt_mat_hris_073,tag_board_or_committee_oversight,TAGGED,DTOP-OLD
stmt_mat_hris_073,tag_policy_management,TAGGED,DTOP-OLD
stmt_mat_hris_074,tag_board_or_committee_oversight,TAGGED,DTOP-OLD
stmt_mat_hris_074,tag_policy_management,TAGGED,DTOP-OLD
stmt_mat_hris_075,tag_board_or_committee_oversight,TAGGED,DTOP-OLD
stmt_mat_hris_075,tag_policy_management,TAGGED,DTOP-OLD
stmt_mat_hris_075,tag_resilience,TAGGED,DTOP-OLD
stmt_mat_hris_075,tag_risk_oversight,TAGGED,DTOP-OLD
stmt_mat_hris_076,tag_board_or_committee_oversight,TAGGED,DTOP-OLD
stmt_mat_hris_076,tag_policy_management,TAGGED,DTOP-OLD
stmt_mat_hris_076,tag_risk_oversight,TAGGED,DTOP-OLD
stmt_mat_hris_076,tag_supply_chain_management,TAGGED,DTOP-OLD
stmt_mat_hris_076,tag_third_party_risk_management,TAGGED,DTOP-OLD
stmt_mat_hris_077,tag_board_or_committee_oversight,TAGGED,DTOP-OLD
stmt_mat_hris_077,tag_risk_management,TAGGED,DTOP-OLD
stmt_mat_hris_077,tag_risk_oversight,TAGGED,DTOP-OLD
stmt_mat_hris_077,tag_roles_and_responsibilities,TAGGED,DTOP-OLD
stmt_mat_hris_078,tag_board_or_committee_oversight,TAGGED,DTOP-OLD
stmt_mat_hris_078,tag_ciso,TAGGED,DTOP-OLD
stmt_mat_hris_078,tag_metrics_and_reporting,TAGGED,DTOP-OLD
stmt_mat_hris_079,tag_board_or_committee_oversight,TAGGED,DTOP-OLD
stmt_mat_hris_079,tag_metrics_and_reporting,TAGGED,DTOP-OLD
stmt_mat_hris_080,tag_board_or_committee_oversight,TAGGED,DTOP-OLD
stmt_mat_hris_080,tag_metrics_and_reporting,TAGGED,DTOP-OLD
stmt_mat_hris_080,tag_resilience,TAGGED,DTOP-OLD
stmt_mat_hris_081,tag_board_or_committee_oversight,TAGGED,DTOP-OLD
stmt_mat_hris_081,tag_enterprise_risk_management,TAGGED,DTOP-OLD
stmt_mat_hris_081,tag_risk_management,TAGGED,DTOP-OLD
stmt_mat_hris_081,tag_risk_oversight,TAGGED,DTOP-OLD
stmt_mat_hris_082,tag_board_or_committee_oversight,TAGGED,DTOP-OLD
stmt_mat_hris_082,tag_enterprise_risk_management,TAGGED,DTOP-OLD
stmt_mat_hris_082,tag_metrics_and_reporting,TAGGED,DTOP-OLD
stmt_mat_hris_082,tag_risk_management,TAGGED,DTOP-OLD
stmt_mat_hris_082,tag_risk_oversight,TAGGED,DTOP-OLD
stmt_mat_hris_083,tag_business_impact_analysis,TAGGED,DTOP-OLD
stmt_mat_hris_083,tag_critical_infrastructure,TAGGED,DTOP-OLD
stmt_mat_hris_083,tag_mission_and_strategy,TAGGED,DTOP-OLD
stmt_mat_hris_083,tag_risk_management,TAGGED,DTOP-OLD
stmt_mat_hris_083,tag_roles_and_responsibilities,TAGGED,DTOP-OLD
stmt_mat_hris_084,tag_business_impact_analysis,TAGGED,DTOP-OLD
stmt_mat_hris_084,tag_critical_infrastructure,TAGGED,DTOP-OLD
stmt_mat_hris_084,tag_mission_and_strategy,TAGGED,DTOP-OLD
stmt_mat_hris_084,tag_risk_management,TAGGED,DTOP-OLD
stmt_mat_hris_085,tag_business_impact_analysis,TAGGED,DTOP-OLD
stmt_mat_hris_085,tag_business_process,TAGGED,DTOP-OLD
stmt_mat_hris_085,tag_critical_infrastructure,TAGGED,DTOP-OLD
stmt_mat_hris_085,tag_dependency_management,TAGGED,DTOP-OLD
stmt_mat_hris_085,tag_resilience,TAGGED,DTOP-OLD
stmt_mat_hris_085,tag_security_logging_monitoring_and_alerting,TAGGED,DTOP-OLD
stmt_mat_hris_085,tag_technology_availability,TAGGED,DTOP-OLD
stmt_mat_hris_086,tag_business_impact_analysis,TAGGED,DTOP-OLD
stmt_mat_hris_086,tag_business_process,TAGGED,DTOP-OLD
stmt_mat_hris_086,tag_critical_infrastructure,TAGGED,DTOP-OLD
stmt_mat_hris_086,tag_data_backup,TAGGED,DTOP-OLD
stmt_mat_hris_086,tag_resilience,TAGGED,DTOP-OLD
stmt_mat_hris_086,tag_review_assessment_and_testing,TAGGED,DTOP-OLD
stmt_mat_hris_087,tag_business_impact_analysis,TAGGED,DTOP-OLD
stmt_mat_hris_087,tag_critical_infrastructure,TAGGED,DTOP-OLD
stmt_mat_hris_087,tag_enterprise_risk_management,TAGGED,DTOP-OLD
stmt_mat_hris_087,tag_risk_appetite,TAGGED,DTOP-OLD
stmt_mat_hris_087,tag_risk_management,TAGGED,DTOP-OLD
stmt_mat_hris_087,tag_roles_and_responsibilities,TAGGED,DTOP-OLD
stmt_mat_hris_088,tag_business_impact_analysis,TAGGED,DTOP-OLD
stmt_mat_hris_088,tag_critical_infrastructure,TAGGED,DTOP-OLD
stmt_mat_hris_088,tag_mission_and_strategy,TAGGED,DTOP-OLD
stmt_mat_hris_088,tag_risk_appetite,TAGGED,DTOP-OLD
stmt_mat_hris_088,tag_risk_management,TAGGED,DTOP-OLD
stmt_mat_hris_089,tag_business_impact_analysis,TAGGED,DTOP-OLD
stmt_mat_hris_089,tag_critical_infrastructure,TAGGED,DTOP-OLD
stmt_mat_hris_089,tag_dependency_management,TAGGED,DTOP-OLD
stmt_mat_hris_089,tag_due_diligence,TAGGED,DTOP-OLD
stmt_mat_hris_089,tag_fourth_party,TAGGED,DTOP-OLD
stmt_mat_hris_089,tag_supply_chain_management,TAGGED,DTOP-OLD
stmt_mat_hris_089,tag_third_party_risk_management,TAGGED,DTOP-OLD
stmt_mat_hris_089,tag_vendor_management,TAGGED,DTOP-OLD
stmt_mat_hris_090,tag_business_impact_analysis,TAGGED,DTOP-OLD
stmt_mat_hris_090,tag_dependency_management,TAGGED,DTOP-OLD
stmt_mat_hris_090,tag_mission_and_strategy,TAGGED,DTOP-OLD
stmt_mat_hris_090,tag_review_assessment_and_testing,TAGGED,DTOP-OLD
stmt_mat_hris_090,tag_threat_landscape,TAGGED,DTOP-OLD
stmt_mat_hris_091,tag_business_impact_analysis,TAGGED,DTOP-OLD
stmt_mat_hris_091,tag_critical_infrastructure,TAGGED,DTOP-OLD
stmt_mat_hris_091,tag_risk_management,TAGGED,DTOP-OLD
stmt_mat_hris_092,tag_change_management,TAGGED,DTOP-OLD
stmt_mat_hris_092,tag_review_assessment_and_testing,TAGGED,DTOP-OLD
stmt_mat_hris_092,tag_risk_management,TAGGED,DTOP-OLD
stmt_mat_hris_092,tag_security_baselines,TAGGED,DTOP-OLD
stmt_mat_hris_093,tag_ciso,TAGGED,DTOP-OLD
stmt_mat_hris_093,tag_compliance,TAGGED,DTOP-OLD
stmt_mat_hris_093,tag_industry_standards,TAGGED,DTOP-OLD
stmt_mat_hris_093,tag_policy_management,TAGGED,DTOP-OLD
stmt_mat_hris_093,tag_review_assessment_and_testing,TAGGED,DTOP-OLD
stmt_mat_hris_093,tag_security_baselines,TAGGED,DTOP-OLD
stmt_mat_hris_094,tag_ciso,TAGGED,DTOP-OLD
stmt_mat_hris_094,tag_mission_and_strategy,TAGGED,DTOP-OLD
stmt_mat_hris_094,tag_roles_and_responsibilities,TAGGED,DTOP-OLD
stmt_mat_hris_094,tag_staffing_and_resource_management,TAGGED,DTOP-OLD
stmt_mat_hris_095,tag_ciso,TAGGED,DTOP-OLD
stmt_mat_hris_095,tag_staffing_and_resource_management,TAGGED,DTOP-OLD
stmt_mat_hris_096,tag_compliance,TAGGED,DTOP-OLD
stmt_mat_hris_096,tag_mission_and_strategy,TAGGED,DTOP-OLD
stmt_mat_hris_096,tag_policy_management,TAGGED,DTOP-OLD
stmt_mat_hris_097,tag_compliance,TAGGED,DTOP-OLD
stmt_mat_hris_097,tag_industry_standards,TAGGED,DTOP-OLD
stmt_mat_hris_097,tag_risk_management,TAGGED,DTOP-OLD
stmt_mat_hris_098,tag_compliance,TAGGED,DTOP-OLD
stmt_mat_hris_098,tag_data_protection,TAGGED,DTOP-OLD
stmt_mat_hris_098,tag_incident_management,TAGGED,DTOP-OLD
stmt_mat_hris_098,tag_review_assessment_and_testing,TAGGED,DTOP-OLD
stmt_mat_hris_098,tag_supply_chain_management,TAGGED,DTOP-OLD
stmt_mat_hris_098,tag_third_party_risk_management,TAGGED,DTOP-OLD
stmt_mat_hris_098,tag_training_and_awareness,TAGGED,DTOP-OLD
stmt_mat_hris_099,tag_compliance,TAGGED,DTOP-OLD
stmt_mat_hris_099,tag_policy_management,TAGGED,DTOP-OLD
stmt_mat_hris_099,tag_risk_management,TAGGED,DTOP-OLD
stmt_mat_hris_099,tag_threat_landscape,TAGGED,DTOP-OLD
stmt_mat_hris_099,tag_threat_management,TAGGED,DTOP-OLD
stmt_mat_hris_099,tag_training_and_awareness,TAGGED,DTOP-OLD
stmt_mat_hris_100,tag_compliance,TAGGED,DTOP-OLD
stmt_mat_hris_100,tag_data_protection,TAGGED,DTOP-OLD
stmt_mat_hris_100,tag_encryption,TAGGED,DTOP-OLD
stmt_mat_hris_100,tag_industry_standards,TAGGED,DTOP-OLD
stmt_mat_hris_100,tag_obfuscation,TAGGED,DTOP-OLD
stmt_mat_hris_100,tag_policy_management,TAGGED,DTOP-OLD
stmt_mat_hris_101,tag_contract_management,TAGGED,DTOP-OLD
stmt_mat_hris_101,tag_dependency_management,TAGGED,DTOP-OLD
stmt_mat_hris_101,tag_supply_chain_management,TAGGED,DTOP-OLD
stmt_mat_hris_101,tag_third_party_risk_management,TAGGED,DTOP-OLD
stmt_mat_hris_102,tag_contract_management,TAGGED,DTOP-OLD
stmt_mat_hris_102,tag_risk_management,TAGGED,DTOP-OLD
stmt_mat_hris_102,tag_roles_and_responsibilities,TAGGED,DTOP-OLD
stmt_mat_hris_102,tag_supply_chain_management,TAGGED,DTOP-OLD
stmt_mat_hris_102,tag_third_party_risk_management,TAGGED,DTOP-OLD
stmt_mat_hris_102,tag_vendor_management,TAGGED,DTOP-OLD
stmt_mat_hris_103,tag_contract_management,TAGGED,DTOP-OLD
stmt_mat_hris_103,tag_dependency_management,TAGGED,DTOP-OLD
stmt_mat_hris_103,tag_policy_management,TAGGED,DTOP-OLD
stmt_mat_hris_103,tag_risk_appetite,TAGGED,DTOP-OLD
stmt_mat_hris_103,tag_supply_chain_management,TAGGED,DTOP-OLD
stmt_mat_hris_103,tag_third_party_risk_management,TAGGED,DTOP-OLD
stmt_mat_hris_104,tag_critical_infrastructure,TAGGED,DTOP-OLD
stmt_mat_hris_104,tag_risk_appetite,TAGGED,DTOP-OLD
stmt_mat_hris_104,tag_risk_management,TAGGED,DTOP-OLD
stmt_mat_hris_104,tag_supply_chain_management,TAGGED,DTOP-OLD
stmt_mat_hris_104,tag_third_party_risk_management,TAGGED,DTOP-OLD
stmt_mat_hris_105,tag_critical_infrastructure,TAGGED,DTOP-OLD
stmt_mat_hris_105,tag_data_backup,TAGGED,DTOP-OLD
stmt_mat_hris_105,tag_facilities_management,TAGGED,DTOP-OLD
stmt_mat_hris_105,tag_physical_security,TAGGED,DTOP-OLD
stmt_mat_hris_105,tag_policy_management,TAGGED,DTOP-OLD
stmt_mat_hris_105,tag_resilience,TAGGED,DTOP-OLD
stmt_mat_hris_105,tag_risk_management,TAGGED,DTOP-OLD
stmt_mat_hris_105,tag_technology_availability,TAGGED,DTOP-OLD
stmt_mat_hris_106,tag_critical_infrastructure,TAGGED,DTOP-OLD
stmt_mat_hris_106,tag_resilience,TAGGED,DTOP-OLD
stmt_mat_hris_106,tag_security_logging_monitoring_and_alerting,TAGGED,DTOP-OLD
stmt_mat_hris_106,tag_technology_availability,TAGGED,DTOP-OLD
stmt_mat_hris_107,tag_cryptography_management,TAGGED,DTOP-OLD
stmt_mat_hris_108,tag_data_classification,TAGGED,DTOP-OLD
stmt_mat_hris_108,tag_data_protection,TAGGED,DTOP-OLD
stmt_mat_hris_108,tag_encryption,TAGGED,DTOP-OLD
stmt_mat_hris_108,tag_obfuscation,TAGGED,DTOP-OLD
stmt_mat_hris_108,tag_policy_management,TAGGED,DTOP-OLD
stmt_mat_hris_108,tag_risk_management,TAGGED,DTOP-OLD
stmt_mat_hris_109,tag_data_integrity,TAGGED,DTOP-OLD
stmt_mat_hris_109,tag_data_protection,TAGGED,DTOP-OLD
stmt_mat_hris_109,tag_improvements,TAGGED,DTOP-OLD
stmt_mat_hris_109,tag_mission_and_strategy,TAGGED,DTOP-OLD
stmt_mat_hris_109,tag_program_transformation,TAGGED,DTOP-OLD
stmt_mat_hris_109,tag_risk_appetite,TAGGED,DTOP-OLD
stmt_mat_hris_109,tag_risk_management,TAGGED,DTOP-OLD
stmt_mat_hris_109,tag_system_integrity,TAGGED,DTOP-OLD
stmt_mat_hris_109,tag_technology_availability,TAGGED,DTOP-OLD
stmt_mat_hris_110,tag_data_loss_prevention,TAGGED,DTOP-OLD
stmt_mat_hris_110,tag_infrastructure_security,TAGGED,DTOP-OLD
stmt_mat_hris_110,tag_malware_protection,TAGGED,DTOP-OLD
stmt_mat_hris_111,tag_data_protection,TAGGED,DTOP-OLD
stmt_mat_hris_111,tag_facilities_management,TAGGED,DTOP-OLD
stmt_mat_hris_111,tag_physical_access,TAGGED,DTOP-OLD
stmt_mat_hris_111,tag_policy_management,TAGGED,DTOP-OLD
stmt_mat_hris_111,tag_session_management,TAGGED,DTOP-OLD
stmt_mat_hris_112,tag_data_protection,TAGGED,DTOP-OLD
stmt_mat_hris_112,tag_data_retention,TAGGED,DTOP-OLD
stmt_mat_hris_112,tag_least_privileged_access,TAGGED,DTOP-OLD
stmt_mat_hris_112,tag_policy_management,TAGGED,DTOP-OLD
stmt_mat_hris_112,tag_security_logging_monitoring_and_alerting,TAGGED,DTOP-OLD
stmt_mat_hris_113,tag_data_retention,TAGGED,DTOP-OLD
stmt_mat_hris_113,tag_security_logging_monitoring_and_alerting,TAGGED,DTOP-OLD
stmt_mat_hris_113,tag_system_integrity,TAGGED,DTOP-OLD
stmt_mat_hris_114,tag_dependency_management,TAGGED,DTOP-OLD
stmt_mat_hris_114,tag_program_transformation,TAGGED,DTOP-OLD
stmt_mat_hris_114,tag_resilience,TAGGED,DTOP-OLD
stmt_mat_hris_114,tag_risk_management,TAGGED,DTOP-OLD
stmt_mat_hris_114,tag_supply_chain_management,TAGGED,DTOP-OLD
stmt_mat_hris_114,tag_third_party_risk_management,TAGGED,DTOP-OLD
stmt_mat_hris_115,tag_dependency_management,TAGGED,DTOP-OLD
stmt_mat_hris_115,tag_supply_chain_management,TAGGED,DTOP-OLD
stmt_mat_hris_115,tag_third_party_risk_management,TAGGED,DTOP-OLD
stmt_mat_hris_116,tag_disaster_recovery,TAGGED,DTOP-OLD
stmt_mat_hris_116,tag_incident_management,TAGGED,DTOP-OLD
stmt_mat_hris_116,tag_staffing_and_resource_management,TAGGED,DTOP-OLD
stmt_mat_hris_116,tag_training_and_awareness,TAGGED,DTOP-OLD
stmt_mat_hris_117,tag_emerging_technologies,TAGGED,DTOP-OLD
stmt_mat_hris_117,tag_mission_and_strategy,TAGGED,DTOP-OLD
stmt_mat_hris_117,tag_risk_management,TAGGED,DTOP-OLD
stmt_mat_hris_117,tag_threat_management,TAGGED,DTOP-OLD
stmt_mat_hris_118,tag_emerging_technologies,TAGGED,DTOP-OLD
stmt_mat_hris_118,tag_mission_and_strategy,TAGGED,DTOP-OLD
stmt_mat_hris_118,tag_risk_management,TAGGED,DTOP-OLD
stmt_mat_hris_118,tag_threat_management,TAGGED,DTOP-OLD
stmt_mat_hris_119,tag_emerging_technologies,TAGGED,DTOP-OLD
stmt_mat_hris_119,tag_risk_management,TAGGED,DTOP-OLD
stmt_mat_hris_119,tag_threat_landscape,TAGGED,DTOP-OLD
stmt_mat_hris_119,tag_training_and_awareness,TAGGED,DTOP-OLD
stmt_mat_hris_120,tag_emerging_technologies,TAGGED,DTOP-OLD
stmt_mat_hris_120,tag_network_segmentation,TAGGED,DTOP-OLD
stmt_mat_hris_120,tag_patch_management,TAGGED,DTOP-OLD
stmt_mat_hris_120,tag_security_baselines,TAGGED,DTOP-OLD
stmt_mat_hris_120,tag_system_hardening,TAGGED,DTOP-OLD
stmt_mat_hris_121,tag_end_user_security,TAGGED,DTOP-OLD
stmt_mat_hris_121,tag_policy_management,TAGGED,DTOP-OLD
stmt_mat_hris_121,tag_review_assessment_and_testing,TAGGED,DTOP-OLD
stmt_mat_hris_121,tag_social_media,TAGGED,DTOP-OLD
stmt_mat_hris_122,tag_end_user_security,TAGGED,DTOP-OLD
stmt_mat_hris_122,tag_endpoint_security,TAGGED,DTOP-OLD
stmt_mat_hris_122,tag_infrastructure_protection,TAGGED,DTOP-OLD
stmt_mat_hris_122,tag_mobile_device_management,TAGGED,DTOP-OLD
stmt_mat_hris_122,tag_patch_management,TAGGED,DTOP-OLD
stmt_mat_hris_122,tag_policy_management,TAGGED,DTOP-OLD
stmt_mat_hris_123,tag_endpoint_security,TAGGED,DTOP-OLD
stmt_mat_hris_123,tag_infrastructure_security,TAGGED,DTOP-OLD
stmt_mat_hris_123,tag_malware_protection,TAGGED,DTOP-OLD
stmt_mat_hris_123,tag_policy_management,TAGGED,DTOP-OLD
stmt_mat_hris_123,tag_security_logging_monitoring_and_alerting,TAGGED,DTOP-OLD
stmt_mat_hris_124,tag_endpoint_security,TAGGED,DTOP-OLD
stmt_mat_hris_124,tag_malware_protection,TAGGED,DTOP-OLD
stmt_mat_hris_124,tag_mobile_device_management,TAGGED,DTOP-OLD
stmt_mat_hris_124,tag_security_baselines,TAGGED,DTOP-OLD
stmt_mat_hris_124,tag_security_logging_monitoring_and_alerting,TAGGED,DTOP-OLD
stmt_mat_hris_125,tag_endpoint_security,TAGGED,DTOP-OLD
stmt_mat_hris_125,tag_infrastructure_security,TAGGED,DTOP-OLD
stmt_mat_hris_125,tag_malware_protection,TAGGED,DTOP-OLD
stmt_mat_hris_125,tag_policy_management,TAGGED,DTOP-OLD
stmt_mat_hris_126,tag_enterprise_risk_management,TAGGED,DTOP-OLD
stmt_mat_hris_126,tag_risk_management,TAGGED,DTOP-OLD
stmt_mat_hris_127,tag_enterprise_risk_management,TAGGED,DTOP-OLD
stmt_mat_hris_127,tag_risk_appetite,TAGGED,DTOP-OLD
stmt_mat_hris_127,tag_risk_management,TAGGED,DTOP-OLD
stmt_mat_hris_128,tag_enterprise_risk_management,TAGGED,DTOP-OLD
stmt_mat_hris_128,tag_risk_management,TAGGED,DTOP-OLD
stmt_mat_hris_129,tag_enterprise_risk_management,TAGGED,DTOP-OLD
stmt_mat_hris_129,tag_policy_management,TAGGED,DTOP-OLD
stmt_mat_hris_129,tag_review_assessment_and_testing,TAGGED,DTOP-OLD
stmt_mat_hris_129,tag_risk_management,TAGGED,DTOP-OLD
stmt_mat_hris_130,tag_enterprise_risk_management,TAGGED,DTOP-OLD
stmt_mat_hris_130,tag_risk_management,TAGGED,DTOP-OLD
stmt_mat_hris_131,tag_enterprise_risk_management,TAGGED,DTOP-OLD
stmt_mat_hris_131,tag_review_assessment_and_testing,TAGGED,DTOP-OLD
stmt_mat_hris_131,tag_risk_appetite,TAGGED,DTOP-OLD
stmt_mat_hris_131,tag_risk_management,TAGGED,DTOP-OLD
stmt_mat_hris_131,tag_threat_management,TAGGED,DTOP-OLD
stmt_mat_hris_132,tag_enterprise_risk_management,TAGGED,DTOP-OLD
stmt_mat_hris_132,tag_staffing_and_resource_management,TAGGED,DTOP-OLD
stmt_mat_hris_133,tag_enterprise_risk_management,TAGGED,DTOP-OLD
stmt_mat_hris_133,tag_mission_and_strategy,TAGGED,DTOP-OLD
stmt_mat_hris_133,tag_risk_appetite,TAGGED,DTOP-OLD
stmt_mat_hris_133,tag_risk_management,TAGGED,DTOP-OLD
stmt_mat_hris_133,tag_threat_management,TAGGED,DTOP-OLD
stmt_mat_hris_134,tag_enterprise_risk_management,TAGGED,DTOP-OLD
stmt_mat_hris_134,tag_improvements,TAGGED,DTOP-OLD
stmt_mat_hris_134,tag_program_transformation,TAGGED,DTOP-OLD
stmt_mat_hris_134,tag_risk_management,TAGGED,DTOP-OLD
stmt_mat_hris_134,tag_risk_response,TAGGED,DTOP-OLD
stmt_mat_hris_135,tag_enterprise_risk_management,TAGGED,DTOP-OLD
stmt_mat_hris_135,tag_risk_management,TAGGED,DTOP-OLD
stmt_mat_hris_136,tag_enterprise_risk_management,TAGGED,DTOP-OLD
stmt_mat_hris_136,tag_mission_and_strategy,TAGGED,DTOP-OLD
stmt_mat_hris_136,tag_risk_management,TAGGED,DTOP-OLD
stmt_mat_hris_136,tag_threat_management,TAGGED,DTOP-OLD
stmt_mat_hris_137,tag_enterprise_risk_management,TAGGED,DTOP-OLD
stmt_mat_hris_137,tag_risk_appetite,TAGGED,DTOP-OLD
stmt_mat_hris_137,tag_risk_management,TAGGED,DTOP-OLD
stmt_mat_hris_138,tag_enterprise_risk_management,TAGGED,DTOP-OLD
stmt_mat_hris_138,tag_improvements,TAGGED,DTOP-OLD
stmt_mat_hris_138,tag_program_transformation,TAGGED,DTOP-OLD
stmt_mat_hris_138,tag_review_assessment_and_testing,TAGGED,DTOP-OLD
stmt_mat_hris_138,tag_risk_management,TAGGED,DTOP-OLD
stmt_mat_hris_139,tag_facilities_management,TAGGED,DTOP-OLD
stmt_mat_hris_139,tag_physical_security,TAGGED,DTOP-OLD
stmt_mat_hris_139,tag_roles_and_responsibilities,TAGGED,DTOP-OLD
stmt_mat_hris_140,tag_facilities_management,TAGGED,DTOP-OLD
stmt_mat_hris_140,tag_physical_security,TAGGED,DTOP-OLD
stmt_mat_hris_140,tag_policy_management,TAGGED,DTOP-OLD
stmt_mat_hris_141,tag_forensics,TAGGED,DTOP-OLD
stmt_mat_hris_141,tag_incident_management,TAGGED,DTOP-OLD
stmt_mat_hris_141,tag_staffing_and_resource_management,TAGGED,DTOP-OLD
stmt_mat_hris_141,tag_training_and_awareness,TAGGED,DTOP-OLD
stmt_mat_hris_142,tag_human_resources,TAGGED,DTOP-OLD
stmt_mat_hris_142,tag_staffing_and_resource_management,TAGGED,DTOP-OLD
stmt_mat_hris_142,tag_training_and_awareness,TAGGED,DTOP-OLD
stmt_mat_hris_143,tag_incident_management,TAGGED,DTOP-OLD
stmt_mat_hris_143,tag_roles_and_responsibilities,TAGGED,DTOP-OLD
stmt_mat_hris_143,tag_security_logging_monitoring_and_alerting,TAGGED,DTOP-OLD
stmt_mat_hris_143,tag_threat_management,TAGGED,DTOP-OLD
stmt_mat_hris_144,tag_incident_management,TAGGED,DTOP-OLD
stmt_mat_hris_144,tag_issue_management,TAGGED,DTOP-OLD
stmt_mat_hris_144,tag_lessons_learned,TAGGED,DTOP-OLD
stmt_mat_hris_144,tag_metrics_and_reporting,TAGGED,DTOP-OLD
stmt_mat_hris_144,tag_root_cause_analysis,TAGGED,DTOP-OLD
stmt_mat_hris_145,tag_infrastructure_security,TAGGED,DTOP-OLD
stmt_mat_hris_145,tag_resilience,TAGGED,DTOP-OLD
stmt_mat_hris_145,tag_security_logging_monitoring_and_alerting,TAGGED,DTOP-OLD
stmt_mat_hris_146,tag_metrics_and_reporting,TAGGED,DTOP-OLD
stmt_mat_hris_146,tag_mission_and_strategy,TAGGED,DTOP-OLD
stmt_mat_hris_146,tag_policy_management,TAGGED,DTOP-OLD
stmt_mat_hris_146,tag_risk_oversight,TAGGED,DTOP-OLD
stmt_mat_hris_146,tag_technology_officer,TAGGED,DTOP-OLD
stmt_mat_hris_147,tag_mission_and_strategy,TAGGED,DTOP-OLD
stmt_mat_hris_147,tag_risk_appetite,TAGGED,DTOP-OLD
stmt_mat_hris_147,tag_risk_management,TAGGED,DTOP-OLD
stmt_mat_hris_148,tag_mission_and_strategy,TAGGED,DTOP-OLD
stmt_mat_hris_148,tag_risk_management,TAGGED,DTOP-OLD
stmt_mat_hris_149,tag_mission_and_strategy,TAGGED,DTOP-OLD
stmt_mat_hris_149,tag_policy_management,TAGGED,DTOP-OLD
stmt_mat_hris_149,tag_risk_oversight,TAGGED,DTOP-OLD
stmt_mat_hris_149,tag_technology_officer,TAGGED,DTOP-OLD
stmt_mat_hris_150,tag_mission_and_strategy,TAGGED,DTOP-OLD
stmt_mat_hris_150,tag_risk_management,TAGGED,DTOP-OLD
stmt_mat_hris_150,tag_supply_chain_management,TAGGED,DTOP-OLD
stmt_mat_hris_150,tag_third_party_risk_management,TAGGED,DTOP-OLD
stmt_mat_hris_151,tag_organizational_structure,TAGGED,DTOP-OLD
stmt_mat_hris_151,tag_staffing_and_resource_management,TAGGED,DTOP-OLD
stmt_mat_hris_151,tag_training_and_awareness,TAGGED,DTOP-OLD
stmt_mat_hris_152,tag_organizational_structure,TAGGED,DTOP-OLD
stmt_mat_hris_152,tag_risk_oversight,TAGGED,DTOP-OLD
stmt_mat_hris_152,tag_training_and_awareness,TAGGED,DTOP-OLD
stmt_mat_hris_153,tag_policy_management,TAGGED,DTOP-OLD
stmt_mat_hris_153,tag_review_assessment_and_testing,TAGGED,DTOP-OLD
stmt_mat_hris_153,tag_staffing_and_resource_management,TAGGED,DTOP-OLD
stmt_mat_hris_154,tag_policy_management,TAGGED,DTOP-OLD
stmt_mat_hris_155,tag_policy_management,TAGGED,DTOP-OLD
stmt_mat_hris_155,tag_risk_appetite,TAGGED,DTOP-OLD
stmt_mat_hris_155,tag_risk_management,TAGGED,DTOP-OLD
stmt_mat_hris_156,tag_policy_management,TAGGED,DTOP-OLD
stmt_mat_hris_156,tag_threat_management,TAGGED,DTOP-OLD
stmt_mat_hris_156,tag_training_and_awareness,TAGGED,DTOP-OLD
stmt_mat_hris_156,tag_vulnerability_management,TAGGED,DTOP-OLD
stmt_mat_hris_157,tag_policy_management,TAGGED,DTOP-OLD
stmt_mat_hris_157,tag_secure_system_development,TAGGED,DTOP-OLD
stmt_mat_hris_157,tag_technology_development_lifecycle,TAGGED,DTOP-OLD
stmt_mat_hris_158,tag_resilience,TAGGED,DTOP-OLD
stmt_mat_hris_158,tag_risk_management,TAGGED,DTOP-OLD
stmt_mat_hris_159,tag_risk_appetite,TAGGED,DTOP-OLD
stmt_mat_hris_159,tag_risk_management,TAGGED,DTOP-OLD
stmt_mat_hris_159,tag_supply_chain_management,TAGGED,DTOP-OLD
stmt_mat_hris_159,tag_third_party_risk_management,TAGGED,DTOP-OLD
stmt_mat_hris_160,tag_risk_management,TAGGED,DTOP-OLD
stmt_mat_hris_160,tag_staffing_and_resource_management,TAGGED,DTOP-OLD
stmt_mat_hris_161,tag_risk_oversight,TAGGED,DTOP-OLD
stmt_mat_hris_161,tag_staffing_and_resource_management,TAGGED,DTOP-OLD
stmt_mat_hris_161,tag_training_and_awareness,TAGGED,DTOP-OLD
stmt_mat_hris_162,tag_roles_and_responsibilities,TAGGED,DTOP-OLD
stmt_mat_hris_162,tag_staffing_and_resource_management,TAGGED,DTOP-OLD
stmt_mat_hris_163,tag_roles_and_responsibilities,TAGGED,DTOP-OLD
stmt_mat_hris_163,tag_supply_chain_management,TAGGED,DTOP-OLD
stmt_mat_hris_163,tag_third_party_risk_management,TAGGED,DTOP-OLD
stmt_mat_hris_164,tag_security_baselines,TAGGED,DTOP-OLD
stmt_mat_hris_164,tag_security_logging_monitoring_and_alerting,TAGGED,DTOP-OLD
stmt_mat_hris_164,tag_system_hardening,TAGGED,DTOP-OLD
stmt_mat_hris_164,tag_vulnerability_management,TAGGED,DTOP-OLD
stmt_mat_hris_165,tag_security_baselines,TAGGED,DTOP-OLD
stmt_mat_hris_165,tag_security_logging_monitoring_and_alerting,TAGGED,DTOP-OLD
stmt_mat_hris_165,tag_system_hardening,TAGGED,DTOP-OLD
stmt_mat_hris_165,tag_technology_availability,TAGGED,DTOP-OLD
stmt_mat_hris_166,tag_security_baselines,TAGGED,DTOP-OLD
stmt_mat_hris_166,tag_system_hardening,TAGGED,DTOP-OLD
stmt_mat_hris_167,tag_staffing_and_resource_management,TAGGED,DTOP-OLD
stmt_mat_hris_167,tag_threat_landscape,TAGGED,DTOP-OLD
stmt_mat_hris_167,tag_threat_management,TAGGED,DTOP-OLD
stmt_mat_hris_167,tag_training_and_awareness,TAGGED,DTOP-OLD
stmt_mat_hris_168,tag_staffing_and_resource_management,TAGGED,DTOP-OLD
stmt_mat_hris_168,tag_training_and_awareness,TAGGED,DTOP-OLD
stmt_mat_hris_169,tag_staffing_and_resource_management,TAGGED,DTOP-OLD
stmt_mat_hris_169,tag_training_and_awareness,TAGGED,DTOP-OLD
stmt_mat_hris_170,tag_technology_development_lifecycle,TAGGED,DTOP-OLD
stmt_mat_hris_171,tag_training_and_awareness,TAGGED,DTOP-OLD
stmt_mat_hris_172,tag_authentication,TAGGED,DTOP-OLD
stmt_mat_hris_172,tag_authorization,TAGGED,DTOP-OLD
stmt_mat_hris_172,tag_identity_and_access_management,TAGGED,DTOP-OLD
stmt_mat_hris_172,tag_least_privileged_access,TAGGED,DTOP-OLD
stmt_mat_hris_172,tag_privileged_access,TAGGED,DTOP-OLD
stmt_mat_hris_173,tag_contract_management,TAGGED,DTOP-OLD
stmt_mat_hris_173,tag_dependency_management,TAGGED,DTOP-OLD
stmt_mat_hris_173,tag_supply_chain_management,TAGGED,DTOP-OLD
stmt_mat_hris_173,tag_third_party_risk_management,TAGGED,DTOP-OLD
stmt_mat_hris_174,tag_risk_oversight,TAGGED,DTOP-OLD
stmt_mat_hris_174,tag_staffing_and_resource_management,TAGGED,DTOP-OLD
stmt_mat_hris_174,tag_training_and_awareness,TAGGED,DTOP-OLD
stmt_mat_csp_001,tag_access_management,TAGGED,DTOP-OLD
stmt_mat_csp_001,tag_authentication,TAGGED,DTOP-OLD
stmt_mat_csp_001,tag_authorization,TAGGED,DTOP-OLD
stmt_mat_csp_001,tag_credential_management,TAGGED,DTOP-OLD
stmt_mat_csp_001,tag_identity_and_access_management,TAGGED,DTOP-OLD
stmt_mat_csp_001,tag_multi_factor_authentication,TAGGED,DTOP-OLD
stmt_mat_csp_001,tag_privileged_access,TAGGED,DTOP-OLD
stmt_mat_csp_001,tag_session_management,TAGGED,DTOP-OLD
stmt_mat_csp_002,tag_credential_management,TAGGED,DTOP-OLD
stmt_mat_csp_002,tag_identity_and_access_management,TAGGED,DTOP-OLD
stmt_mat_csp_002,tag_policy_management,TAGGED,DTOP-OLD
stmt_mat_csp_002,tag_privileged_access,TAGGED,DTOP-OLD
stmt_mat_csp_003,tag_access_management,TAGGED,DTOP-OLD
stmt_mat_csp_003,tag_identity_and_access_management,TAGGED,DTOP-OLD
stmt_mat_csp_003,tag_policy_management,TAGGED,DTOP-OLD
stmt_mat_csp_003,tag_supply_chain_management,TAGGED,DTOP-OLD
stmt_mat_csp_003,tag_third_party_risk_management,TAGGED,DTOP-OLD
stmt_mat_csp_004,tag_application_security,TAGGED,DTOP-OLD
stmt_mat_csp_004,tag_asset_management,TAGGED,DTOP-OLD
stmt_mat_csp_004,tag_patch_management,TAGGED,DTOP-OLD
stmt_mat_csp_004,tag_security_baselines,TAGGED,DTOP-OLD
stmt_mat_csp_004,tag_system_hardening,TAGGED,DTOP-OLD
stmt_mat_csp_004,tag_vulnerability_management,TAGGED,DTOP-OLD
stmt_mat_csp_005,tag_application_security,TAGGED,DTOP-OLD
stmt_mat_csp_005,tag_data_protection,TAGGED,DTOP-OLD
stmt_mat_csp_005,tag_encryption,TAGGED,DTOP-OLD
stmt_mat_csp_005,tag_infrastructure_security,TAGGED,DTOP-OLD
stmt_mat_csp_005,tag_mobile_device_management,TAGGED,DTOP-OLD
stmt_mat_csp_005,tag_patch_management,TAGGED,DTOP-OLD
stmt_mat_csp_005,tag_security_baselines,TAGGED,DTOP-OLD
stmt_mat_csp_005,tag_security_logging_monitoring_and_alerting,TAGGED,DTOP-OLD
stmt_mat_csp_005,tag_system_integrity,TAGGED,DTOP-OLD
stmt_mat_csp_005,tag_vulnerability_management,TAGGED,DTOP-OLD
stmt_mat_csp_006,tag_application_security,TAGGED,DTOP-OLD
stmt_mat_csp_006,tag_authentication,TAGGED,DTOP-OLD
stmt_mat_csp_006,tag_authorization,TAGGED,DTOP-OLD
stmt_mat_csp_006,tag_endpoint_security,TAGGED,DTOP-OLD
stmt_mat_csp_006,tag_infrastructure_security,TAGGED,DTOP-OLD
stmt_mat_csp_006,tag_multi_factor_authentication,TAGGED,DTOP-OLD
stmt_mat_csp_006,tag_security_baselines,TAGGED,DTOP-OLD
stmt_mat_csp_006,tag_security_logging_monitoring_and_alerting,TAGGED,DTOP-OLD
stmt_mat_csp_007,tag_application_security,TAGGED,DTOP-OLD
stmt_mat_csp_007,tag_asset_management,TAGGED,DTOP-OLD
stmt_mat_csp_007,tag_patch_management,TAGGED,DTOP-OLD
stmt_mat_csp_007,tag_vulnerability_management,TAGGED,DTOP-OLD
stmt_mat_csp_008,tag_application_security,TAGGED,DTOP-OLD
stmt_mat_csp_008,tag_application_security_testing,TAGGED,DTOP-OLD
stmt_mat_csp_008,tag_policy_management,TAGGED,DTOP-OLD
stmt_mat_csp_008,tag_vulnerability_management,TAGGED,DTOP-OLD
stmt_mat_csp_009,tag_application_security,TAGGED,DTOP-OLD
stmt_mat_csp_009,tag_application_security_testing,TAGGED,DTOP-OLD
stmt_mat_csp_009,tag_secure_system_development,TAGGED,DTOP-OLD
stmt_mat_csp_009,tag_security_baselines,TAGGED,DTOP-OLD
stmt_mat_csp_009,tag_technology_development_lifecycle,TAGGED,DTOP-OLD
stmt_mat_csp_009,tag_vulnerability_management,TAGGED,DTOP-OLD
stmt_mat_csp_010,tag_application_security,TAGGED,DTOP-OLD
stmt_mat_csp_010,tag_architecture,TAGGED,DTOP-OLD
stmt_mat_csp_010,tag_cryptography_management,TAGGED,DTOP-OLD
stmt_mat_csp_010,tag_infrastructure_security,TAGGED,DTOP-OLD
stmt_mat_csp_010,tag_mission_and_strategy,TAGGED,DTOP-OLD
stmt_mat_csp_010,tag_resilience,TAGGED,DTOP-OLD
stmt_mat_csp_011,tag_application_security,TAGGED,DTOP-OLD
stmt_mat_csp_011,tag_architecture,TAGGED,DTOP-OLD
stmt_mat_csp_011,tag_infrastructure_security,TAGGED,DTOP-OLD
stmt_mat_csp_011,tag_resilience,TAGGED,DTOP-OLD
stmt_mat_csp_011,tag_secure_system_development,TAGGED,DTOP-OLD
stmt_mat_csp_011,tag_security_baselines,TAGGED,DTOP-OLD
stmt_mat_csp_011,tag_technology_development_lifecycle,TAGGED,DTOP-OLD
stmt_mat_csp_012,tag_application_security,TAGGED,DTOP-OLD
stmt_mat_csp_012,tag_application_security_testing,TAGGED,DTOP-OLD
stmt_mat_csp_012,tag_architecture,TAGGED,DTOP-OLD
stmt_mat_csp_012,tag_cryptography_management,TAGGED,DTOP-OLD
stmt_mat_csp_012,tag_data_protection,TAGGED,DTOP-OLD
stmt_mat_csp_012,tag_infrastructure_security,TAGGED,DTOP-OLD
stmt_mat_csp_012,tag_secure_system_development,TAGGED,DTOP-OLD
stmt_mat_csp_012,tag_security_baselines,TAGGED,DTOP-OLD
stmt_mat_csp_012,tag_technology_development_lifecycle,TAGGED,DTOP-OLD
stmt_mat_csp_013,tag_application_security_testing,TAGGED,DTOP-OLD
stmt_mat_csp_013,tag_cryptography_management,TAGGED,DTOP-OLD
stmt_mat_csp_013,tag_patch_management,TAGGED,DTOP-OLD
stmt_mat_csp_013,tag_penetration_testing,TAGGED,DTOP-OLD
stmt_mat_csp_013,tag_secure_system_development,TAGGED,DTOP-OLD
stmt_mat_csp_013,tag_technology_development_lifecycle,TAGGED,DTOP-OLD
stmt_mat_csp_013,tag_vulnerability_management,TAGGED,DTOP-OLD
stmt_mat_csp_014,tag_application_security_testing,TAGGED,DTOP-OLD
stmt_mat_csp_014,tag_patch_management,TAGGED,DTOP-OLD
stmt_mat_csp_014,tag_secure_system_development,TAGGED,DTOP-OLD
stmt_mat_csp_014,tag_technology_development_lifecycle,TAGGED,DTOP-OLD
stmt_mat_csp_014,tag_vulnerability_management,TAGGED,DTOP-OLD
stmt_mat_csp_015,tag_architecture,TAGGED,DTOP-OLD
stmt_mat_csp_015,tag_data_protection,TAGGED,DTOP-OLD
stmt_mat_csp_015,tag_policy_management,TAGGED,DTOP-OLD
stmt_mat_csp_015,tag_security_baselines,TAGGED,DTOP-OLD
stmt_mat_csp_016,tag_architecture,TAGGED,DTOP-OLD
stmt_mat_csp_016,tag_boundary_protection,TAGGED,DTOP-OLD
stmt_mat_csp_016,tag_infrastructure_security,TAGGED,DTOP-OLD
stmt_mat_csp_016,tag_network_diagrams,TAGGED,DTOP-OLD
stmt_mat_csp_016,tag_network_segmentation,TAGGED,DTOP-OLD
stmt_mat_csp_017,tag_architecture,TAGGED,DTOP-OLD
stmt_mat_csp_017,tag_boundary_protection,TAGGED,DTOP-OLD
stmt_mat_csp_017,tag_endpoint_security,TAGGED,DTOP-OLD
stmt_mat_csp_017,tag_infrastructure_security,TAGGED,DTOP-OLD
stmt_mat_csp_017,tag_network_diagrams,TAGGED,DTOP-OLD
stmt_mat_csp_017,tag_network_segmentation,TAGGED,DTOP-OLD
stmt_mat_csp_017,tag_security_baselines,TAGGED,DTOP-OLD
stmt_mat_csp_018,tag_architecture,TAGGED,DTOP-OLD
stmt_mat_csp_018,tag_authentication,TAGGED,DTOP-OLD
stmt_mat_csp_018,tag_authorization,TAGGED,DTOP-OLD
stmt_mat_csp_018,tag_boundary_protection,TAGGED,DTOP-OLD
stmt_mat_csp_018,tag_infrastructure_protection,TAGGED,DTOP-OLD
stmt_mat_csp_018,tag_network_diagrams,TAGGED,DTOP-OLD
stmt_mat_csp_018,tag_network_segmentation,TAGGED,DTOP-OLD
stmt_mat_csp_019,tag_architecture,TAGGED,DTOP-OLD
stmt_mat_csp_019,tag_data_protection,TAGGED,DTOP-OLD
stmt_mat_csp_019,tag_encryption,TAGGED,DTOP-OLD
stmt_mat_csp_019,tag_identity_and_access_management,TAGGED,DTOP-OLD
stmt_mat_csp_019,tag_network_segmentation,TAGGED,DTOP-OLD
stmt_mat_csp_019,tag_separation_of_duties,TAGGED,DTOP-OLD
stmt_mat_csp_020,tag_architecture,TAGGED,DTOP-OLD
stmt_mat_csp_020,tag_critical_infrastructure,TAGGED,DTOP-OLD
stmt_mat_csp_020,tag_data_backup,TAGGED,DTOP-OLD
stmt_mat_csp_020,tag_disaster_recovery,TAGGED,DTOP-OLD
stmt_mat_csp_020,tag_hotswap,TAGGED,DTOP-OLD
stmt_mat_csp_020,tag_incident_management,TAGGED,DTOP-OLD
stmt_mat_csp_020,tag_resilience,TAGGED,DTOP-OLD
stmt_mat_csp_020,tag_technology_availability,TAGGED,DTOP-OLD
stmt_mat_csp_021,tag_architecture,TAGGED,DTOP-OLD
stmt_mat_csp_021,tag_security_logging_monitoring_and_alerting,TAGGED,DTOP-OLD
stmt_mat_csp_022,tag_asset_inventory,TAGGED,DTOP-OLD
stmt_mat_csp_022,tag_asset_management,TAGGED,DTOP-OLD
stmt_mat_csp_022,tag_business_impact_analysis,TAGGED,DTOP-OLD
stmt_mat_csp_022,tag_critical_infrastructure,TAGGED,DTOP-OLD
stmt_mat_csp_022,tag_disaster_recovery,TAGGED,DTOP-OLD
stmt_mat_csp_022,tag_resilience,TAGGED,DTOP-OLD
stmt_mat_csp_022,tag_review_assessment_and_testing,TAGGED,DTOP-OLD
stmt_mat_csp_022,tag_risk_management,TAGGED,DTOP-OLD
stmt_mat_csp_022,tag_threat_landscape,TAGGED,DTOP-OLD
stmt_mat_csp_023,tag_asset_management,TAGGED,DTOP-OLD
stmt_mat_csp_023,tag_facilities_management,TAGGED,DTOP-OLD
stmt_mat_csp_023,tag_identity_and_access_management,TAGGED,DTOP-OLD
stmt_mat_csp_023,tag_physical_access,TAGGED,DTOP-OLD
stmt_mat_csp_023,tag_physical_infrastructure,TAGGED,DTOP-OLD
stmt_mat_csp_023,tag_security_logging_monitoring_and_alerting,TAGGED,DTOP-OLD
stmt_mat_csp_024,tag_asset_management,TAGGED,DTOP-OLD
stmt_mat_csp_024,tag_critical_infrastructure,TAGGED,DTOP-OLD
stmt_mat_csp_024,tag_data_backup,TAGGED,DTOP-OLD
stmt_mat_csp_024,tag_data_integrity,TAGGED,DTOP-OLD
stmt_mat_csp_024,tag_disaster_recovery,TAGGED,DTOP-OLD
stmt_mat_csp_024,tag_policy_management,TAGGED,DTOP-OLD
stmt_mat_csp_024,tag_resilience,TAGGED,DTOP-OLD
stmt_mat_csp_025,tag_asset_management,TAGGED,DTOP-OLD
stmt_mat_csp_025,tag_vulnerability_management,TAGGED,DTOP-OLD
stmt_mat_csp_026,tag_asset_management,TAGGED,DTOP-OLD
stmt_mat_csp_026,tag_incident_management,TAGGED,DTOP-OLD
stmt_mat_csp_027,tag_asset_management,TAGGED,DTOP-OLD
stmt_mat_csp_027,tag_data_protection,TAGGED,DTOP-OLD
stmt_mat_csp_027,tag_disaster_recovery,TAGGED,DTOP-OLD
stmt_mat_csp_027,tag_incident_management,TAGGED,DTOP-OLD
stmt_mat_csp_027,tag_supply_chain_management,TAGGED,DTOP-OLD
stmt_mat_csp_027,tag_third_party_risk_management,TAGGED,DTOP-OLD
stmt_mat_csp_028,tag_authentication,TAGGED,DTOP-OLD
stmt_mat_csp_028,tag_authorization,TAGGED,DTOP-OLD
stmt_mat_csp_028,tag_credential_management,TAGGED,DTOP-OLD
stmt_mat_csp_028,tag_identity_and_access_management,TAGGED,DTOP-OLD
stmt_mat_csp_029,tag_authentication,TAGGED,DTOP-OLD
stmt_mat_csp_029,tag_authorization,TAGGED,DTOP-OLD
stmt_mat_csp_029,tag_credential_management,TAGGED,DTOP-OLD
stmt_mat_csp_029,tag_identity_and_access_management,TAGGED,DTOP-OLD
stmt_mat_csp_029,tag_security_logging_monitoring_and_alerting,TAGGED,DTOP-OLD
stmt_mat_csp_030,tag_authentication,TAGGED,DTOP-OLD
stmt_mat_csp_030,tag_authorization,TAGGED,DTOP-OLD
stmt_mat_csp_030,tag_credential_management,TAGGED,DTOP-OLD
stmt_mat_csp_030,tag_identity_and_access_management,TAGGED,DTOP-OLD
stmt_mat_csp_030,tag_multi_factor_authentication,TAGGED,DTOP-OLD
stmt_mat_csp_030,tag_risk_management,TAGGED,DTOP-OLD
stmt_mat_csp_031,tag_authentication,TAGGED,DTOP-OLD
stmt_mat_csp_031,tag_authorization,TAGGED,DTOP-OLD
stmt_mat_csp_031,tag_identity_and_access_management,TAGGED,DTOP-OLD
stmt_mat_csp_031,tag_least_privileged_access,TAGGED,DTOP-OLD
stmt_mat_csp_031,tag_privileged_access,TAGGED,DTOP-OLD
stmt_mat_csp_032,tag_authentication,TAGGED,DTOP-OLD
stmt_mat_csp_032,tag_fraud,TAGGED,DTOP-OLD
stmt_mat_csp_032,tag_identity_and_access_management,TAGGED,DTOP-OLD
stmt_mat_csp_032,tag_program_maturity,TAGGED,DTOP-OLD
stmt_mat_csp_033,tag_authentication,TAGGED,DTOP-OLD
stmt_mat_csp_033,tag_authorization,TAGGED,DTOP-OLD
stmt_mat_csp_033,tag_credential_management,TAGGED,DTOP-OLD
stmt_mat_csp_033,tag_identity_and_access_management,TAGGED,DTOP-OLD
stmt_mat_csp_034,tag_authentication,TAGGED,DTOP-OLD
stmt_mat_csp_034,tag_authorization,TAGGED,DTOP-OLD
stmt_mat_csp_034,tag_critical_infrastructure,TAGGED,DTOP-OLD
stmt_mat_csp_034,tag_data_classification,TAGGED,DTOP-OLD
stmt_mat_csp_034,tag_data_integrity,TAGGED,DTOP-OLD
stmt_mat_csp_034,tag_data_protection,TAGGED,DTOP-OLD
stmt_mat_csp_034,tag_encryption,TAGGED,DTOP-OLD
stmt_mat_csp_034,tag_identity_and_access_management,TAGGED,DTOP-OLD
stmt_mat_csp_034,tag_obfuscation,TAGGED,DTOP-OLD
stmt_mat_csp_034,tag_policy_management,TAGGED,DTOP-OLD
stmt_mat_csp_034,tag_security_logging_monitoring_and_alerting,TAGGED,DTOP-OLD
stmt_mat_csp_034,tag_separation_of_duties,TAGGED,DTOP-OLD
stmt_mat_csp_035,tag_authentication,TAGGED,DTOP-OLD
stmt_mat_csp_035,tag_authorization,TAGGED,DTOP-OLD
stmt_mat_csp_035,tag_data_loss_prevention,TAGGED,DTOP-OLD
stmt_mat_csp_035,tag_insider_threat,TAGGED,DTOP-OLD
stmt_mat_csp_035,tag_security_logging_monitoring_and_alerting,TAGGED,DTOP-OLD
stmt_mat_csp_036,tag_authentication,TAGGED,DTOP-OLD
stmt_mat_csp_036,tag_authorization,TAGGED,DTOP-OLD
stmt_mat_csp_036,tag_critical_infrastructure,TAGGED,DTOP-OLD
stmt_mat_csp_036,tag_data_classification,TAGGED,DTOP-OLD
stmt_mat_csp_036,tag_data_integrity,TAGGED,DTOP-OLD
stmt_mat_csp_036,tag_data_protection,TAGGED,DTOP-OLD
stmt_mat_csp_036,tag_encryption,TAGGED,DTOP-OLD
stmt_mat_csp_036,tag_identity_and_access_management,TAGGED,DTOP-OLD
stmt_mat_csp_036,tag_obfuscation,TAGGED,DTOP-OLD
stmt_mat_csp_036,tag_policy_management,TAGGED,DTOP-OLD
stmt_mat_csp_036,tag_security_logging_monitoring_and_alerting,TAGGED,DTOP-OLD
stmt_mat_csp_037,tag_authentication,TAGGED,DTOP-OLD
stmt_mat_csp_037,tag_authorization,TAGGED,DTOP-OLD
stmt_mat_csp_037,tag_critical_infrastructure,TAGGED,DTOP-OLD
stmt_mat_csp_037,tag_data_classification,TAGGED,DTOP-OLD
stmt_mat_csp_037,tag_data_integrity,TAGGED,DTOP-OLD
stmt_mat_csp_037,tag_data_protection,TAGGED,DTOP-OLD
stmt_mat_csp_037,tag_encryption,TAGGED,DTOP-OLD
stmt_mat_csp_037,tag_identity_and_access_management,TAGGED,DTOP-OLD
stmt_mat_csp_037,tag_obfuscation,TAGGED,DTOP-OLD
stmt_mat_csp_037,tag_policy_management,TAGGED,DTOP-OLD
stmt_mat_csp_037,tag_security_logging_monitoring_and_alerting,TAGGED,DTOP-OLD
stmt_mat_csp_038,tag_authentication,TAGGED,DTOP-OLD
stmt_mat_csp_038,tag_resilience,TAGGED,DTOP-OLD
stmt_mat_csp_038,tag_security_baselines,TAGGED,DTOP-OLD
stmt_mat_csp_038,tag_security_logging_monitoring_and_alerting,TAGGED,DTOP-OLD
stmt_mat_csp_039,tag_authentication,TAGGED,DTOP-OLD
stmt_mat_csp_039,tag_authorization,TAGGED,DTOP-OLD
stmt_mat_csp_039,tag_identity_and_access_management,TAGGED,DTOP-OLD
stmt_mat_csp_039,tag_infrastructure_security,TAGGED,DTOP-OLD
stmt_mat_csp_039,tag_physical_security,TAGGED,DTOP-OLD
stmt_mat_csp_039,tag_policy_management,TAGGED,DTOP-OLD
stmt_mat_csp_039,tag_privileged_access,TAGGED,DTOP-OLD
stmt_mat_csp_039,tag_remote_access,TAGGED,DTOP-OLD
stmt_mat_csp_040,tag_authentication,TAGGED,DTOP-OLD
stmt_mat_csp_040,tag_authorization,TAGGED,DTOP-OLD
stmt_mat_csp_040,tag_encryption,TAGGED,DTOP-OLD
stmt_mat_csp_040,tag_identity_and_access_management,TAGGED,DTOP-OLD
stmt_mat_csp_040,tag_multi_factor_authentication,TAGGED,DTOP-OLD
stmt_mat_csp_040,tag_remote_access,TAGGED,DTOP-OLD
stmt_mat_csp_040,tag_session_management,TAGGED,DTOP-OLD
stmt_mat_csp_041,tag_authorization,TAGGED,DTOP-OLD
stmt_mat_csp_041,tag_identity_and_access_management,TAGGED,DTOP-OLD
stmt_mat_csp_041,tag_least_privileged_access,TAGGED,DTOP-OLD
stmt_mat_csp_041,tag_physical_security,TAGGED,DTOP-OLD
stmt_mat_csp_041,tag_training_and_awareness,TAGGED,DTOP-OLD
stmt_mat_csp_042,tag_authorization,TAGGED,DTOP-OLD
stmt_mat_csp_042,tag_least_privileged_access,TAGGED,DTOP-OLD
stmt_mat_csp_042,tag_separation_of_duties,TAGGED,DTOP-OLD
stmt_mat_csp_043,tag_authorization,TAGGED,DTOP-OLD
stmt_mat_csp_043,tag_least_privileged_access,TAGGED,DTOP-OLD
stmt_mat_csp_043,tag_separation_of_duties,TAGGED,DTOP-OLD
stmt_mat_csp_044,tag_board_or_committee_oversight,TAGGED,DTOP-OLD
stmt_mat_csp_044,tag_disaster_recovery,TAGGED,DTOP-OLD
stmt_mat_csp_044,tag_incident_management,TAGGED,DTOP-OLD
stmt_mat_csp_044,tag_information_sharing,TAGGED,DTOP-OLD
stmt_mat_csp_044,tag_risk_management,TAGGED,DTOP-OLD
stmt_mat_csp_045,tag_business_impact_analysis,TAGGED,DTOP-OLD
stmt_mat_csp_045,tag_critical_infrastructure,TAGGED,DTOP-OLD
stmt_mat_csp_045,tag_risk_management,TAGGED,DTOP-OLD
stmt_mat_csp_046,tag_compliance,TAGGED,DTOP-OLD
stmt_mat_csp_046,tag_data_protection,TAGGED,DTOP-OLD
stmt_mat_csp_046,tag_incident_management,TAGGED,DTOP-OLD
stmt_mat_csp_046,tag_review_assessment_and_testing,TAGGED,DTOP-OLD
stmt_mat_csp_046,tag_supply_chain_management,TAGGED,DTOP-OLD
stmt_mat_csp_046,tag_third_party_risk_management,TAGGED,DTOP-OLD
stmt_mat_csp_046,tag_training_and_awareness,TAGGED,DTOP-OLD
stmt_mat_csp_047,tag_compliance,TAGGED,DTOP-OLD
stmt_mat_csp_047,tag_policy_management,TAGGED,DTOP-OLD
stmt_mat_csp_047,tag_risk_management,TAGGED,DTOP-OLD
stmt_mat_csp_047,tag_threat_landscape,TAGGED,DTOP-OLD
stmt_mat_csp_047,tag_threat_management,TAGGED,DTOP-OLD
stmt_mat_csp_047,tag_training_and_awareness,TAGGED,DTOP-OLD
stmt_mat_csp_048,tag_compliance,TAGGED,DTOP-OLD
stmt_mat_csp_048,tag_data_protection,TAGGED,DTOP-OLD
stmt_mat_csp_048,tag_encryption,TAGGED,DTOP-OLD
stmt_mat_csp_048,tag_industry_standards,TAGGED,DTOP-OLD
stmt_mat_csp_048,tag_obfuscation,TAGGED,DTOP-OLD
stmt_mat_csp_048,tag_policy_management,TAGGED,DTOP-OLD
stmt_mat_csp_049,tag_critical_infrastructure,TAGGED,DTOP-OLD
stmt_mat_csp_049,tag_data_backup,TAGGED,DTOP-OLD
stmt_mat_csp_049,tag_facilities_management,TAGGED,DTOP-OLD
stmt_mat_csp_049,tag_physical_security,TAGGED,DTOP-OLD
stmt_mat_csp_049,tag_policy_management,TAGGED,DTOP-OLD
stmt_mat_csp_049,tag_resilience,TAGGED,DTOP-OLD
stmt_mat_csp_049,tag_risk_management,TAGGED,DTOP-OLD
stmt_mat_csp_049,tag_technology_availability,TAGGED,DTOP-OLD
stmt_mat_csp_050,tag_critical_infrastructure,TAGGED,DTOP-OLD
stmt_mat_csp_050,tag_resilience,TAGGED,DTOP-OLD
stmt_mat_csp_050,tag_security_logging_monitoring_and_alerting,TAGGED,DTOP-OLD
stmt_mat_csp_050,tag_technology_availability,TAGGED,DTOP-OLD
stmt_mat_csp_051,tag_critical_infrastructure,TAGGED,DTOP-OLD
stmt_mat_csp_051,tag_disaster_recovery,TAGGED,DTOP-OLD
stmt_mat_csp_051,tag_incident_management,TAGGED,DTOP-OLD
stmt_mat_csp_051,tag_resilience,TAGGED,DTOP-OLD
stmt_mat_csp_052,tag_cryptography_management,TAGGED,DTOP-OLD
stmt_mat_csp_053,tag_data_backup,TAGGED,DTOP-OLD
stmt_mat_csp_053,tag_disaster_recovery,TAGGED,DTOP-OLD
stmt_mat_csp_053,tag_hotswap,TAGGED,DTOP-OLD
stmt_mat_csp_053,tag_incident_management,TAGGED,DTOP-OLD
stmt_mat_csp_053,tag_resilience,TAGGED,DTOP-OLD
stmt_mat_csp_054,tag_data_backup,TAGGED,DTOP-OLD
stmt_mat_csp_054,tag_disaster_recovery,TAGGED,DTOP-OLD
stmt_mat_csp_054,tag_resilience,TAGGED,DTOP-OLD
stmt_mat_csp_055,tag_data_backup,TAGGED,DTOP-OLD
stmt_mat_csp_055,tag_disaster_recovery,TAGGED,DTOP-OLD
stmt_mat_csp_055,tag_resilience,TAGGED,DTOP-OLD
stmt_mat_csp_056,tag_data_classification,TAGGED,DTOP-OLD
stmt_mat_csp_056,tag_data_protection,TAGGED,DTOP-OLD
stmt_mat_csp_056,tag_encryption,TAGGED,DTOP-OLD
stmt_mat_csp_056,tag_obfuscation,TAGGED,DTOP-OLD
stmt_mat_csp_056,tag_policy_management,TAGGED,DTOP-OLD
stmt_mat_csp_056,tag_risk_management,TAGGED,DTOP-OLD
stmt_mat_csp_057,tag_data_loss_prevention,TAGGED,DTOP-OLD
stmt_mat_csp_057,tag_infrastructure_security,TAGGED,DTOP-OLD
stmt_mat_csp_057,tag_malware_protection,TAGGED,DTOP-OLD
stmt_mat_csp_058,tag_data_protection,TAGGED,DTOP-OLD
stmt_mat_csp_058,tag_facilities_management,TAGGED,DTOP-OLD
stmt_mat_csp_058,tag_physical_access,TAGGED,DTOP-OLD
stmt_mat_csp_058,tag_policy_management,TAGGED,DTOP-OLD
stmt_mat_csp_058,tag_session_management,TAGGED,DTOP-OLD
stmt_mat_csp_059,tag_data_protection,TAGGED,DTOP-OLD
stmt_mat_csp_059,tag_data_retention,TAGGED,DTOP-OLD
stmt_mat_csp_059,tag_least_privileged_access,TAGGED,DTOP-OLD
stmt_mat_csp_059,tag_policy_management,TAGGED,DTOP-OLD
stmt_mat_csp_059,tag_security_logging_monitoring_and_alerting,TAGGED,DTOP-OLD
stmt_mat_csp_060,tag_data_retention,TAGGED,DTOP-OLD
stmt_mat_csp_060,tag_security_logging_monitoring_and_alerting,TAGGED,DTOP-OLD
stmt_mat_csp_060,tag_system_integrity,TAGGED,DTOP-OLD
stmt_mat_csp_061,tag_disaster_recovery,TAGGED,DTOP-OLD
stmt_mat_csp_061,tag_incident_management,TAGGED,DTOP-OLD
stmt_mat_csp_061,tag_staffing_and_resource_management,TAGGED,DTOP-OLD
stmt_mat_csp_061,tag_training_and_awareness,TAGGED,DTOP-OLD
stmt_mat_csp_062,tag_disaster_recovery,TAGGED,DTOP-OLD
stmt_mat_csp_062,tag_incident_management,TAGGED,DTOP-OLD
stmt_mat_csp_062,tag_information_sharing,TAGGED,DTOP-OLD
stmt_mat_csp_062,tag_risk_management,TAGGED,DTOP-OLD
stmt_mat_csp_063,tag_disaster_recovery,TAGGED,DTOP-OLD
stmt_mat_csp_063,tag_incident_management,TAGGED,DTOP-OLD
stmt_mat_csp_063,tag_information_sharing,TAGGED,DTOP-OLD
stmt_mat_csp_063,tag_risk_management,TAGGED,DTOP-OLD
stmt_mat_csp_064,tag_emerging_technologies,TAGGED,DTOP-OLD
stmt_mat_csp_064,tag_risk_management,TAGGED,DTOP-OLD
stmt_mat_csp_064,tag_threat_landscape,TAGGED,DTOP-OLD
stmt_mat_csp_064,tag_training_and_awareness,TAGGED,DTOP-OLD
stmt_mat_csp_065,tag_emerging_technologies,TAGGED,DTOP-OLD
stmt_mat_csp_065,tag_network_segmentation,TAGGED,DTOP-OLD
stmt_mat_csp_065,tag_patch_management,TAGGED,DTOP-OLD
stmt_mat_csp_065,tag_security_baselines,TAGGED,DTOP-OLD
stmt_mat_csp_065,tag_system_hardening,TAGGED,DTOP-OLD
stmt_mat_csp_066,tag_end_user_security,TAGGED,DTOP-OLD
stmt_mat_csp_066,tag_endpoint_security,TAGGED,DTOP-OLD
stmt_mat_csp_066,tag_infrastructure_protection,TAGGED,DTOP-OLD
stmt_mat_csp_066,tag_mobile_device_management,TAGGED,DTOP-OLD
stmt_mat_csp_066,tag_patch_management,TAGGED,DTOP-OLD
stmt_mat_csp_066,tag_policy_management,TAGGED,DTOP-OLD
stmt_mat_csp_067,tag_endpoint_security,TAGGED,DTOP-OLD
stmt_mat_csp_067,tag_infrastructure_security,TAGGED,DTOP-OLD
stmt_mat_csp_067,tag_malware_protection,TAGGED,DTOP-OLD
stmt_mat_csp_067,tag_policy_management,TAGGED,DTOP-OLD
stmt_mat_csp_067,tag_security_logging_monitoring_and_alerting,TAGGED,DTOP-OLD
stmt_mat_csp_068,tag_endpoint_security,TAGGED,DTOP-OLD
stmt_mat_csp_068,tag_malware_protection,TAGGED,DTOP-OLD
stmt_mat_csp_068,tag_mobile_device_management,TAGGED,DTOP-OLD
stmt_mat_csp_068,tag_security_baselines,TAGGED,DTOP-OLD
stmt_mat_csp_068,tag_security_logging_monitoring_and_alerting,TAGGED,DTOP-OLD
stmt_mat_csp_069,tag_endpoint_security,TAGGED,DTOP-OLD
stmt_mat_csp_069,tag_infrastructure_security,TAGGED,DTOP-OLD
stmt_mat_csp_069,tag_malware_protection,TAGGED,DTOP-OLD
stmt_mat_csp_069,tag_policy_management,TAGGED,DTOP-OLD
stmt_mat_csp_070,tag_forensics,TAGGED,DTOP-OLD
stmt_mat_csp_070,tag_incident_management,TAGGED,DTOP-OLD
stmt_mat_csp_070,tag_staffing_and_resource_management,TAGGED,DTOP-OLD
stmt_mat_csp_070,tag_training_and_awareness,TAGGED,DTOP-OLD
stmt_mat_csp_071,tag_forensics,TAGGED,DTOP-OLD
stmt_mat_csp_071,tag_incident_management,TAGGED,DTOP-OLD
stmt_mat_csp_071,tag_lessons_learned,TAGGED,DTOP-OLD
stmt_mat_csp_071,tag_root_cause_analysis,TAGGED,DTOP-OLD
stmt_mat_csp_072,tag_incident_management,TAGGED,DTOP-OLD
stmt_mat_csp_072,tag_issue_management,TAGGED,DTOP-OLD
stmt_mat_csp_072,tag_lessons_learned,TAGGED,DTOP-OLD
stmt_mat_csp_072,tag_metrics_and_reporting,TAGGED,DTOP-OLD
stmt_mat_csp_072,tag_root_cause_analysis,TAGGED,DTOP-OLD
stmt_mat_csp_073,tag_infrastructure_security,TAGGED,DTOP-OLD
stmt_mat_csp_073,tag_resilience,TAGGED,DTOP-OLD
stmt_mat_csp_073,tag_security_logging_monitoring_and_alerting,TAGGED,DTOP-OLD
stmt_mat_csp_074,tag_organizational_structure,TAGGED,DTOP-OLD
stmt_mat_csp_074,tag_risk_oversight,TAGGED,DTOP-OLD
stmt_mat_csp_074,tag_training_and_awareness,TAGGED,DTOP-OLD
stmt_mat_csp_075,tag_policy_management,TAGGED,DTOP-OLD
stmt_mat_csp_075,tag_threat_management,TAGGED,DTOP-OLD
stmt_mat_csp_075,tag_training_and_awareness,TAGGED,DTOP-OLD
stmt_mat_csp_075,tag_vulnerability_management,TAGGED,DTOP-OLD
stmt_mat_csp_076,tag_policy_management,TAGGED,DTOP-OLD
stmt_mat_csp_076,tag_secure_system_development,TAGGED,DTOP-OLD
stmt_mat_csp_076,tag_technology_development_lifecycle,TAGGED,DTOP-OLD
stmt_mat_csp_077,tag_risk_oversight,TAGGED,DTOP-OLD
stmt_mat_csp_077,tag_staffing_and_resource_management,TAGGED,DTOP-OLD
stmt_mat_csp_077,tag_training_and_awareness,TAGGED,DTOP-OLD
stmt_mat_csp_078,tag_security_baselines,TAGGED,DTOP-OLD
stmt_mat_csp_078,tag_security_logging_monitoring_and_alerting,TAGGED,DTOP-OLD
stmt_mat_csp_078,tag_system_hardening,TAGGED,DTOP-OLD
stmt_mat_csp_078,tag_vulnerability_management,TAGGED,DTOP-OLD
stmt_mat_csp_079,tag_security_baselines,TAGGED,DTOP-OLD
stmt_mat_csp_079,tag_security_logging_monitoring_and_alerting,TAGGED,DTOP-OLD
stmt_mat_csp_079,tag_system_hardening,TAGGED,DTOP-OLD
stmt_mat_csp_079,tag_technology_availability,TAGGED,DTOP-OLD
stmt_mat_csp_080,tag_security_baselines,TAGGED,DTOP-OLD
stmt_mat_csp_080,tag_system_hardening,TAGGED,DTOP-OLD
stmt_mat_csp_081,tag_staffing_and_resource_management,TAGGED,DTOP-OLD
stmt_mat_csp_081,tag_threat_landscape,TAGGED,DTOP-OLD
stmt_mat_csp_081,tag_threat_management,TAGGED,DTOP-OLD
stmt_mat_csp_081,tag_training_and_awareness,TAGGED,DTOP-OLD
stmt_mat_csp_082,tag_staffing_and_resource_management,TAGGED,DTOP-OLD
stmt_mat_csp_082,tag_training_and_awareness,TAGGED,DTOP-OLD
stmt_mat_csp_083,tag_staffing_and_resource_management,TAGGED,DTOP-OLD
stmt_mat_csp_083,tag_training_and_awareness,TAGGED,DTOP-OLD
stmt_mat_csp_084,tag_technology_development_lifecycle,TAGGED,DTOP-OLD
stmt_mat_csp_085,tag_training_and_awareness,TAGGED,DTOP-OLD
stmt_mat_csp_086,tag_authentication,TAGGED,DTOP-OLD
stmt_mat_csp_086,tag_authorization,TAGGED,DTOP-OLD
stmt_mat_csp_086,tag_identity_and_access_management,TAGGED,DTOP-OLD
stmt_mat_csp_086,tag_least_privileged_access,TAGGED,DTOP-OLD
stmt_mat_csp_086,tag_privileged_access,TAGGED,DTOP-OLD
stmt_mat_csp_087,tag_risk_oversight,TAGGED,DTOP-OLD
stmt_mat_csp_087,tag_staffing_and_resource_management,TAGGED,DTOP-OLD
stmt_mat_csp_087,tag_training_and_awareness,TAGGED,DTOP-OLD
stmt_mat_dgp_001,tag_access_management,TAGGED,DTOP-OLD
stmt_mat_dgp_001,tag_asset_management,TAGGED,DTOP-OLD
stmt_mat_dgp_001,tag_data_loss_prevention,TAGGED,DTOP-OLD
stmt_mat_dgp_001,tag_identity_and_access_management,TAGGED,DTOP-OLD
stmt_mat_dgp_001,tag_insider_threat,TAGGED,DTOP-OLD
stmt_mat_dgp_001,tag_physical_access,TAGGED,DTOP-OLD
stmt_mat_dgp_001,tag_risk_management,TAGGED,DTOP-OLD
stmt_mat_dgp_001,tag_security_logging_monitoring_and_alerting,TAGGED,DTOP-OLD
stmt_mat_dgp_002,tag_application_security,TAGGED,DTOP-OLD
stmt_mat_dgp_002,tag_application_security_testing,TAGGED,DTOP-OLD
stmt_mat_dgp_002,tag_enterprise_risk_management,TAGGED,DTOP-OLD
stmt_mat_dgp_002,tag_issue_management,TAGGED,DTOP-OLD
stmt_mat_dgp_002,tag_penetration_testing,TAGGED,DTOP-OLD
stmt_mat_dgp_002,tag_policy_management,TAGGED,DTOP-OLD
stmt_mat_dgp_002,tag_vulnerability_management,TAGGED,DTOP-OLD
stmt_mat_dgp_003,tag_application_security,TAGGED,DTOP-OLD
stmt_mat_dgp_003,tag_application_security_testing,TAGGED,DTOP-OLD
stmt_mat_dgp_003,tag_issue_management,TAGGED,DTOP-OLD
stmt_mat_dgp_003,tag_penetration_testing,TAGGED,DTOP-OLD
stmt_mat_dgp_003,tag_policy_management,TAGGED,DTOP-OLD
stmt_mat_dgp_003,tag_review_assessment_and_testing,TAGGED,DTOP-OLD
stmt_mat_dgp_003,tag_risk_management,TAGGED,DTOP-OLD
stmt_mat_dgp_003,tag_vulnerability_management,TAGGED,DTOP-OLD
stmt_mat_dgp_004,tag_architecture,TAGGED,DTOP-OLD
stmt_mat_dgp_004,tag_mission_and_strategy,TAGGED,DTOP-OLD
stmt_mat_dgp_004,tag_risk_management,TAGGED,DTOP-OLD
stmt_mat_dgp_005,tag_architecture,TAGGED,DTOP-OLD
stmt_mat_dgp_005,tag_asset_management,TAGGED,DTOP-OLD
stmt_mat_dgp_005,tag_data_flow,TAGGED,DTOP-OLD
stmt_mat_dgp_005,tag_dependency_management,TAGGED,DTOP-OLD
stmt_mat_dgp_005,tag_network_diagrams,TAGGED,DTOP-OLD
stmt_mat_dgp_005,tag_resilience,TAGGED,DTOP-OLD
stmt_mat_dgp_006,tag_architecture,TAGGED,DTOP-OLD
stmt_mat_dgp_006,tag_asset_management,TAGGED,DTOP-OLD
stmt_mat_dgp_006,tag_business_impact_analysis,TAGGED,DTOP-OLD
stmt_mat_dgp_006,tag_critical_infrastructure,TAGGED,DTOP-OLD
stmt_mat_dgp_006,tag_data_backup,TAGGED,DTOP-OLD
stmt_mat_dgp_006,tag_data_flow,TAGGED,DTOP-OLD
stmt_mat_dgp_006,tag_data_integrity,TAGGED,DTOP-OLD
stmt_mat_dgp_006,tag_disaster_recovery,TAGGED,DTOP-OLD
stmt_mat_dgp_006,tag_network_diagrams,TAGGED,DTOP-OLD
stmt_mat_dgp_006,tag_resilience,TAGGED,DTOP-OLD
stmt_mat_dgp_006,tag_roles_and_responsibilities,TAGGED,DTOP-OLD
stmt_mat_dgp_006,tag_security_logging_monitoring_and_alerting,TAGGED,DTOP-OLD
stmt_mat_dgp_006,tag_technology_availability,TAGGED,DTOP-OLD
stmt_mat_dgp_007,tag_architecture,TAGGED,DTOP-OLD
stmt_mat_dgp_007,tag_data_backup,TAGGED,DTOP-OLD
stmt_mat_dgp_007,tag_data_flow,TAGGED,DTOP-OLD
stmt_mat_dgp_007,tag_data_integrity,TAGGED,DTOP-OLD
stmt_mat_dgp_007,tag_dependency_management,TAGGED,DTOP-OLD
stmt_mat_dgp_007,tag_disaster_recovery,TAGGED,DTOP-OLD
stmt_mat_dgp_007,tag_network_diagrams,TAGGED,DTOP-OLD
stmt_mat_dgp_007,tag_resilience,TAGGED,DTOP-OLD
stmt_mat_dgp_008,tag_architecture,TAGGED,DTOP-OLD
stmt_mat_dgp_008,tag_mission_and_strategy,TAGGED,DTOP-OLD
stmt_mat_dgp_009,tag_architecture,TAGGED,DTOP-OLD
stmt_mat_dgp_009,tag_mission_and_strategy,TAGGED,DTOP-OLD
stmt_mat_dgp_010,tag_architecture,TAGGED,DTOP-OLD
stmt_mat_dgp_010,tag_change_management,TAGGED,DTOP-OLD
stmt_mat_dgp_010,tag_data_protection,TAGGED,DTOP-OLD
stmt_mat_dgp_010,tag_policy_management,TAGGED,DTOP-OLD
stmt_mat_dgp_010,tag_resilience,TAGGED,DTOP-OLD
stmt_mat_dgp_010,tag_risk_management,TAGGED,DTOP-OLD
stmt_mat_dgp_010,tag_risk_oversight,TAGGED,DTOP-OLD
stmt_mat_dgp_011,tag_architecture,TAGGED,DTOP-OLD
stmt_mat_dgp_011,tag_disaster_recovery,TAGGED,DTOP-OLD
stmt_mat_dgp_011,tag_incident_management,TAGGED,DTOP-OLD
stmt_mat_dgp_011,tag_resilience,TAGGED,DTOP-OLD
stmt_mat_dgp_012,tag_architecture,TAGGED,DTOP-OLD
stmt_mat_dgp_012,tag_critical_infrastructure,TAGGED,DTOP-OLD
stmt_mat_dgp_012,tag_data_backup,TAGGED,DTOP-OLD
stmt_mat_dgp_012,tag_disaster_recovery,TAGGED,DTOP-OLD
stmt_mat_dgp_012,tag_hotswap,TAGGED,DTOP-OLD
stmt_mat_dgp_012,tag_incident_management,TAGGED,DTOP-OLD
stmt_mat_dgp_012,tag_resilience,TAGGED,DTOP-OLD
stmt_mat_dgp_012,tag_technology_availability,TAGGED,DTOP-OLD
stmt_mat_dgp_013,tag_asset_classification_and_criticality,TAGGED,DTOP-OLD
stmt_mat_dgp_013,tag_asset_inventory,TAGGED,DTOP-OLD
stmt_mat_dgp_013,tag_asset_management,TAGGED,DTOP-OLD
stmt_mat_dgp_013,tag_asset_ownership,TAGGED,DTOP-OLD
stmt_mat_dgp_013,tag_critical_infrastructure,TAGGED,DTOP-OLD
stmt_mat_dgp_013,tag_physical_infrastructure,TAGGED,DTOP-OLD
stmt_mat_dgp_014,tag_asset_classification_and_criticality,TAGGED,DTOP-OLD
stmt_mat_dgp_014,tag_asset_inventory,TAGGED,DTOP-OLD
stmt_mat_dgp_014,tag_asset_management,TAGGED,DTOP-OLD
stmt_mat_dgp_014,tag_asset_ownership,TAGGED,DTOP-OLD
stmt_mat_dgp_014,tag_critical_infrastructure,TAGGED,DTOP-OLD
stmt_mat_dgp_014,tag_physical_infrastructure,TAGGED,DTOP-OLD
stmt_mat_dgp_015,tag_asset_classification_and_criticality,TAGGED,DTOP-OLD
stmt_mat_dgp_015,tag_asset_inventory,TAGGED,DTOP-OLD
stmt_mat_dgp_015,tag_asset_management,TAGGED,DTOP-OLD
stmt_mat_dgp_015,tag_asset_ownership,TAGGED,DTOP-OLD
stmt_mat_dgp_015,tag_critical_infrastructure,TAGGED,DTOP-OLD
stmt_mat_dgp_015,tag_data_lifecycle,TAGGED,DTOP-OLD
stmt_mat_dgp_015,tag_physical_infrastructure,TAGGED,DTOP-OLD
stmt_mat_dgp_016,tag_asset_classification_and_criticality,TAGGED,DTOP-OLD
stmt_mat_dgp_016,tag_asset_inventory,TAGGED,DTOP-OLD
stmt_mat_dgp_016,tag_asset_management,TAGGED,DTOP-OLD
stmt_mat_dgp_016,tag_business_impact_analysis,TAGGED,DTOP-OLD
stmt_mat_dgp_016,tag_policy_management,TAGGED,DTOP-OLD
stmt_mat_dgp_017,tag_asset_classification_and_criticality,TAGGED,DTOP-OLD
stmt_mat_dgp_017,tag_asset_inventory,TAGGED,DTOP-OLD
stmt_mat_dgp_017,tag_asset_management,TAGGED,DTOP-OLD
stmt_mat_dgp_017,tag_business_impact_analysis,TAGGED,DTOP-OLD
stmt_mat_dgp_017,tag_dependency_management,TAGGED,DTOP-OLD
stmt_mat_dgp_017,tag_policy_management,TAGGED,DTOP-OLD
stmt_mat_dgp_017,tag_vulnerability_management,TAGGED,DTOP-OLD
stmt_mat_dgp_018,tag_asset_inventory,TAGGED,DTOP-OLD
stmt_mat_dgp_018,tag_asset_management,TAGGED,DTOP-OLD
stmt_mat_dgp_018,tag_business_impact_analysis,TAGGED,DTOP-OLD
stmt_mat_dgp_018,tag_critical_infrastructure,TAGGED,DTOP-OLD
stmt_mat_dgp_018,tag_resilience,TAGGED,DTOP-OLD
stmt_mat_dgp_018,tag_security_logging_monitoring_and_alerting,TAGGED,DTOP-OLD
stmt_mat_dgp_018,tag_technology_availability,TAGGED,DTOP-OLD
stmt_mat_dgp_018,tag_threat_landscape,TAGGED,DTOP-OLD
stmt_mat_dgp_019,tag_asset_inventory,TAGGED,DTOP-OLD
stmt_mat_dgp_019,tag_asset_management,TAGGED,DTOP-OLD
stmt_mat_dgp_019,tag_business_impact_analysis,TAGGED,DTOP-OLD
stmt_mat_dgp_019,tag_critical_infrastructure,TAGGED,DTOP-OLD
stmt_mat_dgp_019,tag_resilience,TAGGED,DTOP-OLD
stmt_mat_dgp_019,tag_review_assessment_and_testing,TAGGED,DTOP-OLD
stmt_mat_dgp_019,tag_risk_management,TAGGED,DTOP-OLD
stmt_mat_dgp_019,tag_roles_and_responsibilities,TAGGED,DTOP-OLD
stmt_mat_dgp_019,tag_technology_availability,TAGGED,DTOP-OLD
stmt_mat_dgp_019,tag_threat_management,TAGGED,DTOP-OLD
stmt_mat_dgp_020,tag_asset_inventory,TAGGED,DTOP-OLD
stmt_mat_dgp_020,tag_data_flow,TAGGED,DTOP-OLD
stmt_mat_dgp_020,tag_network_diagrams,TAGGED,DTOP-OLD
stmt_mat_dgp_020,tag_remote_access,TAGGED,DTOP-OLD
stmt_mat_dgp_021,tag_asset_inventory,TAGGED,DTOP-OLD
stmt_mat_dgp_021,tag_asset_management,TAGGED,DTOP-OLD
stmt_mat_dgp_021,tag_business_impact_analysis,TAGGED,DTOP-OLD
stmt_mat_dgp_021,tag_dependency_management,TAGGED,DTOP-OLD
stmt_mat_dgp_022,tag_asset_inventory,TAGGED,DTOP-OLD
stmt_mat_dgp_022,tag_asset_management,TAGGED,DTOP-OLD
stmt_mat_dgp_022,tag_critical_infrastructure,TAGGED,DTOP-OLD
stmt_mat_dgp_022,tag_data_classification,TAGGED,DTOP-OLD
stmt_mat_dgp_022,tag_data_lifecycle,TAGGED,DTOP-OLD
stmt_mat_dgp_022,tag_physical_infrastructure,TAGGED,DTOP-OLD
stmt_mat_dgp_022,tag_policy_management,TAGGED,DTOP-OLD
stmt_mat_dgp_023,tag_asset_inventory,TAGGED,DTOP-OLD
stmt_mat_dgp_023,tag_asset_management,TAGGED,DTOP-OLD
stmt_mat_dgp_023,tag_policy_management,TAGGED,DTOP-OLD
stmt_mat_dgp_024,tag_asset_management,TAGGED,DTOP-OLD
stmt_mat_dgp_024,tag_business_impact_analysis,TAGGED,DTOP-OLD
stmt_mat_dgp_024,tag_business_process,TAGGED,DTOP-OLD
stmt_mat_dgp_024,tag_critical_infrastructure,TAGGED,DTOP-OLD
stmt_mat_dgp_024,tag_dependency_management,TAGGED,DTOP-OLD
stmt_mat_dgp_024,tag_resilience,TAGGED,DTOP-OLD
stmt_mat_dgp_024,tag_security_logging_monitoring_and_alerting,TAGGED,DTOP-OLD
stmt_mat_dgp_024,tag_technology_availability,TAGGED,DTOP-OLD
stmt_mat_dgp_025,tag_asset_management,TAGGED,DTOP-OLD
stmt_mat_dgp_025,tag_business_impact_analysis,TAGGED,DTOP-OLD
stmt_mat_dgp_025,tag_business_process,TAGGED,DTOP-OLD
stmt_mat_dgp_025,tag_critical_infrastructure,TAGGED,DTOP-OLD
stmt_mat_dgp_025,tag_dependency_management,TAGGED,DTOP-OLD
stmt_mat_dgp_025,tag_staffing_and_resource_management,TAGGED,DTOP-OLD
stmt_mat_dgp_025,tag_supply_chain_management,TAGGED,DTOP-OLD
stmt_mat_dgp_025,tag_third_party_risk_management,TAGGED,DTOP-OLD
stmt_mat_dgp_026,tag_asset_management,TAGGED,DTOP-OLD
stmt_mat_dgp_026,tag_business_impact_analysis,TAGGED,DTOP-OLD
stmt_mat_dgp_026,tag_dependency_management,TAGGED,DTOP-OLD
stmt_mat_dgp_026,tag_supply_chain_management,TAGGED,DTOP-OLD
stmt_mat_dgp_026,tag_third_party_risk_management,TAGGED,DTOP-OLD
stmt_mat_dgp_027,tag_asset_management,TAGGED,DTOP-OLD
stmt_mat_dgp_027,tag_asset_ownership,TAGGED,DTOP-OLD
stmt_mat_dgp_027,tag_critical_infrastructure,TAGGED,DTOP-OLD
stmt_mat_dgp_027,tag_data_classification,TAGGED,DTOP-OLD
stmt_mat_dgp_027,tag_data_lifecycle,TAGGED,DTOP-OLD
stmt_mat_dgp_027,tag_data_protection,TAGGED,DTOP-OLD
stmt_mat_dgp_027,tag_roles_and_responsibilities,TAGGED,DTOP-OLD
stmt_mat_dgp_028,tag_asset_management,TAGGED,DTOP-OLD
stmt_mat_dgp_028,tag_data_classification,TAGGED,DTOP-OLD
stmt_mat_dgp_028,tag_data_lifecycle,TAGGED,DTOP-OLD
stmt_mat_dgp_028,tag_data_protection,TAGGED,DTOP-OLD
stmt_mat_dgp_029,tag_asset_management,TAGGED,DTOP-OLD
stmt_mat_dgp_029,tag_infrastructure_security,TAGGED,DTOP-OLD
stmt_mat_dgp_029,tag_insider_threat,TAGGED,DTOP-OLD
stmt_mat_dgp_029,tag_physical_security,TAGGED,DTOP-OLD
stmt_mat_dgp_029,tag_risk_management,TAGGED,DTOP-OLD
stmt_mat_dgp_029,tag_staffing_and_resource_management,TAGGED,DTOP-OLD
stmt_mat_dgp_029,tag_vulnerability_management,TAGGED,DTOP-OLD
stmt_mat_dgp_030,tag_asset_management,TAGGED,DTOP-OLD
stmt_mat_dgp_030,tag_patch_management,TAGGED,DTOP-OLD
stmt_mat_dgp_030,tag_risk_management,TAGGED,DTOP-OLD
stmt_mat_dgp_030,tag_vulnerability_management,TAGGED,DTOP-OLD
stmt_mat_dgp_031,tag_audit_planning_and_testing,TAGGED,DTOP-OLD
stmt_mat_dgp_031,tag_organizational_structure,TAGGED,DTOP-OLD
stmt_mat_dgp_032,tag_audit_planning_and_testing,TAGGED,DTOP-OLD
stmt_mat_dgp_032,tag_risk_appetite,TAGGED,DTOP-OLD
stmt_mat_dgp_032,tag_risk_oversight,TAGGED,DTOP-OLD
stmt_mat_dgp_033,tag_audit_planning_and_testing,TAGGED,DTOP-OLD
stmt_mat_dgp_033,tag_review_assessment_and_testing,TAGGED,DTOP-OLD
stmt_mat_dgp_034,tag_audit_planning_and_testing,TAGGED,DTOP-OLD
stmt_mat_dgp_034,tag_board_or_committee_oversight,TAGGED,DTOP-OLD
stmt_mat_dgp_034,tag_metrics_and_reporting,TAGGED,DTOP-OLD
stmt_mat_dgp_034,tag_policy_management,TAGGED,DTOP-OLD
stmt_mat_dgp_034,tag_review_assessment_and_testing,TAGGED,DTOP-OLD
stmt_mat_dgp_034,tag_risk_management,TAGGED,DTOP-OLD
stmt_mat_dgp_034,tag_risk_oversight,TAGGED,DTOP-OLD
stmt_mat_dgp_034,tag_supply_chain_management,TAGGED,DTOP-OLD
stmt_mat_dgp_034,tag_third_party_risk_management,TAGGED,DTOP-OLD
stmt_mat_dgp_035,tag_audit_planning_and_testing,TAGGED,DTOP-OLD
stmt_mat_dgp_035,tag_review_assessment_and_testing,TAGGED,DTOP-OLD
stmt_mat_dgp_036,tag_audit_planning_and_testing,TAGGED,DTOP-OLD
stmt_mat_dgp_036,tag_compliance,TAGGED,DTOP-OLD
stmt_mat_dgp_036,tag_industry_standards,TAGGED,DTOP-OLD
stmt_mat_dgp_036,tag_policy_management,TAGGED,DTOP-OLD
stmt_mat_dgp_037,tag_audit_planning_and_testing,TAGGED,DTOP-OLD
stmt_mat_dgp_037,tag_policy_management,TAGGED,DTOP-OLD
stmt_mat_dgp_037,tag_risk_appetite,TAGGED,DTOP-OLD
stmt_mat_dgp_038,tag_audit_planning_and_testing,TAGGED,DTOP-OLD
stmt_mat_dgp_039,tag_audit_planning_and_testing,TAGGED,DTOP-OLD
stmt_mat_dgp_040,tag_audit_planning_and_testing,TAGGED,DTOP-OLD
stmt_mat_dgp_040,tag_board_or_committee_oversight,TAGGED,DTOP-OLD
stmt_mat_dgp_040,tag_metrics_and_reporting,TAGGED,DTOP-OLD
stmt_mat_dgp_040,tag_review_assessment_and_testing,TAGGED,DTOP-OLD
stmt_mat_dgp_040,tag_risk_appetite,TAGGED,DTOP-OLD
stmt_mat_dgp_040,tag_risk_management,TAGGED,DTOP-OLD
stmt_mat_dgp_040,tag_risk_oversight,TAGGED,DTOP-OLD
stmt_mat_dgp_041,tag_authentication,TAGGED,DTOP-OLD
stmt_mat_dgp_041,tag_authorization,TAGGED,DTOP-OLD
stmt_mat_dgp_041,tag_data_lifecycle,TAGGED,DTOP-OLD
stmt_mat_dgp_041,tag_data_loss_prevention,TAGGED,DTOP-OLD
stmt_mat_dgp_041,tag_data_protection,TAGGED,DTOP-OLD
stmt_mat_dgp_041,tag_identity_and_access_management,TAGGED,DTOP-OLD
stmt_mat_dgp_041,tag_supply_chain_management,TAGGED,DTOP-OLD
stmt_mat_dgp_041,tag_third_party_risk_management,TAGGED,DTOP-OLD
stmt_mat_dgp_042,tag_background_checks,TAGGED,DTOP-OLD
stmt_mat_dgp_042,tag_business_impact_analysis,TAGGED,DTOP-OLD
stmt_mat_dgp_042,tag_critical_infrastructure,TAGGED,DTOP-OLD
stmt_mat_dgp_042,tag_fraud,TAGGED,DTOP-OLD
stmt_mat_dgp_042,tag_human_resources,TAGGED,DTOP-OLD
stmt_mat_dgp_042,tag_roles_and_responsibilities,TAGGED,DTOP-OLD
stmt_mat_dgp_042,tag_vendor_management,TAGGED,DTOP-OLD
stmt_mat_dgp_043,tag_background_checks,TAGGED,DTOP-OLD
stmt_mat_dgp_043,tag_fraud,TAGGED,DTOP-OLD
stmt_mat_dgp_043,tag_insider_threat,TAGGED,DTOP-OLD
stmt_mat_dgp_043,tag_physical_access,TAGGED,DTOP-OLD
stmt_mat_dgp_043,tag_risk_management,TAGGED,DTOP-OLD
stmt_mat_dgp_043,tag_security_logging_monitoring_and_alerting,TAGGED,DTOP-OLD
stmt_mat_dgp_044,tag_board_or_committee_oversight,TAGGED,DTOP-OLD
stmt_mat_dgp_044,tag_compliance,TAGGED,DTOP-OLD
stmt_mat_dgp_044,tag_policy_management,TAGGED,DTOP-OLD
stmt_mat_dgp_045,tag_board_or_committee_oversight,TAGGED,DTOP-OLD
stmt_mat_dgp_045,tag_enterprise_risk_management,TAGGED,DTOP-OLD
stmt_mat_dgp_045,tag_metrics_and_reporting,TAGGED,DTOP-OLD
stmt_mat_dgp_045,tag_mission_and_strategy,TAGGED,DTOP-OLD
stmt_mat_dgp_045,tag_risk_management,TAGGED,DTOP-OLD
stmt_mat_dgp_045,tag_risk_oversight,TAGGED,DTOP-OLD
stmt_mat_dgp_046,tag_board_or_committee_oversight,TAGGED,DTOP-OLD
stmt_mat_dgp_046,tag_risk_appetite,TAGGED,DTOP-OLD
stmt_mat_dgp_046,tag_risk_management,TAGGED,DTOP-OLD
stmt_mat_dgp_046,tag_risk_oversight,TAGGED,DTOP-OLD
stmt_mat_dgp_046,tag_roles_and_responsibilities,TAGGED,DTOP-OLD
stmt_mat_dgp_046,tag_threat_management,TAGGED,DTOP-OLD
stmt_mat_dgp_047,tag_board_or_committee_oversight,TAGGED,DTOP-OLD
stmt_mat_dgp_047,tag_metrics_and_reporting,TAGGED,DTOP-OLD
stmt_mat_dgp_047,tag_review_assessment_and_testing,TAGGED,DTOP-OLD
stmt_mat_dgp_047,tag_risk_appetite,TAGGED,DTOP-OLD
stmt_mat_dgp_047,tag_risk_management,TAGGED,DTOP-OLD
stmt_mat_dgp_047,tag_risk_oversight,TAGGED,DTOP-OLD
stmt_mat_dgp_047,tag_roles_and_responsibilities,TAGGED,DTOP-OLD
stmt_mat_dgp_048,tag_board_or_committee_oversight,TAGGED,DTOP-OLD
stmt_mat_dgp_048,tag_risk_management,TAGGED,DTOP-OLD
stmt_mat_dgp_048,tag_risk_oversight,TAGGED,DTOP-OLD
stmt_mat_dgp_048,tag_roles_and_responsibilities,TAGGED,DTOP-OLD
stmt_mat_dgp_049,tag_board_or_committee_oversight,TAGGED,DTOP-OLD
stmt_mat_dgp_049,tag_dependency_management,TAGGED,DTOP-OLD
stmt_mat_dgp_049,tag_metrics_and_reporting,TAGGED,DTOP-OLD
stmt_mat_dgp_049,tag_risk_management,TAGGED,DTOP-OLD
stmt_mat_dgp_049,tag_risk_oversight,TAGGED,DTOP-OLD
stmt_mat_dgp_049,tag_supply_chain_management,TAGGED,DTOP-OLD
stmt_mat_dgp_049,tag_third_party_risk_management,TAGGED,DTOP-OLD
stmt_mat_dgp_050,tag_board_or_committee_oversight,TAGGED,DTOP-OLD
stmt_mat_dgp_050,tag_resilience,TAGGED,DTOP-OLD
stmt_mat_dgp_050,tag_risk_oversight,TAGGED,DTOP-OLD
stmt_mat_dgp_051,tag_board_or_committee_oversight,TAGGED,DTOP-OLD
stmt_mat_dgp_051,tag_policy_management,TAGGED,DTOP-OLD
stmt_mat_dgp_052,tag_board_or_committee_oversight,TAGGED,DTOP-OLD
stmt_mat_dgp_052,tag_policy_management,TAGGED,DTOP-OLD
stmt_mat_dgp_053,tag_board_or_committee_oversight,TAGGED,DTOP-OLD
stmt_mat_dgp_053,tag_policy_management,TAGGED,DTOP-OLD
stmt_mat_dgp_053,tag_resilience,TAGGED,DTOP-OLD
stmt_mat_dgp_053,tag_risk_oversight,TAGGED,DTOP-OLD
stmt_mat_dgp_054,tag_board_or_committee_oversight,TAGGED,DTOP-OLD
stmt_mat_dgp_054,tag_policy_management,TAGGED,DTOP-OLD
stmt_mat_dgp_054,tag_risk_oversight,TAGGED,DTOP-OLD
stmt_mat_dgp_054,tag_supply_chain_management,TAGGED,DTOP-OLD
stmt_mat_dgp_054,tag_third_party_risk_management,TAGGED,DTOP-OLD
stmt_mat_dgp_055,tag_board_or_committee_oversight,TAGGED,DTOP-OLD
stmt_mat_dgp_055,tag_risk_management,TAGGED,DTOP-OLD
stmt_mat_dgp_055,tag_risk_oversight,TAGGED,DTOP-OLD
stmt_mat_dgp_055,tag_roles_and_responsibilities,TAGGED,DTOP-OLD
stmt_mat_dgp_056,tag_board_or_committee_oversight,TAGGED,DTOP-OLD
stmt_mat_dgp_056,tag_ciso,TAGGED,DTOP-OLD
stmt_mat_dgp_056,tag_metrics_and_reporting,TAGGED,DTOP-OLD
stmt_mat_dgp_057,tag_board_or_committee_oversight,TAGGED,DTOP-OLD
stmt_mat_dgp_057,tag_metrics_and_reporting,TAGGED,DTOP-OLD
stmt_mat_dgp_058,tag_board_or_committee_oversight,TAGGED,DTOP-OLD
stmt_mat_dgp_058,tag_metrics_and_reporting,TAGGED,DTOP-OLD
stmt_mat_dgp_058,tag_resilience,TAGGED,DTOP-OLD
stmt_mat_dgp_059,tag_board_or_committee_oversight,TAGGED,DTOP-OLD
stmt_mat_dgp_059,tag_enterprise_risk_management,TAGGED,DTOP-OLD
stmt_mat_dgp_059,tag_risk_management,TAGGED,DTOP-OLD
stmt_mat_dgp_059,tag_risk_oversight,TAGGED,DTOP-OLD
stmt_mat_dgp_060,tag_board_or_committee_oversight,TAGGED,DTOP-OLD
stmt_mat_dgp_060,tag_enterprise_risk_management,TAGGED,DTOP-OLD
stmt_mat_dgp_060,tag_metrics_and_reporting,TAGGED,DTOP-OLD
stmt_mat_dgp_060,tag_risk_management,TAGGED,DTOP-OLD
stmt_mat_dgp_060,tag_risk_oversight,TAGGED,DTOP-OLD
stmt_mat_dgp_061,tag_board_or_committee_oversight,TAGGED,DTOP-OLD
stmt_mat_dgp_061,tag_enterprise_risk_management,TAGGED,DTOP-OLD
stmt_mat_dgp_061,tag_issue_management,TAGGED,DTOP-OLD
stmt_mat_dgp_061,tag_program_transformation,TAGGED,DTOP-OLD
stmt_mat_dgp_061,tag_risk_appetite,TAGGED,DTOP-OLD
stmt_mat_dgp_061,tag_risk_management,TAGGED,DTOP-OLD
stmt_mat_dgp_061,tag_risk_oversight,TAGGED,DTOP-OLD
stmt_mat_dgp_062,tag_business_impact_analysis,TAGGED,DTOP-OLD
stmt_mat_dgp_062,tag_critical_infrastructure,TAGGED,DTOP-OLD
stmt_mat_dgp_062,tag_mission_and_strategy,TAGGED,DTOP-OLD
stmt_mat_dgp_062,tag_risk_management,TAGGED,DTOP-OLD
stmt_mat_dgp_062,tag_roles_and_responsibilities,TAGGED,DTOP-OLD
stmt_mat_dgp_063,tag_business_impact_analysis,TAGGED,DTOP-OLD
stmt_mat_dgp_063,tag_critical_infrastructure,TAGGED,DTOP-OLD
stmt_mat_dgp_063,tag_mission_and_strategy,TAGGED,DTOP-OLD
stmt_mat_dgp_063,tag_risk_management,TAGGED,DTOP-OLD
stmt_mat_dgp_064,tag_business_impact_analysis,TAGGED,DTOP-OLD
stmt_mat_dgp_064,tag_business_process,TAGGED,DTOP-OLD
stmt_mat_dgp_064,tag_critical_infrastructure,TAGGED,DTOP-OLD
stmt_mat_dgp_064,tag_dependency_management,TAGGED,DTOP-OLD
stmt_mat_dgp_064,tag_resilience,TAGGED,DTOP-OLD
stmt_mat_dgp_064,tag_security_logging_monitoring_and_alerting,TAGGED,DTOP-OLD
stmt_mat_dgp_064,tag_technology_availability,TAGGED,DTOP-OLD
stmt_mat_dgp_065,tag_business_impact_analysis,TAGGED,DTOP-OLD
stmt_mat_dgp_065,tag_business_process,TAGGED,DTOP-OLD
stmt_mat_dgp_065,tag_critical_infrastructure,TAGGED,DTOP-OLD
stmt_mat_dgp_065,tag_data_backup,TAGGED,DTOP-OLD
stmt_mat_dgp_065,tag_resilience,TAGGED,DTOP-OLD
stmt_mat_dgp_065,tag_review_assessment_and_testing,TAGGED,DTOP-OLD
stmt_mat_dgp_066,tag_business_impact_analysis,TAGGED,DTOP-OLD
stmt_mat_dgp_066,tag_critical_infrastructure,TAGGED,DTOP-OLD
stmt_mat_dgp_066,tag_enterprise_risk_management,TAGGED,DTOP-OLD
stmt_mat_dgp_066,tag_risk_appetite,TAGGED,DTOP-OLD
stmt_mat_dgp_066,tag_risk_management,TAGGED,DTOP-OLD
stmt_mat_dgp_066,tag_roles_and_responsibilities,TAGGED,DTOP-OLD
stmt_mat_dgp_067,tag_business_impact_analysis,TAGGED,DTOP-OLD
stmt_mat_dgp_067,tag_critical_infrastructure,TAGGED,DTOP-OLD
stmt_mat_dgp_067,tag_mission_and_strategy,TAGGED,DTOP-OLD
stmt_mat_dgp_067,tag_risk_appetite,TAGGED,DTOP-OLD
stmt_mat_dgp_067,tag_risk_management,TAGGED,DTOP-OLD
stmt_mat_dgp_068,tag_business_impact_analysis,TAGGED,DTOP-OLD
stmt_mat_dgp_068,tag_critical_infrastructure,TAGGED,DTOP-OLD
stmt_mat_dgp_068,tag_dependency_management,TAGGED,DTOP-OLD
stmt_mat_dgp_068,tag_due_diligence,TAGGED,DTOP-OLD
stmt_mat_dgp_068,tag_fourth_party,TAGGED,DTOP-OLD
stmt_mat_dgp_068,tag_supply_chain_management,TAGGED,DTOP-OLD
stmt_mat_dgp_068,tag_third_party_risk_management,TAGGED,DTOP-OLD
stmt_mat_dgp_068,tag_vendor_management,TAGGED,DTOP-OLD
stmt_mat_dgp_069,tag_business_impact_analysis,TAGGED,DTOP-OLD
stmt_mat_dgp_069,tag_dependency_management,TAGGED,DTOP-OLD
stmt_mat_dgp_069,tag_mission_and_strategy,TAGGED,DTOP-OLD
stmt_mat_dgp_069,tag_review_assessment_and_testing,TAGGED,DTOP-OLD
stmt_mat_dgp_069,tag_threat_landscape,TAGGED,DTOP-OLD
stmt_mat_dgp_070,tag_business_impact_analysis,TAGGED,DTOP-OLD
stmt_mat_dgp_070,tag_review_assessment_and_testing,TAGGED,DTOP-OLD
stmt_mat_dgp_070,tag_risk_management,TAGGED,DTOP-OLD
stmt_mat_dgp_070,tag_threat_management,TAGGED,DTOP-OLD
stmt_mat_dgp_071,tag_business_impact_analysis,TAGGED,DTOP-OLD
stmt_mat_dgp_071,tag_critical_infrastructure,TAGGED,DTOP-OLD
stmt_mat_dgp_071,tag_disaster_recovery,TAGGED,DTOP-OLD
stmt_mat_dgp_071,tag_incident_management,TAGGED,DTOP-OLD
stmt_mat_dgp_071,tag_resilience,TAGGED,DTOP-OLD
stmt_mat_dgp_071,tag_scenario_risk_assessment,TAGGED,DTOP-OLD
stmt_mat_dgp_071,tag_vulnerability_management,TAGGED,DTOP-OLD
stmt_mat_dgp_072,tag_change_management,TAGGED,DTOP-OLD
stmt_mat_dgp_072,tag_review_assessment_and_testing,TAGGED,DTOP-OLD
stmt_mat_dgp_072,tag_risk_management,TAGGED,DTOP-OLD
stmt_mat_dgp_072,tag_security_baselines,TAGGED,DTOP-OLD
stmt_mat_dgp_073,tag_change_management,TAGGED,DTOP-OLD
stmt_mat_dgp_073,tag_policy_management,TAGGED,DTOP-OLD
stmt_mat_dgp_073,tag_risk_management,TAGGED,DTOP-OLD
stmt_mat_dgp_073,tag_risk_oversight,TAGGED,DTOP-OLD
stmt_mat_dgp_074,tag_change_management,TAGGED,DTOP-OLD
stmt_mat_dgp_074,tag_policy_management,TAGGED,DTOP-OLD
stmt_mat_dgp_074,tag_review_assessment_and_testing,TAGGED,DTOP-OLD
stmt_mat_dgp_074,tag_risk_management,TAGGED,DTOP-OLD
stmt_mat_dgp_075,tag_ciso,TAGGED,DTOP-OLD
stmt_mat_dgp_075,tag_compliance,TAGGED,DTOP-OLD
stmt_mat_dgp_075,tag_industry_standards,TAGGED,DTOP-OLD
stmt_mat_dgp_075,tag_policy_management,TAGGED,DTOP-OLD
stmt_mat_dgp_075,tag_review_assessment_and_testing,TAGGED,DTOP-OLD
stmt_mat_dgp_075,tag_security_baselines,TAGGED,DTOP-OLD
stmt_mat_dgp_076,tag_ciso,TAGGED,DTOP-OLD
stmt_mat_dgp_076,tag_mission_and_strategy,TAGGED,DTOP-OLD
stmt_mat_dgp_076,tag_roles_and_responsibilities,TAGGED,DTOP-OLD
stmt_mat_dgp_076,tag_staffing_and_resource_management,TAGGED,DTOP-OLD
stmt_mat_dgp_077,tag_ciso,TAGGED,DTOP-OLD
stmt_mat_dgp_077,tag_staffing_and_resource_management,TAGGED,DTOP-OLD
stmt_mat_dgp_078,tag_compliance,TAGGED,DTOP-OLD
stmt_mat_dgp_078,tag_mission_and_strategy,TAGGED,DTOP-OLD
stmt_mat_dgp_078,tag_policy_management,TAGGED,DTOP-OLD
stmt_mat_dgp_079,tag_compliance,TAGGED,DTOP-OLD
stmt_mat_dgp_079,tag_industry_standards,TAGGED,DTOP-OLD
stmt_mat_dgp_079,tag_risk_management,TAGGED,DTOP-OLD
stmt_mat_dgp_080,tag_compliance,TAGGED,DTOP-OLD
stmt_mat_dgp_080,tag_data_protection,TAGGED,DTOP-OLD
stmt_mat_dgp_080,tag_data_retention,TAGGED,DTOP-OLD
stmt_mat_dgp_080,tag_policy_management,TAGGED,DTOP-OLD
stmt_mat_dgp_081,tag_contract_management,TAGGED,DTOP-OLD
stmt_mat_dgp_081,tag_dependency_management,TAGGED,DTOP-OLD
stmt_mat_dgp_081,tag_supply_chain_management,TAGGED,DTOP-OLD
stmt_mat_dgp_081,tag_third_party_risk_management,TAGGED,DTOP-OLD
stmt_mat_dgp_082,tag_contract_management,TAGGED,DTOP-OLD
stmt_mat_dgp_082,tag_risk_management,TAGGED,DTOP-OLD
stmt_mat_dgp_082,tag_roles_and_responsibilities,TAGGED,DTOP-OLD
stmt_mat_dgp_082,tag_supply_chain_management,TAGGED,DTOP-OLD
stmt_mat_dgp_082,tag_third_party_risk_management,TAGGED,DTOP-OLD
stmt_mat_dgp_082,tag_vendor_management,TAGGED,DTOP-OLD
stmt_mat_dgp_083,tag_contract_management,TAGGED,DTOP-OLD
stmt_mat_dgp_083,tag_dependency_management,TAGGED,DTOP-OLD
stmt_mat_dgp_083,tag_policy_management,TAGGED,DTOP-OLD
stmt_mat_dgp_083,tag_risk_appetite,TAGGED,DTOP-OLD
stmt_mat_dgp_083,tag_supply_chain_management,TAGGED,DTOP-OLD
stmt_mat_dgp_083,tag_third_party_risk_management,TAGGED,DTOP-OLD
stmt_mat_dgp_084,tag_critical_infrastructure,TAGGED,DTOP-OLD
stmt_mat_dgp_084,tag_risk_appetite,TAGGED,DTOP-OLD
stmt_mat_dgp_084,tag_risk_management,TAGGED,DTOP-OLD
stmt_mat_dgp_084,tag_supply_chain_management,TAGGED,DTOP-OLD
stmt_mat_dgp_084,tag_third_party_risk_management,TAGGED,DTOP-OLD
stmt_mat_dgp_085,tag_critical_infrastructure,TAGGED,DTOP-OLD
stmt_mat_dgp_085,tag_threat_landscape,TAGGED,DTOP-OLD
stmt_mat_dgp_085,tag_threat_management,TAGGED,DTOP-OLD
stmt_mat_dgp_086,tag_critical_infrastructure,TAGGED,DTOP-OLD
stmt_mat_dgp_086,tag_issue_management,TAGGED,DTOP-OLD
stmt_mat_dgp_086,tag_penetration_testing,TAGGED,DTOP-OLD
stmt_mat_dgp_086,tag_review_assessment_and_testing,TAGGED,DTOP-OLD
stmt_mat_dgp_087,tag_critical_infrastructure,TAGGED,DTOP-OLD
stmt_mat_dgp_087,tag_disaster_recovery,TAGGED,DTOP-OLD
stmt_mat_dgp_087,tag_mission_and_strategy,TAGGED,DTOP-OLD
stmt_mat_dgp_087,tag_program_maturity,TAGGED,DTOP-OLD
stmt_mat_dgp_087,tag_resilience,TAGGED,DTOP-OLD
stmt_mat_dgp_087,tag_risk_assessment,TAGGED,DTOP-OLD
stmt_mat_dgp_087,tag_risk_management,TAGGED,DTOP-OLD
stmt_mat_dgp_087,tag_scenario_risk_assessment,TAGGED,DTOP-OLD
stmt_mat_dgp_087,tag_tabletop_exercises,TAGGED,DTOP-OLD
stmt_mat_dgp_088,tag_critical_infrastructure,TAGGED,DTOP-OLD
stmt_mat_dgp_088,tag_disaster_recovery,TAGGED,DTOP-OLD
stmt_mat_dgp_088,tag_incident_management,TAGGED,DTOP-OLD
stmt_mat_dgp_088,tag_mission_and_strategy,TAGGED,DTOP-OLD
stmt_mat_dgp_088,tag_program_maturity,TAGGED,DTOP-OLD
stmt_mat_dgp_088,tag_resilience,TAGGED,DTOP-OLD
stmt_mat_dgp_088,tag_risk_assessment,TAGGED,DTOP-OLD
stmt_mat_dgp_088,tag_risk_management,TAGGED,DTOP-OLD
stmt_mat_dgp_088,tag_scenario_risk_assessment,TAGGED,DTOP-OLD
stmt_mat_dgp_088,tag_tabletop_exercises,TAGGED,DTOP-OLD
stmt_mat_dgp_088,tag_threat_landscape,TAGGED,DTOP-OLD
stmt_mat_dgp_088,tag_threat_management,TAGGED,DTOP-OLD
stmt_mat_dgp_089,tag_critical_infrastructure,TAGGED,DTOP-OLD
stmt_mat_dgp_089,tag_disaster_recovery,TAGGED,DTOP-OLD
stmt_mat_dgp_089,tag_mission_and_strategy,TAGGED,DTOP-OLD
stmt_mat_dgp_089,tag_program_maturity,TAGGED,DTOP-OLD
stmt_mat_dgp_089,tag_resilience,TAGGED,DTOP-OLD
stmt_mat_dgp_089,tag_risk_assessment,TAGGED,DTOP-OLD
stmt_mat_dgp_089,tag_risk_management,TAGGED,DTOP-OLD
stmt_mat_dgp_089,tag_scenario_risk_assessment,TAGGED,DTOP-OLD
stmt_mat_dgp_089,tag_tabletop_exercises,TAGGED,DTOP-OLD
stmt_mat_dgp_090,tag_critical_infrastructure,TAGGED,DTOP-OLD
stmt_mat_dgp_090,tag_disaster_recovery,TAGGED,DTOP-OLD
stmt_mat_dgp_090,tag_mission_and_strategy,TAGGED,DTOP-OLD
stmt_mat_dgp_090,tag_program_maturity,TAGGED,DTOP-OLD
stmt_mat_dgp_090,tag_resilience,TAGGED,DTOP-OLD
stmt_mat_dgp_090,tag_risk_assessment,TAGGED,DTOP-OLD
stmt_mat_dgp_090,tag_risk_management,TAGGED,DTOP-OLD
stmt_mat_dgp_090,tag_risk_oversight,TAGGED,DTOP-OLD
stmt_mat_dgp_090,tag_scenario_risk_assessment,TAGGED,DTOP-OLD
stmt_mat_dgp_090,tag_tabletop_exercises,TAGGED,DTOP-OLD
stmt_mat_dgp_091,tag_critical_infrastructure,TAGGED,DTOP-OLD
stmt_mat_dgp_091,tag_dependency_management,TAGGED,DTOP-OLD
stmt_mat_dgp_091,tag_disaster_recovery,TAGGED,DTOP-OLD
stmt_mat_dgp_091,tag_information_sharing,TAGGED,DTOP-OLD
stmt_mat_dgp_091,tag_mission_and_strategy,TAGGED,DTOP-OLD
stmt_mat_dgp_091,tag_resilience,TAGGED,DTOP-OLD
stmt_mat_dgp_091,tag_risk_assessment,TAGGED,DTOP-OLD
stmt_mat_dgp_091,tag_risk_management,TAGGED,DTOP-OLD
stmt_mat_dgp_091,tag_scenario_risk_assessment,TAGGED,DTOP-OLD
stmt_mat_dgp_091,tag_tabletop_exercises,TAGGED,DTOP-OLD
stmt_mat_dgp_092,tag_critical_infrastructure,TAGGED,DTOP-OLD
stmt_mat_dgp_092,tag_disaster_recovery,TAGGED,DTOP-OLD
stmt_mat_dgp_092,tag_issue_management,TAGGED,DTOP-OLD
stmt_mat_dgp_092,tag_mission_and_strategy,TAGGED,DTOP-OLD
stmt_mat_dgp_092,tag_program_transformation,TAGGED,DTOP-OLD
stmt_mat_dgp_092,tag_resilience,TAGGED,DTOP-OLD
stmt_mat_dgp_092,tag_review_assessment_and_testing,TAGGED,DTOP-OLD
stmt_mat_dgp_092,tag_risk_management,TAGGED,DTOP-OLD
stmt_mat_dgp_092,tag_risk_oversight,TAGGED,DTOP-OLD
stmt_mat_dgp_092,tag_tabletop_exercises,TAGGED,DTOP-OLD
stmt_mat_dgp_093,tag_data_integrity,TAGGED,DTOP-OLD
stmt_mat_dgp_093,tag_data_protection,TAGGED,DTOP-OLD
stmt_mat_dgp_093,tag_improvements,TAGGED,DTOP-OLD
stmt_mat_dgp_093,tag_mission_and_strategy,TAGGED,DTOP-OLD
stmt_mat_dgp_093,tag_program_transformation,TAGGED,DTOP-OLD
stmt_mat_dgp_093,tag_risk_appetite,TAGGED,DTOP-OLD
stmt_mat_dgp_093,tag_risk_management,TAGGED,DTOP-OLD
stmt_mat_dgp_093,tag_system_integrity,TAGGED,DTOP-OLD
stmt_mat_dgp_093,tag_technology_availability,TAGGED,DTOP-OLD
stmt_mat_dgp_094,tag_data_lifecycle,TAGGED,DTOP-OLD
stmt_mat_dgp_094,tag_data_protection,TAGGED,DTOP-OLD
stmt_mat_dgp_094,tag_data_retention,TAGGED,DTOP-OLD
stmt_mat_dgp_094,tag_policy_management,TAGGED,DTOP-OLD
stmt_mat_dgp_095,tag_dependency_management,TAGGED,DTOP-OLD
stmt_mat_dgp_095,tag_program_transformation,TAGGED,DTOP-OLD
stmt_mat_dgp_095,tag_resilience,TAGGED,DTOP-OLD
stmt_mat_dgp_095,tag_risk_management,TAGGED,DTOP-OLD
stmt_mat_dgp_095,tag_supply_chain_management,TAGGED,DTOP-OLD
stmt_mat_dgp_095,tag_third_party_risk_management,TAGGED,DTOP-OLD
stmt_mat_dgp_096,tag_dependency_management,TAGGED,DTOP-OLD
stmt_mat_dgp_096,tag_supply_chain_management,TAGGED,DTOP-OLD
stmt_mat_dgp_096,tag_third_party_risk_management,TAGGED,DTOP-OLD
stmt_mat_dgp_097,tag_disaster_recovery,TAGGED,DTOP-OLD
stmt_mat_dgp_097,tag_information_sharing,TAGGED,DTOP-OLD
stmt_mat_dgp_097,tag_resilience,TAGGED,DTOP-OLD
stmt_mat_dgp_097,tag_review_assessment_and_testing,TAGGED,DTOP-OLD
stmt_mat_dgp_098,tag_disaster_recovery,TAGGED,DTOP-OLD
stmt_mat_dgp_098,tag_issue_management,TAGGED,DTOP-OLD
stmt_mat_dgp_098,tag_mission_and_strategy,TAGGED,DTOP-OLD
stmt_mat_dgp_098,tag_program_maturity,TAGGED,DTOP-OLD
stmt_mat_dgp_098,tag_resilience,TAGGED,DTOP-OLD
stmt_mat_dgp_098,tag_risk_assessment,TAGGED,DTOP-OLD
stmt_mat_dgp_098,tag_risk_management,TAGGED,DTOP-OLD
stmt_mat_dgp_098,tag_risk_oversight,TAGGED,DTOP-OLD
stmt_mat_dgp_099,tag_disaster_recovery,TAGGED,DTOP-OLD
stmt_mat_dgp_099,tag_incident_management,TAGGED,DTOP-OLD
stmt_mat_dgp_099,tag_security_logging_monitoring_and_alerting,TAGGED,DTOP-OLD
stmt_mat_dgp_100,tag_disaster_recovery,TAGGED,DTOP-OLD
stmt_mat_dgp_100,tag_emerging_technologies,TAGGED,DTOP-OLD
stmt_mat_dgp_100,tag_incident_management,TAGGED,DTOP-OLD
stmt_mat_dgp_100,tag_lessons_learned,TAGGED,DTOP-OLD
stmt_mat_dgp_100,tag_mission_and_strategy,TAGGED,DTOP-OLD
stmt_mat_dgp_100,tag_program_maturity,TAGGED,DTOP-OLD
stmt_mat_dgp_100,tag_risk_assessment,TAGGED,DTOP-OLD
stmt_mat_dgp_100,tag_risk_management,TAGGED,DTOP-OLD
stmt_mat_dgp_100,tag_scenario_risk_assessment,TAGGED,DTOP-OLD
stmt_mat_dgp_100,tag_tabletop_exercises,TAGGED,DTOP-OLD
stmt_mat_dgp_100,tag_threat_landscape,TAGGED,DTOP-OLD
stmt_mat_dgp_100,tag_threat_management,TAGGED,DTOP-OLD
stmt_mat_dgp_101,tag_emerging_technologies,TAGGED,DTOP-OLD
stmt_mat_dgp_101,tag_mission_and_strategy,TAGGED,DTOP-OLD
stmt_mat_dgp_101,tag_risk_management,TAGGED,DTOP-OLD
stmt_mat_dgp_101,tag_threat_management,TAGGED,DTOP-OLD
stmt_mat_dgp_102,tag_emerging_technologies,TAGGED,DTOP-OLD
stmt_mat_dgp_102,tag_mission_and_strategy,TAGGED,DTOP-OLD
stmt_mat_dgp_102,tag_risk_management,TAGGED,DTOP-OLD
stmt_mat_dgp_102,tag_threat_management,TAGGED,DTOP-OLD
stmt_mat_dgp_103,tag_emerging_technologies,TAGGED,DTOP-OLD
stmt_mat_dgp_103,tag_risk_management,TAGGED,DTOP-OLD
stmt_mat_dgp_103,tag_threat_management,TAGGED,DTOP-OLD
stmt_mat_dgp_104,tag_emerging_technologies,TAGGED,DTOP-OLD
stmt_mat_dgp_104,tag_information_sharing,TAGGED,DTOP-OLD
stmt_mat_dgp_104,tag_mission_and_strategy,TAGGED,DTOP-OLD
stmt_mat_dgp_104,tag_risk_management,TAGGED,DTOP-OLD
stmt_mat_dgp_104,tag_security_logging_monitoring_and_alerting,TAGGED,DTOP-OLD
stmt_mat_dgp_104,tag_threat_management,TAGGED,DTOP-OLD
stmt_mat_dgp_105,tag_end_user_security,TAGGED,DTOP-OLD
stmt_mat_dgp_105,tag_policy_management,TAGGED,DTOP-OLD
stmt_mat_dgp_105,tag_review_assessment_and_testing,TAGGED,DTOP-OLD
stmt_mat_dgp_105,tag_social_media,TAGGED,DTOP-OLD
stmt_mat_dgp_106,tag_enterprise_risk_management,TAGGED,DTOP-OLD
stmt_mat_dgp_106,tag_risk_management,TAGGED,DTOP-OLD
stmt_mat_dgp_107,tag_enterprise_risk_management,TAGGED,DTOP-OLD
stmt_mat_dgp_107,tag_risk_appetite,TAGGED,DTOP-OLD
stmt_mat_dgp_107,tag_risk_management,TAGGED,DTOP-OLD
stmt_mat_dgp_108,tag_enterprise_risk_management,TAGGED,DTOP-OLD
stmt_mat_dgp_108,tag_risk_management,TAGGED,DTOP-OLD
stmt_mat_dgp_109,tag_enterprise_risk_management,TAGGED,DTOP-OLD
stmt_mat_dgp_109,tag_policy_management,TAGGED,DTOP-OLD
stmt_mat_dgp_109,tag_review_assessment_and_testing,TAGGED,DTOP-OLD
stmt_mat_dgp_109,tag_risk_management,TAGGED,DTOP-OLD
stmt_mat_dgp_110,tag_enterprise_risk_management,TAGGED,DTOP-OLD
stmt_mat_dgp_110,tag_risk_management,TAGGED,DTOP-OLD
stmt_mat_dgp_111,tag_enterprise_risk_management,TAGGED,DTOP-OLD
stmt_mat_dgp_111,tag_review_assessment_and_testing,TAGGED,DTOP-OLD
stmt_mat_dgp_111,tag_risk_appetite,TAGGED,DTOP-OLD
stmt_mat_dgp_111,tag_risk_management,TAGGED,DTOP-OLD
stmt_mat_dgp_111,tag_threat_management,TAGGED,DTOP-OLD
stmt_mat_dgp_112,tag_enterprise_risk_management,TAGGED,DTOP-OLD
stmt_mat_dgp_112,tag_staffing_and_resource_management,TAGGED,DTOP-OLD
stmt_mat_dgp_113,tag_enterprise_risk_management,TAGGED,DTOP-OLD
stmt_mat_dgp_113,tag_mission_and_strategy,TAGGED,DTOP-OLD
stmt_mat_dgp_113,tag_risk_appetite,TAGGED,DTOP-OLD
stmt_mat_dgp_113,tag_risk_management,TAGGED,DTOP-OLD
stmt_mat_dgp_113,tag_threat_management,TAGGED,DTOP-OLD
stmt_mat_dgp_114,tag_enterprise_risk_management,TAGGED,DTOP-OLD
stmt_mat_dgp_114,tag_improvements,TAGGED,DTOP-OLD
stmt_mat_dgp_114,tag_program_transformation,TAGGED,DTOP-OLD
stmt_mat_dgp_114,tag_risk_management,TAGGED,DTOP-OLD
stmt_mat_dgp_114,tag_risk_response,TAGGED,DTOP-OLD
stmt_mat_dgp_115,tag_enterprise_risk_management,TAGGED,DTOP-OLD
stmt_mat_dgp_115,tag_risk_management,TAGGED,DTOP-OLD
stmt_mat_dgp_116,tag_enterprise_risk_management,TAGGED,DTOP-OLD
stmt_mat_dgp_116,tag_mission_and_strategy,TAGGED,DTOP-OLD
stmt_mat_dgp_116,tag_risk_management,TAGGED,DTOP-OLD
stmt_mat_dgp_116,tag_threat_management,TAGGED,DTOP-OLD
stmt_mat_dgp_117,tag_enterprise_risk_management,TAGGED,DTOP-OLD
stmt_mat_dgp_117,tag_risk_appetite,TAGGED,DTOP-OLD
stmt_mat_dgp_117,tag_risk_management,TAGGED,DTOP-OLD
stmt_mat_dgp_118,tag_enterprise_risk_management,TAGGED,DTOP-OLD
stmt_mat_dgp_118,tag_improvements,TAGGED,DTOP-OLD
stmt_mat_dgp_118,tag_program_transformation,TAGGED,DTOP-OLD
stmt_mat_dgp_118,tag_review_assessment_and_testing,TAGGED,DTOP-OLD
stmt_mat_dgp_118,tag_risk_management,TAGGED,DTOP-OLD
stmt_mat_dgp_119,tag_enterprise_risk_management,TAGGED,DTOP-OLD
stmt_mat_dgp_119,tag_improvements,TAGGED,DTOP-OLD
stmt_mat_dgp_119,tag_metrics_and_reporting,TAGGED,DTOP-OLD
stmt_mat_dgp_119,tag_program_transformation,TAGGED,DTOP-OLD
stmt_mat_dgp_119,tag_review_assessment_and_testing,TAGGED,DTOP-OLD
stmt_mat_dgp_119,tag_risk_management,TAGGED,DTOP-OLD
stmt_mat_dgp_119,tag_risk_response,TAGGED,DTOP-OLD
stmt_mat_dgp_120,tag_enterprise_risk_management,TAGGED,DTOP-OLD
stmt_mat_dgp_120,tag_issue_management,TAGGED,DTOP-OLD
stmt_mat_dgp_120,tag_metrics_and_reporting,TAGGED,DTOP-OLD
stmt_mat_dgp_120,tag_risk_management,TAGGED,DTOP-OLD
stmt_mat_dgp_120,tag_risk_response,TAGGED,DTOP-OLD
stmt_mat_dgp_121,tag_enterprise_risk_management,TAGGED,DTOP-OLD
stmt_mat_dgp_121,tag_issue_management,TAGGED,DTOP-OLD
stmt_mat_dgp_121,tag_policy_management,TAGGED,DTOP-OLD
stmt_mat_dgp_121,tag_review_assessment_and_testing,TAGGED,DTOP-OLD
stmt_mat_dgp_121,tag_risk_management,TAGGED,DTOP-OLD
stmt_mat_dgp_122,tag_enterprise_risk_management,TAGGED,DTOP-OLD
stmt_mat_dgp_122,tag_metrics_and_reporting,TAGGED,DTOP-OLD
stmt_mat_dgp_122,tag_risk_management,TAGGED,DTOP-OLD
stmt_mat_dgp_122,tag_risk_oversight,TAGGED,DTOP-OLD
stmt_mat_dgp_123,tag_enterprise_risk_management,TAGGED,DTOP-OLD
stmt_mat_dgp_123,tag_improvements,TAGGED,DTOP-OLD
stmt_mat_dgp_123,tag_mission_and_strategy,TAGGED,DTOP-OLD
stmt_mat_dgp_123,tag_program_transformation,TAGGED,DTOP-OLD
stmt_mat_dgp_123,tag_review_assessment_and_testing,TAGGED,DTOP-OLD
stmt_mat_dgp_123,tag_risk_management,TAGGED,DTOP-OLD
stmt_mat_dgp_124,tag_enterprise_risk_management,TAGGED,DTOP-OLD
stmt_mat_dgp_124,tag_information_sharing,TAGGED,DTOP-OLD
stmt_mat_dgp_124,tag_mission_and_strategy,TAGGED,DTOP-OLD
stmt_mat_dgp_124,tag_risk_management,TAGGED,DTOP-OLD
stmt_mat_dgp_124,tag_threat_management,TAGGED,DTOP-OLD
stmt_mat_dgp_125,tag_facilities_management,TAGGED,DTOP-OLD
stmt_mat_dgp_125,tag_physical_security,TAGGED,DTOP-OLD
stmt_mat_dgp_125,tag_roles_and_responsibilities,TAGGED,DTOP-OLD
stmt_mat_dgp_126,tag_facilities_management,TAGGED,DTOP-OLD
stmt_mat_dgp_126,tag_physical_security,TAGGED,DTOP-OLD
stmt_mat_dgp_126,tag_policy_management,TAGGED,DTOP-OLD
stmt_mat_dgp_127,tag_human_resources,TAGGED,DTOP-OLD
stmt_mat_dgp_127,tag_staffing_and_resource_management,TAGGED,DTOP-OLD
stmt_mat_dgp_127,tag_training_and_awareness,TAGGED,DTOP-OLD
stmt_mat_dgp_128,tag_improvements,TAGGED,DTOP-OLD
stmt_mat_dgp_128,tag_mission_and_strategy,TAGGED,DTOP-OLD
stmt_mat_dgp_128,tag_program_transformation,TAGGED,DTOP-OLD
stmt_mat_dgp_128,tag_review_assessment_and_testing,TAGGED,DTOP-OLD
stmt_mat_dgp_128,tag_risk_management,TAGGED,DTOP-OLD
stmt_mat_dgp_129,tag_improvements,TAGGED,DTOP-OLD
stmt_mat_dgp_129,tag_mission_and_strategy,TAGGED,DTOP-OLD
stmt_mat_dgp_129,tag_program_transformation,TAGGED,DTOP-OLD
stmt_mat_dgp_129,tag_review_assessment_and_testing,TAGGED,DTOP-OLD
stmt_mat_dgp_129,tag_risk_management,TAGGED,DTOP-OLD
stmt_mat_dgp_129,tag_supply_chain_management,TAGGED,DTOP-OLD
stmt_mat_dgp_129,tag_third_party_risk_management,TAGGED,DTOP-OLD
stmt_mat_dgp_130,tag_incident_management,TAGGED,DTOP-OLD
stmt_mat_dgp_130,tag_roles_and_responsibilities,TAGGED,DTOP-OLD
stmt_mat_dgp_130,tag_security_logging_monitoring_and_alerting,TAGGED,DTOP-OLD
stmt_mat_dgp_130,tag_threat_management,TAGGED,DTOP-OLD
stmt_mat_dgp_131,tag_incident_management,TAGGED,DTOP-OLD
stmt_mat_dgp_131,tag_resilience,TAGGED,DTOP-OLD
stmt_mat_dgp_131,tag_risk_management,TAGGED,DTOP-OLD
stmt_mat_dgp_131,tag_threat_management,TAGGED,DTOP-OLD
stmt_mat_dgp_132,tag_incident_management,TAGGED,DTOP-OLD
stmt_mat_dgp_132,tag_mission_and_strategy,TAGGED,DTOP-OLD
stmt_mat_dgp_132,tag_program_maturity,TAGGED,DTOP-OLD
stmt_mat_dgp_132,tag_risk_assessment,TAGGED,DTOP-OLD
stmt_mat_dgp_132,tag_risk_management,TAGGED,DTOP-OLD
stmt_mat_dgp_132,tag_scenario_risk_assessment,TAGGED,DTOP-OLD
stmt_mat_dgp_132,tag_tabletop_exercises,TAGGED,DTOP-OLD
stmt_mat_dgp_133,tag_incident_management,TAGGED,DTOP-OLD
stmt_mat_dgp_133,tag_issue_management,TAGGED,DTOP-OLD
stmt_mat_dgp_133,tag_lessons_learned,TAGGED,DTOP-OLD
stmt_mat_dgp_133,tag_risk_management,TAGGED,DTOP-OLD
stmt_mat_dgp_134,tag_incident_management,TAGGED,DTOP-OLD
stmt_mat_dgp_134,tag_policy_management,TAGGED,DTOP-OLD
stmt_mat_dgp_134,tag_resilience,TAGGED,DTOP-OLD
stmt_mat_dgp_134,tag_risk_oversight,TAGGED,DTOP-OLD
stmt_mat_dgp_135,tag_incident_management,TAGGED,DTOP-OLD
stmt_mat_dgp_135,tag_supply_chain_management,TAGGED,DTOP-OLD
stmt_mat_dgp_135,tag_third_party_risk_management,TAGGED,DTOP-OLD
stmt_mat_dgp_135,tag_vendor_management,TAGGED,DTOP-OLD
stmt_mat_dgp_136,tag_information_sharing,TAGGED,DTOP-OLD
stmt_mat_dgp_136,tag_issue_management,TAGGED,DTOP-OLD
stmt_mat_dgp_136,tag_supply_chain_management,TAGGED,DTOP-OLD
stmt_mat_dgp_136,tag_third_party_risk_management,TAGGED,DTOP-OLD
stmt_mat_dgp_136,tag_threat_management,TAGGED,DTOP-OLD
stmt_mat_dgp_136,tag_vulnerability_management,TAGGED,DTOP-OLD
stmt_mat_dgp_137,tag_information_sharing,TAGGED,DTOP-OLD
stmt_mat_dgp_137,tag_threat_management,TAGGED,DTOP-OLD
stmt_mat_dgp_137,tag_vulnerability_management,TAGGED,DTOP-OLD
stmt_mat_dgp_138,tag_issue_management,TAGGED,DTOP-OLD
stmt_mat_dgp_138,tag_patch_management,TAGGED,DTOP-OLD
stmt_mat_dgp_138,tag_penetration_testing,TAGGED,DTOP-OLD
stmt_mat_dgp_138,tag_policy_management,TAGGED,DTOP-OLD
stmt_mat_dgp_138,tag_threat_management,TAGGED,DTOP-OLD
stmt_mat_dgp_138,tag_vulnerability_management,TAGGED,DTOP-OLD
stmt_mat_dgp_139,tag_issue_management,TAGGED,DTOP-OLD
stmt_mat_dgp_139,tag_lessons_learned,TAGGED,DTOP-OLD
stmt_mat_dgp_139,tag_risk_management,TAGGED,DTOP-OLD
stmt_mat_dgp_139,tag_security_logging_monitoring_and_alerting,TAGGED,DTOP-OLD
stmt_mat_dgp_139,tag_threat_landscape,TAGGED,DTOP-OLD
stmt_mat_dgp_140,tag_metrics_and_reporting,TAGGED,DTOP-OLD
stmt_mat_dgp_140,tag_mission_and_strategy,TAGGED,DTOP-OLD
stmt_mat_dgp_140,tag_policy_management,TAGGED,DTOP-OLD
stmt_mat_dgp_140,tag_risk_oversight,TAGGED,DTOP-OLD
stmt_mat_dgp_140,tag_technology_officer,TAGGED,DTOP-OLD
stmt_mat_dgp_141,tag_mission_and_strategy,TAGGED,DTOP-OLD
stmt_mat_dgp_141,tag_risk_appetite,TAGGED,DTOP-OLD
stmt_mat_dgp_141,tag_risk_management,TAGGED,DTOP-OLD
stmt_mat_dgp_142,tag_mission_and_strategy,TAGGED,DTOP-OLD
stmt_mat_dgp_142,tag_risk_management,TAGGED,DTOP-OLD
stmt_mat_dgp_143,tag_mission_and_strategy,TAGGED,DTOP-OLD
stmt_mat_dgp_143,tag_policy_management,TAGGED,DTOP-OLD
stmt_mat_dgp_143,tag_risk_oversight,TAGGED,DTOP-OLD
stmt_mat_dgp_143,tag_technology_officer,TAGGED,DTOP-OLD
stmt_mat_dgp_144,tag_mission_and_strategy,TAGGED,DTOP-OLD
stmt_mat_dgp_144,tag_risk_management,TAGGED,DTOP-OLD
stmt_mat_dgp_144,tag_supply_chain_management,TAGGED,DTOP-OLD
stmt_mat_dgp_144,tag_third_party_risk_management,TAGGED,DTOP-OLD
stmt_mat_dgp_145,tag_mission_and_strategy,TAGGED,DTOP-OLD
stmt_mat_dgp_145,tag_resilience,TAGGED,DTOP-OLD
stmt_mat_dgp_145,tag_risk_management,TAGGED,DTOP-OLD
stmt_mat_dgp_145,tag_threat_management,TAGGED,DTOP-OLD
stmt_mat_dgp_146,tag_organizational_structure,TAGGED,DTOP-OLD
stmt_mat_dgp_146,tag_staffing_and_resource_management,TAGGED,DTOP-OLD
stmt_mat_dgp_146,tag_training_and_awareness,TAGGED,DTOP-OLD
stmt_mat_dgp_147,tag_penetration_testing,TAGGED,DTOP-OLD
stmt_mat_dgp_147,tag_review_assessment_and_testing,TAGGED,DTOP-OLD
stmt_mat_dgp_147,tag_vendor_management,TAGGED,DTOP-OLD
stmt_mat_dgp_148,tag_policy_management,TAGGED,DTOP-OLD
stmt_mat_dgp_148,tag_review_assessment_and_testing,TAGGED,DTOP-OLD
stmt_mat_dgp_148,tag_staffing_and_resource_management,TAGGED,DTOP-OLD
stmt_mat_dgp_149,tag_policy_management,TAGGED,DTOP-OLD
stmt_mat_dgp_150,tag_policy_management,TAGGED,DTOP-OLD
stmt_mat_dgp_150,tag_risk_appetite,TAGGED,DTOP-OLD
stmt_mat_dgp_150,tag_risk_management,TAGGED,DTOP-OLD
stmt_mat_dgp_151,tag_resilience,TAGGED,DTOP-OLD
stmt_mat_dgp_151,tag_risk_management,TAGGED,DTOP-OLD
stmt_mat_dgp_152,tag_resilience,TAGGED,DTOP-OLD
stmt_mat_dgp_152,tag_review_assessment_and_testing,TAGGED,DTOP-OLD
stmt_mat_dgp_152,tag_risk_management,TAGGED,DTOP-OLD
stmt_mat_dgp_153,tag_resilience,TAGGED,DTOP-OLD
stmt_mat_dgp_153,tag_review_assessment_and_testing,TAGGED,DTOP-OLD
stmt_mat_dgp_154,tag_risk_appetite,TAGGED,DTOP-OLD
stmt_mat_dgp_154,tag_risk_management,TAGGED,DTOP-OLD
stmt_mat_dgp_154,tag_supply_chain_management,TAGGED,DTOP-OLD
stmt_mat_dgp_154,tag_third_party_risk_management,TAGGED,DTOP-OLD
stmt_mat_dgp_155,tag_risk_management,TAGGED,DTOP-OLD
stmt_mat_dgp_155,tag_staffing_and_resource_management,TAGGED,DTOP-OLD
stmt_mat_dgp_156,tag_roles_and_responsibilities,TAGGED,DTOP-OLD
stmt_mat_dgp_156,tag_staffing_and_resource_management,TAGGED,DTOP-OLD
stmt_mat_dgp_157,tag_roles_and_responsibilities,TAGGED,DTOP-OLD
stmt_mat_dgp_157,tag_supply_chain_management,TAGGED,DTOP-OLD
stmt_mat_dgp_157,tag_third_party_risk_management,TAGGED,DTOP-OLD
stmt_mat_dgp_158,tag_threat_landscape,TAGGED,DTOP-OLD
stmt_mat_dgp_158,tag_threat_management,TAGGED,DTOP-OLD
stmt_mat_dgp_159,tag_threat_landscape,TAGGED,DTOP-OLD
stmt_mat_dgp_159,tag_threat_management,TAGGED,DTOP-OLD
stmt_mat_dgp_160,tag_threat_landscape,TAGGED,DTOP-OLD
stmt_mat_dgp_160,tag_threat_management,TAGGED,DTOP-OLD
stmt_mat_dgp_161,tag_threat_landscape,TAGGED,DTOP-OLD
stmt_mat_dgp_161,tag_threat_management,TAGGED,DTOP-OLD
stmt_mat_dgp_162,tag_vulnerability_management,TAGGED,DTOP-OLD
stmt_mat_dgp_163,tag_contract_management,TAGGED,DTOP-OLD
stmt_mat_dgp_163,tag_dependency_management,TAGGED,DTOP-OLD
stmt_mat_dgp_163,tag_supply_chain_management,TAGGED,DTOP-OLD
stmt_mat_dgp_163,tag_third_party_risk_management,TAGGED,DTOP-OLD
stmt_mat_dgp_164,tag_disaster_recovery,TAGGED,DTOP-OLD
stmt_mat_dgp_164,tag_emerging_technologies,TAGGED,DTOP-OLD
stmt_mat_dgp_164,tag_incident_management,TAGGED,DTOP-OLD
stmt_mat_dgp_164,tag_lessons_learned,TAGGED,DTOP-OLD
stmt_mat_dgp_164,tag_mission_and_strategy,TAGGED,DTOP-OLD
stmt_mat_dgp_164,tag_program_maturity,TAGGED,DTOP-OLD
stmt_mat_dgp_164,tag_risk_assessment,TAGGED,DTOP-OLD
stmt_mat_dgp_164,tag_risk_management,TAGGED,DTOP-OLD
stmt_mat_dgp_164,tag_scenario_risk_assessment,TAGGED,DTOP-OLD
stmt_mat_dgp_164,tag_tabletop_exercises,TAGGED,DTOP-OLD
stmt_mat_dgp_164,tag_threat_landscape,TAGGED,DTOP-OLD
stmt_mat_dgp_164,tag_threat_management,TAGGED,DTOP-OLD
stmt_mat_dgp_165,tag_information_sharing,TAGGED,DTOP-OLD
stmt_mat_dgp_165,tag_issue_management,TAGGED,DTOP-OLD
stmt_mat_dgp_165,tag_supply_chain_management,TAGGED,DTOP-OLD
stmt_mat_dgp_165,tag_third_party_risk_management,TAGGED,DTOP-OLD
stmt_mat_dgp_165,tag_threat_management,TAGGED,DTOP-OLD
stmt_mat_dgp_165,tag_vulnerability_management,TAGGED,DTOP-OLD
stmt_mat_dgp_166,tag_information_sharing,TAGGED,DTOP-OLD
stmt_mat_dgp_166,tag_threat_management,TAGGED,DTOP-OLD
stmt_mat_dgp_166,tag_vulnerability_management,TAGGED,DTOP-OLD
