source_id,target_id,rel_type,citation,source_document
sra_s1_q1_o1,fw_hipaa,CITES,§164.308(a)(1)(ii)(A),DTOP-OLD
sra_s1_q1_o1,fw_nist_csf,CITES,"ID.RA, ID.AM, GV.OC, PR.DS, PR.PS, RS.MI",DTOP-OLD
sra_s1_q1_o1,fw_hph_cpg,CITES,1,DTOP-OLD
sra_s1_q1_o1,fw_hicp,CITES,"TV1 - Practice # 7, 10",DTOP-OLD
sra_s1_q1_o2,fw_hipaa,CITES,§164.308(a)(1)(ii)(A),DTOP-OLD
sra_s1_q1_o2,fw_nist_csf,CITES,"ID.RA, ID.AM, GV.OC, PR.DS, PR.PS, RS.MI",DTOP-OLD
sra_s1_q1_o2,fw_hph_cpg,CITES,1,DTOP-OLD
sra_s1_q1_o2,fw_hicp,CITES,"TV1 - Practice # 7, 10",DTOP-OLD
sra_s1_q1_o3,fw_hipaa,CITES,§164.308(a)(1)(ii)(A),DTOP-OLD
sra_s1_q1_o3,fw_nist_csf,CITES,"ID.RA, ID.AM, GV.OC, PR.DS, PR.PS, RS.MI",DTOP-OLD
sra_s1_q1_o3,fw_hph_cpg,CITES,1,DTOP-OLD
sra_s1_q1_o3,fw_hicp,CITES,"TV1 - Practice # 7, 10",DTOP-OLD
sra_s1_q2_o1,fw_hipaa,CITES,§164.308(a)(1)(ii)(A),DTOP-OLD
sra_s1_q2_o1,fw_nist_csf,CITES,"ID.RA, ID.AM, GV.OC, PR.DS, PR.PS, RS.MI",DTOP-OLD
sra_s1_q2_o1,fw_hph_cpg,CITES,1,DTOP-OLD
sra_s1_q2_o1,fw_hicp,CITES,TV1 - Practice # 10,DTOP-OLD
sra_s1_q2_o2,fw_hipaa,CITES,§164.308(a)(1)(ii)(A),DTOP-OLD
sra_s1_q2_o2,fw_nist_csf,CITES,"ID.RA, ID.AM, GV.OC, PR.DS, PR.PS, RS.MI",DTOP-OLD
sra_s1_q2_o2,fw_hph_cpg,CITES,1,DTOP-OLD
sra_s1_q2_o2,fw_hicp,CITES,TV1 - Practice # 10,DTOP-OLD
sra_s1_q2_o3,fw_hipaa,CITES,§164.308(a)(1)(ii)(A),DTOP-OLD
sra_s1_q2_o3,fw_nist_csf,CITES,"ID.RA, ID.AM, GV.OC, PR.DS, PR.PS, RS.MI",DTOP-OLD
sra_s1_q2_o3,fw_hph_cpg,CITES,1,DTOP-OLD
sra_s1_q2_o3,fw_hicp,CITES,TV1 - Practice # 10,DTOP-OLD
sra_s1_q3_o1,fw_hipaa,CITES,§164.308(a)(1)(ii)(A),DTOP-OLD
sra_s1_q3_o1,fw_nist_csf,CITES,"ID.RA, ID.AM, GV.OC, PR.DS, PR.PS, RS.MI",DTOP-OLD
sra_s1_q3_o1,fw_hph_cpg,CITES,1,DTOP-OLD
sra_s1_q3_o1,fw_hicp,CITES,TV1 - Practice #10,DTOP-OLD
sra_s1_q3_o2,fw_hipaa,CITES,§164.308(a)(1)(ii)(A),DTOP-OLD
sra_s1_q3_o2,fw_nist_csf,CITES,"ID.RA, ID.AM, GV.OC, PR.DS, PR.PS, RS.MI",DTOP-OLD
sra_s1_q3_o2,fw_hph_cpg,CITES,1,DTOP-OLD
sra_s1_q3_o2,fw_hicp,CITES,TV1 - Practice #10,DTOP-OLD
sra_s1_q3_o3,fw_hipaa,CITES,§164.308(a)(1)(ii)(A),DTOP-OLD
sra_s1_q3_o3,fw_nist_csf,CITES,"ID.RA, ID.AM, GV.OC, PR.DS, PR.PS, RS.MI",DTOP-OLD
sra_s1_q3_o3,fw_hph_cpg,CITES,1,DTOP-OLD
sra_s1_q3_o3,fw_hicp,CITES,TV1 - Practice #10,DTOP-OLD
sra_s1_q3_o4,fw_hipaa,CITES,§164.308(a)(1)(ii)(A),DTOP-OLD
sra_s1_q3_o4,fw_nist_csf,CITES,"ID.RA, ID.AM, GV.OC, PR.DS, PR.PS, RS.MI",DTOP-OLD
sra_s1_q3_o4,fw_hph_cpg,CITES,1,DTOP-OLD
sra_s1_q3_o4,fw_hicp,CITES,TV1 - Practice #10,DTOP-OLD
sra_s1_q3_o5,fw_hipaa,CITES,§164.308(a)(1)(ii)(A),DTOP-OLD
sra_s1_q3_o5,fw_nist_csf,CITES,"ID.RA, ID.AM, GV.OC, PR.DS, PR.PS, RS.MI",DTOP-OLD
sra_s1_q3_o5,fw_hph_cpg,CITES,1,DTOP-OLD
sra_s1_q3_o5,fw_hicp,CITES,TV1 - Practice #10,DTOP-OLD
sra_s1_q4_o1,fw_hipaa,CITES,N/A,DTOP-OLD
sra_s1_q4_o1,fw_nist_csf,CITES,"ID.RA, PR.DS, ID.AM",DTOP-OLD
sra_s1_q4_o1,fw_hph_cpg,CITES,"1, 11",DTOP-OLD
sra_s1_q4_o1,fw_hicp,CITES,"TV1 - Practice #4, 5",DTOP-OLD
sra_s1_q4_o2,fw_hipaa,CITES,N/A,DTOP-OLD
sra_s1_q4_o2,fw_nist_csf,CITES,"ID.RA, PR.DS, ID.AM",DTOP-OLD
sra_s1_q4_o2,fw_hph_cpg,CITES,"1, 11",DTOP-OLD
sra_s1_q4_o2,fw_hicp,CITES,"TV1 - Practice #4, 5",DTOP-OLD
sra_s1_q4_o3,fw_hipaa,CITES,N/A,DTOP-OLD
sra_s1_q4_o3,fw_nist_csf,CITES,"ID.RA, PR.DS, ID.AM",DTOP-OLD
sra_s1_q4_o3,fw_hph_cpg,CITES,"1, 11",DTOP-OLD
sra_s1_q4_o3,fw_hicp,CITES,"TV1 - Practice #4, 5",DTOP-OLD
sra_s1_q4_o4,fw_hipaa,CITES,N/A,DTOP-OLD
sra_s1_q4_o4,fw_nist_csf,CITES,"ID.RA, PR.DS, ID.AM",DTOP-OLD
sra_s1_q4_o4,fw_hph_cpg,CITES,"1, 11",DTOP-OLD
sra_s1_q4_o4,fw_hicp,CITES,"TV1 - Practice #4, 5",DTOP-OLD
sra_s1_q5_o1,fw_hipaa,CITES,§164.308(a)(1)(ii)(B),DTOP-OLD
sra_s1_q5_o1,fw_nist_csf,CITES,"GV.RR, GV.PO, GV.OV, GV.RM",DTOP-OLD
sra_s1_q5_o1,fw_hph_cpg,CITES,1,DTOP-OLD
sra_s1_q5_o1,fw_hicp,CITES,TV1 - Practice # 10,DTOP-OLD
sra_s1_q5_o2,fw_hipaa,CITES,§164.308(a)(1)(ii)(B),DTOP-OLD
sra_s1_q5_o2,fw_nist_csf,CITES,"GV.RR, GV.PO, GV.OV, GV.RM",DTOP-OLD
sra_s1_q5_o2,fw_hph_cpg,CITES,1,DTOP-OLD
sra_s1_q5_o2,fw_hicp,CITES,TV1 - Practice # 10,DTOP-OLD
sra_s1_q5_o3,fw_hipaa,CITES,§164.308(a)(1)(ii)(B),DTOP-OLD
sra_s1_q5_o3,fw_nist_csf,CITES,"GV.RR, GV.PO, GV.OV, GV.RM",DTOP-OLD
sra_s1_q5_o3,fw_hph_cpg,CITES,1,DTOP-OLD
sra_s1_q5_o3,fw_hicp,CITES,TV1 - Practice # 10,DTOP-OLD
sra_s1_q5_o4,fw_hipaa,CITES,§164.308(a)(1)(ii)(B),DTOP-OLD
sra_s1_q5_o4,fw_nist_csf,CITES,"GV.RR, GV.PO, GV.OV, GV.RM",DTOP-OLD
sra_s1_q5_o4,fw_hph_cpg,CITES,1,DTOP-OLD
sra_s1_q5_o4,fw_hicp,CITES,TV1 - Practice # 10,DTOP-OLD
sra_s1_q5_o5,fw_hipaa,CITES,§164.308(a)(1)(ii)(B),DTOP-OLD
sra_s1_q5_o5,fw_nist_csf,CITES,"GV.RR, GV.PO, GV.OV, GV.RM",DTOP-OLD
sra_s1_q5_o5,fw_hph_cpg,CITES,1,DTOP-OLD
sra_s1_q5_o5,fw_hicp,CITES,TV1 - Practice # 10,DTOP-OLD
sra_s1_q6_o1,fw_hipaa,CITES,§164.308(a)(1)(ii)(A),DTOP-OLD
sra_s1_q6_o1,fw_nist_csf,CITES,"ID.RA, ID.AM, GV.OC, PR.DS, PR.PS, RS.MI",DTOP-OLD
sra_s1_q6_o1,fw_hph_cpg,CITES,"1, 11",DTOP-OLD
sra_s1_q6_o1,fw_hicp,CITES,"TV1 - Practice # 4, 5, 9",DTOP-OLD
sra_s1_q6_o2,fw_hipaa,CITES,§164.308(a)(1)(ii)(A),DTOP-OLD
sra_s1_q6_o2,fw_nist_csf,CITES,"ID.RA, ID.AM, GV.OC, PR.DS, PR.PS, RS.MI",DTOP-OLD
sra_s1_q6_o2,fw_hph_cpg,CITES,"1, 11",DTOP-OLD
sra_s1_q6_o2,fw_hicp,CITES,"TV1 - Practice # 4, 5, 9",DTOP-OLD
sra_s1_q6_o3,fw_hipaa,CITES,§164.308(a)(1)(ii)(A),DTOP-OLD
sra_s1_q6_o3,fw_nist_csf,CITES,"ID.RA, ID.AM, GV.OC, PR.DS, PR.PS, RS.MI",DTOP-OLD
sra_s1_q6_o3,fw_hph_cpg,CITES,"1, 11",DTOP-OLD
sra_s1_q6_o3,fw_hicp,CITES,"TV1 - Practice # 4, 5, 9",DTOP-OLD
sra_s1_q6_o4,fw_hipaa,CITES,§164.308(a)(1)(ii)(A),DTOP-OLD
sra_s1_q6_o4,fw_nist_csf,CITES,"ID.RA, ID.AM, GV.OC, PR.DS, PR.PS, RS.MI",DTOP-OLD
sra_s1_q6_o4,fw_hph_cpg,CITES,"1, 11",DTOP-OLD
sra_s1_q6_o4,fw_hicp,CITES,"TV1 - Practice # 4, 5, 9",DTOP-OLD
sra_s1_q6_o5,fw_hipaa,CITES,§164.308(a)(1)(ii)(A),DTOP-OLD
sra_s1_q6_o5,fw_nist_csf,CITES,"ID.RA, ID.AM, GV.OC, PR.DS, PR.PS, RS.MI",DTOP-OLD
sra_s1_q6_o5,fw_hph_cpg,CITES,"1, 11",DTOP-OLD
sra_s1_q6_o5,fw_hicp,CITES,"TV1 - Practice # 4, 5, 9",DTOP-OLD
sra_s1_q7_o1,fw_hipaa,CITES,§164.308(a)(1)(ii)(B),DTOP-OLD
sra_s1_q7_o1,fw_nist_csf,CITES,"ID.RA, GV.RM, RS.MI",DTOP-OLD
sra_s1_q7_o1,fw_hph_cpg,CITES,"1, 16",DTOP-OLD
sra_s1_q7_o1,fw_hicp,CITES,TV1 - Practice # 7,DTOP-OLD
sra_s1_q7_o2,fw_hipaa,CITES,§164.308(a)(1)(ii)(B),DTOP-OLD
sra_s1_q7_o2,fw_nist_csf,CITES,"ID.RA, GV.RM, RS.MI",DTOP-OLD
sra_s1_q7_o2,fw_hph_cpg,CITES,"1, 16",DTOP-OLD
sra_s1_q7_o2,fw_hicp,CITES,TV1 - Practice # 7,DTOP-OLD
sra_s1_q7_o3,fw_hipaa,CITES,§164.308(a)(1)(ii)(B),DTOP-OLD
sra_s1_q7_o3,fw_nist_csf,CITES,"ID.RA, GV.RM, RS.MI",DTOP-OLD
sra_s1_q7_o3,fw_hph_cpg,CITES,"1, 16",DTOP-OLD
sra_s1_q7_o3,fw_hicp,CITES,TV1 - Practice # 7,DTOP-OLD
sra_s1_q7_o4,fw_hipaa,CITES,§164.308(a)(1)(ii)(B),DTOP-OLD
sra_s1_q7_o4,fw_nist_csf,CITES,"ID.RA, GV.RM, RS.MI",DTOP-OLD
sra_s1_q7_o4,fw_hph_cpg,CITES,"1, 16",DTOP-OLD
sra_s1_q7_o4,fw_hicp,CITES,TV1 - Practice # 7,DTOP-OLD
sra_s1_q8_o1,fw_hipaa,CITES,§164.308(a)(1)(ii)(B),DTOP-OLD
sra_s1_q8_o1,fw_nist_csf,CITES,"ID.RA, GV.RM, RS.MI, GV.RR, GV.PO, GV.OV, PR.PS",DTOP-OLD
sra_s1_q8_o1,fw_hph_cpg,CITES,1,DTOP-OLD
sra_s1_q8_o1,fw_hicp,CITES,TV1 - Practice # 7,DTOP-OLD
sra_s1_q8_o2,fw_hipaa,CITES,§164.308(a)(1)(ii)(B),DTOP-OLD
sra_s1_q8_o2,fw_nist_csf,CITES,"ID.RA, GV.RM, RS.MI, GV.RR, GV.PO, GV.OV, PR.PS",DTOP-OLD
sra_s1_q8_o2,fw_hph_cpg,CITES,1,DTOP-OLD
sra_s1_q8_o2,fw_hicp,CITES,TV1 - Practice # 7,DTOP-OLD
sra_s1_q8_o3,fw_hipaa,CITES,§164.308(a)(1)(ii)(B),DTOP-OLD
sra_s1_q8_o3,fw_nist_csf,CITES,"ID.RA, GV.RM, RS.MI, GV.RR, GV.PO, GV.OV, PR.PS",DTOP-OLD
sra_s1_q8_o3,fw_hph_cpg,CITES,1,DTOP-OLD
sra_s1_q8_o3,fw_hicp,CITES,TV1 - Practice # 7,DTOP-OLD
sra_s1_q9_o1,fw_hipaa,CITES,§164.308(a)(1)(ii)(B),DTOP-OLD
sra_s1_q9_o1,fw_nist_csf,CITES,"ID.RA, GV.RM, RS.MI, PR.PS",DTOP-OLD
sra_s1_q9_o1,fw_hph_cpg,CITES,1,DTOP-OLD
sra_s1_q9_o1,fw_hicp,CITES,TV1 - Practice # 10,DTOP-OLD
sra_s1_q9_o2,fw_hipaa,CITES,§164.308(a)(1)(ii)(B),DTOP-OLD
sra_s1_q9_o2,fw_nist_csf,CITES,"ID.RA, GV.RM, RS.MI, PR.PS",DTOP-OLD
sra_s1_q9_o2,fw_hph_cpg,CITES,1,DTOP-OLD
sra_s1_q9_o2,fw_hicp,CITES,TV1 - Practice # 10,DTOP-OLD
sra_s1_q9_o3,fw_hipaa,CITES,§164.308(a)(1)(ii)(B),DTOP-OLD
sra_s1_q9_o3,fw_nist_csf,CITES,"ID.RA, GV.RM, RS.MI, PR.PS",DTOP-OLD
sra_s1_q9_o3,fw_hph_cpg,CITES,1,DTOP-OLD
sra_s1_q9_o3,fw_hicp,CITES,TV1 - Practice # 10,DTOP-OLD
sra_s1_q10_o1,fw_hipaa,CITES,§164.308(a)(1)(ii)(B),DTOP-OLD
sra_s1_q10_o1,fw_nist_csf,CITES,"ID.RA, GV.RM, RS.MI",DTOP-OLD
sra_s1_q10_o1,fw_hph_cpg,CITES,1,DTOP-OLD
sra_s1_q10_o1,fw_hicp,CITES,"TV1, Practice # 10",DTOP-OLD
sra_s1_q10_o2,fw_hipaa,CITES,§164.308(a)(1)(ii)(B),DTOP-OLD
sra_s1_q10_o2,fw_nist_csf,CITES,"ID.RA, GV.RM, RS.MI",DTOP-OLD
sra_s1_q10_o2,fw_hph_cpg,CITES,1,DTOP-OLD
sra_s1_q10_o2,fw_hicp,CITES,"TV1, Practice # 10",DTOP-OLD
sra_s1_q10_o3,fw_hipaa,CITES,§164.308(a)(1)(ii)(B),DTOP-OLD
sra_s1_q10_o3,fw_nist_csf,CITES,"ID.RA, GV.RM, RS.MI",DTOP-OLD
sra_s1_q10_o3,fw_hph_cpg,CITES,1,DTOP-OLD
sra_s1_q10_o3,fw_hicp,CITES,"TV1, Practice # 10",DTOP-OLD
sra_s1_q10_o4,fw_hipaa,CITES,§164.308(a)(1)(ii)(B),DTOP-OLD
sra_s1_q10_o4,fw_nist_csf,CITES,"ID.RA, GV.RM, RS.MI",DTOP-OLD
sra_s1_q10_o4,fw_hph_cpg,CITES,1,DTOP-OLD
sra_s1_q10_o4,fw_hicp,CITES,"TV1, Practice # 10",DTOP-OLD
sra_s2_q1_o1,fw_hipaa,CITES,§164.316(a),DTOP-OLD
sra_s2_q1_o1,fw_nist_csf,CITES,"GV.RR, GV.PO, GV.OV, ID.RA, PR.PS",DTOP-OLD
sra_s2_q1_o1,fw_hph_cpg,CITES,"1, 14, 15",DTOP-OLD
sra_s2_q1_o1,fw_hicp,CITES,TV1 - Practice # 10,DTOP-OLD
sra_s2_q1_o2,fw_hipaa,CITES,§164.316(a),DTOP-OLD
sra_s2_q1_o2,fw_nist_csf,CITES,"GV.RR, GV.PO, GV.OV, ID.RA, PR.PS",DTOP-OLD
sra_s2_q1_o2,fw_hph_cpg,CITES,"1, 14, 15",DTOP-OLD
sra_s2_q1_o2,fw_hicp,CITES,TV1 - Practice # 10,DTOP-OLD
sra_s2_q1_o3,fw_hipaa,CITES,§164.316(a),DTOP-OLD
sra_s2_q1_o3,fw_nist_csf,CITES,"GV.RR, GV.PO, GV.OV, ID.RA, PR.PS",DTOP-OLD
sra_s2_q1_o3,fw_hph_cpg,CITES,"1, 14, 15",DTOP-OLD
sra_s2_q1_o3,fw_hicp,CITES,TV1 - Practice # 10,DTOP-OLD
sra_s2_q2_o1,fw_hipaa,CITES,§164.316(b)(2)(iii),DTOP-OLD
sra_s2_q2_o1,fw_nist_csf,CITES,"GV.RR, GV.PO, GV.OV, ID.RA, PR.PS, ID.IM",DTOP-OLD
sra_s2_q2_o1,fw_hph_cpg,CITES,"7, 14, 15, 19",DTOP-OLD
sra_s2_q2_o1,fw_hicp,CITES,TV1 - Practice # 10,DTOP-OLD
sra_s2_q2_o2,fw_hipaa,CITES,§164.316(b)(2)(iii),DTOP-OLD
sra_s2_q2_o2,fw_nist_csf,CITES,"GV.RR, GV.PO, GV.OV, ID.RA, PR.PS, ID.IM",DTOP-OLD
sra_s2_q2_o2,fw_hph_cpg,CITES,"7, 14, 15, 19",DTOP-OLD
sra_s2_q2_o2,fw_hicp,CITES,TV1 - Practice # 10,DTOP-OLD
sra_s2_q2_o3,fw_hipaa,CITES,§164.316(b)(2)(iii),DTOP-OLD
sra_s2_q2_o3,fw_nist_csf,CITES,"GV.RR, GV.PO, GV.OV, ID.RA, PR.PS, ID.IM",DTOP-OLD
sra_s2_q2_o3,fw_hph_cpg,CITES,"7, 14, 15, 19",DTOP-OLD
sra_s2_q2_o3,fw_hicp,CITES,TV1 - Practice # 10,DTOP-OLD
sra_s2_q2_o4,fw_hipaa,CITES,§164.316(b)(2)(iii),DTOP-OLD
sra_s2_q2_o4,fw_nist_csf,CITES,"GV.RR, GV.PO, GV.OV, ID.RA, PR.PS, ID.IM",DTOP-OLD
sra_s2_q2_o4,fw_hph_cpg,CITES,"7, 14, 15, 19",DTOP-OLD
sra_s2_q2_o4,fw_hicp,CITES,TV1 - Practice # 10,DTOP-OLD
sra_s2_q2_o5,fw_hipaa,CITES,§164.316(b)(2)(iii),DTOP-OLD
sra_s2_q2_o5,fw_nist_csf,CITES,"GV.RR, GV.PO, GV.OV, ID.RA, PR.PS, ID.IM",DTOP-OLD
sra_s2_q2_o5,fw_hph_cpg,CITES,"7, 14, 15, 19",DTOP-OLD
sra_s2_q2_o5,fw_hicp,CITES,TV1 - Practice # 10,DTOP-OLD
sra_s2_q3_o1,fw_hipaa,CITES,§164.316(b)(2)(iii),DTOP-OLD
sra_s2_q3_o1,fw_nist_csf,CITES,"GV.RR, GV.PO, GV.OV, ID.RA, PR.PS, ID.IM",DTOP-OLD
sra_s2_q3_o1,fw_hph_cpg,CITES,4,DTOP-OLD
sra_s2_q3_o1,fw_hicp,CITES,TV1 - Practice # 10,DTOP-OLD
sra_s2_q3_o2,fw_hipaa,CITES,§164.316(b)(2)(iii),DTOP-OLD
sra_s2_q3_o2,fw_nist_csf,CITES,"GV.RR, GV.PO, GV.OV, ID.RA, PR.PS, ID.IM",DTOP-OLD
sra_s2_q3_o2,fw_hph_cpg,CITES,4,DTOP-OLD
sra_s2_q3_o2,fw_hicp,CITES,TV1 - Practice # 10,DTOP-OLD
sra_s2_q3_o3,fw_hipaa,CITES,§164.316(b)(2)(iii),DTOP-OLD
sra_s2_q3_o3,fw_nist_csf,CITES,"GV.RR, GV.PO, GV.OV, ID.RA, PR.PS, ID.IM",DTOP-OLD
sra_s2_q3_o3,fw_hph_cpg,CITES,4,DTOP-OLD
sra_s2_q3_o3,fw_hicp,CITES,TV1 - Practice # 10,DTOP-OLD
sra_s2_q4_o1,fw_hipaa,CITES,§164.316(b)(2)(iii),DTOP-OLD
sra_s2_q4_o1,fw_nist_csf,CITES,"GV.RR, GV.PO, GV.OV, ID.RA, PR.PS, ID.IM",DTOP-OLD
sra_s2_q4_o1,fw_hph_cpg,CITES,"7, 15, 19",DTOP-OLD
sra_s2_q4_o1,fw_hicp,CITES,TV1 - Practice # 10,DTOP-OLD
sra_s2_q4_o2,fw_hipaa,CITES,§164.316(b)(2)(iii),DTOP-OLD
sra_s2_q4_o2,fw_nist_csf,CITES,"GV.RR, GV.PO, GV.OV, ID.RA, PR.PS, ID.IM",DTOP-OLD
sra_s2_q4_o2,fw_hph_cpg,CITES,"7, 15, 19",DTOP-OLD
sra_s2_q4_o2,fw_hicp,CITES,TV1 - Practice # 10,DTOP-OLD
sra_s2_q4_o3,fw_hipaa,CITES,§164.316(b)(2)(iii),DTOP-OLD
sra_s2_q4_o3,fw_nist_csf,CITES,"GV.RR, GV.PO, GV.OV, ID.RA, PR.PS, ID.IM",DTOP-OLD
sra_s2_q4_o3,fw_hph_cpg,CITES,"7, 15, 19",DTOP-OLD
sra_s2_q4_o3,fw_hicp,CITES,TV1 - Practice # 10,DTOP-OLD
sra_s2_q4_o4,fw_hipaa,CITES,§164.316(b)(2)(iii),DTOP-OLD
sra_s2_q4_o4,fw_nist_csf,CITES,"GV.RR, GV.PO, GV.OV, ID.RA, PR.PS, ID.IM",DTOP-OLD
sra_s2_q4_o4,fw_hph_cpg,CITES,"7, 15, 19",DTOP-OLD
sra_s2_q4_o4,fw_hicp,CITES,TV1 - Practice # 10,DTOP-OLD
sra_s2_q5_o1,fw_hipaa,CITES,§164.316(b)(1)(i) & (ii),DTOP-OLD
sra_s2_q5_o1,fw_nist_csf,CITES,"GV.OC, GV.RM, PR.PS",DTOP-OLD
sra_s2_q5_o1,fw_hph_cpg,CITES,"1, 15, 19",DTOP-OLD
sra_s2_q5_o1,fw_hicp,CITES,TV1 - Practice # 10,DTOP-OLD
sra_s2_q5_o2,fw_hipaa,CITES,§164.316(b)(1)(i) & (ii),DTOP-OLD
sra_s2_q5_o2,fw_nist_csf,CITES,"GV.OC, GV.RM, PR.PS",DTOP-OLD
sra_s2_q5_o2,fw_hph_cpg,CITES,"1, 15, 19",DTOP-OLD
sra_s2_q5_o2,fw_hicp,CITES,TV1 - Practice # 10,DTOP-OLD
sra_s2_q5_o3,fw_hipaa,CITES,§164.316(b)(1)(i) & (ii),DTOP-OLD
sra_s2_q5_o3,fw_nist_csf,CITES,"GV.OC, GV.RM, PR.PS",DTOP-OLD
sra_s2_q5_o3,fw_hph_cpg,CITES,"1, 15, 19",DTOP-OLD
sra_s2_q5_o3,fw_hicp,CITES,TV1 - Practice # 10,DTOP-OLD
sra_s2_q5_o4,fw_hipaa,CITES,§164.316(b)(1)(i) & (ii),DTOP-OLD
sra_s2_q5_o4,fw_nist_csf,CITES,"GV.OC, GV.RM, PR.PS",DTOP-OLD
sra_s2_q5_o4,fw_hph_cpg,CITES,"1, 15, 19",DTOP-OLD
sra_s2_q5_o4,fw_hicp,CITES,TV1 - Practice # 10,DTOP-OLD
sra_s2_q6_o1,fw_hipaa,CITES,§164.316(b)(2)(i),DTOP-OLD
sra_s2_q6_o1,fw_nist_csf,CITES,"GV.OC, GV.RM, PR.PS",DTOP-OLD
sra_s2_q6_o1,fw_hph_cpg,CITES,"7, 18",DTOP-OLD
sra_s2_q6_o1,fw_hicp,CITES,N/A,DTOP-OLD
sra_s2_q6_o2,fw_hipaa,CITES,§164.316(b)(2)(i),DTOP-OLD
sra_s2_q6_o2,fw_nist_csf,CITES,"GV.OC, GV.RM, PR.PS",DTOP-OLD
sra_s2_q6_o2,fw_hph_cpg,CITES,"7, 18",DTOP-OLD
sra_s2_q6_o2,fw_hicp,CITES,N/A,DTOP-OLD
sra_s2_q6_o3,fw_hipaa,CITES,§164.316(b)(2)(i),DTOP-OLD
sra_s2_q6_o3,fw_nist_csf,CITES,"GV.OC, GV.RM, PR.PS",DTOP-OLD
sra_s2_q6_o3,fw_hph_cpg,CITES,"7, 18",DTOP-OLD
sra_s2_q6_o3,fw_hicp,CITES,N/A,DTOP-OLD
sra_s2_q6_o4,fw_hipaa,CITES,§164.316(b)(2)(i),DTOP-OLD
sra_s2_q6_o4,fw_nist_csf,CITES,"GV.OC, GV.RM, PR.PS",DTOP-OLD
sra_s2_q6_o4,fw_hph_cpg,CITES,"7, 18",DTOP-OLD
sra_s2_q6_o4,fw_hicp,CITES,N/A,DTOP-OLD
sra_s2_q7_o1,fw_hipaa,CITES,§164.316(b)(2)(ii),DTOP-OLD
sra_s2_q7_o1,fw_nist_csf,CITES,"GV.OC, GV.RM, PR.PS",DTOP-OLD
sra_s2_q7_o1,fw_hph_cpg,CITES,4,DTOP-OLD
sra_s2_q7_o1,fw_hicp,CITES,TV1 - Practice # 10,DTOP-OLD
sra_s2_q7_o2,fw_hipaa,CITES,§164.316(b)(2)(ii),DTOP-OLD
sra_s2_q7_o2,fw_nist_csf,CITES,"GV.OC, GV.RM, PR.PS",DTOP-OLD
sra_s2_q7_o2,fw_hph_cpg,CITES,4,DTOP-OLD
sra_s2_q7_o2,fw_hicp,CITES,TV1 - Practice # 10,DTOP-OLD
sra_s2_q7_o3,fw_hipaa,CITES,§164.316(b)(2)(ii),DTOP-OLD
sra_s2_q7_o3,fw_nist_csf,CITES,"GV.OC, GV.RM, PR.PS",DTOP-OLD
sra_s2_q7_o3,fw_hph_cpg,CITES,4,DTOP-OLD
sra_s2_q7_o3,fw_hicp,CITES,TV1 - Practice # 10,DTOP-OLD
sra_s2_q7_o4,fw_hipaa,CITES,§164.316(b)(2)(ii),DTOP-OLD
sra_s2_q7_o4,fw_nist_csf,CITES,"GV.OC, GV.RM, PR.PS",DTOP-OLD
sra_s2_q7_o4,fw_hph_cpg,CITES,4,DTOP-OLD
sra_s2_q7_o4,fw_hicp,CITES,TV1 - Practice # 10,DTOP-OLD
sra_s2_q8_o1,fw_hipaa,CITES,§164.316(b)(2)(ii),DTOP-OLD
sra_s2_q8_o1,fw_nist_csf,CITES,"GV.OC, GV.RM, PR.PS, ID.RA",DTOP-OLD
sra_s2_q8_o1,fw_hph_cpg,CITES,4,DTOP-OLD
sra_s2_q8_o1,fw_hicp,CITES,TV1 - Practice # 10,DTOP-OLD
sra_s2_q8_o2,fw_hipaa,CITES,§164.316(b)(2)(ii),DTOP-OLD
sra_s2_q8_o2,fw_nist_csf,CITES,"GV.OC, GV.RM, PR.PS, ID.RA",DTOP-OLD
sra_s2_q8_o2,fw_hph_cpg,CITES,4,DTOP-OLD
sra_s2_q8_o2,fw_hicp,CITES,TV1 - Practice # 10,DTOP-OLD
sra_s2_q8_o3,fw_hipaa,CITES,§164.316(b)(2)(ii),DTOP-OLD
sra_s2_q8_o3,fw_nist_csf,CITES,"GV.OC, GV.RM, PR.PS, ID.RA",DTOP-OLD
sra_s2_q8_o3,fw_hph_cpg,CITES,4,DTOP-OLD
sra_s2_q8_o3,fw_hicp,CITES,TV1 - Practice # 10,DTOP-OLD
sra_s2_q8_o4,fw_hipaa,CITES,§164.316(b)(2)(ii),DTOP-OLD
sra_s2_q8_o4,fw_nist_csf,CITES,"GV.OC, GV.RM, PR.PS, ID.RA",DTOP-OLD
sra_s2_q8_o4,fw_hph_cpg,CITES,4,DTOP-OLD
sra_s2_q8_o4,fw_hicp,CITES,TV1 - Practice # 10,DTOP-OLD
sra_s3_q1_o1,fw_hipaa,CITES,§164.308(a)(2),DTOP-OLD
sra_s3_q1_o1,fw_nist_csf,CITES,"PR.AT, DE.AE, GV.RR, RS.CO, PR.PS, ID.AM",DTOP-OLD
sra_s3_q1_o1,fw_hph_cpg,CITES,4,DTOP-OLD
sra_s3_q1_o1,fw_hicp,CITES,TV1 - Practice # 10,DTOP-OLD
sra_s3_q1_o2,fw_hipaa,CITES,§164.308(a)(2),DTOP-OLD
sra_s3_q1_o2,fw_nist_csf,CITES,"PR.AT, DE.AE, GV.RR, RS.CO, PR.PS, ID.AM",DTOP-OLD
sra_s3_q1_o2,fw_hph_cpg,CITES,4,DTOP-OLD
sra_s3_q1_o2,fw_hicp,CITES,TV1 - Practice # 10,DTOP-OLD
sra_s3_q1_o3,fw_hipaa,CITES,§164.308(a)(2),DTOP-OLD
sra_s3_q1_o3,fw_nist_csf,CITES,"PR.AT, DE.AE, GV.RR, RS.CO, PR.PS, ID.AM",DTOP-OLD
sra_s3_q1_o3,fw_hph_cpg,CITES,4,DTOP-OLD
sra_s3_q1_o3,fw_hicp,CITES,TV1 - Practice # 10,DTOP-OLD
sra_s3_q1_o4,fw_hipaa,CITES,§164.308(a)(2),DTOP-OLD
sra_s3_q1_o4,fw_nist_csf,CITES,"PR.AT, DE.AE, GV.RR, RS.CO, PR.PS, ID.AM",DTOP-OLD
sra_s3_q1_o4,fw_hph_cpg,CITES,4,DTOP-OLD
sra_s3_q1_o4,fw_hicp,CITES,TV1 - Practice # 10,DTOP-OLD
sra_s3_q1_o5,fw_hipaa,CITES,§164.308(a)(2),DTOP-OLD
sra_s3_q1_o5,fw_nist_csf,CITES,"PR.AT, DE.AE, GV.RR, RS.CO, PR.PS, ID.AM",DTOP-OLD
sra_s3_q1_o5,fw_hph_cpg,CITES,4,DTOP-OLD
sra_s3_q1_o5,fw_hicp,CITES,TV1 - Practice # 10,DTOP-OLD
sra_s3_q2_o1,fw_hipaa,CITES,§164.308(a)(2),DTOP-OLD
sra_s3_q2_o1,fw_nist_csf,CITES,"PR.AT, DE.AE, GV.RR, RS.CO, PR.PS",DTOP-OLD
sra_s3_q2_o1,fw_hph_cpg,CITES,4,DTOP-OLD
sra_s3_q2_o1,fw_hicp,CITES,TV1 - Practice # 10,DTOP-OLD
sra_s3_q2_o2,fw_hipaa,CITES,§164.308(a)(2),DTOP-OLD
sra_s3_q2_o2,fw_nist_csf,CITES,"PR.AT, DE.AE, GV.RR, RS.CO, PR.PS",DTOP-OLD
sra_s3_q2_o2,fw_hph_cpg,CITES,4,DTOP-OLD
sra_s3_q2_o2,fw_hicp,CITES,TV1 - Practice # 10,DTOP-OLD
sra_s3_q2_o3,fw_hipaa,CITES,§164.308(a)(2),DTOP-OLD
sra_s3_q2_o3,fw_nist_csf,CITES,"PR.AT, DE.AE, GV.RR, RS.CO, PR.PS",DTOP-OLD
sra_s3_q2_o3,fw_hph_cpg,CITES,4,DTOP-OLD
sra_s3_q2_o3,fw_hicp,CITES,TV1 - Practice # 10,DTOP-OLD
sra_s3_q3_o1,fw_hipaa,CITES,§164.308(a)(2),DTOP-OLD
sra_s3_q3_o1,fw_nist_csf,CITES,"PR.AT, DE.AE, GV.RR, RS.CO",DTOP-OLD
sra_s3_q3_o1,fw_hph_cpg,CITES,N/A,DTOP-OLD
sra_s3_q3_o1,fw_hicp,CITES,TV1 - Practice # 8,DTOP-OLD
sra_s3_q3_o2,fw_hipaa,CITES,§164.308(a)(2),DTOP-OLD
sra_s3_q3_o2,fw_nist_csf,CITES,"PR.AT, DE.AE, GV.RR, RS.CO",DTOP-OLD
sra_s3_q3_o2,fw_hph_cpg,CITES,N/A,DTOP-OLD
sra_s3_q3_o2,fw_hicp,CITES,TV1 - Practice # 8,DTOP-OLD
sra_s3_q3_o3,fw_hipaa,CITES,§164.308(a)(2),DTOP-OLD
sra_s3_q3_o3,fw_nist_csf,CITES,"PR.AT, DE.AE, GV.RR, RS.CO",DTOP-OLD
sra_s3_q3_o3,fw_hph_cpg,CITES,N/A,DTOP-OLD
sra_s3_q3_o3,fw_hicp,CITES,TV1 - Practice # 8,DTOP-OLD
sra_s3_q4_o1,fw_hipaa,CITES,§164.308(a)(2),DTOP-OLD
sra_s3_q4_o1,fw_nist_csf,CITES,"PR.AT, DE.AE, GV.RR, RS.CO",DTOP-OLD
sra_s3_q4_o1,fw_hph_cpg,CITES,4,DTOP-OLD
sra_s3_q4_o1,fw_hicp,CITES,N/A,DTOP-OLD
sra_s3_q4_o2,fw_hipaa,CITES,§164.308(a)(2),DTOP-OLD
sra_s3_q4_o2,fw_nist_csf,CITES,"PR.AT, DE.AE, GV.RR, RS.CO",DTOP-OLD
sra_s3_q4_o2,fw_hph_cpg,CITES,4,DTOP-OLD
sra_s3_q4_o2,fw_hicp,CITES,N/A,DTOP-OLD
sra_s3_q4_o3,fw_hipaa,CITES,§164.308(a)(2),DTOP-OLD
sra_s3_q4_o3,fw_nist_csf,CITES,"PR.AT, DE.AE, GV.RR, RS.CO",DTOP-OLD
sra_s3_q4_o3,fw_hph_cpg,CITES,4,DTOP-OLD
sra_s3_q4_o3,fw_hicp,CITES,N/A,DTOP-OLD
sra_s3_q5_o1,fw_hipaa,CITES,§164.308(a)(2),DTOP-OLD
sra_s3_q5_o1,fw_nist_csf,CITES,"PR.AT, DE.AE, GV.RR, RS.CO",DTOP-OLD
sra_s3_q5_o1,fw_hph_cpg,CITES,4,DTOP-OLD
sra_s3_q5_o1,fw_hicp,CITES,N/A,DTOP-OLD
sra_s3_q5_o2,fw_hipaa,CITES,§164.308(a)(2),DTOP-OLD
sra_s3_q5_o2,fw_nist_csf,CITES,"PR.AT, DE.AE, GV.RR, RS.CO",DTOP-OLD
sra_s3_q5_o2,fw_hph_cpg,CITES,4,DTOP-OLD
sra_s3_q5_o2,fw_hicp,CITES,N/A,DTOP-OLD
sra_s3_q5_o3,fw_hipaa,CITES,§164.308(a)(2),DTOP-OLD
sra_s3_q5_o3,fw_nist_csf,CITES,"PR.AT, DE.AE, GV.RR, RS.CO",DTOP-OLD
sra_s3_q5_o3,fw_hph_cpg,CITES,4,DTOP-OLD
sra_s3_q5_o3,fw_hicp,CITES,N/A,DTOP-OLD
sra_s3_q6_o1,fw_hipaa,CITES,N/A,DTOP-OLD
sra_s3_q6_o1,fw_nist_csf,CITES,"PR.AT, DE.AE, GV.RR, RS.CO",DTOP-OLD
sra_s3_q6_o1,fw_hph_cpg,CITES,4,DTOP-OLD
sra_s3_q6_o1,fw_hicp,CITES,N/A,DTOP-OLD
sra_s3_q6_o2,fw_hipaa,CITES,N/A,DTOP-OLD
sra_s3_q6_o2,fw_nist_csf,CITES,"PR.AT, DE.AE, GV.RR, RS.CO",DTOP-OLD
sra_s3_q6_o2,fw_hph_cpg,CITES,4,DTOP-OLD
sra_s3_q6_o2,fw_hicp,CITES,N/A,DTOP-OLD
sra_s3_q6_o3,fw_hipaa,CITES,N/A,DTOP-OLD
sra_s3_q6_o3,fw_nist_csf,CITES,"PR.AT, DE.AE, GV.RR, RS.CO",DTOP-OLD
sra_s3_q6_o3,fw_hph_cpg,CITES,4,DTOP-OLD
sra_s3_q6_o3,fw_hicp,CITES,N/A,DTOP-OLD
sra_s3_q6_o4,fw_hipaa,CITES,N/A,DTOP-OLD
sra_s3_q6_o4,fw_nist_csf,CITES,"PR.AT, DE.AE, GV.RR, RS.CO",DTOP-OLD
sra_s3_q6_o4,fw_hph_cpg,CITES,4,DTOP-OLD
sra_s3_q6_o4,fw_hicp,CITES,N/A,DTOP-OLD
sra_s3_q6_o5,fw_hipaa,CITES,N/A,DTOP-OLD
sra_s3_q6_o5,fw_nist_csf,CITES,"PR.AT, DE.AE, GV.RR, RS.CO",DTOP-OLD
sra_s3_q6_o5,fw_hph_cpg,CITES,4,DTOP-OLD
sra_s3_q6_o5,fw_hicp,CITES,N/A,DTOP-OLD
sra_s3_q6_o6,fw_hipaa,CITES,N/A,DTOP-OLD
sra_s3_q6_o6,fw_nist_csf,CITES,"PR.AT, DE.AE, GV.RR, RS.CO",DTOP-OLD
sra_s3_q6_o6,fw_hph_cpg,CITES,4,DTOP-OLD
sra_s3_q6_o6,fw_hicp,CITES,N/A,DTOP-OLD
sra_s3_q6_o7,fw_hipaa,CITES,N/A,DTOP-OLD
sra_s3_q6_o7,fw_nist_csf,CITES,"PR.AT, DE.AE, GV.RR, RS.CO",DTOP-OLD
sra_s3_q6_o7,fw_hph_cpg,CITES,4,DTOP-OLD
sra_s3_q6_o7,fw_hicp,CITES,N/A,DTOP-OLD
sra_s3_q7_o1,fw_hipaa,CITES,§164.308(a)(3)(ii)(A),DTOP-OLD
sra_s3_q7_o1,fw_nist_csf,CITES,"ID.AM, PR.MA, DE.CM, DE.AE, PR.PS",DTOP-OLD
sra_s3_q7_o1,fw_hph_cpg,CITES,"6, 7",DTOP-OLD
sra_s3_q7_o1,fw_hicp,CITES,"TV1 - Practice #2, 3",DTOP-OLD
sra_s3_q7_o2,fw_hipaa,CITES,§164.308(a)(3)(ii)(A),DTOP-OLD
sra_s3_q7_o2,fw_nist_csf,CITES,"ID.AM, PR.MA, DE.CM, DE.AE, PR.PS",DTOP-OLD
sra_s3_q7_o2,fw_hph_cpg,CITES,"6, 7",DTOP-OLD
sra_s3_q7_o2,fw_hicp,CITES,"TV1 - Practice #2, 3",DTOP-OLD
sra_s3_q7_o3,fw_hipaa,CITES,§164.308(a)(3)(ii)(A),DTOP-OLD
sra_s3_q7_o3,fw_nist_csf,CITES,"ID.AM, PR.MA, DE.CM, DE.AE, PR.PS",DTOP-OLD
sra_s3_q7_o3,fw_hph_cpg,CITES,"6, 7",DTOP-OLD
sra_s3_q7_o3,fw_hicp,CITES,"TV1 - Practice #2, 3",DTOP-OLD
sra_s3_q8_o1,fw_hipaa,CITES,§164.308(a)(3)(ii)(B),DTOP-OLD
sra_s3_q8_o1,fw_nist_csf,CITES,"DE.AE, PR.AA, PR.IR, PR.PS",DTOP-OLD
sra_s3_q8_o1,fw_hph_cpg,CITES,6,DTOP-OLD
sra_s3_q8_o1,fw_hicp,CITES,N/A,DTOP-OLD
sra_s3_q8_o2,fw_hipaa,CITES,§164.308(a)(3)(ii)(B),DTOP-OLD
sra_s3_q8_o2,fw_nist_csf,CITES,"DE.AE, PR.AA, PR.IR, PR.PS",DTOP-OLD
sra_s3_q8_o2,fw_hph_cpg,CITES,6,DTOP-OLD
sra_s3_q8_o2,fw_hicp,CITES,N/A,DTOP-OLD
sra_s3_q8_o3,fw_hipaa,CITES,§164.308(a)(3)(ii)(B),DTOP-OLD
sra_s3_q8_o3,fw_nist_csf,CITES,"DE.AE, PR.AA, PR.IR, PR.PS",DTOP-OLD
sra_s3_q8_o3,fw_hph_cpg,CITES,6,DTOP-OLD
sra_s3_q8_o3,fw_hicp,CITES,N/A,DTOP-OLD
sra_s3_q9_o1,fw_hipaa,CITES,§164.308(a)(3)(ii)(B),DTOP-OLD
sra_s3_q9_o1,fw_nist_csf,CITES,"DE.AE, PR.AA, PR.IR, PR.PS",DTOP-OLD
sra_s3_q9_o1,fw_hph_cpg,CITES,6,DTOP-OLD
sra_s3_q9_o1,fw_hicp,CITES,N/A,DTOP-OLD
sra_s3_q9_o2,fw_hipaa,CITES,§164.308(a)(3)(ii)(B),DTOP-OLD
sra_s3_q9_o2,fw_nist_csf,CITES,"DE.AE, PR.AA, PR.IR, PR.PS",DTOP-OLD
sra_s3_q9_o2,fw_hph_cpg,CITES,6,DTOP-OLD
sra_s3_q9_o2,fw_hicp,CITES,N/A,DTOP-OLD
sra_s3_q9_o3,fw_hipaa,CITES,§164.308(a)(3)(ii)(B),DTOP-OLD
sra_s3_q9_o3,fw_nist_csf,CITES,"DE.AE, PR.AA, PR.IR, PR.PS",DTOP-OLD
sra_s3_q9_o3,fw_hph_cpg,CITES,6,DTOP-OLD
sra_s3_q9_o3,fw_hicp,CITES,N/A,DTOP-OLD
sra_s3_q9_o4,fw_hipaa,CITES,§164.308(a)(3)(ii)(B),DTOP-OLD
sra_s3_q9_o4,fw_nist_csf,CITES,"DE.AE, PR.AA, PR.IR, PR.PS",DTOP-OLD
sra_s3_q9_o4,fw_hph_cpg,CITES,6,DTOP-OLD
sra_s3_q9_o4,fw_hicp,CITES,N/A,DTOP-OLD
sra_s3_q9_o5,fw_hipaa,CITES,§164.308(a)(3)(ii)(B),DTOP-OLD
sra_s3_q9_o5,fw_nist_csf,CITES,"DE.AE, PR.AA, PR.IR, PR.PS",DTOP-OLD
sra_s3_q9_o5,fw_hph_cpg,CITES,6,DTOP-OLD
sra_s3_q9_o5,fw_hicp,CITES,N/A,DTOP-OLD
sra_s3_q10_o1,fw_hipaa,CITES,§164.308(a)(5)(i),DTOP-OLD
sra_s3_q10_o1,fw_nist_csf,CITES,"PR.AT , GV.RM, PR.PS",DTOP-OLD
sra_s3_q10_o1,fw_hph_cpg,CITES,4,DTOP-OLD
sra_s3_q10_o1,fw_hicp,CITES,"TV1 - Practice # 1, 4",DTOP-OLD
sra_s3_q10_o2,fw_hipaa,CITES,§164.308(a)(5)(i),DTOP-OLD
sra_s3_q10_o2,fw_nist_csf,CITES,"PR.AT , GV.RM, PR.PS",DTOP-OLD
sra_s3_q10_o2,fw_hph_cpg,CITES,4,DTOP-OLD
sra_s3_q10_o2,fw_hicp,CITES,"TV1 - Practice # 1, 4",DTOP-OLD
sra_s3_q10_o3,fw_hipaa,CITES,§164.308(a)(5)(i),DTOP-OLD
sra_s3_q10_o3,fw_nist_csf,CITES,"PR.AT , GV.RM, PR.PS",DTOP-OLD
sra_s3_q10_o3,fw_hph_cpg,CITES,4,DTOP-OLD
sra_s3_q10_o3,fw_hicp,CITES,"TV1 - Practice # 1, 4",DTOP-OLD
sra_s3_q10_o4,fw_hipaa,CITES,§164.308(a)(5)(i),DTOP-OLD
sra_s3_q10_o4,fw_nist_csf,CITES,"PR.AT , GV.RM, PR.PS",DTOP-OLD
sra_s3_q10_o4,fw_hph_cpg,CITES,4,DTOP-OLD
sra_s3_q10_o4,fw_hicp,CITES,"TV1 - Practice # 1, 4",DTOP-OLD
sra_s3_q11_o1,fw_hipaa,CITES,§164.308(a)(5)(i),DTOP-OLD
sra_s3_q11_o1,fw_nist_csf,CITES,"PR.AT, PR.PS",DTOP-OLD
sra_s3_q11_o1,fw_hph_cpg,CITES,4,DTOP-OLD
sra_s3_q11_o1,fw_hicp,CITES,"TV1 - Practice # 1, 4, 10",DTOP-OLD
sra_s3_q11_o2,fw_hipaa,CITES,§164.308(a)(5)(i),DTOP-OLD
sra_s3_q11_o2,fw_nist_csf,CITES,"PR.AT, PR.PS",DTOP-OLD
sra_s3_q11_o2,fw_hph_cpg,CITES,4,DTOP-OLD
sra_s3_q11_o2,fw_hicp,CITES,"TV1 - Practice # 1, 4, 10",DTOP-OLD
sra_s3_q11_o3,fw_hipaa,CITES,§164.308(a)(5)(i),DTOP-OLD
sra_s3_q11_o3,fw_nist_csf,CITES,"PR.AT, PR.PS",DTOP-OLD
sra_s3_q11_o3,fw_hph_cpg,CITES,4,DTOP-OLD
sra_s3_q11_o3,fw_hicp,CITES,"TV1 - Practice # 1, 4, 10",DTOP-OLD
sra_s3_q11_o4,fw_hipaa,CITES,§164.308(a)(5)(i),DTOP-OLD
sra_s3_q11_o4,fw_nist_csf,CITES,"PR.AT, PR.PS",DTOP-OLD
sra_s3_q11_o4,fw_hph_cpg,CITES,4,DTOP-OLD
sra_s3_q11_o4,fw_hicp,CITES,"TV1 - Practice # 1, 4, 10",DTOP-OLD
sra_s3_q12_o1,fw_hipaa,CITES,§164.308(a)(5)(i),DTOP-OLD
sra_s3_q12_o1,fw_nist_csf,CITES,"PR.AT, PR.PS",DTOP-OLD
sra_s3_q12_o1,fw_hph_cpg,CITES,4,DTOP-OLD
sra_s3_q12_o1,fw_hicp,CITES,N/A,DTOP-OLD
sra_s3_q12_o2,fw_hipaa,CITES,§164.308(a)(5)(i),DTOP-OLD
sra_s3_q12_o2,fw_nist_csf,CITES,"PR.AT, PR.PS",DTOP-OLD
sra_s3_q12_o2,fw_hph_cpg,CITES,4,DTOP-OLD
sra_s3_q12_o2,fw_hicp,CITES,N/A,DTOP-OLD
sra_s3_q12_o3,fw_hipaa,CITES,§164.308(a)(5)(i),DTOP-OLD
sra_s3_q12_o3,fw_nist_csf,CITES,"PR.AT, PR.PS",DTOP-OLD
sra_s3_q12_o3,fw_hph_cpg,CITES,4,DTOP-OLD
sra_s3_q12_o3,fw_hicp,CITES,N/A,DTOP-OLD
sra_s3_q13_o1,fw_hipaa,CITES,§164.308(a)(5)(ii)(C),DTOP-OLD
sra_s3_q13_o1,fw_nist_csf,CITES,"DE.AE, DE.CM, RS.CO, PR.AT, PR.PS",DTOP-OLD
sra_s3_q13_o1,fw_hph_cpg,CITES,18,DTOP-OLD
sra_s3_q13_o1,fw_hicp,CITES,"TV1 - Practice #2, 3",DTOP-OLD
sra_s3_q13_o2,fw_hipaa,CITES,§164.308(a)(5)(ii)(C),DTOP-OLD
sra_s3_q13_o2,fw_nist_csf,CITES,"DE.AE, DE.CM, RS.CO, PR.AT, PR.PS",DTOP-OLD
sra_s3_q13_o2,fw_hph_cpg,CITES,18,DTOP-OLD
sra_s3_q13_o2,fw_hicp,CITES,"TV1 - Practice #2, 3",DTOP-OLD
sra_s3_q13_o3,fw_hipaa,CITES,§164.308(a)(5)(ii)(C),DTOP-OLD
sra_s3_q13_o3,fw_nist_csf,CITES,"DE.AE, DE.CM, RS.CO, PR.AT, PR.PS",DTOP-OLD
sra_s3_q13_o3,fw_hph_cpg,CITES,18,DTOP-OLD
sra_s3_q13_o3,fw_hicp,CITES,"TV1 - Practice #2, 3",DTOP-OLD
sra_s3_q13_o4,fw_hipaa,CITES,§164.308(a)(5)(ii)(C),DTOP-OLD
sra_s3_q13_o4,fw_nist_csf,CITES,"DE.AE, DE.CM, RS.CO, PR.AT, PR.PS",DTOP-OLD
sra_s3_q13_o4,fw_hph_cpg,CITES,18,DTOP-OLD
sra_s3_q13_o4,fw_hicp,CITES,"TV1 - Practice #2, 3",DTOP-OLD
sra_s3_q14_o1,fw_hipaa,CITES,§164.308(a)(5)(ii)(B),DTOP-OLD
sra_s3_q14_o1,fw_nist_csf,CITES,"PR.AT, PR.PS",DTOP-OLD
sra_s3_q14_o1,fw_hph_cpg,CITES,"1, 2",DTOP-OLD
sra_s3_q14_o1,fw_hicp,CITES,"TV1 - Practice # 2, 9",DTOP-OLD
sra_s3_q14_o2,fw_hipaa,CITES,§164.308(a)(5)(ii)(B),DTOP-OLD
sra_s3_q14_o2,fw_nist_csf,CITES,"PR.AT, PR.PS",DTOP-OLD
sra_s3_q14_o2,fw_hph_cpg,CITES,"1, 2",DTOP-OLD
sra_s3_q14_o2,fw_hicp,CITES,"TV1 - Practice # 2, 9",DTOP-OLD
sra_s3_q14_o3,fw_hipaa,CITES,§164.308(a)(5)(ii)(B),DTOP-OLD
sra_s3_q14_o3,fw_nist_csf,CITES,"PR.AT, PR.PS",DTOP-OLD
sra_s3_q14_o3,fw_hph_cpg,CITES,"1, 2",DTOP-OLD
sra_s3_q14_o3,fw_hicp,CITES,"TV1 - Practice # 2, 9",DTOP-OLD
sra_s3_q14_o4,fw_hipaa,CITES,§164.308(a)(5)(ii)(B),DTOP-OLD
sra_s3_q14_o4,fw_nist_csf,CITES,"PR.AT, PR.PS",DTOP-OLD
sra_s3_q14_o4,fw_hph_cpg,CITES,"1, 2",DTOP-OLD
sra_s3_q14_o4,fw_hicp,CITES,"TV1 - Practice # 2, 9",DTOP-OLD
sra_s3_q15_o1,fw_hipaa,CITES,§164.308(a)(5)(ii)(D),DTOP-OLD
sra_s3_q15_o1,fw_nist_csf,CITES,PR.AT,DTOP-OLD
sra_s3_q15_o1,fw_hph_cpg,CITES,"2, 8",DTOP-OLD
sra_s3_q15_o1,fw_hicp,CITES,"TV1 - Practice # 2, 3",DTOP-OLD
sra_s3_q15_o2,fw_hipaa,CITES,§164.308(a)(5)(ii)(D),DTOP-OLD
sra_s3_q15_o2,fw_nist_csf,CITES,PR.AT,DTOP-OLD
sra_s3_q15_o2,fw_hph_cpg,CITES,"2, 8",DTOP-OLD
sra_s3_q15_o2,fw_hicp,CITES,"TV1 - Practice # 2, 3",DTOP-OLD
sra_s3_q15_o3,fw_hipaa,CITES,§164.308(a)(5)(ii)(D),DTOP-OLD
sra_s3_q15_o3,fw_nist_csf,CITES,PR.AT,DTOP-OLD
sra_s3_q15_o3,fw_hph_cpg,CITES,"2, 8",DTOP-OLD
sra_s3_q15_o3,fw_hicp,CITES,"TV1 - Practice # 2, 3",DTOP-OLD
sra_s3_q15_o4,fw_hipaa,CITES,§164.308(a)(5)(ii)(D),DTOP-OLD
sra_s3_q15_o4,fw_nist_csf,CITES,PR.AT,DTOP-OLD
sra_s3_q15_o4,fw_hph_cpg,CITES,"2, 8",DTOP-OLD
sra_s3_q15_o4,fw_hicp,CITES,"TV1 - Practice # 2, 3",DTOP-OLD
sra_s3_q15_o5,fw_hipaa,CITES,§164.308(a)(5)(ii)(D),DTOP-OLD
sra_s3_q15_o5,fw_nist_csf,CITES,PR.AT,DTOP-OLD
sra_s3_q15_o5,fw_hph_cpg,CITES,"2, 8",DTOP-OLD
sra_s3_q15_o5,fw_hicp,CITES,"TV1 - Practice # 2, 3",DTOP-OLD
sra_s3_q16_o1,fw_hipaa,CITES,§164.308(a)(5)(ii)(A),DTOP-OLD
sra_s3_q16_o1,fw_nist_csf,CITES,"PR.AT, ID.RA, GV.OC, GV.RR, GV.PO, GV.OV",DTOP-OLD
sra_s3_q16_o1,fw_hph_cpg,CITES,4,DTOP-OLD
sra_s3_q16_o1,fw_hicp,CITES,"TV1 - Practice # 1, 4",DTOP-OLD
sra_s3_q16_o2,fw_hipaa,CITES,§164.308(a)(5)(ii)(A),DTOP-OLD
sra_s3_q16_o2,fw_nist_csf,CITES,"PR.AT, ID.RA, GV.OC, GV.RR, GV.PO, GV.OV",DTOP-OLD
sra_s3_q16_o2,fw_hph_cpg,CITES,4,DTOP-OLD
sra_s3_q16_o2,fw_hicp,CITES,"TV1 - Practice # 1, 4",DTOP-OLD
sra_s3_q16_o3,fw_hipaa,CITES,§164.308(a)(5)(ii)(A),DTOP-OLD
sra_s3_q16_o3,fw_nist_csf,CITES,"PR.AT, ID.RA, GV.OC, GV.RR, GV.PO, GV.OV",DTOP-OLD
sra_s3_q16_o3,fw_hph_cpg,CITES,4,DTOP-OLD
sra_s3_q16_o3,fw_hicp,CITES,"TV1 - Practice # 1, 4",DTOP-OLD
sra_s3_q17_o1,fw_hipaa,CITES,§164.308(a)(5)(ii)(A),DTOP-OLD
sra_s3_q17_o1,fw_nist_csf,CITES,"PR.AT, ID.RA, GV.OC, GV.RR, GV.PO, GV.OV",DTOP-OLD
sra_s3_q17_o1,fw_hph_cpg,CITES,4,DTOP-OLD
sra_s3_q17_o1,fw_hicp,CITES,"TV1 - Practice # 1, 4",DTOP-OLD
sra_s3_q17_o2,fw_hipaa,CITES,§164.308(a)(5)(ii)(A),DTOP-OLD
sra_s3_q17_o2,fw_nist_csf,CITES,"PR.AT, ID.RA, GV.OC, GV.RR, GV.PO, GV.OV",DTOP-OLD
sra_s3_q17_o2,fw_hph_cpg,CITES,4,DTOP-OLD
sra_s3_q17_o2,fw_hicp,CITES,"TV1 - Practice # 1, 4",DTOP-OLD
sra_s3_q17_o3,fw_hipaa,CITES,§164.308(a)(5)(ii)(A),DTOP-OLD
sra_s3_q17_o3,fw_nist_csf,CITES,"PR.AT, ID.RA, GV.OC, GV.RR, GV.PO, GV.OV",DTOP-OLD
sra_s3_q17_o3,fw_hph_cpg,CITES,4,DTOP-OLD
sra_s3_q17_o3,fw_hicp,CITES,"TV1 - Practice # 1, 4",DTOP-OLD
sra_s3_q18_o1,fw_hipaa,CITES,§164.308(a)(1)(ii)(C),DTOP-OLD
sra_s3_q18_o1,fw_nist_csf,CITES,PR.PS,DTOP-OLD
sra_s3_q18_o1,fw_hph_cpg,CITES,N/A,DTOP-OLD
sra_s3_q18_o1,fw_hicp,CITES,N/A,DTOP-OLD
sra_s3_q18_o2,fw_hipaa,CITES,§164.308(a)(1)(ii)(C),DTOP-OLD
sra_s3_q18_o2,fw_nist_csf,CITES,PR.PS,DTOP-OLD
sra_s3_q18_o2,fw_hph_cpg,CITES,N/A,DTOP-OLD
sra_s3_q18_o2,fw_hicp,CITES,N/A,DTOP-OLD
sra_s3_q18_o3,fw_hipaa,CITES,§164.308(a)(1)(ii)(C),DTOP-OLD
sra_s3_q18_o3,fw_nist_csf,CITES,PR.PS,DTOP-OLD
sra_s3_q18_o3,fw_hph_cpg,CITES,N/A,DTOP-OLD
sra_s3_q18_o3,fw_hicp,CITES,N/A,DTOP-OLD
sra_s3_q19_o1,fw_hipaa,CITES,§164.308(a)(1)(ii)(C),DTOP-OLD
sra_s3_q19_o1,fw_nist_csf,CITES,"PR.AT, RS.CO, PR.PS",DTOP-OLD
sra_s3_q19_o1,fw_hph_cpg,CITES,N/A,DTOP-OLD
sra_s3_q19_o1,fw_hicp,CITES,N/A,DTOP-OLD
sra_s3_q19_o2,fw_hipaa,CITES,§164.308(a)(1)(ii)(C),DTOP-OLD
sra_s3_q19_o2,fw_nist_csf,CITES,"PR.AT, RS.CO, PR.PS",DTOP-OLD
sra_s3_q19_o2,fw_hph_cpg,CITES,N/A,DTOP-OLD
sra_s3_q19_o2,fw_hicp,CITES,N/A,DTOP-OLD
sra_s3_q19_o3,fw_hipaa,CITES,§164.308(a)(1)(ii)(C),DTOP-OLD
sra_s3_q19_o3,fw_nist_csf,CITES,"PR.AT, RS.CO, PR.PS",DTOP-OLD
sra_s3_q19_o3,fw_hph_cpg,CITES,N/A,DTOP-OLD
sra_s3_q19_o3,fw_hicp,CITES,N/A,DTOP-OLD
sra_s3_q19_o4,fw_hipaa,CITES,§164.308(a)(1)(ii)(C),DTOP-OLD
sra_s3_q19_o4,fw_nist_csf,CITES,"PR.AT, RS.CO, PR.PS",DTOP-OLD
sra_s3_q19_o4,fw_hph_cpg,CITES,N/A,DTOP-OLD
sra_s3_q19_o4,fw_hicp,CITES,N/A,DTOP-OLD
sra_s3_q19_o5,fw_hipaa,CITES,§164.308(a)(1)(ii)(C),DTOP-OLD
sra_s3_q19_o5,fw_nist_csf,CITES,"PR.AT, RS.CO, PR.PS",DTOP-OLD
sra_s3_q19_o5,fw_hph_cpg,CITES,N/A,DTOP-OLD
sra_s3_q19_o5,fw_hicp,CITES,N/A,DTOP-OLD
sra_s3_q19_o6,fw_hipaa,CITES,§164.308(a)(1)(ii)(C),DTOP-OLD
sra_s3_q19_o6,fw_nist_csf,CITES,"PR.AT, RS.CO, PR.PS",DTOP-OLD
sra_s3_q19_o6,fw_hph_cpg,CITES,N/A,DTOP-OLD
sra_s3_q19_o6,fw_hicp,CITES,N/A,DTOP-OLD
sra_s3_q19_o7,fw_hipaa,CITES,§164.308(a)(1)(ii)(C),DTOP-OLD
sra_s3_q19_o7,fw_nist_csf,CITES,"PR.AT, RS.CO, PR.PS",DTOP-OLD
sra_s3_q19_o7,fw_hph_cpg,CITES,N/A,DTOP-OLD
sra_s3_q19_o7,fw_hicp,CITES,N/A,DTOP-OLD
sra_s3_q19_o8,fw_hipaa,CITES,§164.308(a)(1)(ii)(C),DTOP-OLD
sra_s3_q19_o8,fw_nist_csf,CITES,"PR.AT, RS.CO, PR.PS",DTOP-OLD
sra_s3_q19_o8,fw_hph_cpg,CITES,N/A,DTOP-OLD
sra_s3_q19_o8,fw_hicp,CITES,N/A,DTOP-OLD
sra_s3_q19_o9,fw_hipaa,CITES,§164.308(a)(1)(ii)(C),DTOP-OLD
sra_s3_q19_o9,fw_nist_csf,CITES,"PR.AT, RS.CO, PR.PS",DTOP-OLD
sra_s3_q19_o9,fw_hph_cpg,CITES,N/A,DTOP-OLD
sra_s3_q19_o9,fw_hicp,CITES,N/A,DTOP-OLD
sra_s4_q1_o1,fw_hipaa,CITES,§164.308(a)(3)(i),DTOP-OLD
sra_s4_q1_o1,fw_nist_csf,CITES,"PR.AT, PR.PS, PR.AA, PR.IR",DTOP-OLD
sra_s4_q1_o1,fw_hph_cpg,CITES,6,DTOP-OLD
sra_s4_q1_o1,fw_hicp,CITES,"TV1 - Practice #2, 3",DTOP-OLD
sra_s4_q1_o2,fw_hipaa,CITES,§164.308(a)(3)(i),DTOP-OLD
sra_s4_q1_o2,fw_nist_csf,CITES,"PR.AT, PR.PS, PR.AA, PR.IR",DTOP-OLD
sra_s4_q1_o2,fw_hph_cpg,CITES,6,DTOP-OLD
sra_s4_q1_o2,fw_hicp,CITES,"TV1 - Practice #2, 3",DTOP-OLD
sra_s4_q1_o3,fw_hipaa,CITES,§164.308(a)(3)(i),DTOP-OLD
sra_s4_q1_o3,fw_nist_csf,CITES,"PR.AT, PR.PS, PR.AA, PR.IR",DTOP-OLD
sra_s4_q1_o3,fw_hph_cpg,CITES,6,DTOP-OLD
sra_s4_q1_o3,fw_hicp,CITES,"TV1 - Practice #2, 3",DTOP-OLD
sra_s4_q1_o4,fw_hipaa,CITES,§164.308(a)(3)(i),DTOP-OLD
sra_s4_q1_o4,fw_nist_csf,CITES,"PR.AT, PR.PS, PR.AA, PR.IR",DTOP-OLD
sra_s4_q1_o4,fw_hph_cpg,CITES,6,DTOP-OLD
sra_s4_q1_o4,fw_hicp,CITES,"TV1 - Practice #2, 3",DTOP-OLD
sra_s4_q2_o1,fw_hipaa,CITES,§164.308(a)(3)(i),DTOP-OLD
sra_s4_q2_o1,fw_nist_csf,CITES,"PR.AT, PR.PS, PR.AA, PR.IR",DTOP-OLD
sra_s4_q2_o1,fw_hph_cpg,CITES,"3, 6",DTOP-OLD
sra_s4_q2_o1,fw_hicp,CITES,"TV1 - Practice #2, 3",DTOP-OLD
sra_s4_q2_o2,fw_hipaa,CITES,§164.308(a)(3)(i),DTOP-OLD
sra_s4_q2_o2,fw_nist_csf,CITES,"PR.AT, PR.PS, PR.AA, PR.IR",DTOP-OLD
sra_s4_q2_o2,fw_hph_cpg,CITES,"3, 6",DTOP-OLD
sra_s4_q2_o2,fw_hicp,CITES,"TV1 - Practice #2, 3",DTOP-OLD
sra_s4_q2_o3,fw_hipaa,CITES,§164.308(a)(3)(i),DTOP-OLD
sra_s4_q2_o3,fw_nist_csf,CITES,"PR.AT, PR.PS, PR.AA, PR.IR",DTOP-OLD
sra_s4_q2_o3,fw_hph_cpg,CITES,"3, 6",DTOP-OLD
sra_s4_q2_o3,fw_hicp,CITES,"TV1 - Practice #2, 3",DTOP-OLD
sra_s4_q2_o4,fw_hipaa,CITES,§164.308(a)(3)(i),DTOP-OLD
sra_s4_q2_o4,fw_nist_csf,CITES,"PR.AT, PR.PS, PR.AA, PR.IR",DTOP-OLD
sra_s4_q2_o4,fw_hph_cpg,CITES,"3, 6",DTOP-OLD
sra_s4_q2_o4,fw_hicp,CITES,"TV1 - Practice #2, 3",DTOP-OLD
sra_s4_q2_o5,fw_hipaa,CITES,§164.308(a)(3)(i),DTOP-OLD
sra_s4_q2_o5,fw_nist_csf,CITES,"PR.AT, PR.PS, PR.AA, PR.IR",DTOP-OLD
sra_s4_q2_o5,fw_hph_cpg,CITES,"3, 6",DTOP-OLD
sra_s4_q2_o5,fw_hicp,CITES,"TV1 - Practice #2, 3",DTOP-OLD
sra_s4_q2_o6,fw_hipaa,CITES,§164.308(a)(3)(i),DTOP-OLD
sra_s4_q2_o6,fw_nist_csf,CITES,"PR.AT, PR.PS, PR.AA, PR.IR",DTOP-OLD
sra_s4_q2_o6,fw_hph_cpg,CITES,"3, 6",DTOP-OLD
sra_s4_q2_o6,fw_hicp,CITES,"TV1 - Practice #2, 3",DTOP-OLD
sra_s4_q2_o7,fw_hipaa,CITES,§164.308(a)(3)(i),DTOP-OLD
sra_s4_q2_o7,fw_nist_csf,CITES,"PR.AT, PR.PS, PR.AA, PR.IR",DTOP-OLD
sra_s4_q2_o7,fw_hph_cpg,CITES,"3, 6",DTOP-OLD
sra_s4_q2_o7,fw_hicp,CITES,"TV1 - Practice #2, 3",DTOP-OLD
sra_s4_q3_o1,fw_hipaa,CITES,§164.308(a)(4)(ii)(B) §164.308(a)(4)(ii)(C ),DTOP-OLD
sra_s4_q3_o1,fw_nist_csf,CITES,"PR.AA, PR.IR, PR.PS",DTOP-OLD
sra_s4_q3_o1,fw_hph_cpg,CITES,6,DTOP-OLD
sra_s4_q3_o1,fw_hicp,CITES,TV1 - Practice # 3,DTOP-OLD
sra_s4_q3_o2,fw_hipaa,CITES,§164.308(a)(4)(ii)(B) §164.308(a)(4)(ii)(C ),DTOP-OLD
sra_s4_q3_o2,fw_nist_csf,CITES,"PR.AA, PR.IR, PR.PS",DTOP-OLD
sra_s4_q3_o2,fw_hph_cpg,CITES,6,DTOP-OLD
sra_s4_q3_o2,fw_hicp,CITES,TV1 - Practice # 3,DTOP-OLD
sra_s4_q3_o3,fw_hipaa,CITES,§164.308(a)(4)(ii)(B) §164.308(a)(4)(ii)(C ),DTOP-OLD
sra_s4_q3_o3,fw_nist_csf,CITES,"PR.AA, PR.IR, PR.PS",DTOP-OLD
sra_s4_q3_o3,fw_hph_cpg,CITES,6,DTOP-OLD
sra_s4_q3_o3,fw_hicp,CITES,TV1 - Practice # 3,DTOP-OLD
sra_s4_q3_o4,fw_hipaa,CITES,§164.308(a)(4)(ii)(B) §164.308(a)(4)(ii)(C ),DTOP-OLD
sra_s4_q3_o4,fw_nist_csf,CITES,"PR.AA, PR.IR, PR.PS",DTOP-OLD
sra_s4_q3_o4,fw_hph_cpg,CITES,6,DTOP-OLD
sra_s4_q3_o4,fw_hicp,CITES,TV1 - Practice # 3,DTOP-OLD
sra_s4_q3_o5,fw_hipaa,CITES,§164.308(a)(4)(ii)(B) §164.308(a)(4)(ii)(C ),DTOP-OLD
sra_s4_q3_o5,fw_nist_csf,CITES,"PR.AA, PR.IR, PR.PS",DTOP-OLD
sra_s4_q3_o5,fw_hph_cpg,CITES,6,DTOP-OLD
sra_s4_q3_o5,fw_hicp,CITES,TV1 - Practice # 3,DTOP-OLD
sra_s4_q4_o1,fw_hipaa,CITES,§164.502(b),DTOP-OLD
sra_s4_q4_o1,fw_nist_csf,CITES,"PR.AA, PR.IR, PR.PS, GV.RM, PR.DS",DTOP-OLD
sra_s4_q4_o1,fw_hph_cpg,CITES,"3, 9",DTOP-OLD
sra_s4_q4_o1,fw_hicp,CITES,TV1 - Practice # 3,DTOP-OLD
sra_s4_q4_o2,fw_hipaa,CITES,§164.502(b),DTOP-OLD
sra_s4_q4_o2,fw_nist_csf,CITES,"PR.AA, PR.IR, PR.PS, GV.RM, PR.DS",DTOP-OLD
sra_s4_q4_o2,fw_hph_cpg,CITES,"3, 9",DTOP-OLD
sra_s4_q4_o2,fw_hicp,CITES,TV1 - Practice # 3,DTOP-OLD
sra_s4_q4_o3,fw_hipaa,CITES,§164.502(b),DTOP-OLD
sra_s4_q4_o3,fw_nist_csf,CITES,"PR.AA, PR.IR, PR.PS, GV.RM, PR.DS",DTOP-OLD
sra_s4_q4_o3,fw_hph_cpg,CITES,"3, 9",DTOP-OLD
sra_s4_q4_o3,fw_hicp,CITES,TV1 - Practice # 3,DTOP-OLD
sra_s4_q4_o4,fw_hipaa,CITES,§164.502(b),DTOP-OLD
sra_s4_q4_o4,fw_nist_csf,CITES,"PR.AA, PR.IR, PR.PS, GV.RM, PR.DS",DTOP-OLD
sra_s4_q4_o4,fw_hph_cpg,CITES,"3, 9",DTOP-OLD
sra_s4_q4_o4,fw_hicp,CITES,TV1 - Practice # 3,DTOP-OLD
sra_s4_q5_o1,fw_hipaa,CITES,§164.312(a)(2)(i),DTOP-OLD
sra_s4_q5_o1,fw_nist_csf,CITES,"PR.AA, PR.IR, DE.CM",DTOP-OLD
sra_s4_q5_o1,fw_hph_cpg,CITES,"8, 9",DTOP-OLD
sra_s4_q5_o1,fw_hicp,CITES,TV1 - Practice # 3,DTOP-OLD
sra_s4_q5_o2,fw_hipaa,CITES,§164.312(a)(2)(i),DTOP-OLD
sra_s4_q5_o2,fw_nist_csf,CITES,"PR.AA, PR.IR, DE.CM",DTOP-OLD
sra_s4_q5_o2,fw_hph_cpg,CITES,"8, 9",DTOP-OLD
sra_s4_q5_o2,fw_hicp,CITES,TV1 - Practice # 3,DTOP-OLD
sra_s4_q5_o3,fw_hipaa,CITES,§164.312(a)(2)(i),DTOP-OLD
sra_s4_q5_o3,fw_nist_csf,CITES,"PR.AA, PR.IR, DE.CM",DTOP-OLD
sra_s4_q5_o3,fw_hph_cpg,CITES,"8, 9",DTOP-OLD
sra_s4_q5_o3,fw_hicp,CITES,TV1 - Practice # 3,DTOP-OLD
sra_s4_q5_o4,fw_hipaa,CITES,§164.312(a)(2)(i),DTOP-OLD
sra_s4_q5_o4,fw_nist_csf,CITES,"PR.AA, PR.IR, DE.CM",DTOP-OLD
sra_s4_q5_o4,fw_hph_cpg,CITES,"8, 9",DTOP-OLD
sra_s4_q5_o4,fw_hicp,CITES,TV1 - Practice # 3,DTOP-OLD
sra_s4_q6_o1,fw_hipaa,CITES,§164.308(a)(3)(i),DTOP-OLD
sra_s4_q6_o1,fw_nist_csf,CITES,"PR.AT, PR.AA, PR.IR, PR.PS",DTOP-OLD
sra_s4_q6_o1,fw_hph_cpg,CITES,9,DTOP-OLD
sra_s4_q6_o1,fw_hicp,CITES,"TV1 - Practice # 3,4",DTOP-OLD
sra_s4_q6_o2,fw_hipaa,CITES,§164.308(a)(3)(i),DTOP-OLD
sra_s4_q6_o2,fw_nist_csf,CITES,"PR.AT, PR.AA, PR.IR, PR.PS",DTOP-OLD
sra_s4_q6_o2,fw_hph_cpg,CITES,9,DTOP-OLD
sra_s4_q6_o2,fw_hicp,CITES,"TV1 - Practice # 3,4",DTOP-OLD
sra_s4_q6_o3,fw_hipaa,CITES,§164.308(a)(3)(i),DTOP-OLD
sra_s4_q6_o3,fw_nist_csf,CITES,"PR.AT, PR.AA, PR.IR, PR.PS",DTOP-OLD
sra_s4_q6_o3,fw_hph_cpg,CITES,9,DTOP-OLD
sra_s4_q6_o3,fw_hicp,CITES,"TV1 - Practice # 3,4",DTOP-OLD
sra_s4_q6_o4,fw_hipaa,CITES,§164.308(a)(3)(i),DTOP-OLD
sra_s4_q6_o4,fw_nist_csf,CITES,"PR.AT, PR.AA, PR.IR, PR.PS",DTOP-OLD
sra_s4_q6_o4,fw_hph_cpg,CITES,9,DTOP-OLD
sra_s4_q6_o4,fw_hicp,CITES,"TV1 - Practice # 3,4",DTOP-OLD
sra_s4_q7_o1,fw_hipaa,CITES,§164.308(a)(3)(i),DTOP-OLD
sra_s4_q7_o1,fw_nist_csf,CITES,"PR.AT, PR.PS, DE.CM",DTOP-OLD
sra_s4_q7_o1,fw_hph_cpg,CITES,"3, 8, 9",DTOP-OLD
sra_s4_q7_o1,fw_hicp,CITES,"TV1 - Practice # 3,4",DTOP-OLD
sra_s4_q7_o2,fw_hipaa,CITES,§164.308(a)(3)(i),DTOP-OLD
sra_s4_q7_o2,fw_nist_csf,CITES,"PR.AT, PR.PS, DE.CM",DTOP-OLD
sra_s4_q7_o2,fw_hph_cpg,CITES,"3, 8, 9",DTOP-OLD
sra_s4_q7_o2,fw_hicp,CITES,"TV1 - Practice # 3,4",DTOP-OLD
sra_s4_q7_o3,fw_hipaa,CITES,§164.308(a)(3)(i),DTOP-OLD
sra_s4_q7_o3,fw_nist_csf,CITES,"PR.AT, PR.PS, DE.CM",DTOP-OLD
sra_s4_q7_o3,fw_hph_cpg,CITES,"3, 8, 9",DTOP-OLD
sra_s4_q7_o3,fw_hicp,CITES,"TV1 - Practice # 3,4",DTOP-OLD
sra_s4_q7_o4,fw_hipaa,CITES,§164.308(a)(3)(i),DTOP-OLD
sra_s4_q7_o4,fw_nist_csf,CITES,"PR.AT, PR.PS, DE.CM",DTOP-OLD
sra_s4_q7_o4,fw_hph_cpg,CITES,"3, 8, 9",DTOP-OLD
sra_s4_q7_o4,fw_hicp,CITES,"TV1 - Practice # 3,4",DTOP-OLD
sra_s4_q8_o1,fw_hipaa,CITES,§164.312(a)(2)(iv),DTOP-OLD
sra_s4_q8_o1,fw_nist_csf,CITES,"PR.DS, PR.MA",DTOP-OLD
sra_s4_q8_o1,fw_hph_cpg,CITES,5,DTOP-OLD
sra_s4_q8_o1,fw_hicp,CITES,"TV1 - Practice # 1, 4",DTOP-OLD
sra_s4_q8_o2,fw_hipaa,CITES,§164.312(a)(2)(iv),DTOP-OLD
sra_s4_q8_o2,fw_nist_csf,CITES,"PR.DS, PR.MA",DTOP-OLD
sra_s4_q8_o2,fw_hph_cpg,CITES,5,DTOP-OLD
sra_s4_q8_o2,fw_hicp,CITES,"TV1 - Practice # 1, 4",DTOP-OLD
sra_s4_q8_o3,fw_hipaa,CITES,§164.312(a)(2)(iv),DTOP-OLD
sra_s4_q8_o3,fw_nist_csf,CITES,"PR.DS, PR.MA",DTOP-OLD
sra_s4_q8_o3,fw_hph_cpg,CITES,5,DTOP-OLD
sra_s4_q8_o3,fw_hicp,CITES,"TV1 - Practice # 1, 4",DTOP-OLD
sra_s4_q8_o4,fw_hipaa,CITES,§164.312(a)(2)(iv),DTOP-OLD
sra_s4_q8_o4,fw_nist_csf,CITES,"PR.DS, PR.MA",DTOP-OLD
sra_s4_q8_o4,fw_hph_cpg,CITES,5,DTOP-OLD
sra_s4_q8_o4,fw_hicp,CITES,"TV1 - Practice # 1, 4",DTOP-OLD
sra_s4_q9_o1,fw_hipaa,CITES,§164.312(e)(2)(ii),DTOP-OLD
sra_s4_q9_o1,fw_nist_csf,CITES,"PR.AA, PR.IR, PR.DS, PR.PS",DTOP-OLD
sra_s4_q9_o1,fw_hph_cpg,CITES,5,DTOP-OLD
sra_s4_q9_o1,fw_hicp,CITES,"TV1 - Practice # 1, 4",DTOP-OLD
sra_s4_q9_o2,fw_hipaa,CITES,§164.312(e)(2)(ii),DTOP-OLD
sra_s4_q9_o2,fw_nist_csf,CITES,"PR.AA, PR.IR, PR.DS, PR.PS",DTOP-OLD
sra_s4_q9_o2,fw_hph_cpg,CITES,5,DTOP-OLD
sra_s4_q9_o2,fw_hicp,CITES,"TV1 - Practice # 1, 4",DTOP-OLD
sra_s4_q9_o3,fw_hipaa,CITES,§164.312(e)(2)(ii),DTOP-OLD
sra_s4_q9_o3,fw_nist_csf,CITES,"PR.AA, PR.IR, PR.DS, PR.PS",DTOP-OLD
sra_s4_q9_o3,fw_hph_cpg,CITES,5,DTOP-OLD
sra_s4_q9_o3,fw_hicp,CITES,"TV1 - Practice # 1, 4",DTOP-OLD
sra_s4_q9_o4,fw_hipaa,CITES,§164.312(e)(2)(ii),DTOP-OLD
sra_s4_q9_o4,fw_nist_csf,CITES,"PR.AA, PR.IR, PR.DS, PR.PS",DTOP-OLD
sra_s4_q9_o4,fw_hph_cpg,CITES,5,DTOP-OLD
sra_s4_q9_o4,fw_hicp,CITES,"TV1 - Practice # 1, 4",DTOP-OLD
sra_s4_q9_o5,fw_hipaa,CITES,§164.312(e)(2)(ii),DTOP-OLD
sra_s4_q9_o5,fw_nist_csf,CITES,"PR.AA, PR.IR, PR.DS, PR.PS",DTOP-OLD
sra_s4_q9_o5,fw_hph_cpg,CITES,5,DTOP-OLD
sra_s4_q9_o5,fw_hicp,CITES,"TV1 - Practice # 1, 4",DTOP-OLD
sra_s4_q10_o1,fw_hipaa,CITES,N/A,DTOP-OLD
sra_s4_q10_o1,fw_nist_csf,CITES,"GV.RR, GV.PO, GV.OV, PR.DS, PR.PS, ID.RA",DTOP-OLD
sra_s4_q10_o1,fw_hph_cpg,CITES,5,DTOP-OLD
sra_s4_q10_o1,fw_hicp,CITES,TV1 - Practice # 2,DTOP-OLD
sra_s4_q10_o2,fw_hipaa,CITES,N/A,DTOP-OLD
sra_s4_q10_o2,fw_nist_csf,CITES,"GV.RR, GV.PO, GV.OV, PR.DS, PR.PS, ID.RA",DTOP-OLD
sra_s4_q10_o2,fw_hph_cpg,CITES,5,DTOP-OLD
sra_s4_q10_o2,fw_hicp,CITES,TV1 - Practice # 2,DTOP-OLD
sra_s4_q10_o3,fw_hipaa,CITES,N/A,DTOP-OLD
sra_s4_q10_o3,fw_nist_csf,CITES,"GV.RR, GV.PO, GV.OV, PR.DS, PR.PS, ID.RA",DTOP-OLD
sra_s4_q10_o3,fw_hph_cpg,CITES,5,DTOP-OLD
sra_s4_q10_o3,fw_hicp,CITES,TV1 - Practice # 2,DTOP-OLD
sra_s4_q10_o4,fw_hipaa,CITES,N/A,DTOP-OLD
sra_s4_q10_o4,fw_nist_csf,CITES,"GV.RR, GV.PO, GV.OV, PR.DS, PR.PS, ID.RA",DTOP-OLD
sra_s4_q10_o4,fw_hph_cpg,CITES,5,DTOP-OLD
sra_s4_q10_o4,fw_hicp,CITES,TV1 - Practice # 2,DTOP-OLD
sra_s4_q11_o1,fw_hipaa,CITES,N/A,DTOP-OLD
sra_s4_q11_o1,fw_nist_csf,CITES,PR.DS,DTOP-OLD
sra_s4_q11_o1,fw_hph_cpg,CITES,5,DTOP-OLD
sra_s4_q11_o1,fw_hicp,CITES,TV1 - Practice # 2,DTOP-OLD
sra_s4_q11_o2,fw_hipaa,CITES,N/A,DTOP-OLD
sra_s4_q11_o2,fw_nist_csf,CITES,PR.DS,DTOP-OLD
sra_s4_q11_o2,fw_hph_cpg,CITES,5,DTOP-OLD
sra_s4_q11_o2,fw_hicp,CITES,TV1 - Practice # 2,DTOP-OLD
sra_s4_q11_o3,fw_hipaa,CITES,N/A,DTOP-OLD
sra_s4_q11_o3,fw_nist_csf,CITES,PR.DS,DTOP-OLD
sra_s4_q11_o3,fw_hph_cpg,CITES,5,DTOP-OLD
sra_s4_q11_o3,fw_hicp,CITES,TV1 - Practice # 2,DTOP-OLD
sra_s4_q12_o1,fw_hipaa,CITES,§164.312(e)(2)(ii),DTOP-OLD
sra_s4_q12_o1,fw_nist_csf,CITES,"PR.AA, PR.IR, PR.DS, DE.CM, ID.RA, GV.RM",DTOP-OLD
sra_s4_q12_o1,fw_hph_cpg,CITES,5,DTOP-OLD
sra_s4_q12_o1,fw_hicp,CITES,TV1 - Practice # 2,DTOP-OLD
sra_s4_q12_o2,fw_hipaa,CITES,§164.312(e)(2)(ii),DTOP-OLD
sra_s4_q12_o2,fw_nist_csf,CITES,"PR.AA, PR.IR, PR.DS, DE.CM, ID.RA, GV.RM",DTOP-OLD
sra_s4_q12_o2,fw_hph_cpg,CITES,5,DTOP-OLD
sra_s4_q12_o2,fw_hicp,CITES,TV1 - Practice # 2,DTOP-OLD
sra_s4_q12_o3,fw_hipaa,CITES,§164.312(e)(2)(ii),DTOP-OLD
sra_s4_q12_o3,fw_nist_csf,CITES,"PR.AA, PR.IR, PR.DS, DE.CM, ID.RA, GV.RM",DTOP-OLD
sra_s4_q12_o3,fw_hph_cpg,CITES,5,DTOP-OLD
sra_s4_q12_o3,fw_hicp,CITES,TV1 - Practice # 2,DTOP-OLD
sra_s4_q12_o4,fw_hipaa,CITES,§164.312(e)(2)(ii),DTOP-OLD
sra_s4_q12_o4,fw_nist_csf,CITES,"PR.AA, PR.IR, PR.DS, DE.CM, ID.RA, GV.RM",DTOP-OLD
sra_s4_q12_o4,fw_hph_cpg,CITES,5,DTOP-OLD
sra_s4_q12_o4,fw_hicp,CITES,TV1 - Practice # 2,DTOP-OLD
sra_s4_q13_o1,fw_hipaa,CITES,§164.312(e)(2)(ii),DTOP-OLD
sra_s4_q13_o1,fw_nist_csf,CITES,N/A,DTOP-OLD
sra_s4_q13_o1,fw_hph_cpg,CITES,5,DTOP-OLD
sra_s4_q13_o1,fw_hicp,CITES,TV1 - Practice # 1,DTOP-OLD
sra_s4_q13_o2,fw_hipaa,CITES,§164.312(e)(2)(ii),DTOP-OLD
sra_s4_q13_o2,fw_nist_csf,CITES,N/A,DTOP-OLD
sra_s4_q13_o2,fw_hph_cpg,CITES,5,DTOP-OLD
sra_s4_q13_o2,fw_hicp,CITES,TV1 - Practice # 1,DTOP-OLD
sra_s4_q13_o3,fw_hipaa,CITES,§164.312(e)(2)(ii),DTOP-OLD
sra_s4_q13_o3,fw_nist_csf,CITES,N/A,DTOP-OLD
sra_s4_q13_o3,fw_hph_cpg,CITES,5,DTOP-OLD
sra_s4_q13_o3,fw_hicp,CITES,TV1 - Practice # 1,DTOP-OLD
sra_s4_q13_o4,fw_hipaa,CITES,§164.312(e)(2)(ii),DTOP-OLD
sra_s4_q13_o4,fw_nist_csf,CITES,N/A,DTOP-OLD
sra_s4_q13_o4,fw_hph_cpg,CITES,5,DTOP-OLD
sra_s4_q13_o4,fw_hicp,CITES,TV1 - Practice # 1,DTOP-OLD
sra_s4_q13_o5,fw_hipaa,CITES,§164.312(e)(2)(ii),DTOP-OLD
sra_s4_q13_o5,fw_nist_csf,CITES,N/A,DTOP-OLD
sra_s4_q13_o5,fw_hph_cpg,CITES,5,DTOP-OLD
sra_s4_q13_o5,fw_hicp,CITES,TV1 - Practice # 1,DTOP-OLD
sra_s4_q14_o1,fw_hipaa,CITES,§164.312(e)(2)(ii),DTOP-OLD
sra_s4_q14_o1,fw_nist_csf,CITES,N/A,DTOP-OLD
sra_s4_q14_o1,fw_hph_cpg,CITES,5,DTOP-OLD
sra_s4_q14_o1,fw_hicp,CITES,"TV1 - Practice # 1, 4",DTOP-OLD
sra_s4_q14_o2,fw_hipaa,CITES,§164.312(e)(2)(ii),DTOP-OLD
sra_s4_q14_o2,fw_nist_csf,CITES,N/A,DTOP-OLD
sra_s4_q14_o2,fw_hph_cpg,CITES,5,DTOP-OLD
sra_s4_q14_o2,fw_hicp,CITES,"TV1 - Practice # 1, 4",DTOP-OLD
sra_s4_q14_o3,fw_hipaa,CITES,§164.312(e)(2)(ii),DTOP-OLD
sra_s4_q14_o3,fw_nist_csf,CITES,N/A,DTOP-OLD
sra_s4_q14_o3,fw_hph_cpg,CITES,5,DTOP-OLD
sra_s4_q14_o3,fw_hicp,CITES,"TV1 - Practice # 1, 4",DTOP-OLD
sra_s4_q14_o4,fw_hipaa,CITES,§164.312(e)(2)(ii),DTOP-OLD
sra_s4_q14_o4,fw_nist_csf,CITES,N/A,DTOP-OLD
sra_s4_q14_o4,fw_hph_cpg,CITES,5,DTOP-OLD
sra_s4_q14_o4,fw_hicp,CITES,"TV1 - Practice # 1, 4",DTOP-OLD
sra_s4_q15_o1,fw_hipaa,CITES,§164.312(a)(1),DTOP-OLD
sra_s4_q15_o1,fw_nist_csf,CITES,"PR.AA, PR.IR, PR.DS, ID.RA, PR.PS, DE.CM",DTOP-OLD
sra_s4_q15_o1,fw_hph_cpg,CITES,"1, 16, 18, 20",DTOP-OLD
sra_s4_q15_o1,fw_hicp,CITES,"TV1 - Practice # 2, 7",DTOP-OLD
sra_s4_q15_o2,fw_hipaa,CITES,§164.312(a)(1),DTOP-OLD
sra_s4_q15_o2,fw_nist_csf,CITES,"PR.AA, PR.IR, PR.DS, ID.RA, PR.PS, DE.CM",DTOP-OLD
sra_s4_q15_o2,fw_hph_cpg,CITES,"1, 16, 18, 20",DTOP-OLD
sra_s4_q15_o2,fw_hicp,CITES,"TV1 - Practice # 2, 7",DTOP-OLD
sra_s4_q15_o3,fw_hipaa,CITES,§164.312(a)(1),DTOP-OLD
sra_s4_q15_o3,fw_nist_csf,CITES,"PR.AA, PR.IR, PR.DS, ID.RA, PR.PS, DE.CM",DTOP-OLD
sra_s4_q15_o3,fw_hph_cpg,CITES,"1, 16, 18, 20",DTOP-OLD
sra_s4_q15_o3,fw_hicp,CITES,"TV1 - Practice # 2, 7",DTOP-OLD
sra_s4_q16_o1,fw_hipaa,CITES,§164.312(a)(1),DTOP-OLD
sra_s4_q16_o1,fw_nist_csf,CITES,"PR.AA, PR.IR, PR.DS, PR.PS, ID.RA, PR.MA, DE.CM",DTOP-OLD
sra_s4_q16_o1,fw_hph_cpg,CITES,"1, 18, 20",DTOP-OLD
sra_s4_q16_o1,fw_hicp,CITES,TV1 - Practice # 7,DTOP-OLD
sra_s4_q16_o2,fw_hipaa,CITES,§164.312(a)(1),DTOP-OLD
sra_s4_q16_o2,fw_nist_csf,CITES,"PR.AA, PR.IR, PR.DS, PR.PS, ID.RA, PR.MA, DE.CM",DTOP-OLD
sra_s4_q16_o2,fw_hph_cpg,CITES,"1, 18, 20",DTOP-OLD
sra_s4_q16_o2,fw_hicp,CITES,TV1 - Practice # 7,DTOP-OLD
sra_s4_q16_o3,fw_hipaa,CITES,§164.312(a)(1),DTOP-OLD
sra_s4_q16_o3,fw_nist_csf,CITES,"PR.AA, PR.IR, PR.DS, PR.PS, ID.RA, PR.MA, DE.CM",DTOP-OLD
sra_s4_q16_o3,fw_hph_cpg,CITES,"1, 18, 20",DTOP-OLD
sra_s4_q16_o3,fw_hicp,CITES,TV1 - Practice # 7,DTOP-OLD
sra_s4_q16_o4,fw_hipaa,CITES,§164.312(a)(1),DTOP-OLD
sra_s4_q16_o4,fw_nist_csf,CITES,"PR.AA, PR.IR, PR.DS, PR.PS, ID.RA, PR.MA, DE.CM",DTOP-OLD
sra_s4_q16_o4,fw_hph_cpg,CITES,"1, 18, 20",DTOP-OLD
sra_s4_q16_o4,fw_hicp,CITES,TV1 - Practice # 7,DTOP-OLD
sra_s4_q17_o1,fw_hipaa,CITES,§164.312(b),DTOP-OLD
sra_s4_q17_o1,fw_nist_csf,CITES,"PR.DS, DE.CM",DTOP-OLD
sra_s4_q17_o1,fw_hph_cpg,CITES,"14, 15, 16, 18, 20",DTOP-OLD
sra_s4_q17_o1,fw_hicp,CITES,TV1 - Practice # 3,DTOP-OLD
sra_s4_q17_o2,fw_hipaa,CITES,§164.312(b),DTOP-OLD
sra_s4_q17_o2,fw_nist_csf,CITES,"PR.DS, DE.CM",DTOP-OLD
sra_s4_q17_o2,fw_hph_cpg,CITES,"14, 15, 16, 18, 20",DTOP-OLD
sra_s4_q17_o2,fw_hicp,CITES,TV1 - Practice # 3,DTOP-OLD
sra_s4_q17_o3,fw_hipaa,CITES,§164.312(b),DTOP-OLD
sra_s4_q17_o3,fw_nist_csf,CITES,"PR.DS, DE.CM",DTOP-OLD
sra_s4_q17_o3,fw_hph_cpg,CITES,"14, 15, 16, 18, 20",DTOP-OLD
sra_s4_q17_o3,fw_hicp,CITES,TV1 - Practice # 3,DTOP-OLD
sra_s4_q18_o1,fw_hipaa,CITES,§164.312(b),DTOP-OLD
sra_s4_q18_o1,fw_nist_csf,CITES,"PR.DS, PR.MA, DE.AE, DE.CM, RS.AN",DTOP-OLD
sra_s4_q18_o1,fw_hph_cpg,CITES,"14, 15, 16, 18, 20",DTOP-OLD
sra_s4_q18_o1,fw_hicp,CITES,TV1 - Practice # 3,DTOP-OLD
sra_s4_q18_o2,fw_hipaa,CITES,§164.312(b),DTOP-OLD
sra_s4_q18_o2,fw_nist_csf,CITES,"PR.DS, PR.MA, DE.AE, DE.CM, RS.AN",DTOP-OLD
sra_s4_q18_o2,fw_hph_cpg,CITES,"14, 15, 16, 18, 20",DTOP-OLD
sra_s4_q18_o2,fw_hicp,CITES,TV1 - Practice # 3,DTOP-OLD
sra_s4_q18_o3,fw_hipaa,CITES,§164.312(b),DTOP-OLD
sra_s4_q18_o3,fw_nist_csf,CITES,"PR.DS, PR.MA, DE.AE, DE.CM, RS.AN",DTOP-OLD
sra_s4_q18_o3,fw_hph_cpg,CITES,"14, 15, 16, 18, 20",DTOP-OLD
sra_s4_q18_o3,fw_hicp,CITES,TV1 - Practice # 3,DTOP-OLD
sra_s4_q18_o4,fw_hipaa,CITES,§164.312(b),DTOP-OLD
sra_s4_q18_o4,fw_nist_csf,CITES,"PR.DS, PR.MA, DE.AE, DE.CM, RS.AN",DTOP-OLD
sra_s4_q18_o4,fw_hph_cpg,CITES,"14, 15, 16, 18, 20",DTOP-OLD
sra_s4_q18_o4,fw_hicp,CITES,TV1 - Practice # 3,DTOP-OLD
sra_s4_q18_o5,fw_hipaa,CITES,§164.312(b),DTOP-OLD
sra_s4_q18_o5,fw_nist_csf,CITES,"PR.DS, PR.MA, DE.AE, DE.CM, RS.AN",DTOP-OLD
sra_s4_q18_o5,fw_hph_cpg,CITES,"14, 15, 16, 18, 20",DTOP-OLD
sra_s4_q18_o5,fw_hicp,CITES,TV1 - Practice # 3,DTOP-OLD
sra_s4_q18_o6,fw_hipaa,CITES,§164.312(b),DTOP-OLD
sra_s4_q18_o6,fw_nist_csf,CITES,"PR.DS, PR.MA, DE.AE, DE.CM, RS.AN",DTOP-OLD
sra_s4_q18_o6,fw_hph_cpg,CITES,"14, 15, 16, 18, 20",DTOP-OLD
sra_s4_q18_o6,fw_hicp,CITES,TV1 - Practice # 3,DTOP-OLD
sra_s4_q18_o7,fw_hipaa,CITES,§164.312(b),DTOP-OLD
sra_s4_q18_o7,fw_nist_csf,CITES,"PR.DS, PR.MA, DE.AE, DE.CM, RS.AN",DTOP-OLD
sra_s4_q18_o7,fw_hph_cpg,CITES,"14, 15, 16, 18, 20",DTOP-OLD
sra_s4_q18_o7,fw_hicp,CITES,TV1 - Practice # 3,DTOP-OLD
sra_s4_q19_o1,fw_hipaa,CITES,§164.308(a)(1)(ii)(D),DTOP-OLD
sra_s4_q19_o1,fw_nist_csf,CITES,"ID.RA, PR.DS, PR.MA, DE.AE, DE.CM, RS.AN",DTOP-OLD
sra_s4_q19_o1,fw_hph_cpg,CITES,"14, 15, 16, 18, 20",DTOP-OLD
sra_s4_q19_o1,fw_hicp,CITES,TV1 - Practice # 3,DTOP-OLD
sra_s4_q19_o2,fw_hipaa,CITES,§164.308(a)(1)(ii)(D),DTOP-OLD
sra_s4_q19_o2,fw_nist_csf,CITES,"ID.RA, PR.DS, PR.MA, DE.AE, DE.CM, RS.AN",DTOP-OLD
sra_s4_q19_o2,fw_hph_cpg,CITES,"14, 15, 16, 18, 20",DTOP-OLD
sra_s4_q19_o2,fw_hicp,CITES,TV1 - Practice # 3,DTOP-OLD
sra_s4_q19_o3,fw_hipaa,CITES,§164.308(a)(1)(ii)(D),DTOP-OLD
sra_s4_q19_o3,fw_nist_csf,CITES,"ID.RA, PR.DS, PR.MA, DE.AE, DE.CM, RS.AN",DTOP-OLD
sra_s4_q19_o3,fw_hph_cpg,CITES,"14, 15, 16, 18, 20",DTOP-OLD
sra_s4_q19_o3,fw_hicp,CITES,TV1 - Practice # 3,DTOP-OLD
sra_s4_q19_o4,fw_hipaa,CITES,§164.308(a)(1)(ii)(D),DTOP-OLD
sra_s4_q19_o4,fw_nist_csf,CITES,"ID.RA, PR.DS, PR.MA, DE.AE, DE.CM, RS.AN",DTOP-OLD
sra_s4_q19_o4,fw_hph_cpg,CITES,"14, 15, 16, 18, 20",DTOP-OLD
sra_s4_q19_o4,fw_hicp,CITES,TV1 - Practice # 3,DTOP-OLD
sra_s4_q20_o1,fw_hipaa,CITES,§164.312(a)(2)(iii),DTOP-OLD
sra_s4_q20_o1,fw_nist_csf,CITES,"PR.AA, PR.IR, PR.DS",DTOP-OLD
sra_s4_q20_o1,fw_hph_cpg,CITES,11,DTOP-OLD
sra_s4_q20_o1,fw_hicp,CITES,TV1 - Practice # 3,DTOP-OLD
sra_s4_q20_o2,fw_hipaa,CITES,§164.312(a)(2)(iii),DTOP-OLD
sra_s4_q20_o2,fw_nist_csf,CITES,"PR.AA, PR.IR, PR.DS",DTOP-OLD
sra_s4_q20_o2,fw_hph_cpg,CITES,11,DTOP-OLD
sra_s4_q20_o2,fw_hicp,CITES,TV1 - Practice # 3,DTOP-OLD
sra_s4_q20_o3,fw_hipaa,CITES,§164.312(a)(2)(iii),DTOP-OLD
sra_s4_q20_o3,fw_nist_csf,CITES,"PR.AA, PR.IR, PR.DS",DTOP-OLD
sra_s4_q20_o3,fw_hph_cpg,CITES,11,DTOP-OLD
sra_s4_q20_o3,fw_hicp,CITES,TV1 - Practice # 3,DTOP-OLD
sra_s4_q20_o4,fw_hipaa,CITES,§164.312(a)(2)(iii),DTOP-OLD
sra_s4_q20_o4,fw_nist_csf,CITES,"PR.AA, PR.IR, PR.DS",DTOP-OLD
sra_s4_q20_o4,fw_hph_cpg,CITES,11,DTOP-OLD
sra_s4_q20_o4,fw_hicp,CITES,TV1 - Practice # 3,DTOP-OLD
sra_s4_q21_o1,fw_hipaa,CITES,§164.312(d),DTOP-OLD
sra_s4_q21_o1,fw_nist_csf,CITES,"PR.AA, PR.IR, PR.DS, PR.MA, DE.CM",DTOP-OLD
sra_s4_q21_o1,fw_hph_cpg,CITES,"3, 8",DTOP-OLD
sra_s4_q21_o1,fw_hicp,CITES,TV1 - Practice # 3,DTOP-OLD
sra_s4_q21_o2,fw_hipaa,CITES,§164.312(d),DTOP-OLD
sra_s4_q21_o2,fw_nist_csf,CITES,"PR.AA, PR.IR, PR.DS, PR.MA, DE.CM",DTOP-OLD
sra_s4_q21_o2,fw_hph_cpg,CITES,"3, 8",DTOP-OLD
sra_s4_q21_o2,fw_hicp,CITES,TV1 - Practice # 3,DTOP-OLD
sra_s4_q21_o3,fw_hipaa,CITES,§164.312(d),DTOP-OLD
sra_s4_q21_o3,fw_nist_csf,CITES,"PR.AA, PR.IR, PR.DS, PR.MA, DE.CM",DTOP-OLD
sra_s4_q21_o3,fw_hph_cpg,CITES,"3, 8",DTOP-OLD
sra_s4_q21_o3,fw_hicp,CITES,TV1 - Practice # 3,DTOP-OLD
sra_s4_q22_o1,fw_hipaa,CITES,§164.312(d),DTOP-OLD
sra_s4_q22_o1,fw_nist_csf,CITES,"PR.AA, PR.IR, PR.DS, PR.MA, DE.CM",DTOP-OLD
sra_s4_q22_o1,fw_hph_cpg,CITES,"3, 8",DTOP-OLD
sra_s4_q22_o1,fw_hicp,CITES,TV1 - Practice # 3,DTOP-OLD
sra_s4_q22_o2,fw_hipaa,CITES,§164.312(d),DTOP-OLD
sra_s4_q22_o2,fw_nist_csf,CITES,"PR.AA, PR.IR, PR.DS, PR.MA, DE.CM",DTOP-OLD
sra_s4_q22_o2,fw_hph_cpg,CITES,"3, 8",DTOP-OLD
sra_s4_q22_o2,fw_hicp,CITES,TV1 - Practice # 3,DTOP-OLD
sra_s4_q22_o3,fw_hipaa,CITES,§164.312(d),DTOP-OLD
sra_s4_q22_o3,fw_nist_csf,CITES,"PR.AA, PR.IR, PR.DS, PR.MA, DE.CM",DTOP-OLD
sra_s4_q22_o3,fw_hph_cpg,CITES,"3, 8",DTOP-OLD
sra_s4_q22_o3,fw_hicp,CITES,TV1 - Practice # 3,DTOP-OLD
sra_s4_q22_o4,fw_hipaa,CITES,§164.312(d),DTOP-OLD
sra_s4_q22_o4,fw_nist_csf,CITES,"PR.AA, PR.IR, PR.DS, PR.MA, DE.CM",DTOP-OLD
sra_s4_q22_o4,fw_hph_cpg,CITES,"3, 8",DTOP-OLD
sra_s4_q22_o4,fw_hicp,CITES,TV1 - Practice # 3,DTOP-OLD
sra_s4_q23_o1,fw_hipaa,CITES,§164.312(d),DTOP-OLD
sra_s4_q23_o1,fw_nist_csf,CITES,"PR.AA, PR.IR, PR.DS, PR.MA, DE.CM, PR.PS",DTOP-OLD
sra_s4_q23_o1,fw_hph_cpg,CITES,"3, 8",DTOP-OLD
sra_s4_q23_o1,fw_hicp,CITES,TV1 - Practice # 3,DTOP-OLD
sra_s4_q23_o2,fw_hipaa,CITES,§164.312(d),DTOP-OLD
sra_s4_q23_o2,fw_nist_csf,CITES,"PR.AA, PR.IR, PR.DS, PR.MA, DE.CM, PR.PS",DTOP-OLD
sra_s4_q23_o2,fw_hph_cpg,CITES,"3, 8",DTOP-OLD
sra_s4_q23_o2,fw_hicp,CITES,TV1 - Practice # 3,DTOP-OLD
sra_s4_q23_o3,fw_hipaa,CITES,§164.312(d),DTOP-OLD
sra_s4_q23_o3,fw_nist_csf,CITES,"PR.AA, PR.IR, PR.DS, PR.MA, DE.CM, PR.PS",DTOP-OLD
sra_s4_q23_o3,fw_hph_cpg,CITES,"3, 8",DTOP-OLD
sra_s4_q23_o3,fw_hicp,CITES,TV1 - Practice # 3,DTOP-OLD
sra_s4_q23_o4,fw_hipaa,CITES,§164.312(d),DTOP-OLD
sra_s4_q23_o4,fw_nist_csf,CITES,"PR.AA, PR.IR, PR.DS, PR.MA, DE.CM, PR.PS",DTOP-OLD
sra_s4_q23_o4,fw_hph_cpg,CITES,"3, 8",DTOP-OLD
sra_s4_q23_o4,fw_hicp,CITES,TV1 - Practice # 3,DTOP-OLD
sra_s4_q24_o1,fw_hipaa,CITES,§164.312(c)(1),DTOP-OLD
sra_s4_q24_o1,fw_nist_csf,CITES,PR.DS,DTOP-OLD
sra_s4_q24_o1,fw_hph_cpg,CITES,N/A,DTOP-OLD
sra_s4_q24_o1,fw_hicp,CITES,TV1 - Practice # 4,DTOP-OLD
sra_s4_q24_o2,fw_hipaa,CITES,§164.312(c)(1),DTOP-OLD
sra_s4_q24_o2,fw_nist_csf,CITES,PR.DS,DTOP-OLD
sra_s4_q24_o2,fw_hph_cpg,CITES,N/A,DTOP-OLD
sra_s4_q24_o2,fw_hicp,CITES,TV1 - Practice # 4,DTOP-OLD
sra_s4_q24_o3,fw_hipaa,CITES,§164.312(c)(1),DTOP-OLD
sra_s4_q24_o3,fw_nist_csf,CITES,PR.DS,DTOP-OLD
sra_s4_q24_o3,fw_hph_cpg,CITES,N/A,DTOP-OLD
sra_s4_q24_o3,fw_hicp,CITES,TV1 - Practice # 4,DTOP-OLD
sra_s4_q25_o1,fw_hipaa,CITES,§164.312(c)(2),DTOP-OLD
sra_s4_q25_o1,fw_nist_csf,CITES,"PR.DS, DE.CM, DE.AE",DTOP-OLD
sra_s4_q25_o1,fw_hph_cpg,CITES,"16, 17, 18",DTOP-OLD
sra_s4_q25_o1,fw_hicp,CITES,TV1 - Practice # 4,DTOP-OLD
sra_s4_q25_o2,fw_hipaa,CITES,§164.312(c)(2),DTOP-OLD
sra_s4_q25_o2,fw_nist_csf,CITES,"PR.DS, DE.CM, DE.AE",DTOP-OLD
sra_s4_q25_o2,fw_hph_cpg,CITES,"16, 17, 18",DTOP-OLD
sra_s4_q25_o2,fw_hicp,CITES,TV1 - Practice # 4,DTOP-OLD
sra_s4_q25_o3,fw_hipaa,CITES,§164.312(c)(2),DTOP-OLD
sra_s4_q25_o3,fw_nist_csf,CITES,"PR.DS, DE.CM, DE.AE",DTOP-OLD
sra_s4_q25_o3,fw_hph_cpg,CITES,"16, 17, 18",DTOP-OLD
sra_s4_q25_o3,fw_hicp,CITES,TV1 - Practice # 4,DTOP-OLD
sra_s4_q26_o1,fw_hipaa,CITES,§164.312(e)(1),DTOP-OLD
sra_s4_q26_o1,fw_nist_csf,CITES,"PR.AA, PR.IR, PR.DS",DTOP-OLD
sra_s4_q26_o1,fw_hph_cpg,CITES,17,DTOP-OLD
sra_s4_q26_o1,fw_hicp,CITES,"TV1 - Practice # 1, 4",DTOP-OLD
sra_s4_q26_o2,fw_hipaa,CITES,§164.312(e)(1),DTOP-OLD
sra_s4_q26_o2,fw_nist_csf,CITES,"PR.AA, PR.IR, PR.DS",DTOP-OLD
sra_s4_q26_o2,fw_hph_cpg,CITES,17,DTOP-OLD
sra_s4_q26_o2,fw_hicp,CITES,"TV1 - Practice # 1, 4",DTOP-OLD
sra_s4_q26_o3,fw_hipaa,CITES,§164.312(e)(1),DTOP-OLD
sra_s4_q26_o3,fw_nist_csf,CITES,"PR.AA, PR.IR, PR.DS",DTOP-OLD
sra_s4_q26_o3,fw_hph_cpg,CITES,17,DTOP-OLD
sra_s4_q26_o3,fw_hicp,CITES,"TV1 - Practice # 1, 4",DTOP-OLD
sra_s4_q26_o4,fw_hipaa,CITES,§164.312(e)(1),DTOP-OLD
sra_s4_q26_o4,fw_nist_csf,CITES,"PR.AA, PR.IR, PR.DS",DTOP-OLD
sra_s4_q26_o4,fw_hph_cpg,CITES,17,DTOP-OLD
sra_s4_q26_o4,fw_hicp,CITES,"TV1 - Practice # 1, 4",DTOP-OLD
sra_s4_q27_o1,fw_hipaa,CITES,§164.312(b),DTOP-OLD
sra_s4_q27_o1,fw_nist_csf,CITES,"PR.AA, PR.IR, PR.DS, PR.PS, DE.AE, DE.CM, RS.AN, PR.MA",DTOP-OLD
sra_s4_q27_o1,fw_hph_cpg,CITES,18,DTOP-OLD
sra_s4_q27_o1,fw_hicp,CITES,TV1 - Practice # 3,DTOP-OLD
sra_s4_q27_o2,fw_hipaa,CITES,§164.312(b),DTOP-OLD
sra_s4_q27_o2,fw_nist_csf,CITES,"PR.AA, PR.IR, PR.DS, PR.PS, DE.AE, DE.CM, RS.AN, PR.MA",DTOP-OLD
sra_s4_q27_o2,fw_hph_cpg,CITES,18,DTOP-OLD
sra_s4_q27_o2,fw_hicp,CITES,TV1 - Practice # 3,DTOP-OLD
sra_s4_q27_o3,fw_hipaa,CITES,§164.312(b),DTOP-OLD
sra_s4_q27_o3,fw_nist_csf,CITES,"PR.AA, PR.IR, PR.DS, PR.PS, DE.AE, DE.CM, RS.AN, PR.MA",DTOP-OLD
sra_s4_q27_o3,fw_hph_cpg,CITES,18,DTOP-OLD
sra_s4_q27_o3,fw_hicp,CITES,TV1 - Practice # 3,DTOP-OLD
sra_s4_q27_o4,fw_hipaa,CITES,§164.312(b),DTOP-OLD
sra_s4_q27_o4,fw_nist_csf,CITES,"PR.AA, PR.IR, PR.DS, PR.PS, DE.AE, DE.CM, RS.AN, PR.MA",DTOP-OLD
sra_s4_q27_o4,fw_hph_cpg,CITES,18,DTOP-OLD
sra_s4_q27_o4,fw_hicp,CITES,TV1 - Practice # 3,DTOP-OLD
sra_s4_q28_o1,fw_hipaa,CITES,N/A,DTOP-OLD
sra_s4_q28_o1,fw_nist_csf,CITES,GV.OC,DTOP-OLD
sra_s4_q28_o1,fw_hph_cpg,CITES,"14, 15",DTOP-OLD
sra_s4_q28_o1,fw_hicp,CITES,N/A,DTOP-OLD
sra_s4_q28_o2,fw_hipaa,CITES,N/A,DTOP-OLD
sra_s4_q28_o2,fw_nist_csf,CITES,GV.OC,DTOP-OLD
sra_s4_q28_o2,fw_hph_cpg,CITES,"14, 15",DTOP-OLD
sra_s4_q28_o2,fw_hicp,CITES,N/A,DTOP-OLD
sra_s4_q28_o3,fw_hipaa,CITES,N/A,DTOP-OLD
sra_s4_q28_o3,fw_nist_csf,CITES,GV.OC,DTOP-OLD
sra_s4_q28_o3,fw_hph_cpg,CITES,"14, 15",DTOP-OLD
sra_s4_q28_o3,fw_hicp,CITES,N/A,DTOP-OLD
sra_s4_q29_o1,fw_hipaa,CITES,N/A,DTOP-OLD
sra_s4_q29_o1,fw_nist_csf,CITES,GV.OC,DTOP-OLD
sra_s4_q29_o1,fw_hph_cpg,CITES,1,DTOP-OLD
sra_s4_q29_o1,fw_hicp,CITES,N/A,DTOP-OLD
sra_s4_q29_o2,fw_hipaa,CITES,N/A,DTOP-OLD
sra_s4_q29_o2,fw_nist_csf,CITES,GV.OC,DTOP-OLD
sra_s4_q29_o2,fw_hph_cpg,CITES,1,DTOP-OLD
sra_s4_q29_o2,fw_hicp,CITES,N/A,DTOP-OLD
sra_s4_q29_o3,fw_hipaa,CITES,N/A,DTOP-OLD
sra_s4_q29_o3,fw_nist_csf,CITES,GV.OC,DTOP-OLD
sra_s4_q29_o3,fw_hph_cpg,CITES,1,DTOP-OLD
sra_s4_q29_o3,fw_hicp,CITES,N/A,DTOP-OLD
sra_s4_q30_o1,fw_hipaa,CITES,N/A,DTOP-OLD
sra_s4_q30_o1,fw_nist_csf,CITES,GV.OC,DTOP-OLD
sra_s4_q30_o1,fw_hph_cpg,CITES,16,DTOP-OLD
sra_s4_q30_o1,fw_hicp,CITES,N/A,DTOP-OLD
sra_s4_q30_o2,fw_hipaa,CITES,N/A,DTOP-OLD
sra_s4_q30_o2,fw_nist_csf,CITES,GV.OC,DTOP-OLD
sra_s4_q30_o2,fw_hph_cpg,CITES,16,DTOP-OLD
sra_s4_q30_o2,fw_hicp,CITES,N/A,DTOP-OLD
sra_s4_q30_o3,fw_hipaa,CITES,N/A,DTOP-OLD
sra_s4_q30_o3,fw_nist_csf,CITES,GV.OC,DTOP-OLD
sra_s4_q30_o3,fw_hph_cpg,CITES,16,DTOP-OLD
sra_s4_q30_o3,fw_hicp,CITES,N/A,DTOP-OLD
sra_s5_q1_o1,fw_hipaa,CITES,§164.310(a)(1),DTOP-OLD
sra_s5_q1_o1,fw_nist_csf,CITES,"ID.RA, PR.AA, PR.IR, DE.CM, PR.PS",DTOP-OLD
sra_s5_q1_o1,fw_hph_cpg,CITES,7,DTOP-OLD
sra_s5_q1_o1,fw_hicp,CITES,TV1 - Practice # 6,DTOP-OLD
sra_s5_q1_o2,fw_hipaa,CITES,§164.310(a)(1),DTOP-OLD
sra_s5_q1_o2,fw_nist_csf,CITES,"ID.RA, PR.AA, PR.IR, DE.CM, PR.PS",DTOP-OLD
sra_s5_q1_o2,fw_hph_cpg,CITES,7,DTOP-OLD
sra_s5_q1_o2,fw_hicp,CITES,TV1 - Practice # 6,DTOP-OLD
sra_s5_q1_o3,fw_hipaa,CITES,§164.310(a)(1),DTOP-OLD
sra_s5_q1_o3,fw_nist_csf,CITES,"ID.RA, PR.AA, PR.IR, DE.CM, PR.PS",DTOP-OLD
sra_s5_q1_o3,fw_hph_cpg,CITES,7,DTOP-OLD
sra_s5_q1_o3,fw_hicp,CITES,TV1 - Practice # 6,DTOP-OLD
sra_s5_q2_o1,fw_hipaa,CITES,§164.310(a)(2)(ii),DTOP-OLD
sra_s5_q2_o1,fw_nist_csf,CITES,"ID.AM, PR.AA, PR.IR, PR.DS, DE.CM",DTOP-OLD
sra_s5_q2_o1,fw_hph_cpg,CITES,"7, 16",DTOP-OLD
sra_s5_q2_o1,fw_hicp,CITES,TV1 - Practice # 6,DTOP-OLD
sra_s5_q2_o2,fw_hipaa,CITES,§164.310(a)(2)(ii),DTOP-OLD
sra_s5_q2_o2,fw_nist_csf,CITES,"ID.AM, PR.AA, PR.IR, PR.DS, DE.CM",DTOP-OLD
sra_s5_q2_o2,fw_hph_cpg,CITES,"7, 16",DTOP-OLD
sra_s5_q2_o2,fw_hicp,CITES,TV1 - Practice # 6,DTOP-OLD
sra_s5_q2_o3,fw_hipaa,CITES,§164.310(a)(2)(ii),DTOP-OLD
sra_s5_q2_o3,fw_nist_csf,CITES,"ID.AM, PR.AA, PR.IR, PR.DS, DE.CM",DTOP-OLD
sra_s5_q2_o3,fw_hph_cpg,CITES,"7, 16",DTOP-OLD
sra_s5_q2_o3,fw_hicp,CITES,TV1 - Practice # 6,DTOP-OLD
sra_s5_q2_o4,fw_hipaa,CITES,§164.310(a)(2)(ii),DTOP-OLD
sra_s5_q2_o4,fw_nist_csf,CITES,"ID.AM, PR.AA, PR.IR, PR.DS, DE.CM",DTOP-OLD
sra_s5_q2_o4,fw_hph_cpg,CITES,"7, 16",DTOP-OLD
sra_s5_q2_o4,fw_hicp,CITES,TV1 - Practice # 6,DTOP-OLD
sra_s5_q2_o5,fw_hipaa,CITES,§164.310(a)(2)(ii),DTOP-OLD
sra_s5_q2_o5,fw_nist_csf,CITES,"ID.AM, PR.AA, PR.IR, PR.DS, DE.CM",DTOP-OLD
sra_s5_q2_o5,fw_hph_cpg,CITES,"7, 16",DTOP-OLD
sra_s5_q2_o5,fw_hicp,CITES,TV1 - Practice # 6,DTOP-OLD
sra_s5_q2_o6,fw_hipaa,CITES,§164.310(a)(2)(ii),DTOP-OLD
sra_s5_q2_o6,fw_nist_csf,CITES,"ID.AM, PR.AA, PR.IR, PR.DS, DE.CM",DTOP-OLD
sra_s5_q2_o6,fw_hph_cpg,CITES,"7, 16",DTOP-OLD
sra_s5_q2_o6,fw_hicp,CITES,TV1 - Practice # 6,DTOP-OLD
sra_s5_q2_o7,fw_hipaa,CITES,§164.310(a)(2)(ii),DTOP-OLD
sra_s5_q2_o7,fw_nist_csf,CITES,"ID.AM, PR.AA, PR.IR, PR.DS, DE.CM",DTOP-OLD
sra_s5_q2_o7,fw_hph_cpg,CITES,"7, 16",DTOP-OLD
sra_s5_q2_o7,fw_hicp,CITES,TV1 - Practice # 6,DTOP-OLD
sra_s5_q2_o8,fw_hipaa,CITES,§164.310(a)(2)(ii),DTOP-OLD
sra_s5_q2_o8,fw_nist_csf,CITES,"ID.AM, PR.AA, PR.IR, PR.DS, DE.CM",DTOP-OLD
sra_s5_q2_o8,fw_hph_cpg,CITES,"7, 16",DTOP-OLD
sra_s5_q2_o8,fw_hicp,CITES,TV1 - Practice # 6,DTOP-OLD
sra_s5_q3_o1,fw_hipaa,CITES,§164.310(a)(1),DTOP-OLD
sra_s5_q3_o1,fw_nist_csf,CITES,"ID.RA, PR.AA, PR.IR, DE.CM, PR.PS",DTOP-OLD
sra_s5_q3_o1,fw_hph_cpg,CITES,"7, 11",DTOP-OLD
sra_s5_q3_o1,fw_hicp,CITES,TV1 - Practice # 6,DTOP-OLD
sra_s5_q3_o2,fw_hipaa,CITES,§164.310(a)(1),DTOP-OLD
sra_s5_q3_o2,fw_nist_csf,CITES,"ID.RA, PR.AA, PR.IR, DE.CM, PR.PS",DTOP-OLD
sra_s5_q3_o2,fw_hph_cpg,CITES,"7, 11",DTOP-OLD
sra_s5_q3_o2,fw_hicp,CITES,TV1 - Practice # 6,DTOP-OLD
sra_s5_q3_o3,fw_hipaa,CITES,§164.310(a)(1),DTOP-OLD
sra_s5_q3_o3,fw_nist_csf,CITES,"ID.RA, PR.AA, PR.IR, DE.CM, PR.PS",DTOP-OLD
sra_s5_q3_o3,fw_hph_cpg,CITES,"7, 11",DTOP-OLD
sra_s5_q3_o3,fw_hicp,CITES,TV1 - Practice # 6,DTOP-OLD
sra_s5_q4_o1,fw_hipaa,CITES,§164.310(b),DTOP-OLD
sra_s5_q4_o1,fw_nist_csf,CITES,"PR.AA, PR.IR, PR.DS, DE.CM, PR.PS",DTOP-OLD
sra_s5_q4_o1,fw_hph_cpg,CITES,"10, 6",DTOP-OLD
sra_s5_q4_o1,fw_hicp,CITES,"TV1 - Practice #4, 6",DTOP-OLD
sra_s5_q4_o2,fw_hipaa,CITES,§164.310(b),DTOP-OLD
sra_s5_q4_o2,fw_nist_csf,CITES,"PR.AA, PR.IR, PR.DS, DE.CM, PR.PS",DTOP-OLD
sra_s5_q4_o2,fw_hph_cpg,CITES,"10, 6",DTOP-OLD
sra_s5_q4_o2,fw_hicp,CITES,"TV1 - Practice #4, 6",DTOP-OLD
sra_s5_q4_o3,fw_hipaa,CITES,§164.310(b),DTOP-OLD
sra_s5_q4_o3,fw_nist_csf,CITES,"PR.AA, PR.IR, PR.DS, DE.CM, PR.PS",DTOP-OLD
sra_s5_q4_o3,fw_hph_cpg,CITES,"10, 6",DTOP-OLD
sra_s5_q4_o3,fw_hicp,CITES,"TV1 - Practice #4, 6",DTOP-OLD
sra_s5_q4_o4,fw_hipaa,CITES,§164.310(b),DTOP-OLD
sra_s5_q4_o4,fw_nist_csf,CITES,"PR.AA, PR.IR, PR.DS, DE.CM, PR.PS",DTOP-OLD
sra_s5_q4_o4,fw_hph_cpg,CITES,"10, 6",DTOP-OLD
sra_s5_q4_o4,fw_hicp,CITES,"TV1 - Practice #4, 6",DTOP-OLD
sra_s5_q5_o1,fw_hipaa,CITES,§164.310(c),DTOP-OLD
sra_s5_q5_o1,fw_nist_csf,CITES,"PR.AA, PR.IR, PR.DS, DE.CM",DTOP-OLD
sra_s5_q5_o1,fw_hph_cpg,CITES,11,DTOP-OLD
sra_s5_q5_o1,fw_hicp,CITES,TV1 - Practice # 6,DTOP-OLD
sra_s5_q5_o2,fw_hipaa,CITES,§164.310(c),DTOP-OLD
sra_s5_q5_o2,fw_nist_csf,CITES,"PR.AA, PR.IR, PR.DS, DE.CM",DTOP-OLD
sra_s5_q5_o2,fw_hph_cpg,CITES,11,DTOP-OLD
sra_s5_q5_o2,fw_hicp,CITES,TV1 - Practice # 6,DTOP-OLD
sra_s5_q5_o3,fw_hipaa,CITES,§164.310(c),DTOP-OLD
sra_s5_q5_o3,fw_nist_csf,CITES,"PR.AA, PR.IR, PR.DS, DE.CM",DTOP-OLD
sra_s5_q5_o3,fw_hph_cpg,CITES,11,DTOP-OLD
sra_s5_q5_o3,fw_hicp,CITES,TV1 - Practice # 6,DTOP-OLD
sra_s5_q5_o4,fw_hipaa,CITES,§164.310(c),DTOP-OLD
sra_s5_q5_o4,fw_nist_csf,CITES,"PR.AA, PR.IR, PR.DS, DE.CM",DTOP-OLD
sra_s5_q5_o4,fw_hph_cpg,CITES,11,DTOP-OLD
sra_s5_q5_o4,fw_hicp,CITES,TV1 - Practice # 6,DTOP-OLD
sra_s5_q6_o1,fw_hipaa,CITES,§164.310(c),DTOP-OLD
sra_s5_q6_o1,fw_nist_csf,CITES,"PR.AA, PR.IR, PR.DS, DE.CM",DTOP-OLD
sra_s5_q6_o1,fw_hph_cpg,CITES,11,DTOP-OLD
sra_s5_q6_o1,fw_hicp,CITES,"TV1 - Practice # 2, 6",DTOP-OLD
sra_s5_q6_o2,fw_hipaa,CITES,§164.310(c),DTOP-OLD
sra_s5_q6_o2,fw_nist_csf,CITES,"PR.AA, PR.IR, PR.DS, DE.CM",DTOP-OLD
sra_s5_q6_o2,fw_hph_cpg,CITES,11,DTOP-OLD
sra_s5_q6_o2,fw_hicp,CITES,"TV1 - Practice # 2, 6",DTOP-OLD
sra_s5_q6_o3,fw_hipaa,CITES,§164.310(c),DTOP-OLD
sra_s5_q6_o3,fw_nist_csf,CITES,"PR.AA, PR.IR, PR.DS, DE.CM",DTOP-OLD
sra_s5_q6_o3,fw_hph_cpg,CITES,11,DTOP-OLD
sra_s5_q6_o3,fw_hicp,CITES,"TV1 - Practice # 2, 6",DTOP-OLD
sra_s5_q6_o4,fw_hipaa,CITES,§164.310(c),DTOP-OLD
sra_s5_q6_o4,fw_nist_csf,CITES,"PR.AA, PR.IR, PR.DS, DE.CM",DTOP-OLD
sra_s5_q6_o4,fw_hph_cpg,CITES,11,DTOP-OLD
sra_s5_q6_o4,fw_hicp,CITES,"TV1 - Practice # 2, 6",DTOP-OLD
sra_s5_q6_o5,fw_hipaa,CITES,§164.310(c),DTOP-OLD
sra_s5_q6_o5,fw_nist_csf,CITES,"PR.AA, PR.IR, PR.DS, DE.CM",DTOP-OLD
sra_s5_q6_o5,fw_hph_cpg,CITES,11,DTOP-OLD
sra_s5_q6_o5,fw_hicp,CITES,"TV1 - Practice # 2, 6",DTOP-OLD
sra_s5_q7_o1,fw_hipaa,CITES,§164.310(b),DTOP-OLD
sra_s5_q7_o1,fw_nist_csf,CITES,"PR.AA, PR.IR, PR.DS, ID.AM",DTOP-OLD
sra_s5_q7_o1,fw_hph_cpg,CITES,11,DTOP-OLD
sra_s5_q7_o1,fw_hicp,CITES,TV1 - Practice # 5,DTOP-OLD
sra_s5_q7_o2,fw_hipaa,CITES,§164.310(b),DTOP-OLD
sra_s5_q7_o2,fw_nist_csf,CITES,"PR.AA, PR.IR, PR.DS, ID.AM",DTOP-OLD
sra_s5_q7_o2,fw_hph_cpg,CITES,11,DTOP-OLD
sra_s5_q7_o2,fw_hicp,CITES,TV1 - Practice # 5,DTOP-OLD
sra_s5_q7_o3,fw_hipaa,CITES,§164.310(b),DTOP-OLD
sra_s5_q7_o3,fw_nist_csf,CITES,"PR.AA, PR.IR, PR.DS, ID.AM",DTOP-OLD
sra_s5_q7_o3,fw_hph_cpg,CITES,11,DTOP-OLD
sra_s5_q7_o3,fw_hicp,CITES,TV1 - Practice # 5,DTOP-OLD
sra_s5_q8_o1,fw_hipaa,CITES,§164.308(a)(3)(ii)(A),DTOP-OLD
sra_s5_q8_o1,fw_nist_csf,CITES,"ID.AM, PR.MA, PR.PS",DTOP-OLD
sra_s5_q8_o1,fw_hph_cpg,CITES,6,DTOP-OLD
sra_s5_q8_o1,fw_hicp,CITES,"TV1 - Practice # 2, 10",DTOP-OLD
sra_s5_q8_o2,fw_hipaa,CITES,§164.308(a)(3)(ii)(A),DTOP-OLD
sra_s5_q8_o2,fw_nist_csf,CITES,"ID.AM, PR.MA, PR.PS",DTOP-OLD
sra_s5_q8_o2,fw_hph_cpg,CITES,6,DTOP-OLD
sra_s5_q8_o2,fw_hicp,CITES,"TV1 - Practice # 2, 10",DTOP-OLD
sra_s5_q8_o3,fw_hipaa,CITES,§164.308(a)(3)(ii)(A),DTOP-OLD
sra_s5_q8_o3,fw_nist_csf,CITES,"ID.AM, PR.MA, PR.PS",DTOP-OLD
sra_s5_q8_o3,fw_hph_cpg,CITES,6,DTOP-OLD
sra_s5_q8_o3,fw_hicp,CITES,"TV1 - Practice # 2, 10",DTOP-OLD
sra_s5_q8_o4,fw_hipaa,CITES,§164.308(a)(3)(ii)(A),DTOP-OLD
sra_s5_q8_o4,fw_nist_csf,CITES,"ID.AM, PR.MA, PR.PS",DTOP-OLD
sra_s5_q8_o4,fw_hph_cpg,CITES,6,DTOP-OLD
sra_s5_q8_o4,fw_hicp,CITES,"TV1 - Practice # 2, 10",DTOP-OLD
sra_s5_q9_o1,fw_hipaa,CITES,§164.310(a)(2)(iii),DTOP-OLD
sra_s5_q9_o1,fw_nist_csf,CITES,"ID.RA, PR.AA, PR.IR, PR.DS, DE.CM, DE.CP, PR.PS",DTOP-OLD
sra_s5_q9_o1,fw_hph_cpg,CITES,6,DTOP-OLD
sra_s5_q9_o1,fw_hicp,CITES,TV1 - Practice # 6,DTOP-OLD
sra_s5_q9_o2,fw_hipaa,CITES,§164.310(a)(2)(iii),DTOP-OLD
sra_s5_q9_o2,fw_nist_csf,CITES,"ID.RA, PR.AA, PR.IR, PR.DS, DE.CM, DE.CP, PR.PS",DTOP-OLD
sra_s5_q9_o2,fw_hph_cpg,CITES,6,DTOP-OLD
sra_s5_q9_o2,fw_hicp,CITES,TV1 - Practice # 6,DTOP-OLD
sra_s5_q9_o3,fw_hipaa,CITES,§164.310(a)(2)(iii),DTOP-OLD
sra_s5_q9_o3,fw_nist_csf,CITES,"ID.RA, PR.AA, PR.IR, PR.DS, DE.CM, DE.CP, PR.PS",DTOP-OLD
sra_s5_q9_o3,fw_hph_cpg,CITES,6,DTOP-OLD
sra_s5_q9_o3,fw_hicp,CITES,TV1 - Practice # 6,DTOP-OLD
sra_s5_q9_o4,fw_hipaa,CITES,§164.310(a)(2)(iii),DTOP-OLD
sra_s5_q9_o4,fw_nist_csf,CITES,"ID.RA, PR.AA, PR.IR, PR.DS, DE.CM, DE.CP, PR.PS",DTOP-OLD
sra_s5_q9_o4,fw_hph_cpg,CITES,6,DTOP-OLD
sra_s5_q9_o4,fw_hicp,CITES,TV1 - Practice # 6,DTOP-OLD
sra_s5_q9_o5,fw_hipaa,CITES,§164.310(a)(2)(iii),DTOP-OLD
sra_s5_q9_o5,fw_nist_csf,CITES,"ID.RA, PR.AA, PR.IR, PR.DS, DE.CM, DE.CP, PR.PS",DTOP-OLD
sra_s5_q9_o5,fw_hph_cpg,CITES,6,DTOP-OLD
sra_s5_q9_o5,fw_hicp,CITES,TV1 - Practice # 6,DTOP-OLD
sra_s5_q10_o1,fw_hipaa,CITES,§164.310(a)(2)(iii),DTOP-OLD
sra_s5_q10_o1,fw_nist_csf,CITES,"ID.RA, PR.AA, PR.IR, PR.DS, DE.CM, DE.CP",DTOP-OLD
sra_s5_q10_o1,fw_hph_cpg,CITES,6,DTOP-OLD
sra_s5_q10_o1,fw_hicp,CITES,TV1 - Practice # 6,DTOP-OLD
sra_s5_q10_o2,fw_hipaa,CITES,§164.310(a)(2)(iii),DTOP-OLD
sra_s5_q10_o2,fw_nist_csf,CITES,"ID.RA, PR.AA, PR.IR, PR.DS, DE.CM, DE.CP",DTOP-OLD
sra_s5_q10_o2,fw_hph_cpg,CITES,6,DTOP-OLD
sra_s5_q10_o2,fw_hicp,CITES,TV1 - Practice # 6,DTOP-OLD
sra_s5_q10_o3,fw_hipaa,CITES,§164.310(a)(2)(iii),DTOP-OLD
sra_s5_q10_o3,fw_nist_csf,CITES,"ID.RA, PR.AA, PR.IR, PR.DS, DE.CM, DE.CP",DTOP-OLD
sra_s5_q10_o3,fw_hph_cpg,CITES,6,DTOP-OLD
sra_s5_q10_o3,fw_hicp,CITES,TV1 - Practice # 6,DTOP-OLD
sra_s5_q10_o4,fw_hipaa,CITES,§164.310(a)(2)(iii),DTOP-OLD
sra_s5_q10_o4,fw_nist_csf,CITES,"ID.RA, PR.AA, PR.IR, PR.DS, DE.CM, DE.CP",DTOP-OLD
sra_s5_q10_o4,fw_hph_cpg,CITES,6,DTOP-OLD
sra_s5_q10_o4,fw_hicp,CITES,TV1 - Practice # 6,DTOP-OLD
sra_s5_q10_o5,fw_hipaa,CITES,§164.310(a)(2)(iii),DTOP-OLD
sra_s5_q10_o5,fw_nist_csf,CITES,"ID.RA, PR.AA, PR.IR, PR.DS, DE.CM, DE.CP",DTOP-OLD
sra_s5_q10_o5,fw_hph_cpg,CITES,6,DTOP-OLD
sra_s5_q10_o5,fw_hicp,CITES,TV1 - Practice # 6,DTOP-OLD
sra_s5_q10_o6,fw_hipaa,CITES,§164.310(a)(2)(iii),DTOP-OLD
sra_s5_q10_o6,fw_nist_csf,CITES,"ID.RA, PR.AA, PR.IR, PR.DS, DE.CM, DE.CP",DTOP-OLD
sra_s5_q10_o6,fw_hph_cpg,CITES,6,DTOP-OLD
sra_s5_q10_o6,fw_hicp,CITES,TV1 - Practice # 6,DTOP-OLD
sra_s5_q11_o1,fw_hipaa,CITES,§164.310(a)(2)(iii),DTOP-OLD
sra_s5_q11_o1,fw_nist_csf,CITES,"ID.RA, PR.AA, PR.IR, PR.DS, DE.CM, DE.CP, PR.PS",DTOP-OLD
sra_s5_q11_o1,fw_hph_cpg,CITES,"6, 3",DTOP-OLD
sra_s5_q11_o1,fw_hicp,CITES,"TV1 - Practice #3, 6",DTOP-OLD
sra_s5_q11_o2,fw_hipaa,CITES,§164.310(a)(2)(iii),DTOP-OLD
sra_s5_q11_o2,fw_nist_csf,CITES,"ID.RA, PR.AA, PR.IR, PR.DS, DE.CM, DE.CP, PR.PS",DTOP-OLD
sra_s5_q11_o2,fw_hph_cpg,CITES,"6, 3",DTOP-OLD
sra_s5_q11_o2,fw_hicp,CITES,"TV1 - Practice #3, 6",DTOP-OLD
sra_s5_q11_o3,fw_hipaa,CITES,§164.310(a)(2)(iii),DTOP-OLD
sra_s5_q11_o3,fw_nist_csf,CITES,"ID.RA, PR.AA, PR.IR, PR.DS, DE.CM, DE.CP, PR.PS",DTOP-OLD
sra_s5_q11_o3,fw_hph_cpg,CITES,"6, 3",DTOP-OLD
sra_s5_q11_o3,fw_hicp,CITES,"TV1 - Practice #3, 6",DTOP-OLD
sra_s5_q12_o1,fw_hipaa,CITES,§164.310(a)(2)(iii),DTOP-OLD
sra_s5_q12_o1,fw_nist_csf,CITES,"ID.RA, PR.AA, PR.IR, PR.DS, DE.CM, DE.CP",DTOP-OLD
sra_s5_q12_o1,fw_hph_cpg,CITES,"6, 3",DTOP-OLD
sra_s5_q12_o1,fw_hicp,CITES,"TV1, Practice # 2",DTOP-OLD
sra_s5_q12_o2,fw_hipaa,CITES,§164.310(a)(2)(iii),DTOP-OLD
sra_s5_q12_o2,fw_nist_csf,CITES,"ID.RA, PR.AA, PR.IR, PR.DS, DE.CM, DE.CP",DTOP-OLD
sra_s5_q12_o2,fw_hph_cpg,CITES,"6, 3",DTOP-OLD
sra_s5_q12_o2,fw_hicp,CITES,"TV1, Practice # 2",DTOP-OLD
sra_s5_q12_o3,fw_hipaa,CITES,§164.310(a)(2)(iii),DTOP-OLD
sra_s5_q12_o3,fw_nist_csf,CITES,"ID.RA, PR.AA, PR.IR, PR.DS, DE.CM, DE.CP",DTOP-OLD
sra_s5_q12_o3,fw_hph_cpg,CITES,"6, 3",DTOP-OLD
sra_s5_q12_o3,fw_hicp,CITES,"TV1, Practice # 2",DTOP-OLD
sra_s5_q13_o1,fw_hipaa,CITES,§164.310(a)(2)(iii),DTOP-OLD
sra_s5_q13_o1,fw_nist_csf,CITES,"ID.RA, PR.AA, PR.IR, PR.DS, DE.CM, DE.CP, PR.PS",DTOP-OLD
sra_s5_q13_o1,fw_hph_cpg,CITES,"6, 10",DTOP-OLD
sra_s5_q13_o1,fw_hicp,CITES,TV1 - Practice # 6,DTOP-OLD
sra_s5_q13_o2,fw_hipaa,CITES,§164.310(a)(2)(iii),DTOP-OLD
sra_s5_q13_o2,fw_nist_csf,CITES,"ID.RA, PR.AA, PR.IR, PR.DS, DE.CM, DE.CP, PR.PS",DTOP-OLD
sra_s5_q13_o2,fw_hph_cpg,CITES,"6, 10",DTOP-OLD
sra_s5_q13_o2,fw_hicp,CITES,TV1 - Practice # 6,DTOP-OLD
sra_s5_q13_o3,fw_hipaa,CITES,§164.310(a)(2)(iii),DTOP-OLD
sra_s5_q13_o3,fw_nist_csf,CITES,"ID.RA, PR.AA, PR.IR, PR.DS, DE.CM, DE.CP, PR.PS",DTOP-OLD
sra_s5_q13_o3,fw_hph_cpg,CITES,"6, 10",DTOP-OLD
sra_s5_q13_o3,fw_hicp,CITES,TV1 - Practice # 6,DTOP-OLD
sra_s5_q14_o1,fw_hipaa,CITES,§164.312(b),DTOP-OLD
sra_s5_q14_o1,fw_nist_csf,CITES,"PR.AA, PR.IR, PR.DS, DE.AE, DE.CM",DTOP-OLD
sra_s5_q14_o1,fw_hph_cpg,CITES,18,DTOP-OLD
sra_s5_q14_o1,fw_hicp,CITES,TV1 - Practice # 3,DTOP-OLD
sra_s5_q14_o2,fw_hipaa,CITES,§164.312(b),DTOP-OLD
sra_s5_q14_o2,fw_nist_csf,CITES,"PR.AA, PR.IR, PR.DS, DE.AE, DE.CM",DTOP-OLD
sra_s5_q14_o2,fw_hph_cpg,CITES,18,DTOP-OLD
sra_s5_q14_o2,fw_hicp,CITES,TV1 - Practice # 3,DTOP-OLD
sra_s5_q14_o3,fw_hipaa,CITES,§164.312(b),DTOP-OLD
sra_s5_q14_o3,fw_nist_csf,CITES,"PR.AA, PR.IR, PR.DS, DE.AE, DE.CM",DTOP-OLD
sra_s5_q14_o3,fw_hph_cpg,CITES,18,DTOP-OLD
sra_s5_q14_o3,fw_hicp,CITES,TV1 - Practice # 3,DTOP-OLD
sra_s5_q15_o1,fw_hipaa,CITES,§164.312(b),DTOP-OLD
sra_s5_q15_o1,fw_nist_csf,CITES,"PR.DS, DE.AE, DE.CM, PR.PS",DTOP-OLD
sra_s5_q15_o1,fw_hph_cpg,CITES,18,DTOP-OLD
sra_s5_q15_o1,fw_hicp,CITES,N/A,DTOP-OLD
sra_s5_q15_o2,fw_hipaa,CITES,§164.312(b),DTOP-OLD
sra_s5_q15_o2,fw_nist_csf,CITES,"PR.DS, DE.AE, DE.CM, PR.PS",DTOP-OLD
sra_s5_q15_o2,fw_hph_cpg,CITES,18,DTOP-OLD
sra_s5_q15_o2,fw_hicp,CITES,N/A,DTOP-OLD
sra_s5_q15_o3,fw_hipaa,CITES,§164.312(b),DTOP-OLD
sra_s5_q15_o3,fw_nist_csf,CITES,"PR.DS, DE.AE, DE.CM, PR.PS",DTOP-OLD
sra_s5_q15_o3,fw_hph_cpg,CITES,18,DTOP-OLD
sra_s5_q15_o3,fw_hicp,CITES,N/A,DTOP-OLD
sra_s5_q16_o1,fw_hipaa,CITES,§164.310(a)(2)(iv),DTOP-OLD
sra_s5_q16_o1,fw_nist_csf,CITES,"PR.DS, PR.MA",DTOP-OLD
sra_s5_q16_o1,fw_hph_cpg,CITES,11,DTOP-OLD
sra_s5_q16_o1,fw_hicp,CITES,N/A,DTOP-OLD
sra_s5_q16_o2,fw_hipaa,CITES,§164.310(a)(2)(iv),DTOP-OLD
sra_s5_q16_o2,fw_nist_csf,CITES,"PR.DS, PR.MA",DTOP-OLD
sra_s5_q16_o2,fw_hph_cpg,CITES,11,DTOP-OLD
sra_s5_q16_o2,fw_hicp,CITES,N/A,DTOP-OLD
sra_s5_q16_o3,fw_hipaa,CITES,§164.310(a)(2)(iv),DTOP-OLD
sra_s5_q16_o3,fw_nist_csf,CITES,"PR.DS, PR.MA",DTOP-OLD
sra_s5_q16_o3,fw_hph_cpg,CITES,11,DTOP-OLD
sra_s5_q16_o3,fw_hicp,CITES,N/A,DTOP-OLD
sra_s5_q16_o4,fw_hipaa,CITES,§164.310(a)(2)(iv),DTOP-OLD
sra_s5_q16_o4,fw_nist_csf,CITES,"PR.DS, PR.MA",DTOP-OLD
sra_s5_q16_o4,fw_hph_cpg,CITES,11,DTOP-OLD
sra_s5_q16_o4,fw_hicp,CITES,N/A,DTOP-OLD
sra_s5_q16_o5,fw_hipaa,CITES,§164.310(a)(2)(iv),DTOP-OLD
sra_s5_q16_o5,fw_nist_csf,CITES,"PR.DS, PR.MA",DTOP-OLD
sra_s5_q16_o5,fw_hph_cpg,CITES,11,DTOP-OLD
sra_s5_q16_o5,fw_hicp,CITES,N/A,DTOP-OLD
sra_s5_q17_o1,fw_hipaa,CITES,§164.310(d)(2)(iii),DTOP-OLD
sra_s5_q17_o1,fw_nist_csf,CITES,"PR.MA, DE.AE, DE.CM, PR.DS",DTOP-OLD
sra_s5_q17_o1,fw_hph_cpg,CITES,11,DTOP-OLD
sra_s5_q17_o1,fw_hicp,CITES,"TV1 - Practice # 5, 10",DTOP-OLD
sra_s5_q17_o2,fw_hipaa,CITES,§164.310(d)(2)(iii),DTOP-OLD
sra_s5_q17_o2,fw_nist_csf,CITES,"PR.MA, DE.AE, DE.CM, PR.DS",DTOP-OLD
sra_s5_q17_o2,fw_hph_cpg,CITES,11,DTOP-OLD
sra_s5_q17_o2,fw_hicp,CITES,"TV1 - Practice # 5, 10",DTOP-OLD
sra_s5_q17_o3,fw_hipaa,CITES,§164.310(d)(2)(iii),DTOP-OLD
sra_s5_q17_o3,fw_nist_csf,CITES,"PR.MA, DE.AE, DE.CM, PR.DS",DTOP-OLD
sra_s5_q17_o3,fw_hph_cpg,CITES,11,DTOP-OLD
sra_s5_q17_o3,fw_hicp,CITES,"TV1 - Practice # 5, 10",DTOP-OLD
sra_s5_q18_o1,fw_hipaa,CITES,§164.310(d)(2)(iv),DTOP-OLD
sra_s5_q18_o1,fw_nist_csf,CITES,"PR.DS, PR.PS",DTOP-OLD
sra_s5_q18_o1,fw_hph_cpg,CITES,"11, 16",DTOP-OLD
sra_s5_q18_o1,fw_hicp,CITES,TV1 - Practice # 4,DTOP-OLD
sra_s5_q18_o2,fw_hipaa,CITES,§164.310(d)(2)(iv),DTOP-OLD
sra_s5_q18_o2,fw_nist_csf,CITES,"PR.DS, PR.PS",DTOP-OLD
sra_s5_q18_o2,fw_hph_cpg,CITES,"11, 16",DTOP-OLD
sra_s5_q18_o2,fw_hicp,CITES,TV1 - Practice # 4,DTOP-OLD
sra_s5_q18_o3,fw_hipaa,CITES,§164.310(d)(2)(iv),DTOP-OLD
sra_s5_q18_o3,fw_nist_csf,CITES,"PR.DS, PR.PS",DTOP-OLD
sra_s5_q18_o3,fw_hph_cpg,CITES,"11, 16",DTOP-OLD
sra_s5_q18_o3,fw_hicp,CITES,TV1 - Practice # 4,DTOP-OLD
sra_s5_q19_o1,fw_hipaa,CITES,§164.310(d)(1),DTOP-OLD
sra_s5_q19_o1,fw_nist_csf,CITES,"PR.AA, PR.IR, PR.DS, PR.PS",DTOP-OLD
sra_s5_q19_o1,fw_hph_cpg,CITES,11,DTOP-OLD
sra_s5_q19_o1,fw_hicp,CITES,TV1 - Practice # 5,DTOP-OLD
sra_s5_q19_o2,fw_hipaa,CITES,§164.310(d)(1),DTOP-OLD
sra_s5_q19_o2,fw_nist_csf,CITES,"PR.AA, PR.IR, PR.DS, PR.PS",DTOP-OLD
sra_s5_q19_o2,fw_hph_cpg,CITES,11,DTOP-OLD
sra_s5_q19_o2,fw_hicp,CITES,TV1 - Practice # 5,DTOP-OLD
sra_s5_q19_o3,fw_hipaa,CITES,§164.310(d)(1),DTOP-OLD
sra_s5_q19_o3,fw_nist_csf,CITES,"PR.AA, PR.IR, PR.DS, PR.PS",DTOP-OLD
sra_s5_q19_o3,fw_hph_cpg,CITES,11,DTOP-OLD
sra_s5_q19_o3,fw_hicp,CITES,TV1 - Practice # 5,DTOP-OLD
sra_s5_q19_o4,fw_hipaa,CITES,§164.310(d)(1),DTOP-OLD
sra_s5_q19_o4,fw_nist_csf,CITES,"PR.AA, PR.IR, PR.DS, PR.PS",DTOP-OLD
sra_s5_q19_o4,fw_hph_cpg,CITES,11,DTOP-OLD
sra_s5_q19_o4,fw_hicp,CITES,TV1 - Practice # 5,DTOP-OLD
sra_s5_q19_o5,fw_hipaa,CITES,§164.310(d)(1),DTOP-OLD
sra_s5_q19_o5,fw_nist_csf,CITES,"PR.AA, PR.IR, PR.DS, PR.PS",DTOP-OLD
sra_s5_q19_o5,fw_hph_cpg,CITES,11,DTOP-OLD
sra_s5_q19_o5,fw_hicp,CITES,TV1 - Practice # 5,DTOP-OLD
sra_s5_q19_o6,fw_hipaa,CITES,§164.310(d)(1),DTOP-OLD
sra_s5_q19_o6,fw_nist_csf,CITES,"PR.AA, PR.IR, PR.DS, PR.PS",DTOP-OLD
sra_s5_q19_o6,fw_hph_cpg,CITES,11,DTOP-OLD
sra_s5_q19_o6,fw_hicp,CITES,TV1 - Practice # 5,DTOP-OLD
sra_s5_q20_o1,fw_hipaa,CITES,§164.310(b),DTOP-OLD
sra_s5_q20_o1,fw_nist_csf,CITES,"PR.AA, PR.IR, PR.DS, DE.CM, ID.RA",DTOP-OLD
sra_s5_q20_o1,fw_hph_cpg,CITES,"3, 11",DTOP-OLD
sra_s5_q20_o1,fw_hicp,CITES,"TV1 - Practice # 4, 5",DTOP-OLD
sra_s5_q20_o2,fw_hipaa,CITES,§164.310(b),DTOP-OLD
sra_s5_q20_o2,fw_nist_csf,CITES,"PR.AA, PR.IR, PR.DS, DE.CM, ID.RA",DTOP-OLD
sra_s5_q20_o2,fw_hph_cpg,CITES,"3, 11",DTOP-OLD
sra_s5_q20_o2,fw_hicp,CITES,"TV1 - Practice # 4, 5",DTOP-OLD
sra_s5_q20_o3,fw_hipaa,CITES,§164.310(b),DTOP-OLD
sra_s5_q20_o3,fw_nist_csf,CITES,"PR.AA, PR.IR, PR.DS, DE.CM, ID.RA",DTOP-OLD
sra_s5_q20_o3,fw_hph_cpg,CITES,"3, 11",DTOP-OLD
sra_s5_q20_o3,fw_hicp,CITES,"TV1 - Practice # 4, 5",DTOP-OLD
sra_s5_q21_o1,fw_hipaa,CITES,§164.308(a)(3)(ii)(C),DTOP-OLD
sra_s5_q21_o1,fw_nist_csf,CITES,"PR.AA, PR.IR, PR.PS",DTOP-OLD
sra_s5_q21_o1,fw_hph_cpg,CITES,6,DTOP-OLD
sra_s5_q21_o1,fw_hicp,CITES,TV1 - Practice # 3,DTOP-OLD
sra_s5_q21_o2,fw_hipaa,CITES,§164.308(a)(3)(ii)(C),DTOP-OLD
sra_s5_q21_o2,fw_nist_csf,CITES,"PR.AA, PR.IR, PR.PS",DTOP-OLD
sra_s5_q21_o2,fw_hph_cpg,CITES,6,DTOP-OLD
sra_s5_q21_o2,fw_hicp,CITES,TV1 - Practice # 3,DTOP-OLD
sra_s5_q21_o3,fw_hipaa,CITES,§164.308(a)(3)(ii)(C),DTOP-OLD
sra_s5_q21_o3,fw_nist_csf,CITES,"PR.AA, PR.IR, PR.PS",DTOP-OLD
sra_s5_q21_o3,fw_hph_cpg,CITES,6,DTOP-OLD
sra_s5_q21_o3,fw_hicp,CITES,TV1 - Practice # 3,DTOP-OLD
sra_s5_q21_o4,fw_hipaa,CITES,§164.308(a)(3)(ii)(C),DTOP-OLD
sra_s5_q21_o4,fw_nist_csf,CITES,"PR.AA, PR.IR, PR.PS",DTOP-OLD
sra_s5_q21_o4,fw_hph_cpg,CITES,6,DTOP-OLD
sra_s5_q21_o4,fw_hicp,CITES,TV1 - Practice # 3,DTOP-OLD
sra_s5_q22_o1,fw_hipaa,CITES,§164.308(a)(3)(ii)(C),DTOP-OLD
sra_s5_q22_o1,fw_nist_csf,CITES,"PR.AA, PR.IR, PR.PS",DTOP-OLD
sra_s5_q22_o1,fw_hph_cpg,CITES,10,DTOP-OLD
sra_s5_q22_o1,fw_hicp,CITES,TV1 - Practice # 3,DTOP-OLD
sra_s5_q22_o2,fw_hipaa,CITES,§164.308(a)(3)(ii)(C),DTOP-OLD
sra_s5_q22_o2,fw_nist_csf,CITES,"PR.AA, PR.IR, PR.PS",DTOP-OLD
sra_s5_q22_o2,fw_hph_cpg,CITES,10,DTOP-OLD
sra_s5_q22_o2,fw_hicp,CITES,TV1 - Practice # 3,DTOP-OLD
sra_s5_q23_o1,fw_hipaa,CITES,§164.310(d)(2)(ii),DTOP-OLD
sra_s5_q23_o1,fw_nist_csf,CITES,"PR.PS, PR.MA",DTOP-OLD
sra_s5_q23_o1,fw_hph_cpg,CITES,"11, 16",DTOP-OLD
sra_s5_q23_o1,fw_hicp,CITES,TV1 - Practice # 4,DTOP-OLD
sra_s5_q23_o2,fw_hipaa,CITES,§164.310(d)(2)(ii),DTOP-OLD
sra_s5_q23_o2,fw_nist_csf,CITES,"PR.PS, PR.MA",DTOP-OLD
sra_s5_q23_o2,fw_hph_cpg,CITES,"11, 16",DTOP-OLD
sra_s5_q23_o2,fw_hicp,CITES,TV1 - Practice # 4,DTOP-OLD
sra_s5_q23_o3,fw_hipaa,CITES,§164.310(d)(2)(ii),DTOP-OLD
sra_s5_q23_o3,fw_nist_csf,CITES,"PR.PS, PR.MA",DTOP-OLD
sra_s5_q23_o3,fw_hph_cpg,CITES,"11, 16",DTOP-OLD
sra_s5_q23_o3,fw_hicp,CITES,TV1 - Practice # 4,DTOP-OLD
sra_s5_q23_o4,fw_hipaa,CITES,§164.310(d)(2)(ii),DTOP-OLD
sra_s5_q23_o4,fw_nist_csf,CITES,"PR.PS, PR.MA",DTOP-OLD
sra_s5_q23_o4,fw_hph_cpg,CITES,"11, 16",DTOP-OLD
sra_s5_q23_o4,fw_hicp,CITES,TV1 - Practice # 4,DTOP-OLD
sra_s5_q23_o5,fw_hipaa,CITES,§164.310(d)(2)(ii),DTOP-OLD
sra_s5_q23_o5,fw_nist_csf,CITES,"PR.PS, PR.MA",DTOP-OLD
sra_s5_q23_o5,fw_hph_cpg,CITES,"11, 16",DTOP-OLD
sra_s5_q23_o5,fw_hicp,CITES,TV1 - Practice # 4,DTOP-OLD
sra_s5_q23_o6,fw_hipaa,CITES,§164.310(d)(2)(ii),DTOP-OLD
sra_s5_q23_o6,fw_nist_csf,CITES,"PR.PS, PR.MA",DTOP-OLD
sra_s5_q23_o6,fw_hph_cpg,CITES,"11, 16",DTOP-OLD
sra_s5_q23_o6,fw_hicp,CITES,TV1 - Practice # 4,DTOP-OLD
sra_s6_q1_o1,fw_hipaa,CITES,N/A,DTOP-OLD
sra_s6_q1_o1,fw_nist_csf,CITES,"GV.RR, GV.PO, GV.OV",DTOP-OLD
sra_s6_q1_o1,fw_hph_cpg,CITES,10,DTOP-OLD
sra_s6_q1_o1,fw_hicp,CITES,TV1 - Practice # 3,DTOP-OLD
sra_s6_q1_o2,fw_hipaa,CITES,N/A,DTOP-OLD
sra_s6_q1_o2,fw_nist_csf,CITES,"GV.RR, GV.PO, GV.OV",DTOP-OLD
sra_s6_q1_o2,fw_hph_cpg,CITES,10,DTOP-OLD
sra_s6_q1_o2,fw_hicp,CITES,TV1 - Practice # 3,DTOP-OLD
sra_s6_q1_o3,fw_hipaa,CITES,N/A,DTOP-OLD
sra_s6_q1_o3,fw_nist_csf,CITES,"GV.RR, GV.PO, GV.OV",DTOP-OLD
sra_s6_q1_o3,fw_hph_cpg,CITES,10,DTOP-OLD
sra_s6_q1_o3,fw_hicp,CITES,TV1 - Practice # 3,DTOP-OLD
sra_s6_q2_o1,fw_hipaa,CITES,N/A,DTOP-OLD
sra_s6_q2_o1,fw_nist_csf,CITES,"GV.RR, GV.PO, GV.OV",DTOP-OLD
sra_s6_q2_o1,fw_hph_cpg,CITES,10,DTOP-OLD
sra_s6_q2_o1,fw_hicp,CITES,TV1 - Practice # 3,DTOP-OLD
sra_s6_q2_o2,fw_hipaa,CITES,N/A,DTOP-OLD
sra_s6_q2_o2,fw_nist_csf,CITES,"GV.RR, GV.PO, GV.OV",DTOP-OLD
sra_s6_q2_o2,fw_hph_cpg,CITES,10,DTOP-OLD
sra_s6_q2_o2,fw_hicp,CITES,TV1 - Practice # 3,DTOP-OLD
sra_s6_q2_o3,fw_hipaa,CITES,N/A,DTOP-OLD
sra_s6_q2_o3,fw_nist_csf,CITES,"GV.RR, GV.PO, GV.OV",DTOP-OLD
sra_s6_q2_o3,fw_hph_cpg,CITES,10,DTOP-OLD
sra_s6_q2_o3,fw_hicp,CITES,TV1 - Practice # 3,DTOP-OLD
sra_s6_q3_o1,fw_hipaa,CITES,§164.308(b)(1),DTOP-OLD
sra_s6_q3_o1,fw_nist_csf,CITES,"ID.AM, PR.AA, PR.IR, PR.DS",DTOP-OLD
sra_s6_q3_o1,fw_hph_cpg,CITES,"10, 12",DTOP-OLD
sra_s6_q3_o1,fw_hicp,CITES,TV1 - Practice # 3,DTOP-OLD
sra_s6_q3_o2,fw_hipaa,CITES,§164.308(b)(1),DTOP-OLD
sra_s6_q3_o2,fw_nist_csf,CITES,"ID.AM, PR.AA, PR.IR, PR.DS",DTOP-OLD
sra_s6_q3_o2,fw_hph_cpg,CITES,"10, 12",DTOP-OLD
sra_s6_q3_o2,fw_hicp,CITES,TV1 - Practice # 3,DTOP-OLD
sra_s6_q3_o3,fw_hipaa,CITES,§164.308(b)(1),DTOP-OLD
sra_s6_q3_o3,fw_nist_csf,CITES,"ID.AM, PR.AA, PR.IR, PR.DS",DTOP-OLD
sra_s6_q3_o3,fw_hph_cpg,CITES,"10, 12",DTOP-OLD
sra_s6_q3_o3,fw_hicp,CITES,TV1 - Practice # 3,DTOP-OLD
sra_s6_q3_o4,fw_hipaa,CITES,§164.308(b)(1),DTOP-OLD
sra_s6_q3_o4,fw_nist_csf,CITES,"ID.AM, PR.AA, PR.IR, PR.DS",DTOP-OLD
sra_s6_q3_o4,fw_hph_cpg,CITES,"10, 12",DTOP-OLD
sra_s6_q3_o4,fw_hicp,CITES,TV1 - Practice # 3,DTOP-OLD
sra_s6_q4_o1,fw_hipaa,CITES,§164.308(b)(1),DTOP-OLD
sra_s6_q4_o1,fw_nist_csf,CITES,"ID.AM, PR.AA, PR.IR, PR.DS, DE.CM",DTOP-OLD
sra_s6_q4_o1,fw_hph_cpg,CITES,10,DTOP-OLD
sra_s6_q4_o1,fw_hicp,CITES,TV1 - Practice # 3,DTOP-OLD
sra_s6_q4_o2,fw_hipaa,CITES,§164.308(b)(1),DTOP-OLD
sra_s6_q4_o2,fw_nist_csf,CITES,"ID.AM, PR.AA, PR.IR, PR.DS, DE.CM",DTOP-OLD
sra_s6_q4_o2,fw_hph_cpg,CITES,10,DTOP-OLD
sra_s6_q4_o2,fw_hicp,CITES,TV1 - Practice # 3,DTOP-OLD
sra_s6_q4_o3,fw_hipaa,CITES,§164.308(b)(1),DTOP-OLD
sra_s6_q4_o3,fw_nist_csf,CITES,"ID.AM, PR.AA, PR.IR, PR.DS, DE.CM",DTOP-OLD
sra_s6_q4_o3,fw_hph_cpg,CITES,10,DTOP-OLD
sra_s6_q4_o3,fw_hicp,CITES,TV1 - Practice # 3,DTOP-OLD
sra_s6_q5_o1,fw_hipaa,CITES,N/A,DTOP-OLD
sra_s6_q5_o1,fw_nist_csf,CITES,"GV.RR, GV.PO, GV.OV",DTOP-OLD
sra_s6_q5_o1,fw_hph_cpg,CITES,"10, 13",DTOP-OLD
sra_s6_q5_o1,fw_hicp,CITES,N/A,DTOP-OLD
sra_s6_q5_o2,fw_hipaa,CITES,N/A,DTOP-OLD
sra_s6_q5_o2,fw_nist_csf,CITES,"GV.RR, GV.PO, GV.OV",DTOP-OLD
sra_s6_q5_o2,fw_hph_cpg,CITES,"10, 13",DTOP-OLD
sra_s6_q5_o2,fw_hicp,CITES,N/A,DTOP-OLD
sra_s6_q5_o3,fw_hipaa,CITES,N/A,DTOP-OLD
sra_s6_q5_o3,fw_nist_csf,CITES,"GV.RR, GV.PO, GV.OV",DTOP-OLD
sra_s6_q5_o3,fw_hph_cpg,CITES,"10, 13",DTOP-OLD
sra_s6_q5_o3,fw_hicp,CITES,N/A,DTOP-OLD
sra_s6_q6_o1,fw_hipaa,CITES,§164.308(b)(3),DTOP-OLD
sra_s6_q6_o1,fw_nist_csf,CITES,"PR.AA, PR.IR",DTOP-OLD
sra_s6_q6_o1,fw_hph_cpg,CITES,10,DTOP-OLD
sra_s6_q6_o1,fw_hicp,CITES,N/A,DTOP-OLD
sra_s6_q6_o2,fw_hipaa,CITES,§164.308(b)(3),DTOP-OLD
sra_s6_q6_o2,fw_nist_csf,CITES,"PR.AA, PR.IR",DTOP-OLD
sra_s6_q6_o2,fw_hph_cpg,CITES,10,DTOP-OLD
sra_s6_q6_o2,fw_hicp,CITES,N/A,DTOP-OLD
sra_s6_q6_o3,fw_hipaa,CITES,§164.308(b)(3),DTOP-OLD
sra_s6_q6_o3,fw_nist_csf,CITES,"PR.AA, PR.IR",DTOP-OLD
sra_s6_q6_o3,fw_hph_cpg,CITES,10,DTOP-OLD
sra_s6_q6_o3,fw_hicp,CITES,N/A,DTOP-OLD
sra_s6_q7_o1,fw_hipaa,CITES,N/A,DTOP-OLD
sra_s6_q7_o1,fw_nist_csf,CITES,"PR.AT, RS.CO, DE.CM",DTOP-OLD
sra_s6_q7_o1,fw_hph_cpg,CITES,"10, 12, 13",DTOP-OLD
sra_s6_q7_o1,fw_hicp,CITES,N/A,DTOP-OLD
sra_s6_q7_o2,fw_hipaa,CITES,N/A,DTOP-OLD
sra_s6_q7_o2,fw_nist_csf,CITES,"PR.AT, RS.CO, DE.CM",DTOP-OLD
sra_s6_q7_o2,fw_hph_cpg,CITES,"10, 12, 13",DTOP-OLD
sra_s6_q7_o2,fw_hicp,CITES,N/A,DTOP-OLD
sra_s6_q7_o3,fw_hipaa,CITES,N/A,DTOP-OLD
sra_s6_q7_o3,fw_nist_csf,CITES,"PR.AT, RS.CO, DE.CM",DTOP-OLD
sra_s6_q7_o3,fw_hph_cpg,CITES,"10, 12, 13",DTOP-OLD
sra_s6_q7_o3,fw_hicp,CITES,N/A,DTOP-OLD
sra_s6_q8_o1,fw_hipaa,CITES,§164.314(a)(1)(i),DTOP-OLD
sra_s6_q8_o1,fw_nist_csf,CITES,"GV.RR, GV.PO, GV.OV",DTOP-OLD
sra_s6_q8_o1,fw_hph_cpg,CITES,"10, 12, 13",DTOP-OLD
sra_s6_q8_o1,fw_hicp,CITES,N/A,DTOP-OLD
sra_s6_q8_o2,fw_hipaa,CITES,§164.314(a)(1)(i),DTOP-OLD
sra_s6_q8_o2,fw_nist_csf,CITES,"GV.RR, GV.PO, GV.OV",DTOP-OLD
sra_s6_q8_o2,fw_hph_cpg,CITES,"10, 12, 13",DTOP-OLD
sra_s6_q8_o2,fw_hicp,CITES,N/A,DTOP-OLD
sra_s6_q8_o3,fw_hipaa,CITES,§164.314(a)(1)(i),DTOP-OLD
sra_s6_q8_o3,fw_nist_csf,CITES,"GV.RR, GV.PO, GV.OV",DTOP-OLD
sra_s6_q8_o3,fw_hph_cpg,CITES,"10, 12, 13",DTOP-OLD
sra_s6_q8_o3,fw_hicp,CITES,N/A,DTOP-OLD
sra_s6_q9_o1,fw_hipaa,CITES,§164.314(a)(2)(iii),DTOP-OLD
sra_s6_q9_o1,fw_nist_csf,CITES,"DE.AE, RS.CO",DTOP-OLD
sra_s6_q9_o1,fw_hph_cpg,CITES,10,DTOP-OLD
sra_s6_q9_o1,fw_hicp,CITES,N/A,DTOP-OLD
sra_s6_q9_o2,fw_hipaa,CITES,§164.314(a)(2)(iii),DTOP-OLD
sra_s6_q9_o2,fw_nist_csf,CITES,"DE.AE, RS.CO",DTOP-OLD
sra_s6_q9_o2,fw_hph_cpg,CITES,10,DTOP-OLD
sra_s6_q9_o2,fw_hicp,CITES,N/A,DTOP-OLD
sra_s6_q9_o3,fw_hipaa,CITES,§164.314(a)(2)(iii),DTOP-OLD
sra_s6_q9_o3,fw_nist_csf,CITES,"DE.AE, RS.CO",DTOP-OLD
sra_s6_q9_o3,fw_hph_cpg,CITES,10,DTOP-OLD
sra_s6_q9_o3,fw_hicp,CITES,N/A,DTOP-OLD
sra_s6_q10_o1,fw_hipaa,CITES,§164.314(a)(2)(i)( c),DTOP-OLD
sra_s6_q10_o1,fw_nist_csf,CITES,"ID.RA, DE.AE, RS.CO",DTOP-OLD
sra_s6_q10_o1,fw_hph_cpg,CITES,"10, 13",DTOP-OLD
sra_s6_q10_o1,fw_hicp,CITES,TV1 - Practice # 8,DTOP-OLD
sra_s6_q10_o2,fw_hipaa,CITES,§164.314(a)(2)(i)( c),DTOP-OLD
sra_s6_q10_o2,fw_nist_csf,CITES,"ID.RA, DE.AE, RS.CO",DTOP-OLD
sra_s6_q10_o2,fw_hph_cpg,CITES,"10, 13",DTOP-OLD
sra_s6_q10_o2,fw_hicp,CITES,TV1 - Practice # 8,DTOP-OLD
sra_s6_q11_o1,fw_hipaa,CITES,§164.314(a)(1),DTOP-OLD
sra_s6_q11_o1,fw_nist_csf,CITES,"ID.AM, GV.OC, PR.AT, GV.RR, GV.PO, GV.OV",DTOP-OLD
sra_s6_q11_o1,fw_hph_cpg,CITES,"10, 13",DTOP-OLD
sra_s6_q11_o1,fw_hicp,CITES,N/A,DTOP-OLD
sra_s6_q11_o2,fw_hipaa,CITES,§164.314(a)(1),DTOP-OLD
sra_s6_q11_o2,fw_nist_csf,CITES,"ID.AM, GV.OC, PR.AT, GV.RR, GV.PO, GV.OV",DTOP-OLD
sra_s6_q11_o2,fw_hph_cpg,CITES,"10, 13",DTOP-OLD
sra_s6_q11_o2,fw_hicp,CITES,N/A,DTOP-OLD
sra_s6_q11_o3,fw_hipaa,CITES,§164.314(a)(1),DTOP-OLD
sra_s6_q11_o3,fw_nist_csf,CITES,"ID.AM, GV.OC, PR.AT, GV.RR, GV.PO, GV.OV",DTOP-OLD
sra_s6_q11_o3,fw_hph_cpg,CITES,"10, 13",DTOP-OLD
sra_s6_q11_o3,fw_hicp,CITES,N/A,DTOP-OLD
sra_s6_q11_o4,fw_hipaa,CITES,§164.314(a)(1),DTOP-OLD
sra_s6_q11_o4,fw_nist_csf,CITES,"ID.AM, GV.OC, PR.AT, GV.RR, GV.PO, GV.OV",DTOP-OLD
sra_s6_q11_o4,fw_hph_cpg,CITES,"10, 13",DTOP-OLD
sra_s6_q11_o4,fw_hicp,CITES,N/A,DTOP-OLD
sra_s6_q12_o1,fw_hipaa,CITES,§164.308(b)(1),DTOP-OLD
sra_s6_q12_o1,fw_nist_csf,CITES,"ID.AM, PR.AA, PR.IR, PR.DS",DTOP-OLD
sra_s6_q12_o1,fw_hph_cpg,CITES,10,DTOP-OLD
sra_s6_q12_o1,fw_hicp,CITES,N/A,DTOP-OLD
sra_s6_q12_o2,fw_hipaa,CITES,§164.308(b)(1),DTOP-OLD
sra_s6_q12_o2,fw_nist_csf,CITES,"ID.AM, PR.AA, PR.IR, PR.DS",DTOP-OLD
sra_s6_q12_o2,fw_hph_cpg,CITES,10,DTOP-OLD
sra_s6_q12_o2,fw_hicp,CITES,N/A,DTOP-OLD
sra_s6_q12_o3,fw_hipaa,CITES,§164.308(b)(1),DTOP-OLD
sra_s6_q12_o3,fw_nist_csf,CITES,"ID.AM, PR.AA, PR.IR, PR.DS",DTOP-OLD
sra_s6_q12_o3,fw_hph_cpg,CITES,10,DTOP-OLD
sra_s6_q12_o3,fw_hicp,CITES,N/A,DTOP-OLD
sra_s6_q13_o1,fw_hipaa,CITES,§164.308(b)(2),DTOP-OLD
sra_s6_q13_o1,fw_nist_csf,CITES,N/A,DTOP-OLD
sra_s6_q13_o1,fw_hph_cpg,CITES,10,DTOP-OLD
sra_s6_q13_o1,fw_hicp,CITES,N/A,DTOP-OLD
sra_s6_q13_o2,fw_hipaa,CITES,§164.308(b)(2),DTOP-OLD
sra_s6_q13_o2,fw_nist_csf,CITES,N/A,DTOP-OLD
sra_s6_q13_o2,fw_hph_cpg,CITES,10,DTOP-OLD
sra_s6_q13_o2,fw_hicp,CITES,N/A,DTOP-OLD
sra_s6_q13_o3,fw_hipaa,CITES,§164.308(b)(2),DTOP-OLD
sra_s6_q13_o3,fw_nist_csf,CITES,N/A,DTOP-OLD
sra_s6_q13_o3,fw_hph_cpg,CITES,10,DTOP-OLD
sra_s6_q13_o3,fw_hicp,CITES,N/A,DTOP-OLD
sra_s6_q14_o1,fw_hipaa,CITES,N/A,DTOP-OLD
sra_s6_q14_o1,fw_nist_csf,CITES,GV.SC,DTOP-OLD
sra_s6_q14_o1,fw_hph_cpg,CITES,13,DTOP-OLD
sra_s6_q14_o1,fw_hicp,CITES,N/A,DTOP-OLD
sra_s6_q14_o2,fw_hipaa,CITES,N/A,DTOP-OLD
sra_s6_q14_o2,fw_nist_csf,CITES,GV.SC,DTOP-OLD
sra_s6_q14_o2,fw_hph_cpg,CITES,13,DTOP-OLD
sra_s6_q14_o2,fw_hicp,CITES,N/A,DTOP-OLD
sra_s6_q15_o1,fw_hipaa,CITES,N/A,DTOP-OLD
sra_s6_q15_o1,fw_nist_csf,CITES,GV.SC,DTOP-OLD
sra_s6_q15_o1,fw_hph_cpg,CITES,13,DTOP-OLD
sra_s6_q15_o1,fw_hicp,CITES,N/A,DTOP-OLD
sra_s6_q15_o2,fw_hipaa,CITES,N/A,DTOP-OLD
sra_s6_q15_o2,fw_nist_csf,CITES,GV.SC,DTOP-OLD
sra_s6_q15_o2,fw_hph_cpg,CITES,13,DTOP-OLD
sra_s6_q15_o2,fw_hicp,CITES,N/A,DTOP-OLD
sra_s7_q1_o1,fw_hipaa,CITES,§164.308(a)(7)(i),DTOP-OLD
sra_s7_q1_o1,fw_nist_csf,CITES,"GV.OC, GV.RM, PR.AA, PR.IR, PR.PS, RS.MA",DTOP-OLD
sra_s7_q1_o1,fw_hph_cpg,CITES,"7, 19",DTOP-OLD
sra_s7_q1_o1,fw_hicp,CITES,TV1 - Practice # 8,DTOP-OLD
sra_s7_q1_o2,fw_hipaa,CITES,§164.308(a)(7)(i),DTOP-OLD
sra_s7_q1_o2,fw_nist_csf,CITES,"GV.OC, GV.RM, PR.AA, PR.IR, PR.PS, RS.MA",DTOP-OLD
sra_s7_q1_o2,fw_hph_cpg,CITES,"7, 19",DTOP-OLD
sra_s7_q1_o2,fw_hicp,CITES,TV1 - Practice # 8,DTOP-OLD
sra_s7_q1_o3,fw_hipaa,CITES,§164.308(a)(7)(i),DTOP-OLD
sra_s7_q1_o3,fw_nist_csf,CITES,"GV.OC, GV.RM, PR.AA, PR.IR, PR.PS, RS.MA",DTOP-OLD
sra_s7_q1_o3,fw_hph_cpg,CITES,"7, 19",DTOP-OLD
sra_s7_q1_o3,fw_hicp,CITES,TV1 - Practice # 8,DTOP-OLD
sra_s7_q2_o1,fw_hipaa,CITES,§164.308(a)(7)(i),DTOP-OLD
sra_s7_q2_o1,fw_nist_csf,CITES,"GV.OC, GV.RM, PR.AA, PR.IR, PR.PS, RS.MA",DTOP-OLD
sra_s7_q2_o1,fw_hph_cpg,CITES,"7, 19",DTOP-OLD
sra_s7_q2_o1,fw_hicp,CITES,N/A,DTOP-OLD
sra_s7_q2_o2,fw_hipaa,CITES,§164.308(a)(7)(i),DTOP-OLD
sra_s7_q2_o2,fw_nist_csf,CITES,"GV.OC, GV.RM, PR.AA, PR.IR, PR.PS, RS.MA",DTOP-OLD
sra_s7_q2_o2,fw_hph_cpg,CITES,"7, 19",DTOP-OLD
sra_s7_q2_o2,fw_hicp,CITES,N/A,DTOP-OLD
sra_s7_q2_o3,fw_hipaa,CITES,§164.308(a)(7)(i),DTOP-OLD
sra_s7_q2_o3,fw_nist_csf,CITES,"GV.OC, GV.RM, PR.AA, PR.IR, PR.PS, RS.MA",DTOP-OLD
sra_s7_q2_o3,fw_hph_cpg,CITES,"7, 19",DTOP-OLD
sra_s7_q2_o3,fw_hicp,CITES,N/A,DTOP-OLD
sra_s7_q3_o1,fw_hipaa,CITES,§164.308(a)(7)(i),DTOP-OLD
sra_s7_q3_o1,fw_nist_csf,CITES,"GV.OC, GV.RM, PR.AA, PR.IR, PR.PS, RS.MA, ID.IM",DTOP-OLD
sra_s7_q3_o1,fw_hph_cpg,CITES,"7, 19",DTOP-OLD
sra_s7_q3_o1,fw_hicp,CITES,N/A,DTOP-OLD
sra_s7_q3_o2,fw_hipaa,CITES,§164.308(a)(7)(i),DTOP-OLD
sra_s7_q3_o2,fw_nist_csf,CITES,"GV.OC, GV.RM, PR.AA, PR.IR, PR.PS, RS.MA, ID.IM",DTOP-OLD
sra_s7_q3_o2,fw_hph_cpg,CITES,"7, 19",DTOP-OLD
sra_s7_q3_o2,fw_hicp,CITES,N/A,DTOP-OLD
sra_s7_q3_o3,fw_hipaa,CITES,§164.308(a)(7)(i),DTOP-OLD
sra_s7_q3_o3,fw_nist_csf,CITES,"GV.OC, GV.RM, PR.AA, PR.IR, PR.PS, RS.MA, ID.IM",DTOP-OLD
sra_s7_q3_o3,fw_hph_cpg,CITES,"7, 19",DTOP-OLD
sra_s7_q3_o3,fw_hicp,CITES,N/A,DTOP-OLD
sra_s7_q3_o4,fw_hipaa,CITES,§164.308(a)(7)(i),DTOP-OLD
sra_s7_q3_o4,fw_nist_csf,CITES,"GV.OC, GV.RM, PR.AA, PR.IR, PR.PS, RS.MA, ID.IM",DTOP-OLD
sra_s7_q3_o4,fw_hph_cpg,CITES,"7, 19",DTOP-OLD
sra_s7_q3_o4,fw_hicp,CITES,N/A,DTOP-OLD
sra_s7_q4_o1,fw_hipaa,CITES,§164.308(a)(7)(ii)(D),DTOP-OLD
sra_s7_q4_o1,fw_nist_csf,CITES,"ID.IM, ID.RA, PR.PS, GV.OC",DTOP-OLD
sra_s7_q4_o1,fw_hph_cpg,CITES,"7, 19",DTOP-OLD
sra_s7_q4_o1,fw_hicp,CITES,N/A,DTOP-OLD
sra_s7_q4_o2,fw_hipaa,CITES,§164.308(a)(7)(ii)(D),DTOP-OLD
sra_s7_q4_o2,fw_nist_csf,CITES,"ID.IM, ID.RA, PR.PS, GV.OC",DTOP-OLD
sra_s7_q4_o2,fw_hph_cpg,CITES,"7, 19",DTOP-OLD
sra_s7_q4_o2,fw_hicp,CITES,N/A,DTOP-OLD
sra_s7_q4_o3,fw_hipaa,CITES,§164.308(a)(7)(ii)(D),DTOP-OLD
sra_s7_q4_o3,fw_nist_csf,CITES,"ID.IM, ID.RA, PR.PS, GV.OC",DTOP-OLD
sra_s7_q4_o3,fw_hph_cpg,CITES,"7, 19",DTOP-OLD
sra_s7_q4_o3,fw_hicp,CITES,N/A,DTOP-OLD
sra_s7_q4_o4,fw_hipaa,CITES,§164.308(a)(7)(ii)(D),DTOP-OLD
sra_s7_q4_o4,fw_nist_csf,CITES,"ID.IM, ID.RA, PR.PS, GV.OC",DTOP-OLD
sra_s7_q4_o4,fw_hph_cpg,CITES,"7, 19",DTOP-OLD
sra_s7_q4_o4,fw_hicp,CITES,N/A,DTOP-OLD
sra_s7_q4_o5,fw_hipaa,CITES,§164.308(a)(7)(ii)(D),DTOP-OLD
sra_s7_q4_o5,fw_nist_csf,CITES,"ID.IM, ID.RA, PR.PS, GV.OC",DTOP-OLD
sra_s7_q4_o5,fw_hph_cpg,CITES,"7, 19",DTOP-OLD
sra_s7_q4_o5,fw_hicp,CITES,N/A,DTOP-OLD
sra_s7_q4_o6,fw_hipaa,CITES,§164.308(a)(7)(ii)(D),DTOP-OLD
sra_s7_q4_o6,fw_nist_csf,CITES,"ID.IM, ID.RA, PR.PS, GV.OC",DTOP-OLD
sra_s7_q4_o6,fw_hph_cpg,CITES,"7, 19",DTOP-OLD
sra_s7_q4_o6,fw_hicp,CITES,N/A,DTOP-OLD
sra_s7_q5_o1,fw_hipaa,CITES,§164.308(a)(7)(i),DTOP-OLD
sra_s7_q5_o1,fw_nist_csf,CITES,"GV.OC, GV.RM, PR.AA, PR.IR, PR.PS, RS.MA, ID.RA",DTOP-OLD
sra_s7_q5_o1,fw_hph_cpg,CITES,"7, 19",DTOP-OLD
sra_s7_q5_o1,fw_hicp,CITES,N/A,DTOP-OLD
sra_s7_q5_o2,fw_hipaa,CITES,§164.308(a)(7)(i),DTOP-OLD
sra_s7_q5_o2,fw_nist_csf,CITES,"GV.OC, GV.RM, PR.AA, PR.IR, PR.PS, RS.MA, ID.RA",DTOP-OLD
sra_s7_q5_o2,fw_hph_cpg,CITES,"7, 19",DTOP-OLD
sra_s7_q5_o2,fw_hicp,CITES,N/A,DTOP-OLD
sra_s7_q5_o3,fw_hipaa,CITES,§164.308(a)(7)(i),DTOP-OLD
sra_s7_q5_o3,fw_nist_csf,CITES,"GV.OC, GV.RM, PR.AA, PR.IR, PR.PS, RS.MA, ID.RA",DTOP-OLD
sra_s7_q5_o3,fw_hph_cpg,CITES,"7, 19",DTOP-OLD
sra_s7_q5_o3,fw_hicp,CITES,N/A,DTOP-OLD
sra_s7_q6_o1,fw_hipaa,CITES,§164.308(a)(7)(i),DTOP-OLD
sra_s7_q6_o1,fw_nist_csf,CITES,"GV.OC, GV.RM, PR.AA, PR.IR, PR.PS, RS.MA, ID.RA",DTOP-OLD
sra_s7_q6_o1,fw_hph_cpg,CITES,"7, 19",DTOP-OLD
sra_s7_q6_o1,fw_hicp,CITES,N/A,DTOP-OLD
sra_s7_q6_o2,fw_hipaa,CITES,§164.308(a)(7)(i),DTOP-OLD
sra_s7_q6_o2,fw_nist_csf,CITES,"GV.OC, GV.RM, PR.AA, PR.IR, PR.PS, RS.MA, ID.RA",DTOP-OLD
sra_s7_q6_o2,fw_hph_cpg,CITES,"7, 19",DTOP-OLD
sra_s7_q6_o2,fw_hicp,CITES,N/A,DTOP-OLD
sra_s7_q6_o3,fw_hipaa,CITES,§164.308(a)(7)(i),DTOP-OLD
sra_s7_q6_o3,fw_nist_csf,CITES,"GV.OC, GV.RM, PR.AA, PR.IR, PR.PS, RS.MA, ID.RA",DTOP-OLD
sra_s7_q6_o3,fw_hph_cpg,CITES,"7, 19",DTOP-OLD
sra_s7_q6_o3,fw_hicp,CITES,N/A,DTOP-OLD
sra_s7_q6_o4,fw_hipaa,CITES,§164.308(a)(7)(i),DTOP-OLD
sra_s7_q6_o4,fw_nist_csf,CITES,"GV.OC, GV.RM, PR.AA, PR.IR, PR.PS, RS.MA, ID.RA",DTOP-OLD
sra_s7_q6_o4,fw_hph_cpg,CITES,"7, 19",DTOP-OLD
sra_s7_q6_o4,fw_hicp,CITES,N/A,DTOP-OLD
sra_s7_q6_o5,fw_hipaa,CITES,§164.308(a)(7)(i),DTOP-OLD
sra_s7_q6_o5,fw_nist_csf,CITES,"GV.OC, GV.RM, PR.AA, PR.IR, PR.PS, RS.MA, ID.RA",DTOP-OLD
sra_s7_q6_o5,fw_hph_cpg,CITES,"7, 19",DTOP-OLD
sra_s7_q6_o5,fw_hicp,CITES,N/A,DTOP-OLD
sra_s7_q7_o1,fw_hipaa,CITES,§164.308(a)(7)(i),DTOP-OLD
sra_s7_q7_o1,fw_nist_csf,CITES,"GV.OC, GV.RM, PR.AA, PR.IR, PR.PS, RS.MA",DTOP-OLD
sra_s7_q7_o1,fw_hph_cpg,CITES,"7, 19",DTOP-OLD
sra_s7_q7_o1,fw_hicp,CITES,N/A,DTOP-OLD
sra_s7_q7_o2,fw_hipaa,CITES,§164.308(a)(7)(i),DTOP-OLD
sra_s7_q7_o2,fw_nist_csf,CITES,"GV.OC, GV.RM, PR.AA, PR.IR, PR.PS, RS.MA",DTOP-OLD
sra_s7_q7_o2,fw_hph_cpg,CITES,"7, 19",DTOP-OLD
sra_s7_q7_o2,fw_hicp,CITES,N/A,DTOP-OLD
sra_s7_q7_o3,fw_hipaa,CITES,§164.308(a)(7)(i),DTOP-OLD
sra_s7_q7_o3,fw_nist_csf,CITES,"GV.OC, GV.RM, PR.AA, PR.IR, PR.PS, RS.MA",DTOP-OLD
sra_s7_q7_o3,fw_hph_cpg,CITES,"7, 19",DTOP-OLD
sra_s7_q7_o3,fw_hicp,CITES,N/A,DTOP-OLD
sra_s7_q8_o1,fw_hipaa,CITES,§164.308(a)(6)(i),DTOP-OLD
sra_s7_q8_o1,fw_nist_csf,CITES,"DE.AE, RS.CO, RC.CO, PR.PS",DTOP-OLD
sra_s7_q8_o1,fw_hph_cpg,CITES,"18, 19",DTOP-OLD
sra_s7_q8_o1,fw_hicp,CITES,N/A,DTOP-OLD
sra_s7_q8_o2,fw_hipaa,CITES,§164.308(a)(6)(i),DTOP-OLD
sra_s7_q8_o2,fw_nist_csf,CITES,"DE.AE, RS.CO, RC.CO, PR.PS",DTOP-OLD
sra_s7_q8_o2,fw_hph_cpg,CITES,"18, 19",DTOP-OLD
sra_s7_q8_o2,fw_hicp,CITES,N/A,DTOP-OLD
sra_s7_q8_o3,fw_hipaa,CITES,§164.308(a)(6)(i),DTOP-OLD
sra_s7_q8_o3,fw_nist_csf,CITES,"DE.AE, RS.CO, RC.CO, PR.PS",DTOP-OLD
sra_s7_q8_o3,fw_hph_cpg,CITES,"18, 19",DTOP-OLD
sra_s7_q8_o3,fw_hicp,CITES,N/A,DTOP-OLD
sra_s7_q9_o1,fw_hipaa,CITES,§164.308(a)(6)(i),DTOP-OLD
sra_s7_q9_o1,fw_nist_csf,CITES,"DE.AE, RS.CO, RC.CO, PR.PS, RS.IP",DTOP-OLD
sra_s7_q9_o1,fw_hph_cpg,CITES,"7, 18, 19",DTOP-OLD
sra_s7_q9_o1,fw_hicp,CITES,TV1 - Practice # 8,DTOP-OLD
sra_s7_q9_o2,fw_hipaa,CITES,§164.308(a)(6)(i),DTOP-OLD
sra_s7_q9_o2,fw_nist_csf,CITES,"DE.AE, RS.CO, RC.CO, PR.PS, RS.IP",DTOP-OLD
sra_s7_q9_o2,fw_hph_cpg,CITES,"7, 18, 19",DTOP-OLD
sra_s7_q9_o2,fw_hicp,CITES,TV1 - Practice # 8,DTOP-OLD
sra_s7_q9_o3,fw_hipaa,CITES,§164.308(a)(6)(i),DTOP-OLD
sra_s7_q9_o3,fw_nist_csf,CITES,"DE.AE, RS.CO, RC.CO, PR.PS, RS.IP",DTOP-OLD
sra_s7_q9_o3,fw_hph_cpg,CITES,"7, 18, 19",DTOP-OLD
sra_s7_q9_o3,fw_hicp,CITES,TV1 - Practice # 8,DTOP-OLD
sra_s7_q9_o4,fw_hipaa,CITES,§164.308(a)(6)(i),DTOP-OLD
sra_s7_q9_o4,fw_nist_csf,CITES,"DE.AE, RS.CO, RC.CO, PR.PS, RS.IP",DTOP-OLD
sra_s7_q9_o4,fw_hph_cpg,CITES,"7, 18, 19",DTOP-OLD
sra_s7_q9_o4,fw_hicp,CITES,TV1 - Practice # 8,DTOP-OLD
sra_s7_q9_o5,fw_hipaa,CITES,§164.308(a)(6)(i),DTOP-OLD
sra_s7_q9_o5,fw_nist_csf,CITES,"DE.AE, RS.CO, RC.CO, PR.PS, RS.IP",DTOP-OLD
sra_s7_q9_o5,fw_hph_cpg,CITES,"7, 18, 19",DTOP-OLD
sra_s7_q9_o5,fw_hicp,CITES,TV1 - Practice # 8,DTOP-OLD
sra_s7_q9_o6,fw_hipaa,CITES,§164.308(a)(6)(i),DTOP-OLD
sra_s7_q9_o6,fw_nist_csf,CITES,"DE.AE, RS.CO, RC.CO, PR.PS, RS.IP",DTOP-OLD
sra_s7_q9_o6,fw_hph_cpg,CITES,"7, 18, 19",DTOP-OLD
sra_s7_q9_o6,fw_hicp,CITES,TV1 - Practice # 8,DTOP-OLD
sra_s7_q9_o7,fw_hipaa,CITES,§164.308(a)(6)(i),DTOP-OLD
sra_s7_q9_o7,fw_nist_csf,CITES,"DE.AE, RS.CO, RC.CO, PR.PS, RS.IP",DTOP-OLD
sra_s7_q9_o7,fw_hph_cpg,CITES,"7, 18, 19",DTOP-OLD
sra_s7_q9_o7,fw_hicp,CITES,TV1 - Practice # 8,DTOP-OLD
sra_s7_q9_o8,fw_hipaa,CITES,§164.308(a)(6)(i),DTOP-OLD
sra_s7_q9_o8,fw_nist_csf,CITES,"DE.AE, RS.CO, RC.CO, PR.PS, RS.IP",DTOP-OLD
sra_s7_q9_o8,fw_hph_cpg,CITES,"7, 18, 19",DTOP-OLD
sra_s7_q9_o8,fw_hicp,CITES,TV1 - Practice # 8,DTOP-OLD
sra_s7_q9_o9,fw_hipaa,CITES,§164.308(a)(6)(i),DTOP-OLD
sra_s7_q9_o9,fw_nist_csf,CITES,"DE.AE, RS.CO, RC.CO, PR.PS, RS.IP",DTOP-OLD
sra_s7_q9_o9,fw_hph_cpg,CITES,"7, 18, 19",DTOP-OLD
sra_s7_q9_o9,fw_hicp,CITES,TV1 - Practice # 8,DTOP-OLD
sra_s7_q10_o1,fw_hipaa,CITES,§164.308(a)(6)(ii),DTOP-OLD
sra_s7_q10_o1,fw_nist_csf,CITES,"RC.CO, GV.RM, PR.PS, DE.AE, RS.MA, RS.CO, RS.AN, RS.MI, ID.AM, GV.RR, GV.PO, GV.OV",DTOP-OLD
sra_s7_q10_o1,fw_hph_cpg,CITES,"7, 19",DTOP-OLD
sra_s7_q10_o1,fw_hicp,CITES,TV1 - Practice # 8,DTOP-OLD
sra_s7_q10_o2,fw_hipaa,CITES,§164.308(a)(6)(ii),DTOP-OLD
sra_s7_q10_o2,fw_nist_csf,CITES,"RC.CO, GV.RM, PR.PS, DE.AE, RS.MA, RS.CO, RS.AN, RS.MI, ID.AM, GV.RR, GV.PO, GV.OV",DTOP-OLD
sra_s7_q10_o2,fw_hph_cpg,CITES,"7, 19",DTOP-OLD
sra_s7_q10_o2,fw_hicp,CITES,TV1 - Practice # 8,DTOP-OLD
sra_s7_q10_o3,fw_hipaa,CITES,§164.308(a)(6)(ii),DTOP-OLD
sra_s7_q10_o3,fw_nist_csf,CITES,"RC.CO, GV.RM, PR.PS, DE.AE, RS.MA, RS.CO, RS.AN, RS.MI, ID.AM, GV.RR, GV.PO, GV.OV",DTOP-OLD
sra_s7_q10_o3,fw_hph_cpg,CITES,"7, 19",DTOP-OLD
sra_s7_q10_o3,fw_hicp,CITES,TV1 - Practice # 8,DTOP-OLD
sra_s7_q11_o1,fw_hipaa,CITES,§164.308(a)(6)(ii),DTOP-OLD
sra_s7_q11_o1,fw_nist_csf,CITES,"PR.AT, RC.CO, GV.RM, PR.PS, DE.AE, RS.MA, RS.CO, RS.AN, RS.MI, ID.AM, ID.RA",DTOP-OLD
sra_s7_q11_o1,fw_hph_cpg,CITES,"4, 7, 19",DTOP-OLD
sra_s7_q11_o1,fw_hicp,CITES,TV1 - Practice # 8,DTOP-OLD
sra_s7_q11_o2,fw_hipaa,CITES,§164.308(a)(6)(ii),DTOP-OLD
sra_s7_q11_o2,fw_nist_csf,CITES,"PR.AT, RC.CO, GV.RM, PR.PS, DE.AE, RS.MA, RS.CO, RS.AN, RS.MI, ID.AM, ID.RA",DTOP-OLD
sra_s7_q11_o2,fw_hph_cpg,CITES,"4, 7, 19",DTOP-OLD
sra_s7_q11_o2,fw_hicp,CITES,TV1 - Practice # 8,DTOP-OLD
sra_s7_q11_o3,fw_hipaa,CITES,§164.308(a)(6)(ii),DTOP-OLD
sra_s7_q11_o3,fw_nist_csf,CITES,"PR.AT, RC.CO, GV.RM, PR.PS, DE.AE, RS.MA, RS.CO, RS.AN, RS.MI, ID.AM, ID.RA",DTOP-OLD
sra_s7_q11_o3,fw_hph_cpg,CITES,"4, 7, 19",DTOP-OLD
sra_s7_q11_o3,fw_hicp,CITES,TV1 - Practice # 8,DTOP-OLD
sra_s7_q11_o4,fw_hipaa,CITES,§164.308(a)(6)(ii),DTOP-OLD
sra_s7_q11_o4,fw_nist_csf,CITES,"PR.AT, RC.CO, GV.RM, PR.PS, DE.AE, RS.MA, RS.CO, RS.AN, RS.MI, ID.AM, ID.RA",DTOP-OLD
sra_s7_q11_o4,fw_hph_cpg,CITES,"4, 7, 19",DTOP-OLD
sra_s7_q11_o4,fw_hicp,CITES,TV1 - Practice # 8,DTOP-OLD
sra_s7_q11_o5,fw_hipaa,CITES,§164.308(a)(6)(ii),DTOP-OLD
sra_s7_q11_o5,fw_nist_csf,CITES,"PR.AT, RC.CO, GV.RM, PR.PS, DE.AE, RS.MA, RS.CO, RS.AN, RS.MI, ID.AM, ID.RA",DTOP-OLD
sra_s7_q11_o5,fw_hph_cpg,CITES,"4, 7, 19",DTOP-OLD
sra_s7_q11_o5,fw_hicp,CITES,TV1 - Practice # 8,DTOP-OLD
sra_s7_q11_o6,fw_hipaa,CITES,§164.308(a)(6)(ii),DTOP-OLD
sra_s7_q11_o6,fw_nist_csf,CITES,"PR.AT, RC.CO, GV.RM, PR.PS, DE.AE, RS.MA, RS.CO, RS.AN, RS.MI, ID.AM, ID.RA",DTOP-OLD
sra_s7_q11_o6,fw_hph_cpg,CITES,"4, 7, 19",DTOP-OLD
sra_s7_q11_o6,fw_hicp,CITES,TV1 - Practice # 8,DTOP-OLD
sra_s7_q12_o1,fw_hipaa,CITES,§164.308(a)(7)(i),DTOP-OLD
sra_s7_q12_o1,fw_nist_csf,CITES,"GV.OC, GV.RM, PR.AA, PR.IR, PR.PS, RS.MA",DTOP-OLD
sra_s7_q12_o1,fw_hph_cpg,CITES,19,DTOP-OLD
sra_s7_q12_o1,fw_hicp,CITES,TV1 - Practice # 10,DTOP-OLD
sra_s7_q12_o2,fw_hipaa,CITES,§164.308(a)(7)(i),DTOP-OLD
sra_s7_q12_o2,fw_nist_csf,CITES,"GV.OC, GV.RM, PR.AA, PR.IR, PR.PS, RS.MA",DTOP-OLD
sra_s7_q12_o2,fw_hph_cpg,CITES,19,DTOP-OLD
sra_s7_q12_o2,fw_hicp,CITES,TV1 - Practice # 10,DTOP-OLD
sra_s7_q12_o3,fw_hipaa,CITES,§164.308(a)(7)(i),DTOP-OLD
sra_s7_q12_o3,fw_nist_csf,CITES,"GV.OC, GV.RM, PR.AA, PR.IR, PR.PS, RS.MA",DTOP-OLD
sra_s7_q12_o3,fw_hph_cpg,CITES,19,DTOP-OLD
sra_s7_q12_o3,fw_hicp,CITES,TV1 - Practice # 10,DTOP-OLD
sra_s7_q12_o4,fw_hipaa,CITES,§164.308(a)(7)(i),DTOP-OLD
sra_s7_q12_o4,fw_nist_csf,CITES,"GV.OC, GV.RM, PR.AA, PR.IR, PR.PS, RS.MA",DTOP-OLD
sra_s7_q12_o4,fw_hph_cpg,CITES,19,DTOP-OLD
sra_s7_q12_o4,fw_hicp,CITES,TV1 - Practice # 10,DTOP-OLD
sra_s7_q12_o5,fw_hipaa,CITES,§164.308(a)(7)(i),DTOP-OLD
sra_s7_q12_o5,fw_nist_csf,CITES,"GV.OC, GV.RM, PR.AA, PR.IR, PR.PS, RS.MA",DTOP-OLD
sra_s7_q12_o5,fw_hph_cpg,CITES,19,DTOP-OLD
sra_s7_q12_o5,fw_hicp,CITES,TV1 - Practice # 10,DTOP-OLD
sra_s7_q13_o1,fw_hipaa,CITES,§164.312(a)(2)(ii),DTOP-OLD
sra_s7_q13_o1,fw_nist_csf,CITES,"PR.AA, PR.IR, GV.OC, PR.DS, PR.PS, PR.MA, RS.MA, RS.CO",DTOP-OLD
sra_s7_q13_o1,fw_hph_cpg,CITES,19,DTOP-OLD
sra_s7_q13_o1,fw_hicp,CITES,N/A,DTOP-OLD
sra_s7_q13_o2,fw_hipaa,CITES,§164.312(a)(2)(ii),DTOP-OLD
sra_s7_q13_o2,fw_nist_csf,CITES,"PR.AA, PR.IR, GV.OC, PR.DS, PR.PS, PR.MA, RS.MA, RS.CO",DTOP-OLD
sra_s7_q13_o2,fw_hph_cpg,CITES,19,DTOP-OLD
sra_s7_q13_o2,fw_hicp,CITES,N/A,DTOP-OLD
sra_s7_q13_o3,fw_hipaa,CITES,§164.312(a)(2)(ii),DTOP-OLD
sra_s7_q13_o3,fw_nist_csf,CITES,"PR.AA, PR.IR, GV.OC, PR.DS, PR.PS, PR.MA, RS.MA, RS.CO",DTOP-OLD
sra_s7_q13_o3,fw_hph_cpg,CITES,19,DTOP-OLD
sra_s7_q13_o3,fw_hicp,CITES,N/A,DTOP-OLD
sra_s7_q13_o4,fw_hipaa,CITES,§164.312(a)(2)(ii),DTOP-OLD
sra_s7_q13_o4,fw_nist_csf,CITES,"PR.AA, PR.IR, GV.OC, PR.DS, PR.PS, PR.MA, RS.MA, RS.CO",DTOP-OLD
sra_s7_q13_o4,fw_hph_cpg,CITES,19,DTOP-OLD
sra_s7_q13_o4,fw_hicp,CITES,N/A,DTOP-OLD
sra_s7_q14_o1,fw_hipaa,CITES,§164.308(a)(7)(ii)(C),DTOP-OLD
sra_s7_q14_o1,fw_nist_csf,CITES,"GV.OC, GV.RM, PR.PS, RS.MA, RS.CO, RS.AN, RC.CO, RC.RP",DTOP-OLD
sra_s7_q14_o1,fw_hph_cpg,CITES,"7, 19",DTOP-OLD
sra_s7_q14_o1,fw_hicp,CITES,N/A,DTOP-OLD
sra_s7_q14_o2,fw_hipaa,CITES,§164.308(a)(7)(ii)(C),DTOP-OLD
sra_s7_q14_o2,fw_nist_csf,CITES,"GV.OC, GV.RM, PR.PS, RS.MA, RS.CO, RS.AN, RC.CO, RC.RP",DTOP-OLD
sra_s7_q14_o2,fw_hph_cpg,CITES,"7, 19",DTOP-OLD
sra_s7_q14_o2,fw_hicp,CITES,N/A,DTOP-OLD
sra_s7_q14_o3,fw_hipaa,CITES,§164.308(a)(7)(ii)(C),DTOP-OLD
sra_s7_q14_o3,fw_nist_csf,CITES,"GV.OC, GV.RM, PR.PS, RS.MA, RS.CO, RS.AN, RC.CO, RC.RP",DTOP-OLD
sra_s7_q14_o3,fw_hph_cpg,CITES,"7, 19",DTOP-OLD
sra_s7_q14_o3,fw_hicp,CITES,N/A,DTOP-OLD
sra_s7_q14_o4,fw_hipaa,CITES,§164.308(a)(7)(ii)(C),DTOP-OLD
sra_s7_q14_o4,fw_nist_csf,CITES,"GV.OC, GV.RM, PR.PS, RS.MA, RS.CO, RS.AN, RC.CO, RC.RP",DTOP-OLD
sra_s7_q14_o4,fw_hph_cpg,CITES,"7, 19",DTOP-OLD
sra_s7_q14_o4,fw_hicp,CITES,N/A,DTOP-OLD
sra_s7_q14_o5,fw_hipaa,CITES,§164.308(a)(7)(ii)(C),DTOP-OLD
sra_s7_q14_o5,fw_nist_csf,CITES,"GV.OC, GV.RM, PR.PS, RS.MA, RS.CO, RS.AN, RC.CO, RC.RP",DTOP-OLD
sra_s7_q14_o5,fw_hph_cpg,CITES,"7, 19",DTOP-OLD
sra_s7_q14_o5,fw_hicp,CITES,N/A,DTOP-OLD
sra_s7_q15_o1,fw_hipaa,CITES,"§164.308(a)(7)(ii)(A),§164.308(a)(7)(ii)(B), and §164.308(a)(7)(ii)(E)",DTOP-OLD
sra_s7_q15_o1,fw_nist_csf,CITES,"GV.OC, ID.RA, GV.RM, RS.AN, PR.PS, RS.MA, RS.CO, RC.CO, RC.RP, PR.DS",DTOP-OLD
sra_s7_q15_o1,fw_hph_cpg,CITES,"19, 20",DTOP-OLD
sra_s7_q15_o1,fw_hicp,CITES,TV1 - Practice # 10,DTOP-OLD
sra_s7_q15_o2,fw_hipaa,CITES,"§164.308(a)(7)(ii)(A),§164.308(a)(7)(ii)(B), and §164.308(a)(7)(ii)(E)",DTOP-OLD
sra_s7_q15_o2,fw_nist_csf,CITES,"GV.OC, ID.RA, GV.RM, RS.AN, PR.PS, RS.MA, RS.CO, RC.CO, RC.RP, PR.DS",DTOP-OLD
sra_s7_q15_o2,fw_hph_cpg,CITES,"19, 20",DTOP-OLD
sra_s7_q15_o2,fw_hicp,CITES,TV1 - Practice # 10,DTOP-OLD
sra_s7_q15_o3,fw_hipaa,CITES,"§164.308(a)(7)(ii)(A),§164.308(a)(7)(ii)(B), and §164.308(a)(7)(ii)(E)",DTOP-OLD
sra_s7_q15_o3,fw_nist_csf,CITES,"GV.OC, ID.RA, GV.RM, RS.AN, PR.PS, RS.MA, RS.CO, RC.CO, RC.RP, PR.DS",DTOP-OLD
sra_s7_q15_o3,fw_hph_cpg,CITES,"19, 20",DTOP-OLD
sra_s7_q15_o3,fw_hicp,CITES,TV1 - Practice # 10,DTOP-OLD
sra_s7_q15_o4,fw_hipaa,CITES,"§164.308(a)(7)(ii)(A),§164.308(a)(7)(ii)(B), and §164.308(a)(7)(ii)(E)",DTOP-OLD
sra_s7_q15_o4,fw_nist_csf,CITES,"GV.OC, ID.RA, GV.RM, RS.AN, PR.PS, RS.MA, RS.CO, RC.CO, RC.RP, PR.DS",DTOP-OLD
sra_s7_q15_o4,fw_hph_cpg,CITES,"19, 20",DTOP-OLD
sra_s7_q15_o4,fw_hicp,CITES,TV1 - Practice # 10,DTOP-OLD
sra_s7_q16_o1,fw_hipaa,CITES,§164.312(a)(2)(ii),DTOP-OLD
sra_s7_q16_o1,fw_nist_csf,CITES,"GV.OC, PR.PS, DE.AE, RS.MA, RS.CO",DTOP-OLD
sra_s7_q16_o1,fw_hph_cpg,CITES,19,DTOP-OLD
sra_s7_q16_o1,fw_hicp,CITES,N/A,DTOP-OLD
sra_s7_q16_o2,fw_hipaa,CITES,§164.312(a)(2)(ii),DTOP-OLD
sra_s7_q16_o2,fw_nist_csf,CITES,"GV.OC, PR.PS, DE.AE, RS.MA, RS.CO",DTOP-OLD
sra_s7_q16_o2,fw_hph_cpg,CITES,19,DTOP-OLD
sra_s7_q16_o2,fw_hicp,CITES,N/A,DTOP-OLD
sra_s7_q16_o3,fw_hipaa,CITES,§164.312(a)(2)(ii),DTOP-OLD
sra_s7_q16_o3,fw_nist_csf,CITES,"GV.OC, PR.PS, DE.AE, RS.MA, RS.CO",DTOP-OLD
sra_s7_q16_o3,fw_hph_cpg,CITES,19,DTOP-OLD
sra_s7_q16_o3,fw_hicp,CITES,N/A,DTOP-OLD
sra_s7_q17_o1,fw_hipaa,CITES,§164.310(a)(2)(i),DTOP-OLD
sra_s7_q17_o1,fw_nist_csf,CITES,"GV.OC, GV.RM, PR.AA, PR.IR, PR.PS, RS.MA, PR.DS, RS.CO, RC.RP",DTOP-OLD
sra_s7_q17_o1,fw_hph_cpg,CITES,19,DTOP-OLD
sra_s7_q17_o1,fw_hicp,CITES,N/A,DTOP-OLD
sra_s7_q17_o2,fw_hipaa,CITES,§164.310(a)(2)(i),DTOP-OLD
sra_s7_q17_o2,fw_nist_csf,CITES,"GV.OC, GV.RM, PR.AA, PR.IR, PR.PS, RS.MA, PR.DS, RS.CO, RC.RP",DTOP-OLD
sra_s7_q17_o2,fw_hph_cpg,CITES,19,DTOP-OLD
sra_s7_q17_o2,fw_hicp,CITES,N/A,DTOP-OLD
sra_s7_q17_o3,fw_hipaa,CITES,§164.310(a)(2)(i),DTOP-OLD
sra_s7_q17_o3,fw_nist_csf,CITES,"GV.OC, GV.RM, PR.AA, PR.IR, PR.PS, RS.MA, PR.DS, RS.CO, RC.RP",DTOP-OLD
sra_s7_q17_o3,fw_hph_cpg,CITES,19,DTOP-OLD
sra_s7_q17_o3,fw_hicp,CITES,N/A,DTOP-OLD
sra_s7_q18_o1,fw_hipaa,CITES,§164.312(a)(2)(ii),DTOP-OLD
sra_s7_q18_o1,fw_nist_csf,CITES,N/A,DTOP-OLD
sra_s7_q18_o1,fw_hph_cpg,CITES,19,DTOP-OLD
sra_s7_q18_o1,fw_hicp,CITES,N/A,DTOP-OLD
sra_s7_q18_o2,fw_hipaa,CITES,§164.312(a)(2)(ii),DTOP-OLD
sra_s7_q18_o2,fw_nist_csf,CITES,N/A,DTOP-OLD
sra_s7_q18_o2,fw_hph_cpg,CITES,19,DTOP-OLD
sra_s7_q18_o2,fw_hicp,CITES,N/A,DTOP-OLD
sra_s7_q18_o3,fw_hipaa,CITES,§164.312(a)(2)(ii),DTOP-OLD
sra_s7_q18_o3,fw_nist_csf,CITES,N/A,DTOP-OLD
sra_s7_q18_o3,fw_hph_cpg,CITES,19,DTOP-OLD
sra_s7_q18_o3,fw_hicp,CITES,N/A,DTOP-OLD
sra_s7_q19_o1,fw_hipaa,CITES,§164.308(a)(8),DTOP-OLD
sra_s7_q19_o1,fw_nist_csf,CITES,"ID.AM, GV.OC, ID.RA, PR.PS, DE.AE, DE.CM, RS.MI, ID.IM, RC.MI",DTOP-OLD
sra_s7_q19_o1,fw_hph_cpg,CITES,19,DTOP-OLD
sra_s7_q19_o1,fw_hicp,CITES,N/A,DTOP-OLD
sra_s7_q19_o2,fw_hipaa,CITES,§164.308(a)(8),DTOP-OLD
sra_s7_q19_o2,fw_nist_csf,CITES,"ID.AM, GV.OC, ID.RA, PR.PS, DE.AE, DE.CM, RS.MI, ID.IM, RC.MI",DTOP-OLD
sra_s7_q19_o2,fw_hph_cpg,CITES,19,DTOP-OLD
sra_s7_q19_o2,fw_hicp,CITES,N/A,DTOP-OLD
sra_s7_q19_o3,fw_hipaa,CITES,§164.308(a)(8),DTOP-OLD
sra_s7_q19_o3,fw_nist_csf,CITES,"ID.AM, GV.OC, ID.RA, PR.PS, DE.AE, DE.CM, RS.MI, ID.IM, RC.MI",DTOP-OLD
sra_s7_q19_o3,fw_hph_cpg,CITES,19,DTOP-OLD
sra_s7_q19_o3,fw_hicp,CITES,N/A,DTOP-OLD
sra_s7_q20_o1,fw_hipaa,CITES,§164.308(a)(8),DTOP-OLD
sra_s7_q20_o1,fw_nist_csf,CITES,"ID.AM, GV.OC, ID.RA, PR.PS, DE.AE, DE.CM, RS.MI, ID.IM, RC.MI",DTOP-OLD
sra_s7_q20_o1,fw_hph_cpg,CITES,19,DTOP-OLD
sra_s7_q20_o1,fw_hicp,CITES,N/A,DTOP-OLD
sra_s7_q20_o2,fw_hipaa,CITES,§164.308(a)(8),DTOP-OLD
sra_s7_q20_o2,fw_nist_csf,CITES,"ID.AM, GV.OC, ID.RA, PR.PS, DE.AE, DE.CM, RS.MI, ID.IM, RC.MI",DTOP-OLD
sra_s7_q20_o2,fw_hph_cpg,CITES,19,DTOP-OLD
sra_s7_q20_o2,fw_hicp,CITES,N/A,DTOP-OLD
sra_s7_q20_o3,fw_hipaa,CITES,§164.308(a)(8),DTOP-OLD
sra_s7_q20_o3,fw_nist_csf,CITES,"ID.AM, GV.OC, ID.RA, PR.PS, DE.AE, DE.CM, RS.MI, ID.IM, RC.MI",DTOP-OLD
sra_s7_q20_o3,fw_hph_cpg,CITES,19,DTOP-OLD
sra_s7_q20_o3,fw_hicp,CITES,N/A,DTOP-OLD
