bill_clause_id,bill_section_id,bill_proposed_section_id,path,kind,label,quoted_matter,text,source_document
BILL-3(1),BILL-SEC-3,,(1),paragraph,1,no,"(1) ADDITIONAL CYBERSECURITY PROCEDURE.—The term ‘‘additional cybersecurity procedure’’ has the meaning given the term in section 3552(b) of title 44, United States Code, as amended by this Act.","USA_FISMA_Federal_Information_Security_Modernization_Act1.txt (S. 2902, 117th Congress, 1st Session)"
BILL-3(2),BILL-SEC-3,,(2),paragraph,2,no,"(2) AGENCY.—The term ‘‘agency’’ has the meaning given the term in section 3502 of title 44, United States Code.","USA_FISMA_Federal_Information_Security_Modernization_Act1.txt (S. 2902, 117th Congress, 1st Session)"
BILL-3(3),BILL-SEC-3,,(3),paragraph,3,no,(3) APPROPRIATE CONGRESSIONAL COMMITTEES.—The term ‘‘appropriate congressional committees’’ means—,"USA_FISMA_Federal_Information_Security_Modernization_Act1.txt (S. 2902, 117th Congress, 1st Session)"
BILL-3(3)(A),BILL-SEC-3,,(3)(A),subparagraph,A,no,(A) the Committee on Homeland Security and Governmental Affairs of the Senate;,"USA_FISMA_Federal_Information_Security_Modernization_Act1.txt (S. 2902, 117th Congress, 1st Session)"
BILL-3(3)(B),BILL-SEC-3,,(3)(B),subparagraph,B,no,(B) the Committee on Oversight and Reform of the House of Representatives; and,"USA_FISMA_Federal_Information_Security_Modernization_Act1.txt (S. 2902, 117th Congress, 1st Session)"
BILL-3(3)(C),BILL-SEC-3,,(3)(C),subparagraph,C,no,(C) the Committee on Homeland Security of the House of Representatives.,"USA_FISMA_Federal_Information_Security_Modernization_Act1.txt (S. 2902, 117th Congress, 1st Session)"
BILL-3(4),BILL-SEC-3,,(4),paragraph,4,no,(4) DIRECTOR.—The term ‘‘Director’’ means the Director of the Office of Management and Budget.,"USA_FISMA_Federal_Information_Security_Modernization_Act1.txt (S. 2902, 117th Congress, 1st Session)"
BILL-3(5),BILL-SEC-3,,(5),paragraph,5,no,"(5) INCIDENT.—The term ‘‘incident’’ has the meaning given the term in section 3552(b) of title 44, United States Code.","USA_FISMA_Federal_Information_Security_Modernization_Act1.txt (S. 2902, 117th Congress, 1st Session)"
BILL-3(6),BILL-SEC-3,,(6),paragraph,6,no,"(6) PENETRATION TEST.—The term ‘‘penetration test’’ has the meaning given the term in section 3552(b) of title 44, United States Code, as amended by this Act.","USA_FISMA_Federal_Information_Security_Modernization_Act1.txt (S. 2902, 117th Congress, 1st Session)"
BILL-3(7),BILL-SEC-3,,(7),paragraph,7,no,(7) THREAT HUNTING.—The term ‘‘threat hunting’’ means proactively and iteratively searching for threats to systems that evade detection by automated threat detection systems.,"USA_FISMA_Federal_Information_Security_Modernization_Act1.txt (S. 2902, 117th Congress, 1st Session)"
BILL-3(8),BILL-SEC-3,,(8),paragraph,8,no,"(8) VERIFICATION SPECIFICATION.—The term ‘‘verification specification’’ means a specification developed under section 11331(f) of title 40, United States Code, as amended by this Act.","USA_FISMA_Federal_Information_Security_Modernization_Act1.txt (S. 2902, 117th Congress, 1st Session)"
BILL-101(a),BILL-SEC-101,,(a),subsection,a,no,"(a) SUBCHAPTER I AMENDMENTS.—Subchapter I of chapter 35 of title 44, United States Code, is amended—","USA_FISMA_Federal_Information_Security_Modernization_Act1.txt (S. 2902, 117th Congress, 1st Session)"
BILL-101(a)(1),BILL-SEC-101,,(a)(1),paragraph,1,no,(1) in section 3504—,"USA_FISMA_Federal_Information_Security_Modernization_Act1.txt (S. 2902, 117th Congress, 1st Session)"
BILL-101(a)(1)(A),BILL-SEC-101,,(a)(1)(A),subparagraph,A,no,"(A) in subsection (a)(1)(B)(v), by striking ‘‘confidentiality, security, disclosure, and sharing of information’’ and inserting ‘‘disclosure, sharing of information, and, in consultation with the Director of the Cybersecurity and Infrastructure Security Agency, confidentiality and security’’;","USA_FISMA_Federal_Information_Security_Modernization_Act1.txt (S. 2902, 117th Congress, 1st Session)"
BILL-101(a)(1)(B),BILL-SEC-101,,(a)(1)(B),subparagraph,B,no,"(B) in subsection (b)(2)(B), by inserting ‘‘in coordination with the Director of the Cybersecurity and Infrastructure Security Agency’’ after ‘‘standards for security’’;","USA_FISMA_Federal_Information_Security_Modernization_Act1.txt (S. 2902, 117th Congress, 1st Session)"
BILL-101(a)(1)(C),BILL-SEC-101,,(a)(1)(C),subparagraph,C,no,"(C) in subsection (g), by striking paragraph (1) and inserting the following:","USA_FISMA_Federal_Information_Security_Modernization_Act1.txt (S. 2902, 117th Congress, 1st Session)"
BILL-101(a)(1)#2,BILL-SEC-101,,(a)(1),paragraph,1,yes,(1) with respect to information collected or maintained by or for agencies—,"USA_FISMA_Federal_Information_Security_Modernization_Act1.txt (S. 2902, 117th Congress, 1st Session)"
BILL-101(a)(1)(A)#2,BILL-SEC-101,,(a)(1)(A),subparagraph,A,yes,"(A) develop and oversee the implementation of policies, principles, standards, and guidelines on privacy, disclosure, and sharing of the information; and","USA_FISMA_Federal_Information_Security_Modernization_Act1.txt (S. 2902, 117th Congress, 1st Session)"
BILL-101(a)(1)(B)#2,BILL-SEC-101,,(a)(1)(B),subparagraph,B,yes,"(B) in consultation with the Director of the Cybersecurity and Infrastructure Security Agency, develop and oversee policies, principles, standards, and guidelines on confidentiality and security of the information; and’’; and","USA_FISMA_Federal_Information_Security_Modernization_Act1.txt (S. 2902, 117th Congress, 1st Session)"
BILL-101(a)(1)(D),BILL-SEC-101,,(a)(1)(D),subparagraph,D,no,(D) in subsection (h)(1)—,"USA_FISMA_Federal_Information_Security_Modernization_Act1.txt (S. 2902, 117th Congress, 1st Session)"
BILL-101(a)(1)(D)(i),BILL-SEC-101,,(a)(1)(D)(i),clause,i,no,(i) in the matter preceding subparagraph (A)—,"USA_FISMA_Federal_Information_Security_Modernization_Act1.txt (S. 2902, 117th Congress, 1st Session)"
BILL-101(a)(1)(D)(i)(I),BILL-SEC-101,,(a)(1)(D)(i)(I),subclause,I,no,"(I) by inserting ‘‘the Director of the Cybersecurity and Infrastructure Security Agency,’’ before ‘‘the Director’’; and","USA_FISMA_Federal_Information_Security_Modernization_Act1.txt (S. 2902, 117th Congress, 1st Session)"
BILL-101(a)(1)(D)(i)(II),BILL-SEC-101,,(a)(1)(D)(i)(II),subclause,II,no,(II) by inserting a comma before ‘‘and the Administrator’’; and,"USA_FISMA_Federal_Information_Security_Modernization_Act1.txt (S. 2902, 117th Congress, 1st Session)"
BILL-101(a)(1)(D)(ii),BILL-SEC-101,,(a)(1)(D)(ii),clause,ii,no,"(ii) in subparagraph (A), by inserting ‘‘security and’’ after ‘‘information technology’’;","USA_FISMA_Federal_Information_Security_Modernization_Act1.txt (S. 2902, 117th Congress, 1st Session)"
BILL-101(a)(2),BILL-SEC-101,,(a)(2),paragraph,2,no,(2) in section 3505—,"USA_FISMA_Federal_Information_Security_Modernization_Act1.txt (S. 2902, 117th Congress, 1st Session)"
BILL-101(a)(2)(A),BILL-SEC-101,,(a)(2)(A),subparagraph,A,no,(A) in paragraph (3) of the first subsection designated as subsection (c)—,"USA_FISMA_Federal_Information_Security_Modernization_Act1.txt (S. 2902, 117th Congress, 1st Session)"
BILL-101(a)(2)(A)(i),BILL-SEC-101,,(a)(2)(A)(i),clause,i,no,(i) in subparagraph (B)—,"USA_FISMA_Federal_Information_Security_Modernization_Act1.txt (S. 2902, 117th Congress, 1st Session)"
BILL-101(a)(2)(A)(i)(I),BILL-SEC-101,,(a)(2)(A)(i)(I),subclause,I,no,(I) by inserting ‘‘and the Director of the Cybersecurity and Infrastructure Security Agency’’ after ‘‘Comptroller General’’; and,"USA_FISMA_Federal_Information_Security_Modernization_Act1.txt (S. 2902, 117th Congress, 1st Session)"
BILL-101(a)(2)(A)(i)(II),BILL-SEC-101,,(a)(2)(A)(i)(II),subclause,II,no,(II) by striking ‘‘and’’ at the end;,"USA_FISMA_Federal_Information_Security_Modernization_Act1.txt (S. 2902, 117th Congress, 1st Session)"
BILL-101(a)(2)(A)(ii),BILL-SEC-101,,(a)(2)(A)(ii),clause,ii,no,"(ii) in subparagraph (C)(v), by striking the period at the end and inserting ‘‘; and’’; and","USA_FISMA_Federal_Information_Security_Modernization_Act1.txt (S. 2902, 117th Congress, 1st Session)"
BILL-101(a)(2)(A)(iii),BILL-SEC-101,,(a)(2)(A)(iii),clause,iii,no,(iii) by adding at the end the following:,"USA_FISMA_Federal_Information_Security_Modernization_Act1.txt (S. 2902, 117th Congress, 1st Session)"
BILL-101(a)(2)(D),BILL-SEC-101,,(a)(2)(D),subparagraph,D,yes,"(D) maintained on a continual basis through the use of automation, machine-readable data, and scanning.’’; and","USA_FISMA_Federal_Information_Security_Modernization_Act1.txt (S. 2902, 117th Congress, 1st Session)"
BILL-101(a)(2)(B),BILL-SEC-101,,(a)(2)(B),subparagraph,B,no,(B) by striking the second subsection designated as subsection (c);,"USA_FISMA_Federal_Information_Security_Modernization_Act1.txt (S. 2902, 117th Congress, 1st Session)"
BILL-101(a)(3),BILL-SEC-101,,(a)(3),paragraph,3,no,(3) in section 3506—,"USA_FISMA_Federal_Information_Security_Modernization_Act1.txt (S. 2902, 117th Congress, 1st Session)"
BILL-101(a)(3)(A),BILL-SEC-101,,(a)(3)(A),subparagraph,A,no,(A) in subsection (b)—,"USA_FISMA_Federal_Information_Security_Modernization_Act1.txt (S. 2902, 117th Congress, 1st Session)"
BILL-101(a)(3)(A)(i),BILL-SEC-101,,(a)(3)(A)(i),clause,i,no,"(i) in paragraph (1)(C), by inserting ‘‘, availability’’ after ‘‘integrity’’; and","USA_FISMA_Federal_Information_Security_Modernization_Act1.txt (S. 2902, 117th Congress, 1st Session)"
BILL-101(a)(3)(A)(ii),BILL-SEC-101,,(a)(3)(A)(ii),clause,ii,no,"(ii) in paragraph (4), by inserting ‘‘the Director of the Cybersecurity and Infrastructure Security Agency,’’ after ‘‘General Services,’’; and","USA_FISMA_Federal_Information_Security_Modernization_Act1.txt (S. 2902, 117th Congress, 1st Session)"
BILL-101(a)(3)(B),BILL-SEC-101,,(a)(3)(B),subparagraph,B,no,"(B) in subsection (h)(3), by inserting ‘‘security,’’ after ‘‘efficiency,’’;","USA_FISMA_Federal_Information_Security_Modernization_Act1.txt (S. 2902, 117th Congress, 1st Session)"
BILL-101(a)(4),BILL-SEC-101,,(a)(4),paragraph,4,no,(4) in section 3513—,"USA_FISMA_Federal_Information_Security_Modernization_Act1.txt (S. 2902, 117th Congress, 1st Session)"
BILL-101(a)(4)(A),BILL-SEC-101,,(a)(4)(A),subparagraph,A,no,"(A) in subsection (a), by inserting ‘‘the Director of the Cybersecurity and Infrastructure Security Agency,’’ before ‘‘the Administrator of General Services’’;","USA_FISMA_Federal_Information_Security_Modernization_Act1.txt (S. 2902, 117th Congress, 1st Session)"
BILL-101(a)(4)(B),BILL-SEC-101,,(a)(4)(B),subparagraph,B,no,(B) by redesignating subsection (c) as subsection (d); and,"USA_FISMA_Federal_Information_Security_Modernization_Act1.txt (S. 2902, 117th Congress, 1st Session)"
BILL-101(a)(4)(C),BILL-SEC-101,,(a)(4)(C),subparagraph,C,no,(C) by inserting after subsection (b) the following:,"USA_FISMA_Federal_Information_Security_Modernization_Act1.txt (S. 2902, 117th Congress, 1st Session)"
BILL-101(c),BILL-SEC-101,,(c),subsection,c,yes,(c) Each agency providing a written plan under subsection (b) shall provide any portion of the written plan addressing information security or cybersecurity to the Director of the Cybersecurity and Infrastructure Security Agency.’’; and,"USA_FISMA_Federal_Information_Security_Modernization_Act1.txt (S. 2902, 117th Congress, 1st Session)"
BILL-101(c)(5),BILL-SEC-101,,(c)(5),paragraph,5,no,(5) in section 3520A(b)—,"USA_FISMA_Federal_Information_Security_Modernization_Act1.txt (S. 2902, 117th Congress, 1st Session)"
BILL-101(c)(5)(A),BILL-SEC-101,,(c)(5)(A),subparagraph,A,no,"(A) in paragraph (1), by striking ‘‘, protection’’;","USA_FISMA_Federal_Information_Security_Modernization_Act1.txt (S. 2902, 117th Congress, 1st Session)"
BILL-101(c)(5)(B),BILL-SEC-101,,(c)(5)(B),subparagraph,B,no,"(B) by redesignating paragraphs (2), (3), (4), and (5) as paragraphs (3), (4), (5), and (6), respectively; and","USA_FISMA_Federal_Information_Security_Modernization_Act1.txt (S. 2902, 117th Congress, 1st Session)"
BILL-101(c)(5)(C),BILL-SEC-101,,(c)(5)(C),subparagraph,C,no,(C) by inserting after paragraph (1) the following:,"USA_FISMA_Federal_Information_Security_Modernization_Act1.txt (S. 2902, 117th Congress, 1st Session)"
BILL-101(c)(2),BILL-SEC-101,,(c)(2),paragraph,2,yes,"(2) in consultation with the Director of the Cybersecurity and Infrastructure Security Agency, establish Governmentwide best practices for the protection of data;’’.","USA_FISMA_Federal_Information_Security_Modernization_Act1.txt (S. 2902, 117th Congress, 1st Session)"
BILL-101(b),BILL-SEC-101,,(b),subsection,b,no,(b) SUCHAPTER II DEFINITIONS.—,"USA_FISMA_Federal_Information_Security_Modernization_Act1.txt (S. 2902, 117th Congress, 1st Session)"
BILL-101(b)(1),BILL-SEC-101,,(b)(1),paragraph,1,no,"(1) IN GENERAL.—Section 3552(b) of title 44, United States Code, is amended—","USA_FISMA_Federal_Information_Security_Modernization_Act1.txt (S. 2902, 117th Congress, 1st Session)"
BILL-101(b)(1)(A),BILL-SEC-101,,(b)(1)(A),subparagraph,A,no,"(A) by redesignating paragraphs (1), (2), (3), (4), (5), (6), and (7) as paragraphs (2), (3), (4), (5), (6), (9), and (11), respectively;","USA_FISMA_Federal_Information_Security_Modernization_Act1.txt (S. 2902, 117th Congress, 1st Session)"
BILL-101(b)(1)(B),BILL-SEC-101,,(b)(1)(B),subparagraph,B,no,"(B) by inserting before paragraph (2), as so redesignated, the following:","USA_FISMA_Federal_Information_Security_Modernization_Act1.txt (S. 2902, 117th Congress, 1st Session)"
BILL-101(b)(1)#2,BILL-SEC-101,,(b)(1),paragraph,1,yes,"(1) The term ‘additional cybersecurity procedure’ means a process, procedure, or other activity that is established in excess of the information security standards promulgated under section 11331(b) of title 40 to increase the security and reduce the cybersecurity risk of agency systems, such as continuous threat hunting, increased network segmentation, endpoint detection and response, or persistent penetration testing.’’;","USA_FISMA_Federal_Information_Security_Modernization_Act1.txt (S. 2902, 117th Congress, 1st Session)"
BILL-101(b)(1)(C),BILL-SEC-101,,(b)(1)(C),subparagraph,C,no,"(C) by inserting after paragraph (6), as so redesignated, the following:","USA_FISMA_Federal_Information_Security_Modernization_Act1.txt (S. 2902, 117th Congress, 1st Session)"
BILL-101(b)(7),BILL-SEC-101,,(b)(7),paragraph,7,yes,(7) The term ‘high value asset’ means information or an information system that the head of an agency determines so critical to the agency that the loss or corruption of the information or the loss of access to the information system would have a serious impact on the ability of the agency to perform the mission of the agency or conduct business.,"USA_FISMA_Federal_Information_Security_Modernization_Act1.txt (S. 2902, 117th Congress, 1st Session)"
BILL-101(b)(8),BILL-SEC-101,,(b)(8),paragraph,8,yes,(8) The term ‘major incident’ has the meaning given the term in guidance issued by the Director under section 3598(a).’’;,"USA_FISMA_Federal_Information_Security_Modernization_Act1.txt (S. 2902, 117th Congress, 1st Session)"
BILL-101(b)(8)(D),BILL-SEC-101,,(b)(8)(D),subparagraph,D,no,"(D) by inserting after paragraph (9), as so redesignated, the following:","USA_FISMA_Federal_Information_Security_Modernization_Act1.txt (S. 2902, 117th Congress, 1st Session)"
BILL-101(b)(10),BILL-SEC-101,,(b)(10),paragraph,10,yes,(10) The term ‘penetration test’ means a specialized type of assessment that—,"USA_FISMA_Federal_Information_Security_Modernization_Act1.txt (S. 2902, 117th Congress, 1st Session)"
BILL-101(b)(10)(A),BILL-SEC-101,,(b)(10)(A),subparagraph,A,yes,(A) is conducted on an information system or a component of an information system; and,"USA_FISMA_Federal_Information_Security_Modernization_Act1.txt (S. 2902, 117th Congress, 1st Session)"
BILL-101(b)(10)(B),BILL-SEC-101,,(b)(10)(B),subparagraph,B,yes,"(B) emulates an attack or other exploitation capability of a potential adversary, typically under specific constraints, in order to identify any vulnerabilities of an information system or a component of an information system that could be exploited.’’; and","USA_FISMA_Federal_Information_Security_Modernization_Act1.txt (S. 2902, 117th Congress, 1st Session)"
BILL-101(b)(10)(E),BILL-SEC-101,,(b)(10)(E),subparagraph,E,no,"(E) by inserting after paragraph (11), as so redesignated, the following:","USA_FISMA_Federal_Information_Security_Modernization_Act1.txt (S. 2902, 117th Congress, 1st Session)"
BILL-101(b)(12),BILL-SEC-101,,(b)(12),paragraph,12,yes,(12) The term ‘shared service’ means a business or mission function that is provided for use by multiple organizations within or between agencies.,"USA_FISMA_Federal_Information_Security_Modernization_Act1.txt (S. 2902, 117th Congress, 1st Session)"
BILL-101(b)(13),BILL-SEC-101,,(b)(13),paragraph,13,yes,(13) The term ‘verification specification’ means a specification developed under section 11331(f) of title 40.’’.,"USA_FISMA_Federal_Information_Security_Modernization_Act1.txt (S. 2902, 117th Congress, 1st Session)"
BILL-101(b)(2),BILL-SEC-101,,(b)(2),paragraph,2,no,(2) CONFORMING AMENDMENTS.—,"USA_FISMA_Federal_Information_Security_Modernization_Act1.txt (S. 2902, 117th Congress, 1st Session)"
BILL-101(b)(2)(A),BILL-SEC-101,,(b)(2)(A),subparagraph,A,no,(A) HOMELAND SECURITY ACT OF 2002.— Section 1001(c)(1)(A) of the Homeland Security Act of 2002 (6 U.S.C. 511(1)(A)) is amended by striking ‘‘section 3552(b)(5)’’ and inserting ‘‘section 3552(b)’’.,"USA_FISMA_Federal_Information_Security_Modernization_Act1.txt (S. 2902, 117th Congress, 1st Session)"
BILL-101(b)(2)(B),BILL-SEC-101,,(b)(2)(B),subparagraph,B,no,(B) TITLE 10.—,"USA_FISMA_Federal_Information_Security_Modernization_Act1.txt (S. 2902, 117th Congress, 1st Session)"
BILL-101(b)(2)(B)(i),BILL-SEC-101,,(b)(2)(B)(i),clause,i,no,"(i) SECTION 2222.—Section 2222(i)(8) of title 10, United States Code, is amended by striking ‘‘section 3552(b)(6)(A)’’ and inserting ‘‘section 3552(b)(9)(A)’’.","USA_FISMA_Federal_Information_Security_Modernization_Act1.txt (S. 2902, 117th Congress, 1st Session)"
BILL-101(b)(2)(B)(ii),BILL-SEC-101,,(b)(2)(B)(ii),clause,ii,no,"(ii) SECTION 2223.—Section 2223(c)(3) of title 10, United States Code, is amended by striking ‘‘section 3552(b)(6)’’ and inserting ‘‘section 3552(b)’’.","USA_FISMA_Federal_Information_Security_Modernization_Act1.txt (S. 2902, 117th Congress, 1st Session)"
BILL-101(b)(2)(B)(iii),BILL-SEC-101,,(b)(2)(B)(iii),clause,iii,no,"(iii) SECTION 2315.—Section 2315 of title 10, United States Code, is amended by striking ‘‘section 3552(b)(6)’’ and inserting ‘‘section 3552(b)’’.","USA_FISMA_Federal_Information_Security_Modernization_Act1.txt (S. 2902, 117th Congress, 1st Session)"
BILL-101(b)(2)(B)(iv),BILL-SEC-101,,(b)(2)(B)(iv),clause,iv,no,"(iv) SECTION 2339A.—Section 2339a(e)(5) of title 10, United States Code, is amended by striking ‘‘section 3552(b)(6)’’ and inserting ‘‘section 3552(b)’’.","USA_FISMA_Federal_Information_Security_Modernization_Act1.txt (S. 2902, 117th Congress, 1st Session)"
BILL-101(b)(2)(C),BILL-SEC-101,,(b)(2)(C),subparagraph,C,no,(C) HIGH-PERFORMANCE COMPUTING ACT OF 1991.—Section 207(a) of the High-Performance Computing Act of 1991 (15 U.S.C. 5527(a)) is amended by striking ‘‘section 3552(b)(6)(A)(i)’’ and inserting ‘‘section 3552(b)(9)(A)(i)’’.,"USA_FISMA_Federal_Information_Security_Modernization_Act1.txt (S. 2902, 117th Congress, 1st Session)"
BILL-101(b)(2)(D),BILL-SEC-101,,(b)(2)(D),subparagraph,D,no,(D) INTERNET OF THINGS CYBERSECURITY IMPROVEMENT ACT OF 2020.—Section 3(5) of the Internet of Things Cybersecurity Improvement Act of 2020 (15 U.S.C. 278g–3a) is amended by striking ‘‘section 3552(b)(6)’’ and inserting ‘‘section 3552(b)’’.,"USA_FISMA_Federal_Information_Security_Modernization_Act1.txt (S. 2902, 117th Congress, 1st Session)"
BILL-101(b)(2)(E),BILL-SEC-101,,(b)(2)(E),subparagraph,E,no,(E) NATIONAL DEFENSE AUTHORIZATION ACT FOR FISCAL YEAR 2013.—Section 933(e)(1)(B) of the National Defense Authorization Act for Fiscal Year 2013 (10 U.S.C. 2224 note) is amended by striking ‘‘section 3542(b)(2)’’ and inserting ‘‘section 3552(b)’’.,"USA_FISMA_Federal_Information_Security_Modernization_Act1.txt (S. 2902, 117th Congress, 1st Session)"
BILL-101(b)(2)(F),BILL-SEC-101,,(b)(2)(F),subparagraph,F,no,(F) IKE SKELTON NATIONAL DEFENSE AUTHORIZATION ACT FOR FISCAL YEAR 2011.—The Ike Skelton National Defense Authorization Act for Fiscal Year 2011 (Public Law 111–383) is amended—,"USA_FISMA_Federal_Information_Security_Modernization_Act1.txt (S. 2902, 117th Congress, 1st Session)"
BILL-101(b)(2)(F)(i),BILL-SEC-101,,(b)(2)(F)(i),clause,i,no,"(i) in section 806(e)(5) (10 U.S.C. 2304 note), by striking ‘‘section 3542(b)’’ and inserting ‘‘section 3552(b)’’;","USA_FISMA_Federal_Information_Security_Modernization_Act1.txt (S. 2902, 117th Congress, 1st Session)"
BILL-101(b)(2)(F)(ii),BILL-SEC-101,,(b)(2)(F)(ii),clause,ii,no,"(ii) in section 931(b)(3) (10 U.S.C. 2223 note), by striking ‘‘section 3542(b)(2)’’ and inserting ‘‘section 3552(b)’’; and","USA_FISMA_Federal_Information_Security_Modernization_Act1.txt (S. 2902, 117th Congress, 1st Session)"
BILL-101(b)(2)(F)(iii),BILL-SEC-101,,(b)(2)(F)(iii),clause,iii,no,"(iii) in section 932(b)(2) (10 U.S.C. 2224 note), by striking ‘‘section 3542(b)(2)’’ and inserting ‘‘section 3552(b)’’.","USA_FISMA_Federal_Information_Security_Modernization_Act1.txt (S. 2902, 117th Congress, 1st Session)"
BILL-101(b)(2)(G),BILL-SEC-101,,(b)(2)(G),subparagraph,G,no,(G) E-GOVERNMENT ACT OF 2002.—Section 301(c)(1)(A) of the E-Government Act of 2002 (44 U.S.C. 3501 note) is amended by striking ‘‘section 3542(b)(2)’’ and inserting ‘‘section 3552(b)’’.,"USA_FISMA_Federal_Information_Security_Modernization_Act1.txt (S. 2902, 117th Congress, 1st Session)"
BILL-101(b)(2)(H),BILL-SEC-101,,(b)(2)(H),subparagraph,H,no,(H) NATIONAL INSTITUTE OF STANDARDS AND TECHNOLOGY ACT.—Section 20 of the National Institute of Standards and Technology Act (15 U.S.C. 278g–3) is amended—,"USA_FISMA_Federal_Information_Security_Modernization_Act1.txt (S. 2902, 117th Congress, 1st Session)"
BILL-101(b)(2)(H)(i),BILL-SEC-101,,(b)(2)(H)(i),clause,i,no,"(i) in subsection (a)(2), by striking ‘‘section 3552(b)(5)’’ and inserting ‘‘section 3552(b)’’; and","USA_FISMA_Federal_Information_Security_Modernization_Act1.txt (S. 2902, 117th Congress, 1st Session)"
BILL-101(b)(2)(H)(ii),BILL-SEC-101,,(b)(2)(H)(ii),clause,ii,no,(ii) in subsection (f)—,"USA_FISMA_Federal_Information_Security_Modernization_Act1.txt (S. 2902, 117th Congress, 1st Session)"
BILL-101(b)(2)(I),BILL-SEC-101,,(b)(2)(I),subparagraph,I,no,"(I) in paragraph (3), by striking ‘‘section 3532(1)’’ and inserting ‘‘section 3552(b)’’; and","USA_FISMA_Federal_Information_Security_Modernization_Act1.txt (S. 2902, 117th Congress, 1st Session)"
BILL-101(b)(2)(I)(II),BILL-SEC-101,,(b)(2)(I)(II),subclause,II,no,"(II) in paragraph (5), by striking ‘‘section 3532(b)(2)’’ and inserting ‘‘section 3552(b)’’.","USA_FISMA_Federal_Information_Security_Modernization_Act1.txt (S. 2902, 117th Congress, 1st Session)"
BILL-101(c)#2,BILL-SEC-101,,(c),subsection,c,no,"(c) SUBCHAPTER II AMENDMENTS.—Subchapter II of chapter 35 of title 44, United States Code, is amended—","USA_FISMA_Federal_Information_Security_Modernization_Act1.txt (S. 2902, 117th Congress, 1st Session)"
BILL-101(c)(1),BILL-SEC-101,,(c)(1),paragraph,1,no,(1) in section 3551—,"USA_FISMA_Federal_Information_Security_Modernization_Act1.txt (S. 2902, 117th Congress, 1st Session)"
BILL-101(c)(1)(A),BILL-SEC-101,,(c)(1)(A),subparagraph,A,no,"(A) by redesignating paragraphs (3), (4), (5), and (6) as paragraphs (4), (5), (6), and (7), respectively;","USA_FISMA_Federal_Information_Security_Modernization_Act1.txt (S. 2902, 117th Congress, 1st Session)"
BILL-101(c)(1)(B),BILL-SEC-101,,(c)(1)(B),subparagraph,B,no,(B) by inserting after paragraph (2) the following:,"USA_FISMA_Federal_Information_Security_Modernization_Act1.txt (S. 2902, 117th Congress, 1st Session)"
BILL-101(c)(3),BILL-SEC-101,,(c)(3),paragraph,3,yes,(3) recognize the role of the Cybersecurity and Infrastructure Security Agency as the lead cybersecurity entity for operational coordination across the Federal Government;’’;,"USA_FISMA_Federal_Information_Security_Modernization_Act1.txt (S. 2902, 117th Congress, 1st Session)"
BILL-101(c)(3)(C),BILL-SEC-101,,(c)(3)(C),subparagraph,C,no,"(C) in paragraph (5), as so redesignated, by striking ‘‘diagnose and improve’’ and inserting ‘‘integrate, deliver, diagnose, and improve’’;","USA_FISMA_Federal_Information_Security_Modernization_Act1.txt (S. 2902, 117th Congress, 1st Session)"
BILL-101(c)(3)(D),BILL-SEC-101,,(c)(3)(D),subparagraph,D,no,"(D) in paragraph (6), as so redesignated, by striking ‘‘and’’ at the end; and","USA_FISMA_Federal_Information_Security_Modernization_Act1.txt (S. 2902, 117th Congress, 1st Session)"
BILL-101(c)(3)(E),BILL-SEC-101,,(c)(3)(E),subparagraph,E,no,(E) by adding at the end the following:,"USA_FISMA_Federal_Information_Security_Modernization_Act1.txt (S. 2902, 117th Congress, 1st Session)"
BILL-101(c)(8),BILL-SEC-101,,(c)(8),paragraph,8,yes,"(8) recognize that each agency has specific mission requirements and, at times, unique cybersecurity requirements to meet the mission of the agency;","USA_FISMA_Federal_Information_Security_Modernization_Act1.txt (S. 2902, 117th Congress, 1st Session)"
BILL-101(c)(9),BILL-SEC-101,,(c)(9),paragraph,9,yes,"(9) recognize that each agency does not have the same resources to secure agency systems, and an agency should not be expected to have the capability to secure the systems of the agency from advanced adversaries alone; and","USA_FISMA_Federal_Information_Security_Modernization_Act1.txt (S. 2902, 117th Congress, 1st Session)"
BILL-101(c)(10),BILL-SEC-101,,(c)(10),paragraph,10,yes,(10) recognize that—,"USA_FISMA_Federal_Information_Security_Modernization_Act1.txt (S. 2902, 117th Congress, 1st Session)"
BILL-101(c)(10)(A),BILL-SEC-101,,(c)(10)(A),subparagraph,A,yes,(A) a holistic Federal cybersecurity model is necessary to account for differences between the missions and capabilities of agencies; and,"USA_FISMA_Federal_Information_Security_Modernization_Act1.txt (S. 2902, 117th Congress, 1st Session)"
BILL-101(c)(10)(B),BILL-SEC-101,,(c)(10)(B),subparagraph,B,yes,(B) in accounting for the differences described in subparagraph (A) and ensuring overall Federal cybersecurity—,"USA_FISMA_Federal_Information_Security_Modernization_Act1.txt (S. 2902, 117th Congress, 1st Session)"
BILL-101(c)(10)(B)(i),BILL-SEC-101,,(c)(10)(B)(i),clause,i,yes,(i) the Office of Management and Budget is the leader for policy development and oversight of Federal cybersecurity;,"USA_FISMA_Federal_Information_Security_Modernization_Act1.txt (S. 2902, 117th Congress, 1st Session)"
BILL-101(c)(10)(B)(ii),BILL-SEC-101,,(c)(10)(B)(ii),clause,ii,yes,(ii) the Cybersecurity and Infrastructure Security Agency is the leader for implementing operations at agencies; and,"USA_FISMA_Federal_Information_Security_Modernization_Act1.txt (S. 2902, 117th Congress, 1st Session)"
BILL-101(c)(10)(B)(iii),BILL-SEC-101,,(c)(10)(B)(iii),clause,iii,yes,(iii) the National Cyber Director is responsible for developing the overall cybersecurity strategy of the United States and advising the President on matters relating to cybersecurity.’’;,"USA_FISMA_Federal_Information_Security_Modernization_Act1.txt (S. 2902, 117th Congress, 1st Session)"
BILL-101(c)(2)#2,BILL-SEC-101,,(c)(2),paragraph,2,no,"(2) in section 3553, as amended by section 1705 of the William M. (Mac) Thornberry National Defense Authorization Act for Fiscal Year 2021 (Public Law 116–283)—","USA_FISMA_Federal_Information_Security_Modernization_Act1.txt (S. 2902, 117th Congress, 1st Session)"
BILL-101(c)(2)(A),BILL-SEC-101,,(c)(2)(A),subparagraph,A,no,(A) in subsection (a)—,"USA_FISMA_Federal_Information_Security_Modernization_Act1.txt (S. 2902, 117th Congress, 1st Session)"
BILL-101(c)(2)(A)(i),BILL-SEC-101,,(c)(2)(A)(i),clause,i,no,(i) in paragraph (1)—,"USA_FISMA_Federal_Information_Security_Modernization_Act1.txt (S. 2902, 117th Congress, 1st Session)"
BILL-101(c)(2)(A)(i)(I),BILL-SEC-101,,(c)(2)(A)(i)(I),subclause,I,no,"(I) by striking ‘‘developing and’’ and inserting ‘‘in coordination with the Director of the Cybersecurity and Infrastructure Security Agency,’’; and","USA_FISMA_Federal_Information_Security_Modernization_Act1.txt (S. 2902, 117th Congress, 1st Session)"
BILL-101(c)(2)(A)(i)(II),BILL-SEC-101,,(c)(2)(A)(i)(II),subclause,II,no,(II) by inserting ‘‘and associated verification specifications’’ before ‘‘promulgated’’; and,"USA_FISMA_Federal_Information_Security_Modernization_Act1.txt (S. 2902, 117th Congress, 1st Session)"
BILL-101(c)(2)(A)(ii),BILL-SEC-101,,(c)(2)(A)(ii),clause,ii,no,"(ii) in paragraph (5), by inserting ‘‘, in coordination with the Director of the Cybersecurity and Infrastructure Security Agency,’’ before ‘‘agency compliance’’;","USA_FISMA_Federal_Information_Security_Modernization_Act1.txt (S. 2902, 117th Congress, 1st Session)"
BILL-101(c)(2)(B),BILL-SEC-101,,(c)(2)(B),subparagraph,B,no,(B) in subsection (b)—,"USA_FISMA_Federal_Information_Security_Modernization_Act1.txt (S. 2902, 117th Congress, 1st Session)"
BILL-101(c)(2)(B)(i),BILL-SEC-101,,(c)(2)(B)(i),clause,i,no,(i) by striking the subsection heading and inserting ‘‘CYBERSECURITY AND INFRASTRUCTURE SECURITY AGENCY’’;,"USA_FISMA_Federal_Information_Security_Modernization_Act1.txt (S. 2902, 117th Congress, 1st Session)"
BILL-101(c)(2)(B)(ii),BILL-SEC-101,,(c)(2)(B)(ii),clause,ii,no,"(ii) in the matter preceding paragraph (1), by striking ‘‘the Secretary’’ and inserting ‘‘the Director of the Cybersecurity and Infrastructure Security Agency’’;","USA_FISMA_Federal_Information_Security_Modernization_Act1.txt (S. 2902, 117th Congress, 1st Session)"
BILL-101(c)(2)(B)(iii),BILL-SEC-101,,(c)(2)(B)(iii),clause,iii,no,(iii) in paragraph (2)—,"USA_FISMA_Federal_Information_Security_Modernization_Act1.txt (S. 2902, 117th Congress, 1st Session)"
BILL-101(c)(2)(B)(iii)(I),BILL-SEC-101,,(c)(2)(B)(iii)(I),subclause,I,no,"(I) in subparagraph (A), by inserting ‘‘and reporting requirements under subchapter IV of this title’’ after ‘‘section 3556’’; and","USA_FISMA_Federal_Information_Security_Modernization_Act1.txt (S. 2902, 117th Congress, 1st Session)"
BILL-101(c)(2)(B)(iii)(II),BILL-SEC-101,,(c)(2)(B)(iii)(II),subclause,II,no,"(II) in subparagraph (D), by striking ‘‘the Director or Secretary’’ and inserting ‘‘the Director of the Cybersecurity and Infrastructure Security Agency’’;","USA_FISMA_Federal_Information_Security_Modernization_Act1.txt (S. 2902, 117th Congress, 1st Session)"
BILL-101(c)(2)(B)(iv),BILL-SEC-101,,(c)(2)(B)(iv),clause,iv,no,"(iv) in paragraph (5), by striking ‘‘coordinating’’ and inserting ‘‘leading the coordination of’’;","USA_FISMA_Federal_Information_Security_Modernization_Act1.txt (S. 2902, 117th Congress, 1st Session)"
BILL-101(c)(2)(B)(v),BILL-SEC-101,,(c)(2)(B)(v),clause,v,no,(v) in paragraph (6)—,"USA_FISMA_Federal_Information_Security_Modernization_Act1.txt (S. 2902, 117th Congress, 1st Session)"
BILL-101(c)(2)(B)(v)(I),BILL-SEC-101,,(c)(2)(B)(v)(I),subclause,I,no,"(I) in the matter preceding subparagraph (A), by inserting ‘‘and verifications specifications’’ before ‘‘promulgated under’’;","USA_FISMA_Federal_Information_Security_Modernization_Act1.txt (S. 2902, 117th Congress, 1st Session)"
BILL-101(c)(2)(B)(v)(II),BILL-SEC-101,,(c)(2)(B)(v)(II),subclause,II,no,"(II) in subparagraph (C), by striking ‘‘and’’ at the end;","USA_FISMA_Federal_Information_Security_Modernization_Act1.txt (S. 2902, 117th Congress, 1st Session)"
BILL-101(c)(2)(B)(v)(III),BILL-SEC-101,,(c)(2)(B)(v)(III),subclause,III,no,"(III) in subparagraph (D), by adding ‘‘and’’ at the end; and","USA_FISMA_Federal_Information_Security_Modernization_Act1.txt (S. 2902, 117th Congress, 1st Session)"
BILL-101(c)(2)(B)(v)(IV),BILL-SEC-101,,(c)(2)(B)(v)(IV),subclause,IV,no,(IV) by adding at the end the following:,"USA_FISMA_Federal_Information_Security_Modernization_Act1.txt (S. 2902, 117th Congress, 1st Session)"
BILL-101(c)(2)(E),BILL-SEC-101,,(c)(2)(E),subparagraph,E,yes,"(E) taking any other action that the Director of the Cybersecurity and Infrastructure Security Agency, in consultation with the Director—","USA_FISMA_Federal_Information_Security_Modernization_Act1.txt (S. 2902, 117th Congress, 1st Session)"
BILL-101(c)(2)(E)(i),BILL-SEC-101,,(c)(2)(E)(i),clause,i,yes,(i) may determine necessary; and,"USA_FISMA_Federal_Information_Security_Modernization_Act1.txt (S. 2902, 117th Congress, 1st Session)"
BILL-101(c)(2)(E)(ii),BILL-SEC-101,,(c)(2)(E)(ii),clause,ii,yes,(ii) is authorized to perform;’’;,"USA_FISMA_Federal_Information_Security_Modernization_Act1.txt (S. 2902, 117th Congress, 1st Session)"
BILL-101(c)(2)(E)(vi),BILL-SEC-101,,(c)(2)(E)(vi),clause,vi,no,"(vi) in paragraph (8), by striking ‘‘the Secretary’s discretion’’ and inserting ‘‘the Director of the Cybersecurity and Infrastructure Security Agency’s discretion’’; and","USA_FISMA_Federal_Information_Security_Modernization_Act1.txt (S. 2902, 117th Congress, 1st Session)"
BILL-101(c)(2)(E)(vii),BILL-SEC-101,,(c)(2)(E)(vii),clause,vii,no,"(vii) in paragraph (9), by striking ‘‘as the Director or the Secretary, in consultation with the Director,’’ and inserting ‘‘as the Director of the Cybersecurity and Infrastructure Security Agency’’;","USA_FISMA_Federal_Information_Security_Modernization_Act1.txt (S. 2902, 117th Congress, 1st Session)"
BILL-101(c)(2)(C),BILL-SEC-101,,(c)(2)(C),subparagraph,C,no,(C) in subsection (c)—,"USA_FISMA_Federal_Information_Security_Modernization_Act1.txt (S. 2902, 117th Congress, 1st Session)"
BILL-101(c)(2)(C)(i),BILL-SEC-101,,(c)(2)(C)(i),clause,i,no,"(i) in paragraph (4), by striking ‘‘and’’ at the end;","USA_FISMA_Federal_Information_Security_Modernization_Act1.txt (S. 2902, 117th Congress, 1st Session)"
BILL-101(c)(2)(C)(ii),BILL-SEC-101,,(c)(2)(C)(ii),clause,ii,no,(ii) by redesignating paragraph (5) as paragraph (7); and,"USA_FISMA_Federal_Information_Security_Modernization_Act1.txt (S. 2902, 117th Congress, 1st Session)"
BILL-101(c)(2)(C)(iii),BILL-SEC-101,,(c)(2)(C)(iii),clause,iii,no,(iii) by inserting after paragraph (4) the following:,"USA_FISMA_Federal_Information_Security_Modernization_Act1.txt (S. 2902, 117th Congress, 1st Session)"
BILL-101(c)(5)#2,BILL-SEC-101,,(c)(5),paragraph,5,yes,(5) an assessment of agency use of automated verification of standards for the standards promulgated under section 11331 of title 40 using verification specifications;,"USA_FISMA_Federal_Information_Security_Modernization_Act1.txt (S. 2902, 117th Congress, 1st Session)"
BILL-101(c)(6),BILL-SEC-101,,(c)(6),paragraph,6,yes,(6) a summary of each assessment of Federal risk posture performed under subsection (i); and’’;,"USA_FISMA_Federal_Information_Security_Modernization_Act1.txt (S. 2902, 117th Congress, 1st Session)"
BILL-101(c)(6)(D),BILL-SEC-101,,(c)(6)(D),subparagraph,D,no,"(D) in subsection (f)(2)(B), by striking ‘‘conflict with’’ and inserting ‘‘reduce the security posture of agencies established under’’;","USA_FISMA_Federal_Information_Security_Modernization_Act1.txt (S. 2902, 117th Congress, 1st Session)"
BILL-101(c)(6)(E),BILL-SEC-101,,(c)(6)(E),subparagraph,E,no,"(E) by redesignating subsections (i), (j), (k), and (l) as subsections (j), (k), (l), and (m) respectively;","USA_FISMA_Federal_Information_Security_Modernization_Act1.txt (S. 2902, 117th Congress, 1st Session)"
BILL-101(c)(6)(F),BILL-SEC-101,,(c)(6)(F),subparagraph,F,no,(F) by inserting after subsection (h) the following:,"USA_FISMA_Federal_Information_Security_Modernization_Act1.txt (S. 2902, 117th Congress, 1st Session)"
BILL-101(c)(6)(F)(i),BILL-SEC-101,,(c)(6)(F)(i),clause,i,yes,"(i) FEDERAL RISK ASSESSMENTS.—The Director of the Cybersecurity and Infrastructure Security Agency, in coordination with the Director, shall perform, on an ongoing and continuous basis, assessments of Federal risk posture using any available information on the cybersecurity posture of agencies, including—","USA_FISMA_Federal_Information_Security_Modernization_Act1.txt (S. 2902, 117th Congress, 1st Session)"
BILL-101(c)(1)#2,BILL-SEC-101,,(c)(1),paragraph,1,yes,(1) the status of agency cybersecurity remedial actions described in section 3554(b)(7);,"USA_FISMA_Federal_Information_Security_Modernization_Act1.txt (S. 2902, 117th Congress, 1st Session)"
BILL-101(c)(2)#3,BILL-SEC-101,,(c)(2),paragraph,2,yes,(2) any vulnerability information relating to the systems of an agency that is known by the agency;,"USA_FISMA_Federal_Information_Security_Modernization_Act1.txt (S. 2902, 117th Congress, 1st Session)"
BILL-101(c)(3)#2,BILL-SEC-101,,(c)(3),paragraph,3,yes,(3) analysis of incident information under section 3597;,"USA_FISMA_Federal_Information_Security_Modernization_Act1.txt (S. 2902, 117th Congress, 1st Session)"
BILL-101(c)(4),BILL-SEC-101,,(c)(4),paragraph,4,yes,(4) evaluation of penetration testing performed under section 3559A;,"USA_FISMA_Federal_Information_Security_Modernization_Act1.txt (S. 2902, 117th Congress, 1st Session)"
BILL-101(c)(5)#3,BILL-SEC-101,,(c)(5),paragraph,5,yes,(5) evaluation of vulnerability disclosure program information under section 3559B;,"USA_FISMA_Federal_Information_Security_Modernization_Act1.txt (S. 2902, 117th Congress, 1st Session)"
BILL-101(c)(6)#2,BILL-SEC-101,,(c)(6),paragraph,6,yes,(6) evaluation of agency threat hunting results;,"USA_FISMA_Federal_Information_Security_Modernization_Act1.txt (S. 2902, 117th Congress, 1st Session)"
BILL-101(c)(7),BILL-SEC-101,,(c)(7),paragraph,7,yes,(7) evaluation of Federal and non-Federal threat intelligence;,"USA_FISMA_Federal_Information_Security_Modernization_Act1.txt (S. 2902, 117th Congress, 1st Session)"
BILL-101(c)(8)#2,BILL-SEC-101,,(c)(8),paragraph,8,yes,"(8) data on compliance with standards issued under section 11331 of title 40 that, when appropriate, uses verification specifications;","USA_FISMA_Federal_Information_Security_Modernization_Act1.txt (S. 2902, 117th Congress, 1st Session)"
BILL-101(c)(9)#2,BILL-SEC-101,,(c)(9),paragraph,9,yes,(9) agency system risk assessments performed under section 3554(a)(1)(A); and,"USA_FISMA_Federal_Information_Security_Modernization_Act1.txt (S. 2902, 117th Congress, 1st Session)"
BILL-101(c)(10)#2,BILL-SEC-101,,(c)(10),paragraph,10,yes,(10) any other information the Secretary determines relevant.’’; and,"USA_FISMA_Federal_Information_Security_Modernization_Act1.txt (S. 2902, 117th Congress, 1st Session)"
BILL-101(c)(10)(G),BILL-SEC-101,,(c)(10)(G),subparagraph,G,no,"(G) in subsection (j), as so redesignated—","USA_FISMA_Federal_Information_Security_Modernization_Act1.txt (S. 2902, 117th Congress, 1st Session)"
BILL-101(c)(10)(G)(i),BILL-SEC-101,,(c)(10)(G)(i),clause,i,no,(i) by striking ‘‘regarding the specific’’ and inserting ‘‘that includes a summary of—,"USA_FISMA_Federal_Information_Security_Modernization_Act1.txt (S. 2902, 117th Congress, 1st Session)"
BILL-101(c)(1)#3,BILL-SEC-101,,(c)(1),paragraph,1,yes,(1) the specific’’;,"USA_FISMA_Federal_Information_Security_Modernization_Act1.txt (S. 2902, 117th Congress, 1st Session)"
BILL-101(c)(1)(ii),BILL-SEC-101,,(c)(1)(ii),clause,ii,no,"(ii) in paragraph (1), as so designated, by striking the period at the end and inserting ‘‘; and’’ and","USA_FISMA_Federal_Information_Security_Modernization_Act1.txt (S. 2902, 117th Congress, 1st Session)"
BILL-101(c)(1)(iii),BILL-SEC-101,,(c)(1)(iii),clause,iii,no,(iii) by adding at the end the following:,"USA_FISMA_Federal_Information_Security_Modernization_Act1.txt (S. 2902, 117th Congress, 1st Session)"
BILL-101(c)(2)#4,BILL-SEC-101,,(c)(2),paragraph,2,yes,(2) the trends identified in the Federal risk assessment performed under subsection (i).’’;,"USA_FISMA_Federal_Information_Security_Modernization_Act1.txt (S. 2902, 117th Congress, 1st Session)"
BILL-101(c)(3)#3,BILL-SEC-101,,(c)(3),paragraph,3,no,(3) in section 3554—,"USA_FISMA_Federal_Information_Security_Modernization_Act1.txt (S. 2902, 117th Congress, 1st Session)"
BILL-101(c)(3)(A),BILL-SEC-101,,(c)(3)(A),subparagraph,A,no,(A) in subsection (a)—,"USA_FISMA_Federal_Information_Security_Modernization_Act1.txt (S. 2902, 117th Congress, 1st Session)"
BILL-101(c)(3)(A)(i),BILL-SEC-101,,(c)(3)(A)(i),clause,i,no,(i) in paragraph (1)—,"USA_FISMA_Federal_Information_Security_Modernization_Act1.txt (S. 2902, 117th Congress, 1st Session)"
BILL-101(c)(3)(A)(i)(I),BILL-SEC-101,,(c)(3)(A)(i)(I),subclause,I,no,"(I) by redesignating subparagraphs (A), (B), and (C) as subparagraphs (B), (C), and (D), respectively;","USA_FISMA_Federal_Information_Security_Modernization_Act1.txt (S. 2902, 117th Congress, 1st Session)"
BILL-101(c)(3)(A)(i)(II),BILL-SEC-101,,(c)(3)(A)(i)(II),subclause,II,no,"(II) by inserting before subparagraph (B), as so redesignated, the following:","USA_FISMA_Federal_Information_Security_Modernization_Act1.txt (S. 2902, 117th Congress, 1st Session)"
BILL-101(c)(3)(A)#2,BILL-SEC-101,,(c)(3)(A),subparagraph,A,yes,"(A) performing, not less frequently than once every 2 years or based on a significant change to system architecture or security posture, an agency system risk assessment that—","USA_FISMA_Federal_Information_Security_Modernization_Act1.txt (S. 2902, 117th Congress, 1st Session)"
BILL-101(c)(3)(A)(i)#2,BILL-SEC-101,,(c)(3)(A)(i),clause,i,yes,(i) identifies and documents the high value assets of the agency using guidance from the Director;,"USA_FISMA_Federal_Information_Security_Modernization_Act1.txt (S. 2902, 117th Congress, 1st Session)"
BILL-101(c)(3)(A)(ii),BILL-SEC-101,,(c)(3)(A)(ii),clause,ii,yes,"(ii) evaluates the data assets inventoried under section 3511 of title 44 for sensitivity to compromises in confidentiality, integrity, and availability;","USA_FISMA_Federal_Information_Security_Modernization_Act1.txt (S. 2902, 117th Congress, 1st Session)"
BILL-101(c)(3)(A)(iii),BILL-SEC-101,,(c)(3)(A)(iii),clause,iii,yes,(iii) identifies agency systems that have access to or hold the data assets inventoried under section 3511 of title 44;,"USA_FISMA_Federal_Information_Security_Modernization_Act1.txt (S. 2902, 117th Congress, 1st Session)"
BILL-101(c)(3)(A)(iv),BILL-SEC-101,,(c)(3)(A)(iv),clause,iv,yes,"(iv) evaluates the threats facing agency systems and data, including high value assets, based on Federal and non- Federal cyber threat intelligence products, where available;","USA_FISMA_Federal_Information_Security_Modernization_Act1.txt (S. 2902, 117th Congress, 1st Session)"
BILL-101(c)(3)(A)(v),BILL-SEC-101,,(c)(3)(A)(v),clause,v,yes,"(v) evaluates the vulnerability of agency systems and data, including high value assets, based on—","USA_FISMA_Federal_Information_Security_Modernization_Act1.txt (S. 2902, 117th Congress, 1st Session)"
BILL-101(c)(3)(A)(v)(I),BILL-SEC-101,,(c)(3)(A)(v)(I),subclause,I,yes,(I) the results of penetration testing performed by the Department of Homeland Security under section 3553(b)(9);,"USA_FISMA_Federal_Information_Security_Modernization_Act1.txt (S. 2902, 117th Congress, 1st Session)"
BILL-101(c)(3)(A)(v)(II),BILL-SEC-101,,(c)(3)(A)(v)(II),subclause,II,yes,(II) the results of penetration testing performed under section 3559A;,"USA_FISMA_Federal_Information_Security_Modernization_Act1.txt (S. 2902, 117th Congress, 1st Session)"
BILL-101(c)(3)(A)(v)(III),BILL-SEC-101,,(c)(3)(A)(v)(III),subclause,III,yes,(III) information provided to the agency through the vulnerability disclosure program of the agency under section 3559B;,"USA_FISMA_Federal_Information_Security_Modernization_Act1.txt (S. 2902, 117th Congress, 1st Session)"
BILL-101(c)(3)(A)(v)(IV),BILL-SEC-101,,(c)(3)(A)(v)(IV),subclause,IV,yes,(IV) incidents; and,"USA_FISMA_Federal_Information_Security_Modernization_Act1.txt (S. 2902, 117th Congress, 1st Session)"
BILL-101(c)(3)(A)(v)(V),BILL-SEC-101,,(c)(3)(A)(v)(V),subclause,V,yes,(V) any other vulnerability information relating to agency systems that is known to the agency;,"USA_FISMA_Federal_Information_Security_Modernization_Act1.txt (S. 2902, 117th Congress, 1st Session)"
BILL-101(c)(3)(A)(vi),BILL-SEC-101,,(c)(3)(A)(vi),clause,vi,yes,"(vi) assesses the impacts of potential agency incidents to agency systems, data, and operations based on the evaluations described in clauses (ii) and (iv) and the agency systems identified under clause (iii); and","USA_FISMA_Federal_Information_Security_Modernization_Act1.txt (S. 2902, 117th Congress, 1st Session)"
BILL-101(c)(3)(A)(vii),BILL-SEC-101,,(c)(3)(A)(vii),clause,vii,yes,"(vii) assesses the consequences of potential incidents occurring on agency systems that would impact systems at other agencies, including due to interconnectivity between different agency systems or operational reliance on the operations of the system or data in the system;’’;","USA_FISMA_Federal_Information_Security_Modernization_Act1.txt (S. 2902, 117th Congress, 1st Session)"
BILL-101(c)(3)(A)(vii)(III),BILL-SEC-101,,(c)(3)(A)(vii)(III),subclause,III,no,"(III) in subparagraph (B), as so redesignated—","USA_FISMA_Federal_Information_Security_Modernization_Act1.txt (S. 2902, 117th Congress, 1st Session)"
BILL-101(c)(3)(A)(vii)(III)(aa),BILL-SEC-101,,(c)(3)(A)(vii)(III)(aa),item,aa,no,"(aa) in the matter preceding clause (i), by striking ‘‘providing information’’ and inserting ‘‘using information from the assessment conducted under subparagraph (A), providing, in coordination with the Director of the Cybersecurity and Infrastructure Security Agency, information’’;","USA_FISMA_Federal_Information_Security_Modernization_Act1.txt (S. 2902, 117th Congress, 1st Session)"
BILL-101(c)(3)(A)(vii)(III)(bb),BILL-SEC-101,,(c)(3)(A)(vii)(III)(bb),item,bb,no,"(bb) in clause (i), by striking ‘‘and’’ at the end;","USA_FISMA_Federal_Information_Security_Modernization_Act1.txt (S. 2902, 117th Congress, 1st Session)"
BILL-101(c)(3)(A)(vii)(III)(cc),BILL-SEC-101,,(c)(3)(A)(vii)(III)(cc),item,cc,no,"(cc) in clause (ii), by adding ‘‘and’’ at the end; and","USA_FISMA_Federal_Information_Security_Modernization_Act1.txt (S. 2902, 117th Congress, 1st Session)"
BILL-101(c)(3)(A)(vii)(III)(dd),BILL-SEC-101,,(c)(3)(A)(vii)(III)(dd),item,dd,no,(dd) by adding at the end the following:,"USA_FISMA_Federal_Information_Security_Modernization_Act1.txt (S. 2902, 117th Congress, 1st Session)"
BILL-101(c)(3)(A)(iii)#2,BILL-SEC-101,,(c)(3)(A)(iii),clause,iii,yes,"(iii) in consultation with the Director and the Director of the Cybersecurity and Infrastructure Security Agency, information or information systems used by agencies through shared services, memoranda of understanding, or other agreements;’’;","USA_FISMA_Federal_Information_Security_Modernization_Act1.txt (S. 2902, 117th Congress, 1st Session)"
BILL-101(c)(3)(A)(iii)(IV),BILL-SEC-101,,(c)(3)(A)(iii)(IV),subclause,IV,no,"(IV) in subparagraph (C), as so redesignated—","USA_FISMA_Federal_Information_Security_Modernization_Act1.txt (S. 2902, 117th Congress, 1st Session)"
BILL-101(c)(3)(A)(iii)(IV)(aa),BILL-SEC-101,,(c)(3)(A)(iii)(IV)(aa),item,aa,no,(aa) in clause (ii) by inserting ‘‘binding’’ before ‘‘operational’’; and,"USA_FISMA_Federal_Information_Security_Modernization_Act1.txt (S. 2902, 117th Congress, 1st Session)"
BILL-101(c)(3)(A)(iii)(IV)(bb),BILL-SEC-101,,(c)(3)(A)(iii)(IV)(bb),item,bb,no,"(bb) in clause (vi), by striking ‘‘and’’ at the end; and","USA_FISMA_Federal_Information_Security_Modernization_Act1.txt (S. 2902, 117th Congress, 1st Session)"
BILL-101(c)(3)(A)(iii)(V),BILL-SEC-101,,(c)(3)(A)(iii)(V),subclause,V,no,(V) by adding at the end the following:,"USA_FISMA_Federal_Information_Security_Modernization_Act1.txt (S. 2902, 117th Congress, 1st Session)"
BILL-101(c)(3)(E)#2,BILL-SEC-101,,(c)(3)(E),subparagraph,E,yes,"(E) not later than 30 days after the date on which an agency system risk assessment is performed under subparagraph (A), providing the assessment to—","USA_FISMA_Federal_Information_Security_Modernization_Act1.txt (S. 2902, 117th Congress, 1st Session)"
BILL-101(c)(3)(E)(i),BILL-SEC-101,,(c)(3)(E)(i),clause,i,yes,(i) the Director;,"USA_FISMA_Federal_Information_Security_Modernization_Act1.txt (S. 2902, 117th Congress, 1st Session)"
BILL-101(c)(3)(E)(ii),BILL-SEC-101,,(c)(3)(E)(ii),clause,ii,yes,(ii) the Director of the Cybersecurity and Infrastructure Security Agency; and,"USA_FISMA_Federal_Information_Security_Modernization_Act1.txt (S. 2902, 117th Congress, 1st Session)"
BILL-101(c)(3)(E)(iii),BILL-SEC-101,,(c)(3)(E)(iii),clause,iii,yes,(iii) the National Cyber Director;,"USA_FISMA_Federal_Information_Security_Modernization_Act1.txt (S. 2902, 117th Congress, 1st Session)"
BILL-101(c)(3)(F),BILL-SEC-101,,(c)(3)(F),subparagraph,F,yes,"(F) in consultation with the Director of the Cybersecurity and Infrastructure Security Agency and not less frequently than annually, performing an evaluation of whether additional cybersecurity procedures are appropriate for securing a system of, or under the supervision of, the agency, which shall—","USA_FISMA_Federal_Information_Security_Modernization_Act1.txt (S. 2902, 117th Congress, 1st Session)"
BILL-101(c)(3)(F)(i),BILL-SEC-101,,(c)(3)(F)(i),clause,i,yes,(i) be completed considering the agency system risk assessment performed under subparagraph (A); and,"USA_FISMA_Federal_Information_Security_Modernization_Act1.txt (S. 2902, 117th Congress, 1st Session)"
BILL-101(c)(3)(F)(ii),BILL-SEC-101,,(c)(3)(F)(ii),clause,ii,yes,(ii) include a specific evaluation for high value assets; and,"USA_FISMA_Federal_Information_Security_Modernization_Act1.txt (S. 2902, 117th Congress, 1st Session)"
BILL-101(c)(3)(G),BILL-SEC-101,,(c)(3)(G),subparagraph,G,yes,"(G) not later than 30 days after completing the evaluation performed under subparagraph (F), providing the evaluation and an implementation plan for using additional cybersecurity procedures determined to be appropriate to—","USA_FISMA_Federal_Information_Security_Modernization_Act1.txt (S. 2902, 117th Congress, 1st Session)"
BILL-101(c)(3)(G)(i),BILL-SEC-101,,(c)(3)(G)(i),clause,i,yes,(i) the Director of the Cybersecurity and Infrastructure Security Agency;,"USA_FISMA_Federal_Information_Security_Modernization_Act1.txt (S. 2902, 117th Congress, 1st Session)"
BILL-101(c)(3)(G)(ii),BILL-SEC-101,,(c)(3)(G)(ii),clause,ii,yes,(ii) the Director; and,"USA_FISMA_Federal_Information_Security_Modernization_Act1.txt (S. 2902, 117th Congress, 1st Session)"
BILL-101(c)(3)(G)(iii),BILL-SEC-101,,(c)(3)(G)(iii),clause,iii,yes,(iii) the National Cyber Director.’’;,"USA_FISMA_Federal_Information_Security_Modernization_Act1.txt (S. 2902, 117th Congress, 1st Session)"
BILL-101(c)(3)(G)(ii)#2,BILL-SEC-101,,(c)(3)(G)(ii),clause,ii,no,(ii) in paragraph (2)—,"USA_FISMA_Federal_Information_Security_Modernization_Act1.txt (S. 2902, 117th Congress, 1st Session)"
BILL-101(c)(3)(G)(ii)(I),BILL-SEC-101,,(c)(3)(G)(ii)(I),subclause,I,no,"(I) in subparagraph (A), by inserting ‘‘in accordance with the agency system risk assessment performed under paragraph (1)(A)’’ after ‘‘information systems’’;","USA_FISMA_Federal_Information_Security_Modernization_Act1.txt (S. 2902, 117th Congress, 1st Session)"
BILL-101(c)(3)(G)(ii)(II),BILL-SEC-101,,(c)(3)(G)(ii)(II),subclause,II,no,(II) in subparagraph (B)—,"USA_FISMA_Federal_Information_Security_Modernization_Act1.txt (S. 2902, 117th Congress, 1st Session)"
BILL-101(c)(3)(G)(ii)(II)(aa),BILL-SEC-101,,(c)(3)(G)(ii)(II)(aa),item,aa,no,(aa) by striking ‘‘in accordance with standards’’ and inserting ‘‘in accordance with—,"USA_FISMA_Federal_Information_Security_Modernization_Act1.txt (S. 2902, 117th Congress, 1st Session)"
BILL-101(c)(3)(G)(i)#2,BILL-SEC-101,,(c)(3)(G)(i),clause,i,yes,(i) standards’’; and,"USA_FISMA_Federal_Information_Security_Modernization_Act1.txt (S. 2902, 117th Congress, 1st Session)"
BILL-101(c)(3)(G)(i)(bb),BILL-SEC-101,,(c)(3)(G)(i)(bb),item,bb,no,(bb) by adding at the end the following:,"USA_FISMA_Federal_Information_Security_Modernization_Act1.txt (S. 2902, 117th Congress, 1st Session)"
BILL-101(c)(3)(G)(ii)#3,BILL-SEC-101,,(c)(3)(G)(ii),clause,ii,yes,(ii) the evaluation performed under paragraph (1)(F); and,"USA_FISMA_Federal_Information_Security_Modernization_Act1.txt (S. 2902, 117th Congress, 1st Session)"
BILL-101(c)(3)(G)(iii)#2,BILL-SEC-101,,(c)(3)(G)(iii),clause,iii,yes,(iii) the implementation plan described in paragraph (1)(G);’’; and,"USA_FISMA_Federal_Information_Security_Modernization_Act1.txt (S. 2902, 117th Congress, 1st Session)"
BILL-101(c)(3)(G)(iii)(III),BILL-SEC-101,,(c)(3)(G)(iii)(III),subclause,III,no,"(III) in subparagraph (D), by inserting ‘‘, through the use of penetration testing, the vulnerability disclosure program established under section 3559B, and other means,’’ after ‘‘periodically’’;","USA_FISMA_Federal_Information_Security_Modernization_Act1.txt (S. 2902, 117th Congress, 1st Session)"
BILL-101(c)(3)(G)(iii)#3,BILL-SEC-101,,(c)(3)(G)(iii),clause,iii,no,(iii) in paragraph (3)—,"USA_FISMA_Federal_Information_Security_Modernization_Act1.txt (S. 2902, 117th Congress, 1st Session)"
BILL-101(c)(3)(G)(iii)(I),BILL-SEC-101,,(c)(3)(G)(iii)(I),subclause,I,no,"(I) in subparagraph (B), by inserting ‘‘, in coordination with the Director of the Cybersecurity and Infrastructure Security Agency,’’ after ‘‘maintaining’’;","USA_FISMA_Federal_Information_Security_Modernization_Act1.txt (S. 2902, 117th Congress, 1st Session)"
BILL-101(c)(3)(G)(iii)(II),BILL-SEC-101,,(c)(3)(G)(iii)(II),subclause,II,no,"(II) in subparagraph (D), by striking ‘‘and’’ at the end;","USA_FISMA_Federal_Information_Security_Modernization_Act1.txt (S. 2902, 117th Congress, 1st Session)"
BILL-101(c)(3)(G)(iii)(III)#2,BILL-SEC-101,,(c)(3)(G)(iii)(III),subclause,III,no,"(III) in subparagraph (E), by adding ‘‘and’’ at the end; and","USA_FISMA_Federal_Information_Security_Modernization_Act1.txt (S. 2902, 117th Congress, 1st Session)"
BILL-101(c)(3)(G)(iii)(IV),BILL-SEC-101,,(c)(3)(G)(iii)(IV),subclause,IV,no,(IV) by adding at the end the following:,"USA_FISMA_Federal_Information_Security_Modernization_Act1.txt (S. 2902, 117th Congress, 1st Session)"
BILL-101(c)(3)(F)#2,BILL-SEC-101,,(c)(3)(F),subparagraph,F,yes,"(F) implementing mechanisms for using verification specifications, or alternate verification specifications validated by the Director of the Cybersecurity and Infrastructure Security Agency, in consultation with the Director of the National Institute of Standards and Technology, to automatically verify the implementation of standards of agency systems promulgated under section 11331 of title 40 or any additional cybersecurity procedures, as applicable;’’; and","USA_FISMA_Federal_Information_Security_Modernization_Act1.txt (S. 2902, 117th Congress, 1st Session)"
BILL-101(c)(3)(F)(iv),BILL-SEC-101,,(c)(3)(F)(iv),clause,iv,no,"(iv) in paragraph (5), by inserting ‘‘and the Director of the Cybersecurity and Infrastructure Security Agency’’ before ‘‘on the effectiveness’’;","USA_FISMA_Federal_Information_Security_Modernization_Act1.txt (S. 2902, 117th Congress, 1st Session)"
BILL-101(c)(3)(B),BILL-SEC-101,,(c)(3)(B),subparagraph,B,no,(B) in subsection (b)—,"USA_FISMA_Federal_Information_Security_Modernization_Act1.txt (S. 2902, 117th Congress, 1st Session)"
BILL-101(c)(3)(B)(i),BILL-SEC-101,,(c)(3)(B)(i),clause,i,no,(i) by striking paragraph (1) and inserting the following:,"USA_FISMA_Federal_Information_Security_Modernization_Act1.txt (S. 2902, 117th Congress, 1st Session)"
BILL-101(c)(1)#4,BILL-SEC-101,,(c)(1),paragraph,1,yes,"(1) pursuant to subsection (a)(1)(A), performing an agency system risk assessment, which shall include using automated tools consistent with standards, verification specifications, and guidelines promulgated under section 11331 of title 40, as applicable;’’;","USA_FISMA_Federal_Information_Security_Modernization_Act1.txt (S. 2902, 117th Congress, 1st Session)"
BILL-101(c)(1)(ii)#2,BILL-SEC-101,,(c)(1)(ii),clause,ii,no,(ii) in paragraph (2)(D)—,"USA_FISMA_Federal_Information_Security_Modernization_Act1.txt (S. 2902, 117th Congress, 1st Session)"
BILL-101(c)(1)(ii)(I),BILL-SEC-101,,(c)(1)(ii)(I),subclause,I,no,"(I) by redesignating clauses (iii) and (iv) as clauses (iv) and (v), respectively;","USA_FISMA_Federal_Information_Security_Modernization_Act1.txt (S. 2902, 117th Congress, 1st Session)"
BILL-101(c)(1)(ii)(II),BILL-SEC-101,,(c)(1)(ii)(II),subclause,II,no,(II) by inserting after clause (ii) the following:,"USA_FISMA_Federal_Information_Security_Modernization_Act1.txt (S. 2902, 117th Congress, 1st Session)"
BILL-101(c)(1)(iii)#2,BILL-SEC-101,,(c)(1)(iii),clause,iii,yes,(iii) binding operational directives and emergency directives promulgated by the Director of the Cybersecurity and Infrastructure Security Agency under section 3553 of title 44;’’; and,"USA_FISMA_Federal_Information_Security_Modernization_Act1.txt (S. 2902, 117th Congress, 1st Session)"
BILL-101(c)(1)(iii)(III),BILL-SEC-101,,(c)(1)(iii)(III),subclause,III,no,"(III) in clause (iv), as so redesignated, by striking ‘‘as determined by the agency; and’’ and inserting ‘‘as determined by the agency—","USA_FISMA_Federal_Information_Security_Modernization_Act1.txt (S. 2902, 117th Congress, 1st Session)"
BILL-101(c)(1)(iii)(I),BILL-SEC-101,,(c)(1)(iii)(I),subclause,I,yes,(I) in coordination with the Director of the Cybersecurity and Infrastructure Security Agency; and,"USA_FISMA_Federal_Information_Security_Modernization_Act1.txt (S. 2902, 117th Congress, 1st Session)"
BILL-101(c)(1)(iii)(II),BILL-SEC-101,,(c)(1)(iii)(II),subclause,II,yes,(II) in consideration of—,"USA_FISMA_Federal_Information_Security_Modernization_Act1.txt (S. 2902, 117th Congress, 1st Session)"
BILL-101(c)(1)(iii)(II)(aa),BILL-SEC-101,,(c)(1)(iii)(II)(aa),item,aa,yes,(aa) the agency risk assessment performed under subsection (a)(1)(A); and,"USA_FISMA_Federal_Information_Security_Modernization_Act1.txt (S. 2902, 117th Congress, 1st Session)"
BILL-101(c)(1)(iii)(II)(bb),BILL-SEC-101,,(c)(1)(iii)(II)(bb),item,bb,yes,(bb) the determinations of applying more stringent standards and additional cybersecurity procedures pursuant to section 11331(c)(1) of title 40; and’’;,"USA_FISMA_Federal_Information_Security_Modernization_Act1.txt (S. 2902, 117th Congress, 1st Session)"
BILL-101(c)(1)(iii)#3,BILL-SEC-101,,(c)(1)(iii),clause,iii,no,(iii) in paragraph (5)—,"USA_FISMA_Federal_Information_Security_Modernization_Act1.txt (S. 2902, 117th Congress, 1st Session)"
BILL-101(c)(1)(iii)(I)#2,BILL-SEC-101,,(c)(1)(iii)(I),subclause,I,no,"(I) in subparagraph (A), by inserting ‘‘, including penetration testing, as appropriate,’’ after ‘‘shall include testing’’; and","USA_FISMA_Federal_Information_Security_Modernization_Act1.txt (S. 2902, 117th Congress, 1st Session)"
BILL-101(c)(1)(iii)(II)#2,BILL-SEC-101,,(c)(1)(iii)(II),subclause,II,no,"(II) in subparagraph (C), by inserting ‘‘, verification specifications,’’ after ‘‘with standards’’;","USA_FISMA_Federal_Information_Security_Modernization_Act1.txt (S. 2902, 117th Congress, 1st Session)"
BILL-101(c)(1)(iv),BILL-SEC-101,,(c)(1)(iv),clause,iv,no,"(iv) in paragraph (6), by striking ‘‘planning, implementing, evaluating, and documenting’’ and inserting ‘‘planning and implementing and, in consultation with the Director of the Cybersecurity and Infrastructure Security Agency, evaluating and documenting’’;","USA_FISMA_Federal_Information_Security_Modernization_Act1.txt (S. 2902, 117th Congress, 1st Session)"
BILL-101(c)(1)(v),BILL-SEC-101,,(c)(1)(v),clause,v,no,"(v) by redesignating paragraphs (7) and (8) as paragraphs (9) and (10), respectively;","USA_FISMA_Federal_Information_Security_Modernization_Act1.txt (S. 2902, 117th Congress, 1st Session)"
BILL-101(c)(1)(vi),BILL-SEC-101,,(c)(1)(vi),clause,vi,no,(vi) by inserting after paragraph (6) the following:,"USA_FISMA_Federal_Information_Security_Modernization_Act1.txt (S. 2902, 117th Congress, 1st Session)"
BILL-101(c)(7)#2,BILL-SEC-101,,(c)(7),paragraph,7,yes,"(7) a process for providing the status of every remedial action and known system vulnerability to the Director and the Director of the Cybersecurity and Infrastructure Security Agency, using automation and machine-readable data to the greatest extent practicable;","USA_FISMA_Federal_Information_Security_Modernization_Act1.txt (S. 2902, 117th Congress, 1st Session)"
BILL-101(c)(8)#3,BILL-SEC-101,,(c)(8),paragraph,8,yes,"(8) a process for providing the verification of the implementation of standards promulgated under section 11331 of title 40 using verification specifications, automation, and machine-readable data, to the Director and the Director of the Cybersecurity and Infrastructure Security Agency;’’; and","USA_FISMA_Federal_Information_Security_Modernization_Act1.txt (S. 2902, 117th Congress, 1st Session)"
BILL-101(c)(8)(vii),BILL-SEC-101,,(c)(8)(vii),clause,vii,no,"(vii) in paragraph (9)(C), as so redesignated—","USA_FISMA_Federal_Information_Security_Modernization_Act1.txt (S. 2902, 117th Congress, 1st Session)"
BILL-101(c)(8)(vii)(I),BILL-SEC-101,,(c)(8)(vii)(I),subclause,I,no,(I) by striking clause (ii) and inserting the following:,"USA_FISMA_Federal_Information_Security_Modernization_Act1.txt (S. 2902, 117th Congress, 1st Session)"
BILL-101(c)(8)(ii),BILL-SEC-101,,(c)(8)(ii),clause,ii,yes,(ii) notifying and consulting with the Federal information security incident center established under section 3556 pursuant to the requirements of section 3594;’’;,"USA_FISMA_Federal_Information_Security_Modernization_Act1.txt (S. 2902, 117th Congress, 1st Session)"
BILL-101(c)(8)(ii)(II),BILL-SEC-101,,(c)(8)(ii)(II),subclause,II,no,(II) by redesignating clause (iii) as clause (iv);,"USA_FISMA_Federal_Information_Security_Modernization_Act1.txt (S. 2902, 117th Congress, 1st Session)"
BILL-101(c)(8)(ii)(III),BILL-SEC-101,,(c)(8)(ii)(III),subclause,III,no,(III) by inserting after clause (ii) the following:,"USA_FISMA_Federal_Information_Security_Modernization_Act1.txt (S. 2902, 117th Congress, 1st Session)"
BILL-101(c)(8)(iii),BILL-SEC-101,,(c)(8)(iii),clause,iii,yes,(iii) performing the notifications and other activities required under subchapter IV of this title; and’’; and,"USA_FISMA_Federal_Information_Security_Modernization_Act1.txt (S. 2902, 117th Congress, 1st Session)"
BILL-101(c)(8)(iii)(IV),BILL-SEC-101,,(c)(8)(iii)(IV),subclause,IV,no,"(IV) in clause (iv), as so redesignated—","USA_FISMA_Federal_Information_Security_Modernization_Act1.txt (S. 2902, 117th Congress, 1st Session)"
BILL-101(c)(8)(iii)(IV)(aa),BILL-SEC-101,,(c)(8)(iii)(IV)(aa),item,aa,no,"(aa) in subclause (I), by striking ‘‘and relevant Offices of Inspector General’’;","USA_FISMA_Federal_Information_Security_Modernization_Act1.txt (S. 2902, 117th Congress, 1st Session)"
BILL-101(c)(8)(iii)(IV)(bb),BILL-SEC-101,,(c)(8)(iii)(IV)(bb),item,bb,no,"(bb) in subclause (II), by adding ‘‘and’’ at the end;","USA_FISMA_Federal_Information_Security_Modernization_Act1.txt (S. 2902, 117th Congress, 1st Session)"
BILL-101(c)(8)(iii)(IV)(cc),BILL-SEC-101,,(c)(8)(iii)(IV)(cc),item,cc,no,(cc) by striking subclause (III); and,"USA_FISMA_Federal_Information_Security_Modernization_Act1.txt (S. 2902, 117th Congress, 1st Session)"
BILL-101(c)(8)(iii)(IV)(dd),BILL-SEC-101,,(c)(8)(iii)(IV)(dd),item,dd,no,(dd) by redesignating subclause (IV) as subclause (III);,"USA_FISMA_Federal_Information_Security_Modernization_Act1.txt (S. 2902, 117th Congress, 1st Session)"
BILL-101(c)(8)(C),BILL-SEC-101,,(c)(8)(C),subparagraph,C,no,(C) in subsection (c)—,"USA_FISMA_Federal_Information_Security_Modernization_Act1.txt (S. 2902, 117th Congress, 1st Session)"
BILL-101(c)(8)(C)(i),BILL-SEC-101,,(c)(8)(C)(i),clause,i,no,(i) in paragraph (1)—,"USA_FISMA_Federal_Information_Security_Modernization_Act1.txt (S. 2902, 117th Congress, 1st Session)"
BILL-101(c)(8)(C)(i)(I),BILL-SEC-101,,(c)(8)(C)(i)(I),subclause,I,no,(I) in subparagraph (A)—,"USA_FISMA_Federal_Information_Security_Modernization_Act1.txt (S. 2902, 117th Congress, 1st Session)"
BILL-101(c)(8)(C)(i)(I)(aa),BILL-SEC-101,,(c)(8)(C)(i)(I)(aa),item,aa,no,"(aa) in the matter preceding clause (i), by striking ‘‘on the adequacy and effectiveness of information security policies, procedures, and practices, including’’ and inserting ‘‘that includes’’; and","USA_FISMA_Federal_Information_Security_Modernization_Act1.txt (S. 2902, 117th Congress, 1st Session)"
BILL-101(c)(8)(C)(i)(I)(bb),BILL-SEC-101,,(c)(8)(C)(i)(I)(bb),item,bb,no,"(bb) in clause (ii), by inserting ‘‘unless the Director issues a waiver to the agency under subparagraph (B)(iii),’’ before ‘‘the total number’’; and","USA_FISMA_Federal_Information_Security_Modernization_Act1.txt (S. 2902, 117th Congress, 1st Session)"
BILL-101(c)(8)(C)(i)(II),BILL-SEC-101,,(c)(8)(C)(i)(II),subclause,II,no,(II) by striking subparagraph (B) and inserting the following:,"USA_FISMA_Federal_Information_Security_Modernization_Act1.txt (S. 2902, 117th Congress, 1st Session)"
BILL-101(c)(8)(B),BILL-SEC-101,,(c)(8)(B),subparagraph,B,yes,(B) INCIDENT REPORTING WAIVER.—,"USA_FISMA_Federal_Information_Security_Modernization_Act1.txt (S. 2902, 117th Congress, 1st Session)"
BILL-101(c)(8)(B)(i),BILL-SEC-101,,(c)(8)(B)(i),clause,i,yes,"(i) CERTIFICATION OF AGENCY INFORMATION SHARING.—If the Director, in consultation with the Director of the Cybersecurity and Infrastructure Security Agency, determines that an agency shares any information relating to any incident pursuant to section 3594(a), the Director shall certify that the agency is in compliance with that section.","USA_FISMA_Federal_Information_Security_Modernization_Act1.txt (S. 2902, 117th Congress, 1st Session)"
BILL-101(c)(8)(B)(ii),BILL-SEC-101,,(c)(8)(B)(ii),clause,ii,yes,"(ii) CERTIFICATION OF ISSUING REPORT.—If the Director determines that the Director of the Cybersecurity and Infrastructure Security Agency uses the information described in clause (i) with respect to a particular agency to submit to Congress an annex required under section 3597(c)(3) for that agency, the Director shall certify that the Cybersecurity and Infrastructure Security Agency is in compliance with that section with respect to that agency.","USA_FISMA_Federal_Information_Security_Modernization_Act1.txt (S. 2902, 117th Congress, 1st Session)"
BILL-101(c)(8)(B)(iii),BILL-SEC-101,,(c)(8)(B)(iii),clause,iii,yes,(iii) WAIVER.—The Director may waive the reporting requirement with respect to the information required to be included in the report under subparagraph,"USA_FISMA_Federal_Information_Security_Modernization_Act1.txt (S. 2902, 117th Congress, 1st Session)"
BILL-101(c)(8)(A)(ii),BILL-SEC-101,,(c)(8)(A)(ii),clause,ii,no,(A)(ii) for a particular agency if—,"USA_FISMA_Federal_Information_Security_Modernization_Act1.txt (S. 2902, 117th Congress, 1st Session)"
BILL-101(c)(8)(A)(ii)(I),BILL-SEC-101,,(c)(8)(A)(ii)(I),subclause,I,yes,(I) the Director has issued a certification for the agency under clause (i); and,"USA_FISMA_Federal_Information_Security_Modernization_Act1.txt (S. 2902, 117th Congress, 1st Session)"
BILL-101(c)(8)(A)(ii)(II),BILL-SEC-101,,(c)(8)(A)(ii)(II),subclause,II,yes,(II) the Director has issued a certification with respect to the annex of the agency under clause (ii).,"USA_FISMA_Federal_Information_Security_Modernization_Act1.txt (S. 2902, 117th Congress, 1st Session)"
BILL-101(c)(8)(A)(iv),BILL-SEC-101,,(c)(8)(A)(iv),clause,iv,yes,(iv) REVOCATION OF WAIVER OR CERTIFICATIONS.—,"USA_FISMA_Federal_Information_Security_Modernization_Act1.txt (S. 2902, 117th Congress, 1st Session)"
BILL-101(c)(8)(A)(iv)(I),BILL-SEC-101,,(c)(8)(A)(iv)(I),subclause,I,yes,"(I) WAIVER.—If, at any time, the Director determines that the Director of the Cybersecurity and Infrastructure Security Agency cannot submit to Congress an annex for a particular agency under section 3597(c)(3)—","USA_FISMA_Federal_Information_Security_Modernization_Act1.txt (S. 2902, 117th Congress, 1st Session)"
BILL-101(c)(8)(A)(iv)(I)(aa),BILL-SEC-101,,(c)(8)(A)(iv)(I)(aa),item,aa,yes,(aa) any waiver previously issued under clause (iii) with respect to that agency shall be considered void; and,"USA_FISMA_Federal_Information_Security_Modernization_Act1.txt (S. 2902, 117th Congress, 1st Session)"
BILL-101(c)(8)(A)(iv)(I)(bb),BILL-SEC-101,,(c)(8)(A)(iv)(I)(bb),item,bb,yes,(bb) the Director shall revoke the certification for the annex of that agency under clause (ii).,"USA_FISMA_Federal_Information_Security_Modernization_Act1.txt (S. 2902, 117th Congress, 1st Session)"
BILL-101(c)(8)(A)(iv)(II),BILL-SEC-101,,(c)(8)(A)(iv)(II),subclause,II,yes,"(II) CERTIFICATIONS.—If, at any time, the Director determines that an agency has not provided to the Director of the Cybersecurity and Infrastructure Security Agency the totality of incident information required under section 3594(a)—","USA_FISMA_Federal_Information_Security_Modernization_Act1.txt (S. 2902, 117th Congress, 1st Session)"
BILL-101(c)(8)(A)(iv)(II)(aa),BILL-SEC-101,,(c)(8)(A)(iv)(II)(aa),item,aa,yes,(aa) any waiver previously issued under clause (iii) with respect to that agency shall be considered void; and,"USA_FISMA_Federal_Information_Security_Modernization_Act1.txt (S. 2902, 117th Congress, 1st Session)"
BILL-101(c)(8)(A)(iv)(II)(bb),BILL-SEC-101,,(c)(8)(A)(iv)(II)(bb),item,bb,yes,(bb) the Director shall revoke the certification for that agency under clause (i).,"USA_FISMA_Federal_Information_Security_Modernization_Act1.txt (S. 2902, 117th Congress, 1st Session)"
BILL-101(c)(8)(A)(iv)(III),BILL-SEC-101,,(c)(8)(A)(iv)(III),subclause,III,yes,"(III) REISSUANCE.—If the Director revokes a waiver under this clause, the Director may issue a subsequent waiver if the Director issues new certifications under clauses (i) and (ii).’’;","USA_FISMA_Federal_Information_Security_Modernization_Act1.txt (S. 2902, 117th Congress, 1st Session)"
BILL-101(c)(8)(A)(ii)#2,BILL-SEC-101,,(c)(8)(A)(ii),clause,ii,no,"(ii) by redesignating paragraphs (2) through (5) as paragraphs (4) through (7), respectively; and","USA_FISMA_Federal_Information_Security_Modernization_Act1.txt (S. 2902, 117th Congress, 1st Session)"
BILL-101(c)(8)(A)(iii),BILL-SEC-101,,(c)(8)(A)(iii),clause,iii,no,(iii) by inserting after paragraph (1) the following:,"USA_FISMA_Federal_Information_Security_Modernization_Act1.txt (S. 2902, 117th Congress, 1st Session)"
BILL-101(c)(2)#5,BILL-SEC-101,,(c)(2),paragraph,2,yes,"(2) BIANNUAL REPORT.—Not later than 180 days after the date on which an agency completes an agency system risk assessment under subsection (a)(1)(A) and not less frequently than every 2 years, each agency shall submit to the Director, the Secretary, the Committee on Homeland Security and Governmental Affairs of the Senate, the Committee on Oversight and Reform of the House of Representatives, the Committee on Homeland Security of the House of Representatives, the appropriate authorization and appropriations committees of Congress, the National Cyber Director, and the Comptroller General of the United States a report that—","USA_FISMA_Federal_Information_Security_Modernization_Act1.txt (S. 2902, 117th Congress, 1st Session)"
BILL-101(c)(2)(A)#2,BILL-SEC-101,,(c)(2)(A),subparagraph,A,yes,(A) summarizes the agency system risk assessment performed under subsection (a)(1)(A);,"USA_FISMA_Federal_Information_Security_Modernization_Act1.txt (S. 2902, 117th Congress, 1st Session)"
BILL-101(c)(2)(B)#2,BILL-SEC-101,,(c)(2)(B),subparagraph,B,yes,"(B) evaluates the adequacy and effectiveness of information security policies, procedures, and practices of the agency to address the risks identified in the system risk assessment performed under subsection (a)(1)(A); and","USA_FISMA_Federal_Information_Security_Modernization_Act1.txt (S. 2902, 117th Congress, 1st Session)"
BILL-101(c)(2)(C)#2,BILL-SEC-101,,(c)(2)(C),subparagraph,C,yes,(C) summarizes the evaluations and implementation plans described in subparagraphs (F) and (G) of subsection (a)(1) and whether those evaluations and implementation plans call for the use of additional cybersecurity procedures determined to be appropriate by the agency.,"USA_FISMA_Federal_Information_Security_Modernization_Act1.txt (S. 2902, 117th Congress, 1st Session)"
BILL-101(c)(3)#4,BILL-SEC-101,,(c)(3),paragraph,3,yes,(3) UNCLASSIFIED REPORTS.—Each report submitted under paragraphs (1) and (2)—,"USA_FISMA_Federal_Information_Security_Modernization_Act1.txt (S. 2902, 117th Congress, 1st Session)"
BILL-101(c)(3)(A)#3,BILL-SEC-101,,(c)(3)(A),subparagraph,A,yes,"(A) shall be, to the greatest extent practicable, in an unclassified and otherwise uncontrolled form; and","USA_FISMA_Federal_Information_Security_Modernization_Act1.txt (S. 2902, 117th Congress, 1st Session)"
BILL-101(c)(3)(B)#2,BILL-SEC-101,,(c)(3)(B),subparagraph,B,yes,(B) may include a classified annex.’’; and,"USA_FISMA_Federal_Information_Security_Modernization_Act1.txt (S. 2902, 117th Congress, 1st Session)"
BILL-101(c)(3)(D)#2,BILL-SEC-101,,(c)(3)(D),subparagraph,D,no,"(D) in subsection (d)(1), in the matter preceding subparagraph (A), by inserting ‘‘and the Director of the Cybersecurity and Infrastructure Security Agency’’ after ‘‘the Director’’;","USA_FISMA_Federal_Information_Security_Modernization_Act1.txt (S. 2902, 117th Congress, 1st Session)"
BILL-101(c)(4)#2,BILL-SEC-101,,(c)(4),paragraph,4,no,(4) in section 3555—,"USA_FISMA_Federal_Information_Security_Modernization_Act1.txt (S. 2902, 117th Congress, 1st Session)"
BILL-101(c)(4)(A),BILL-SEC-101,,(c)(4)(A),subparagraph,A,no,"(A) in subsection (a)(2)(A), by inserting ‘‘, including by penetration testing and analyzing the vulnerability disclosure program of the agency’’ after ‘‘information systems’’;","USA_FISMA_Federal_Information_Security_Modernization_Act1.txt (S. 2902, 117th Congress, 1st Session)"
BILL-101(c)(4)(B),BILL-SEC-101,,(c)(4)(B),subparagraph,B,no,(B) by striking subsection (f) and inserting the following:,"USA_FISMA_Federal_Information_Security_Modernization_Act1.txt (S. 2902, 117th Congress, 1st Session)"
BILL-101(f),BILL-SEC-101,,(f),subsection,f,yes,"(f) PROTECTION OF INFORMATION.—(1) Agencies and evaluators shall take appropriate steps to ensure the protection of information which, if disclosed, may adversely affect information security.","USA_FISMA_Federal_Information_Security_Modernization_Act1.txt (S. 2902, 117th Congress, 1st Session)"
BILL-101(f)(2),BILL-SEC-101,,(f)(2),paragraph,2,yes,(2) The protections required under paragraph (1) shall be commensurate with the risk and comply with all applicable laws and regulations.,"USA_FISMA_Federal_Information_Security_Modernization_Act1.txt (S. 2902, 117th Congress, 1st Session)"
BILL-101(f)(3),BILL-SEC-101,,(f)(3),paragraph,3,yes,"(3) With respect to information that is not related to national security systems, agencies and evaluators shall make a summary of the information unclassified and publicly available, including information that does not identify—","USA_FISMA_Federal_Information_Security_Modernization_Act1.txt (S. 2902, 117th Congress, 1st Session)"
BILL-101(f)(3)(A),BILL-SEC-101,,(f)(3)(A),subparagraph,A,yes,(A) specific information system incidents; or,"USA_FISMA_Federal_Information_Security_Modernization_Act1.txt (S. 2902, 117th Congress, 1st Session)"
BILL-101(f)(3)(B),BILL-SEC-101,,(f)(3)(B),subparagraph,B,yes,(B) specific information system vulnerabilities.’’;,"USA_FISMA_Federal_Information_Security_Modernization_Act1.txt (S. 2902, 117th Congress, 1st Session)"
BILL-101(f)(3)(C),BILL-SEC-101,,(f)(3)(C),subparagraph,C,no,(C) in subsection (g)(2)—,"USA_FISMA_Federal_Information_Security_Modernization_Act1.txt (S. 2902, 117th Congress, 1st Session)"
BILL-101(f)(3)(C)(i),BILL-SEC-101,,(f)(3)(C)(i),clause,i,no,(i) by striking ‘‘this subsection shall’’ and inserting ‘‘this subsection—,"USA_FISMA_Federal_Information_Security_Modernization_Act1.txt (S. 2902, 117th Congress, 1st Session)"
BILL-101(f)(3)(A)#2,BILL-SEC-101,,(f)(3)(A),subparagraph,A,yes,(A) shall’’;,"USA_FISMA_Federal_Information_Security_Modernization_Act1.txt (S. 2902, 117th Congress, 1st Session)"
BILL-101(f)(3)(A)(ii),BILL-SEC-101,,(f)(3)(A)(ii),clause,ii,no,"(ii) in subparagraph (A), as so designated, by striking the period at the end and inserting ‘‘; and’’; and","USA_FISMA_Federal_Information_Security_Modernization_Act1.txt (S. 2902, 117th Congress, 1st Session)"
BILL-101(f)(3)(A)(iii),BILL-SEC-101,,(f)(3)(A)(iii),clause,iii,no,(iii) by adding at the end the following:,"USA_FISMA_Federal_Information_Security_Modernization_Act1.txt (S. 2902, 117th Congress, 1st Session)"
BILL-101(f)(3)(B)#2,BILL-SEC-101,,(f)(3)(B),subparagraph,B,yes,(B) identify any entity that performs an independent audit under subsection (b).’’; and,"USA_FISMA_Federal_Information_Security_Modernization_Act1.txt (S. 2902, 117th Congress, 1st Session)"
BILL-101(f)(3)(D),BILL-SEC-101,,(f)(3)(D),subparagraph,D,no,"(D) in subsection (j), by striking ‘‘the Secretary’’ and inserting ‘‘the Director of the Cyber Security and Infrastructure Security Agency’’; and","USA_FISMA_Federal_Information_Security_Modernization_Act1.txt (S. 2902, 117th Congress, 1st Session)"
BILL-101(f)(5),BILL-SEC-101,,(f)(5),paragraph,5,no,(5) in section 3556(a)—,"USA_FISMA_Federal_Information_Security_Modernization_Act1.txt (S. 2902, 117th Congress, 1st Session)"
BILL-101(f)(5)(A),BILL-SEC-101,,(f)(5)(A),subparagraph,A,no,"(A) in the matter preceding paragraph (1), by inserting ‘‘within the Cybersecurity and Infrastructure Security Agency’’ after ‘‘incident center’’; and","USA_FISMA_Federal_Information_Security_Modernization_Act1.txt (S. 2902, 117th Congress, 1st Session)"
BILL-101(f)(5)(B),BILL-SEC-101,,(f)(5)(B),subparagraph,B,no,"(B) in paragraph (4), by striking ‘‘3554(b)’’ and inserting ‘‘3554(a)(1)(A)’’.","USA_FISMA_Federal_Information_Security_Modernization_Act1.txt (S. 2902, 117th Congress, 1st Session)"
BILL-101(d),BILL-SEC-101,,(d),subsection,d,no,(d) FEDERAL SYSTEM INCIDENT RESPONSE.—,"USA_FISMA_Federal_Information_Security_Modernization_Act1.txt (S. 2902, 117th Congress, 1st Session)"
BILL-101(d)(1),BILL-SEC-101,,(d)(1),paragraph,1,no,"(1) IN GENERAL.—Chapter 35 of title 44, United States Code, is amended by adding at the end the following: ‘‘SUBCHAPTER IV—FEDERAL SYSTEM INCIDENT RESPONSE","USA_FISMA_Federal_Information_Security_Modernization_Act1.txt (S. 2902, 117th Congress, 1st Session)"
BILL-101(a)#2,BILL-SEC-101,BILL-USC-3591,(a),subsection,a,yes,"(a) IN GENERAL.—Except as provided in subsection (b), the definitions under sections 3502 and 3552 shall apply to this subchapter.","USA_FISMA_Federal_Information_Security_Modernization_Act1.txt (S. 2902, 117th Congress, 1st Session)"
BILL-101(b)#2,BILL-SEC-101,BILL-USC-3591,(b),subsection,b,yes,(b) ADDITIONAL DEFINITIONS.—As used in this subchapter:,"USA_FISMA_Federal_Information_Security_Modernization_Act1.txt (S. 2902, 117th Congress, 1st Session)"
BILL-101(b)(1)#3,BILL-SEC-101,BILL-USC-3591,(b)(1),paragraph,1,yes,(1) APPROPRIATE NOTIFICATION ENTITIES.— The term ‘appropriate notification entities’ means—,"USA_FISMA_Federal_Information_Security_Modernization_Act1.txt (S. 2902, 117th Congress, 1st Session)"
BILL-101(b)(1)(A)#2,BILL-SEC-101,BILL-USC-3591,(b)(1)(A),subparagraph,A,yes,(A) the Committee on Homeland Security and Governmental Affairs of the Senate;,"USA_FISMA_Federal_Information_Security_Modernization_Act1.txt (S. 2902, 117th Congress, 1st Session)"
BILL-101(b)(1)(B)#2,BILL-SEC-101,BILL-USC-3591,(b)(1)(B),subparagraph,B,yes,(B) the Committee on Oversight and Reform of the House of Representatives;,"USA_FISMA_Federal_Information_Security_Modernization_Act1.txt (S. 2902, 117th Congress, 1st Session)"
BILL-101(b)(1)(C)#2,BILL-SEC-101,BILL-USC-3591,(b)(1)(C),subparagraph,C,yes,(C) the Committee on Homeland Security of the House of Representatives;,"USA_FISMA_Federal_Information_Security_Modernization_Act1.txt (S. 2902, 117th Congress, 1st Session)"
BILL-101(b)(1)(D),BILL-SEC-101,BILL-USC-3591,(b)(1)(D),subparagraph,D,yes,(D) the appropriate authorization and appropriations committees of Congress;,"USA_FISMA_Federal_Information_Security_Modernization_Act1.txt (S. 2902, 117th Congress, 1st Session)"
BILL-101(b)(1)(E),BILL-SEC-101,BILL-USC-3591,(b)(1)(E),subparagraph,E,yes,(E) the Director;,"USA_FISMA_Federal_Information_Security_Modernization_Act1.txt (S. 2902, 117th Congress, 1st Session)"
BILL-101(b)(1)(F),BILL-SEC-101,BILL-USC-3591,(b)(1)(F),subparagraph,F,yes,(F) the Director of the Cybersecurity and Infrastructure Security Agency;,"USA_FISMA_Federal_Information_Security_Modernization_Act1.txt (S. 2902, 117th Congress, 1st Session)"
BILL-101(b)(1)(G),BILL-SEC-101,BILL-USC-3591,(b)(1)(G),subparagraph,G,yes,(G) the National Cyber Director; and,"USA_FISMA_Federal_Information_Security_Modernization_Act1.txt (S. 2902, 117th Congress, 1st Session)"
BILL-101(b)(1)(H),BILL-SEC-101,BILL-USC-3591,(b)(1)(H),subparagraph,H,yes,(H) the Comptroller General of the United States.,"USA_FISMA_Federal_Information_Security_Modernization_Act1.txt (S. 2902, 117th Congress, 1st Session)"
BILL-101(b)(2)#2,BILL-SEC-101,BILL-USC-3591,(b)(2),paragraph,2,yes,(2) CONTRACTOR.—The term ‘contractor’—,"USA_FISMA_Federal_Information_Security_Modernization_Act1.txt (S. 2902, 117th Congress, 1st Session)"
BILL-101(b)(2)(A)#2,BILL-SEC-101,BILL-USC-3591,(b)(2)(A),subparagraph,A,yes,(A) means any person or business that collects or maintains information that includes personally identifiable information or sensitive personal information on behalf of an agency; and,"USA_FISMA_Federal_Information_Security_Modernization_Act1.txt (S. 2902, 117th Congress, 1st Session)"
BILL-101(b)(2)(B)#2,BILL-SEC-101,BILL-USC-3591,(b)(2)(B),subparagraph,B,yes,(B) includes any subcontractor of a person or business described in subparagraph (A).,"USA_FISMA_Federal_Information_Security_Modernization_Act1.txt (S. 2902, 117th Congress, 1st Session)"
BILL-101(b)(3),BILL-SEC-101,BILL-USC-3591,(b)(3),paragraph,3,yes,(3) INTELLIGENCE COMMUNITY.—The term ‘intelligence community’ has the meaning given the term in section 3 of the National Security Act of 1947 (50 U.S.C. 3003).,"USA_FISMA_Federal_Information_Security_Modernization_Act1.txt (S. 2902, 117th Congress, 1st Session)"
BILL-101(b)(4),BILL-SEC-101,BILL-USC-3591,(b)(4),paragraph,4,yes,(4) NATIONWIDE CONSUMER REPORTING AGENCY.—The term ‘nationwide consumer reporting agency’ means a consumer reporting agency described in section 603(p) of the Fair Credit Reporting Act (15 U.S.C. 1681a(p)).,"USA_FISMA_Federal_Information_Security_Modernization_Act1.txt (S. 2902, 117th Congress, 1st Session)"
BILL-101(b)(5),BILL-SEC-101,BILL-USC-3591,(b)(5),paragraph,5,yes,(5) VULNERABILITY DISCLOSURE.—The term ‘vulnerability disclosure’ means a vulnerability identified under section 3559B.,"USA_FISMA_Federal_Information_Security_Modernization_Act1.txt (S. 2902, 117th Congress, 1st Session)"
BILL-101(a)#3,BILL-SEC-101,BILL-USC-3592,(a),subsection,a,yes,"(a) NOTIFICATION.—As expeditiously as practicable and without unreasonable delay, and in any case not later than 30 days after an agency has a reasonable basis to conclude that a major incident has occurred due to a high risk exposure of personal identifiable information, as described in section 3598(c)(2), the head of the agency shall provide notice of the major incident in accordance with subsection (b) in writing to the last known home mailing address of each individual whom the major incident may have impacted.","USA_FISMA_Federal_Information_Security_Modernization_Act1.txt (S. 2902, 117th Congress, 1st Session)"
BILL-101(b)#3,BILL-SEC-101,BILL-USC-3592,(b),subsection,b,yes,(b) CONTENTS OF NOTICE.—Each notice to an individual required under subsection (a) shall include—,"USA_FISMA_Federal_Information_Security_Modernization_Act1.txt (S. 2902, 117th Congress, 1st Session)"
BILL-101(b)(1)#4,BILL-SEC-101,BILL-USC-3592,(b)(1),paragraph,1,yes,(1) a description of the rationale for the determination that the major incident resulted in a high risk of exposure of the personal information of the individual;,"USA_FISMA_Federal_Information_Security_Modernization_Act1.txt (S. 2902, 117th Congress, 1st Session)"
BILL-101(b)(2)#3,BILL-SEC-101,BILL-USC-3592,(b)(2),paragraph,2,yes,(2) an assessment of the type of risk the individual may face as a result of an exposure;,"USA_FISMA_Federal_Information_Security_Modernization_Act1.txt (S. 2902, 117th Congress, 1st Session)"
BILL-101(b)(3)#2,BILL-SEC-101,BILL-USC-3592,(b)(3),paragraph,3,yes,(3) contact information for the Federal Bureau of Investigation or other appropriate entity;,"USA_FISMA_Federal_Information_Security_Modernization_Act1.txt (S. 2902, 117th Congress, 1st Session)"
BILL-101(b)(4)#2,BILL-SEC-101,BILL-USC-3592,(b)(4),paragraph,4,yes,(4) the contact information of each nationwide consumer reporting agency;,"USA_FISMA_Federal_Information_Security_Modernization_Act1.txt (S. 2902, 117th Congress, 1st Session)"
BILL-101(b)(5)#2,BILL-SEC-101,BILL-USC-3592,(b)(5),paragraph,5,yes,"(5) the contact information for questions to the agency, including a telephone number, e-mail address, and website;","USA_FISMA_Federal_Information_Security_Modernization_Act1.txt (S. 2902, 117th Congress, 1st Session)"
BILL-101(b)(6),BILL-SEC-101,BILL-USC-3592,(b)(6),paragraph,6,yes,(6) information on any remedy being offered by the agency;,"USA_FISMA_Federal_Information_Security_Modernization_Act1.txt (S. 2902, 117th Congress, 1st Session)"
BILL-101(b)(7)#2,BILL-SEC-101,BILL-USC-3592,(b)(7),paragraph,7,yes,(7) consolidated Federal Government recommendations on what to do in the event of a major incident; and,"USA_FISMA_Federal_Information_Security_Modernization_Act1.txt (S. 2902, 117th Congress, 1st Session)"
BILL-101(b)(8)#2,BILL-SEC-101,BILL-USC-3592,(b)(8),paragraph,8,yes,(8) any other appropriate information as determined by the head of the agency.,"USA_FISMA_Federal_Information_Security_Modernization_Act1.txt (S. 2902, 117th Congress, 1st Session)"
BILL-101(c)#3,BILL-SEC-101,BILL-USC-3592,(c),subsection,c,yes,(c) DELAY OF NOTIFICATION.—,"USA_FISMA_Federal_Information_Security_Modernization_Act1.txt (S. 2902, 117th Congress, 1st Session)"
BILL-101(c)(1)#5,BILL-SEC-101,BILL-USC-3592,(c)(1),paragraph,1,yes,"(1) IN GENERAL.—The Attorney General, the Director of National Intelligence, or the Secretary of Homeland Security may impose a delay of a notification required under subsection (a) if the notification would disrupt a law enforcement investigation, endanger national security, or hamper security remediation actions.","USA_FISMA_Federal_Information_Security_Modernization_Act1.txt (S. 2902, 117th Congress, 1st Session)"
BILL-101(c)(2)#6,BILL-SEC-101,BILL-USC-3592,(c)(2),paragraph,2,yes,(2) DOCUMENTATION.—,"USA_FISMA_Federal_Information_Security_Modernization_Act1.txt (S. 2902, 117th Congress, 1st Session)"
BILL-101(c)(2)(A)#3,BILL-SEC-101,BILL-USC-3592,(c)(2)(A),subparagraph,A,yes,"(A) IN GENERAL.—Any delay under paragraph (1) shall be reported in writing to the head of the agency, the Director, the Director of the Cybersecurity and Infrastructure Security Agency, and the Office of Inspector General of the agency that experienced the major incident.","USA_FISMA_Federal_Information_Security_Modernization_Act1.txt (S. 2902, 117th Congress, 1st Session)"
BILL-101(c)(2)(B)#3,BILL-SEC-101,BILL-USC-3592,(c)(2)(B),subparagraph,B,yes,(B) CONTENTS.—A statement required under subparagraph (A) shall include a written statement from the entity that delayed the notification explaining the need for the delay.,"USA_FISMA_Federal_Information_Security_Modernization_Act1.txt (S. 2902, 117th Congress, 1st Session)"
BILL-101(c)(2)(C)#3,BILL-SEC-101,BILL-USC-3592,(c)(2)(C),subparagraph,C,yes,"(C) FORM.—The statement required under subparagraph (A) shall be unclassified, but may include a classified annex.","USA_FISMA_Federal_Information_Security_Modernization_Act1.txt (S. 2902, 117th Congress, 1st Session)"
BILL-101(c)(3)#5,BILL-SEC-101,BILL-USC-3592,(c)(3),paragraph,3,yes,(3) RENEWAL.—A delay under paragraph (1) shall be for a period of 2 months and may be renewed.,"USA_FISMA_Federal_Information_Security_Modernization_Act1.txt (S. 2902, 117th Congress, 1st Session)"
BILL-101(d)#2,BILL-SEC-101,BILL-USC-3592,(d),subsection,d,yes,"(d) UPDATE NOTIFICATION.—If an agency determines there is a change in the reasonable basis to conclude that a major incident occurred, or that there is a change in the details of the information provided to impacted individuals as described in subsection (b), the agency shall as expeditiously as practicable and without unreasonable delay, and in any case not later than 30 days after such a determination, notify all such individuals who received a notification pursuant to subsection (a) of those changes.","USA_FISMA_Federal_Information_Security_Modernization_Act1.txt (S. 2902, 117th Congress, 1st Session)"
BILL-101(e),BILL-SEC-101,BILL-USC-3592,(e),subsection,e,yes,(e) RULE OF CONSTRUCTION.—Nothing in this section shall be construed to limit—,"USA_FISMA_Federal_Information_Security_Modernization_Act1.txt (S. 2902, 117th Congress, 1st Session)"
BILL-101(e)(1),BILL-SEC-101,BILL-USC-3592,(e)(1),paragraph,1,yes,(1) the Director from issuing guidance regarding notifications or the head of an agency from sending notifications to individuals impacted by incidents not determined to be major incidents; or,"USA_FISMA_Federal_Information_Security_Modernization_Act1.txt (S. 2902, 117th Congress, 1st Session)"
BILL-101(e)(2),BILL-SEC-101,BILL-USC-3592,(e)(2),paragraph,2,yes,(2) the Director from issuing guidance regarding notifications of major incidents or the head of an agency from issuing notifications to individuals impacted by major incidents that contain more information than described in subsection (b).,"USA_FISMA_Federal_Information_Security_Modernization_Act1.txt (S. 2902, 117th Congress, 1st Session)"
BILL-101(a)#4,BILL-SEC-101,BILL-USC-3593,(a),subsection,a,yes,(a) INITIAL REPORT.—,"USA_FISMA_Federal_Information_Security_Modernization_Act1.txt (S. 2902, 117th Congress, 1st Session)"
BILL-101(a)(1)#3,BILL-SEC-101,BILL-USC-3593,(a)(1),paragraph,1,yes,"(1) IN GENERAL.—Not later than 5 days after the date on which an agency has a reasonable basis to conclude that a major incident occurred, the head of the agency shall submit a written notification and, to the extent practicable, provide a briefing, to the appropriate notification entities, taking into account—","USA_FISMA_Federal_Information_Security_Modernization_Act1.txt (S. 2902, 117th Congress, 1st Session)"
BILL-101(a)(1)(A)#3,BILL-SEC-101,BILL-USC-3593,(a)(1)(A),subparagraph,A,yes,(A) the information known at the time of the notification;,"USA_FISMA_Federal_Information_Security_Modernization_Act1.txt (S. 2902, 117th Congress, 1st Session)"
BILL-101(a)(1)(B)#3,BILL-SEC-101,BILL-USC-3593,(a)(1)(B),subparagraph,B,yes,(B) the sensitivity of the details associated with the major incident; and,"USA_FISMA_Federal_Information_Security_Modernization_Act1.txt (S. 2902, 117th Congress, 1st Session)"
BILL-101(a)(1)(C)#2,BILL-SEC-101,BILL-USC-3593,(a)(1)(C),subparagraph,C,yes,(C) the classification level of the information contained in the notification.,"USA_FISMA_Federal_Information_Security_Modernization_Act1.txt (S. 2902, 117th Congress, 1st Session)"
BILL-101(a)(2)#2,BILL-SEC-101,BILL-USC-3593,(a)(2),paragraph,2,yes,(2) CONTENTS.—A notification required under paragraph (1) shall include—,"USA_FISMA_Federal_Information_Security_Modernization_Act1.txt (S. 2902, 117th Congress, 1st Session)"
BILL-101(a)(2)(A)#2,BILL-SEC-101,BILL-USC-3593,(a)(2)(A),subparagraph,A,yes,"(A) a summary of the information available about the major incident, including how the major incident occurred, based on information available to agency officials as of the date on which the agency submits the report;","USA_FISMA_Federal_Information_Security_Modernization_Act1.txt (S. 2902, 117th Congress, 1st Session)"
BILL-101(a)(2)(B)#2,BILL-SEC-101,BILL-USC-3593,(a)(2)(B),subparagraph,B,yes,"(B) if applicable, an estimate of the number of individuals impacted by the major incident, including an assessment of the risk level to impacted individuals based on the guidance promulgated under section 3598(c)(1) and any information available to agency officials on the date on which the agency submits the report;","USA_FISMA_Federal_Information_Security_Modernization_Act1.txt (S. 2902, 117th Congress, 1st Session)"
BILL-101(a)(2)(C),BILL-SEC-101,BILL-USC-3593,(a)(2)(C),subparagraph,C,yes,"(C) if applicable, a description and any associated documentation of any circumstances necessitating a delay in or exemption to notification granted under subsection (c) or (d) of section 3592; and","USA_FISMA_Federal_Information_Security_Modernization_Act1.txt (S. 2902, 117th Congress, 1st Session)"
BILL-101(a)(2)(D)#2,BILL-SEC-101,BILL-USC-3593,(a)(2)(D),subparagraph,D,yes,"(D) if applicable, an assessment of the impacts to the agency, the Federal Government, or the security of the United States, based on information available to agency officials on the date on which the agency submits the report.","USA_FISMA_Federal_Information_Security_Modernization_Act1.txt (S. 2902, 117th Congress, 1st Session)"
BILL-101(b)#4,BILL-SEC-101,BILL-USC-3593,(b),subsection,b,yes,"(b) SUPPLEMENTAL REPORT.—Within a reasonable amount of time, but not later than 45 days after the date on which additional information relating to a major incident for which an agency submitted a written notification under subsection (a) is discovered by the agency, the head of the agency shall submit to the appropriate notification entities updates to the written notification that include summaries of—","USA_FISMA_Federal_Information_Security_Modernization_Act1.txt (S. 2902, 117th Congress, 1st Session)"
BILL-101(b)(1)#5,BILL-SEC-101,BILL-USC-3593,(b)(1),paragraph,1,yes,"(1) the threats and threat actors, vulnerabilities, means by which the major incident occurred, and impacts to the agency relating to the major incident;","USA_FISMA_Federal_Information_Security_Modernization_Act1.txt (S. 2902, 117th Congress, 1st Session)"
BILL-101(b)(2)#4,BILL-SEC-101,BILL-USC-3593,(b)(2),paragraph,2,yes,(2) any risk assessment and subsequent riskbased security implementation of the affected information system before the date on which the major incident occurred;,"USA_FISMA_Federal_Information_Security_Modernization_Act1.txt (S. 2902, 117th Congress, 1st Session)"
BILL-101(b)(3)#3,BILL-SEC-101,BILL-USC-3593,(b)(3),paragraph,3,yes,(3) the status of compliance of the affected information system with applicable security requirements at the time of the major incident;,"USA_FISMA_Federal_Information_Security_Modernization_Act1.txt (S. 2902, 117th Congress, 1st Session)"
BILL-101(b)(4)#3,BILL-SEC-101,BILL-USC-3593,(b)(4),paragraph,4,yes,(4) an estimate of the number of individuals affected by the major incident based on information available to agency officials as of the date on which the agency submits the update;,"USA_FISMA_Federal_Information_Security_Modernization_Act1.txt (S. 2902, 117th Congress, 1st Session)"
BILL-101(b)(5)#3,BILL-SEC-101,BILL-USC-3593,(b)(5),paragraph,5,yes,(5) an update to the assessment of the risk of harm to impacted individuals affected by the major incident based on information available to agency officials as of the date on which the agency submits the update;,"USA_FISMA_Federal_Information_Security_Modernization_Act1.txt (S. 2902, 117th Congress, 1st Session)"
BILL-101(b)(6)#2,BILL-SEC-101,BILL-USC-3593,(b)(6),paragraph,6,yes,"(6) an update to the assessment of the risk to agency operations, or to impacts on other agency or non-Federal entity operations, affected by the major incident based on information available to agency officials as of the date on which the agency submits the update; and","USA_FISMA_Federal_Information_Security_Modernization_Act1.txt (S. 2902, 117th Congress, 1st Session)"
BILL-101(b)(7)#3,BILL-SEC-101,BILL-USC-3593,(b)(7),paragraph,7,yes,"(7) the detection, response, and remediation actions of the agency, including any support provided by the Cybersecurity and Infrastructure Security Agency under section 3594(d) and status updates on the notification process described in section 3592(a), including any delay or exemption described in subsection (c) or (d), respectively, of section 3592, if applicable.","USA_FISMA_Federal_Information_Security_Modernization_Act1.txt (S. 2902, 117th Congress, 1st Session)"
BILL-101(c)#4,BILL-SEC-101,BILL-USC-3593,(c),subsection,c,yes,"(c) UPDATE REPORT.—If the agency determines that there is any significant change in the understanding of the agency of the scope, scale, or consequence of a major incident for which an agency submitted a written notification under subsection (a), the agency shall provide an updated report to the appropriate notification entities that includes information relating to the change in understanding.","USA_FISMA_Federal_Information_Security_Modernization_Act1.txt (S. 2902, 117th Congress, 1st Session)"
BILL-101(d)#3,BILL-SEC-101,BILL-USC-3593,(d),subsection,d,yes,(d) ANNUAL REPORT.—Each agency shall submit as part of the annual report required under section 3554(c)(1) of this title a description of each major incident that occurred during the 1-year period preceding the date on which the report is submitted.,"USA_FISMA_Federal_Information_Security_Modernization_Act1.txt (S. 2902, 117th Congress, 1st Session)"
BILL-101(e)#2,BILL-SEC-101,BILL-USC-3593,(e),subsection,e,yes,(e) DELAY AND EXEMPTION REPORT.—The Director shall submit to the appropriate notification entities an annual report on all notification delays and exemptions granted pursuant to subsections (c) and (d) of section 3592.,"USA_FISMA_Federal_Information_Security_Modernization_Act1.txt (S. 2902, 117th Congress, 1st Session)"
BILL-101(f)#2,BILL-SEC-101,BILL-USC-3593,(f),subsection,f,yes,(f) REPORT DELIVERY.—Any written notification or report required to be submitted under this section may be submitted in a paper or electronic format.,"USA_FISMA_Federal_Information_Security_Modernization_Act1.txt (S. 2902, 117th Congress, 1st Session)"
BILL-101(g),BILL-SEC-101,BILL-USC-3593,(g),subsection,g,yes,(g) RULE OF CONSTRUCTION.—Nothing in this section shall be construed to limit—,"USA_FISMA_Federal_Information_Security_Modernization_Act1.txt (S. 2902, 117th Congress, 1st Session)"
BILL-101(g)(1),BILL-SEC-101,BILL-USC-3593,(g)(1),paragraph,1,yes,(1) the ability of an agency to provide additional reports or briefings to Congress; or,"USA_FISMA_Federal_Information_Security_Modernization_Act1.txt (S. 2902, 117th Congress, 1st Session)"
BILL-101(g)(2),BILL-SEC-101,BILL-USC-3593,(g)(2),paragraph,2,yes,"(2) Congress from requesting additional information from agencies through reports, briefings, or other means.","USA_FISMA_Federal_Information_Security_Modernization_Act1.txt (S. 2902, 117th Congress, 1st Session)"
BILL-101(h),BILL-SEC-101,BILL-USC-3593,(h),subsection,h,yes,"(h) BINDING OPERATIONAL DIRECTIVE.—If the Director of the Cybersecurity and Infrastructure Security Agency issues a binding operational directive or an emergency directive under section 3553, not later than 2 days after the date on which the binding operational directive requires an agency to take an action, each agency shall provide to the appropriate notification entities the status of the implementation of the binding operational directive at the agency.","USA_FISMA_Federal_Information_Security_Modernization_Act1.txt (S. 2902, 117th Congress, 1st Session)"
BILL-101(a)#5,BILL-SEC-101,BILL-USC-3594,(a),subsection,a,yes,(a) IN GENERAL.—,"USA_FISMA_Federal_Information_Security_Modernization_Act1.txt (S. 2902, 117th Congress, 1st Session)"
BILL-101(a)(1)#4,BILL-SEC-101,BILL-USC-3594,(a)(1),paragraph,1,yes,"(1) INCIDENT REPORTING.—The head of each agency shall provide any information relating to any incident, whether the information is obtained by the Federal Government directly or indirectly, to the Cybersecurity and Infrastructure Security Agency and the Office of Management and Budget.","USA_FISMA_Federal_Information_Security_Modernization_Act1.txt (S. 2902, 117th Congress, 1st Session)"
BILL-101(a)(2)#3,BILL-SEC-101,BILL-USC-3594,(a)(2),paragraph,2,yes,(2) CONTENTS.—A provision of information relating to an incident made by the head of an agency under paragraph (1) shall—,"USA_FISMA_Federal_Information_Security_Modernization_Act1.txt (S. 2902, 117th Congress, 1st Session)"
BILL-101(a)(2)(A)#3,BILL-SEC-101,BILL-USC-3594,(a)(2)(A),subparagraph,A,yes,(A) include detailed information about the safeguards that were in place when the incident occurred;,"USA_FISMA_Federal_Information_Security_Modernization_Act1.txt (S. 2902, 117th Congress, 1st Session)"
BILL-101(a)(2)(B)#3,BILL-SEC-101,BILL-USC-3594,(a)(2)(B),subparagraph,B,yes,(B) whether the agency implemented the safeguards described in subparagraph (A) correctly; and,"USA_FISMA_Federal_Information_Security_Modernization_Act1.txt (S. 2902, 117th Congress, 1st Session)"
BILL-101(a)(2)(C)#2,BILL-SEC-101,BILL-USC-3594,(a)(2)(C),subparagraph,C,yes,"(C) in order to protect against a similar incident, identify—","USA_FISMA_Federal_Information_Security_Modernization_Act1.txt (S. 2902, 117th Congress, 1st Session)"
BILL-101(a)(2)(C)(i),BILL-SEC-101,BILL-USC-3594,(a)(2)(C)(i),clause,i,yes,(i) how the safeguards described in subparagraph (A) should be implemented differently; and,"USA_FISMA_Federal_Information_Security_Modernization_Act1.txt (S. 2902, 117th Congress, 1st Session)"
BILL-101(a)(2)(C)(ii),BILL-SEC-101,BILL-USC-3594,(a)(2)(C)(ii),clause,ii,yes,(ii) additional necessary safeguards.,"USA_FISMA_Federal_Information_Security_Modernization_Act1.txt (S. 2902, 117th Congress, 1st Session)"
BILL-101(b)#5,BILL-SEC-101,BILL-USC-3594,(b),subsection,b,yes,(b) COMPLIANCE.—The information provided under subsection (a) shall—,"USA_FISMA_Federal_Information_Security_Modernization_Act1.txt (S. 2902, 117th Congress, 1st Session)"
BILL-101(b)(1)#6,BILL-SEC-101,BILL-USC-3594,(b)(1),paragraph,1,yes,(1) take into account the level of classification of the information and any information sharing limitations relating to law enforcement; and,"USA_FISMA_Federal_Information_Security_Modernization_Act1.txt (S. 2902, 117th Congress, 1st Session)"
BILL-101(b)(2)#5,BILL-SEC-101,BILL-USC-3594,(b)(2),paragraph,2,yes,(2) be in compliance with the requirements limiting the release of information under section 552a of title 5 (commonly known as the ‘Privacy Act of 1974’).,"USA_FISMA_Federal_Information_Security_Modernization_Act1.txt (S. 2902, 117th Congress, 1st Session)"
BILL-101(c)#5,BILL-SEC-101,BILL-USC-3594,(c),subsection,c,yes,"(c) RESPONDING TO INFORMATION REQUESTS FROM AGENCIES EXPERIENCING INCIDENTS.—An agency that receives a request from another agency or Federal entity for information specifically intended to assist in the remediation or notification requirements due to an incident shall provide that information to the greatest extent possible, in accordance with guidance issued by the Director and taking into account classification, law enforcement, national security, and compliance with section 552a of title 5 (commonly known as the ‘Privacy Act of 1974’).","USA_FISMA_Federal_Information_Security_Modernization_Act1.txt (S. 2902, 117th Congress, 1st Session)"
BILL-101(d)#4,BILL-SEC-101,BILL-USC-3594,(d),subsection,d,yes,"(d) INCIDENT RESPONSE.—Each agency that has a reasonable basis to conclude that a major incident occurred, regardless of delays from notification granted for a major incident, shall consult with the Cybersecurity and Infrastructure Security Agency regarding—","USA_FISMA_Federal_Information_Security_Modernization_Act1.txt (S. 2902, 117th Congress, 1st Session)"
BILL-101(d)(1)#2,BILL-SEC-101,BILL-USC-3594,(d)(1),paragraph,1,yes,(1) incident response and recovery; and,"USA_FISMA_Federal_Information_Security_Modernization_Act1.txt (S. 2902, 117th Congress, 1st Session)"
BILL-101(d)(2),BILL-SEC-101,BILL-USC-3594,(d)(2),paragraph,2,yes,(2) recommendations for mitigating future incidents.,"USA_FISMA_Federal_Information_Security_Modernization_Act1.txt (S. 2902, 117th Congress, 1st Session)"
BILL-101(a)#6,BILL-SEC-101,BILL-USC-3595,(a),subsection,a,yes,(a) NOTIFICATION.—,"USA_FISMA_Federal_Information_Security_Modernization_Act1.txt (S. 2902, 117th Congress, 1st Session)"
BILL-101(a)(1)#5,BILL-SEC-101,BILL-USC-3595,(a)(1),paragraph,1,yes,"(1) IN GENERAL.—Subject to paragraph (3), any contractor of an agency or recipient of a grant from an agency that has a reasonable basis to conclude that an incident involving Federal information has occurred shall immediately notify the agency.","USA_FISMA_Federal_Information_Security_Modernization_Act1.txt (S. 2902, 117th Congress, 1st Session)"
BILL-101(a)(2)#4,BILL-SEC-101,BILL-USC-3595,(a)(2),paragraph,2,yes,(2) PROCEDURES.—,"USA_FISMA_Federal_Information_Security_Modernization_Act1.txt (S. 2902, 117th Congress, 1st Session)"
BILL-101(a)(2)(A)#4,BILL-SEC-101,BILL-USC-3595,(a)(2)(A),subparagraph,A,yes,"(A) MAJOR INCIDENT.—Following notification of a major incident by a contractor or recipient of a grant under paragraph (1), an agency, in consultation with the contractor or grant recipient, as applicable, shall carry out the requirements under sections 3592, 3593, and 3594 with respect to the major incident.","USA_FISMA_Federal_Information_Security_Modernization_Act1.txt (S. 2902, 117th Congress, 1st Session)"
BILL-101(a)(2)(B)#4,BILL-SEC-101,BILL-USC-3595,(a)(2)(B),subparagraph,B,yes,"(B) INCIDENT.—Following notification of an incident by a contractor or recipient of a grant under paragraph (1), an agency, in consultation with the contractor or grant recipient, as applicable, shall carry out the requirements under section 3594 with respect to the incident.","USA_FISMA_Federal_Information_Security_Modernization_Act1.txt (S. 2902, 117th Congress, 1st Session)"
BILL-101(a)(3)#2,BILL-SEC-101,BILL-USC-3595,(a)(3),paragraph,3,yes,(3) APPLICABILITY.—This subsection shall apply to a contractor of an agency or a recipient of a grant from an agency that—,"USA_FISMA_Federal_Information_Security_Modernization_Act1.txt (S. 2902, 117th Congress, 1st Session)"
BILL-101(a)(3)(A)#2,BILL-SEC-101,BILL-USC-3595,(a)(3)(A),subparagraph,A,yes,"(A) receives information from the agency that the contractor or recipient, as applicable, is not contractually authorized to receive;","USA_FISMA_Federal_Information_Security_Modernization_Act1.txt (S. 2902, 117th Congress, 1st Session)"
BILL-101(a)(3)(B)#2,BILL-SEC-101,BILL-USC-3595,(a)(3)(B),subparagraph,B,yes,"(B) experiences an incident relating to Federal information on an information system of the contractor or recipient, as applicable; or","USA_FISMA_Federal_Information_Security_Modernization_Act1.txt (S. 2902, 117th Congress, 1st Session)"
BILL-101(a)(3)(C),BILL-SEC-101,BILL-USC-3595,(a)(3)(C),subparagraph,C,yes,(C) identifies an incident involving a Federal information system.,"USA_FISMA_Federal_Information_Security_Modernization_Act1.txt (S. 2902, 117th Congress, 1st Session)"
BILL-101(b)#6,BILL-SEC-101,BILL-USC-3595,(b),subsection,b,yes,"(b) INCIDENT RESPONSE.—Any contractor of an agency or recipient of a grant from an agency that has a reasonable basis to conclude that a major incident occurred shall, in coordination with the agency, consult with the Cybersecurity and Infrastructure Security Agency regarding—","USA_FISMA_Federal_Information_Security_Modernization_Act1.txt (S. 2902, 117th Congress, 1st Session)"
BILL-101(b)(1)#7,BILL-SEC-101,BILL-USC-3595,(b)(1),paragraph,1,yes,(1) incident response assistance; and,"USA_FISMA_Federal_Information_Security_Modernization_Act1.txt (S. 2902, 117th Congress, 1st Session)"
BILL-101(b)(2)#6,BILL-SEC-101,BILL-USC-3595,(b)(2),paragraph,2,yes,(2) recommendations for mitigating future incidents at the agency.,"USA_FISMA_Federal_Information_Security_Modernization_Act1.txt (S. 2902, 117th Congress, 1st Session)"
BILL-101(c)#6,BILL-SEC-101,BILL-USC-3595,(c),subsection,c,yes,(c) EFFECTIVE DATE.—This section shall apply on and after the date that is 1 year after the date of enactment of the Federal Information Security Modernization Act of 2021.,"USA_FISMA_Federal_Information_Security_Modernization_Act1.txt (S. 2902, 117th Congress, 1st Session)"
BILL-101(a)#7,BILL-SEC-101,BILL-USC-3596,(a),subsection,a,yes,"(a) IN GENERAL.—Each agency shall develop training for individuals at the agency with access to Federal information or information systems on how to identify and respond to an incident, including—","USA_FISMA_Federal_Information_Security_Modernization_Act1.txt (S. 2902, 117th Congress, 1st Session)"
BILL-101(a)(1)#6,BILL-SEC-101,BILL-USC-3596,(a)(1),paragraph,1,yes,(1) the internal process at the agency for reporting an incident; and,"USA_FISMA_Federal_Information_Security_Modernization_Act1.txt (S. 2902, 117th Congress, 1st Session)"
BILL-101(a)(2)#5,BILL-SEC-101,BILL-USC-3596,(a)(2),paragraph,2,yes,"(2) the obligation of the individual to report to the agency a confirmed major incident and any suspected incident, involving information in any medium or form, including paper, oral, and electronic.","USA_FISMA_Federal_Information_Security_Modernization_Act1.txt (S. 2902, 117th Congress, 1st Session)"
BILL-101(b)#7,BILL-SEC-101,BILL-USC-3596,(b),subsection,b,yes,(b) APPLICABILITY.—The training developed under subsection (a) shall—,"USA_FISMA_Federal_Information_Security_Modernization_Act1.txt (S. 2902, 117th Congress, 1st Session)"
BILL-101(b)(1)#8,BILL-SEC-101,BILL-USC-3596,(b)(1),paragraph,1,yes,(1) be required for an individual before the individual may access Federal information or information systems; and,"USA_FISMA_Federal_Information_Security_Modernization_Act1.txt (S. 2902, 117th Congress, 1st Session)"
BILL-101(b)(2)#7,BILL-SEC-101,BILL-USC-3596,(b)(2),paragraph,2,yes,"(2) apply to individuals with temporary access to Federal information or information systems, such as detailees, contractors, subcontractors, grantees, volunteers, and interns.","USA_FISMA_Federal_Information_Security_Modernization_Act1.txt (S. 2902, 117th Congress, 1st Session)"
BILL-101(c)#7,BILL-SEC-101,BILL-USC-3596,(c),subsection,c,yes,"(c) INCLUSION IN ANNUAL TRAINING.—The training developed under subsection (a) may be included as part of an annual privacy or security awareness training of the agency, as applicable.","USA_FISMA_Federal_Information_Security_Modernization_Act1.txt (S. 2902, 117th Congress, 1st Session)"
BILL-101(a)#8,BILL-SEC-101,BILL-USC-3597,(a),subsection,a,yes,"(a) DEFINITION OF COMPROMISE.—In this section, the term ‘compromise’ means—","USA_FISMA_Federal_Information_Security_Modernization_Act1.txt (S. 2902, 117th Congress, 1st Session)"
BILL-101(a)(1)#7,BILL-SEC-101,BILL-USC-3597,(a)(1),paragraph,1,yes,(1) an incident;,"USA_FISMA_Federal_Information_Security_Modernization_Act1.txt (S. 2902, 117th Congress, 1st Session)"
BILL-101(a)(2)#6,BILL-SEC-101,BILL-USC-3597,(a)(2),paragraph,2,yes,(2) a result of a penetration test in which the tester successfully gains access to a system within the standards under section 3559A;,"USA_FISMA_Federal_Information_Security_Modernization_Act1.txt (S. 2902, 117th Congress, 1st Session)"
BILL-101(a)(3)#3,BILL-SEC-101,BILL-USC-3597,(a)(3),paragraph,3,yes,(3) a vulnerability disclosure; or,"USA_FISMA_Federal_Information_Security_Modernization_Act1.txt (S. 2902, 117th Congress, 1st Session)"
BILL-101(a)(4)#2,BILL-SEC-101,BILL-USC-3597,(a)(4),paragraph,4,yes,(4) any other event that the Director of the Cybersecurity and Infrastructure Security Agency determines identifies an exploitable vulnerability in an agency system.,"USA_FISMA_Federal_Information_Security_Modernization_Act1.txt (S. 2902, 117th Congress, 1st Session)"
BILL-101(b)#8,BILL-SEC-101,BILL-USC-3597,(b),subsection,b,yes,(b) ANALYSIS OF FEDERAL INCIDENTS.—,"USA_FISMA_Federal_Information_Security_Modernization_Act1.txt (S. 2902, 117th Congress, 1st Session)"
BILL-101(b)(1)#9,BILL-SEC-101,BILL-USC-3597,(b)(1),paragraph,1,yes,(1) IN GENERAL.—The Director of the Cybersecurity and Infrastructure Security Agency shall perform continuous monitoring of compromises of agencies.,"USA_FISMA_Federal_Information_Security_Modernization_Act1.txt (S. 2902, 117th Congress, 1st Session)"
BILL-101(b)(2)#8,BILL-SEC-101,BILL-USC-3597,(b)(2),paragraph,2,yes,"(2) QUANTITATIVE AND QUALITATIVE ANALYSES.—The Director of the Cybersecurity and Infrastructure Security Agency, in consultation with the Director, shall develop and perform continuous monitoring and quantitative and qualitative analyses of compromises of agencies, including—","USA_FISMA_Federal_Information_Security_Modernization_Act1.txt (S. 2902, 117th Congress, 1st Session)"
BILL-101(b)(2)(A)#3,BILL-SEC-101,BILL-USC-3597,(b)(2)(A),subparagraph,A,yes,"(A) the causes of successful compromises, including—","USA_FISMA_Federal_Information_Security_Modernization_Act1.txt (S. 2902, 117th Congress, 1st Session)"
BILL-101(b)(2)(A)(i),BILL-SEC-101,BILL-USC-3597,(b)(2)(A)(i),clause,i,yes,"(i) attacker tactics, techniques, and procedures; and","USA_FISMA_Federal_Information_Security_Modernization_Act1.txt (S. 2902, 117th Congress, 1st Session)"
BILL-101(b)(2)(A)(ii),BILL-SEC-101,BILL-USC-3597,(b)(2)(A)(ii),clause,ii,yes,"(ii) system vulnerabilities, including zero days, unpatched systems, and information system misconfigurations;","USA_FISMA_Federal_Information_Security_Modernization_Act1.txt (S. 2902, 117th Congress, 1st Session)"
BILL-101(b)(2)(B)#3,BILL-SEC-101,BILL-USC-3597,(b)(2)(B),subparagraph,B,yes,(B) the scope and scale of compromises of agencies;,"USA_FISMA_Federal_Information_Security_Modernization_Act1.txt (S. 2902, 117th Congress, 1st Session)"
BILL-101(b)(2)(C)#2,BILL-SEC-101,BILL-USC-3597,(b)(2)(C),subparagraph,C,yes,(C) cross Federal Government root causes of compromises of agencies;,"USA_FISMA_Federal_Information_Security_Modernization_Act1.txt (S. 2902, 117th Congress, 1st Session)"
BILL-101(b)(2)(D)#2,BILL-SEC-101,BILL-USC-3597,(b)(2)(D),subparagraph,D,yes,"(D) agency response, recovery, and remediation actions and effectiveness of incidents, as applicable; and","USA_FISMA_Federal_Information_Security_Modernization_Act1.txt (S. 2902, 117th Congress, 1st Session)"
BILL-101(b)(2)(E)#2,BILL-SEC-101,BILL-USC-3597,(b)(2)(E),subparagraph,E,yes,"(E) lessons learned and recommendations in responding, recovering, remediating, and mitigating future incidents.","USA_FISMA_Federal_Information_Security_Modernization_Act1.txt (S. 2902, 117th Congress, 1st Session)"
BILL-101(b)(3)#4,BILL-SEC-101,BILL-USC-3597,(b)(3),paragraph,3,yes,"(3) AUTOMATED ANALYSIS.—The analyses developed under paragraph (2) shall, to the greatest extent practicable, use machine readable data, automation, and machine learning processes.","USA_FISMA_Federal_Information_Security_Modernization_Act1.txt (S. 2902, 117th Congress, 1st Session)"
BILL-101(b)(4)#4,BILL-SEC-101,BILL-USC-3597,(b)(4),paragraph,4,yes,(4) SHARING OF DATA AND ANALYSIS.—,"USA_FISMA_Federal_Information_Security_Modernization_Act1.txt (S. 2902, 117th Congress, 1st Session)"
BILL-101(b)(4)(A),BILL-SEC-101,BILL-USC-3597,(b)(4)(A),subparagraph,A,yes,(A) IN GENERAL.—The Director shall share on an ongoing basis the analyses required under this subsection with agencies to—,"USA_FISMA_Federal_Information_Security_Modernization_Act1.txt (S. 2902, 117th Congress, 1st Session)"
BILL-101(b)(4)(A)(i),BILL-SEC-101,BILL-USC-3597,(b)(4)(A)(i),clause,i,yes,(i) improve the understanding of agencies with respect to risk; and,"USA_FISMA_Federal_Information_Security_Modernization_Act1.txt (S. 2902, 117th Congress, 1st Session)"
BILL-101(b)(4)(A)(ii),BILL-SEC-101,BILL-USC-3597,(b)(4)(A)(ii),clause,ii,yes,(ii) support the cybersecurity improvement efforts of agencies.,"USA_FISMA_Federal_Information_Security_Modernization_Act1.txt (S. 2902, 117th Congress, 1st Session)"
BILL-101(b)(4)(B),BILL-SEC-101,BILL-USC-3597,(b)(4)(B),subparagraph,B,yes,"(B) FORMAT.—In carrying out subparagraph (A), the Director shall share the analyses—","USA_FISMA_Federal_Information_Security_Modernization_Act1.txt (S. 2902, 117th Congress, 1st Session)"
BILL-101(b)(4)(B)(i),BILL-SEC-101,BILL-USC-3597,(b)(4)(B)(i),clause,i,yes,(i) in human-readable written products; and,"USA_FISMA_Federal_Information_Security_Modernization_Act1.txt (S. 2902, 117th Congress, 1st Session)"
BILL-101(b)(4)(B)(ii),BILL-SEC-101,BILL-USC-3597,(b)(4)(B)(ii),clause,ii,yes,"(ii) to the greatest extent practicable, in machine-readable formats in order to enable automated intake and use by agencies.","USA_FISMA_Federal_Information_Security_Modernization_Act1.txt (S. 2902, 117th Congress, 1st Session)"
BILL-101(c)#8,BILL-SEC-101,BILL-USC-3597,(c),subsection,c,yes,"(c) ANNUAL REPORT ON FEDERAL COMPROMISES.—Not later than 2 years after the date of enactment of this section, and not less frequently than annually thereafter, the Director of the Cybersecurity and Infrastructure Security Agency, in consultation with the Director, shall submit to the appropriate notification entities a report that includes—","USA_FISMA_Federal_Information_Security_Modernization_Act1.txt (S. 2902, 117th Congress, 1st Session)"
BILL-101(c)(1)#6,BILL-SEC-101,BILL-USC-3597,(c)(1),paragraph,1,yes,(1) a summary of causes of compromises from across the Federal Government that categorizes those compromises by the items described in paragraphs (1) through (4) of subsection (a);,"USA_FISMA_Federal_Information_Security_Modernization_Act1.txt (S. 2902, 117th Congress, 1st Session)"
BILL-101(c)(2)#7,BILL-SEC-101,BILL-USC-3597,(c)(2),paragraph,2,yes,(2) the quantitative and qualitative analyses of compromises developed under subsection (b)(2) on an agency-by-agency basis and comprehensively; and,"USA_FISMA_Federal_Information_Security_Modernization_Act1.txt (S. 2902, 117th Congress, 1st Session)"
BILL-101(c)(3)#6,BILL-SEC-101,BILL-USC-3597,(c)(3),paragraph,3,yes,(3) an annex for each agency that includes the total number of compromises of the agency and categorizes those compromises by the items described in paragraphs (1) through (4) of subsection (a).,"USA_FISMA_Federal_Information_Security_Modernization_Act1.txt (S. 2902, 117th Congress, 1st Session)"
BILL-101(d)#5,BILL-SEC-101,BILL-USC-3597,(d),subsection,d,yes,(d) PUBLICATION.—A version of each report submitted under subsection (c) shall be made publicly available on the website of the Cybersecurity and Infrastructure Security Agency during the year in which the report is submitted.,"USA_FISMA_Federal_Information_Security_Modernization_Act1.txt (S. 2902, 117th Congress, 1st Session)"
BILL-101(e)#3,BILL-SEC-101,BILL-USC-3597,(e),subsection,e,yes,(e) INFORMATION PROVIDED BY AGENCIES.—The analysis required under subsection (b) and each report submitted under subsection (c) shall utilize information provided by agencies pursuant to section 3594(d).,"USA_FISMA_Federal_Information_Security_Modernization_Act1.txt (S. 2902, 117th Congress, 1st Session)"
BILL-101(f)#3,BILL-SEC-101,BILL-USC-3597,(f),subsection,f,yes,"(f) REQUIREMENT TO ANONYMIZE INFORMATION.—In publishing the public report required under subsection (d), the Director of the Cybersecurity and Infrastructure Security Agency shall sufficiently anonymize and compile information such that no specific incidents of an agency can be identified, except with the concurrence of the Director of the Office of Management and Budget and in consultation with the impacted agency.","USA_FISMA_Federal_Information_Security_Modernization_Act1.txt (S. 2902, 117th Congress, 1st Session)"
BILL-101(a)#9,BILL-SEC-101,BILL-USC-3598,(a),subsection,a,yes,"(a) IN GENERAL.—Not later than 90 days after the date of enactment of the Federal Information Security Management Act of 2021, the Director, in coordination with the Director of the Cybersecurity and Infrastructure Security Agency, shall develop and promulgate guidance on the definition of the term ‘major incident’ for the purposes of subchapter II and this subchapter.","USA_FISMA_Federal_Information_Security_Modernization_Act1.txt (S. 2902, 117th Congress, 1st Session)"
BILL-101(b)#9,BILL-SEC-101,BILL-USC-3598,(b),subsection,b,yes,"(b) REQUIREMENTS.—With respect to the guidance issued under subsection (a), the definition of the term ‘major incident’ shall—","USA_FISMA_Federal_Information_Security_Modernization_Act1.txt (S. 2902, 117th Congress, 1st Session)"
BILL-101(b)(1)#10,BILL-SEC-101,BILL-USC-3598,(b)(1),paragraph,1,yes,"(1) include, with respect to any information collected or maintained by or on behalf of an agency or an information system used or operated by an agency or by a contractor of an agency or another organization on behalf of an agency—","USA_FISMA_Federal_Information_Security_Modernization_Act1.txt (S. 2902, 117th Congress, 1st Session)"
BILL-101(b)(1)(A)#3,BILL-SEC-101,BILL-USC-3598,(b)(1)(A),subparagraph,A,yes,"(A) any incident the head of the agency determines is likely to have an impact on the national security, homeland security, or economic security of the United States;","USA_FISMA_Federal_Information_Security_Modernization_Act1.txt (S. 2902, 117th Congress, 1st Session)"
BILL-101(b)(1)(B)#3,BILL-SEC-101,BILL-USC-3598,(b)(1)(B),subparagraph,B,yes,"(B) any incident the head of the agency determines is likely to have an impact on the operations of the agency, a component of the agency, or the Federal Government, including an impact on the efficiency or effectiveness of agency information systems;","USA_FISMA_Federal_Information_Security_Modernization_Act1.txt (S. 2902, 117th Congress, 1st Session)"
BILL-101(b)(1)(C)#3,BILL-SEC-101,BILL-USC-3598,(b)(1)(C),subparagraph,C,yes,"(C) any incident that the head of an agency, in consultation with the Chief Privacy Officer of the agency, determines involves a high risk incident in accordance with the guidance issued under subsection (c)(1);","USA_FISMA_Federal_Information_Security_Modernization_Act1.txt (S. 2902, 117th Congress, 1st Session)"
BILL-101(b)(1)(D)#2,BILL-SEC-101,BILL-USC-3598,(b)(1)(D),subparagraph,D,yes,"(D) any incident that involves the unauthorized disclosure of personally identifiable information of not less than 500 individuals, regardless of the risk level determined under the guidance issued under subsection (c)(1);","USA_FISMA_Federal_Information_Security_Modernization_Act1.txt (S. 2902, 117th Congress, 1st Session)"
BILL-101(b)(1)(E)#2,BILL-SEC-101,BILL-USC-3598,(b)(1)(E),subparagraph,E,yes,(E) any incident the head of the agency determines involves a high value asset owned or operated by the agency; and,"USA_FISMA_Federal_Information_Security_Modernization_Act1.txt (S. 2902, 117th Congress, 1st Session)"
BILL-101(b)(1)(F)#2,BILL-SEC-101,BILL-USC-3598,(b)(1)(F),subparagraph,F,yes,(F) any other type of incident determined appropriate by the Director;,"USA_FISMA_Federal_Information_Security_Modernization_Act1.txt (S. 2902, 117th Congress, 1st Session)"
BILL-101(b)(2)#9,BILL-SEC-101,BILL-USC-3598,(b)(2),paragraph,2,yes,(2) stipulate that every agency shall be considered to have experienced a major incident if the Director of the Cybersecurity and Infrastructure Security Agency determines that an incident that occurs at not less than 2 agencies—,"USA_FISMA_Federal_Information_Security_Modernization_Act1.txt (S. 2902, 117th Congress, 1st Session)"
BILL-101(b)(2)(A)#4,BILL-SEC-101,BILL-USC-3598,(b)(2)(A),subparagraph,A,yes,"(A) is enabled by a common technical root cause, such as a supply chain compromise, a common software or hardware vulnerability; or","USA_FISMA_Federal_Information_Security_Modernization_Act1.txt (S. 2902, 117th Congress, 1st Session)"
BILL-101(b)(2)(B)#4,BILL-SEC-101,BILL-USC-3598,(b)(2)(B),subparagraph,B,yes,(B) is enabled by the related activities of a common actor; and,"USA_FISMA_Federal_Information_Security_Modernization_Act1.txt (S. 2902, 117th Congress, 1st Session)"
BILL-101(b)(3)#5,BILL-SEC-101,BILL-USC-3598,(b)(3),paragraph,3,yes,"(3) stipulate that, in determining whether an incident constitutes a major incident because that incident—","USA_FISMA_Federal_Information_Security_Modernization_Act1.txt (S. 2902, 117th Congress, 1st Session)"
BILL-101(b)(3)(A),BILL-SEC-101,BILL-USC-3598,(b)(3)(A),subparagraph,A,yes,"(A) is any incident described in paragraph (1), the head of an agency shall consult with the Director of the Cybersecurity and Infrastructure Security Agency;","USA_FISMA_Federal_Information_Security_Modernization_Act1.txt (S. 2902, 117th Congress, 1st Session)"
BILL-101(b)(3)(B),BILL-SEC-101,BILL-USC-3598,(b)(3)(B),subparagraph,B,yes,"(B) is an incident described in paragraph (1)(A), the head of the agency shall consult with the National Cyber Director; and","USA_FISMA_Federal_Information_Security_Modernization_Act1.txt (S. 2902, 117th Congress, 1st Session)"
BILL-101(b)(3)(C),BILL-SEC-101,BILL-USC-3598,(b)(3)(C),subparagraph,C,yes,"(C) is an incident described in subparagraph (C) or (D) of paragraph (1), the head of the agency shall consult with—","USA_FISMA_Federal_Information_Security_Modernization_Act1.txt (S. 2902, 117th Congress, 1st Session)"
BILL-101(b)(3)(C)(i),BILL-SEC-101,BILL-USC-3598,(b)(3)(C)(i),clause,i,yes,(i) the Privacy and Civil Liberties Oversight Board; and,"USA_FISMA_Federal_Information_Security_Modernization_Act1.txt (S. 2902, 117th Congress, 1st Session)"
BILL-101(b)(3)(C)(ii),BILL-SEC-101,BILL-USC-3598,(b)(3)(C)(ii),clause,ii,yes,(ii) the Executive Director of the Federal Trade Commission.,"USA_FISMA_Federal_Information_Security_Modernization_Act1.txt (S. 2902, 117th Congress, 1st Session)"
BILL-101(c)#9,BILL-SEC-101,BILL-USC-3598,(c),subsection,c,yes,(c) GUIDANCE ON RISK TO INDIVIDUALS.—,"USA_FISMA_Federal_Information_Security_Modernization_Act1.txt (S. 2902, 117th Congress, 1st Session)"
BILL-101(c)(1)#7,BILL-SEC-101,BILL-USC-3598,(c)(1),paragraph,1,yes,"(1) IN GENERAL.—Not later than 90 days after the date of enactment of the Federal Information Security Modernization Act of 2021, the Director, in coordination with the Director of the Cybersecurity and Infrastructure Security Agency, the Privacy and Civil Liberties Oversight Board, and the Executive Director of the Federal Trade Commission, shall develop and issue guidance to agencies that establishes a risk-based framework for determining the level of risk that an incident involving personally identifiable information could result in substantial harm, physical harm, embarrassment, or unfairness to an individual.","USA_FISMA_Federal_Information_Security_Modernization_Act1.txt (S. 2902, 117th Congress, 1st Session)"
BILL-101(c)(2)#8,BILL-SEC-101,BILL-USC-3598,(c)(2),paragraph,2,yes,(2) RISK LEVELS AND CONSIDERATIONS.—The risk-based framework included in the guidance issued under paragraph (1) shall—,"USA_FISMA_Federal_Information_Security_Modernization_Act1.txt (S. 2902, 117th Congress, 1st Session)"
BILL-101(c)(2)(A)#4,BILL-SEC-101,BILL-USC-3598,(c)(2)(A),subparagraph,A,yes,"(A) include a range of risk levels, including a high risk level; and","USA_FISMA_Federal_Information_Security_Modernization_Act1.txt (S. 2902, 117th Congress, 1st Session)"
BILL-101(c)(2)(B)#4,BILL-SEC-101,BILL-USC-3598,(c)(2)(B),subparagraph,B,yes,(B) consider—,"USA_FISMA_Federal_Information_Security_Modernization_Act1.txt (S. 2902, 117th Congress, 1st Session)"
BILL-101(c)(2)(B)(i)#2,BILL-SEC-101,BILL-USC-3598,(c)(2)(B)(i),clause,i,yes,(i) any personally identifiable information that was exposed as a result of an incident;,"USA_FISMA_Federal_Information_Security_Modernization_Act1.txt (S. 2902, 117th Congress, 1st Session)"
BILL-101(c)(2)(B)(ii)#2,BILL-SEC-101,BILL-USC-3598,(c)(2)(B)(ii),clause,ii,yes,(ii) the circumstances under which the exposure of personally identifiable information of an individual occurred; and,"USA_FISMA_Federal_Information_Security_Modernization_Act1.txt (S. 2902, 117th Congress, 1st Session)"
BILL-101(c)(2)(B)(iii)#2,BILL-SEC-101,BILL-USC-3598,(c)(2)(B)(iii),clause,iii,yes,"(iii) whether an independent evaluation of the information affected by an incident determines that the information is unreadable, including, as appropriate, instances in which the information is—","USA_FISMA_Federal_Information_Security_Modernization_Act1.txt (S. 2902, 117th Congress, 1st Session)"
BILL-101(c)(2)(B)(iii)(I)#2,BILL-SEC-101,BILL-USC-3598,(c)(2)(B)(iii)(I),subclause,I,yes,(I) encrypted; and,"USA_FISMA_Federal_Information_Security_Modernization_Act1.txt (S. 2902, 117th Congress, 1st Session)"
BILL-101(c)(2)(B)(iii)(II)#2,BILL-SEC-101,BILL-USC-3598,(c)(2)(B)(iii)(II),subclause,II,yes,(II) determined by the Director of the Cybersecurity and Infrastructure Security Agency to be of sufficiently low risk of exposure.,"USA_FISMA_Federal_Information_Security_Modernization_Act1.txt (S. 2902, 117th Congress, 1st Session)"
BILL-101(c)(3)#7,BILL-SEC-101,BILL-USC-3598,(c)(3),paragraph,3,yes,(3) APPROVAL.—,"USA_FISMA_Federal_Information_Security_Modernization_Act1.txt (S. 2902, 117th Congress, 1st Session)"
BILL-101(c)(3)(A)#4,BILL-SEC-101,BILL-USC-3598,(c)(3)(A),subparagraph,A,yes,"(A) IN GENERAL.—The guidance issued under paragraph (1) shall include a process by which the Director, jointly with the Director of the Cybersecurity and Infrastructure Security Agency and the Attorney General, may approve the designation of an incident that would be considered high risk as lower risk if information exposed by the incident is unreadable, as described in paragraph (2)(B)(iii).","USA_FISMA_Federal_Information_Security_Modernization_Act1.txt (S. 2902, 117th Congress, 1st Session)"
BILL-101(c)(3)(B)#3,BILL-SEC-101,BILL-USC-3598,(c)(3)(B),subparagraph,B,yes,(B) DOCUMENTATION.—The Director shall report any approval of an incident granted by the Director under subparagraph (A) to—,"USA_FISMA_Federal_Information_Security_Modernization_Act1.txt (S. 2902, 117th Congress, 1st Session)"
BILL-101(c)(3)(B)(i)#2,BILL-SEC-101,BILL-USC-3598,(c)(3)(B)(i),clause,i,yes,(i) the head of the agency that experienced the incident;,"USA_FISMA_Federal_Information_Security_Modernization_Act1.txt (S. 2902, 117th Congress, 1st Session)"
BILL-101(c)(3)(B)(ii),BILL-SEC-101,BILL-USC-3598,(c)(3)(B)(ii),clause,ii,yes,(ii) the inspector general of the agency that experienced the incident; and,"USA_FISMA_Federal_Information_Security_Modernization_Act1.txt (S. 2902, 117th Congress, 1st Session)"
BILL-101(c)(3)(B)(iii),BILL-SEC-101,BILL-USC-3598,(c)(3)(B)(iii),clause,iii,yes,(iii) the Director of the Cybersecurity and Infrastructure Security Agency.,"USA_FISMA_Federal_Information_Security_Modernization_Act1.txt (S. 2902, 117th Congress, 1st Session)"
BILL-101(d)#6,BILL-SEC-101,BILL-USC-3598,(d),subsection,d,yes,"(d) EVALUATION AND UPDATES.—Not later than 2 years after the date of enactment of the Federal Information Security Modernization Act of 2021, and not less frequently than every 2 years thereafter, the Director shall submit to the Committee on Homeland Security and Governmental Affairs of the Senate and the Committee on Oversight and Reform of the House of Representatives an evaluation, which shall include—","USA_FISMA_Federal_Information_Security_Modernization_Act1.txt (S. 2902, 117th Congress, 1st Session)"
BILL-101(d)(1)#3,BILL-SEC-101,BILL-USC-3598,(d)(1),paragraph,1,yes,"(1) an update, if necessary, to the guidance issued under subsections (a) and (c);","USA_FISMA_Federal_Information_Security_Modernization_Act1.txt (S. 2902, 117th Congress, 1st Session)"
BILL-101(d)(2)#2,BILL-SEC-101,BILL-USC-3598,(d)(2),paragraph,2,yes,(2) the definition of the term ‘major incident’ included in the guidance issued under subsection (a);,"USA_FISMA_Federal_Information_Security_Modernization_Act1.txt (S. 2902, 117th Congress, 1st Session)"
BILL-101(d)(3),BILL-SEC-101,BILL-USC-3598,(d)(3),paragraph,3,yes,"(3) an explanation of, and the analysis that led to, the definition described in paragraph (2); and","USA_FISMA_Federal_Information_Security_Modernization_Act1.txt (S. 2902, 117th Congress, 1st Session)"
BILL-101(d)(4),BILL-SEC-101,BILL-USC-3598,(d)(4),paragraph,4,yes,(4) an assessment of any additional datasets or risk evaluation criteria that should be included in the risk-based framework included in the guidance issued under subsection (c)(1).’’.,"USA_FISMA_Federal_Information_Security_Modernization_Act1.txt (S. 2902, 117th Congress, 1st Session)"
BILL-101(d)(2)#3,BILL-SEC-101,BILL-USC-3598,(d)(2),paragraph,2,no,"(2) CLERICAL AMENDMENT.—The table of sections for chapter 35 of title 44, United States Code, is amended by adding at the end the following: ‘‘SUBCHAPTER IV—FEDERAL SYSTEM INCIDENT RESPONSE ‘‘3591. Definitions. ‘‘3592. Notification of high risk exposure after major incident. ‘‘3593. Congressional notifications and reports. ‘‘3594. Government information sharing and incident response. ‘‘3595. Responsibilities of contractors and grant recipients. ‘‘3596. Training. ‘‘3597. Analysis and report on Federal incidents. ‘‘3598. Major incident guidance.’’.","USA_FISMA_Federal_Information_Security_Modernization_Act1.txt (S. 2902, 117th Congress, 1st Session)"
BILL-102(a),BILL-SEC-102,,(a),subsection,a,no,"(a) INFORMATION TECHNOLOGY MODERNIZATION CENTERS OF EXCELLENCE PROGRAM ACT.—Section 2(c)(4)(A)(ii) of the Information Technology Modernization Centers of Excellence Program Act (40 U.S.C. 11301 note) is amended by striking the period at the end and inserting ‘‘, which shall be provided in coordination with the Director of the Cybersecurity and Infrastructure Security Agency.’’.","USA_FISMA_Federal_Information_Security_Modernization_Act1.txt (S. 2902, 117th Congress, 1st Session)"
BILL-102(b),BILL-SEC-102,,(b),subsection,b,no,(b) MODERNIZING GOVERNMENT TECHNOLOGY.— Subtitle G of title X of Division A of the National Defense Authorization Act for Fiscal Year 2018 (40 U.S.C. 11301 note) is amended—,"USA_FISMA_Federal_Information_Security_Modernization_Act1.txt (S. 2902, 117th Congress, 1st Session)"
BILL-102(b)(1),BILL-SEC-102,,(b)(1),paragraph,1,no,(1) in section 1077(b)—,"USA_FISMA_Federal_Information_Security_Modernization_Act1.txt (S. 2902, 117th Congress, 1st Session)"
BILL-102(b)(1)(A),BILL-SEC-102,,(b)(1)(A),subparagraph,A,no,"(A) in paragraph (5)(A), by inserting ‘‘improving the cybersecurity of systems and’’ before ‘‘cost savings activities’’; and","USA_FISMA_Federal_Information_Security_Modernization_Act1.txt (S. 2902, 117th Congress, 1st Session)"
BILL-102(b)(1)(B),BILL-SEC-102,,(b)(1)(B),subparagraph,B,no,(B) in paragraph (7)—,"USA_FISMA_Federal_Information_Security_Modernization_Act1.txt (S. 2902, 117th Congress, 1st Session)"
BILL-102(b)(1)(B)(i),BILL-SEC-102,,(b)(1)(B)(i),clause,i,no,"(i) in the paragraph heading, by striking ‘‘CIO’’ and inserting ‘‘CIO’’;","USA_FISMA_Federal_Information_Security_Modernization_Act1.txt (S. 2902, 117th Congress, 1st Session)"
BILL-102(b)(1)(B)(ii),BILL-SEC-102,,(b)(1)(B)(ii),clause,ii,no,(ii) by striking ‘‘In evaluating projects’’ and inserting the following:,"USA_FISMA_Federal_Information_Security_Modernization_Act1.txt (S. 2902, 117th Congress, 1st Session)"
BILL-102(b)(1)(A)#2,BILL-SEC-102,,(b)(1)(A),subparagraph,A,yes,(A) CONSIDERATION OF GUIDANCE.—In evaluating projects’’;,"USA_FISMA_Federal_Information_Security_Modernization_Act1.txt (S. 2902, 117th Congress, 1st Session)"
BILL-102(b)(1)(A)(iii),BILL-SEC-102,,(b)(1)(A)(iii),clause,iii,no,"(iii) in subparagraph (A), as so designated, by striking ‘‘under section 1094(b)(1)’’ and inserting ‘‘guidance issued by the Director’’; and","USA_FISMA_Federal_Information_Security_Modernization_Act1.txt (S. 2902, 117th Congress, 1st Session)"
BILL-102(b)(1)(A)(iv),BILL-SEC-102,,(b)(1)(A)(iv),clause,iv,no,(iv) by adding at the end the following:,"USA_FISMA_Federal_Information_Security_Modernization_Act1.txt (S. 2902, 117th Congress, 1st Session)"
BILL-102(b)(1)(B)#2,BILL-SEC-102,,(b)(1)(B),subparagraph,B,yes,"(B) CONSULTATION.—In using funds under paragraph (3)(A), the Chief Information Officer of the covered agency shall consult with the Director of the Cybersecurity and Infrastructure Security Agency.’’; and","USA_FISMA_Federal_Information_Security_Modernization_Act1.txt (S. 2902, 117th Congress, 1st Session)"
BILL-102(b)(2),BILL-SEC-102,,(b)(2),paragraph,2,no,(2) in section 1078—,"USA_FISMA_Federal_Information_Security_Modernization_Act1.txt (S. 2902, 117th Congress, 1st Session)"
BILL-102(b)(2)(A),BILL-SEC-102,,(b)(2)(A),subparagraph,A,no,(A) by striking subsection (a) and inserting the following:,"USA_FISMA_Federal_Information_Security_Modernization_Act1.txt (S. 2902, 117th Congress, 1st Session)"
BILL-102(a)#2,BILL-SEC-102,,(a),subsection,a,yes,(a) DEFINITIONS.—In this section:,"USA_FISMA_Federal_Information_Security_Modernization_Act1.txt (S. 2902, 117th Congress, 1st Session)"
BILL-102(a)(1),BILL-SEC-102,,(a)(1),paragraph,1,yes,"(1) AGENCY.—The term ‘agency’ has the meaning given the term in section 551 of title 5, United States Code.","USA_FISMA_Federal_Information_Security_Modernization_Act1.txt (S. 2902, 117th Congress, 1st Session)"
BILL-102(a)(2),BILL-SEC-102,,(a)(2),paragraph,2,yes,"(2) HIGH VALUE ASSET.—The term ‘high value asset’ has the meaning given the term in section 3552 of title 44, United States Code.’’;","USA_FISMA_Federal_Information_Security_Modernization_Act1.txt (S. 2902, 117th Congress, 1st Session)"
BILL-102(a)(2)(B),BILL-SEC-102,,(a)(2)(B),subparagraph,B,no,"(B) in subsection (b), by adding at the end the following:","USA_FISMA_Federal_Information_Security_Modernization_Act1.txt (S. 2902, 117th Congress, 1st Session)"
BILL-102(a)(8),BILL-SEC-102,,(a)(8),paragraph,8,yes,(8) PROPOSAL EVALUATION.—The Director shall—,"USA_FISMA_Federal_Information_Security_Modernization_Act1.txt (S. 2902, 117th Congress, 1st Session)"
BILL-102(a)(8)(A),BILL-SEC-102,,(a)(8)(A),subparagraph,A,yes,(A) give consideration for the use of amounts in the Fund to improve the security of high value assets; and,"USA_FISMA_Federal_Information_Security_Modernization_Act1.txt (S. 2902, 117th Congress, 1st Session)"
BILL-102(a)(8)(B),BILL-SEC-102,,(a)(8)(B),subparagraph,B,yes,"(B) require that any proposal for the use of amounts in the Fund includes a cybersecurity plan, including a chain risk management plan, to be reviewed by the member of the Technology Modernization Board described in subsection (c)(5)(C).’’; and","USA_FISMA_Federal_Information_Security_Modernization_Act1.txt (S. 2902, 117th Congress, 1st Session)"
BILL-102(a)(8)(C),BILL-SEC-102,,(a)(8)(C),subparagraph,C,no,(C) in subsection (c)—,"USA_FISMA_Federal_Information_Security_Modernization_Act1.txt (S. 2902, 117th Congress, 1st Session)"
BILL-102(a)(8)(C)(i),BILL-SEC-102,,(a)(8)(C)(i),clause,i,no,"(i) in paragraph (2)(A)(i), by inserting ‘‘, including a consideration of the impact on high value assets’’ after ‘‘operational risks’’;","USA_FISMA_Federal_Information_Security_Modernization_Act1.txt (S. 2902, 117th Congress, 1st Session)"
BILL-102(a)(8)(C)(ii),BILL-SEC-102,,(a)(8)(C)(ii),clause,ii,no,(ii) in paragraph (5)—,"USA_FISMA_Federal_Information_Security_Modernization_Act1.txt (S. 2902, 117th Congress, 1st Session)"
BILL-102(a)(8)(C)(ii)(I),BILL-SEC-102,,(a)(8)(C)(ii)(I),subclause,I,no,"(I) in subparagraph (A), by striking ‘‘and’’ at the end;","USA_FISMA_Federal_Information_Security_Modernization_Act1.txt (S. 2902, 117th Congress, 1st Session)"
BILL-102(a)(8)(C)(ii)(II),BILL-SEC-102,,(a)(8)(C)(ii)(II),subclause,II,no,"(II) in subparagraph (B), by striking the period at the end and inserting ‘‘and’’; and","USA_FISMA_Federal_Information_Security_Modernization_Act1.txt (S. 2902, 117th Congress, 1st Session)"
BILL-102(a)(8)(C)(ii)(III),BILL-SEC-102,,(a)(8)(C)(ii)(III),subclause,III,no,(III) by adding at the end the following:,"USA_FISMA_Federal_Information_Security_Modernization_Act1.txt (S. 2902, 117th Congress, 1st Session)"
BILL-102(a)(8)(C)#2,BILL-SEC-102,,(a)(8)(C),subparagraph,C,yes,"(C) a senior official from the Cybersecurity and Infrastructure Security Agency of the Department of Homeland Security, appointed by the Director.’’; and","USA_FISMA_Federal_Information_Security_Modernization_Act1.txt (S. 2902, 117th Congress, 1st Session)"
BILL-102(a)(8)(C)(iii),BILL-SEC-102,,(a)(8)(C)(iii),clause,iii,no,"(iii) in paragraph (6)(A), by striking ‘‘shall be—’’ and all that follows through ‘‘4 employees’’ and inserting ‘‘shall be 4 employees’’.","USA_FISMA_Federal_Information_Security_Modernization_Act1.txt (S. 2902, 117th Congress, 1st Session)"
BILL-102(c),BILL-SEC-102,,(c),subsection,c,no,"(c) SUBCHAPTER I.—Subchapter I of subtitle III of title 40, United States Code, is amended—","USA_FISMA_Federal_Information_Security_Modernization_Act1.txt (S. 2902, 117th Congress, 1st Session)"
BILL-102(c)(1),BILL-SEC-102,,(c)(1),paragraph,1,no,(1) in section 11302—,"USA_FISMA_Federal_Information_Security_Modernization_Act1.txt (S. 2902, 117th Congress, 1st Session)"
BILL-102(c)(1)(A),BILL-SEC-102,,(c)(1)(A),subparagraph,A,no,"(A) in subsection (b), by striking ‘‘use, security, and disposal of’’ and inserting ‘‘use, and disposal, and, in coordination with the Director of the Cybersecurity and Infrastructure Security Agency, promote and improve the security, of’’;","USA_FISMA_Federal_Information_Security_Modernization_Act1.txt (S. 2902, 117th Congress, 1st Session)"
BILL-102(c)(1)(B),BILL-SEC-102,,(c)(1)(B),subparagraph,B,no,(B) in subsection (c)—,"USA_FISMA_Federal_Information_Security_Modernization_Act1.txt (S. 2902, 117th Congress, 1st Session)"
BILL-102(c)(1)(B)(i),BILL-SEC-102,,(c)(1)(B)(i),clause,i,no,"(i) in paragraph (2), by inserting ‘‘in consultation with the Director of the Cybersecurity and Infrastructure Security Agency’’ before ‘‘, and results of’’;","USA_FISMA_Federal_Information_Security_Modernization_Act1.txt (S. 2902, 117th Congress, 1st Session)"
BILL-102(c)(1)(B)(ii),BILL-SEC-102,,(c)(1)(B)(ii),clause,ii,no,(ii) in paragraph (3)—,"USA_FISMA_Federal_Information_Security_Modernization_Act1.txt (S. 2902, 117th Congress, 1st Session)"
BILL-102(c)(1)(B)(ii)(I),BILL-SEC-102,,(c)(1)(B)(ii)(I),subclause,I,no,"(I) in subparagraph (A), by striking ‘‘, and performance’’ and inserting ‘‘security, and performance’’; and","USA_FISMA_Federal_Information_Security_Modernization_Act1.txt (S. 2902, 117th Congress, 1st Session)"
BILL-102(c)(1)(B)(ii)(II),BILL-SEC-102,,(c)(1)(B)(ii)(II),subclause,II,no,(II) in subparagraph (C)—,"USA_FISMA_Federal_Information_Security_Modernization_Act1.txt (S. 2902, 117th Congress, 1st Session)"
BILL-102(c)(1)(B)(ii)(II)(aa),BILL-SEC-102,,(c)(1)(B)(ii)(II)(aa),item,aa,no,(aa) by striking ‘‘For each major’’ and inserting the following:,"USA_FISMA_Federal_Information_Security_Modernization_Act1.txt (S. 2902, 117th Congress, 1st Session)"
BILL-102(c)(1)(B)(i)#2,BILL-SEC-102,,(c)(1)(B)(i),clause,i,yes,(i) IN GENERAL.—For each major’’; and,"USA_FISMA_Federal_Information_Security_Modernization_Act1.txt (S. 2902, 117th Congress, 1st Session)"
BILL-102(c)(1)(B)(i)(bb),BILL-SEC-102,,(c)(1)(B)(i)(bb),item,bb,no,(bb) by adding at the end the following:,"USA_FISMA_Federal_Information_Security_Modernization_Act1.txt (S. 2902, 117th Congress, 1st Session)"
BILL-102(c)(1)(B)(ii)#2,BILL-SEC-102,,(c)(1)(B)(ii),clause,ii,yes,"(ii) CYBERSECURITY.—In categorizing an investment according to risk under clause (i), the Chief Information Officer of the covered agency shall consult with the Director of the Cybersecurity and Infrastructure Security Agency on the cybersecurity or supply chain risk.","USA_FISMA_Federal_Information_Security_Modernization_Act1.txt (S. 2902, 117th Congress, 1st Session)"
BILL-102(c)(1)(B)(iii),BILL-SEC-102,,(c)(1)(B)(iii),clause,iii,yes,"(iii) SECURITY RISK GUIDANCE.— The Director, in coordination with the Director of the Cybersecurity and Infrastructure Security Agency, shall issue guidance for the categorization of an investment under clause (i) according to the cybersecurity or supply chain risk.’’; and","USA_FISMA_Federal_Information_Security_Modernization_Act1.txt (S. 2902, 117th Congress, 1st Session)"
BILL-102(c)(1)(B)(iii)#2,BILL-SEC-102,,(c)(1)(B)(iii),clause,iii,no,(iii) in paragraph (4)—,"USA_FISMA_Federal_Information_Security_Modernization_Act1.txt (S. 2902, 117th Congress, 1st Session)"
BILL-102(c)(1)(B)(iii)(I),BILL-SEC-102,,(c)(1)(B)(iii)(I),subclause,I,no,(I) in subparagraph (A)—,"USA_FISMA_Federal_Information_Security_Modernization_Act1.txt (S. 2902, 117th Congress, 1st Session)"
BILL-102(c)(1)(B)(iii)(I)(aa),BILL-SEC-102,,(c)(1)(B)(iii)(I)(aa),item,aa,no,"(aa) in clause (ii), by striking ‘‘and’’ at the end;","USA_FISMA_Federal_Information_Security_Modernization_Act1.txt (S. 2902, 117th Congress, 1st Session)"
BILL-102(c)(1)(B)(iii)(I)(bb),BILL-SEC-102,,(c)(1)(B)(iii)(I)(bb),item,bb,no,"(bb) in clause (iii), by striking the period at the end and inserting ‘‘; and’’; and","USA_FISMA_Federal_Information_Security_Modernization_Act1.txt (S. 2902, 117th Congress, 1st Session)"
BILL-102(c)(1)(B)(iii)(I)(cc),BILL-SEC-102,,(c)(1)(B)(iii)(I)(cc),item,cc,no,(cc) by adding at the end the following:,"USA_FISMA_Federal_Information_Security_Modernization_Act1.txt (S. 2902, 117th Congress, 1st Session)"
BILL-102(c)(1)(B)(iv),BILL-SEC-102,,(c)(1)(B)(iv),clause,iv,yes,"(iv) in consultation with the Director of the Cybersecurity and Infrastructure Security Agency, the cybersecurity risks of the investment.’’; and","USA_FISMA_Federal_Information_Security_Modernization_Act1.txt (S. 2902, 117th Congress, 1st Session)"
BILL-102(c)(1)(B)(iv)(II),BILL-SEC-102,,(c)(1)(B)(iv)(II),subclause,II,no,"(II) in subparagraph (B), in the matter preceding clause (i), by inserting ‘‘not later than 30 days after the date on which the review under subparagraph (A) is completed,’’ before ‘‘the Administrator’’;","USA_FISMA_Federal_Information_Security_Modernization_Act1.txt (S. 2902, 117th Congress, 1st Session)"
BILL-102(c)(1)(C),BILL-SEC-102,,(c)(1)(C),subparagraph,C,no,(C) in subsection (f)—,"USA_FISMA_Federal_Information_Security_Modernization_Act1.txt (S. 2902, 117th Congress, 1st Session)"
BILL-102(c)(1)(C)(i),BILL-SEC-102,,(c)(1)(C)(i),clause,i,no,(i) by striking ‘‘heads of executive agencies to develop’’ and inserting ‘‘heads of executive agencies to—,"USA_FISMA_Federal_Information_Security_Modernization_Act1.txt (S. 2902, 117th Congress, 1st Session)"
BILL-102(c)(1)#2,BILL-SEC-102,,(c)(1),paragraph,1,yes,(1) develop’’;,"USA_FISMA_Federal_Information_Security_Modernization_Act1.txt (S. 2902, 117th Congress, 1st Session)"
BILL-102(c)(1)(ii),BILL-SEC-102,,(c)(1)(ii),clause,ii,no,"(ii) in paragraph (1), as so designated, by striking the period at the end and inserting ‘‘; and’’; and","USA_FISMA_Federal_Information_Security_Modernization_Act1.txt (S. 2902, 117th Congress, 1st Session)"
BILL-102(c)(1)(iii),BILL-SEC-102,,(c)(1)(iii),clause,iii,no,(iii) by adding at the end the following:,"USA_FISMA_Federal_Information_Security_Modernization_Act1.txt (S. 2902, 117th Congress, 1st Session)"
BILL-102(c)(2),BILL-SEC-102,,(c)(2),paragraph,2,yes,(2) consult with the Director of the Cybersecurity and Infrastructure Security Agency for the development and use of supply chain security best practices.’’; and,"USA_FISMA_Federal_Information_Security_Modernization_Act1.txt (S. 2902, 117th Congress, 1st Session)"
BILL-102(c)(2)(D),BILL-SEC-102,,(c)(2)(D),subparagraph,D,no,"(D) in subsection (h), by inserting ‘‘, including cybersecurity performances,’’ after ‘‘the performances’’; and","USA_FISMA_Federal_Information_Security_Modernization_Act1.txt (S. 2902, 117th Congress, 1st Session)"
BILL-102(c)(2)#2,BILL-SEC-102,,(c)(2),paragraph,2,no,(2) in section 11303(b)(2)(B)—,"USA_FISMA_Federal_Information_Security_Modernization_Act1.txt (S. 2902, 117th Congress, 1st Session)"
BILL-102(c)(2)(A),BILL-SEC-102,,(c)(2)(A),subparagraph,A,no,"(A) in clause (i), by striking ‘‘or’’ at the end;","USA_FISMA_Federal_Information_Security_Modernization_Act1.txt (S. 2902, 117th Congress, 1st Session)"
BILL-102(c)(2)(B),BILL-SEC-102,,(c)(2)(B),subparagraph,B,no,"(B) in clause (ii), by adding ‘‘or’’ at the end; and","USA_FISMA_Federal_Information_Security_Modernization_Act1.txt (S. 2902, 117th Congress, 1st Session)"
BILL-102(c)(2)(C),BILL-SEC-102,,(c)(2)(C),subparagraph,C,no,(C) by adding at the end the following:,"USA_FISMA_Federal_Information_Security_Modernization_Act1.txt (S. 2902, 117th Congress, 1st Session)"
BILL-102(c)(2)(C)(iii),BILL-SEC-102,,(c)(2)(C)(iii),clause,iii,yes,(iii) whether the function should be performed by a shared service offered by another executive agency;’’.,"USA_FISMA_Federal_Information_Security_Modernization_Act1.txt (S. 2902, 117th Congress, 1st Session)"
BILL-102(d),BILL-SEC-102,,(d),subsection,d,no,"(d) SUBCHAPTER II.—Subchapter II of subtitle III of title 40, United States Code, is amended—","USA_FISMA_Federal_Information_Security_Modernization_Act1.txt (S. 2902, 117th Congress, 1st Session)"
BILL-102(d)(1),BILL-SEC-102,,(d)(1),paragraph,1,no,"(1) in section 11312(a), by inserting ‘‘, including security risks’’ after ‘‘managing the risks’’;","USA_FISMA_Federal_Information_Security_Modernization_Act1.txt (S. 2902, 117th Congress, 1st Session)"
BILL-102(d)(2),BILL-SEC-102,,(d)(2),paragraph,2,no,"(2) in section 11313(1), by striking ‘‘efficiency and effectiveness’’ and inserting ‘‘efficiency, security, and effectiveness’’;","USA_FISMA_Federal_Information_Security_Modernization_Act1.txt (S. 2902, 117th Congress, 1st Session)"
BILL-102(d)(3),BILL-SEC-102,,(d)(3),paragraph,3,no,"(3) in section 11317, by inserting ‘‘security,’’ before ‘‘or schedule’’; and","USA_FISMA_Federal_Information_Security_Modernization_Act1.txt (S. 2902, 117th Congress, 1st Session)"
BILL-102(d)(4),BILL-SEC-102,,(d)(4),paragraph,4,no,"(4) in section 11319(b)(1), in the paragraph heading, by striking ‘‘CIOS’’ and inserting ‘‘CHIEF INFORMATION OFFICERS’’.","USA_FISMA_Federal_Information_Security_Modernization_Act1.txt (S. 2902, 117th Congress, 1st Session)"
BILL-102(e),BILL-SEC-102,,(e),subsection,e,no,"(e) SUBCHAPTER III.—Section 11331 of title 40, United States Code, is amended—","USA_FISMA_Federal_Information_Security_Modernization_Act1.txt (S. 2902, 117th Congress, 1st Session)"
BILL-102(e)(1),BILL-SEC-102,,(e)(1),paragraph,1,no,"(1) in subsection (a), by striking ‘‘section 3532(b)(1)’’ and inserting ‘‘section 3552(b)’’;","USA_FISMA_Federal_Information_Security_Modernization_Act1.txt (S. 2902, 117th Congress, 1st Session)"
BILL-102(e)(2),BILL-SEC-102,,(e)(2),paragraph,2,no,(2) in subsection (b)(1)(A)—,"USA_FISMA_Federal_Information_Security_Modernization_Act1.txt (S. 2902, 117th Congress, 1st Session)"
BILL-102(e)(2)(A),BILL-SEC-102,,(e)(2)(A),subparagraph,A,no,(A) by striking ‘‘in consultation’’ and inserting ‘‘in coordination’’;,"USA_FISMA_Federal_Information_Security_Modernization_Act1.txt (S. 2902, 117th Congress, 1st Session)"
BILL-102(e)(2)(B),BILL-SEC-102,,(e)(2)(B),subparagraph,B,no,(B) by striking ‘‘the Secretary of Homeland Security’’ and inserting ‘‘the Director of the Cybersecurity and Infrastructure Security Agency’’; and,"USA_FISMA_Federal_Information_Security_Modernization_Act1.txt (S. 2902, 117th Congress, 1st Session)"
BILL-102(e)(2)(C),BILL-SEC-102,,(e)(2)(C),subparagraph,C,no,(C) by inserting ‘‘and associated verification specifications developed under subsection (g)’’ before ‘‘pertaining to Federal’’;,"USA_FISMA_Federal_Information_Security_Modernization_Act1.txt (S. 2902, 117th Congress, 1st Session)"
BILL-102(e)(3),BILL-SEC-102,,(e)(3),paragraph,3,no,(3) by striking subsection (c) and inserting the following:,"USA_FISMA_Federal_Information_Security_Modernization_Act1.txt (S. 2902, 117th Congress, 1st Session)"
BILL-102(c)#2,BILL-SEC-102,,(c),subsection,c,yes,(c) APPLICATION OF MORE STRINGENT STANDARDS.—,"USA_FISMA_Federal_Information_Security_Modernization_Act1.txt (S. 2902, 117th Congress, 1st Session)"
BILL-102(c)(1)#3,BILL-SEC-102,,(c)(1),paragraph,1,yes,(1) IN GENERAL.—The head of an agency shall—,"USA_FISMA_Federal_Information_Security_Modernization_Act1.txt (S. 2902, 117th Congress, 1st Session)"
BILL-102(c)(1)(A)#2,BILL-SEC-102,,(c)(1)(A),subparagraph,A,yes,"(A) evaluate the need to employ standards for cost-effective, risk-based information security for all systems, operations, and assets within or under the supervision of the agency that are more stringent than the standards promulgated by the Director under this section, if such standards contain, at a minimum, the provisions of those applicable standards made compulsory and binding by the Director; and","USA_FISMA_Federal_Information_Security_Modernization_Act1.txt (S. 2902, 117th Congress, 1st Session)"
BILL-102(c)(1)(B)#2,BILL-SEC-102,,(c)(1)(B),subparagraph,B,yes,"(B) to the greatest extent practicable and if the head of the agency determines that the standards described in subparagraph (A) are necessary, employ those standards.","USA_FISMA_Federal_Information_Security_Modernization_Act1.txt (S. 2902, 117th Congress, 1st Session)"
BILL-102(c)(2)#3,BILL-SEC-102,,(c)(2),paragraph,2,yes,"(2) EVALUATION OF MORE STRINGENT STANDARDS.—In evaluating the need to employ more stringent standards under paragraph (1), the head of an agency shall consider available risk information, including—","USA_FISMA_Federal_Information_Security_Modernization_Act1.txt (S. 2902, 117th Congress, 1st Session)"
BILL-102(c)(2)(A)#2,BILL-SEC-102,,(c)(2)(A),subparagraph,A,yes,(A) the status of cybersecurity remedial actions of the agency;,"USA_FISMA_Federal_Information_Security_Modernization_Act1.txt (S. 2902, 117th Congress, 1st Session)"
BILL-102(c)(2)(B)#2,BILL-SEC-102,,(c)(2)(B),subparagraph,B,yes,(B) any vulnerability information relating to agency systems that is known to the agency;,"USA_FISMA_Federal_Information_Security_Modernization_Act1.txt (S. 2902, 117th Congress, 1st Session)"
BILL-102(c)(2)(C)#2,BILL-SEC-102,,(c)(2)(C),subparagraph,C,yes,(C) incident information of the agency;,"USA_FISMA_Federal_Information_Security_Modernization_Act1.txt (S. 2902, 117th Congress, 1st Session)"
BILL-102(c)(2)(D)#2,BILL-SEC-102,,(c)(2)(D),subparagraph,D,yes,(D) information from—,"USA_FISMA_Federal_Information_Security_Modernization_Act1.txt (S. 2902, 117th Congress, 1st Session)"
BILL-102(c)(2)(D)(i),BILL-SEC-102,,(c)(2)(D)(i),clause,i,yes,(i) penetration testing performed under section 3559A of title 44; and,"USA_FISMA_Federal_Information_Security_Modernization_Act1.txt (S. 2902, 117th Congress, 1st Session)"
BILL-102(c)(2)(D)(ii),BILL-SEC-102,,(c)(2)(D)(ii),clause,ii,yes,(ii) information from the verification disclosure program established under section 3559B of title 44;,"USA_FISMA_Federal_Information_Security_Modernization_Act1.txt (S. 2902, 117th Congress, 1st Session)"
BILL-102(c)(2)(E),BILL-SEC-102,,(c)(2)(E),subparagraph,E,yes,(E) agency threat hunting results under section 207 of the Federal Information Security Modernization Act of 2021;,"USA_FISMA_Federal_Information_Security_Modernization_Act1.txt (S. 2902, 117th Congress, 1st Session)"
BILL-102(c)(2)(F),BILL-SEC-102,,(c)(2)(F),subparagraph,F,yes,(F) Federal and non-Federal threat intelligence;,"USA_FISMA_Federal_Information_Security_Modernization_Act1.txt (S. 2902, 117th Congress, 1st Session)"
BILL-102(c)(2)(G),BILL-SEC-102,,(c)(2)(G),subparagraph,G,yes,"(G) data on compliance with standards issued under this section, using the verification specifications developed under subsection (f) when appropriate;","USA_FISMA_Federal_Information_Security_Modernization_Act1.txt (S. 2902, 117th Congress, 1st Session)"
BILL-102(c)(2)(H),BILL-SEC-102,,(c)(2)(H),subparagraph,H,yes,(H) agency system risk assessments of the agency performed under section 3554(a)(1)(A) of title 44; and,"USA_FISMA_Federal_Information_Security_Modernization_Act1.txt (S. 2902, 117th Congress, 1st Session)"
BILL-102(c)(2)(I),BILL-SEC-102,,(c)(2)(I),subparagraph,I,yes,(I) any other information determined relevant by the head of the agency.’’;,"USA_FISMA_Federal_Information_Security_Modernization_Act1.txt (S. 2902, 117th Congress, 1st Session)"
BILL-102(c)(4),BILL-SEC-102,,(c)(4),paragraph,4,no,(4) in subsection (d)(2)—,"USA_FISMA_Federal_Information_Security_Modernization_Act1.txt (S. 2902, 117th Congress, 1st Session)"
BILL-102(c)(4)(A),BILL-SEC-102,,(c)(4)(A),subparagraph,A,no,"(A) by striking the paragraph heading and inserting ‘‘CONSULTATION, NOTICE, AND COMMENT’’;","USA_FISMA_Federal_Information_Security_Modernization_Act1.txt (S. 2902, 117th Congress, 1st Session)"
BILL-102(c)(4)(B),BILL-SEC-102,,(c)(4)(B),subparagraph,B,no,"(B) by inserting ‘‘promulgate,’’ before ‘‘significantly modify’’; and","USA_FISMA_Federal_Information_Security_Modernization_Act1.txt (S. 2902, 117th Congress, 1st Session)"
BILL-102(c)(4)(C),BILL-SEC-102,,(c)(4)(C),subparagraph,C,no,(C) by striking ‘‘shall be made after the public is given an opportunity to comment on the Director’s proposed decision.’’ and inserting ‘‘shall be made—,"USA_FISMA_Federal_Information_Security_Modernization_Act1.txt (S. 2902, 117th Congress, 1st Session)"
BILL-102(c)(4)(A)#2,BILL-SEC-102,,(c)(4)(A),subparagraph,A,yes,"(A) for a decision to significantly modify or not promulgate such a proposed standard, after the public is given an opportunity to comment on the Director’s proposed decision;","USA_FISMA_Federal_Information_Security_Modernization_Act1.txt (S. 2902, 117th Congress, 1st Session)"
BILL-102(c)(4)(B)#2,BILL-SEC-102,,(c)(4)(B),subparagraph,B,yes,"(B) in consultation with the Chief Information Officers Council, the Director of the Cybersecurity and Infrastructure Security Agency, the National Cyber Director, the Comptroller General of the United States, and the Council of the Inspectors General on Integrity and Efficiency;","USA_FISMA_Federal_Information_Security_Modernization_Act1.txt (S. 2902, 117th Congress, 1st Session)"
BILL-102(c)(4)(C)#2,BILL-SEC-102,,(c)(4)(C),subparagraph,C,yes,(C) considering the Federal risk assessments performed under section 3553(i) of title 44; and,"USA_FISMA_Federal_Information_Security_Modernization_Act1.txt (S. 2902, 117th Congress, 1st Session)"
BILL-102(c)(4)(D),BILL-SEC-102,,(c)(4)(D),subparagraph,D,yes,(D) considering the extent to which the proposed standard reduces risk relative to the cost of implementation of the standard.’’; and,"USA_FISMA_Federal_Information_Security_Modernization_Act1.txt (S. 2902, 117th Congress, 1st Session)"
BILL-102(c)(5),BILL-SEC-102,,(c)(5),paragraph,5,no,(5) by adding at the end the following:,"USA_FISMA_Federal_Information_Security_Modernization_Act1.txt (S. 2902, 117th Congress, 1st Session)"
BILL-102(e)#2,BILL-SEC-102,,(e),subsection,e,yes,(e) REVIEW OF PROMULGATED STANDARDS.—,"USA_FISMA_Federal_Information_Security_Modernization_Act1.txt (S. 2902, 117th Congress, 1st Session)"
BILL-102(e)(1)#2,BILL-SEC-102,,(e)(1),paragraph,1,yes,"(1) IN GENERAL.—Not less frequently than once every 2 years, the Director of the Office of Management and Budget, in consultation with the Chief Information Officers Council, the Director of the Cybersecurity and Infrastructure Security Agency, the National Cyber Director, the Comptroller General of the United States, and the Council of the Inspectors General on Integrity and Efficiency shall review the efficacy of the standards in effect promulgated under this section in reducing cybersecurity risks and determine whether any changes to those standards are appropriate based on—","USA_FISMA_Federal_Information_Security_Modernization_Act1.txt (S. 2902, 117th Congress, 1st Session)"
BILL-102(e)(1)(A),BILL-SEC-102,,(e)(1)(A),subparagraph,A,yes,(A) the Federal risk assessment developed under section 3553(i) of title 44;,"USA_FISMA_Federal_Information_Security_Modernization_Act1.txt (S. 2902, 117th Congress, 1st Session)"
BILL-102(e)(1)(B),BILL-SEC-102,,(e)(1)(B),subparagraph,B,yes,(B) public comment; and,"USA_FISMA_Federal_Information_Security_Modernization_Act1.txt (S. 2902, 117th Congress, 1st Session)"
BILL-102(e)(1)(C),BILL-SEC-102,,(e)(1)(C),subparagraph,C,yes,(C) an assessment of the extent to which the proposed standards reduce risk relative to the cost of implementation of the standards.,"USA_FISMA_Federal_Information_Security_Modernization_Act1.txt (S. 2902, 117th Congress, 1st Session)"
BILL-102(e)(2)#2,BILL-SEC-102,,(e)(2),paragraph,2,yes,"(2) UPDATED GUIDANCE.—Not later than 90 days after the date of the completion of the review under paragraph (1), the Director of the Office of Management and Budget shall issue guidance to agencies to make any necessary updates to the standards in effect promulgated under this section based on the results of the review.","USA_FISMA_Federal_Information_Security_Modernization_Act1.txt (S. 2902, 117th Congress, 1st Session)"
BILL-102(e)(3)#2,BILL-SEC-102,,(e)(3),paragraph,3,yes,"(3) CONGRESSIONAL REPORT.—Not later than 30 days after the date on which a review is completed under paragraph (1), the Director shall submit to the Committee on Homeland Security and Governmental Affairs of the Senate and the Committee on Oversight and Reform of the House of Representatives a report that includes—","USA_FISMA_Federal_Information_Security_Modernization_Act1.txt (S. 2902, 117th Congress, 1st Session)"
BILL-102(e)(3)(A),BILL-SEC-102,,(e)(3)(A),subparagraph,A,yes,(A) the review of the standards in effect promulgated under this section conducted under paragraph (1);,"USA_FISMA_Federal_Information_Security_Modernization_Act1.txt (S. 2902, 117th Congress, 1st Session)"
BILL-102(e)(3)(B),BILL-SEC-102,,(e)(3)(B),subparagraph,B,yes,(B) the risk mitigation offered by each standard described in subparagraph (A); and,"USA_FISMA_Federal_Information_Security_Modernization_Act1.txt (S. 2902, 117th Congress, 1st Session)"
BILL-102(e)(3)(C),BILL-SEC-102,,(e)(3)(C),subparagraph,C,yes,(C) a summary of—,"USA_FISMA_Federal_Information_Security_Modernization_Act1.txt (S. 2902, 117th Congress, 1st Session)"
BILL-102(e)(3)(C)(i),BILL-SEC-102,,(e)(3)(C)(i),clause,i,yes,(i) the standards to which changes were determined appropriate during the review; and,"USA_FISMA_Federal_Information_Security_Modernization_Act1.txt (S. 2902, 117th Congress, 1st Session)"
BILL-102(e)(3)(C)(ii),BILL-SEC-102,,(e)(3)(C)(ii),clause,ii,yes,(ii) anticipated changes to the standards under this section in guidance issued under paragraph (2).,"USA_FISMA_Federal_Information_Security_Modernization_Act1.txt (S. 2902, 117th Congress, 1st Session)"
BILL-102(f),BILL-SEC-102,,(f),subsection,f,yes,"(f) VERIFICATION SPECIFICATIONS.—Not later than 1 year after the date on which the Director of the National Institute of Standards and Technology issues a proposed standard pursuant to paragraphs (2) and (3) of section 20(a) of the National Institute of Standards and Technology Act (15 U.S.C. 278g–3(a)), the Director of the Cybersecurity and Infrastructure Security Agency, in consultation with the Director of the National Institute of Standards and Technology, as practicable, shall develop technical specifications to enable the automated verification of the implementation of the controls within the standard.’’.","USA_FISMA_Federal_Information_Security_Modernization_Act1.txt (S. 2902, 117th Congress, 1st Session)"
BILL-103(a),BILL-SEC-103,,(a),subsection,a,no,(a) RESPONSIBILITIES OF THE CYBERSECURITY AND INFRASTRUCTURE SECURITY AGENCY.—,"USA_FISMA_Federal_Information_Security_Modernization_Act1.txt (S. 2902, 117th Congress, 1st Session)"
BILL-103(a)(1),BILL-SEC-103,,(a)(1),paragraph,1,no,"(1) RECOMMENDATIONS.—Not later than 180 days after the date of enactment of this Act, the Director of the Cybersecurity and Infrastructure Security Agency, in coordination with the Chair of the Federal Trade Commission, the Chair of the Securities and Exchange Commission, the Secretary of the Treasury, the Director of the Federal Bureau of Investigation, the Director of the National Institute of Standards and Technology, and the head of any other appropriate Federal or non-Federal entity, shall consolidate, maintain, and make publicly available recommendations for individuals whose personal information, as defined in section 3591 of title 44, United States Code, as added by this Act, is inappropriately exposed as a result of a high risk incident described in section 3598(c)(2) of title 44, United States Code.","USA_FISMA_Federal_Information_Security_Modernization_Act1.txt (S. 2902, 117th Congress, 1st Session)"
BILL-103(a)(2),BILL-SEC-103,,(a)(2),paragraph,2,no,"(2) PLAN FOR ANALYSIS OF, AND REPORT ON, FEDERAL INCIDENTS.—","USA_FISMA_Federal_Information_Security_Modernization_Act1.txt (S. 2902, 117th Congress, 1st Session)"
BILL-103(a)(2)(A),BILL-SEC-103,,(a)(2)(A),subparagraph,A,no,"(A) IN GENERAL.—Not later than 180 days after the date of enactment of this Act, the Director of the Cybersecurity and Infrastructure Security Agency shall—","USA_FISMA_Federal_Information_Security_Modernization_Act1.txt (S. 2902, 117th Congress, 1st Session)"
BILL-103(a)(2)(A)(i),BILL-SEC-103,,(a)(2)(A)(i),clause,i,no,"(i) develop a plan for the development of the analysis required under section 3597(b) of title 44, United States Code, as added by this Act, and the report required under subsection (c) of that section that includes—","USA_FISMA_Federal_Information_Security_Modernization_Act1.txt (S. 2902, 117th Congress, 1st Session)"
BILL-103(a)(2)(A)(i)(I),BILL-SEC-103,,(a)(2)(A)(i)(I),subclause,I,no,(I) a description of any challenges the Director anticipates encountering; and,"USA_FISMA_Federal_Information_Security_Modernization_Act1.txt (S. 2902, 117th Congress, 1st Session)"
BILL-103(a)(2)(A)(i)(II),BILL-SEC-103,,(a)(2)(A)(i)(II),subclause,II,no,"(II) the use of automation and machine-readable formats for collecting, compiling, monitoring, and analyzing data; and","USA_FISMA_Federal_Information_Security_Modernization_Act1.txt (S. 2902, 117th Congress, 1st Session)"
BILL-103(a)(2)(A)(ii),BILL-SEC-103,,(a)(2)(A)(ii),clause,ii,no,(ii) provide to the appropriate congressional committees a briefing on the plan developed under clause (i).,"USA_FISMA_Federal_Information_Security_Modernization_Act1.txt (S. 2902, 117th Congress, 1st Session)"
BILL-103(a)(2)(B),BILL-SEC-103,,(a)(2)(B),subparagraph,B,no,"(B) BRIEFING.—Not later than 1 year after the date of enactment of this Act, the Director of the Cybersecurity and Infrastructure Security Agency shall provide to the appropriate congressional committees a briefing on—","USA_FISMA_Federal_Information_Security_Modernization_Act1.txt (S. 2902, 117th Congress, 1st Session)"
BILL-103(a)(2)(B)(i),BILL-SEC-103,,(a)(2)(B)(i),clause,i,no,(i) the execution of the plan required under subparagraph (A); and,"USA_FISMA_Federal_Information_Security_Modernization_Act1.txt (S. 2902, 117th Congress, 1st Session)"
BILL-103(a)(2)(B)(ii),BILL-SEC-103,,(a)(2)(B)(ii),clause,ii,no,"(ii) the development of the report required under section 3597(c) of title 44, United States Code, as added by this Act.","USA_FISMA_Federal_Information_Security_Modernization_Act1.txt (S. 2902, 117th Congress, 1st Session)"
BILL-103(b),BILL-SEC-103,,(b),subsection,b,no,(b) RESPONSIBILITIES OF THE DIRECTOR OF THE OFFICE OF MANAGEMENT AND BUDGET.—,"USA_FISMA_Federal_Information_Security_Modernization_Act1.txt (S. 2902, 117th Congress, 1st Session)"
BILL-103(b)(1),BILL-SEC-103,,(b)(1),paragraph,1,no,(1) FISMA.—Section 2 of the Federal Information Security Modernization Act of 2014 (44 U.S.C. 3554 note) is amended—,"USA_FISMA_Federal_Information_Security_Modernization_Act1.txt (S. 2902, 117th Congress, 1st Session)"
BILL-103(b)(1)(A),BILL-SEC-103,,(b)(1)(A),subparagraph,A,no,(A) by striking subsection (b); and,"USA_FISMA_Federal_Information_Security_Modernization_Act1.txt (S. 2902, 117th Congress, 1st Session)"
BILL-103(b)(1)(B),BILL-SEC-103,,(b)(1)(B),subparagraph,B,no,"(B) by redesignating subsections (c) through (f) as subsections (b) through (e), respectively.","USA_FISMA_Federal_Information_Security_Modernization_Act1.txt (S. 2902, 117th Congress, 1st Session)"
BILL-103(b)(2),BILL-SEC-103,,(b)(2),paragraph,2,no,(2) INCIDENT DATA SHARING.—,"USA_FISMA_Federal_Information_Security_Modernization_Act1.txt (S. 2902, 117th Congress, 1st Session)"
BILL-103(b)(2)(A),BILL-SEC-103,,(b)(2)(A),subparagraph,A,no,"(A) IN GENERAL.—The Director shall develop guidance, to be updated not less frequently than once every 2 years, on the content, timeliness, and format of the information provided by agencies under section 3594(a) of title 44, United States Code, as added by this Act.","USA_FISMA_Federal_Information_Security_Modernization_Act1.txt (S. 2902, 117th Congress, 1st Session)"
BILL-103(b)(2)(B),BILL-SEC-103,,(b)(2)(B),subparagraph,B,no,(B) REQUIREMENTS.—The guidance developed under subparagraph (A) shall—,"USA_FISMA_Federal_Information_Security_Modernization_Act1.txt (S. 2902, 117th Congress, 1st Session)"
BILL-103(b)(2)(B)(i),BILL-SEC-103,,(b)(2)(B)(i),clause,i,no,(i) prioritize the availability of data necessary to understand and analyze—,"USA_FISMA_Federal_Information_Security_Modernization_Act1.txt (S. 2902, 117th Congress, 1st Session)"
BILL-103(b)(2)(B)(i)(I),BILL-SEC-103,,(b)(2)(B)(i)(I),subclause,I,no,(I) the causes of incidents;,"USA_FISMA_Federal_Information_Security_Modernization_Act1.txt (S. 2902, 117th Congress, 1st Session)"
BILL-103(b)(2)(B)(i)(II),BILL-SEC-103,,(b)(2)(B)(i)(II),subclause,II,no,(II) the scope and scale of incidents within the agency networks and systems;,"USA_FISMA_Federal_Information_Security_Modernization_Act1.txt (S. 2902, 117th Congress, 1st Session)"
BILL-103(b)(2)(B)(i)(III),BILL-SEC-103,,(b)(2)(B)(i)(III),subclause,III,no,(III) cross Federal Government root causes of incidents;,"USA_FISMA_Federal_Information_Security_Modernization_Act1.txt (S. 2902, 117th Congress, 1st Session)"
BILL-103(b)(2)(B)(i)(IV),BILL-SEC-103,,(b)(2)(B)(i)(IV),subclause,IV,no,"(IV) agency response, recovery, and remediation actions; and","USA_FISMA_Federal_Information_Security_Modernization_Act1.txt (S. 2902, 117th Congress, 1st Session)"
BILL-103(b)(2)(B)(i)(V),BILL-SEC-103,,(b)(2)(B)(i)(V),subclause,V,no,(V) the effectiveness of incidents;,"USA_FISMA_Federal_Information_Security_Modernization_Act1.txt (S. 2902, 117th Congress, 1st Session)"
BILL-103(b)(2)(B)(ii),BILL-SEC-103,,(b)(2)(B)(ii),clause,ii,no,(ii) enable the efficient development of—,"USA_FISMA_Federal_Information_Security_Modernization_Act1.txt (S. 2902, 117th Congress, 1st Session)"
BILL-103(b)(2)(B)(ii)(I),BILL-SEC-103,,(b)(2)(B)(ii)(I),subclause,I,no,"(I) lessons learned and recommendations in responding to, recovering from, remediating, and mitigating future incidents; and","USA_FISMA_Federal_Information_Security_Modernization_Act1.txt (S. 2902, 117th Congress, 1st Session)"
BILL-103(b)(2)(B)(ii)(II),BILL-SEC-103,,(b)(2)(B)(ii)(II),subclause,II,no,"(II) the report on Federal compromises required under section 3597(c) of title 44, United States Code, as added by this Act;","USA_FISMA_Federal_Information_Security_Modernization_Act1.txt (S. 2902, 117th Congress, 1st Session)"
BILL-103(b)(2)(B)(iii),BILL-SEC-103,,(b)(2)(B)(iii),clause,iii,no,(iii) include requirements for the timeliness of data production; and,"USA_FISMA_Federal_Information_Security_Modernization_Act1.txt (S. 2902, 117th Congress, 1st Session)"
BILL-103(b)(2)(B)(iv),BILL-SEC-103,,(b)(2)(B)(iv),clause,iv,no,(iv) include requirements for using automation and machine-readable data for data sharing and availability.,"USA_FISMA_Federal_Information_Security_Modernization_Act1.txt (S. 2902, 117th Congress, 1st Session)"
BILL-103(b)(3),BILL-SEC-103,,(b)(3),paragraph,3,no,"(3) GUIDANCE ON RESPONDING TO INFORMATION REQUESTS.—Not later than 1 year after the date of enactment of this Act, the Director shall develop guidance for agencies to implement the requirement under section 3594(c) of title 44, United States Code, as added by this Act, to provide information to other agencies experiencing incidents.","USA_FISMA_Federal_Information_Security_Modernization_Act1.txt (S. 2902, 117th Congress, 1st Session)"
BILL-103(b)(4),BILL-SEC-103,,(b)(4),paragraph,4,no,"(4) STANDARD GUIDANCE AND TEMPLATES.— Not later than 1 year after the date of enactment of this Act, the Director, in coordination with the Director of the Cybersecurity and Infrastructure Security Agency, shall develop guidance and templates, to be reviewed and, if necessary, updated not less frequently than once every 2 years, for use by Federal agencies in the activities required under sections 3592, 3593, and 3596 of title 44, United States Code, as added by this Act.","USA_FISMA_Federal_Information_Security_Modernization_Act1.txt (S. 2902, 117th Congress, 1st Session)"
BILL-103(b)(5),BILL-SEC-103,,(b)(5),paragraph,5,no,(5) CONTRACTOR AND GRANTEE GUIDANCE.—,"USA_FISMA_Federal_Information_Security_Modernization_Act1.txt (S. 2902, 117th Congress, 1st Session)"
BILL-103(b)(5)(A),BILL-SEC-103,,(b)(5)(A),subparagraph,A,no,"(A) IN GENERAL.—Not later than 1 year after the date of enactment of this Act, the Director, in coordination with the Secretary of Homeland Security, the Secretary of Defense, the Administrator of General Services, and the heads of other agencies determined appropriate by the Director, shall issue guidance to Federal agencies on how to deconflict existing regulations, policies, and procedures relating to the responsibilities of contractors and grant recipients established under section 3595 of title 44, United States Code, as added by this Act.","USA_FISMA_Federal_Information_Security_Modernization_Act1.txt (S. 2902, 117th Congress, 1st Session)"
BILL-103(b)(5)(B),BILL-SEC-103,,(b)(5)(B),subparagraph,B,no,"(B) EXISTING PROCESSES.—To the greatest extent practicable, the guidance issued under subparagraph (A) shall allow contractors and grantees to use existing processes for notifying Federal agencies of incidents involving information of the Federal Government.","USA_FISMA_Federal_Information_Security_Modernization_Act1.txt (S. 2902, 117th Congress, 1st Session)"
BILL-103(b)(6),BILL-SEC-103,,(b)(6),paragraph,6,no,"(6) UPDATED BRIEFINGS.—Not less frequently than once every 2 years, the Director shall provide to the appropriate congressional committees an update on the guidance and templates developed under paragraphs (2) through (4).","USA_FISMA_Federal_Information_Security_Modernization_Act1.txt (S. 2902, 117th Congress, 1st Session)"
BILL-103(c),BILL-SEC-103,,(c),subsection,c,no,"(c) UPDATE TO THE PRIVACY ACT OF 1974.—Section 552a(b) of title 5, United States Code (commonly known as the ‘‘Privacy Act of 1974’’) is amended—","USA_FISMA_Federal_Information_Security_Modernization_Act1.txt (S. 2902, 117th Congress, 1st Session)"
BILL-103(c)(1),BILL-SEC-103,,(c)(1),paragraph,1,no,"(1) in paragraph (11), by striking ‘‘or’’ at the end;","USA_FISMA_Federal_Information_Security_Modernization_Act1.txt (S. 2902, 117th Congress, 1st Session)"
BILL-103(c)(2),BILL-SEC-103,,(c)(2),paragraph,2,no,"(2) in paragraph (12), by striking the period at the end and inserting ‘‘; and’’; and","USA_FISMA_Federal_Information_Security_Modernization_Act1.txt (S. 2902, 117th Congress, 1st Session)"
BILL-103(c)(3),BILL-SEC-103,,(c)(3),paragraph,3,no,(3) by adding at the end the following:,"USA_FISMA_Federal_Information_Security_Modernization_Act1.txt (S. 2902, 117th Congress, 1st Session)"
BILL-103(c)(13),BILL-SEC-103,,(c)(13),paragraph,13,yes,(13) to another agency in furtherance of a response to an incident (as defined in section 3552 of title 44) and pursuant to the information sharing requirements in section 3594 of title 44 if the head of the requesting agency has made a written request to the agency that maintains the record specifying the particular portion desired and the activity for which the record is sought.’’.,"USA_FISMA_Federal_Information_Security_Modernization_Act1.txt (S. 2902, 117th Congress, 1st Session)"
BILL-104(1),BILL-SEC-104,,(1),paragraph,1,no,"(1) completing the agency system risk assessment required under section 3554(a)(1)(A) of title 44, United States Code, as amended by this Act;","USA_FISMA_Federal_Information_Security_Modernization_Act1.txt (S. 2902, 117th Congress, 1st Session)"
BILL-104(2),BILL-SEC-104,,(2),paragraph,2,no,"(2) implementing additional cybersecurity procedures, which shall include resources for shared services;","USA_FISMA_Federal_Information_Security_Modernization_Act1.txt (S. 2902, 117th Congress, 1st Session)"
BILL-104(3),BILL-SEC-104,,(3),paragraph,3,no,"(3) establishing a process for providing the status of each remedial action under section 3554(b)(7) of title 44, United States Code, as amended by this Act, to the Director and the Cybersecurity and Infrastructure Security Agency using automation and machine-readable data, as practicable, which shall include—","USA_FISMA_Federal_Information_Security_Modernization_Act1.txt (S. 2902, 117th Congress, 1st Session)"
BILL-104(3)(A),BILL-SEC-104,,(3)(A),subparagraph,A,no,(A) specific standards for the automation and machine-readable data; and,"USA_FISMA_Federal_Information_Security_Modernization_Act1.txt (S. 2902, 117th Congress, 1st Session)"
BILL-104(3)(B),BILL-SEC-104,,(3)(B),subparagraph,B,no,(B) templates for providing the status of the remedial action;,"USA_FISMA_Federal_Information_Security_Modernization_Act1.txt (S. 2902, 117th Congress, 1st Session)"
BILL-104(4),BILL-SEC-104,,(4),paragraph,4,no,"(4) interpreting the definition of ‘‘high value asset’’ in section 3552 of title 44, United States Code, as amended by this Act;","USA_FISMA_Federal_Information_Security_Modernization_Act1.txt (S. 2902, 117th Congress, 1st Session)"
BILL-104(5),BILL-SEC-104,,(5),paragraph,5,no,"(5) implementing standards in agency authorization processes to encourage the tailoring of processes to agency and system risk that are proportionate to the sensitivity of systems, which shall include—","USA_FISMA_Federal_Information_Security_Modernization_Act1.txt (S. 2902, 117th Congress, 1st Session)"
BILL-104(5)(A),BILL-SEC-104,,(5)(A),subparagraph,A,no,(A) a clarification of—,"USA_FISMA_Federal_Information_Security_Modernization_Act1.txt (S. 2902, 117th Congress, 1st Session)"
BILL-104(5)(A)(i),BILL-SEC-104,,(5)(A)(i),clause,i,no,"(i) the acceptable use and development of customization of standards promulgated under section 11331 of title 40, United States Code; and","USA_FISMA_Federal_Information_Security_Modernization_Act1.txt (S. 2902, 117th Congress, 1st Session)"
BILL-104(5)(A)(ii),BILL-SEC-104,,(5)(A)(ii),clause,ii,no,(ii) the acceptable use of risk-based authorization procedures authorized on the date of enactment of this Act; and,"USA_FISMA_Federal_Information_Security_Modernization_Act1.txt (S. 2902, 117th Congress, 1st Session)"
BILL-104(5)(B),BILL-SEC-104,,(5)(B),subparagraph,B,no,(B) a requirement to coordinate with Inspectors Generals of agencies to ensure consistent understanding and application of agency policies for the purpose of Inspector General audits; and,"USA_FISMA_Federal_Information_Security_Modernization_Act1.txt (S. 2902, 117th Congress, 1st Session)"
BILL-104(6),BILL-SEC-104,,(6),paragraph,6,no,"(6) requiring, as practicable and pursuant to section 203, an evaluation of agency cybersecurity using metrics that are—","USA_FISMA_Federal_Information_Security_Modernization_Act1.txt (S. 2902, 117th Congress, 1st Session)"
BILL-104(6)(A),BILL-SEC-104,,(6)(A),subparagraph,A,no,(A) based on outcomes; and,"USA_FISMA_Federal_Information_Security_Modernization_Act1.txt (S. 2902, 117th Congress, 1st Session)"
BILL-104(6)(B),BILL-SEC-104,,(6)(B),subparagraph,B,no,(B) based on time.,"USA_FISMA_Federal_Information_Security_Modernization_Act1.txt (S. 2902, 117th Congress, 1st Session)"
BILL-105(1),BILL-SEC-105,,(1),paragraph,1,no,(1) sensitive information shared with the agency by the entity; or,"USA_FISMA_Federal_Information_Security_Modernization_Act1.txt (S. 2902, 117th Congress, 1st Session)"
BILL-105(2),BILL-SEC-105,,(2),paragraph,2,no,(2) the systems used to the transmit sensitive information described in paragraph (1) to the agency. CYBERSECURITY,"USA_FISMA_Federal_Information_Security_Modernization_Act1.txt (S. 2902, 117th Congress, 1st Session)"
BILL-201(a),BILL-SEC-201,,(a),subsection,a,no,"(a) IN GENERAL.—As a component of the evaluation and report required under section 3555(h) of title 44, United States Code, and not later than 1 year after the date of enactment of this Act, the Comptroller General of the United States shall perform a study that—","USA_FISMA_Federal_Information_Security_Modernization_Act1.txt (S. 2902, 117th Congress, 1st Session)"
BILL-201(a)(1),BILL-SEC-201,,(a)(1),paragraph,1,no,"(1) assesses the standards promulgated under section 11331(b) of title 40, United States Code to determine the degree to which agencies use the authority under section 11331(c)(1) of title 40, United States Code to customize the standards relative to the risks facing each agency and agency system;","USA_FISMA_Federal_Information_Security_Modernization_Act1.txt (S. 2902, 117th Congress, 1st Session)"
BILL-201(a)(2),BILL-SEC-201,,(a)(2),paragraph,2,no,"(2) assesses the effectiveness of the standards described in paragraph (1), including any standards customized by agencies under section 11331(c)(1) of title 40, United States Code, at improving agency cybersecurity;","USA_FISMA_Federal_Information_Security_Modernization_Act1.txt (S. 2902, 117th Congress, 1st Session)"
BILL-201(a)(3),BILL-SEC-201,,(a)(3),paragraph,3,no,(3) examines the quantification of cybersecurity risk in the private sector for any applicability for use by the Federal Government;,"USA_FISMA_Federal_Information_Security_Modernization_Act1.txt (S. 2902, 117th Congress, 1st Session)"
BILL-201(a)(4),BILL-SEC-201,,(a)(4),paragraph,4,no,"(4) examines cybersecurity metrics existing as of the date of enactment of this Act used by the Director, the Director of the Cybersecurity and Infrastructure Security Agency, and the heads of other agencies to evaluate the effectiveness of information security policies and practices; and","USA_FISMA_Federal_Information_Security_Modernization_Act1.txt (S. 2902, 117th Congress, 1st Session)"
BILL-201(a)(5),BILL-SEC-201,,(a)(5),paragraph,5,no,"(5) with respect to the standards described in paragraph (1), provides recommendations for—","USA_FISMA_Federal_Information_Security_Modernization_Act1.txt (S. 2902, 117th Congress, 1st Session)"
BILL-201(a)(5)(A),BILL-SEC-201,,(a)(5)(A),subparagraph,A,no,(A) the addition or removal of standards; or,"USA_FISMA_Federal_Information_Security_Modernization_Act1.txt (S. 2902, 117th Congress, 1st Session)"
BILL-201(a)(5)(B),BILL-SEC-201,,(a)(5)(B),subparagraph,B,no,(B) the customization of—,"USA_FISMA_Federal_Information_Security_Modernization_Act1.txt (S. 2902, 117th Congress, 1st Session)"
BILL-201(a)(5)(B)(i),BILL-SEC-201,,(a)(5)(B)(i),clause,i,no,"(i) the standards by agencies under section 11331(c)(1) of title 40, United States Code; or","USA_FISMA_Federal_Information_Security_Modernization_Act1.txt (S. 2902, 117th Congress, 1st Session)"
BILL-201(a)(5)(B)(ii),BILL-SEC-201,,(a)(5)(B)(ii),clause,ii,no,(ii) specific controls within the standards.,"USA_FISMA_Federal_Information_Security_Modernization_Act1.txt (S. 2902, 117th Congress, 1st Session)"
BILL-201(b),BILL-SEC-201,,(b),subsection,b,no,"(b) INCORPORATION OF STUDY.—The Director shall incorporate the results of the study performed under subsection (a) into the review of standards required under section 11331(e) of title 40, United States Code.","USA_FISMA_Federal_Information_Security_Modernization_Act1.txt (S. 2902, 117th Congress, 1st Session)"
BILL-201(c),BILL-SEC-201,,(c),subsection,c,no,"(c) BRIEFING.—Not later than 30 days after the date on which the study performed under subsection (a) is completed, the Comptroller General of the United States shall provide to the appropriate congressional committees a briefing on the study.","USA_FISMA_Federal_Information_Security_Modernization_Act1.txt (S. 2902, 117th Congress, 1st Session)"
BILL-202(a),BILL-SEC-202,,(a),subsection,a,no,"(a) IN GENERAL.—Not later than 1 year after the date of enactment of this Act, the Director shall—","USA_FISMA_Federal_Information_Security_Modernization_Act1.txt (S. 2902, 117th Congress, 1st Session)"
BILL-202(a)(1),BILL-SEC-202,,(a)(1),paragraph,1,no,"(1) evaluate mobile application security standards promulgated under section 11331(b) of title 44, United States Code; and","USA_FISMA_Federal_Information_Security_Modernization_Act1.txt (S. 2902, 117th Congress, 1st Session)"
BILL-202(a)(2),BILL-SEC-202,,(a)(2),paragraph,2,no,"(2) issue guidance to implement mobile security standards in effect on the date of enactment of this Act promulgated under section 11331(b) of title 40, United States Code, including for mobile applications, for every agency.","USA_FISMA_Federal_Information_Security_Modernization_Act1.txt (S. 2902, 117th Congress, 1st Session)"
BILL-202(b),BILL-SEC-202,,(b),subsection,b,no,(b) CONTENTS.—The guidance issued under subsection (a)(2) shall include—,"USA_FISMA_Federal_Information_Security_Modernization_Act1.txt (S. 2902, 117th Congress, 1st Session)"
BILL-202(b)(1),BILL-SEC-202,,(b)(1),paragraph,1,no,"(1) a requirement, pursuant to section 3506(b)(4) of title 44, United States Code, for every agency to maintain a continuous inventory of every—","USA_FISMA_Federal_Information_Security_Modernization_Act1.txt (S. 2902, 117th Congress, 1st Session)"
BILL-202(b)(1)(A),BILL-SEC-202,,(b)(1)(A),subparagraph,A,no,(A) mobile device operated by or on behalf of the agency;,"USA_FISMA_Federal_Information_Security_Modernization_Act1.txt (S. 2902, 117th Congress, 1st Session)"
BILL-202(b)(1)(B),BILL-SEC-202,,(b)(1)(B),subparagraph,B,no,(B) mobile application installed on a mobile device described in subparagraph (A); and,"USA_FISMA_Federal_Information_Security_Modernization_Act1.txt (S. 2902, 117th Congress, 1st Session)"
BILL-202(b)(1)(C),BILL-SEC-202,,(b)(1)(C),subparagraph,C,no,(C) vulnerability identified by the agency associated with a mobile device or mobile application described in subparagraphs (A) and (B); and,"USA_FISMA_Federal_Information_Security_Modernization_Act1.txt (S. 2902, 117th Congress, 1st Session)"
BILL-202(b)(2),BILL-SEC-202,,(b)(2),paragraph,2,no,(2) a requirement for every agency to perform continuous evaluation of the vulnerabilities described in paragraph (1)(C) and other risks.,"USA_FISMA_Federal_Information_Security_Modernization_Act1.txt (S. 2902, 117th Congress, 1st Session)"
BILL-202(c),BILL-SEC-202,,(c),subsection,c,no,"(c) INFORMATION SHARING.—The Director, in coordination with the Director of the Cybersecurity and Infrastructure Security Agency, shall issue guidance to agencies for sharing the inventory of the agency required under subsection (b)(1) with the Director of the Cybersecurity and Infrastructure Security Agency, using automation and machine-readable data to the greatest extent practicable.","USA_FISMA_Federal_Information_Security_Modernization_Act1.txt (S. 2902, 117th Congress, 1st Session)"
BILL-202(d),BILL-SEC-202,,(d),subsection,d,no,"(d) BRIEFING.—Not later than 60 days after the date on which the Director issues guidance under subsection (a)(2), the Director, in coordination with the Director of the Cybersecurity and Infrastructure Security Agency, shall provide to the appropriate congressional committees a briefing on the guidance.","USA_FISMA_Federal_Information_Security_Modernization_Act1.txt (S. 2902, 117th Congress, 1st Session)"
BILL-203(a),BILL-SEC-203,,(a),subsection,a,no,(a) ESTABLISHING TIME-BASED METRICS.—,"USA_FISMA_Federal_Information_Security_Modernization_Act1.txt (S. 2902, 117th Congress, 1st Session)"
BILL-203(a)(1),BILL-SEC-203,,(a)(1),paragraph,1,no,"(1) IN GENERAL.—Not later than 1 year after the date of enactment of this Act, the Director of the Cybersecurity and Infrastructure Security Agency shall—","USA_FISMA_Federal_Information_Security_Modernization_Act1.txt (S. 2902, 117th Congress, 1st Session)"
BILL-203(a)(1)(A),BILL-SEC-203,,(a)(1)(A),subparagraph,A,no,"(A) update the metrics used to measure security under section 3554 of title 44, United States Code, including any metrics developed pursuant to section 224(c) of the Cybersecurity Act of 2015 (6 U.S.C. 1522(c)), to include standardized metrics to quantitatively evaluate and identify trends in agency cybersecurity performance, including performance for incident response; and","USA_FISMA_Federal_Information_Security_Modernization_Act1.txt (S. 2902, 117th Congress, 1st Session)"
BILL-203(a)(1)(B),BILL-SEC-203,,(a)(1)(B),subparagraph,B,no,(B) evaluate the metrics described in subparagraph (A).,"USA_FISMA_Federal_Information_Security_Modernization_Act1.txt (S. 2902, 117th Congress, 1st Session)"
BILL-203(a)(2),BILL-SEC-203,,(a)(2),paragraph,2,no,(2) QUALITIES.—With respect to the updated metrics required under paragraph (1)—,"USA_FISMA_Federal_Information_Security_Modernization_Act1.txt (S. 2902, 117th Congress, 1st Session)"
BILL-203(a)(2)(A),BILL-SEC-203,,(a)(2)(A),subparagraph,A,no,(A) not less than 2 of the metrics shall be time-based; and,"USA_FISMA_Federal_Information_Security_Modernization_Act1.txt (S. 2902, 117th Congress, 1st Session)"
BILL-203(a)(2)(B),BILL-SEC-203,,(a)(2)(B),subparagraph,B,no,(B) the metrics may include other measurable outcomes.,"USA_FISMA_Federal_Information_Security_Modernization_Act1.txt (S. 2902, 117th Congress, 1st Session)"
BILL-203(a)(3),BILL-SEC-203,,(a)(3),paragraph,3,no,(3) EVALUATION.—The evaluation required under paragraph (1)(B) shall evaluate—,"USA_FISMA_Federal_Information_Security_Modernization_Act1.txt (S. 2902, 117th Congress, 1st Session)"
BILL-203(a)(3)(A),BILL-SEC-203,,(a)(3)(A),subparagraph,A,no,(A) the amount of time it takes for an agency to detect an incident; and,"USA_FISMA_Federal_Information_Security_Modernization_Act1.txt (S. 2902, 117th Congress, 1st Session)"
BILL-203(a)(3)(B),BILL-SEC-203,,(a)(3)(B),subparagraph,B,no,(B) the amount of time that passes between—,"USA_FISMA_Federal_Information_Security_Modernization_Act1.txt (S. 2902, 117th Congress, 1st Session)"
BILL-203(a)(3)(B)(i),BILL-SEC-203,,(a)(3)(B)(i),clause,i,no,(i) the detection and remediation of an incident; and,"USA_FISMA_Federal_Information_Security_Modernization_Act1.txt (S. 2902, 117th Congress, 1st Session)"
BILL-203(a)(3)(B)(ii),BILL-SEC-203,,(a)(3)(B)(ii),clause,ii,no,(ii) the remediation of an incident and the recovery from the incident.,"USA_FISMA_Federal_Information_Security_Modernization_Act1.txt (S. 2902, 117th Congress, 1st Session)"
BILL-203(b),BILL-SEC-203,,(b),subsection,b,no,(b) IMPLEMENTATION.—,"USA_FISMA_Federal_Information_Security_Modernization_Act1.txt (S. 2902, 117th Congress, 1st Session)"
BILL-203(b)(1),BILL-SEC-203,,(b)(1),paragraph,1,no,"(1) IN GENERAL.—The Director, in coordination with the Director of the Cybersecurity and Infrastructure Security Agency, shall promulgate guidance that requires the use of the updated metrics developed under subsection (a)(1)(A) by every agency over a 4-year period beginning on the date on which the metrics are developed to track trends in the incident response capabilities of agencies.","USA_FISMA_Federal_Information_Security_Modernization_Act1.txt (S. 2902, 117th Congress, 1st Session)"
BILL-203(b)(2),BILL-SEC-203,,(b)(2),paragraph,2,no,"(2) PENETRATION TESTS.—On not less than 2 occasions during the 2-year period following the date on which guidance is promulgated under paragraph (1), not less than 3 agencies shall be subjected to substantially similar penetration tests in order to validate the utility of the metrics developed under subsection (a)(1)(A).","USA_FISMA_Federal_Information_Security_Modernization_Act1.txt (S. 2902, 117th Congress, 1st Session)"
BILL-203(b)(3),BILL-SEC-203,,(b)(3),paragraph,3,no,(3) DATABASE.—The Director of the Cybersecurity and Infrastructure Security Agency shall develop and use a database that—,"USA_FISMA_Federal_Information_Security_Modernization_Act1.txt (S. 2902, 117th Congress, 1st Session)"
BILL-203(b)(3)(A),BILL-SEC-203,,(b)(3)(A),subparagraph,A,no,(A) stores agency metrics information; and,"USA_FISMA_Federal_Information_Security_Modernization_Act1.txt (S. 2902, 117th Congress, 1st Session)"
BILL-203(b)(3)(B),BILL-SEC-203,,(b)(3)(B),subparagraph,B,no,(B) allows for the performance of crossagency comparison of agency incident response capability trends.,"USA_FISMA_Federal_Information_Security_Modernization_Act1.txt (S. 2902, 117th Congress, 1st Session)"
BILL-203(c),BILL-SEC-203,,(c),subsection,c,no,(c) UPDATED METRICS.—,"USA_FISMA_Federal_Information_Security_Modernization_Act1.txt (S. 2902, 117th Congress, 1st Session)"
BILL-203(c)(1),BILL-SEC-203,,(c)(1),paragraph,1,no,(1) IN GENERAL.—The Director may issue guidance that updates the metrics developed under subsection (a)(1)(A) if the updated metrics—,"USA_FISMA_Federal_Information_Security_Modernization_Act1.txt (S. 2902, 117th Congress, 1st Session)"
BILL-203(c)(1)(A),BILL-SEC-203,,(c)(1)(A),subparagraph,A,no,(A) have the qualities described in subsection (a)(2); and,"USA_FISMA_Federal_Information_Security_Modernization_Act1.txt (S. 2902, 117th Congress, 1st Session)"
BILL-203(c)(1)(B),BILL-SEC-203,,(c)(1)(B),subparagraph,B,no,(B) can be evaluated under subsection (a)(3).,"USA_FISMA_Federal_Information_Security_Modernization_Act1.txt (S. 2902, 117th Congress, 1st Session)"
BILL-203(c)(2),BILL-SEC-203,,(c)(2),paragraph,2,no,(2) DATA SHARING.—The guidance issued under paragraph (1) shall require agencies to share with the Director of the Cybersecurity and Infrastructure Security Agency data demonstrating the performance of the agency with the updated metrics included in that guidance against the metrics developed under subsection (a)(1)(A).,"USA_FISMA_Federal_Information_Security_Modernization_Act1.txt (S. 2902, 117th Congress, 1st Session)"
BILL-203(d),BILL-SEC-203,,(d),subsection,d,no,(d) CONGRESSIONAL REPORTS.—,"USA_FISMA_Federal_Information_Security_Modernization_Act1.txt (S. 2902, 117th Congress, 1st Session)"
BILL-203(d)(1),BILL-SEC-203,,(d)(1),paragraph,1,no,"(1) UPDATED METRICS.—Not later than 30 days after the date on which the Director of the Cybersecurity and Infrastructure Security completes the evaluation required under subsection (a)(1)(B), the Director of the Cybersecurity and Infrastructure Security Agency shall submit to the appropriate congressional committees a report on the updated metrics developed under subsection (a)(1)(A).","USA_FISMA_Federal_Information_Security_Modernization_Act1.txt (S. 2902, 117th Congress, 1st Session)"
BILL-203(d)(2),BILL-SEC-203,,(d)(2),paragraph,2,no,"(2) PROGRAM.—Not later than 180 days after the date on which guidance is promulgated under subsection (b)(1), the Director shall submit to the appropriate congressional committees a report on the results of the use of the updated metrics developed under subsection (a)(1)(A) by agencies.","USA_FISMA_Federal_Information_Security_Modernization_Act1.txt (S. 2902, 117th Congress, 1st Session)"
BILL-204(a),BILL-SEC-204,,(a),subsection,a,no,"(a) RECOMMENDATIONS.—Not later than 60 days after the date of enactment of this Act, the Director of the Cybersecurity and Infrastructure Security Agency, in consultation with the Attorney General and the National Cyber Director, shall submit to the Director recommendations on requirements for logging events on agency systems and retaining other relevant data within the systems and networks of an agency.","USA_FISMA_Federal_Information_Security_Modernization_Act1.txt (S. 2902, 117th Congress, 1st Session)"
BILL-204(b),BILL-SEC-204,,(b),subsection,b,no,(b) CONTENTS.—The recommendations provided under subsection (a) shall include—,"USA_FISMA_Federal_Information_Security_Modernization_Act1.txt (S. 2902, 117th Congress, 1st Session)"
BILL-204(b)(1),BILL-SEC-204,,(b)(1),paragraph,1,no,(1) the types of logs to be maintained;,"USA_FISMA_Federal_Information_Security_Modernization_Act1.txt (S. 2902, 117th Congress, 1st Session)"
BILL-204(b)(2),BILL-SEC-204,,(b)(2),paragraph,2,no,(2) the time periods to retain the logs and other relevant data;,"USA_FISMA_Federal_Information_Security_Modernization_Act1.txt (S. 2902, 117th Congress, 1st Session)"
BILL-204(b)(3),BILL-SEC-204,,(b)(3),paragraph,3,no,(3) the time periods for agencies to enable recommended logging and security requirements;,"USA_FISMA_Federal_Information_Security_Modernization_Act1.txt (S. 2902, 117th Congress, 1st Session)"
BILL-204(b)(4),BILL-SEC-204,,(b)(4),paragraph,4,no,"(4) how to ensure the confidentiality, integrity, and availability of logs;","USA_FISMA_Federal_Information_Security_Modernization_Act1.txt (S. 2902, 117th Congress, 1st Session)"
BILL-204(b)(5),BILL-SEC-204,,(b)(5),paragraph,5,no,"(5) requirements to ensure that, upon request, agencies provide logs to—","USA_FISMA_Federal_Information_Security_Modernization_Act1.txt (S. 2902, 117th Congress, 1st Session)"
BILL-204(b)(5)(A),BILL-SEC-204,,(b)(5)(A),subparagraph,A,no,(A) the Director of the Cybersecurity and Infrastructure Security Agency for a cybersecurity purpose; and,"USA_FISMA_Federal_Information_Security_Modernization_Act1.txt (S. 2902, 117th Congress, 1st Session)"
BILL-204(b)(5)(B),BILL-SEC-204,,(b)(5)(B),subparagraph,B,no,(B) the Federal Bureau of Investigation to investigate potential criminal activity; and,"USA_FISMA_Federal_Information_Security_Modernization_Act1.txt (S. 2902, 117th Congress, 1st Session)"
BILL-204(b)(6),BILL-SEC-204,,(b)(6),paragraph,6,no,(6) ensuring the highest level security operations center of each agency has visibility into all agency logs.,"USA_FISMA_Federal_Information_Security_Modernization_Act1.txt (S. 2902, 117th Congress, 1st Session)"
BILL-204(c),BILL-SEC-204,,(c),subsection,c,no,"(c) GUIDANCE.—Not later than 90 days after receiving the recommendations submitted under subsection (a), the Director, in consultation with the Director of the Cybersecurity and Infrastructure Security Agency and the Attorney General, shall promulgate guidance to agencies to establish requirements for logging, log retention, log management, and sharing of log data with other appropriate agencies.","USA_FISMA_Federal_Information_Security_Modernization_Act1.txt (S. 2902, 117th Congress, 1st Session)"
BILL-204(d),BILL-SEC-204,,(d),subsection,d,no,"(d) PERIODIC REVIEW.—Not later than 2 years after the date on which the Director of the Cybersecurity and Infrastructure Security Agency submits the recommendations required under subsection (a), and not less frequently than every 2 years thereafter, the Director of the Cybersecurity and Infrastructure Security Agency, in consultation with the Attorney General, shall evaluate the recommendations and provide an update on the recommendations to the Director as necessary.","USA_FISMA_Federal_Information_Security_Modernization_Act1.txt (S. 2902, 117th Congress, 1st Session)"
BILL-205(a),BILL-SEC-205,,(a),subsection,a,no,"(a) IN GENERAL.—Not later than 120 days after the date of enactment of this Act, the Director of the Cybersecurity and Infrastructure Security Agency shall assign not less than 1 cybersecurity professional employed by the Cybersecurity and Infrastructure Security Agency to be the Cybersecurity and Infrastructure Security Agency advisor to the Chief Information Officer of each agency.","USA_FISMA_Federal_Information_Security_Modernization_Act1.txt (S. 2902, 117th Congress, 1st Session)"
BILL-205(b),BILL-SEC-205,,(b),subsection,b,no,(b) QUALIFICATIONS.—Each advisor assigned under subsection (a) shall have knowledge of—,"USA_FISMA_Federal_Information_Security_Modernization_Act1.txt (S. 2902, 117th Congress, 1st Session)"
BILL-205(b)(1),BILL-SEC-205,,(b)(1),paragraph,1,no,"(1) cybersecurity threats facing agencies, including any specific threats to the assigned agency;","USA_FISMA_Federal_Information_Security_Modernization_Act1.txt (S. 2902, 117th Congress, 1st Session)"
BILL-205(b)(2),BILL-SEC-205,,(b)(2),paragraph,2,no,(2) performing risk assessments of agency systems; and,"USA_FISMA_Federal_Information_Security_Modernization_Act1.txt (S. 2902, 117th Congress, 1st Session)"
BILL-205(b)(3),BILL-SEC-205,,(b)(3),paragraph,3,no,(3) other Federal cybersecurity initiatives.,"USA_FISMA_Federal_Information_Security_Modernization_Act1.txt (S. 2902, 117th Congress, 1st Session)"
BILL-205(c),BILL-SEC-205,,(c),subsection,c,no,(c) DUTIES.—The duties of each advisor assigned under subsection (a) shall include—,"USA_FISMA_Federal_Information_Security_Modernization_Act1.txt (S. 2902, 117th Congress, 1st Session)"
BILL-205(c)(1),BILL-SEC-205,,(c)(1),paragraph,1,no,"(1) providing ongoing assistance and advice, as requested, to the agency Chief Information Officer;","USA_FISMA_Federal_Information_Security_Modernization_Act1.txt (S. 2902, 117th Congress, 1st Session)"
BILL-205(c)(2),BILL-SEC-205,,(c)(2),paragraph,2,no,(2) serving as an incident response point of contact between the assigned agency and the Cybersecurity and Infrastructure Security Agency; and,"USA_FISMA_Federal_Information_Security_Modernization_Act1.txt (S. 2902, 117th Congress, 1st Session)"
BILL-205(c)(3),BILL-SEC-205,,(c)(3),paragraph,3,no,"(3) familiarizing themselves with agency systems, processes, and procedures to better facilitate support to the agency in responding to incidents.","USA_FISMA_Federal_Information_Security_Modernization_Act1.txt (S. 2902, 117th Congress, 1st Session)"
BILL-205(d),BILL-SEC-205,,(d),subsection,d,no,(d) LIMITATION.—An advisor assigned under subsection (a) shall not be a contractor.,"USA_FISMA_Federal_Information_Security_Modernization_Act1.txt (S. 2902, 117th Congress, 1st Session)"
BILL-205(e),BILL-SEC-205,,(e),subsection,e,no,(e) MULTIPLE ASSIGNMENTS.—One individual advisor made be assigned to multiple agency Chief Information Officers under subsection (a).,"USA_FISMA_Federal_Information_Security_Modernization_Act1.txt (S. 2902, 117th Congress, 1st Session)"
BILL-206(a),BILL-SEC-206,,(a),subsection,a,no,"(a) IN GENERAL.—Subchapter II of chapter 35 of title 44, United States Code, is amended by adding at the end the following:","USA_FISMA_Federal_Information_Security_Modernization_Act1.txt (S. 2902, 117th Congress, 1st Session)"
BILL-206(a)#2,BILL-SEC-206,BILL-USC-3559A,(a),subsection,a,yes,(a) DEFINITIONS.—In this section:,"USA_FISMA_Federal_Information_Security_Modernization_Act1.txt (S. 2902, 117th Congress, 1st Session)"
BILL-206(a)(1),BILL-SEC-206,BILL-USC-3559A,(a)(1),paragraph,1,yes,(1) AGENCY OPERATIONAL PLAN.—The term ‘agency operational plan’ means a plan of an agency for the use of penetration testing.,"USA_FISMA_Federal_Information_Security_Modernization_Act1.txt (S. 2902, 117th Congress, 1st Session)"
BILL-206(a)(2),BILL-SEC-206,BILL-USC-3559A,(a)(2),paragraph,2,yes,(2) RULES OF ENGAGEMENT.—The term ‘rules of engagement’ means a set of rules established by an agency for the use of penetration testing.,"USA_FISMA_Federal_Information_Security_Modernization_Act1.txt (S. 2902, 117th Congress, 1st Session)"
BILL-206(b),BILL-SEC-206,BILL-USC-3559A,(b),subsection,b,yes,(b) GUIDANCE.—,"USA_FISMA_Federal_Information_Security_Modernization_Act1.txt (S. 2902, 117th Congress, 1st Session)"
BILL-206(b)(1),BILL-SEC-206,BILL-USC-3559A,(b)(1),paragraph,1,yes,"(1) IN GENERAL.—Not later than 180 days after the date of enactment of this Act, the Director shall issue guidance that—","USA_FISMA_Federal_Information_Security_Modernization_Act1.txt (S. 2902, 117th Congress, 1st Session)"
BILL-206(b)(1)(A),BILL-SEC-206,BILL-USC-3559A,(b)(1)(A),subparagraph,A,yes,"(A) requires agencies to use, when and where appropriate, penetration testing on agency systems; and","USA_FISMA_Federal_Information_Security_Modernization_Act1.txt (S. 2902, 117th Congress, 1st Session)"
BILL-206(b)(1)(B),BILL-SEC-206,BILL-USC-3559A,(b)(1)(B),subparagraph,B,yes,(B) requires agencies to develop an agency operational plan and rules of engagement that meet the requirements under subsection (c).,"USA_FISMA_Federal_Information_Security_Modernization_Act1.txt (S. 2902, 117th Congress, 1st Session)"
BILL-206(b)(2),BILL-SEC-206,BILL-USC-3559A,(b)(2),paragraph,2,yes,(2) PENETRATION TESTING GUIDANCE.—The guidance issued under this section shall—,"USA_FISMA_Federal_Information_Security_Modernization_Act1.txt (S. 2902, 117th Congress, 1st Session)"
BILL-206(b)(2)(A),BILL-SEC-206,BILL-USC-3559A,(b)(2)(A),subparagraph,A,yes,"(A) permit an agency to use, for the purpose of performing penetration testing—","USA_FISMA_Federal_Information_Security_Modernization_Act1.txt (S. 2902, 117th Congress, 1st Session)"
BILL-206(b)(2)(A)(i),BILL-SEC-206,BILL-USC-3559A,(b)(2)(A)(i),clause,i,yes,(i) a shared service of the agency or another agency; or,"USA_FISMA_Federal_Information_Security_Modernization_Act1.txt (S. 2902, 117th Congress, 1st Session)"
BILL-206(b)(2)(A)(ii),BILL-SEC-206,BILL-USC-3559A,(b)(2)(A)(ii),clause,ii,yes,"(ii) an external entity, such as a vendor;","USA_FISMA_Federal_Information_Security_Modernization_Act1.txt (S. 2902, 117th Congress, 1st Session)"
BILL-206(b)(2)(B),BILL-SEC-206,BILL-USC-3559A,(b)(2)(B),subparagraph,B,yes,"(B) include templates and frameworks for reporting the results of penetration testing, without regard to the status of the entity that performs the penetration testing; and","USA_FISMA_Federal_Information_Security_Modernization_Act1.txt (S. 2902, 117th Congress, 1st Session)"
BILL-206(b)(2)(C),BILL-SEC-206,BILL-USC-3559A,(b)(2)(C),subparagraph,C,yes,"(C) require agencies to provide the rules of engagement and results of penetration testing to the Director and the Director of the Cybersecurity and Infrastructure Security Agency, without regard to the status of the entity that performs the penetration testing.","USA_FISMA_Federal_Information_Security_Modernization_Act1.txt (S. 2902, 117th Congress, 1st Session)"
BILL-206(c),BILL-SEC-206,BILL-USC-3559A,(c),subsection,c,yes,(c) AGENCY PLANS AND RULES OF ENGAGEMENT.—The agency operational plan and rules of engagement of an agency shall—,"USA_FISMA_Federal_Information_Security_Modernization_Act1.txt (S. 2902, 117th Congress, 1st Session)"
BILL-206(c)(1),BILL-SEC-206,BILL-USC-3559A,(c)(1),paragraph,1,yes,(1) require the agency to perform penetration testing on the high value assets of the agency;,"USA_FISMA_Federal_Information_Security_Modernization_Act1.txt (S. 2902, 117th Congress, 1st Session)"
BILL-206(c)(2),BILL-SEC-206,BILL-USC-3559A,(c)(2),paragraph,2,yes,"(2) establish guidelines for avoiding, as a result of penetration testing—","USA_FISMA_Federal_Information_Security_Modernization_Act1.txt (S. 2902, 117th Congress, 1st Session)"
BILL-206(c)(2)(A),BILL-SEC-206,BILL-USC-3559A,(c)(2)(A),subparagraph,A,yes,(A) adverse impacts to the operations of the agency;,"USA_FISMA_Federal_Information_Security_Modernization_Act1.txt (S. 2902, 117th Congress, 1st Session)"
BILL-206(c)(2)(B),BILL-SEC-206,BILL-USC-3559A,(c)(2)(B),subparagraph,B,yes,(B) adverse impacts to operational networks and systems of the agency; and,"USA_FISMA_Federal_Information_Security_Modernization_Act1.txt (S. 2902, 117th Congress, 1st Session)"
BILL-206(c)(2)(C),BILL-SEC-206,BILL-USC-3559A,(c)(2)(C),subparagraph,C,yes,(C) inappropriate access to data;,"USA_FISMA_Federal_Information_Security_Modernization_Act1.txt (S. 2902, 117th Congress, 1st Session)"
BILL-206(c)(3),BILL-SEC-206,BILL-USC-3559A,(c)(3),paragraph,3,yes,(3) require the results of penetration testing to include feedback to improve the cybersecurity of the agency; and,"USA_FISMA_Federal_Information_Security_Modernization_Act1.txt (S. 2902, 117th Congress, 1st Session)"
BILL-206(c)(4),BILL-SEC-206,BILL-USC-3559A,(c)(4),paragraph,4,yes,"(4) include mechanisms for providing consistently formatted, and, if applicable, automated and machine-readable, data to the Director and the Director of the Cybersecurity and Infrastructure Security Agency.","USA_FISMA_Federal_Information_Security_Modernization_Act1.txt (S. 2902, 117th Congress, 1st Session)"
BILL-206(d),BILL-SEC-206,BILL-USC-3559A,(d),subsection,d,yes,(d) RESPONSIBILITIES OF CISA.—The Director of the Cybersecurity and Infrastructure Security Agency shall—,"USA_FISMA_Federal_Information_Security_Modernization_Act1.txt (S. 2902, 117th Congress, 1st Session)"
BILL-206(d)(1),BILL-SEC-206,BILL-USC-3559A,(d)(1),paragraph,1,yes,(1) establish a certification process for the performance of penetration testing by both Federal and non-Federal entities that establishes minimum quality controls for penetration testing;,"USA_FISMA_Federal_Information_Security_Modernization_Act1.txt (S. 2902, 117th Congress, 1st Session)"
BILL-206(d)(2),BILL-SEC-206,BILL-USC-3559A,(d)(2),paragraph,2,yes,(2) develop operational guidance for instituting penetration testing programs at agencies;,"USA_FISMA_Federal_Information_Security_Modernization_Act1.txt (S. 2902, 117th Congress, 1st Session)"
BILL-206(d)(3),BILL-SEC-206,BILL-USC-3559A,(d)(3),paragraph,3,yes,(3) develop and maintain a centralized capability to offer penetration testing as a service to Federal and non-Federal entities; and,"USA_FISMA_Federal_Information_Security_Modernization_Act1.txt (S. 2902, 117th Congress, 1st Session)"
BILL-206(d)(4),BILL-SEC-206,BILL-USC-3559A,(d)(4),paragraph,4,yes,(4) provide guidance to agencies on the best use of penetration testing resources.,"USA_FISMA_Federal_Information_Security_Modernization_Act1.txt (S. 2902, 117th Congress, 1st Session)"
BILL-206(e),BILL-SEC-206,BILL-USC-3559A,(e),subsection,e,yes,"(e) RESPONSIBILITIES OF OMB.—The Director, in coordination with the Director of the Cybersecurity and Infrastructure Security Agency, shall—","USA_FISMA_Federal_Information_Security_Modernization_Act1.txt (S. 2902, 117th Congress, 1st Session)"
BILL-206(e)(1),BILL-SEC-206,BILL-USC-3559A,(e)(1),paragraph,1,yes,"(1) not less frequently than annually, inventory all Federal penetration testing assets; and","USA_FISMA_Federal_Information_Security_Modernization_Act1.txt (S. 2902, 117th Congress, 1st Session)"
BILL-206(e)(2),BILL-SEC-206,BILL-USC-3559A,(e)(2),paragraph,2,yes,(2) develop and maintain a Federal strategy for the use of penetration testing.,"USA_FISMA_Federal_Information_Security_Modernization_Act1.txt (S. 2902, 117th Congress, 1st Session)"
BILL-206(f),BILL-SEC-206,BILL-USC-3559A,(f),subsection,f,yes,(f) PRIORITIZATION OF PENETRATION TESTING RESOURCES.—,"USA_FISMA_Federal_Information_Security_Modernization_Act1.txt (S. 2902, 117th Congress, 1st Session)"
BILL-206(f)(1),BILL-SEC-206,BILL-USC-3559A,(f)(1),paragraph,1,yes,"(1) IN GENERAL.—The Director, in coordination with the Director of the Cybersecurity and Infrastructure Security Agency, shall develop a framework for prioritizing Federal penetration testing resources among agencies.","USA_FISMA_Federal_Information_Security_Modernization_Act1.txt (S. 2902, 117th Congress, 1st Session)"
BILL-206(f)(2),BILL-SEC-206,BILL-USC-3559A,(f)(2),paragraph,2,yes,"(2) CONSIDERATIONS.—In developing the framework under this subsection, the Director shall consider—","USA_FISMA_Federal_Information_Security_Modernization_Act1.txt (S. 2902, 117th Congress, 1st Session)"
BILL-206(f)(2)(A),BILL-SEC-206,BILL-USC-3559A,(f)(2)(A),subparagraph,A,yes,(A) agency system risk assessments performed under section 3554(a)(1)(A);,"USA_FISMA_Federal_Information_Security_Modernization_Act1.txt (S. 2902, 117th Congress, 1st Session)"
BILL-206(f)(2)(B),BILL-SEC-206,BILL-USC-3559A,(f)(2)(B),subparagraph,B,yes,(B) the Federal risk assessment performed under section 3553(i);,"USA_FISMA_Federal_Information_Security_Modernization_Act1.txt (S. 2902, 117th Congress, 1st Session)"
BILL-206(f)(2)(C),BILL-SEC-206,BILL-USC-3559A,(f)(2)(C),subparagraph,C,yes,(C) the analysis of Federal incident data performed under section 3597; and,"USA_FISMA_Federal_Information_Security_Modernization_Act1.txt (S. 2902, 117th Congress, 1st Session)"
BILL-206(f)(2)(D),BILL-SEC-206,BILL-USC-3559A,(f)(2)(D),subparagraph,D,yes,(D) any other information determined appropriate by the Director or the Director of the Cybersecurity and Infrastructure Security Agency.’’.,"USA_FISMA_Federal_Information_Security_Modernization_Act1.txt (S. 2902, 117th Congress, 1st Session)"
BILL-206(b)#2,BILL-SEC-206,BILL-USC-3559A,(b),subsection,b,no,"(b) CLERICAL AMENDMENT.—The table of sections for chapter 35 of title 44, United States Code, is amended by adding after the item relating to section 3559 the following: ‘‘3559A. Federal penetration testing.’’.","USA_FISMA_Federal_Information_Security_Modernization_Act1.txt (S. 2902, 117th Congress, 1st Session)"
BILL-206(c)#2,BILL-SEC-206,BILL-USC-3559A,(c),subsection,c,no,"(c) PENETRATION TESTING BY THE SECRETARY OF HOMELAND SECURITY.—Section 3553(b) of title 44, United States Code, as amended by section 1705 of the William M. (Mac) Thornberry National Defense Authorization Act for Fiscal Year 2021 (Public Law 116–283) and section 101, is further amended—","USA_FISMA_Federal_Information_Security_Modernization_Act1.txt (S. 2902, 117th Congress, 1st Session)"
BILL-206(c)(1)#2,BILL-SEC-206,BILL-USC-3559A,(c)(1),paragraph,1,no,"(1) in paragraph (8)(B), by striking ‘‘and’’ at the end;","USA_FISMA_Federal_Information_Security_Modernization_Act1.txt (S. 2902, 117th Congress, 1st Session)"
BILL-206(c)(2)#2,BILL-SEC-206,BILL-USC-3559A,(c)(2),paragraph,2,no,(2) by redesignating paragraph (9) as paragraph (10); and,"USA_FISMA_Federal_Information_Security_Modernization_Act1.txt (S. 2902, 117th Congress, 1st Session)"
BILL-206(c)(3)#2,BILL-SEC-206,BILL-USC-3559A,(c)(3),paragraph,3,no,(3) by inserting after paragraph (8) the following:,"USA_FISMA_Federal_Information_Security_Modernization_Act1.txt (S. 2902, 117th Congress, 1st Session)"
BILL-206(c)(9),BILL-SEC-206,BILL-USC-3559A,(c)(9),paragraph,9,yes,"(9) performing penetration testing with or without advance notice to, or authorization from, agencies, to identify vulnerabilities within Federal information systems; and’’.","USA_FISMA_Federal_Information_Security_Modernization_Act1.txt (S. 2902, 117th Congress, 1st Session)"
BILL-207(a),BILL-SEC-207,,(a),subsection,a,no,(a) THREAT HUNTING PROGRAM.—,"USA_FISMA_Federal_Information_Security_Modernization_Act1.txt (S. 2902, 117th Congress, 1st Session)"
BILL-207(a)(1),BILL-SEC-207,,(a)(1),paragraph,1,no,"(1) IN GENERAL.—Not later than 540 days after the date of enactment of this Act, the Director of the Cybersecurity and Infrastructure Security Agency shall establish a program to provide ongoing, hypothesis-driven threat-hunting services on the network of each agency.","USA_FISMA_Federal_Information_Security_Modernization_Act1.txt (S. 2902, 117th Congress, 1st Session)"
BILL-207(a)(2),BILL-SEC-207,,(a)(2),paragraph,2,no,"(2) PLAN.—Not later than 180 days after the date of enactment of this Act, the Director of the Cybersecurity and Infrastructure Security Agency shall develop a plan to establish the program required under paragraph (1) that describes how the Director of the Cybersecurity and Infrastructure Security Agency plans to—","USA_FISMA_Federal_Information_Security_Modernization_Act1.txt (S. 2902, 117th Congress, 1st Session)"
BILL-207(a)(2)(A),BILL-SEC-207,,(a)(2)(A),subparagraph,A,no,"(A) determine the method for collecting, storing, accessing, and analyzing appropriate agency data;","USA_FISMA_Federal_Information_Security_Modernization_Act1.txt (S. 2902, 117th Congress, 1st Session)"
BILL-207(a)(2)(B),BILL-SEC-207,,(a)(2)(B),subparagraph,B,no,(B) provide on-premises support to agencies;,"USA_FISMA_Federal_Information_Security_Modernization_Act1.txt (S. 2902, 117th Congress, 1st Session)"
BILL-207(a)(2)(C),BILL-SEC-207,,(a)(2)(C),subparagraph,C,no,(C) staff threat hunting services;,"USA_FISMA_Federal_Information_Security_Modernization_Act1.txt (S. 2902, 117th Congress, 1st Session)"
BILL-207(a)(2)(D),BILL-SEC-207,,(a)(2)(D),subparagraph,D,no,(D) allocate available human and financial resources to implement the plan; and,"USA_FISMA_Federal_Information_Security_Modernization_Act1.txt (S. 2902, 117th Congress, 1st Session)"
BILL-207(a)(2)(E),BILL-SEC-207,,(a)(2)(E),subparagraph,E,no,(E) provide input to the heads of agencies on the use of—,"USA_FISMA_Federal_Information_Security_Modernization_Act1.txt (S. 2902, 117th Congress, 1st Session)"
BILL-207(a)(2)(E)(i),BILL-SEC-207,,(a)(2)(E)(i),clause,i,no,"(i) more stringent standards under section 11331(c)(1) of title 40, United States Code; and","USA_FISMA_Federal_Information_Security_Modernization_Act1.txt (S. 2902, 117th Congress, 1st Session)"
BILL-207(a)(2)(E)(ii),BILL-SEC-207,,(a)(2)(E)(ii),clause,ii,no,"(ii) additional cybersecurity procedures under section 3554 of title 44, United States Code.","USA_FISMA_Federal_Information_Security_Modernization_Act1.txt (S. 2902, 117th Congress, 1st Session)"
BILL-207(b),BILL-SEC-207,,(b),subsection,b,no,(b) REPORTS.—The Director of the Cybersecurity and Infrastructure Security Agency shall submit to the appropriate congressional committees—,"USA_FISMA_Federal_Information_Security_Modernization_Act1.txt (S. 2902, 117th Congress, 1st Session)"
BILL-207(b)(1),BILL-SEC-207,,(b)(1),paragraph,1,no,"(1) not later than 30 days after the date on which the Director of the Cybersecurity and Infrastructure Security Agency completes the plan required under subsection (a)(2), a report on the plan to provide threat hunting services to agencies;","USA_FISMA_Federal_Information_Security_Modernization_Act1.txt (S. 2902, 117th Congress, 1st Session)"
BILL-207(b)(2),BILL-SEC-207,,(b)(2),paragraph,2,no,"(2) not less than 30 days before the date on which the Director of the Cybersecurity and Infrastructure Security Agency begins providing threat hunting services under the program, a report providing any updates to the plan developed under subsection (a)(2); and","USA_FISMA_Federal_Information_Security_Modernization_Act1.txt (S. 2902, 117th Congress, 1st Session)"
BILL-207(b)(3),BILL-SEC-207,,(b)(3),paragraph,3,no,"(3) not later than 1 year after the date on which the Director of the Cybersecurity and Infrastructure Security Agency begins providing threat hunting services to agencies other than the Cybersecurity and Infrastructure Security Agency, a report describing lessons learned from providing those services.","USA_FISMA_Federal_Information_Security_Modernization_Act1.txt (S. 2902, 117th Congress, 1st Session)"
BILL-208(a),BILL-SEC-208,,(a),subsection,a,no,"(a) IN GENERAL.—Chapter 35 of title 44 of United States Code is amended by inserting after section 3559A, as added by section 206 of this Act, the following:","USA_FISMA_Federal_Information_Security_Modernization_Act1.txt (S. 2902, 117th Congress, 1st Session)"
BILL-208(a)#2,BILL-SEC-208,BILL-USC-3559B,(a),subsection,a,yes,(a) DEFINITIONS.—In this section:,"USA_FISMA_Federal_Information_Security_Modernization_Act1.txt (S. 2902, 117th Congress, 1st Session)"
BILL-208(a)(1),BILL-SEC-208,BILL-USC-3559B,(a)(1),paragraph,1,yes,(1) REPORT.—The term ‘report’ means a vulnerability disclosure made to an agency by a reporter.,"USA_FISMA_Federal_Information_Security_Modernization_Act1.txt (S. 2902, 117th Congress, 1st Session)"
BILL-208(a)(2),BILL-SEC-208,BILL-USC-3559B,(a)(2),paragraph,2,yes,(2) REPORTER.—The term ‘reporter’ means an individual that submits a vulnerability report pursuant to the vulnerability disclosure process of an agency.,"USA_FISMA_Federal_Information_Security_Modernization_Act1.txt (S. 2902, 117th Congress, 1st Session)"
BILL-208(b),BILL-SEC-208,BILL-USC-3559B,(b),subsection,b,yes,(b) RESPONSIBILITIES OF OMB.—,"USA_FISMA_Federal_Information_Security_Modernization_Act1.txt (S. 2902, 117th Congress, 1st Session)"
BILL-208(b)(1),BILL-SEC-208,BILL-USC-3559B,(b)(1),paragraph,1,yes,"(1) LIMITATION ON LEGAL ACTION.—The Director, in consultation with the Attorney General, shall issue guidance to agencies to not recommend or pursue legal action against a reporter or an individual that conducts a security research activity that the head of the agency determines—","USA_FISMA_Federal_Information_Security_Modernization_Act1.txt (S. 2902, 117th Congress, 1st Session)"
BILL-208(b)(1)(A),BILL-SEC-208,BILL-USC-3559B,(b)(1)(A),subparagraph,A,yes,(A) represents a good faith effort to follow the vulnerability disclosure policy developed under subsection (d)(2) of the agency; and,"USA_FISMA_Federal_Information_Security_Modernization_Act1.txt (S. 2902, 117th Congress, 1st Session)"
BILL-208(b)(1)(B),BILL-SEC-208,BILL-USC-3559B,(b)(1)(B),subparagraph,B,yes,(B) is authorized under the vulnerability disclosure policy developed under subsection,"USA_FISMA_Federal_Information_Security_Modernization_Act1.txt (S. 2902, 117th Congress, 1st Session)"
BILL-208(d)(2),BILL-SEC-208,BILL-USC-3559B,(d)(2),paragraph,2,no,(d)(2) of the agency.,"USA_FISMA_Federal_Information_Security_Modernization_Act1.txt (S. 2902, 117th Congress, 1st Session)"
BILL-208(d)(2)#2,BILL-SEC-208,BILL-USC-3559B,(d)(2),paragraph,2,yes,"(2) SHARING INFORMATION WITH CISA.—The Director, in coordination with the Director of the Cybersecurity and Infrastructure Security Agency, shall issue guidance to agencies on sharing relevant information in a consistent, automated, and machine readable manner with the Cybersecurity and Infrastructure Security Agency, including—","USA_FISMA_Federal_Information_Security_Modernization_Act1.txt (S. 2902, 117th Congress, 1st Session)"
BILL-208(d)(2)(A),BILL-SEC-208,BILL-USC-3559B,(d)(2)(A),subparagraph,A,yes,(A) any valid or credible reports of newly discovered or not publicly known vulnerabilities (including misconfigurations) on an agency information system that uses commercial software or services;,"USA_FISMA_Federal_Information_Security_Modernization_Act1.txt (S. 2902, 117th Congress, 1st Session)"
BILL-208(d)(2)(B),BILL-SEC-208,BILL-USC-3559B,(d)(2)(B),subparagraph,B,yes,"(B) information relating to vulnerability disclosure, coordination, or remediation activities of an agency, particularly as those activities relate to outside organizations—","USA_FISMA_Federal_Information_Security_Modernization_Act1.txt (S. 2902, 117th Congress, 1st Session)"
BILL-208(d)(2)(B)(i),BILL-SEC-208,BILL-USC-3559B,(d)(2)(B)(i),clause,i,yes,(i) with which the head of the agency believes the Director of the Cybersecurity and Infrastructure Security can assist; or,"USA_FISMA_Federal_Information_Security_Modernization_Act1.txt (S. 2902, 117th Congress, 1st Session)"
BILL-208(d)(2)(B)(ii),BILL-SEC-208,BILL-USC-3559B,(d)(2)(B)(ii),clause,ii,yes,(ii) about which the head of the agency believes the Director of the Cybersecurity and Infrastructure Security should know; and,"USA_FISMA_Federal_Information_Security_Modernization_Act1.txt (S. 2902, 117th Congress, 1st Session)"
BILL-208(d)(2)(C),BILL-SEC-208,BILL-USC-3559B,(d)(2)(C),subparagraph,C,yes,(C) any other information with respect to which the head of the agency determines helpful or necessary to involve the Cybersecurity and Infrastructure Security Agency.,"USA_FISMA_Federal_Information_Security_Modernization_Act1.txt (S. 2902, 117th Congress, 1st Session)"
BILL-208(d)(3),BILL-SEC-208,BILL-USC-3559B,(d)(3),paragraph,3,yes,(3) AGENCY VULNERABILITY DISCLOSURE POLICIES.—,"USA_FISMA_Federal_Information_Security_Modernization_Act1.txt (S. 2902, 117th Congress, 1st Session)"
BILL-208(d)(3)(A),BILL-SEC-208,BILL-USC-3559B,(d)(3)(A),subparagraph,A,yes,(A) IN GENERAL.—The Director shall issue guidance to agencies on the required minimum scope of agency systems covered by the vulnerability disclosure policy of an agency required under subsection (d)(2).,"USA_FISMA_Federal_Information_Security_Modernization_Act1.txt (S. 2902, 117th Congress, 1st Session)"
BILL-208(d)(3)(B),BILL-SEC-208,BILL-USC-3559B,(d)(3)(B),subparagraph,B,yes,"(B) DEADLINE.—Not later than 2 years after the date of enactment of the Federal Information Security Modernization Act of 2021, the Director shall update the guidance issued under subparagraph (A) to require that every agency system that is connected to the internet is covered by the vulnerability disclosure policy of the agency.","USA_FISMA_Federal_Information_Security_Modernization_Act1.txt (S. 2902, 117th Congress, 1st Session)"
BILL-208(c),BILL-SEC-208,BILL-USC-3559B,(c),subsection,c,yes,(c) RESPONSIBILITIES OF CISA.—The Director of the Cybersecurity and Infrastructure Security Agency shall—,"USA_FISMA_Federal_Information_Security_Modernization_Act1.txt (S. 2902, 117th Congress, 1st Session)"
BILL-208(c)(1),BILL-SEC-208,BILL-USC-3559B,(c)(1),paragraph,1,yes,(1) provide support to agencies with respect to the implementation of the requirements of this section;,"USA_FISMA_Federal_Information_Security_Modernization_Act1.txt (S. 2902, 117th Congress, 1st Session)"
BILL-208(c)(2),BILL-SEC-208,BILL-USC-3559B,(c)(2),paragraph,2,yes,"(2) develop tools, processes, and other mechanisms determined appropriate to offer agencies capabilities to implement the requirements of this section; and","USA_FISMA_Federal_Information_Security_Modernization_Act1.txt (S. 2902, 117th Congress, 1st Session)"
BILL-208(c)(3),BILL-SEC-208,BILL-USC-3559B,(c)(3),paragraph,3,yes,"(3) upon a request by an agency, assist the agency in the disclosure to vendors of newly identified vulnerabilities in vendor products and services.","USA_FISMA_Federal_Information_Security_Modernization_Act1.txt (S. 2902, 117th Congress, 1st Session)"
BILL-208(d),BILL-SEC-208,BILL-USC-3559B,(d),subsection,d,yes,(d) RESPONSIBILITIES OF AGENCIES.—,"USA_FISMA_Federal_Information_Security_Modernization_Act1.txt (S. 2902, 117th Congress, 1st Session)"
BILL-208(d)(1),BILL-SEC-208,BILL-USC-3559B,(d)(1),paragraph,1,yes,"(1) PUBLIC INFORMATION.—The head of each agency shall make publicly available, with respect to each internet domain under the control of the agency that is not a national security system—","USA_FISMA_Federal_Information_Security_Modernization_Act1.txt (S. 2902, 117th Congress, 1st Session)"
BILL-208(d)(1)(A),BILL-SEC-208,BILL-USC-3559B,(d)(1)(A),subparagraph,A,yes,(A) an appropriate security contact; and,"USA_FISMA_Federal_Information_Security_Modernization_Act1.txt (S. 2902, 117th Congress, 1st Session)"
BILL-208(d)(1)(B),BILL-SEC-208,BILL-USC-3559B,(d)(1)(B),subparagraph,B,yes,(B) the component of the agency that is responsible for the internet accessible services offered at the domain.,"USA_FISMA_Federal_Information_Security_Modernization_Act1.txt (S. 2902, 117th Congress, 1st Session)"
BILL-208(d)(2)#3,BILL-SEC-208,BILL-USC-3559B,(d)(2),paragraph,2,yes,"(2) VULNERABILITY DISCLOSURE POLICY.— The head of each agency shall develop and make publicly available a vulnerability disclosure policy for the agency, which shall—","USA_FISMA_Federal_Information_Security_Modernization_Act1.txt (S. 2902, 117th Congress, 1st Session)"
BILL-208(d)(2)(A)#2,BILL-SEC-208,BILL-USC-3559B,(d)(2)(A),subparagraph,A,yes,(A) describe—,"USA_FISMA_Federal_Information_Security_Modernization_Act1.txt (S. 2902, 117th Congress, 1st Session)"
BILL-208(d)(2)(A)(i),BILL-SEC-208,BILL-USC-3559B,(d)(2)(A)(i),clause,i,yes,(i) the scope of the systems of the agency included in the vulnerability disclosure policy;,"USA_FISMA_Federal_Information_Security_Modernization_Act1.txt (S. 2902, 117th Congress, 1st Session)"
BILL-208(d)(2)(A)(ii),BILL-SEC-208,BILL-USC-3559B,(d)(2)(A)(ii),clause,ii,yes,(ii) the type of information system testing that is authorized by the agency;,"USA_FISMA_Federal_Information_Security_Modernization_Act1.txt (S. 2902, 117th Congress, 1st Session)"
BILL-208(d)(2)(A)(iii),BILL-SEC-208,BILL-USC-3559B,(d)(2)(A)(iii),clause,iii,yes,(iii) the type of information system testing that is not authorized by the agency; and,"USA_FISMA_Federal_Information_Security_Modernization_Act1.txt (S. 2902, 117th Congress, 1st Session)"
BILL-208(d)(2)(A)(iv),BILL-SEC-208,BILL-USC-3559B,(d)(2)(A)(iv),clause,iv,yes,(iv) the disclosure policy of the agency for sensitive information;,"USA_FISMA_Federal_Information_Security_Modernization_Act1.txt (S. 2902, 117th Congress, 1st Session)"
BILL-208(d)(2)(B)#2,BILL-SEC-208,BILL-USC-3559B,(d)(2)(B),subparagraph,B,yes,(B) include a provision that authorizes the anonymous submission of a vulnerability by a reporter;,"USA_FISMA_Federal_Information_Security_Modernization_Act1.txt (S. 2902, 117th Congress, 1st Session)"
BILL-208(d)(2)(C)#2,BILL-SEC-208,BILL-USC-3559B,(d)(2)(C),subparagraph,C,yes,"(C) with respect to a report to an agency, describe—","USA_FISMA_Federal_Information_Security_Modernization_Act1.txt (S. 2902, 117th Congress, 1st Session)"
BILL-208(d)(2)(C)(i),BILL-SEC-208,BILL-USC-3559B,(d)(2)(C)(i),clause,i,yes,(i) how the reporter should submit the report; and,"USA_FISMA_Federal_Information_Security_Modernization_Act1.txt (S. 2902, 117th Congress, 1st Session)"
BILL-208(d)(2)(C)(ii),BILL-SEC-208,BILL-USC-3559B,(d)(2)(C)(ii),clause,ii,yes,"(ii) if the report is not anonymous under subparagraph (B), when the reporter should anticipate an acknowledgment of receipt of the report by the agency; and","USA_FISMA_Federal_Information_Security_Modernization_Act1.txt (S. 2902, 117th Congress, 1st Session)"
BILL-208(d)(2)(D),BILL-SEC-208,BILL-USC-3559B,(d)(2)(D),subparagraph,D,yes,(D) include any other relevant information.,"USA_FISMA_Federal_Information_Security_Modernization_Act1.txt (S. 2902, 117th Congress, 1st Session)"
BILL-208(d)(3)#2,BILL-SEC-208,BILL-USC-3559B,(d)(3),paragraph,3,yes,(3) IDENTIFIED VULNERABILITIES.—The head of each agency shall incorporate any vulnerabilities reported under paragraph (2) into the vulnerability management process of the agency in order to track and remediate the vulnerability.,"USA_FISMA_Federal_Information_Security_Modernization_Act1.txt (S. 2902, 117th Congress, 1st Session)"
BILL-208(e),BILL-SEC-208,BILL-USC-3559B,(e),subsection,e,yes,(e) PAPERWORK REDUCTION ACT EXEMPTION.— The requirements of subchapter I (commonly known as the ‘Paperwork Reduction Act’) shall not apply to a vulnerability disclosure program established under this section.,"USA_FISMA_Federal_Information_Security_Modernization_Act1.txt (S. 2902, 117th Congress, 1st Session)"
BILL-208(f),BILL-SEC-208,BILL-USC-3559B,(f),subsection,f,yes,"(f) CONGRESSIONAL REPORTING.—Not later than 90 days after the date of enactment of the Federal Information Security Modernization Act of 2021, and annually thereafter for a 3-year period, the Director shall provide to the Committee on Homeland Security and Governmental Affairs of the Senate and the Committee on Oversight and Reform of the House of Representatives a briefing on the status of the use of vulnerability disclosure policies under this section at agencies, including, with respect to the guidance issued under subsection (b)(3), an identification of the agencies that are compliant and not compliant.’’.","USA_FISMA_Federal_Information_Security_Modernization_Act1.txt (S. 2902, 117th Congress, 1st Session)"
BILL-208(b)#2,BILL-SEC-208,BILL-USC-3559B,(b),subsection,b,no,"(b) CLERICAL AMENDMENT.—The table of sections for chapter 35 of title 44, United States Code, is amended by adding after the item relating to section 3559A the following: ‘‘3559B. Federal vulnerability disclosure programs.’’.","USA_FISMA_Federal_Information_Security_Modernization_Act1.txt (S. 2902, 117th Congress, 1st Session)"
BILL-209(a),BILL-SEC-209,,(a),subsection,a,no,"(a) RECOMMENDATIONS.—Not later than 60 days after the date of enactment of this Act, the Director of the Cybersecurity and Infrastructure Security Agency, in consultation with the Director of the National Institute of Standards and Technology, shall develop recommendations to increase the internal defenses of agency systems to—","USA_FISMA_Federal_Information_Security_Modernization_Act1.txt (S. 2902, 117th Congress, 1st Session)"
BILL-209(a)(1),BILL-SEC-209,,(a)(1),paragraph,1,no,(1) limit the ability of entities that cause incidents to move laterally through or between agency systems;,"USA_FISMA_Federal_Information_Security_Modernization_Act1.txt (S. 2902, 117th Congress, 1st Session)"
BILL-209(a)(2),BILL-SEC-209,,(a)(2),paragraph,2,no,(2) identify incidents more quickly;,"USA_FISMA_Federal_Information_Security_Modernization_Act1.txt (S. 2902, 117th Congress, 1st Session)"
BILL-209(a)(3),BILL-SEC-209,,(a)(3),paragraph,3,no,(3) isolate and remove unauthorized entities from agency systems more quickly;,"USA_FISMA_Federal_Information_Security_Modernization_Act1.txt (S. 2902, 117th Congress, 1st Session)"
BILL-209(a)(4),BILL-SEC-209,,(a)(4),paragraph,4,no,(4) implement zero trust architecture; and,"USA_FISMA_Federal_Information_Security_Modernization_Act1.txt (S. 2902, 117th Congress, 1st Session)"
BILL-209(a)(5),BILL-SEC-209,,(a)(5),paragraph,5,no,(5) otherwise increase the resource costs for entities that cause incidents; and,"USA_FISMA_Federal_Information_Security_Modernization_Act1.txt (S. 2902, 117th Congress, 1st Session)"
BILL-209(b),BILL-SEC-209,,(b),subsection,b,no,(b) OMB GUIDANCE.—Not later than 180 days after the date on which the recommendations under subsection,"USA_FISMA_Federal_Information_Security_Modernization_Act1.txt (S. 2902, 117th Congress, 1st Session)"
BILL-209(a)#2,BILL-SEC-209,,(a),subsection,a,no,"(a) are completed, the Director shall issue guidance to agencies that requires the implementation of the recommendations.","USA_FISMA_Federal_Information_Security_Modernization_Act1.txt (S. 2902, 117th Congress, 1st Session)"
BILL-209(c),BILL-SEC-209,,(c),subsection,c,no,"(c) AGENCY IMPLEMENTATION PLANS.—Not later than 60 days after the date on which the Director issues guidance under subsection (b), the head of each agency shall submit to the Director a plan to implement zero trust architecture that includes—","USA_FISMA_Federal_Information_Security_Modernization_Act1.txt (S. 2902, 117th Congress, 1st Session)"
BILL-209(c)(1),BILL-SEC-209,,(c)(1),paragraph,1,no,(1) a description of any steps the agency has completed;,"USA_FISMA_Federal_Information_Security_Modernization_Act1.txt (S. 2902, 117th Congress, 1st Session)"
BILL-209(c)(2),BILL-SEC-209,,(c)(2),paragraph,2,no,(2) an identification of activities that will have the most immediate security impact; and,"USA_FISMA_Federal_Information_Security_Modernization_Act1.txt (S. 2902, 117th Congress, 1st Session)"
BILL-209(c)(3),BILL-SEC-209,,(c)(3),paragraph,3,no,(3) a schedule to implement the plan.,"USA_FISMA_Federal_Information_Security_Modernization_Act1.txt (S. 2902, 117th Congress, 1st Session)"
BILL-209(d),BILL-SEC-209,,(d),subsection,d,no,"(d) REPORT AND BRIEFING.—Not later than 90 days after the date on which the Director issues guidance required under subsection (b), the Director shall provide a briefing to the appropriate congressional committees on the guidance and the agency implementation plans submitted under subsection (c).","USA_FISMA_Federal_Information_Security_Modernization_Act1.txt (S. 2902, 117th Congress, 1st Session)"
BILL-210(a),BILL-SEC-210,,(a),subsection,a,no,"(a) OMB REPORT.—Not later than 180 days after the date of enactment of this Act, the Director shall submit to the appropriate congressional committees a report on the use of automation under paragraphs (1), (5)(C) and (7)(B) of section 3554(b) of title 44, United States Code.","USA_FISMA_Federal_Information_Security_Modernization_Act1.txt (S. 2902, 117th Congress, 1st Session)"
BILL-210(b),BILL-SEC-210,,(b),subsection,b,no,"(b) GAO REPORT.—Not later than 1 year after the date of enactment of this Act, the Comptroller General of the United States shall perform a study on the use of automation and machine readable data across the Federal Government for cybersecurity purposes, including the automated updating of cybersecurity tools, sensors, or processes by agencies.","USA_FISMA_Federal_Information_Security_Modernization_Act1.txt (S. 2902, 117th Congress, 1st Session)"
BILL-301(a),BILL-SEC-301,,(a),subsection,a,no,"(a) IN GENERAL.—Not later than 2 years after the date of enactment of this Act, the Director, in coordination with the Director of the Cybersecurity and Infrastructure Security Agency, shall establish a pilot program to perform continual agency auditing of the standards promulgated under section 11331 of title 40, United States Code.","USA_FISMA_Federal_Information_Security_Modernization_Act1.txt (S. 2902, 117th Congress, 1st Session)"
BILL-301(b),BILL-SEC-301,,(b),subsection,b,no,(b) PURPOSE.—,"USA_FISMA_Federal_Information_Security_Modernization_Act1.txt (S. 2902, 117th Congress, 1st Session)"
BILL-301(b)(1),BILL-SEC-301,,(b)(1),paragraph,1,no,"(1) IN GENERAL.—The purpose of the pilot program established under subsection (a) shall be to develop the capability to continuously audit agency cybersecurity postures, rather than performing an annual audit.","USA_FISMA_Federal_Information_Security_Modernization_Act1.txt (S. 2902, 117th Congress, 1st Session)"
BILL-301(b)(2),BILL-SEC-301,,(b)(2),paragraph,2,no,"(2) USE OF INFORMATION.—It is the sense of Congress that information relating to agency cybersecurity postures should be used, on an ongoing basis, to increase agency understanding of cybersecurity risk and improve agency cybersecurity.","USA_FISMA_Federal_Information_Security_Modernization_Act1.txt (S. 2902, 117th Congress, 1st Session)"
BILL-301(c),BILL-SEC-301,,(c),subsection,c,no,(c) PARTICIPATING AGENCIES.—,"USA_FISMA_Federal_Information_Security_Modernization_Act1.txt (S. 2902, 117th Congress, 1st Session)"
BILL-301(c)(1),BILL-SEC-301,,(c)(1),paragraph,1,no,"(1) IN GENERAL.—The Director, in coordination with the Council of the Inspectors General on Integrity and Efficiency and in consultation with the Director of the Cybersecurity and Infrastructure Security Agency, shall identify not less than 1 agency and the Inspector General of each identified agency to participate in the pilot program established under subsection (a).","USA_FISMA_Federal_Information_Security_Modernization_Act1.txt (S. 2902, 117th Congress, 1st Session)"
BILL-301(c)(2),BILL-SEC-301,,(c)(2),paragraph,2,no,"(2) CAPABILITIES OF AGENCY.—An agency selected under paragraph (1) shall have advanced cybersecurity capabilities, including the capability to implement verification specifications and other automated and machine-readable means of sharing information.","USA_FISMA_Federal_Information_Security_Modernization_Act1.txt (S. 2902, 117th Congress, 1st Session)"
BILL-301(c)(3),BILL-SEC-301,,(c)(3),paragraph,3,no,"(3) CAPABILITIES OF INSPECTOR GENERAL.— The Inspector General of an agency selected under paragraph (1) shall have advanced cybersecurity capabilities, including the ability—","USA_FISMA_Federal_Information_Security_Modernization_Act1.txt (S. 2902, 117th Congress, 1st Session)"
BILL-301(c)(3)(A),BILL-SEC-301,,(c)(3)(A),subparagraph,A,no,"(A) to perform real-time or almost realtime and continuous analysis of the use of verification specifications by the agency to assess compliance with standards promulgated under section 11331 of title 40, United States Code; and","USA_FISMA_Federal_Information_Security_Modernization_Act1.txt (S. 2902, 117th Congress, 1st Session)"
BILL-301(c)(3)(B),BILL-SEC-301,,(c)(3)(B),subparagraph,B,no,(B) to assess the impact and deployment of additional cybersecurity procedures.,"USA_FISMA_Federal_Information_Security_Modernization_Act1.txt (S. 2902, 117th Congress, 1st Session)"
BILL-301(d),BILL-SEC-301,,(d),subsection,d,no,"(d) DUTIES.—The Director, in coordination with the Council of the Inspectors General on Integrity and Efficiency, the Director of the Cybersecurity and Infrastructure Security Agency, and the head of each agency participating in the pilot program under subsection (c), shall develop processes and procedures to perform a continuous independent evaluation of—","USA_FISMA_Federal_Information_Security_Modernization_Act1.txt (S. 2902, 117th Congress, 1st Session)"
BILL-301(d)(1),BILL-SEC-301,,(d)(1),paragraph,1,no,(1) the compliance of the agency with—,"USA_FISMA_Federal_Information_Security_Modernization_Act1.txt (S. 2902, 117th Congress, 1st Session)"
BILL-301(d)(1)(A),BILL-SEC-301,,(d)(1)(A),subparagraph,A,no,"(A) the standards promulgated under section 11331 of title 40, United States Code, using verification specifications to the greatest extent practicable; and","USA_FISMA_Federal_Information_Security_Modernization_Act1.txt (S. 2902, 117th Congress, 1st Session)"
BILL-301(d)(1)(B),BILL-SEC-301,,(d)(1)(B),subparagraph,B,no,"(B) any additional cybersecurity procedures implemented by the agency as a result of the evaluation performed under section 3554(a)(1)(F) of title 44, United States Code; and","USA_FISMA_Federal_Information_Security_Modernization_Act1.txt (S. 2902, 117th Congress, 1st Session)"
BILL-301(d)(2),BILL-SEC-301,,(d)(2),paragraph,2,no,"(2) the overall cybersecurity posture of the agency, which may include an evaluation of—","USA_FISMA_Federal_Information_Security_Modernization_Act1.txt (S. 2902, 117th Congress, 1st Session)"
BILL-301(d)(2)(A),BILL-SEC-301,,(d)(2)(A),subparagraph,A,no,(A) the status of cybersecurity remedial actions of the agency;,"USA_FISMA_Federal_Information_Security_Modernization_Act1.txt (S. 2902, 117th Congress, 1st Session)"
BILL-301(d)(2)(B),BILL-SEC-301,,(d)(2)(B),subparagraph,B,no,(B) any vulnerability information relating to agency systems that is known to the agency;,"USA_FISMA_Federal_Information_Security_Modernization_Act1.txt (S. 2902, 117th Congress, 1st Session)"
BILL-301(d)(2)(C),BILL-SEC-301,,(d)(2)(C),subparagraph,C,no,(C) incident information of the agency;,"USA_FISMA_Federal_Information_Security_Modernization_Act1.txt (S. 2902, 117th Congress, 1st Session)"
BILL-301(d)(2)(D),BILL-SEC-301,,(d)(2)(D),subparagraph,D,no,"(D) penetration testing performed by an external entity under section 3559A of title 44, United States Code;","USA_FISMA_Federal_Information_Security_Modernization_Act1.txt (S. 2902, 117th Congress, 1st Session)"
BILL-301(d)(2)(E),BILL-SEC-301,,(d)(2)(E),subparagraph,E,no,"(E) information from the vulnerability disclosure program information established under section 3559B of title 44, United States Code;","USA_FISMA_Federal_Information_Security_Modernization_Act1.txt (S. 2902, 117th Congress, 1st Session)"
BILL-301(d)(2)(F),BILL-SEC-301,,(d)(2)(F),subparagraph,F,no,(F) agency threat hunting results; and,"USA_FISMA_Federal_Information_Security_Modernization_Act1.txt (S. 2902, 117th Congress, 1st Session)"
BILL-301(d)(2)(G),BILL-SEC-301,,(d)(2)(G),subparagraph,G,no,(G) any other information determined relevant by the Director.,"USA_FISMA_Federal_Information_Security_Modernization_Act1.txt (S. 2902, 117th Congress, 1st Session)"
BILL-301(e),BILL-SEC-301,,(e),subsection,e,no,"(e) INDEPENDENT EVALUATION WAIVER.—With respect to an agency that participates in the pilot program under subsection (a) during any year other than the first year during which the pilot program is conducted, the Director, with the concurrence of the Director of the Cybersecurity and Infrastructure Security Agency, may waive any requirement of the agency with respect to the annual independent evaluation under section 3555 of title 44, United States Code.","USA_FISMA_Federal_Information_Security_Modernization_Act1.txt (S. 2902, 117th Congress, 1st Session)"
BILL-301(f),BILL-SEC-301,,(f),subsection,f,no,(f) DURATION.—The pilot program established under this section—,"USA_FISMA_Federal_Information_Security_Modernization_Act1.txt (S. 2902, 117th Congress, 1st Session)"
BILL-301(f)(1),BILL-SEC-301,,(f)(1),paragraph,1,no,"(1) shall be performed over a period of not less than 2 years at each agency that participates in the pilot program under subsection (c), unless the Director, in consultation with the Director of the Cybersecurity and Infrastructure Security Agency and the Council of the Inspectors General on Integrity and Efficiency, determines that continuing the pilot program would reduce the cybersecurity of the agency; and","USA_FISMA_Federal_Information_Security_Modernization_Act1.txt (S. 2902, 117th Congress, 1st Session)"
BILL-301(f)(2),BILL-SEC-301,,(f)(2),paragraph,2,no,"(2) may be extended by the Director, in consultation with the Director of the Cybersecurity and Infrastructure Security Agency and the Council of the Inspectors General on Integrity and Efficiency, if the Director makes the determination described in paragraph (1).","USA_FISMA_Federal_Information_Security_Modernization_Act1.txt (S. 2902, 117th Congress, 1st Session)"
BILL-301(g),BILL-SEC-301,,(g),subsection,g,no,(g) REPORTS.—,"USA_FISMA_Federal_Information_Security_Modernization_Act1.txt (S. 2902, 117th Congress, 1st Session)"
BILL-301(g)(1),BILL-SEC-301,,(g)(1),paragraph,1,no,"(1) PILOT PROGRAM PLAN.—Before identifying any agencies to participate in the pilot program under subsection (c), the Director, in coordination with the Director of the Cybersecurity and Infrastructure Security Agency and the Council of the Inspectors General on Integrity and Efficiency, shall submit to the appropriate congressional committees a plan for the pilot program that outlines selection criteria and preliminary plans to implement the pilot program.","USA_FISMA_Federal_Information_Security_Modernization_Act1.txt (S. 2902, 117th Congress, 1st Session)"
BILL-301(g)(2),BILL-SEC-301,,(g)(2),paragraph,2,no,"(2) BRIEFING.—Before commencing a continuous independent evaluation of any agency under the pilot program established under subsection (a), the Director shall provide to the appropriate congressional committees a briefing on—","USA_FISMA_Federal_Information_Security_Modernization_Act1.txt (S. 2902, 117th Congress, 1st Session)"
BILL-301(g)(2)(A),BILL-SEC-301,,(g)(2)(A),subparagraph,A,no,(A) the selection of agencies to participate in the pilot program; and,"USA_FISMA_Federal_Information_Security_Modernization_Act1.txt (S. 2902, 117th Congress, 1st Session)"
BILL-301(g)(2)(B),BILL-SEC-301,,(g)(2)(B),subparagraph,B,no,(B) processes and procedures to perform a continuous independent evaluation of agencies.,"USA_FISMA_Federal_Information_Security_Modernization_Act1.txt (S. 2902, 117th Congress, 1st Session)"
BILL-301(g)(3),BILL-SEC-301,,(g)(3),paragraph,3,no,"(3) PILOT RESULTS.—Not later than 60 days after the final day of each year during which an agency participates in the pilot program established under subsection (a), the Director, in coordination with the Director of the Cybersecurity and Infrastructure Security Agency and the Council of the Inspectors General on Integrity and Efficiency, shall submit to the appropriate congressional committees a report on the results of the pilot program for each agency that participates in the pilot program during that year.","USA_FISMA_Federal_Information_Security_Modernization_Act1.txt (S. 2902, 117th Congress, 1st Session)"
BILL-302(a),BILL-SEC-302,,(a),subsection,a,no,"(a) DEFINITION.—In this section, the term ‘‘active defense technique’’—","USA_FISMA_Federal_Information_Security_Modernization_Act1.txt (S. 2902, 117th Congress, 1st Session)"
BILL-302(a)(1),BILL-SEC-302,,(a)(1),paragraph,1,no,(1) means an action taken on the systems of an entity to increase the security of information on the network of an agency by misleading an adversary; and,"USA_FISMA_Federal_Information_Security_Modernization_Act1.txt (S. 2902, 117th Congress, 1st Session)"
BILL-302(a)(2),BILL-SEC-302,,(a)(2),paragraph,2,no,"(2) includes a honeypot, deception, or purposefully feeding false or misleading data to an adversary when the adversary is on the systems of the entity.","USA_FISMA_Federal_Information_Security_Modernization_Act1.txt (S. 2902, 117th Congress, 1st Session)"
BILL-302(b),BILL-SEC-302,,(b),subsection,b,no,"(b) STUDY.—Not later than 180 days after the date of enactment of this Act, the Director of the Cybersecurity and Infrastructure Security Agency shall perform a study on the use of active defense techniques to enhance the security of agencies, which shall include—","USA_FISMA_Federal_Information_Security_Modernization_Act1.txt (S. 2902, 117th Congress, 1st Session)"
BILL-302(b)(1),BILL-SEC-302,,(b)(1),paragraph,1,no,(1) a review of legal restrictions on the use of different active cyber defense techniques on Federal networks;,"USA_FISMA_Federal_Information_Security_Modernization_Act1.txt (S. 2902, 117th Congress, 1st Session)"
BILL-302(b)(2),BILL-SEC-302,,(b)(2),paragraph,2,no,(2) an evaluation of—,"USA_FISMA_Federal_Information_Security_Modernization_Act1.txt (S. 2902, 117th Congress, 1st Session)"
BILL-302(b)(2)(A),BILL-SEC-302,,(b)(2)(A),subparagraph,A,no,(A) the efficacy of a selection of active defense techniques determined by the Director of the Cybersecurity and Infrastructure Security Agency; and,"USA_FISMA_Federal_Information_Security_Modernization_Act1.txt (S. 2902, 117th Congress, 1st Session)"
BILL-302(b)(2)(B),BILL-SEC-302,,(b)(2)(B),subparagraph,B,no,(B) factors that impact the efficacy of the active defense techniques evaluated under subparagraph (A); and,"USA_FISMA_Federal_Information_Security_Modernization_Act1.txt (S. 2902, 117th Congress, 1st Session)"
BILL-302(b)(3),BILL-SEC-302,,(b)(3),paragraph,3,no,(3) the development of a framework for the use of different active defense techniques by agencies.,"USA_FISMA_Federal_Information_Security_Modernization_Act1.txt (S. 2902, 117th Congress, 1st Session)"
BILL-302(c),BILL-SEC-302,,(c),subsection,c,no,"(c) PILOT PROGRAM.—Not later than 180 days after the date of enactment of this Act, the Director, in coordination with the Director of the Cybersecurity and Infrastructure Security Agency, shall establish a pilot program at not less than 2 agencies to implement, and assess the effectiveness of, not less than 1 active cyber defense technique.","USA_FISMA_Federal_Information_Security_Modernization_Act1.txt (S. 2902, 117th Congress, 1st Session)"
BILL-302(d),BILL-SEC-302,,(d),subsection,d,no,(d) PURPOSE.—The purpose of the pilot program established under subsection (c) shall be to—,"USA_FISMA_Federal_Information_Security_Modernization_Act1.txt (S. 2902, 117th Congress, 1st Session)"
BILL-302(d)(1),BILL-SEC-302,,(d)(1),paragraph,1,no,(1) identify any statutory or policy limitations on using active defense techniques;,"USA_FISMA_Federal_Information_Security_Modernization_Act1.txt (S. 2902, 117th Congress, 1st Session)"
BILL-302(d)(2),BILL-SEC-302,,(d)(2),paragraph,2,no,(2) understand the efficacy of using active defense techniques; and,"USA_FISMA_Federal_Information_Security_Modernization_Act1.txt (S. 2902, 117th Congress, 1st Session)"
BILL-302(d)(3),BILL-SEC-302,,(d)(3),paragraph,3,no,(3) implement the use of effective techniques to improve agency systems.,"USA_FISMA_Federal_Information_Security_Modernization_Act1.txt (S. 2902, 117th Congress, 1st Session)"
BILL-302(e),BILL-SEC-302,,(e),subsection,e,no,"(e) PLAN.—Not later than 360 days after the date of enactment of this Act, the Director of the Cybersecurity and Infrastructure Security Agency, in coordination with the Director, shall develop a plan to offer any active defense technique determined to be successful during the pilot program established under subsection (c) as a shared service to other agencies.","USA_FISMA_Federal_Information_Security_Modernization_Act1.txt (S. 2902, 117th Congress, 1st Session)"
BILL-302(f),BILL-SEC-302,,(f),subsection,f,no,"(f) REPORTS.—Not later than 1 year after the date of enactment of this Act, the Director of the Cybersecurity and Infrastructure Security Agency shall—","USA_FISMA_Federal_Information_Security_Modernization_Act1.txt (S. 2902, 117th Congress, 1st Session)"
BILL-302(f)(1),BILL-SEC-302,,(f)(1),paragraph,1,no,(1) provide to the appropriate congressional committees a briefing on—,"USA_FISMA_Federal_Information_Security_Modernization_Act1.txt (S. 2902, 117th Congress, 1st Session)"
BILL-302(f)(1)(A),BILL-SEC-302,,(f)(1)(A),subparagraph,A,no,(A) the results of the study performed under subsection (b); and,"USA_FISMA_Federal_Information_Security_Modernization_Act1.txt (S. 2902, 117th Congress, 1st Session)"
BILL-302(f)(1)(B),BILL-SEC-302,,(f)(1)(B),subparagraph,B,no,(B) the agencies selected to participate in the pilot program established under subsection (c);,"USA_FISMA_Federal_Information_Security_Modernization_Act1.txt (S. 2902, 117th Congress, 1st Session)"
BILL-302(f)(2),BILL-SEC-302,,(f)(2),paragraph,2,no,"(2) submit to the appropriate congressional committees a report on the results of the pilot program established under subsection (c), including any recommendations developed from the results of the pilot program; and","USA_FISMA_Federal_Information_Security_Modernization_Act1.txt (S. 2902, 117th Congress, 1st Session)"
BILL-302(f)(3),BILL-SEC-302,,(f)(3),paragraph,3,no,(3) submit to the appropriate congressional committees a copy of the plan developed under subsection (e).,"USA_FISMA_Federal_Information_Security_Modernization_Act1.txt (S. 2902, 117th Congress, 1st Session)"
BILL-302(g),BILL-SEC-302,,(g),subsection,g,no,(g) SUNSET.—,"USA_FISMA_Federal_Information_Security_Modernization_Act1.txt (S. 2902, 117th Congress, 1st Session)"
BILL-302(g)(1),BILL-SEC-302,,(g)(1),paragraph,1,no,(1) IN GENERAL.—The requirements of this section shall terminate on the date that is 3 years after the date of enactment of this Act.,"USA_FISMA_Federal_Information_Security_Modernization_Act1.txt (S. 2902, 117th Congress, 1st Session)"
BILL-302(g)(2),BILL-SEC-302,,(g)(2),paragraph,2,no,"(2) AUTHORITY TO CONTINUE USE OF TECHNIQUES.—Notwithstanding paragraph (1), after the date described in paragraph (1), the Director of the Cybersecurity and Infrastructure Security Agency may continue to offer any active defense technique determined to be successful during the pilot program established under subsection (c) as a shared service to agencies.","USA_FISMA_Federal_Information_Security_Modernization_Act1.txt (S. 2902, 117th Congress, 1st Session)"
BILL-303(a),BILL-SEC-303,,(a),subsection,a,no,"(a) PURPOSE.—The purpose of this section is for the Cybersecurity and Infrastructure Security Agency to run a security operation center on behalf of another agency, alleviating the need to duplicate this function at every agency, and empowering a greater centralized cybersecurity capability.","USA_FISMA_Federal_Information_Security_Modernization_Act1.txt (S. 2902, 117th Congress, 1st Session)"
BILL-303(b),BILL-SEC-303,,(b),subsection,b,no,"(b) PLAN.—Not later than 1 year after the date of enactment of this Act, the Director of the Cybersecurity and Infrastructure Security Agency shall develop a plan to establish a centralized Federal security operations center shared service offering within the Cybersecurity and Infrastructure Security Agency.","USA_FISMA_Federal_Information_Security_Modernization_Act1.txt (S. 2902, 117th Congress, 1st Session)"
BILL-303(c),BILL-SEC-303,,(c),subsection,c,no,(c) CONTENTS.—The plan required under subsection,"USA_FISMA_Federal_Information_Security_Modernization_Act1.txt (S. 2902, 117th Congress, 1st Session)"
BILL-303(b)#2,BILL-SEC-303,,(b),subsection,b,no,(b) shall include considerations for—,"USA_FISMA_Federal_Information_Security_Modernization_Act1.txt (S. 2902, 117th Congress, 1st Session)"
BILL-303(b)(1),BILL-SEC-303,,(b)(1),paragraph,1,no,"(1) collecting, organizing, and analyzing agency information system data in real time;","USA_FISMA_Federal_Information_Security_Modernization_Act1.txt (S. 2902, 117th Congress, 1st Session)"
BILL-303(b)(2),BILL-SEC-303,,(b)(2),paragraph,2,no,(2) staffing and resources; and,"USA_FISMA_Federal_Information_Security_Modernization_Act1.txt (S. 2902, 117th Congress, 1st Session)"
BILL-303(b)(3),BILL-SEC-303,,(b)(3),paragraph,3,no,"(3) appropriate interagency agreements, concepts of operations, and governance plans.","USA_FISMA_Federal_Information_Security_Modernization_Act1.txt (S. 2902, 117th Congress, 1st Session)"
BILL-303(d),BILL-SEC-303,,(d),subsection,d,no,(d) PILOT PROGRAM.—,"USA_FISMA_Federal_Information_Security_Modernization_Act1.txt (S. 2902, 117th Congress, 1st Session)"
BILL-303(d)(1),BILL-SEC-303,,(d)(1),paragraph,1,no,"(1) IN GENERAL.—Not later than 180 days after the date on which the plan required under subsection (b) is developed, the Director of the Cybersecurity and Infrastructure Security Agency, in consultation with the Director, shall enter into a 1-year agreement with not less than 2 agencies to offer a security operations center as a shared service.","USA_FISMA_Federal_Information_Security_Modernization_Act1.txt (S. 2902, 117th Congress, 1st Session)"
BILL-303(d)(2),BILL-SEC-303,,(d)(2),paragraph,2,no,(2) ADDITIONAL AGREEMENTS.—After the date on which the briefing required under subsection,"USA_FISMA_Federal_Information_Security_Modernization_Act1.txt (S. 2902, 117th Congress, 1st Session)"
BILL-303(e)(1),BILL-SEC-303,,(e)(1),paragraph,1,no,"(e)(1) is provided, the Director of the Cybersecurity and Infrastructure Security Agency, in consultation with the Director, may enter into additional 1-year agreements described in paragraph (1) with agencies. (e) BRIEFING AND REPORT.—","USA_FISMA_Federal_Information_Security_Modernization_Act1.txt (S. 2902, 117th Congress, 1st Session)"
BILL-303(e)(1)#2,BILL-SEC-303,,(e)(1),paragraph,1,no,"(1) BRIEFING.—Not later than 260 days after the date of enactment of this Act, the Director of the Cybersecurity and Infrastructure Security Agency shall provide to the Committee on Homeland Security and Governmental Affairs of the Senate and the Committee on Homeland Security and the Committee on Oversight and Reform of the House of Representatives a briefing on the parameters of any 1-year agreements entered into under subsection (d)(1).","USA_FISMA_Federal_Information_Security_Modernization_Act1.txt (S. 2902, 117th Congress, 1st Session)"
BILL-303(e)(2),BILL-SEC-303,,(e)(2),paragraph,2,no,"(2) REPORT.—Not later than 90 days after the date on which the first 1-year agreement entered into under subsection (d) expires, the Director of the Cybersecurity and Infrastructure Security Agency shall submit to the Committee on Homeland Security and Governmental Affairs of the Senate and the Committee on Homeland Security and the Committee on Oversight and Reform of the House of Representatives a report on—","USA_FISMA_Federal_Information_Security_Modernization_Act1.txt (S. 2902, 117th Congress, 1st Session)"
BILL-303(e)(2)(A),BILL-SEC-303,,(e)(2)(A),subparagraph,A,no,(A) the agreement; and,"USA_FISMA_Federal_Information_Security_Modernization_Act1.txt (S. 2902, 117th Congress, 1st Session)"
BILL-303(e)(2)(B),BILL-SEC-303,,(e)(2)(B),subparagraph,B,no,(B) any additional agreements entered into with agencies under subsection (d). Æ,"USA_FISMA_Federal_Information_Security_Modernization_Act1.txt (S. 2902, 117th Congress, 1st Session)"
