source_id,target_id,rel_type
SEC-201.101,PROV-201.101-1,HAS_PROVISION
SEC-201.101,PROV-201.101-2,HAS_PROVISION
SEC-201.101,PROV-201.101-3,HAS_PROVISION
SEC-201.107,PROV-201.107-1,HAS_PROVISION
SEC-201.107,PROV-201.107-2,HAS_PROVISION
SEC-201.109,PROV-201.109-a,HAS_PROVISION
PROV-201.109-a,PROV-201.109-a-i,HAS_PROVISION
PROV-201.109-a,PROV-201.109-a-ii,HAS_PROVISION
SEC-201.109,PROV-201.109-d,HAS_PROVISION
SEC-201.170,PROV-201.170-a,HAS_PROVISION
PROV-201.170-a,PROV-201.170-a-1,HAS_PROVISION
PROV-201.170-a-1,PROV-201.170-a-1-i,HAS_PROVISION
PROV-201.170-a-1,PROV-201.170-a-1-ii,HAS_PROVISION
PROV-201.170-a-1,PROV-201.170-a-1-iii,HAS_PROVISION
PROV-201.170-a-1-iii,PROV-201.170-a-1-iii-A,HAS_PROVISION
PROV-201.170-a-1-iii,PROV-201.170-a-1-iii-B,HAS_PROVISION
PROV-201.170-a-1-iii,PROV-201.170-a-1-iii-C,HAS_PROVISION
PROV-201.170-a-1-iii-C,PROV-201.170-a-1-iii-C-1,HAS_PROVISION
PROV-201.170-a-1-iii-C,PROV-201.170-a-1-iii-C-2,HAS_PROVISION
PROV-201.170-a,PROV-201.170-a-2,HAS_PROVISION
PROV-201.170-a-2,PROV-201.170-a-2-i,HAS_PROVISION
PROV-201.170-a-2,PROV-201.170-a-2-ii,HAS_PROVISION
SEC-201.170,PROV-201.170-b,HAS_PROVISION
PROV-201.170-b,PROV-201.170-b-1,HAS_PROVISION
PROV-201.170-b,PROV-201.170-b-2,HAS_PROVISION
SEC-201.201-1,PROV-201.201-1-c,HAS_PROVISION
SEC-201.201-1,PROV-201.201-1-d,HAS_PROVISION
PROV-201.201-1-d,PROV-201.201-1-d-i,HAS_PROVISION
PROV-201.201-1-d,PROV-201.201-1-d-ii,HAS_PROVISION
SEC-201.301,PROV-201.301-a,HAS_PROVISION
PROV-201.301-a,PROV-201.301-a-1,HAS_PROVISION
PROV-201.301-a-1,PROV-201.301-a-1-i,HAS_PROVISION
PROV-201.301-a-1,PROV-201.301-a-1-ii,HAS_PROVISION
PROV-201.301-a-1,PROV-201.301-a-1-iii,HAS_PROVISION
PROV-201.301-a-1,PROV-201.301-a-1-iv,HAS_PROVISION
PROV-201.301-a-1,PROV-201.301-a-1-v,HAS_PROVISION
PROV-201.301-a,PROV-201.301-a-2,HAS_PROVISION
SEC-201.301,PROV-201.301-b,HAS_PROVISION
SEC-201.303,PROV-201.303-a,HAS_PROVISION
PROV-201.303-a,PROV-201.303-a-i,HAS_PROVISION
PROV-201.303-a,PROV-201.303-a-ii,HAS_PROVISION
PROV-201.303-a-ii,PROV-201.303-a-ii-A,HAS_PROVISION
PROV-201.303-a-ii,PROV-201.303-a-ii-B,HAS_PROVISION
PROV-201.303-a-ii,PROV-201.303-a-ii-C,HAS_PROVISION
PROV-201.303-a-ii,PROV-201.303-a-ii-D,HAS_PROVISION
PROV-201.303-a,PROV-201.303-a-iii,HAS_PROVISION
SEC-201.304,PROV-201.304-1,HAS_PROVISION
PROV-201.304-1,PROV-201.304-1-i,HAS_PROVISION
PROV-201.304-1-i,PROV-201.304-1-i-A,HAS_PROVISION
PROV-201.304-1-i,PROV-201.304-1-i-B,HAS_PROVISION
PROV-201.304-1,PROV-201.304-1-ii,HAS_PROVISION
SEC-201.304,PROV-201.304-2,HAS_PROVISION
PROV-201.304-2,PROV-201.304-2-i,HAS_PROVISION
PROV-201.304-2,PROV-201.304-2-ii,HAS_PROVISION
SEC-201.304,PROV-201.304-3,HAS_PROVISION
SEC-201.304,PROV-201.304-4,HAS_PROVISION
SEC-201.304,PROV-201.304-5,HAS_PROVISION
SEC-201.304,PROV-201.304-6,HAS_PROVISION
SEC-201.402,PROV-201.402-1,HAS_PROVISION
PROV-201.402-1,PROV-201.402-1-i,HAS_PROVISION
PROV-201.402-1,PROV-201.402-1-ii,HAS_PROVISION
PROV-201.402-1,PROV-201.402-1-iii,HAS_PROVISION
PROV-201.402-1,PROV-201.402-1-iv,HAS_PROVISION
PROV-201.402-1,PROV-201.402-1-v,HAS_PROVISION
PROV-201.402-1,PROV-201.402-1-vi,HAS_PROVISION
SEC-201.402,PROV-201.402-2,HAS_PROVISION
PROV-201.402-2,PROV-201.402-2-i,HAS_PROVISION
PROV-201.402-2,PROV-201.402-2-ii,HAS_PROVISION
PROV-201.402-2,PROV-201.402-2-iii,HAS_PROVISION
PROV-201.402-2,PROV-201.402-2-iv,HAS_PROVISION
PROV-201.402-2,PROV-201.402-2-v,HAS_PROVISION
PROV-201.402-2,PROV-201.402-2-vi,HAS_PROVISION
PROV-201.402-2,PROV-201.402-2-vii,HAS_PROVISION
PROV-201.402-2,PROV-201.402-2-viii,HAS_PROVISION
PROV-201.402-2,PROV-201.402-2-ix,HAS_PROVISION
SEC-201.403,PROV-201.403-1,HAS_PROVISION
SEC-201.403,PROV-201.403-2,HAS_PROVISION
PROV-201.403-2,PROV-201.403-2-i,HAS_PROVISION
PROV-201.403-2,PROV-201.403-2-ii,HAS_PROVISION
SEC-201.404,PROV-201.404-b,HAS_PROVISION
PROV-201.404-b,PROV-201.404-b-i,HAS_PROVISION
PROV-201.404-b,PROV-201.404-b-ii,HAS_PROVISION
PROV-201.404-b-ii,PROV-201.404-b-ii-A,HAS_PROVISION
PROV-201.404-b-ii,PROV-201.404-b-ii-B,HAS_PROVISION
PROV-201.404-b-ii,PROV-201.404-b-ii-C,HAS_PROVISION
PROV-201.404-b-ii,PROV-201.404-b-ii-D,HAS_PROVISION
SEC-201.602-2,PROV-201.602-2-d,HAS_PROVISION
PROV-201.602-2-d,PROV-201.602-2-d-1,HAS_PROVISION
SEC-201.603-2,PROV-201.603-2-1,HAS_PROVISION
PROV-201.603-2-1,PROV-201.603-2-1-i,HAS_PROVISION
PROV-201.603-2-1,PROV-201.603-2-1-ii,HAS_PROVISION
PROV-201.603-2-1,PROV-201.603-2-1-iii,HAS_PROVISION
PROV-201.603-2-1,PROV-201.603-2-1-iv,HAS_PROVISION
SEC-201.603-2,PROV-201.603-2-2,HAS_PROVISION
PROV-201.603-2-2,PROV-201.603-2-2-i,HAS_PROVISION
PROV-201.603-2-2-i,PROV-201.603-2-2-i-A,HAS_PROVISION
PROV-201.603-2-2-i,PROV-201.603-2-2-i-B,HAS_PROVISION
PROV-201.603-2-2,PROV-201.603-2-2-ii,HAS_PROVISION
PROV-201.603-2-2,PROV-201.603-2-2-iii,HAS_PROVISION
SEC-201.603-2,PROV-201.603-2-3,HAS_PROVISION
SEC-201.603-3,PROV-201.603-3-a,HAS_PROVISION
SEC-201.603-3,PROV-201.603-3-b,HAS_PROVISION
SEC-201.670,PROV-201.670-a,HAS_PROVISION
SEC-201.670,PROV-201.670-b,HAS_PROVISION
SEC-202.101,PROV-202.101-D1,HAS_PROVISION
SEC-202.101,PROV-202.101-D2,HAS_PROVISION
SEC-202.101,PROV-202.101-D3,HAS_PROVISION
PROV-202.101-D3,PROV-202.101-D3-1,HAS_PROVISION
PROV-202.101-D3-1,PROV-202.101-D3-1-i,HAS_PROVISION
PROV-202.101-D3-1,PROV-202.101-D3-1-ii,HAS_PROVISION
PROV-202.101-D3-1,PROV-202.101-D3-1-iii,HAS_PROVISION
PROV-202.101-D3-1,PROV-202.101-D3-1-iv,HAS_PROVISION
PROV-202.101-D3,PROV-202.101-D3-2,HAS_PROVISION
SEC-202.101,PROV-202.101-D4,HAS_PROVISION
SEC-202.101,PROV-202.101-D5,HAS_PROVISION
SEC-202.101,PROV-202.101-D6,HAS_PROVISION
SEC-202.101,PROV-202.101-D7,HAS_PROVISION
SEC-202.101,PROV-202.101-D8,HAS_PROVISION
SEC-202.101,PROV-202.101-D9,HAS_PROVISION
SEC-202.101,PROV-202.101-D10,HAS_PROVISION
SEC-202.101,PROV-202.101-D11,HAS_PROVISION
SEC-202.101,PROV-202.101-D12,HAS_PROVISION
SEC-202.101,PROV-202.101-D13,HAS_PROVISION
SEC-202.101,PROV-202.101-D14,HAS_PROVISION
SEC-202.101,PROV-202.101-D15,HAS_PROVISION
SEC-202.101,PROV-202.101-D16,HAS_PROVISION
SEC-202.101,PROV-202.101-D17,HAS_PROVISION
PROV-202.101-D17,PROV-202.101-D17-1,HAS_PROVISION
PROV-202.101-D17,PROV-202.101-D17-2,HAS_PROVISION
SEC-202.101,PROV-202.101-D18,HAS_PROVISION
SEC-202.101,PROV-202.101-D19,HAS_PROVISION
SEC-202.101,PROV-202.101-D20,HAS_PROVISION
SEC-202.101,PROV-202.101-D21,HAS_PROVISION
SEC-202.101,PROV-202.101-D22,HAS_PROVISION
PROV-202.101-D22,PROV-202.101-D22-1,HAS_PROVISION
PROV-202.101-D22,PROV-202.101-D22-2,HAS_PROVISION
SEC-202.101,PROV-202.101-D23,HAS_PROVISION
SEC-202.101,PROV-202.101-D24,HAS_PROVISION
SEC-202.101,PROV-202.101-D25,HAS_PROVISION
SEC-202.101,PROV-202.101-D26,HAS_PROVISION
SEC-202.101,PROV-202.101-D27,HAS_PROVISION
PROV-202.101-D27,PROV-202.101-D27-1,HAS_PROVISION
PROV-202.101-D27,PROV-202.101-D27-2,HAS_PROVISION
PROV-202.101-D27,PROV-202.101-D27-3,HAS_PROVISION
PROV-202.101-D27,PROV-202.101-D27-4,HAS_PROVISION
SEC-202.101,PROV-202.101-D28,HAS_PROVISION
PROV-202.101-D28,PROV-202.101-D28-1,HAS_PROVISION
PROV-202.101-D28,PROV-202.101-D28-2,HAS_PROVISION
PROV-202.101-D28,PROV-202.101-D28-3,HAS_PROVISION
PROV-202.101-D28,PROV-202.101-D28-4,HAS_PROVISION
PROV-202.101-D28,PROV-202.101-D28-5,HAS_PROVISION
SEC-202.101,PROV-202.101-D29,HAS_PROVISION
SEC-202.101,PROV-202.101-D30,HAS_PROVISION
SEC-202.101,PROV-202.101-D31,HAS_PROVISION
PROV-202.101-D31,PROV-202.101-D31-1,HAS_PROVISION
PROV-202.101-D31,PROV-202.101-D31-2,HAS_PROVISION
PROV-202.101-D31,PROV-202.101-D31-3,HAS_PROVISION
SEC-202.101,PROV-202.101-D32,HAS_PROVISION
SEC-203.070,PROV-203.070-a,HAS_PROVISION
SEC-203.070,PROV-203.070-b,HAS_PROVISION
SEC-203.070,PROV-203.070-c,HAS_PROVISION
SEC-203.070,PROV-203.070-d,HAS_PROVISION
SEC-203.070,PROV-203.070-e,HAS_PROVISION
SEC-203.070,PROV-203.070-f,HAS_PROVISION
SEC-203.070,PROV-203.070-g,HAS_PROVISION
SEC-203.104-4,PROV-203.104-4-d,HAS_PROVISION
PROV-203.104-4-d,PROV-203.104-4-d-3,HAS_PROVISION
SEC-203.170,PROV-203.170-a,HAS_PROVISION
SEC-203.170,PROV-203.170-b,HAS_PROVISION
SEC-203.170,PROV-203.170-c,HAS_PROVISION
PROV-203.170-c,PROV-203.170-c-1,HAS_PROVISION
PROV-203.170-c,PROV-203.170-c-2,HAS_PROVISION
PROV-203.170-c,PROV-203.170-c-3,HAS_PROVISION
SEC-203.170,PROV-203.170-d,HAS_PROVISION
PROV-203.170-d,PROV-203.170-d-1,HAS_PROVISION
PROV-203.170-d,PROV-203.170-d-2,HAS_PROVISION
PROV-203.170-d,PROV-203.170-d-3,HAS_PROVISION
SEC-203.170,PROV-203.170-e,HAS_PROVISION
SEC-203.170,PROV-203.170-f,HAS_PROVISION
SEC-203.171-2,PROV-203.171-2-D1,HAS_PROVISION
SEC-203.171-3,PROV-203.171-3-a,HAS_PROVISION
SEC-203.171-3,PROV-203.171-3-b,HAS_PROVISION
SEC-203.171-3,PROV-203.171-3-c,HAS_PROVISION
SEC-203.171-4,PROV-203.171-4-a,HAS_PROVISION
SEC-203.171-4,PROV-203.171-4-b,HAS_PROVISION
SEC-203.502-2,PROV-203.502-2-h,HAS_PROVISION
SEC-203.502-2,PROV-203.502-2-i,HAS_PROVISION
SEC-203.502-2,PROV-203.502-2-ii,HAS_PROVISION
SEC-203.502-2,PROV-203.502-2-iii,HAS_PROVISION
SEC-203.502-2,PROV-203.502-2-iv,HAS_PROVISION
SEC-203.570-2,PROV-203.570-2-a,HAS_PROVISION
SEC-203.570-2,PROV-203.570-2-b,HAS_PROVISION
SEC-203.900,PROV-203.900-a,HAS_PROVISION
PROV-203.900-a,PROV-203.900-a-i,HAS_PROVISION
PROV-203.900-a,PROV-203.900-a-ii,HAS_PROVISION
PROV-203.900-a-ii,PROV-203.900-a-ii-A,HAS_PROVISION
PROV-203.900-a-ii,PROV-203.900-a-ii-B,HAS_PROVISION
SEC-203.900,PROV-203.900-c,HAS_PROVISION
SEC-203.901,PROV-203.901-D1,HAS_PROVISION
SEC-203.903,PROV-203.903-1,HAS_PROVISION
SEC-203.903,PROV-203.903-2,HAS_PROVISION
SEC-203.903,PROV-203.903-3,HAS_PROVISION
PROV-203.903-3,PROV-203.903-3-i,HAS_PROVISION
PROV-203.903-3,PROV-203.903-3-ii,HAS_PROVISION
PROV-203.903-3,PROV-203.903-3-iii,HAS_PROVISION
PROV-203.903-3,PROV-203.903-3-iv,HAS_PROVISION
PROV-203.903-3,PROV-203.903-3-v,HAS_PROVISION
PROV-203.903-3,PROV-203.903-3-vi,HAS_PROVISION
PROV-203.903-3,PROV-203.903-3-vii,HAS_PROVISION
SEC-203.903,PROV-203.903-4,HAS_PROVISION
SEC-203.903,PROV-203.903-5,HAS_PROVISION
SEC-203.904,PROV-203.904-1,HAS_PROVISION
SEC-203.904,PROV-203.904-2,HAS_PROVISION
SEC-203.904,PROV-203.904-3,HAS_PROVISION
PROV-203.904-3,PROV-203.904-3-i,HAS_PROVISION
PROV-203.904-3,PROV-203.904-3-ii,HAS_PROVISION
PROV-203.904-3,PROV-203.904-3-iii,HAS_PROVISION
PROV-203.904-3,PROV-203.904-3-iv,HAS_PROVISION
PROV-203.904-3,PROV-203.904-3-v,HAS_PROVISION
SEC-203.905,PROV-203.905-1,HAS_PROVISION
SEC-203.905,PROV-203.905-2,HAS_PROVISION
PROV-203.905-2,PROV-203.905-2-i,HAS_PROVISION
PROV-203.905-2,PROV-203.905-2-ii,HAS_PROVISION
SEC-203.905,PROV-203.905-3,HAS_PROVISION
PROV-203.905-3,PROV-203.905-3-i,HAS_PROVISION
PROV-203.905-3,PROV-203.905-3-ii,HAS_PROVISION
SEC-203.905,PROV-203.905-4,HAS_PROVISION
PROV-203.905-4,PROV-203.905-4-i,HAS_PROVISION
PROV-203.905-4,PROV-203.905-4-ii,HAS_PROVISION
PROV-203.905-4,PROV-203.905-4-iii,HAS_PROVISION
SEC-203.905,PROV-203.905-5,HAS_PROVISION
SEC-203.906,PROV-203.906-1,HAS_PROVISION
PROV-203.906-1,PROV-203.906-1-i,HAS_PROVISION
PROV-203.906-1,PROV-203.906-1-ii,HAS_PROVISION
PROV-203.906-1,PROV-203.906-1-iii,HAS_PROVISION
SEC-203.906,PROV-203.906-2,HAS_PROVISION
PROV-203.906-2,PROV-203.906-2-i,HAS_PROVISION
PROV-203.906-2,PROV-203.906-2-ii,HAS_PROVISION
SEC-203.906,PROV-203.906-3,HAS_PROVISION
SEC-203.906,PROV-203.906-4,HAS_PROVISION
SEC-203.906,PROV-203.906-5,HAS_PROVISION
SEC-203.906,PROV-203.906-6,HAS_PROVISION
SEC-203.1003,PROV-203.1003-b,HAS_PROVISION
SEC-203.1003,PROV-203.1003-c,HAS_PROVISION
SEC-203.1004,PROV-203.1004-a,HAS_PROVISION
SEC-203.1004,PROV-203.1004-b,HAS_PROVISION
PROV-203.1004-b,PROV-203.1004-b-2,HAS_PROVISION
PROV-203.1004-b-2,PROV-203.1004-b-2-ii,HAS_PROVISION
SEC-204.201,PROV-204.201-a,HAS_PROVISION
SEC-204.203,PROV-204.203-b,HAS_PROVISION
SEC-204.270-1,PROV-204.270-1-a,HAS_PROVISION
SEC-204.270-1,PROV-204.270-1-b,HAS_PROVISION
PROV-204.270-1-b,PROV-204.270-1-b-1,HAS_PROVISION
PROV-204.270-1-b,PROV-204.270-1-b-2,HAS_PROVISION
PROV-204.270-1-b-2,PROV-204.270-1-b-2-i,HAS_PROVISION
PROV-204.270-1-b-2,PROV-204.270-1-b-2-ii,HAS_PROVISION
SEC-204.270-2,PROV-204.270-2-b,HAS_PROVISION
SEC-204.270-2,PROV-204.270-2-c,HAS_PROVISION
SEC-204.403,PROV-204.403-1,HAS_PROVISION
SEC-204.403,PROV-204.403-2,HAS_PROVISION
SEC-204.404-70,PROV-204.404-70-a,HAS_PROVISION
SEC-204.404-70,PROV-204.404-70-b,HAS_PROVISION
SEC-204.470-2,PROV-204.470-2-a,HAS_PROVISION
SEC-204.470-2,PROV-204.470-2-b,HAS_PROVISION
SEC-204.470-2,PROV-204.470-2-c,HAS_PROVISION
PROV-204.470-2-c,PROV-204.470-2-c-1,HAS_PROVISION
PROV-204.470-2-c,PROV-204.470-2-c-2,HAS_PROVISION
SEC-204.470-3,PROV-204.470-3-a,HAS_PROVISION
SEC-204.470-3,PROV-204.470-3-b,HAS_PROVISION
SEC-204.470-3,PROV-204.470-3-c,HAS_PROVISION
SEC-204.604,PROV-204.604-1,HAS_PROVISION
SEC-204.604,PROV-204.604-2,HAS_PROVISION
SEC-204.604,PROV-204.604-3,HAS_PROVISION
SEC-204.802,PROV-204.802-a,HAS_PROVISION
SEC-204.802,PROV-204.802-f,HAS_PROVISION
SEC-204.804,PROV-204.804-1,HAS_PROVISION
SEC-204.804,PROV-204.804-2,HAS_PROVISION
SEC-204.804,PROV-204.804-3,HAS_PROVISION
PROV-204.804-3,PROV-204.804-3-i,HAS_PROVISION
PROV-204.804-3-i,PROV-204.804-3-i-A,HAS_PROVISION
PROV-204.804-3-i,PROV-204.804-3-i-B,HAS_PROVISION
PROV-204.804-3-i,PROV-204.804-3-i-C,HAS_PROVISION
PROV-204.804-3-i-C,PROV-204.804-3-i-C-1,HAS_PROVISION
PROV-204.804-3-i-C,PROV-204.804-3-i-C-2,HAS_PROVISION
PROV-204.804-3,PROV-204.804-3-ii,HAS_PROVISION
PROV-204.804-3-ii,PROV-204.804-3-ii-A,HAS_PROVISION
PROV-204.804-3-ii,PROV-204.804-3-ii-B,HAS_PROVISION
PROV-204.804-3,PROV-204.804-3-iii,HAS_PROVISION
PROV-204.804-3-iii,PROV-204.804-3-iii-A,HAS_PROVISION
PROV-204.804-3-iii,PROV-204.804-3-iii-B,HAS_PROVISION
PROV-204.804-3,PROV-204.804-3-iv,HAS_PROVISION
SEC-204.804,PROV-204.804-4,HAS_PROVISION
SEC-204.805,PROV-204.805-1,HAS_PROVISION
SEC-204.805,PROV-204.805-2,HAS_PROVISION
SEC-204.805,PROV-204.805-3,HAS_PROVISION
SEC-204.805,PROV-204.805-4,HAS_PROVISION
SEC-204.805,PROV-204.805-5,HAS_PROVISION
SEC-204.902,PROV-204.902-b,HAS_PROVISION
SEC-204.1103,PROV-204.1103-1,HAS_PROVISION
SEC-204.1103,PROV-204.1103-2,HAS_PROVISION
PROV-204.1103-2,PROV-204.1103-2-i,HAS_PROVISION
PROV-204.1103-2,PROV-204.1103-2-ii,HAS_PROVISION
SEC-204.1103,PROV-204.1103-3,HAS_PROVISION
SEC-204.1103,PROV-204.1103-4,HAS_PROVISION
SEC-204.1103,PROV-204.1103-5,HAS_PROVISION
SEC-204.1202,PROV-204.1202-1,HAS_PROVISION
SEC-204.1202,PROV-204.1202-2,HAS_PROVISION
PROV-204.1202-2,PROV-204.1202-2-i,HAS_PROVISION
PROV-204.1202-2,PROV-204.1202-2-ii,HAS_PROVISION
PROV-204.1202-2,PROV-204.1202-2-iii,HAS_PROVISION
PROV-204.1202-2,PROV-204.1202-2-iv,HAS_PROVISION
PROV-204.1202-2,PROV-204.1202-2-v,HAS_PROVISION
PROV-204.1202-2,PROV-204.1202-2-vi,HAS_PROVISION
PROV-204.1202-2,PROV-204.1202-2-vii,HAS_PROVISION
PROV-204.1202-2,PROV-204.1202-2-viii,HAS_PROVISION
PROV-204.1202-2,PROV-204.1202-2-ix,HAS_PROVISION
PROV-204.1202-2,PROV-204.1202-2-x,HAS_PROVISION
PROV-204.1202-2,PROV-204.1202-2-xi,HAS_PROVISION
PROV-204.1202-2,PROV-204.1202-2-xii,HAS_PROVISION
PROV-204.1202-2,PROV-204.1202-2-xiii,HAS_PROVISION
PROV-204.1202-2,PROV-204.1202-2-xiv,HAS_PROVISION
SEC-204.1601,PROV-204.1601-a,HAS_PROVISION
SEC-204.1601,PROV-204.1601-b,HAS_PROVISION
SEC-204.1601,PROV-204.1601-c,HAS_PROVISION
PROV-204.1601-c,PROV-204.1601-c-i,HAS_PROVISION
PROV-204.1601-c-i,PROV-204.1601-c-i-A,HAS_PROVISION
PROV-204.1601-c-i,PROV-204.1601-c-i-B,HAS_PROVISION
PROV-204.1601-c-i,PROV-204.1601-c-i-C,HAS_PROVISION
PROV-204.1601-c-i,PROV-204.1601-c-i-D,HAS_PROVISION
PROV-204.1601-c,PROV-204.1601-c-ii,HAS_PROVISION
PROV-204.1601-c-ii,PROV-204.1601-c-ii-A,HAS_PROVISION
PROV-204.1601-c-ii-A,PROV-204.1601-c-ii-A-1,HAS_PROVISION
PROV-204.1601-c-ii-A,PROV-204.1601-c-ii-A-2,HAS_PROVISION
PROV-204.1601-c-ii,PROV-204.1601-c-ii-B,HAS_PROVISION
SEC-204.1603,PROV-204.1603-a,HAS_PROVISION
PROV-204.1603-a,PROV-204.1603-a-3,HAS_PROVISION
PROV-204.1603-a-3,PROV-204.1603-a-3-A,HAS_PROVISION
PROV-204.1603-a-3-A,PROV-204.1603-a-3-A-1,HAS_PROVISION
PROV-204.1603-a-3-A,PROV-204.1603-a-3-A-2,HAS_PROVISION
PROV-204.1603-a-3-A,PROV-204.1603-a-3-A-3,HAS_PROVISION
PROV-204.1603-a-3,PROV-204.1603-a-3-B,HAS_PROVISION
PROV-204.1603-a-3,PROV-204.1603-a-3-C,HAS_PROVISION
PROV-204.1603-a,PROV-204.1603-a-4,HAS_PROVISION
SEC-204.1603,PROV-204.1603-b,HAS_PROVISION
PROV-204.1603-b,PROV-204.1603-b-2,HAS_PROVISION
PROV-204.1603-b-2,PROV-204.1603-b-2-ii,HAS_PROVISION
PROV-204.1603-b-2-ii,PROV-204.1603-b-2-ii-1,HAS_PROVISION
PROV-204.1603-b-2-ii-1,PROV-204.1603-b-2-ii-1-i,HAS_PROVISION
PROV-204.1603-b-2-ii-1,PROV-204.1603-b-2-ii-1-ii,HAS_PROVISION
PROV-204.1603-b-2-ii-1-ii,PROV-204.1603-b-2-ii-1-ii-a,HAS_PROVISION
PROV-204.1603-b-2-ii-1-ii,PROV-204.1603-b-2-ii-1-ii-b,HAS_PROVISION
PROV-204.1603-b-2-ii-1,PROV-204.1603-b-2-ii-1-iii,HAS_PROVISION
PROV-204.1603-b-2-ii-1-iii,PROV-204.1603-b-2-ii-1-iii-a,HAS_PROVISION
PROV-204.1603-b-2-ii-1-iii,PROV-204.1603-b-2-ii-1-iii-b,HAS_PROVISION
PROV-204.1603-b-2-ii-1,PROV-204.1603-b-2-ii-1-iv,HAS_PROVISION
PROV-204.1603-b-2-ii,PROV-204.1603-b-2-ii-2,HAS_PROVISION
SEC-204.1671,PROV-204.1671-a,HAS_PROVISION
SEC-204.1671,PROV-204.1671-b,HAS_PROVISION
PROV-204.1671-b,PROV-204.1671-b-1,HAS_PROVISION
PROV-204.1671-b,PROV-204.1671-b-2,HAS_PROVISION
PROV-204.1671-b,PROV-204.1671-b-3,HAS_PROVISION
SEC-204.1701,PROV-204.1701-D1,HAS_PROVISION
SEC-204.1703,PROV-204.1703-a,HAS_PROVISION
PROV-204.1703-a,PROV-204.1703-a-i,HAS_PROVISION
PROV-204.1703-a,PROV-204.1703-a-ii,HAS_PROVISION
PROV-204.1703-a-ii,PROV-204.1703-a-ii-A,HAS_PROVISION
PROV-204.1703-a-ii,PROV-204.1703-a-ii-B,HAS_PROVISION
PROV-204.1703-a-ii,PROV-204.1703-a-ii-C,HAS_PROVISION
PROV-204.1703-a-ii,PROV-204.1703-a-ii-D,HAS_PROVISION
SEC-204.1703,PROV-204.1703-b,HAS_PROVISION
SEC-204.1703,PROV-204.1703-S-70,HAS_PROVISION
PROV-204.1703-S-70,PROV-204.1703-S-70-1,HAS_PROVISION
PROV-204.1703-S-70,PROV-204.1703-S-70-2,HAS_PROVISION
PROV-204.1703-S-70-2,PROV-204.1703-S-70-2-i,HAS_PROVISION
PROV-204.1703-S-70-2,PROV-204.1703-S-70-2-ii,HAS_PROVISION
SEC-204.1705,PROV-204.1705-a,HAS_PROVISION
PROV-204.1705-a,PROV-204.1705-a-i,HAS_PROVISION
PROV-204.1705-a-i,PROV-204.1705-a-i-A,HAS_PROVISION
PROV-204.1705-a-i,PROV-204.1705-a-i-B,HAS_PROVISION
PROV-204.1705-a-i-B,PROV-204.1705-a-i-B-1,HAS_PROVISION
PROV-204.1705-a-i-B,PROV-204.1705-a-i-B-2,HAS_PROVISION
PROV-204.1705-a-i-B,PROV-204.1705-a-i-B-3,HAS_PROVISION
PROV-204.1705-a-i-B,PROV-204.1705-a-i-B-4,HAS_PROVISION
PROV-204.1705-a,PROV-204.1705-a-ii,HAS_PROVISION
PROV-204.1705-a,PROV-204.1705-a-iii,HAS_PROVISION
SEC-204.2101,PROV-204.2101-D1,HAS_PROVISION
PROV-204.2101-D1,PROV-204.2101-D1-1,HAS_PROVISION
PROV-204.2101-D1,PROV-204.2101-D1-2,HAS_PROVISION
PROV-204.2101-D1,PROV-204.2101-D1-3,HAS_PROVISION
SEC-204.2101,PROV-204.2101-D2,HAS_PROVISION
PROV-204.2101-D2,PROV-204.2101-D2-1,HAS_PROVISION
PROV-204.2101-D2,PROV-204.2101-D2-2,HAS_PROVISION
SEC-204.2101,PROV-204.2101-D3,HAS_PROVISION
PROV-204.2101-D3,PROV-204.2101-D3-1,HAS_PROVISION
PROV-204.2101-D3,PROV-204.2101-D3-2,HAS_PROVISION
SEC-204.2102,PROV-204.2102-a,HAS_PROVISION
SEC-204.2103,PROV-204.2103-a,HAS_PROVISION
PROV-204.2103-a,PROV-204.2103-a-1,HAS_PROVISION
PROV-204.2103-a-1,PROV-204.2103-a-1-i,HAS_PROVISION
PROV-204.2103-a-1,PROV-204.2103-a-1-ii,HAS_PROVISION
PROV-204.2103-a,PROV-204.2103-a-2,HAS_PROVISION
PROV-204.2103-a-2,PROV-204.2103-a-2-i,HAS_PROVISION
PROV-204.2103-a-2,PROV-204.2103-a-2-ii,HAS_PROVISION
PROV-204.2103-a-2-ii,PROV-204.2103-a-2-ii-A,HAS_PROVISION
PROV-204.2103-a-2-ii,PROV-204.2103-a-2-ii-B,HAS_PROVISION
PROV-204.2103-a-2-ii-B,PROV-204.2103-a-2-ii-B-1,HAS_PROVISION
PROV-204.2103-a-2-ii-B,PROV-204.2103-a-2-ii-B-2,HAS_PROVISION
SEC-204.2103,PROV-204.2103-b,HAS_PROVISION
SEC-204.2104,PROV-204.2104-a,HAS_PROVISION
SEC-204.2104,PROV-204.2104-b,HAS_PROVISION
PROV-204.2104-b,PROV-204.2104-b-i,HAS_PROVISION
PROV-204.2104-b,PROV-204.2104-b-ii,HAS_PROVISION
SEC-204.2105,PROV-204.2105-a,HAS_PROVISION
SEC-204.2105,PROV-204.2105-b,HAS_PROVISION
SEC-204.2105,PROV-204.2105-c,HAS_PROVISION
SEC-204.7101,PROV-204.7101-D1,HAS_PROVISION
SEC-204.7101,PROV-204.7101-D2,HAS_PROVISION
SEC-204.7101,PROV-204.7101-D3,HAS_PROVISION
SEC-204.7101,PROV-204.7101-D4,HAS_PROVISION
SEC-204.7101,PROV-204.7101-D5,HAS_PROVISION
SEC-204.7101,PROV-204.7101-D6,HAS_PROVISION
SEC-204.7102,PROV-204.7102-a,HAS_PROVISION
PROV-204.7102-a,PROV-204.7102-a-1,HAS_PROVISION
PROV-204.7102-a,PROV-204.7102-a-2,HAS_PROVISION
PROV-204.7102-a,PROV-204.7102-a-3,HAS_PROVISION
PROV-204.7102-a,PROV-204.7102-a-4,HAS_PROVISION
PROV-204.7102-a,PROV-204.7102-a-5,HAS_PROVISION
PROV-204.7102-a,PROV-204.7102-a-6,HAS_PROVISION
PROV-204.7102-a,PROV-204.7102-a-7,HAS_PROVISION
SEC-204.7102,PROV-204.7102-b,HAS_PROVISION
PROV-204.7102-b,PROV-204.7102-b-1,HAS_PROVISION
PROV-204.7102-b,PROV-204.7102-b-2,HAS_PROVISION
SEC-204.7103-1,PROV-204.7103-1-a,HAS_PROVISION
PROV-204.7103-1-a,PROV-204.7103-1-a-1,HAS_PROVISION
PROV-204.7103-1-a-1,PROV-204.7103-1-a-1-i,HAS_PROVISION
PROV-204.7103-1-a-1,PROV-204.7103-1-a-1-ii,HAS_PROVISION
PROV-204.7103-1-a-1,PROV-204.7103-1-a-1-iii,HAS_PROVISION
PROV-204.7103-1-a-1,PROV-204.7103-1-a-1-iv,HAS_PROVISION
PROV-204.7103-1-a-1,PROV-204.7103-1-a-1-v,HAS_PROVISION
PROV-204.7103-1-a-1,PROV-204.7103-1-a-1-vi,HAS_PROVISION
PROV-204.7103-1-a,PROV-204.7103-1-a-2,HAS_PROVISION
PROV-204.7103-1-a-2,PROV-204.7103-1-a-2-i,HAS_PROVISION
PROV-204.7103-1-a-2-i,PROV-204.7103-1-a-2-i-A,HAS_PROVISION
PROV-204.7103-1-a-2-i,PROV-204.7103-1-a-2-i-B,HAS_PROVISION
PROV-204.7103-1-a-2-i,PROV-204.7103-1-a-2-i-C,HAS_PROVISION
PROV-204.7103-1-a-2,PROV-204.7103-1-a-2-ii,HAS_PROVISION
PROV-204.7103-1-a-2-ii,PROV-204.7103-1-a-2-ii-A,HAS_PROVISION
PROV-204.7103-1-a-2-ii,PROV-204.7103-1-a-2-ii-B,HAS_PROVISION
PROV-204.7103-1-a-2,PROV-204.7103-1-a-2-iii,HAS_PROVISION
PROV-204.7103-1-a,PROV-204.7103-1-a-3,HAS_PROVISION
PROV-204.7103-1-a-3,PROV-204.7103-1-a-3-i,HAS_PROVISION
PROV-204.7103-1-a-3,PROV-204.7103-1-a-3-ii,HAS_PROVISION
PROV-204.7103-1-a,PROV-204.7103-1-a-4,HAS_PROVISION
PROV-204.7103-1-a-4,PROV-204.7103-1-a-4-i,HAS_PROVISION
PROV-204.7103-1-a-4,PROV-204.7103-1-a-4-ii,HAS_PROVISION
PROV-204.7103-1-a-4-ii,PROV-204.7103-1-a-4-ii-A,HAS_PROVISION
PROV-204.7103-1-a-4-ii,PROV-204.7103-1-a-4-ii-B,HAS_PROVISION
PROV-204.7103-1-a-4-ii,PROV-204.7103-1-a-4-ii-C,HAS_PROVISION
PROV-204.7103-1-a-4,PROV-204.7103-1-a-4-iii,HAS_PROVISION
SEC-204.7103-1,PROV-204.7103-1-b,HAS_PROVISION
SEC-204.7103-1,PROV-204.7103-1-c,HAS_PROVISION
SEC-204.7103-1,PROV-204.7103-1-d,HAS_PROVISION
SEC-204.7103-1,PROV-204.7103-1-e,HAS_PROVISION
SEC-204.7103-1,PROV-204.7103-1-f,HAS_PROVISION
SEC-204.7103-1,PROV-204.7103-1-g,HAS_PROVISION
SEC-204.7104-1,PROV-204.7104-1-a,HAS_PROVISION
PROV-204.7104-1-a,PROV-204.7104-1-a-1,HAS_PROVISION
PROV-204.7104-1-a,PROV-204.7104-1-a-2,HAS_PROVISION
PROV-204.7104-1-a,PROV-204.7104-1-a-3,HAS_PROVISION
SEC-204.7104-1,PROV-204.7104-1-b,HAS_PROVISION
PROV-204.7104-1-b,PROV-204.7104-1-b-1,HAS_PROVISION
PROV-204.7104-1-b-1,PROV-204.7104-1-b-1-i,HAS_PROVISION
PROV-204.7104-1-b-1,PROV-204.7104-1-b-1-ii,HAS_PROVISION
PROV-204.7104-1-b-1,PROV-204.7104-1-b-1-iii,HAS_PROVISION
PROV-204.7104-1-b-1,PROV-204.7104-1-b-1-iv,HAS_PROVISION
PROV-204.7104-1-b-1,PROV-204.7104-1-b-1-v,HAS_PROVISION
PROV-204.7104-1-b-1-v,PROV-204.7104-1-b-1-v-A,HAS_PROVISION
PROV-204.7104-1-b-1-v,PROV-204.7104-1-b-1-v-B,HAS_PROVISION
PROV-204.7104-1-b,PROV-204.7104-1-b-2,HAS_PROVISION
PROV-204.7104-1-b-2,PROV-204.7104-1-b-2-i,HAS_PROVISION
PROV-204.7104-1-b-2,PROV-204.7104-1-b-2-ii,HAS_PROVISION
PROV-204.7104-1-b-2-ii,PROV-204.7104-1-b-2-ii-A,HAS_PROVISION
PROV-204.7104-1-b-2-ii,PROV-204.7104-1-b-2-ii-B,HAS_PROVISION
PROV-204.7104-1-b-2,PROV-204.7104-1-b-2-iii,HAS_PROVISION
PROV-204.7104-1-b,PROV-204.7104-1-b-3,HAS_PROVISION
PROV-204.7104-1-b-3,PROV-204.7104-1-b-3-i,HAS_PROVISION
PROV-204.7104-1-b-3,PROV-204.7104-1-b-3-ii,HAS_PROVISION
PROV-204.7104-1-b-3,PROV-204.7104-1-b-3-iii,HAS_PROVISION
PROV-204.7104-1-b-3,PROV-204.7104-1-b-3-iv,HAS_PROVISION
SEC-204.7106,PROV-204.7106-a,HAS_PROVISION
SEC-204.7106,PROV-204.7106-b,HAS_PROVISION
PROV-204.7106-b,PROV-204.7106-b-1,HAS_PROVISION
PROV-204.7106-b,PROV-204.7106-b-2,HAS_PROVISION
PROV-204.7106-b-2,PROV-204.7106-b-2-i,HAS_PROVISION
PROV-204.7106-b-2-i,PROV-204.7106-b-2-i-A,HAS_PROVISION
PROV-204.7106-b-2-i,PROV-204.7106-b-2-i-B,HAS_PROVISION
PROV-204.7106-b-2-i,PROV-204.7106-b-2-i-C,HAS_PROVISION
PROV-204.7106-b-2,PROV-204.7106-b-2-ii,HAS_PROVISION
PROV-204.7106-b-2-ii,PROV-204.7106-b-2-ii-A,HAS_PROVISION
PROV-204.7106-b-2-ii,PROV-204.7106-b-2-ii-B,HAS_PROVISION
PROV-204.7106-b-2-ii,PROV-204.7106-b-2-ii-C,HAS_PROVISION
PROV-204.7106-b-2-ii,PROV-204.7106-b-2-ii-D,HAS_PROVISION
PROV-204.7106-b,PROV-204.7106-b-3,HAS_PROVISION
PROV-204.7106-b-3,PROV-204.7106-b-3-i,HAS_PROVISION
PROV-204.7106-b-3,PROV-204.7106-b-3-ii,HAS_PROVISION
SEC-204.7109,PROV-204.7109-a,HAS_PROVISION
SEC-204.7109,PROV-204.7109-b,HAS_PROVISION
SEC-204.7201,PROV-204.7201-D1,HAS_PROVISION
SEC-204.7202,PROV-204.7202-a,HAS_PROVISION
SEC-204.7202,PROV-204.7202-b,HAS_PROVISION
PROV-204.7202-b,PROV-204.7202-b-1,HAS_PROVISION
PROV-204.7202-b,PROV-204.7202-b-2,HAS_PROVISION
SEC-204.7300,PROV-204.7300-a,HAS_PROVISION
SEC-204.7300,PROV-204.7300-b,HAS_PROVISION
SEC-204.7301,PROV-204.7301-D1,HAS_PROVISION
SEC-204.7301,PROV-204.7301-D2,HAS_PROVISION
SEC-204.7301,PROV-204.7301-D3,HAS_PROVISION
SEC-204.7301,PROV-204.7301-D4,HAS_PROVISION
SEC-204.7301,PROV-204.7301-D5,HAS_PROVISION
PROV-204.7301-D5,PROV-204.7301-D5-1,HAS_PROVISION
PROV-204.7301-D5,PROV-204.7301-D5-2,HAS_PROVISION
SEC-204.7301,PROV-204.7301-D6,HAS_PROVISION
SEC-204.7301,PROV-204.7301-D7,HAS_PROVISION
SEC-204.7301,PROV-204.7301-D8,HAS_PROVISION
SEC-204.7301,PROV-204.7301-D9,HAS_PROVISION
SEC-204.7302,PROV-204.7302-a,HAS_PROVISION
PROV-204.7302-a,PROV-204.7302-a-1,HAS_PROVISION
PROV-204.7302-a,PROV-204.7302-a-2,HAS_PROVISION
PROV-204.7302-a,PROV-204.7302-a-3,HAS_PROVISION
PROV-204.7302-a,PROV-204.7302-a-4,HAS_PROVISION
PROV-204.7302-a,PROV-204.7302-a-5,HAS_PROVISION
SEC-204.7302,PROV-204.7302-b,HAS_PROVISION
PROV-204.7302-b,PROV-204.7302-b-1,HAS_PROVISION
PROV-204.7302-b-1,PROV-204.7302-b-1-i,HAS_PROVISION
PROV-204.7302-b-1,PROV-204.7302-b-1-ii,HAS_PROVISION
PROV-204.7302-b-1,PROV-204.7302-b-1-iii,HAS_PROVISION
PROV-204.7302-b,PROV-204.7302-b-2,HAS_PROVISION
SEC-204.7302,PROV-204.7302-c,HAS_PROVISION
SEC-204.7302,PROV-204.7302-d,HAS_PROVISION
SEC-204.7302,PROV-204.7302-e,HAS_PROVISION
SEC-204.7303,PROV-204.7303-a,HAS_PROVISION
SEC-204.7303,PROV-204.7303-b,HAS_PROVISION
PROV-204.7303-b,PROV-204.7303-b-1,HAS_PROVISION
PROV-204.7303-b,PROV-204.7303-b-2,HAS_PROVISION
SEC-204.7304,PROV-204.7304-a,HAS_PROVISION
SEC-204.7304,PROV-204.7304-b,HAS_PROVISION
SEC-204.7304,PROV-204.7304-c,HAS_PROVISION
SEC-204.7304,PROV-204.7304-d,HAS_PROVISION
SEC-204.7304,PROV-204.7304-e,HAS_PROVISION
SEC-204.7401,PROV-204.7401-D1,HAS_PROVISION
SEC-204.7401,PROV-204.7401-D2,HAS_PROVISION
SEC-204.7401,PROV-204.7401-D3,HAS_PROVISION
SEC-204.7401,PROV-204.7401-D4,HAS_PROVISION
SEC-204.7401,PROV-204.7401-D5,HAS_PROVISION
SEC-204.7401,PROV-204.7401-D6,HAS_PROVISION
SEC-204.7402,PROV-204.7402-a,HAS_PROVISION
SEC-204.7402,PROV-204.7402-b,HAS_PROVISION
SEC-204.7402,PROV-204.7402-c,HAS_PROVISION
SEC-204.7402,PROV-204.7402-d,HAS_PROVISION
SEC-204.7403,PROV-204.7403-a,HAS_PROVISION
SEC-204.7403,PROV-204.7403-b,HAS_PROVISION
SEC-204.7500,PROV-204.7500-a,HAS_PROVISION
SEC-204.7500,PROV-204.7500-b,HAS_PROVISION
SEC-204.7500,PROV-204.7500-c,HAS_PROVISION
SEC-204.7501,PROV-204.7501-D1,HAS_PROVISION
SEC-204.7501,PROV-204.7501-D2,HAS_PROVISION
PROV-204.7501-D2,PROV-204.7501-D2-1,HAS_PROVISION
PROV-204.7501-D2-1,PROV-204.7501-D2-1-i,HAS_PROVISION
PROV-204.7501-D2-1-i,PROV-204.7501-D2-1-i-A,HAS_PROVISION
PROV-204.7501-D2-1-i,PROV-204.7501-D2-1-i-B,HAS_PROVISION
PROV-204.7501-D2-1,PROV-204.7501-D2-1-ii,HAS_PROVISION
PROV-204.7501-D2-1-ii,PROV-204.7501-D2-1-ii-A,HAS_PROVISION
PROV-204.7501-D2-1-ii,PROV-204.7501-D2-1-ii-B,HAS_PROVISION
PROV-204.7501-D2,PROV-204.7501-D2-2,HAS_PROVISION
PROV-204.7501-D2-2,PROV-204.7501-D2-2-i,HAS_PROVISION
PROV-204.7501-D2-2-i,PROV-204.7501-D2-2-i-A,HAS_PROVISION
PROV-204.7501-D2-2-i,PROV-204.7501-D2-2-i-B,HAS_PROVISION
PROV-204.7501-D2-2,PROV-204.7501-D2-2-ii,HAS_PROVISION
PROV-204.7501-D2-2-ii,PROV-204.7501-D2-2-ii-A,HAS_PROVISION
PROV-204.7501-D2-2-ii,PROV-204.7501-D2-2-ii-B,HAS_PROVISION
PROV-204.7501-D2-2,PROV-204.7501-D2-2-iii,HAS_PROVISION
PROV-204.7501-D2-2-iii,PROV-204.7501-D2-2-iii-A,HAS_PROVISION
PROV-204.7501-D2-2-iii,PROV-204.7501-D2-2-iii-B,HAS_PROVISION
PROV-204.7501-D2,PROV-204.7501-D2-3,HAS_PROVISION
SEC-204.7501,PROV-204.7501-D3,HAS_PROVISION
PROV-204.7501-D3,PROV-204.7501-D3-1,HAS_PROVISION
PROV-204.7501-D3,PROV-204.7501-D3-2,HAS_PROVISION
PROV-204.7501-D3,PROV-204.7501-D3-3,HAS_PROVISION
PROV-204.7501-D3,PROV-204.7501-D3-4,HAS_PROVISION
PROV-204.7501-D3,PROV-204.7501-D3-5,HAS_PROVISION
PROV-204.7501-D3,PROV-204.7501-D3-6,HAS_PROVISION
PROV-204.7501-D3,PROV-204.7501-D3-7,HAS_PROVISION
SEC-204.7501,PROV-204.7501-D4,HAS_PROVISION
SEC-204.7501,PROV-204.7501-D5,HAS_PROVISION
SEC-204.7502,PROV-204.7502-a,HAS_PROVISION
PROV-204.7502-a,PROV-204.7502-a-1,HAS_PROVISION
PROV-204.7502-a,PROV-204.7502-a-2,HAS_PROVISION
PROV-204.7502-a,PROV-204.7502-a-3,HAS_PROVISION
SEC-204.7502,PROV-204.7502-b,HAS_PROVISION
PROV-204.7502-b,PROV-204.7502-b-1,HAS_PROVISION
PROV-204.7502-b-1,PROV-204.7502-b-1-i,HAS_PROVISION
PROV-204.7502-b-1,PROV-204.7502-b-1-ii,HAS_PROVISION
PROV-204.7502-b,PROV-204.7502-b-2,HAS_PROVISION
SEC-204.7503,PROV-204.7503-a,HAS_PROVISION
SEC-204.7503,PROV-204.7503-b,HAS_PROVISION
SEC-204.7503,PROV-204.7503-c,HAS_PROVISION
SEC-204.7503,PROV-204.7503-d,HAS_PROVISION
SEC-204.7504,PROV-204.7504-a,HAS_PROVISION
PROV-204.7504-a,PROV-204.7504-a-1,HAS_PROVISION
PROV-204.7504-a,PROV-204.7504-a-2,HAS_PROVISION
SEC-204.7504,PROV-204.7504-b,HAS_PROVISION
SEC-204.7601,PROV-204.7601-D1,HAS_PROVISION
SEC-204.7601,PROV-204.7601-D2,HAS_PROVISION
SEC-204.7601,PROV-204.7601-D3,HAS_PROVISION
SEC-204.7603,PROV-204.7603-a,HAS_PROVISION
PROV-204.7603-a,PROV-204.7603-a-1,HAS_PROVISION
PROV-204.7603-a,PROV-204.7603-a-2,HAS_PROVISION
PROV-204.7603-a-2,PROV-204.7603-a-2-i,HAS_PROVISION
PROV-204.7603-a-2,PROV-204.7603-a-2-ii,HAS_PROVISION
PROV-204.7603-a-2,PROV-204.7603-a-2-iii,HAS_PROVISION
SEC-204.7603,PROV-204.7603-b,HAS_PROVISION
PROV-204.7603-b,PROV-204.7603-b-1,HAS_PROVISION
PROV-204.7603-b,PROV-204.7603-b-2,HAS_PROVISION
PROV-204.7603-b-2,PROV-204.7603-b-2-i,HAS_PROVISION
PROV-204.7603-b-2,PROV-204.7603-b-2-ii,HAS_PROVISION
PROV-204.7603-b-2,PROV-204.7603-b-2-iii,HAS_PROVISION
SEC-204.7603,PROV-204.7603-c,HAS_PROVISION
SEC-205.203,PROV-205.203-b,HAS_PROVISION
SEC-205.203,PROV-205.203-S-70,HAS_PROVISION
SEC-205.205-70,PROV-205.205-70-a,HAS_PROVISION
SEC-205.205-70,PROV-205.205-70-b,HAS_PROVISION
SEC-205.207,PROV-205.207-a,HAS_PROVISION
PROV-205.207-a,PROV-205.207-a-i,HAS_PROVISION
SEC-205.207,PROV-205.207-d,HAS_PROVISION
SEC-205.301,PROV-205.301-a,HAS_PROVISION
PROV-205.301-a,PROV-205.301-a-S-70,HAS_PROVISION
PROV-205.301-a-S-70,PROV-205.301-a-S-70-i,HAS_PROVISION
PROV-205.301-a-S-70-i,PROV-205.301-a-S-70-i-A,HAS_PROVISION
PROV-205.301-a-S-70-i,PROV-205.301-a-S-70-i-B,HAS_PROVISION
PROV-205.301-a-S-70,PROV-205.301-a-S-70-ii,HAS_PROVISION
PROV-205.301-a-S-70,PROV-205.301-a-S-70-iii,HAS_PROVISION
PROV-205.301-a-S-70-iii,PROV-205.301-a-S-70-iii-A,HAS_PROVISION
PROV-205.301-a-S-70-iii,PROV-205.301-a-S-70-iii-B,HAS_PROVISION
SEC-205.303,PROV-205.303-a,HAS_PROVISION
PROV-205.303-a,PROV-205.303-a-i,HAS_PROVISION
PROV-205.303-a-i,PROV-205.303-a-i-A,HAS_PROVISION
PROV-205.303-a-i,PROV-205.303-a-i-B,HAS_PROVISION
PROV-205.303-a-i,PROV-205.303-a-i-C,HAS_PROVISION
PROV-205.303-a,PROV-205.303-a-ii,HAS_PROVISION
PROV-205.303-a-ii,PROV-205.303-a-ii-A,HAS_PROVISION
PROV-205.303-a-ii,PROV-205.303-a-ii-B,HAS_PROVISION
PROV-205.303-a-ii,PROV-205.303-a-ii-C,HAS_PROVISION
PROV-205.303-a-ii,PROV-205.303-a-ii-D,HAS_PROVISION
PROV-205.303-a-ii-D,PROV-205.303-a-ii-D-1,HAS_PROVISION
PROV-205.303-a-ii-D,PROV-205.303-a-ii-D-2,HAS_PROVISION
PROV-205.303-a-ii-D,PROV-205.303-a-ii-D-3,HAS_PROVISION
PROV-205.303-a-ii-D,PROV-205.303-a-ii-D-4,HAS_PROVISION
PROV-205.303-a-ii-D,PROV-205.303-a-ii-D-5,HAS_PROVISION
PROV-205.303-a,PROV-205.303-a-iii,HAS_PROVISION
SEC-205.502,PROV-205.502-a,HAS_PROVISION
SEC-206.001,PROV-206.001-b,HAS_PROVISION
SEC-206.001-70,PROV-206.001-70-a,HAS_PROVISION
PROV-206.001-70-a,PROV-206.001-70-a-1,HAS_PROVISION
PROV-206.001-70-a,PROV-206.001-70-a-2,HAS_PROVISION
SEC-206.001-70,PROV-206.001-70-b,HAS_PROVISION
SEC-206.102,PROV-206.102-d,HAS_PROVISION
PROV-206.102-d,PROV-206.102-d-2,HAS_PROVISION
SEC-206.102-70,PROV-206.102-70-a,HAS_PROVISION
SEC-206.102-70,PROV-206.102-70-b,HAS_PROVISION
SEC-206.202,PROV-206.202-a,HAS_PROVISION
SEC-206.202,PROV-206.202-b,HAS_PROVISION
SEC-206.302-1,PROV-206.302-1-a,HAS_PROVISION
PROV-206.302-1-a,PROV-206.302-1-a-2,HAS_PROVISION
PROV-206.302-1-a-2,PROV-206.302-1-a-2-i,HAS_PROVISION
PROV-206.302-1-a-2-i,PROV-206.302-1-a-2-i-1,HAS_PROVISION
PROV-206.302-1-a-2-i-1,PROV-206.302-1-a-2-i-1-i,HAS_PROVISION
PROV-206.302-1-a-2,PROV-206.302-1-a-2-ii,HAS_PROVISION
PROV-206.302-1-a-2,PROV-206.302-1-a-2-iii,HAS_PROVISION
PROV-206.302-1-a-2-iii,PROV-206.302-1-a-2-iii-2,HAS_PROVISION
PROV-206.302-1-a-2-iii,PROV-206.302-1-a-2-iii-3,HAS_PROVISION
SEC-206.302-1,PROV-206.302-1-b,HAS_PROVISION
SEC-206.302-1,PROV-206.302-1-c,HAS_PROVISION
PROV-206.302-1-c,PROV-206.302-1-c-2,HAS_PROVISION
SEC-206.302-1,PROV-206.302-1-d,HAS_PROVISION
SEC-206.302-1,PROV-206.302-1-S-70,HAS_PROVISION
SEC-206.302-2,PROV-206.302-2-b,HAS_PROVISION
SEC-206.302-4,PROV-206.302-4-c,HAS_PROVISION
SEC-206.302-5,PROV-206.302-5-b,HAS_PROVISION
PROV-206.302-5-b,PROV-206.302-5-b-i,HAS_PROVISION
PROV-206.302-5-b,PROV-206.302-5-b-ii,HAS_PROVISION
SEC-206.302-5,PROV-206.302-5-c,HAS_PROVISION
PROV-206.302-5-c,PROV-206.302-5-c-A,HAS_PROVISION
PROV-206.302-5-c-A,PROV-206.302-5-c-A-1,HAS_PROVISION
PROV-206.302-5-c-A,PROV-206.302-5-c-A-2,HAS_PROVISION
PROV-206.302-5-c-A,PROV-206.302-5-c-A-3,HAS_PROVISION
PROV-206.302-5-c,PROV-206.302-5-c-B,HAS_PROVISION
PROV-206.302-5-c,PROV-206.302-5-c-ii,HAS_PROVISION
PROV-206.302-5-c,PROV-206.302-5-c-iii,HAS_PROVISION
SEC-206.302-7,PROV-206.302-7-c,HAS_PROVISION
SEC-206.303-1,PROV-206.303-1-a,HAS_PROVISION
SEC-206.303-1,PROV-206.303-1-b,HAS_PROVISION
PROV-206.303-1-b,PROV-206.303-1-b-1,HAS_PROVISION
PROV-206.303-1-b,PROV-206.303-1-b-2,HAS_PROVISION
PROV-206.303-1-b,PROV-206.303-1-b-3,HAS_PROVISION
SEC-206.303-2,PROV-206.303-2-b,HAS_PROVISION
PROV-206.303-2-b,PROV-206.303-2-b-i,HAS_PROVISION
PROV-206.303-2-b,PROV-206.303-2-b-ii,HAS_PROVISION
SEC-206.303-2,PROV-206.303-2-d,HAS_PROVISION
SEC-206.304,PROV-206.304-a,HAS_PROVISION
PROV-206.304-a,PROV-206.304-a-4,HAS_PROVISION
PROV-206.304-a-4,PROV-206.304-a-4-A,HAS_PROVISION
PROV-206.304-a-4,PROV-206.304-a-4-B,HAS_PROVISION
PROV-206.304-a-4-B,PROV-206.304-a-4-B-1,HAS_PROVISION
PROV-206.304-a-4-B,PROV-206.304-a-4-B-2,HAS_PROVISION
PROV-206.304-a-4,PROV-206.304-a-4-S-70,HAS_PROVISION
PROV-206.304-a-4,PROV-206.304-a-4-S-71,HAS_PROVISION
PROV-206.304-a-4-S-71,PROV-206.304-a-4-S-71-1,HAS_PROVISION
PROV-206.304-a-4-S-71,PROV-206.304-a-4-S-71-2,HAS_PROVISION
SEC-207.102,PROV-207.102-a,HAS_PROVISION
PROV-207.102-a,PROV-207.102-a-1,HAS_PROVISION
SEC-207.103,PROV-207.103-d,HAS_PROVISION
PROV-207.103-d,PROV-207.103-d-i,HAS_PROVISION
PROV-207.103-d-i,PROV-207.103-d-i-A,HAS_PROVISION
PROV-207.103-d-i,PROV-207.103-d-i-B,HAS_PROVISION
PROV-207.103-d-i,PROV-207.103-d-i-C,HAS_PROVISION
PROV-207.103-d,PROV-207.103-d-ii,HAS_PROVISION
SEC-207.103,PROV-207.103-e,HAS_PROVISION
SEC-207.103,PROV-207.103-g,HAS_PROVISION
SEC-207.103,PROV-207.103-h,HAS_PROVISION
PROV-207.103-h,PROV-207.103-h-i,HAS_PROVISION
PROV-207.103-h,PROV-207.103-h-ii,HAS_PROVISION
SEC-207.106,PROV-207.106-b,HAS_PROVISION
PROV-207.106-b,PROV-207.106-b-1,HAS_PROVISION
PROV-207.106-b-1,PROV-207.106-b-1-A,HAS_PROVISION
PROV-207.106-b-1-A,PROV-207.106-b-1-A-1,HAS_PROVISION
PROV-207.106-b-1-A,PROV-207.106-b-1-A-2,HAS_PROVISION
PROV-207.106-b-1-A,PROV-207.106-b-1-A-3,HAS_PROVISION
PROV-207.106-b-1,PROV-207.106-b-1-B,HAS_PROVISION
PROV-207.106-b,PROV-207.106-b-S-70,HAS_PROVISION
PROV-207.106-b-S-70,PROV-207.106-b-S-70-1,HAS_PROVISION
PROV-207.106-b-S-70,PROV-207.106-b-S-70-i,HAS_PROVISION
PROV-207.106-b-S-70,PROV-207.106-b-S-70-ii,HAS_PROVISION
PROV-207.106-b-S-70-ii,PROV-207.106-b-S-70-ii-A,HAS_PROVISION
PROV-207.106-b-S-70-ii,PROV-207.106-b-S-70-ii-B,HAS_PROVISION
PROV-207.106-b-S-70,PROV-207.106-b-S-70-2,HAS_PROVISION
PROV-207.106-b-S-70-2,PROV-207.106-b-S-70-2-i,HAS_PROVISION
PROV-207.106-b-S-70-2,PROV-207.106-b-S-70-2-ii,HAS_PROVISION
PROV-207.106-b-S-70-2,PROV-207.106-b-S-70-2-iii,HAS_PROVISION
PROV-207.106-b-S-70-2,PROV-207.106-b-S-70-2-iv,HAS_PROVISION
PROV-207.106-b-S-70-2,PROV-207.106-b-S-70-2-v,HAS_PROVISION
PROV-207.106-b,PROV-207.106-b-S-71,HAS_PROVISION
PROV-207.106-b,PROV-207.106-b-S-72,HAS_PROVISION
PROV-207.106-b-S-72,PROV-207.106-b-S-72-1,HAS_PROVISION
PROV-207.106-b-S-72,PROV-207.106-b-S-72-i,HAS_PROVISION
PROV-207.106-b-S-72,PROV-207.106-b-S-72-ii,HAS_PROVISION
PROV-207.106-b,PROV-207.106-b-2,HAS_PROVISION
PROV-207.106-b-2,PROV-207.106-b-2-i,HAS_PROVISION
PROV-207.106-b-2,PROV-207.106-b-2-ii,HAS_PROVISION
PROV-207.106-b-2,PROV-207.106-b-2-iii,HAS_PROVISION
PROV-207.106-b-2,PROV-207.106-b-2-iv,HAS_PROVISION
PROV-207.106-b-2,PROV-207.106-b-2-v,HAS_PROVISION
PROV-207.106-b-2,PROV-207.106-b-2-vi,HAS_PROVISION
PROV-207.106-b-2,PROV-207.106-b-2-vii,HAS_PROVISION
PROV-207.106-b-2,PROV-207.106-b-2-viii,HAS_PROVISION
PROV-207.106-b-2,PROV-207.106-b-2-ix,HAS_PROVISION
PROV-207.106-b-2,PROV-207.106-b-2-x,HAS_PROVISION
PROV-207.106-b,PROV-207.106-b-3,HAS_PROVISION
PROV-207.106-b-3,PROV-207.106-b-3-i,HAS_PROVISION
PROV-207.106-b-3,PROV-207.106-b-3-ii,HAS_PROVISION
PROV-207.106-b-3,PROV-207.106-b-3-iii,HAS_PROVISION
PROV-207.106-b,PROV-207.106-b-4,HAS_PROVISION
PROV-207.106-b,PROV-207.106-b-5,HAS_PROVISION
PROV-207.106-b-5,PROV-207.106-b-5-i,HAS_PROVISION
PROV-207.106-b-5,PROV-207.106-b-5-ii,HAS_PROVISION
PROV-207.106-b,PROV-207.106-b-S-73,HAS_PROVISION
SEC-207.171-1,PROV-207.171-1-a,HAS_PROVISION
SEC-207.171-1,PROV-207.171-1-b,HAS_PROVISION
PROV-207.171-1-b,PROV-207.171-1-b-1,HAS_PROVISION
PROV-207.171-1-b,PROV-207.171-1-b-2,HAS_PROVISION
SEC-207.171-2,PROV-207.171-2-D1,HAS_PROVISION
SEC-207.171-3,PROV-207.171-3-a,HAS_PROVISION
PROV-207.171-3-a,PROV-207.171-3-a-1,HAS_PROVISION
PROV-207.171-3-a,PROV-207.171-3-a-2,HAS_PROVISION
SEC-207.171-3,PROV-207.171-3-b,HAS_PROVISION
PROV-207.171-3-b,PROV-207.171-3-b-1,HAS_PROVISION
PROV-207.171-3-b,PROV-207.171-3-b-2,HAS_PROVISION
SEC-207.171-3,PROV-207.171-3-c,HAS_PROVISION
SEC-207.172,PROV-207.172-a,HAS_PROVISION
SEC-207.172,PROV-207.172-b,HAS_PROVISION
SEC-207.470,PROV-207.470-a,HAS_PROVISION
PROV-207.470-a,PROV-207.470-a-1,HAS_PROVISION
PROV-207.470-a,PROV-207.470-a-2,HAS_PROVISION
SEC-207.470,PROV-207.470-b,HAS_PROVISION
PROV-207.470-b,PROV-207.470-b-1,HAS_PROVISION
PROV-207.470-b,PROV-207.470-b-2,HAS_PROVISION
SEC-207.470,PROV-207.470-c,HAS_PROVISION
SEC-207.471,PROV-207.471-a,HAS_PROVISION
SEC-207.471,PROV-207.471-b,HAS_PROVISION
SEC-207.471,PROV-207.471-c,HAS_PROVISION
SEC-207.503,PROV-207.503-e,HAS_PROVISION
PROV-207.503-e,PROV-207.503-e-i,HAS_PROVISION
PROV-207.503-e,PROV-207.503-e-ii,HAS_PROVISION
SEC-207.503,PROV-207.503-S-70,HAS_PROVISION
PROV-207.503-S-70,PROV-207.503-S-70-1,HAS_PROVISION
PROV-207.503-S-70-1,PROV-207.503-S-70-1-i,HAS_PROVISION
PROV-207.503-S-70-1-i,PROV-207.503-S-70-1-i-A,HAS_PROVISION
PROV-207.503-S-70-1-i,PROV-207.503-S-70-1-i-B,HAS_PROVISION
PROV-207.503-S-70-1-i,PROV-207.503-S-70-1-i-C,HAS_PROVISION
PROV-207.503-S-70-1,PROV-207.503-S-70-1-ii,HAS_PROVISION
PROV-207.503-S-70,PROV-207.503-S-70-2,HAS_PROVISION
SEC-207.7001,PROV-207.7001-D1,HAS_PROVISION
SEC-207.7002,PROV-207.7002-a,HAS_PROVISION
SEC-207.7002,PROV-207.7002-b,HAS_PROVISION
SEC-207.7002,PROV-207.7002-c,HAS_PROVISION
SEC-207.7002,PROV-207.7002-d,HAS_PROVISION
SEC-208.002,PROV-208.002-a,HAS_PROVISION
PROV-208.002-a,PROV-208.002-a-1,HAS_PROVISION
PROV-208.002-a-1,PROV-208.002-a-1-i,HAS_PROVISION
PROV-208.002-a-1,PROV-208.002-a-1-v,HAS_PROVISION
SEC-208.404,PROV-208.404-a,HAS_PROVISION
PROV-208.404-a,PROV-208.404-a-i,HAS_PROVISION
PROV-208.404-a,PROV-208.404-a-ii,HAS_PROVISION
PROV-208.404-a,PROV-208.404-a-iii,HAS_PROVISION
PROV-208.404-a,PROV-208.404-a-iv,HAS_PROVISION
SEC-208.405,PROV-208.405-1,HAS_PROVISION
SEC-208.405,PROV-208.405-2,HAS_PROVISION
SEC-208.405,PROV-208.405-3,HAS_PROVISION
SEC-208.405,PROV-208.405-4,HAS_PROVISION
PROV-208.405-4,PROV-208.405-4-i,HAS_PROVISION
PROV-208.405-4,PROV-208.405-4-ii,HAS_PROVISION
PROV-208.405-4,PROV-208.405-4-iii,HAS_PROVISION
SEC-208.602-70,PROV-208.602-70-a,HAS_PROVISION
SEC-208.602-70,PROV-208.602-70-b,HAS_PROVISION
SEC-208.602-70,PROV-208.602-70-c,HAS_PROVISION
PROV-208.602-70-c,PROV-208.602-70-c-1,HAS_PROVISION
PROV-208.602-70-c-1,PROV-208.602-70-c-1-i,HAS_PROVISION
PROV-208.602-70-c-1-i,PROV-208.602-70-c-1-i-A,HAS_PROVISION
PROV-208.602-70-c-1-i,PROV-208.602-70-c-1-i-B,HAS_PROVISION
PROV-208.602-70-c-1,PROV-208.602-70-c-1-ii,HAS_PROVISION
PROV-208.602-70-c,PROV-208.602-70-c-2,HAS_PROVISION
SEC-208.7000,PROV-208.7000-a,HAS_PROVISION
SEC-208.7000,PROV-208.7000-b,HAS_PROVISION
SEC-208.7001,PROV-208.7001-D1,HAS_PROVISION
SEC-208.7001,PROV-208.7001-D2,HAS_PROVISION
SEC-208.7001,PROV-208.7001-D3,HAS_PROVISION
SEC-208.7002,PROV-208.7002-a,HAS_PROVISION
PROV-208.7002-a,PROV-208.7002-a-1,HAS_PROVISION
PROV-208.7002-a,PROV-208.7002-a-2,HAS_PROVISION
PROV-208.7002-a,PROV-208.7002-a-3,HAS_PROVISION
PROV-208.7002-a,PROV-208.7002-a-4,HAS_PROVISION
PROV-208.7002-a-4,PROV-208.7002-a-4-i,HAS_PROVISION
PROV-208.7002-a-4,PROV-208.7002-a-4-ii,HAS_PROVISION
SEC-208.7002,PROV-208.7002-b,HAS_PROVISION
PROV-208.7002-b,PROV-208.7002-b-1,HAS_PROVISION
PROV-208.7002-b,PROV-208.7002-b-2,HAS_PROVISION
SEC-208.7003-1,PROV-208.7003-1-a,HAS_PROVISION
PROV-208.7003-1-a,PROV-208.7003-1-a-1,HAS_PROVISION
PROV-208.7003-1-a,PROV-208.7003-1-a-2,HAS_PROVISION
PROV-208.7003-1-a,PROV-208.7003-1-a-3,HAS_PROVISION
PROV-208.7003-1-a-3,PROV-208.7003-1-a-3-i,HAS_PROVISION
PROV-208.7003-1-a-3,PROV-208.7003-1-a-3-ii,HAS_PROVISION
PROV-208.7003-1-a-3,PROV-208.7003-1-a-3-iii,HAS_PROVISION
SEC-208.7003-1,PROV-208.7003-1-b,HAS_PROVISION
SEC-208.7003-2,PROV-208.7003-2-a,HAS_PROVISION
SEC-208.7003-2,PROV-208.7003-2-b,HAS_PROVISION
SEC-208.7003-2,PROV-208.7003-2-c,HAS_PROVISION
SEC-208.7003-2,PROV-208.7003-2-d,HAS_PROVISION
SEC-208.7003-2,PROV-208.7003-2-e,HAS_PROVISION
SEC-208.7003-2,PROV-208.7003-2-f,HAS_PROVISION
SEC-208.7003-2,PROV-208.7003-2-g,HAS_PROVISION
PROV-208.7003-2-g,PROV-208.7003-2-g-1,HAS_PROVISION
PROV-208.7003-2-g,PROV-208.7003-2-g-2,HAS_PROVISION
SEC-208.7003-2,PROV-208.7003-2-h,HAS_PROVISION
PROV-208.7003-2-h,PROV-208.7003-2-h-i,HAS_PROVISION
SEC-208.7003-2,PROV-208.7003-2-j,HAS_PROVISION
SEC-208.7003-2,PROV-208.7003-2-k,HAS_PROVISION
PROV-208.7003-2-k,PROV-208.7003-2-k-1,HAS_PROVISION
PROV-208.7003-2-k,PROV-208.7003-2-k-2,HAS_PROVISION
SEC-208.7003-2,PROV-208.7003-2-l,HAS_PROVISION
SEC-208.7003-2,PROV-208.7003-2-m,HAS_PROVISION
PROV-208.7003-2-m,PROV-208.7003-2-m-1,HAS_PROVISION
PROV-208.7003-2-m,PROV-208.7003-2-m-2,HAS_PROVISION
SEC-208.7005,PROV-208.7005-a,HAS_PROVISION
SEC-208.7005,PROV-208.7005-b,HAS_PROVISION
SEC-208.7301,PROV-208.7301-D1,HAS_PROVISION
SEC-208.7301,PROV-208.7301-D2,HAS_PROVISION
SEC-208.7305,PROV-208.7305-a,HAS_PROVISION
PROV-208.7305-a,PROV-208.7305-a-1,HAS_PROVISION
PROV-208.7305-a,PROV-208.7305-a-2,HAS_PROVISION
PROV-208.7305-a,PROV-208.7305-a-3,HAS_PROVISION
SEC-208.7305,PROV-208.7305-b,HAS_PROVISION
SEC-208.7400,PROV-208.7400-a,HAS_PROVISION
SEC-208.7400,PROV-208.7400-b,HAS_PROVISION
SEC-208.7400,PROV-208.7400-c,HAS_PROVISION
SEC-208.7400,PROV-208.7400-d,HAS_PROVISION
SEC-208.7400,PROV-208.7400-e,HAS_PROVISION
SEC-208.7401,PROV-208.7401-D1,HAS_PROVISION
SEC-208.7401,PROV-208.7401-D2,HAS_PROVISION
SEC-208.7401,PROV-208.7401-D3,HAS_PROVISION
SEC-208.7402,PROV-208.7402-a,HAS_PROVISION
SEC-208.7402,PROV-208.7402-b,HAS_PROVISION
SEC-209.101,PROV-209.101-D1,HAS_PROVISION
SEC-209.104-1,PROV-209.104-1-e,HAS_PROVISION
PROV-209.104-1-e,PROV-209.104-1-e-i,HAS_PROVISION
PROV-209.104-1-e,PROV-209.104-1-e-ii,HAS_PROVISION
PROV-209.104-1-e,PROV-209.104-1-e-iii,HAS_PROVISION
PROV-209.104-1-e,PROV-209.104-1-e-iv,HAS_PROVISION
SEC-209.104-1,PROV-209.104-1-g,HAS_PROVISION
PROV-209.104-1-g,PROV-209.104-1-g-i,HAS_PROVISION
PROV-209.104-1-g,PROV-209.104-1-g-ii,HAS_PROVISION
PROV-209.104-1-g-ii,PROV-209.104-1-g-ii-A,HAS_PROVISION
PROV-209.104-1-g-ii,PROV-209.104-1-g-ii-B,HAS_PROVISION
PROV-209.104-1-g-ii,PROV-209.104-1-g-ii-C,HAS_PROVISION
PROV-209.104-1-g-ii-C,PROV-209.104-1-g-ii-C-1,HAS_PROVISION
PROV-209.104-1-g-ii-C,PROV-209.104-1-g-ii-C-2,HAS_PROVISION
PROV-209.104-1-g-ii-C,PROV-209.104-1-g-ii-C-3,HAS_PROVISION
PROV-209.104-1-g-ii-C,PROV-209.104-1-g-ii-C-4,HAS_PROVISION
PROV-209.104-1-g-ii-C,PROV-209.104-1-g-ii-C-5,HAS_PROVISION
PROV-209.104-1-g-ii,PROV-209.104-1-g-ii-D,HAS_PROVISION
PROV-209.104-1-g-ii-D,PROV-209.104-1-g-ii-D-1,HAS_PROVISION
PROV-209.104-1-g-ii-D-1,PROV-209.104-1-g-ii-D-1-i,HAS_PROVISION
PROV-209.104-1-g-ii-D-1,PROV-209.104-1-g-ii-D-1-ii,HAS_PROVISION
PROV-209.104-1-g-ii-D,PROV-209.104-1-g-ii-D-2,HAS_PROVISION
SEC-209.105-1,PROV-209.105-1-1,HAS_PROVISION
SEC-209.105-1,PROV-209.105-1-2,HAS_PROVISION
PROV-209.105-1-2,PROV-209.105-1-2-i,HAS_PROVISION
PROV-209.105-1-2,PROV-209.105-1-2-ii,HAS_PROVISION
PROV-209.105-1-2,PROV-209.105-1-2-iii,HAS_PROVISION
SEC-209.105-2,PROV-209.105-2-a,HAS_PROVISION
SEC-209.170-1,PROV-209.170-1-1,HAS_PROVISION
PROV-209.170-1-1,PROV-209.170-1-1-i,HAS_PROVISION
PROV-209.170-1-1,PROV-209.170-1-1-ii,HAS_PROVISION
SEC-209.170-1,PROV-209.170-1-2,HAS_PROVISION
SEC-209.202,PROV-209.202-a,HAS_PROVISION
PROV-209.202-a,PROV-209.202-a-1,HAS_PROVISION
SEC-209.270-1,PROV-209.270-1-a,HAS_PROVISION
PROV-209.270-1-a,PROV-209.270-1-a-1,HAS_PROVISION
PROV-209.270-1-a,PROV-209.270-1-a-2,HAS_PROVISION
SEC-209.270-1,PROV-209.270-1-b,HAS_PROVISION
SEC-209.270-2,PROV-209.270-2-D1,HAS_PROVISION
PROV-209.270-2-D1,PROV-209.270-2-D1-1,HAS_PROVISION
PROV-209.270-2-D1,PROV-209.270-2-D1-2,HAS_PROVISION
PROV-209.270-2-D1,PROV-209.270-2-D1-3,HAS_PROVISION
SEC-209.270-2,PROV-209.270-2-D2,HAS_PROVISION
PROV-209.270-2-D2,PROV-209.270-2-D2-1,HAS_PROVISION
PROV-209.270-2-D2,PROV-209.270-2-D2-2,HAS_PROVISION
SEC-209.270-2,PROV-209.270-2-D3,HAS_PROVISION
PROV-209.270-2-D3,PROV-209.270-2-D3-1,HAS_PROVISION
PROV-209.270-2-D3,PROV-209.270-2-D3-2,HAS_PROVISION
SEC-209.270-3,PROV-209.270-3-a,HAS_PROVISION
SEC-209.270-3,PROV-209.270-3-b,HAS_PROVISION
SEC-209.270-4,PROV-209.270-4-a,HAS_PROVISION
PROV-209.270-4-a,PROV-209.270-4-a-1,HAS_PROVISION
PROV-209.270-4-a,PROV-209.270-4-a-2,HAS_PROVISION
PROV-209.270-4-a,PROV-209.270-4-a-3,HAS_PROVISION
SEC-209.270-4,PROV-209.270-4-b,HAS_PROVISION
PROV-209.270-4-b,PROV-209.270-4-b-1,HAS_PROVISION
PROV-209.270-4-b,PROV-209.270-4-b-2,HAS_PROVISION
PROV-209.270-4-b,PROV-209.270-4-b-3,HAS_PROVISION
SEC-209.270-4,PROV-209.270-4-c,HAS_PROVISION
SEC-209.402,PROV-209.402-d,HAS_PROVISION
SEC-209.402,PROV-209.402-e,HAS_PROVISION
SEC-209.403,PROV-209.403-D1,HAS_PROVISION
SEC-209.403,PROV-209.403-1,HAS_PROVISION
PROV-209.403-1,PROV-209.403-1-i,HAS_PROVISION
PROV-209.403-1,PROV-209.403-1-ii,HAS_PROVISION
PROV-209.403-1,PROV-209.403-1-iii,HAS_PROVISION
PROV-209.403-1,PROV-209.403-1-iv,HAS_PROVISION
PROV-209.403-1,PROV-209.403-1-v,HAS_PROVISION
PROV-209.403-1,PROV-209.403-1-vi,HAS_PROVISION
PROV-209.403-1,PROV-209.403-1-vii,HAS_PROVISION
PROV-209.403-1,PROV-209.403-1-viii,HAS_PROVISION
PROV-209.403-1,PROV-209.403-1-ix,HAS_PROVISION
PROV-209.403-1,PROV-209.403-1-x,HAS_PROVISION
PROV-209.403-1,PROV-209.403-1-xi,HAS_PROVISION
PROV-209.403-1,PROV-209.403-1-xii,HAS_PROVISION
PROV-209.403-1,PROV-209.403-1-xiii,HAS_PROVISION
PROV-209.403-1,PROV-209.403-1-xiv,HAS_PROVISION
SEC-209.403,PROV-209.403-2,HAS_PROVISION
PROV-209.403-2,PROV-209.403-2-i,HAS_PROVISION
PROV-209.403-2,PROV-209.403-2-ii,HAS_PROVISION
PROV-209.403-2,PROV-209.403-2-iii,HAS_PROVISION
PROV-209.403-2-iii,PROV-209.403-2-iii-A,HAS_PROVISION
PROV-209.403-2-iii,PROV-209.403-2-iii-B,HAS_PROVISION
SEC-209.403,PROV-209.403-3,HAS_PROVISION
SEC-209.405,PROV-209.405-a,HAS_PROVISION
PROV-209.405-a,PROV-209.405-a-i,HAS_PROVISION
PROV-209.405-a,PROV-209.405-a-ii,HAS_PROVISION
PROV-209.405-a,PROV-209.405-a-iii,HAS_PROVISION
PROV-209.405-a,PROV-209.405-a-iv,HAS_PROVISION
SEC-209.405,PROV-209.405-b,HAS_PROVISION
PROV-209.405-b,PROV-209.405-b-i,HAS_PROVISION
PROV-209.405-b,PROV-209.405-b-ii,HAS_PROVISION
PROV-209.405-b-ii,PROV-209.405-b-ii-A,HAS_PROVISION
PROV-209.405-b-ii,PROV-209.405-b-ii-B,HAS_PROVISION
PROV-209.405-b-ii-B,PROV-209.405-b-ii-B-1,HAS_PROVISION
PROV-209.405-b-ii-B,PROV-209.405-b-ii-B-2,HAS_PROVISION
PROV-209.405-b-ii,PROV-209.405-b-ii-C,HAS_PROVISION
PROV-209.405-b-ii,PROV-209.405-b-ii-D,HAS_PROVISION
PROV-209.405-b-ii,PROV-209.405-b-ii-E,HAS_PROVISION
SEC-209.405-2,PROV-209.405-2-a,HAS_PROVISION
SEC-209.406-1,PROV-209.406-1-a,HAS_PROVISION
PROV-209.406-1-a,PROV-209.406-1-a-i,HAS_PROVISION
PROV-209.406-1-a-i,PROV-209.406-1-a-i-A,HAS_PROVISION
PROV-209.406-1-a-i,PROV-209.406-1-a-i-B,HAS_PROVISION
PROV-209.406-1-a,PROV-209.406-1-a-ii,HAS_PROVISION
SEC-209.406-2,PROV-209.406-2-1,HAS_PROVISION
PROV-209.406-2-1,PROV-209.406-2-1-i,HAS_PROVISION
PROV-209.406-2-1,PROV-209.406-2-1-ii,HAS_PROVISION
SEC-209.406-2,PROV-209.406-2-2,HAS_PROVISION
SEC-209.503-70,PROV-209.503-70-a,HAS_PROVISION
SEC-209.503-70,PROV-209.503-70-b,HAS_PROVISION
SEC-209.505-4,PROV-209.505-4-b,HAS_PROVISION
PROV-209.505-4-b,PROV-209.505-4-b-i,HAS_PROVISION
PROV-209.505-4-b,PROV-209.505-4-b-ii,HAS_PROVISION
SEC-209.570-1,PROV-209.570-1-D1,HAS_PROVISION
SEC-209.570-2,PROV-209.570-2-a,HAS_PROVISION
SEC-209.570-2,PROV-209.570-2-b,HAS_PROVISION
PROV-209.570-2-b,PROV-209.570-2-b-1,HAS_PROVISION
PROV-209.570-2-b-1,PROV-209.570-2-b-1-i,HAS_PROVISION
PROV-209.570-2-b-1,PROV-209.570-2-b-1-ii,HAS_PROVISION
PROV-209.570-2-b,PROV-209.570-2-b-2,HAS_PROVISION
SEC-209.570-2,PROV-209.570-2-c,HAS_PROVISION
PROV-209.570-2-c,PROV-209.570-2-c-1,HAS_PROVISION
PROV-209.570-2-c,PROV-209.570-2-c-2,HAS_PROVISION
SEC-209.570-2,PROV-209.570-2-d,HAS_PROVISION
SEC-209.570-3,PROV-209.570-3-a,HAS_PROVISION
PROV-209.570-3-a,PROV-209.570-3-a-1,HAS_PROVISION
PROV-209.570-3-a,PROV-209.570-3-a-2,HAS_PROVISION
PROV-209.570-3-a,PROV-209.570-3-a-3,HAS_PROVISION
SEC-209.570-3,PROV-209.570-3-b,HAS_PROVISION
PROV-209.570-3-b,PROV-209.570-3-b-1,HAS_PROVISION
PROV-209.570-3-b,PROV-209.570-3-b-2,HAS_PROVISION
PROV-209.570-3-b,PROV-209.570-3-b-3,HAS_PROVISION
SEC-209.570-4,PROV-209.570-4-a,HAS_PROVISION
SEC-209.570-4,PROV-209.570-4-b,HAS_PROVISION
PROV-209.570-4-b,PROV-209.570-4-b-1,HAS_PROVISION
PROV-209.570-4-b,PROV-209.570-4-b-2,HAS_PROVISION
SEC-209.571-1,PROV-209.571-1-D1,HAS_PROVISION
PROV-209.571-1-D1,PROV-209.571-1-D1-i,HAS_PROVISION
PROV-209.571-1-D1,PROV-209.571-1-D1-ii,HAS_PROVISION
SEC-209.571-1,PROV-209.571-1-D2,HAS_PROVISION
PROV-209.571-1-D2,PROV-209.571-1-D2-i,HAS_PROVISION
PROV-209.571-1-D2,PROV-209.571-1-D2-ii,HAS_PROVISION
SEC-209.571-1,PROV-209.571-1-D3,HAS_PROVISION
SEC-209.571-1,PROV-209.571-1-D4,HAS_PROVISION
PROV-209.571-1-D4,PROV-209.571-1-D4-1,HAS_PROVISION
PROV-209.571-1-D4,PROV-209.571-1-D4-2,HAS_PROVISION
PROV-209.571-1-D4,PROV-209.571-1-D4-3,HAS_PROVISION
PROV-209.571-1-D4-3,PROV-209.571-1-D4-3-i,HAS_PROVISION
PROV-209.571-1-D4-3-i,PROV-209.571-1-D4-3-i-A,HAS_PROVISION
PROV-209.571-1-D4-3-i,PROV-209.571-1-D4-3-i-B,HAS_PROVISION
PROV-209.571-1-D4-3-i,PROV-209.571-1-D4-3-i-C,HAS_PROVISION
PROV-209.571-1-D4-3-i,PROV-209.571-1-D4-3-i-D,HAS_PROVISION
PROV-209.571-1-D4-3-i,PROV-209.571-1-D4-3-i-E,HAS_PROVISION
PROV-209.571-1-D4-3-i,PROV-209.571-1-D4-3-i-F,HAS_PROVISION
PROV-209.571-1-D4-3-i,PROV-209.571-1-D4-3-i-G,HAS_PROVISION
PROV-209.571-1-D4-3-i,PROV-209.571-1-D4-3-i-H,HAS_PROVISION
PROV-209.571-1-D4-3-i,PROV-209.571-1-D4-3-i-I,HAS_PROVISION
PROV-209.571-1-D4-3-i,PROV-209.571-1-D4-3-i-J,HAS_PROVISION
PROV-209.571-1-D4-3,PROV-209.571-1-D4-3-ii,HAS_PROVISION
PROV-209.571-1-D4-3-ii,PROV-209.571-1-D4-3-ii-A,HAS_PROVISION
PROV-209.571-1-D4-3-ii,PROV-209.571-1-D4-3-ii-B,HAS_PROVISION
SEC-209.571-2,PROV-209.571-2-a,HAS_PROVISION
SEC-209.571-2,PROV-209.571-2-b,HAS_PROVISION
SEC-209.571-3,PROV-209.571-3-a,HAS_PROVISION
SEC-209.571-3,PROV-209.571-3-b,HAS_PROVISION
SEC-209.571-4,PROV-209.571-4-a,HAS_PROVISION
SEC-209.571-4,PROV-209.571-4-b,HAS_PROVISION
SEC-209.571-4,PROV-209.571-4-c,HAS_PROVISION
SEC-209.571-4,PROV-209.571-4-d,HAS_PROVISION
SEC-209.571-6,PROV-209.571-6-a,HAS_PROVISION
PROV-209.571-6-a,PROV-209.571-6-a-1,HAS_PROVISION
PROV-209.571-6-a,PROV-209.571-6-a-2,HAS_PROVISION
SEC-209.571-6,PROV-209.571-6-b,HAS_PROVISION
SEC-209.571-6,PROV-209.571-6-c,HAS_PROVISION
SEC-209.571-7,PROV-209.571-7-a,HAS_PROVISION
SEC-209.571-7,PROV-209.571-7-b,HAS_PROVISION
PROV-209.571-7-b,PROV-209.571-7-b-1,HAS_PROVISION
PROV-209.571-7-b,PROV-209.571-7-b-2,HAS_PROVISION
SEC-209.571-7,PROV-209.571-7-c,HAS_PROVISION
PROV-209.571-7-c,PROV-209.571-7-c-1,HAS_PROVISION
PROV-209.571-7-c-1,PROV-209.571-7-c-1-i,HAS_PROVISION
PROV-209.571-7-c-1,PROV-209.571-7-c-1-ii,HAS_PROVISION
PROV-209.571-7-c,PROV-209.571-7-c-2,HAS_PROVISION
SEC-209.571-8,PROV-209.571-8-a,HAS_PROVISION
SEC-209.571-8,PROV-209.571-8-b,HAS_PROVISION
SEC-209.572,PROV-209.572-a,HAS_PROVISION
PROV-209.572-a,PROV-209.572-a-1,HAS_PROVISION
PROV-209.572-a,PROV-209.572-a-2,HAS_PROVISION
SEC-209.572,PROV-209.572-b,HAS_PROVISION
SEC-209.572,PROV-209.572-D1,HAS_PROVISION
PROV-209.572-D1,PROV-209.572-D1-i,HAS_PROVISION
PROV-209.572-D1,PROV-209.572-D1-ii,HAS_PROVISION
SEC-209.572,PROV-209.572-D2,HAS_PROVISION
PROV-209.572-D2,PROV-209.572-D2-i,HAS_PROVISION
PROV-209.572-D2,PROV-209.572-D2-ii,HAS_PROVISION
PROV-209.572-D2,PROV-209.572-D2-iii,HAS_PROVISION
PROV-209.572-D2,PROV-209.572-D2-iv,HAS_PROVISION
PROV-209.572-D2,PROV-209.572-D2-v,HAS_PROVISION
PROV-209.572-D2,PROV-209.572-D2-vi,HAS_PROVISION
SEC-209.572,PROV-209.572-D3,HAS_PROVISION
SEC-209.572,PROV-209.572-D4,HAS_PROVISION
PROV-209.572-D4,PROV-209.572-D4-i,HAS_PROVISION
PROV-209.572-D4,PROV-209.572-D4-ii,HAS_PROVISION
PROV-209.572-D4,PROV-209.572-D4-iii,HAS_PROVISION
PROV-209.572-D4-iii,PROV-209.572-D4-iii-A,HAS_PROVISION
PROV-209.572-D4-iii,PROV-209.572-D4-iii-B,HAS_PROVISION
PROV-209.572-D4-iii,PROV-209.572-D4-iii-C,HAS_PROVISION
PROV-209.572-D4-iii,PROV-209.572-D4-iii-D,HAS_PROVISION
PROV-209.572-D4,PROV-209.572-D4-iv,HAS_PROVISION
PROV-209.572-D4-iv,PROV-209.572-D4-iv-A,HAS_PROVISION
PROV-209.572-D4-iv,PROV-209.572-D4-iv-B,HAS_PROVISION
PROV-209.572-D4-iv,PROV-209.572-D4-iv-C,HAS_PROVISION
PROV-209.572-D4-iv,PROV-209.572-D4-iv-D,HAS_PROVISION
PROV-209.572-D4,PROV-209.572-D4-v,HAS_PROVISION
PROV-209.572-D4,PROV-209.572-D4-vi,HAS_PROVISION
SEC-209.572,PROV-209.572-c,HAS_PROVISION
PROV-209.572-c,PROV-209.572-c-1,HAS_PROVISION
PROV-209.572-c,PROV-209.572-c-2,HAS_PROVISION
SEC-209.572,PROV-209.572-d,HAS_PROVISION
PROV-209.572-d,PROV-209.572-d-1,HAS_PROVISION
PROV-209.572-d-1,PROV-209.572-d-1-i,HAS_PROVISION
PROV-209.572-d-1,PROV-209.572-d-1-ii,HAS_PROVISION
PROV-209.572-d,PROV-209.572-d-2,HAS_PROVISION
PROV-209.572-d,PROV-209.572-d-3,HAS_PROVISION
PROV-209.572-d,PROV-209.572-d-4,HAS_PROVISION
PROV-209.572-d,PROV-209.572-d-5,HAS_PROVISION
PROV-209.572-d-5,PROV-209.572-d-5-i,HAS_PROVISION
PROV-209.572-d-5,PROV-209.572-d-5-ii,HAS_PROVISION
PROV-209.572-d-5,PROV-209.572-d-5-iii,HAS_PROVISION
PROV-209.572-d-5,PROV-209.572-d-5-iv,HAS_PROVISION
PROV-209.572-d-5,PROV-209.572-d-5-v,HAS_PROVISION
SEC-209.572,PROV-209.572-e,HAS_PROVISION
SEC-210.001,PROV-210.001-a,HAS_PROVISION
PROV-210.001-a,PROV-210.001-a-i,HAS_PROVISION
PROV-210.001-a-i,PROV-210.001-a-i-A,HAS_PROVISION
PROV-210.001-a-i,PROV-210.001-a-i-B,HAS_PROVISION
PROV-210.001-a,PROV-210.001-a-ii,HAS_PROVISION
SEC-210.001,PROV-210.001-c,HAS_PROVISION
PROV-210.001-c,PROV-210.001-c-2,HAS_PROVISION
SEC-210.002,PROV-210.002-e,HAS_PROVISION
PROV-210.002-e,PROV-210.002-e-i,HAS_PROVISION
PROV-210.002-e,PROV-210.002-e-ii,HAS_PROVISION
PROV-210.002-e,PROV-210.002-e-iii,HAS_PROVISION
SEC-211.104,PROV-211.104-1,HAS_PROVISION
SEC-211.104,PROV-211.104-2,HAS_PROVISION
SEC-211.107,PROV-211.107-b,HAS_PROVISION
SEC-211.170,PROV-211.170-1,HAS_PROVISION
SEC-211.170,PROV-211.170-2,HAS_PROVISION
SEC-211.204,PROV-211.204-c,HAS_PROVISION
SEC-211.274-1,PROV-211.274-1-a,HAS_PROVISION
SEC-211.274-1,PROV-211.274-1-b,HAS_PROVISION
SEC-211.274-1,PROV-211.274-1-c,HAS_PROVISION
SEC-211.274-1,PROV-211.274-1-d,HAS_PROVISION
SEC-211.274-1,PROV-211.274-1-e,HAS_PROVISION
SEC-211.274-2,PROV-211.274-2-a,HAS_PROVISION
PROV-211.274-2-a,PROV-211.274-2-a-1,HAS_PROVISION
PROV-211.274-2-a,PROV-211.274-2-a-2,HAS_PROVISION
PROV-211.274-2-a,PROV-211.274-2-a-3,HAS_PROVISION
PROV-211.274-2-a-3,PROV-211.274-2-a-3-i,HAS_PROVISION
PROV-211.274-2-a-3,PROV-211.274-2-a-3-ii,HAS_PROVISION
PROV-211.274-2-a-3,PROV-211.274-2-a-3-iii,HAS_PROVISION
PROV-211.274-2-a-3,PROV-211.274-2-a-3-iv,HAS_PROVISION
PROV-211.274-2-a-3,PROV-211.274-2-a-3-v,HAS_PROVISION
SEC-211.274-2,PROV-211.274-2-b,HAS_PROVISION
PROV-211.274-2-b,PROV-211.274-2-b-1,HAS_PROVISION
PROV-211.274-2-b,PROV-211.274-2-b-2,HAS_PROVISION
PROV-211.274-2-b-2,PROV-211.274-2-b-2-i,HAS_PROVISION
PROV-211.274-2-b-2-i,PROV-211.274-2-b-2-i-A,HAS_PROVISION
PROV-211.274-2-b-2-i,PROV-211.274-2-b-2-i-B,HAS_PROVISION
PROV-211.274-2-b-2,PROV-211.274-2-b-2-ii,HAS_PROVISION
SEC-211.274-3,PROV-211.274-3-a,HAS_PROVISION
SEC-211.274-3,PROV-211.274-3-b,HAS_PROVISION
PROV-211.274-3-b,PROV-211.274-3-b-1,HAS_PROVISION
PROV-211.274-3-b,PROV-211.274-3-b-2,HAS_PROVISION
PROV-211.274-3-b,PROV-211.274-3-b-3,HAS_PROVISION
SEC-211.274-3,PROV-211.274-3-c,HAS_PROVISION
SEC-211.274-5,PROV-211.274-5-a,HAS_PROVISION
PROV-211.274-5-a,PROV-211.274-5-a-1,HAS_PROVISION
PROV-211.274-5-a,PROV-211.274-5-a-2,HAS_PROVISION
SEC-211.274-5,PROV-211.274-5-b,HAS_PROVISION
PROV-211.274-5-b,PROV-211.274-5-b-1,HAS_PROVISION
PROV-211.274-5-b,PROV-211.274-5-b-2,HAS_PROVISION
SEC-211.503,PROV-211.503-b,HAS_PROVISION
SEC-212.001,PROV-212.001-D1,HAS_PROVISION
SEC-212.102,PROV-212.102-a,HAS_PROVISION
PROV-212.102-a,PROV-212.102-a-i,HAS_PROVISION
PROV-212.102-a-i,PROV-212.102-a-i-A,HAS_PROVISION
PROV-212.102-a-i,PROV-212.102-a-i-B,HAS_PROVISION
PROV-212.102-a-i-B,PROV-212.102-a-i-B-1,HAS_PROVISION
PROV-212.102-a-i-B,PROV-212.102-a-i-B-2,HAS_PROVISION
PROV-212.102-a-i-B,PROV-212.102-a-i-B-3,HAS_PROVISION
PROV-212.102-a,PROV-212.102-a-ii,HAS_PROVISION
PROV-212.102-a-ii,PROV-212.102-a-ii-A,HAS_PROVISION
PROV-212.102-a-ii,PROV-212.102-a-ii-B,HAS_PROVISION
PROV-212.102-a-ii-B,PROV-212.102-a-ii-B-1,HAS_PROVISION
PROV-212.102-a-ii-B,PROV-212.102-a-ii-B-2,HAS_PROVISION
PROV-212.102-a-ii-B-2,PROV-212.102-a-ii-B-2-i,HAS_PROVISION
PROV-212.102-a-ii-B-2,PROV-212.102-a-ii-B-2-ii,HAS_PROVISION
PROV-212.102-a,PROV-212.102-a-iii,HAS_PROVISION
PROV-212.102-a-iii,PROV-212.102-a-iii-A,HAS_PROVISION
PROV-212.102-a-iii,PROV-212.102-a-iii-B,HAS_PROVISION
PROV-212.102-a-iii,PROV-212.102-a-iii-C,HAS_PROVISION
PROV-212.102-a-iii,PROV-212.102-a-iii-D,HAS_PROVISION
PROV-212.102-a,PROV-212.102-a-iv,HAS_PROVISION
PROV-212.102-a-iv,PROV-212.102-a-iv-A,HAS_PROVISION
PROV-212.102-a-iv,PROV-212.102-a-iv-B,HAS_PROVISION
PROV-212.102-a-iv,PROV-212.102-a-iv-C,HAS_PROVISION
PROV-212.102-a,PROV-212.102-a-v,HAS_PROVISION
SEC-212.203,PROV-212.203-1,HAS_PROVISION
SEC-212.203,PROV-212.203-2,HAS_PROVISION
SEC-212.203,PROV-212.203-3,HAS_PROVISION
SEC-212.203,PROV-212.203-4,HAS_PROVISION
SEC-212.203,PROV-212.203-5,HAS_PROVISION
SEC-212.203,PROV-212.203-6,HAS_PROVISION
SEC-212.207,PROV-212.207-b,HAS_PROVISION
PROV-212.207-b,PROV-212.207-b-i,HAS_PROVISION
PROV-212.207-b,PROV-212.207-b-ii,HAS_PROVISION
PROV-212.207-b,PROV-212.207-b-iii,HAS_PROVISION
PROV-212.207-b-iii,PROV-212.207-b-iii-A,HAS_PROVISION
PROV-212.207-b-iii,PROV-212.207-b-iii-B,HAS_PROVISION
PROV-212.207-b-iii,PROV-212.207-b-iii-C,HAS_PROVISION
PROV-212.207-b-iii,PROV-212.207-b-iii-D,HAS_PROVISION
SEC-212.209,PROV-212.209-a,HAS_PROVISION
PROV-212.209-a,PROV-212.209-a-1,HAS_PROVISION
PROV-212.209-a,PROV-212.209-a-2,HAS_PROVISION
SEC-212.209,PROV-212.209-b,HAS_PROVISION
SEC-212.209,PROV-212.209-c,HAS_PROVISION
PROV-212.209-c,PROV-212.209-c-1,HAS_PROVISION
PROV-212.209-c,PROV-212.209-c-2,HAS_PROVISION
PROV-212.209-c,PROV-212.209-c-3,HAS_PROVISION
PROV-212.209-c,PROV-212.209-c-4,HAS_PROVISION
SEC-212.209,PROV-212.209-d,HAS_PROVISION
SEC-212.212,PROV-212.212-1,HAS_PROVISION
SEC-212.212,PROV-212.212-2,HAS_PROVISION
SEC-212.272,PROV-212.272-a,HAS_PROVISION
SEC-212.272,PROV-212.272-b,HAS_PROVISION
PROV-212.272-b,PROV-212.272-b-1,HAS_PROVISION
PROV-212.272-b,PROV-212.272-b-2,HAS_PROVISION
PROV-212.272-b-2,PROV-212.272-b-2-i,HAS_PROVISION
PROV-212.272-b-2,PROV-212.272-b-2-ii,HAS_PROVISION
SEC-212.301,PROV-212.301-c,HAS_PROVISION
SEC-212.301,PROV-212.301-f,HAS_PROVISION
PROV-212.301-f,PROV-212.301-f-i,HAS_PROVISION
PROV-212.301-f-i,PROV-212.301-f-i-A,HAS_PROVISION
PROV-212.301-f-i,PROV-212.301-f-i-B,HAS_PROVISION
PROV-212.301-f-i,PROV-212.301-f-i-C,HAS_PROVISION
PROV-212.301-f-i,PROV-212.301-f-i-D,HAS_PROVISION
PROV-212.301-f,PROV-212.301-f-ii,HAS_PROVISION
PROV-212.301-f-ii,PROV-212.301-f-ii-A,HAS_PROVISION
PROV-212.301-f-ii,PROV-212.301-f-ii-B,HAS_PROVISION
PROV-212.301-f-ii,PROV-212.301-f-ii-C,HAS_PROVISION
PROV-212.301-f-ii,PROV-212.301-f-ii-D,HAS_PROVISION
PROV-212.301-f-ii,PROV-212.301-f-ii-E,HAS_PROVISION
PROV-212.301-f-ii,PROV-212.301-f-ii-F,HAS_PROVISION
PROV-212.301-f-ii,PROV-212.301-f-ii-G,HAS_PROVISION
PROV-212.301-f-ii,PROV-212.301-f-ii-H,HAS_PROVISION
PROV-212.301-f-ii,PROV-212.301-f-ii-I,HAS_PROVISION
PROV-212.301-f-ii,PROV-212.301-f-ii-J,HAS_PROVISION
PROV-212.301-f-ii,PROV-212.301-f-ii-K,HAS_PROVISION
PROV-212.301-f-ii,PROV-212.301-f-ii-L,HAS_PROVISION
PROV-212.301-f-ii,PROV-212.301-f-ii-M,HAS_PROVISION
PROV-212.301-f-ii,PROV-212.301-f-ii-N,HAS_PROVISION
PROV-212.301-f-ii-N,PROV-212.301-f-ii-N-1,HAS_PROVISION
PROV-212.301-f-ii-N,PROV-212.301-f-ii-N-2,HAS_PROVISION
PROV-212.301-f-ii,PROV-212.301-f-ii-O,HAS_PROVISION
PROV-212.301-f-ii,PROV-212.301-f-ii-P,HAS_PROVISION
PROV-212.301-f,PROV-212.301-f-iii,HAS_PROVISION
PROV-212.301-f,PROV-212.301-f-iv,HAS_PROVISION
PROV-212.301-f-iv,PROV-212.301-f-iv-A,HAS_PROVISION
PROV-212.301-f-iv,PROV-212.301-f-iv-B,HAS_PROVISION
PROV-212.301-f,PROV-212.301-f-v,HAS_PROVISION
PROV-212.301-f-v,PROV-212.301-f-v-A,HAS_PROVISION
PROV-212.301-f-v,PROV-212.301-f-v-B,HAS_PROVISION
PROV-212.301-f,PROV-212.301-f-vi,HAS_PROVISION
PROV-212.301-f-vi,PROV-212.301-f-vi-A,HAS_PROVISION
PROV-212.301-f-vi,PROV-212.301-f-vi-B,HAS_PROVISION
PROV-212.301-f-vi,PROV-212.301-f-vi-C,HAS_PROVISION
PROV-212.301-f-vi,PROV-212.301-f-vi-D,HAS_PROVISION
PROV-212.301-f-vi-D,PROV-212.301-f-vi-D-1,HAS_PROVISION
PROV-212.301-f-vi-D,PROV-212.301-f-vi-D-2,HAS_PROVISION
PROV-212.301-f-vi,PROV-212.301-f-vi-E,HAS_PROVISION
PROV-212.301-f,PROV-212.301-f-vii,HAS_PROVISION
PROV-212.301-f,PROV-212.301-f-viii,HAS_PROVISION
PROV-212.301-f-viii,PROV-212.301-f-viii-A,HAS_PROVISION
PROV-212.301-f-viii,PROV-212.301-f-viii-B,HAS_PROVISION
PROV-212.301-f-viii-B,PROV-212.301-f-viii-B-1,HAS_PROVISION
PROV-212.301-f-viii-B,PROV-212.301-f-viii-B-2,HAS_PROVISION
PROV-212.301-f-viii-B,PROV-212.301-f-viii-B-3,HAS_PROVISION
PROV-212.301-f-viii,PROV-212.301-f-viii-C,HAS_PROVISION
PROV-212.301-f-viii,PROV-212.301-f-viii-D,HAS_PROVISION
PROV-212.301-f,PROV-212.301-f-ix,HAS_PROVISION
PROV-212.301-f-ix,PROV-212.301-f-ix-A,HAS_PROVISION
PROV-212.301-f-ix,PROV-212.301-f-ix-B,HAS_PROVISION
PROV-212.301-f,PROV-212.301-f-x,HAS_PROVISION
PROV-212.301-f-x,PROV-212.301-f-x-A,HAS_PROVISION
PROV-212.301-f-x-A,PROV-212.301-f-x-A-1,HAS_PROVISION
PROV-212.301-f-x-A,PROV-212.301-f-x-A-2,HAS_PROVISION
PROV-212.301-f-x,PROV-212.301-f-x-B,HAS_PROVISION
PROV-212.301-f-x-B,PROV-212.301-f-x-B-1,HAS_PROVISION
PROV-212.301-f-x-B,PROV-212.301-f-x-B-2,HAS_PROVISION
PROV-212.301-f-x,PROV-212.301-f-x-C,HAS_PROVISION
PROV-212.301-f-x,PROV-212.301-f-x-D,HAS_PROVISION
PROV-212.301-f-x,PROV-212.301-f-x-E,HAS_PROVISION
PROV-212.301-f-x,PROV-212.301-f-x-F,HAS_PROVISION
PROV-212.301-f-x,PROV-212.301-f-x-G,HAS_PROVISION
PROV-212.301-f-x,PROV-212.301-f-x-H,HAS_PROVISION
PROV-212.301-f-x,PROV-212.301-f-x-I,HAS_PROVISION
PROV-212.301-f-x,PROV-212.301-f-x-J,HAS_PROVISION
PROV-212.301-f-x,PROV-212.301-f-x-K,HAS_PROVISION
PROV-212.301-f-x,PROV-212.301-f-x-L,HAS_PROVISION
PROV-212.301-f-x,PROV-212.301-f-x-M,HAS_PROVISION
PROV-212.301-f-x,PROV-212.301-f-x-N,HAS_PROVISION
PROV-212.301-f-x-N,PROV-212.301-f-x-N-1,HAS_PROVISION
PROV-212.301-f-x-N,PROV-212.301-f-x-N-2,HAS_PROVISION
PROV-212.301-f-x,PROV-212.301-f-x-O,HAS_PROVISION
PROV-212.301-f-x-O,PROV-212.301-f-x-O-1,HAS_PROVISION
PROV-212.301-f-x-O,PROV-212.301-f-x-O-2,HAS_PROVISION
PROV-212.301-f-x,PROV-212.301-f-x-P,HAS_PROVISION
PROV-212.301-f-x,PROV-212.301-f-x-Q,HAS_PROVISION
PROV-212.301-f-x,PROV-212.301-f-x-R,HAS_PROVISION
PROV-212.301-f-x,PROV-212.301-f-x-S,HAS_PROVISION
PROV-212.301-f-x,PROV-212.301-f-x-T,HAS_PROVISION
PROV-212.301-f-x,PROV-212.301-f-x-U,HAS_PROVISION
PROV-212.301-f-x,PROV-212.301-f-x-V,HAS_PROVISION
PROV-212.301-f-x,PROV-212.301-f-x-W,HAS_PROVISION
PROV-212.301-f-x-W,PROV-212.301-f-x-W-1,HAS_PROVISION
PROV-212.301-f-x-W,PROV-212.301-f-x-W-2,HAS_PROVISION
PROV-212.301-f-x-W,PROV-212.301-f-x-W-3,HAS_PROVISION
PROV-212.301-f-x-W,PROV-212.301-f-x-W-4,HAS_PROVISION
PROV-212.301-f-x-W,PROV-212.301-f-x-W-5,HAS_PROVISION
PROV-212.301-f-x-W,PROV-212.301-f-x-W-6,HAS_PROVISION
PROV-212.301-f-x,PROV-212.301-f-x-X,HAS_PROVISION
PROV-212.301-f-x-X,PROV-212.301-f-x-X-1,HAS_PROVISION
PROV-212.301-f-x-X,PROV-212.301-f-x-X-2,HAS_PROVISION
PROV-212.301-f-x-X,PROV-212.301-f-x-X-3,HAS_PROVISION
PROV-212.301-f-x-X,PROV-212.301-f-x-X-4,HAS_PROVISION
PROV-212.301-f-x-X,PROV-212.301-f-x-X-5,HAS_PROVISION
PROV-212.301-f-x-X,PROV-212.301-f-x-X-6,HAS_PROVISION
PROV-212.301-f-x,PROV-212.301-f-x-Y,HAS_PROVISION
PROV-212.301-f-x,PROV-212.301-f-x-Z,HAS_PROVISION
PROV-212.301-f-x,PROV-212.301-f-x-AA,HAS_PROVISION
PROV-212.301-f-x,PROV-212.301-f-x-BB,HAS_PROVISION
PROV-212.301-f-x,PROV-212.301-f-x-CC,HAS_PROVISION
PROV-212.301-f-x,PROV-212.301-f-x-DD,HAS_PROVISION
PROV-212.301-f-x,PROV-212.301-f-x-EE,HAS_PROVISION
PROV-212.301-f-x,PROV-212.301-f-x-FF,HAS_PROVISION
PROV-212.301-f-x,PROV-212.301-f-x-GG,HAS_PROVISION
PROV-212.301-f-x,PROV-212.301-f-x-HH,HAS_PROVISION
PROV-212.301-f-x,PROV-212.301-f-x-II,HAS_PROVISION
PROV-212.301-f-x,PROV-212.301-f-x-JJ,HAS_PROVISION
PROV-212.301-f-x,PROV-212.301-f-x-KK,HAS_PROVISION
PROV-212.301-f-x,PROV-212.301-f-x-LL,HAS_PROVISION
PROV-212.301-f-x,PROV-212.301-f-x-MM,HAS_PROVISION
PROV-212.301-f-x,PROV-212.301-f-x-NN,HAS_PROVISION
PROV-212.301-f-x,PROV-212.301-f-x-OO,HAS_PROVISION
PROV-212.301-f-x,PROV-212.301-f-x-PP,HAS_PROVISION
PROV-212.301-f,PROV-212.301-f-xi,HAS_PROVISION
PROV-212.301-f-xi,PROV-212.301-f-xi-A,HAS_PROVISION
PROV-212.301-f-xi,PROV-212.301-f-xi-B,HAS_PROVISION
PROV-212.301-f,PROV-212.301-f-xii,HAS_PROVISION
PROV-212.301-f-xii,PROV-212.301-f-xii-A,HAS_PROVISION
PROV-212.301-f-xii,PROV-212.301-f-xii-B,HAS_PROVISION
PROV-212.301-f-xii,PROV-212.301-f-xii-C,HAS_PROVISION
PROV-212.301-f-xii,PROV-212.301-f-xii-D,HAS_PROVISION
PROV-212.301-f-xii,PROV-212.301-f-xii-E,HAS_PROVISION
PROV-212.301-f-xii,PROV-212.301-f-xii-F,HAS_PROVISION
PROV-212.301-f,PROV-212.301-f-xiii,HAS_PROVISION
PROV-212.301-f,PROV-212.301-f-xiv,HAS_PROVISION
PROV-212.301-f-xiv,PROV-212.301-f-xiv-A,HAS_PROVISION
PROV-212.301-f-xiv,PROV-212.301-f-xiv-B,HAS_PROVISION
PROV-212.301-f-xiv,PROV-212.301-f-xiv-F,HAS_PROVISION
PROV-212.301-f,PROV-212.301-f-xv,HAS_PROVISION
PROV-212.301-f-xv,PROV-212.301-f-xv-A,HAS_PROVISION
PROV-212.301-f-xv,PROV-212.301-f-xv-B,HAS_PROVISION
PROV-212.301-f-xv,PROV-212.301-f-xv-C,HAS_PROVISION
PROV-212.301-f-xv,PROV-212.301-f-xv-D,HAS_PROVISION
PROV-212.301-f-xv,PROV-212.301-f-xv-E,HAS_PROVISION
PROV-212.301-f,PROV-212.301-f-xvi,HAS_PROVISION
PROV-212.301-f-xvi,PROV-212.301-f-xvi-B,HAS_PROVISION
PROV-212.301-f-xvi,PROV-212.301-f-xvi-C,HAS_PROVISION
PROV-212.301-f-xvi,PROV-212.301-f-xvi-D,HAS_PROVISION
PROV-212.301-f,PROV-212.301-f-xvii,HAS_PROVISION
PROV-212.301-f,PROV-212.301-f-xix,HAS_PROVISION
PROV-212.301-f,PROV-212.301-f-xx,HAS_PROVISION
PROV-212.301-f-xx,PROV-212.301-f-xx-A,HAS_PROVISION
PROV-212.301-f-xx,PROV-212.301-f-xx-B,HAS_PROVISION
PROV-212.301-f-xx,PROV-212.301-f-xx-C,HAS_PROVISION
PROV-212.301-f,PROV-212.301-f-xxi,HAS_PROVISION
PROV-212.301-f-xxi,PROV-212.301-f-xxi-B,HAS_PROVISION
PROV-212.301-f-xxi-B,PROV-212.301-f-xxi-B-1,HAS_PROVISION
PROV-212.301-f-xxi-B,PROV-212.301-f-xxi-B-2,HAS_PROVISION
PROV-212.301-f-xxi-B,PROV-212.301-f-xxi-B-3,HAS_PROVISION
PROV-212.301-f-xxi,PROV-212.301-f-xxi-C,HAS_PROVISION
PROV-212.301-f-xxi,PROV-212.301-f-xxi-D,HAS_PROVISION
PROV-212.301-f-xxi,PROV-212.301-f-xxi-E,HAS_PROVISION
PROV-212.301-f-xxi,PROV-212.301-f-xxi-F,HAS_PROVISION
PROV-212.301-f,PROV-212.301-f-xxii,HAS_PROVISION
PROV-212.301-f-xxii,PROV-212.301-f-xxii-A,HAS_PROVISION
PROV-212.301-f-xxii,PROV-212.301-f-xxii-B,HAS_PROVISION
PROV-212.301-f-xxii,PROV-212.301-f-xxii-C,HAS_PROVISION
SEC-212.302,PROV-212.302-c,HAS_PROVISION
SEC-212.370,PROV-212.370-a,HAS_PROVISION
SEC-212.370,PROV-212.370-b,HAS_PROVISION
SEC-212.370,PROV-212.370-c,HAS_PROVISION
SEC-212.371,PROV-212.371-a,HAS_PROVISION
SEC-212.371,PROV-212.371-b,HAS_PROVISION
SEC-212.371,PROV-212.371-c,HAS_PROVISION
SEC-212.371,PROV-212.371-d,HAS_PROVISION
SEC-212.371,PROV-212.371-e,HAS_PROVISION
SEC-212.371,PROV-212.371-f,HAS_PROVISION
SEC-212.371,PROV-212.371-g,HAS_PROVISION
SEC-212.371,PROV-212.371-h,HAS_PROVISION
SEC-212.371,PROV-212.371-i,HAS_PROVISION
SEC-212.371,PROV-212.371-j,HAS_PROVISION
SEC-212.503,PROV-212.503-a,HAS_PROVISION
PROV-212.503-a,PROV-212.503-a-i,HAS_PROVISION
PROV-212.503-a,PROV-212.503-a-ii,HAS_PROVISION
PROV-212.503-a,PROV-212.503-a-iii,HAS_PROVISION
PROV-212.503-a,PROV-212.503-a-iv,HAS_PROVISION
PROV-212.503-a,PROV-212.503-a-v,HAS_PROVISION
PROV-212.503-a,PROV-212.503-a-vi,HAS_PROVISION
PROV-212.503-a,PROV-212.503-a-vii,HAS_PROVISION
PROV-212.503-a,PROV-212.503-a-viii,HAS_PROVISION
PROV-212.503-a,PROV-212.503-a-ix,HAS_PROVISION
SEC-212.503,PROV-212.503-c,HAS_PROVISION
PROV-212.503-c,PROV-212.503-c-i,HAS_PROVISION
PROV-212.503-c,PROV-212.503-c-ii,HAS_PROVISION
SEC-212.504,PROV-212.504-a,HAS_PROVISION
PROV-212.504-a,PROV-212.504-a-i,HAS_PROVISION
PROV-212.504-a,PROV-212.504-a-ii,HAS_PROVISION
PROV-212.504-a,PROV-212.504-a-iii,HAS_PROVISION
PROV-212.504-a,PROV-212.504-a-iv,HAS_PROVISION
PROV-212.504-a,PROV-212.504-a-v,HAS_PROVISION
PROV-212.504-a,PROV-212.504-a-vi,HAS_PROVISION
PROV-212.504-a,PROV-212.504-a-vii,HAS_PROVISION
PROV-212.504-a,PROV-212.504-a-viii,HAS_PROVISION
PROV-212.504-a,PROV-212.504-a-ix,HAS_PROVISION
PROV-212.504-a,PROV-212.504-a-x,HAS_PROVISION
PROV-212.504-a,PROV-212.504-a-xi,HAS_PROVISION
PROV-212.504-a,PROV-212.504-a-xii,HAS_PROVISION
PROV-212.504-a,PROV-212.504-a-xiii,HAS_PROVISION
PROV-212.504-a,PROV-212.504-a-xiv,HAS_PROVISION
SEC-212.504,PROV-212.504-b,HAS_PROVISION
PROV-212.504-b,PROV-212.504-b-i,HAS_PROVISION
PROV-212.504-b,PROV-212.504-b-ii,HAS_PROVISION
PROV-212.504-b,PROV-212.504-b-iii,HAS_PROVISION
SEC-212.505,PROV-212.505-1,HAS_PROVISION
SEC-212.505,PROV-212.505-2,HAS_PROVISION
SEC-212.505,PROV-212.505-3,HAS_PROVISION
SEC-212.602,PROV-212.602-b,HAS_PROVISION
PROV-212.602-b,PROV-212.602-b-i,HAS_PROVISION
PROV-212.602-b,PROV-212.602-b-ii,HAS_PROVISION
PROV-212.602-b,PROV-212.602-b-iii,HAS_PROVISION
SEC-212.7001,PROV-212.7001-1,HAS_PROVISION
SEC-212.7001,PROV-212.7001-2,HAS_PROVISION
SEC-212.7002,PROV-212.7002-a,HAS_PROVISION
PROV-212.7002-a,PROV-212.7002-a-1,HAS_PROVISION
PROV-212.7002-a,PROV-212.7002-a-2,HAS_PROVISION
PROV-212.7002-a,PROV-212.7002-a-3,HAS_PROVISION
SEC-212.7002,PROV-212.7002-b,HAS_PROVISION
SEC-212.7002,PROV-212.7002-c,HAS_PROVISION
SEC-212.7002,PROV-212.7002-d,HAS_PROVISION
SEC-212.7004,PROV-212.7004-a,HAS_PROVISION
PROV-212.7004-a,PROV-212.7004-a-1,HAS_PROVISION
PROV-212.7004-a,PROV-212.7004-a-2,HAS_PROVISION
PROV-212.7004-a,PROV-212.7004-a-3,HAS_PROVISION
PROV-212.7004-a-3,PROV-212.7004-a-3-i,HAS_PROVISION
PROV-212.7004-a-3,PROV-212.7004-a-3-ii,HAS_PROVISION
PROV-212.7004-a-3,PROV-212.7004-a-3-iii,HAS_PROVISION
PROV-212.7004-a,PROV-212.7004-a-4,HAS_PROVISION
PROV-212.7004-a,PROV-212.7004-a-5,HAS_PROVISION
SEC-212.7004,PROV-212.7004-b,HAS_PROVISION
SEC-212.7004,PROV-212.7004-c,HAS_PROVISION
SEC-212.7004,PROV-212.7004-d,HAS_PROVISION
SEC-212.7004,PROV-212.7004-e,HAS_PROVISION
SEC-212.7004,PROV-212.7004-f,HAS_PROVISION
SEC-213.106-1,PROV-213.106-1-a,HAS_PROVISION
PROV-213.106-1-a,PROV-213.106-1-a-2,HAS_PROVISION
PROV-213.106-1-a-2,PROV-213.106-1-a-2-i,HAS_PROVISION
PROV-213.106-1-a-2,PROV-213.106-1-a-2-ii,HAS_PROVISION
PROV-213.106-1-a-2,PROV-213.106-1-a-2-iii,HAS_PROVISION
SEC-213.106-2,PROV-213.106-2-b,HAS_PROVISION
PROV-213.106-2-b,PROV-213.106-2-b-i,HAS_PROVISION
SEC-213.201,PROV-213.201-f,HAS_PROVISION
SEC-213.201,PROV-213.201-g,HAS_PROVISION
SEC-213.201,PROV-213.201-j,HAS_PROVISION
SEC-213.270,PROV-213.270-a,HAS_PROVISION
SEC-213.270,PROV-213.270-b,HAS_PROVISION
PROV-213.270-b,PROV-213.270-b-1,HAS_PROVISION
PROV-213.270-b-1,PROV-213.270-b-1-i,HAS_PROVISION
PROV-213.270-b-1,PROV-213.270-b-1-ii,HAS_PROVISION
PROV-213.270-b,PROV-213.270-b-2,HAS_PROVISION
SEC-213.270,PROV-213.270-c,HAS_PROVISION
PROV-213.270-c,PROV-213.270-c-1,HAS_PROVISION
PROV-213.270-c,PROV-213.270-c-2,HAS_PROVISION
PROV-213.270-c,PROV-213.270-c-3,HAS_PROVISION
PROV-213.270-c,PROV-213.270-c-4,HAS_PROVISION
PROV-213.270-c,PROV-213.270-c-5,HAS_PROVISION
PROV-213.270-c,PROV-213.270-c-6,HAS_PROVISION
PROV-213.270-c,PROV-213.270-c-7,HAS_PROVISION
PROV-213.270-c,PROV-213.270-c-8,HAS_PROVISION
PROV-213.270-c,PROV-213.270-c-9,HAS_PROVISION
PROV-213.270-c-9,PROV-213.270-c-9-i,HAS_PROVISION
PROV-213.270-c-9,PROV-213.270-c-9-ii,HAS_PROVISION
PROV-213.270-c-9,PROV-213.270-c-9-iii,HAS_PROVISION
PROV-213.270-c-9,PROV-213.270-c-9-iv,HAS_PROVISION
PROV-213.270-c-9,PROV-213.270-c-9-v,HAS_PROVISION
PROV-213.270-c-9,PROV-213.270-c-9-vi,HAS_PROVISION
SEC-213.301,PROV-213.301-1,HAS_PROVISION
SEC-213.301,PROV-213.301-2,HAS_PROVISION
PROV-213.301-2,PROV-213.301-2-i,HAS_PROVISION
PROV-213.301-2-i,PROV-213.301-2-i-A,HAS_PROVISION
PROV-213.301-2-i,PROV-213.301-2-i-B,HAS_PROVISION
PROV-213.301-2-i,PROV-213.301-2-i-C,HAS_PROVISION
PROV-213.301-2-i,PROV-213.301-2-i-D,HAS_PROVISION
PROV-213.301-2-i,PROV-213.301-2-i-E,HAS_PROVISION
PROV-213.301-2-i,PROV-213.301-2-i-F,HAS_PROVISION
PROV-213.301-2-i,PROV-213.301-2-i-G,HAS_PROVISION
PROV-213.301-2,PROV-213.301-2-ii,HAS_PROVISION
PROV-213.301-2-ii,PROV-213.301-2-ii-A,HAS_PROVISION
PROV-213.301-2-ii,PROV-213.301-2-ii-B,HAS_PROVISION
PROV-213.301-2-ii,PROV-213.301-2-ii-C,HAS_PROVISION
SEC-213.301,PROV-213.301-3,HAS_PROVISION
PROV-213.301-3,PROV-213.301-3-i,HAS_PROVISION
PROV-213.301-3,PROV-213.301-3-ii,HAS_PROVISION
PROV-213.301-3,PROV-213.301-3-iii,HAS_PROVISION
SEC-213.301,PROV-213.301-4,HAS_PROVISION
SEC-213.301,PROV-213.301-5,HAS_PROVISION
SEC-213.301,PROV-213.301-6,HAS_PROVISION
SEC-213.302-3,PROV-213.302-3-1,HAS_PROVISION
SEC-213.302-3,PROV-213.302-3-2,HAS_PROVISION
SEC-213.302-3,PROV-213.302-3-3,HAS_PROVISION
SEC-213.302-5,PROV-213.302-5-a,HAS_PROVISION
PROV-213.302-5-a,PROV-213.302-5-a-d,HAS_PROVISION
PROV-213.302-5-a-d,PROV-213.302-5-a-d-i,HAS_PROVISION
PROV-213.302-5-a-d,PROV-213.302-5-a-d-ii,HAS_PROVISION
SEC-213.303-5,PROV-213.303-5-b,HAS_PROVISION
SEC-213.305-3,PROV-213.305-3-d,HAS_PROVISION
PROV-213.305-3-d,PROV-213.305-3-d-i,HAS_PROVISION
PROV-213.305-3-d-i,PROV-213.305-3-d-i-A,HAS_PROVISION
PROV-213.305-3-d-i,PROV-213.305-3-d-i-B,HAS_PROVISION
PROV-213.305-3-d,PROV-213.305-3-d-ii,HAS_PROVISION
PROV-213.305-3-d,PROV-213.305-3-d-iii,HAS_PROVISION
PROV-213.305-3-d-iii,PROV-213.305-3-d-iii-A,HAS_PROVISION
PROV-213.305-3-d-iii,PROV-213.305-3-d-iii-B,HAS_PROVISION
SEC-213.306,PROV-213.306-a,HAS_PROVISION
PROV-213.306-a,PROV-213.306-a-1,HAS_PROVISION
PROV-213.306-a-1,PROV-213.306-a-1-A,HAS_PROVISION
PROV-213.306-a-1,PROV-213.306-a-1-B,HAS_PROVISION
PROV-213.306-a-1,PROV-213.306-a-1-C,HAS_PROVISION
SEC-213.402,PROV-213.402-a,HAS_PROVISION
PROV-213.402-a,PROV-213.402-a-i,HAS_PROVISION
PROV-213.402-a,PROV-213.402-a-ii,HAS_PROVISION
SEC-213.501,PROV-213.501-a,HAS_PROVISION
PROV-213.501-a,PROV-213.501-a-i,HAS_PROVISION
PROV-213.501-a,PROV-213.501-a-ii,HAS_PROVISION
SEC-213.7001,PROV-213.7001-a,HAS_PROVISION
PROV-213.7001-a,PROV-213.7001-a-1,HAS_PROVISION
PROV-213.7001-a-1,PROV-213.7001-a-1-i,HAS_PROVISION
PROV-213.7001-a-1,PROV-213.7001-a-1-ii,HAS_PROVISION
PROV-213.7001-a,PROV-213.7001-a-2,HAS_PROVISION
SEC-213.7001,PROV-213.7001-b,HAS_PROVISION
SEC-214.201-5,PROV-214.201-5-c,HAS_PROVISION
SEC-214.201-6,PROV-214.201-6-2,HAS_PROVISION
SEC-214.202-5,PROV-214.202-5-c,HAS_PROVISION
SEC-214.404-1,PROV-214.404-1-1,HAS_PROVISION
SEC-214.404-1,PROV-214.404-1-2,HAS_PROVISION
SEC-214.407-3,PROV-214.407-3-e,HAS_PROVISION
SEC-214.407-3,PROV-214.407-3-i,HAS_PROVISION
SEC-214.407-3,PROV-214.407-3-ii,HAS_PROVISION
SEC-214.407-3,PROV-214.407-3-iii,HAS_PROVISION
SEC-214.407-3,PROV-214.407-3-iv,HAS_PROVISION
PROV-214.407-3-iv,PROV-214.407-3-iv-A,HAS_PROVISION
PROV-214.407-3-iv,PROV-214.407-3-iv-B,HAS_PROVISION
SEC-214.407-3,PROV-214.407-3-v,HAS_PROVISION
SEC-214.407-3,PROV-214.407-3-vi,HAS_PROVISION
SEC-214.407-3,PROV-214.407-3-vii,HAS_PROVISION
SEC-214.407-3,PROV-214.407-3-viii,HAS_PROVISION
SEC-214.407-3,PROV-214.407-3-ix,HAS_PROVISION
SEC-214.408-1,PROV-214.408-1-b,HAS_PROVISION
SEC-214.503-1,PROV-214.503-1-a,HAS_PROVISION
PROV-214.503-1-a,PROV-214.503-1-a-4,HAS_PROVISION
SEC-215.101-2-70,PROV-215.101-2-70-a,HAS_PROVISION
PROV-215.101-2-70-a,PROV-215.101-2-70-a-1,HAS_PROVISION
PROV-215.101-2-70-a-1,PROV-215.101-2-70-a-1-i,HAS_PROVISION
PROV-215.101-2-70-a-1,PROV-215.101-2-70-a-1-ii,HAS_PROVISION
PROV-215.101-2-70-a-1,PROV-215.101-2-70-a-1-iii,HAS_PROVISION
PROV-215.101-2-70-a-1,PROV-215.101-2-70-a-1-iv,HAS_PROVISION
PROV-215.101-2-70-a-1,PROV-215.101-2-70-a-1-v,HAS_PROVISION
PROV-215.101-2-70-a-1,PROV-215.101-2-70-a-1-vi,HAS_PROVISION
PROV-215.101-2-70-a-1,PROV-215.101-2-70-a-1-vii,HAS_PROVISION
PROV-215.101-2-70-a-1,PROV-215.101-2-70-a-1-viii,HAS_PROVISION
PROV-215.101-2-70-a,PROV-215.101-2-70-a-2,HAS_PROVISION
PROV-215.101-2-70-a-2,PROV-215.101-2-70-a-2-i,HAS_PROVISION
PROV-215.101-2-70-a-2,PROV-215.101-2-70-a-2-ii,HAS_PROVISION
PROV-215.101-2-70-a-2,PROV-215.101-2-70-a-2-iii,HAS_PROVISION
SEC-215.101-2-70,PROV-215.101-2-70-b,HAS_PROVISION
PROV-215.101-2-70-b,PROV-215.101-2-70-b-1,HAS_PROVISION
PROV-215.101-2-70-b,PROV-215.101-2-70-b-2,HAS_PROVISION
PROV-215.101-2-70-b,PROV-215.101-2-70-b-3,HAS_PROVISION
SEC-215.101-70,PROV-215.101-70-a,HAS_PROVISION
SEC-215.101-70,PROV-215.101-70-b,HAS_PROVISION
SEC-215.101-71,PROV-215.101-71-a,HAS_PROVISION
PROV-215.101-71-a,PROV-215.101-71-a-1,HAS_PROVISION
PROV-215.101-71-a,PROV-215.101-71-a-2,HAS_PROVISION
PROV-215.101-71-a,PROV-215.101-71-a-3,HAS_PROVISION
PROV-215.101-71-a,PROV-215.101-71-a-4,HAS_PROVISION
SEC-215.101-71,PROV-215.101-71-b,HAS_PROVISION
SEC-215.203-70,PROV-215.203-70-a,HAS_PROVISION
SEC-215.203-70,PROV-215.203-70-b,HAS_PROVISION
SEC-215.203-70,PROV-215.203-70-c,HAS_PROVISION
PROV-215.203-70-c,PROV-215.203-70-c-1,HAS_PROVISION
PROV-215.203-70-c-1,PROV-215.203-70-c-1-i,HAS_PROVISION
PROV-215.203-70-c-1,PROV-215.203-70-c-1-ii,HAS_PROVISION
PROV-215.203-70-c,PROV-215.203-70-c-2,HAS_PROVISION
SEC-215.209,PROV-215.209-a,HAS_PROVISION
SEC-215.303,PROV-215.303-b,HAS_PROVISION
PROV-215.303-b,PROV-215.303-b-2,HAS_PROVISION
SEC-215.304,PROV-215.304-c,HAS_PROVISION
PROV-215.304-c,PROV-215.304-c-i,HAS_PROVISION
PROV-215.304-c-i,PROV-215.304-c-i-A,HAS_PROVISION
PROV-215.304-c-i,PROV-215.304-c-i-B,HAS_PROVISION
PROV-215.304-c-i,PROV-215.304-c-i-C,HAS_PROVISION
PROV-215.304-c,PROV-215.304-c-ii,HAS_PROVISION
PROV-215.304-c,PROV-215.304-c-iii,HAS_PROVISION
PROV-215.304-c,PROV-215.304-c-iv,HAS_PROVISION
PROV-215.304-c,PROV-215.304-c-v,HAS_PROVISION
PROV-215.304-c,PROV-215.304-c-vi,HAS_PROVISION
PROV-215.304-c-vi,PROV-215.304-c-vi-A,HAS_PROVISION
PROV-215.304-c-vi,PROV-215.304-c-vi-B,HAS_PROVISION
PROV-215.304-c-vi,PROV-215.304-c-vi-C,HAS_PROVISION
PROV-215.304-c,PROV-215.304-c-vii,HAS_PROVISION
PROV-215.304-c,PROV-215.304-c-viii,HAS_PROVISION
PROV-215.304-c-viii,PROV-215.304-c-viii-A,HAS_PROVISION
PROV-215.304-c-viii,PROV-215.304-c-viii-B,HAS_PROVISION
SEC-215.305,PROV-215.305-a,HAS_PROVISION
PROV-215.305-a,PROV-215.305-a-2,HAS_PROVISION
PROV-215.305-a-2,PROV-215.305-a-2-A,HAS_PROVISION
PROV-215.305-a-2,PROV-215.305-a-2-B,HAS_PROVISION
PROV-215.305-a-2,PROV-215.305-a-2-C,HAS_PROVISION
SEC-215.306,PROV-215.306-c,HAS_PROVISION
PROV-215.306-c,PROV-215.306-c-1,HAS_PROVISION
SEC-215.371-1,PROV-215.371-1-a,HAS_PROVISION
SEC-215.371-1,PROV-215.371-1-b,HAS_PROVISION
SEC-215.371-2,PROV-215.371-2-a,HAS_PROVISION
PROV-215.371-2-a,PROV-215.371-2-a-1,HAS_PROVISION
PROV-215.371-2-a,PROV-215.371-2-a-2,HAS_PROVISION
SEC-215.371-2,PROV-215.371-2-b,HAS_PROVISION
SEC-215.371-3,PROV-215.371-3-a,HAS_PROVISION
SEC-215.371-3,PROV-215.371-3-b,HAS_PROVISION
SEC-215.371-3,PROV-215.371-3-c,HAS_PROVISION
SEC-215.371-3,PROV-215.371-3-d,HAS_PROVISION
SEC-215.371-4,PROV-215.371-4-a,HAS_PROVISION
PROV-215.371-4-a,PROV-215.371-4-a-1,HAS_PROVISION
PROV-215.371-4-a,PROV-215.371-4-a-2,HAS_PROVISION
PROV-215.371-4-a,PROV-215.371-4-a-3,HAS_PROVISION
PROV-215.371-4-a,PROV-215.371-4-a-4,HAS_PROVISION
PROV-215.371-4-a,PROV-215.371-4-a-5,HAS_PROVISION
PROV-215.371-4-a,PROV-215.371-4-a-6,HAS_PROVISION
PROV-215.371-4-a,PROV-215.371-4-a-7,HAS_PROVISION
SEC-215.371-4,PROV-215.371-4-b,HAS_PROVISION
SEC-215.371-5,PROV-215.371-5-a,HAS_PROVISION
SEC-215.371-5,PROV-215.371-5-b,HAS_PROVISION
SEC-215.401,PROV-215.401-D1,HAS_PROVISION
SEC-215.401,PROV-215.401-D2,HAS_PROVISION
SEC-215.402,PROV-215.402-a,HAS_PROVISION
PROV-215.402-a,PROV-215.402-a-i,HAS_PROVISION
PROV-215.402-a-i,PROV-215.402-a-i-A,HAS_PROVISION
PROV-215.402-a-i,PROV-215.402-a-i-B,HAS_PROVISION
PROV-215.402-a-i,PROV-215.402-a-i-C,HAS_PROVISION
PROV-215.402-a,PROV-215.402-a-ii,HAS_PROVISION
SEC-215.403-1,PROV-215.403-1-b,HAS_PROVISION
PROV-215.403-1-b,PROV-215.403-1-b-i,HAS_PROVISION
PROV-215.403-1-b,PROV-215.403-1-b-ii,HAS_PROVISION
SEC-215.403-1,PROV-215.403-1-c,HAS_PROVISION
PROV-215.403-1-c,PROV-215.403-1-c-1,HAS_PROVISION
PROV-215.403-1-c-1,PROV-215.403-1-c-1-A,HAS_PROVISION
PROV-215.403-1-c-1-A,PROV-215.403-1-c-1-A-1,HAS_PROVISION
PROV-215.403-1-c-1-A,PROV-215.403-1-c-1-A-2,HAS_PROVISION
PROV-215.403-1-c-1-A-2,PROV-215.403-1-c-1-A-2-i,HAS_PROVISION
PROV-215.403-1-c-1-A-2,PROV-215.403-1-c-1-A-2-ii,HAS_PROVISION
PROV-215.403-1-c-1,PROV-215.403-1-c-1-B,HAS_PROVISION
PROV-215.403-1-c,PROV-215.403-1-c-3,HAS_PROVISION
PROV-215.403-1-c-3,PROV-215.403-1-c-3-A,HAS_PROVISION
PROV-215.403-1-c-3,PROV-215.403-1-c-3-B,HAS_PROVISION
PROV-215.403-1-c,PROV-215.403-1-c-4,HAS_PROVISION
PROV-215.403-1-c-4,PROV-215.403-1-c-4-A,HAS_PROVISION
PROV-215.403-1-c-4-A,PROV-215.403-1-c-4-A-1,HAS_PROVISION
PROV-215.403-1-c-4-A,PROV-215.403-1-c-4-A-2,HAS_PROVISION
PROV-215.403-1-c-4-A,PROV-215.403-1-c-4-A-3,HAS_PROVISION
PROV-215.403-1-c-4,PROV-215.403-1-c-4-B,HAS_PROVISION
PROV-215.403-1-c-4,PROV-215.403-1-c-4-C,HAS_PROVISION
PROV-215.403-1-c-4,PROV-215.403-1-c-4-D,HAS_PROVISION
PROV-215.403-1-c-4-D,PROV-215.403-1-c-4-D-1,HAS_PROVISION
PROV-215.403-1-c-4-D,PROV-215.403-1-c-4-D-2,HAS_PROVISION
SEC-215.403-3,PROV-215.403-3-a,HAS_PROVISION
PROV-215.403-3-a,PROV-215.403-3-a-1,HAS_PROVISION
PROV-215.403-3-a,PROV-215.403-3-a-4,HAS_PROVISION
PROV-215.403-3-a-4,PROV-215.403-3-a-4-i,HAS_PROVISION
PROV-215.403-3-a-4,PROV-215.403-3-a-4-ii,HAS_PROVISION
PROV-215.403-3-a-4,PROV-215.403-3-a-4-iii,HAS_PROVISION
PROV-215.403-3-a-4,PROV-215.403-3-a-4-iv,HAS_PROVISION
PROV-215.403-3-a-4,PROV-215.403-3-a-4-v,HAS_PROVISION
PROV-215.403-3-a-4,PROV-215.403-3-a-4-vi,HAS_PROVISION
SEC-215.403-3,PROV-215.403-3-c,HAS_PROVISION
SEC-215.403-5,PROV-215.403-5-b,HAS_PROVISION
PROV-215.403-5-b,PROV-215.403-5-b-3,HAS_PROVISION
SEC-215.404-1,PROV-215.404-1-a,HAS_PROVISION
PROV-215.404-1-a,PROV-215.404-1-a-i,HAS_PROVISION
PROV-215.404-1-a,PROV-215.404-1-a-ii,HAS_PROVISION
PROV-215.404-1-a-ii,PROV-215.404-1-a-ii-A,HAS_PROVISION
PROV-215.404-1-a-ii,PROV-215.404-1-a-ii-B,HAS_PROVISION
PROV-215.404-1-a-ii,PROV-215.404-1-a-ii-C,HAS_PROVISION
PROV-215.404-1-a-ii,PROV-215.404-1-a-ii-D,HAS_PROVISION
SEC-215.404-1,PROV-215.404-1-b,HAS_PROVISION
PROV-215.404-1-b,PROV-215.404-1-b-i,HAS_PROVISION
PROV-215.404-1-b,PROV-215.404-1-b-ii,HAS_PROVISION
PROV-215.404-1-b,PROV-215.404-1-b-iii,HAS_PROVISION
PROV-215.404-1-b-iii,PROV-215.404-1-b-iii-A,HAS_PROVISION
PROV-215.404-1-b-iii,PROV-215.404-1-b-iii-B,HAS_PROVISION
PROV-215.404-1-b-iii,PROV-215.404-1-b-iii-C,HAS_PROVISION
PROV-215.404-1-b-iii,PROV-215.404-1-b-iii-D,HAS_PROVISION
PROV-215.404-1-b,PROV-215.404-1-b-iv,HAS_PROVISION
PROV-215.404-1-b,PROV-215.404-1-b-v,HAS_PROVISION
PROV-215.404-1-b-v,PROV-215.404-1-b-v-A,HAS_PROVISION
PROV-215.404-1-b-v,PROV-215.404-1-b-v-B,HAS_PROVISION
PROV-215.404-1-b-v-B,PROV-215.404-1-b-v-B-1,HAS_PROVISION
PROV-215.404-1-b-v-B,PROV-215.404-1-b-v-B-2,HAS_PROVISION
PROV-215.404-1-b-v,PROV-215.404-1-b-v-C,HAS_PROVISION
PROV-215.404-1-b-v,PROV-215.404-1-b-v-D,HAS_PROVISION
PROV-215.404-1-b,PROV-215.404-1-b-vi,HAS_PROVISION
PROV-215.404-1-b,PROV-215.404-1-b-vii,HAS_PROVISION
PROV-215.404-1-b,PROV-215.404-1-b-viii,HAS_PROVISION
PROV-215.404-1-b,PROV-215.404-1-b-h,HAS_PROVISION
SEC-215.404-4,PROV-215.404-4-b,HAS_PROVISION
PROV-215.404-4-b,PROV-215.404-4-b-1,HAS_PROVISION
PROV-215.404-4-b-1,PROV-215.404-4-b-1-A,HAS_PROVISION
PROV-215.404-4-b-1,PROV-215.404-4-b-1-B,HAS_PROVISION
PROV-215.404-4-b-1,PROV-215.404-4-b-1-C,HAS_PROVISION
SEC-215.404-4,PROV-215.404-4-c,HAS_PROVISION
PROV-215.404-4-c,PROV-215.404-4-c-1,HAS_PROVISION
PROV-215.404-4-c,PROV-215.404-4-c-2,HAS_PROVISION
PROV-215.404-4-c-2,PROV-215.404-4-c-2-A,HAS_PROVISION
PROV-215.404-4-c-2,PROV-215.404-4-c-2-B,HAS_PROVISION
PROV-215.404-4-c-2,PROV-215.404-4-c-2-C,HAS_PROVISION
PROV-215.404-4-c-2-C,PROV-215.404-4-c-2-C-1,HAS_PROVISION
PROV-215.404-4-c-2-C-1,PROV-215.404-4-c-2-C-1-i,HAS_PROVISION
PROV-215.404-4-c-2,PROV-215.404-4-c-2-ii,HAS_PROVISION
PROV-215.404-4-c-2,PROV-215.404-4-c-2-iii,HAS_PROVISION
PROV-215.404-4-c-2,PROV-215.404-4-c-2-iv,HAS_PROVISION
PROV-215.404-4-c-2-iv,PROV-215.404-4-c-2-iv-2,HAS_PROVISION
PROV-215.404-4-c-2-iv,PROV-215.404-4-c-2-iv-D,HAS_PROVISION
PROV-215.404-4-c-2-iv,PROV-215.404-4-c-2-iv-E,HAS_PROVISION
PROV-215.404-4-c,PROV-215.404-4-c-5,HAS_PROVISION
PROV-215.404-4-c-5,PROV-215.404-4-c-5-A,HAS_PROVISION
PROV-215.404-4-c-5,PROV-215.404-4-c-5-B,HAS_PROVISION
PROV-215.404-4-c,PROV-215.404-4-c-6,HAS_PROVISION
SEC-215.404-4,PROV-215.404-4-d,HAS_PROVISION
PROV-215.404-4-d,PROV-215.404-4-d-1,HAS_PROVISION
SEC-215.404-71-1,PROV-215.404-71-1-a,HAS_PROVISION
PROV-215.404-71-1-a,PROV-215.404-71-1-a-1,HAS_PROVISION
PROV-215.404-71-1-a,PROV-215.404-71-1-a-2,HAS_PROVISION
PROV-215.404-71-1-a,PROV-215.404-71-1-a-3,HAS_PROVISION
PROV-215.404-71-1-a,PROV-215.404-71-1-a-4,HAS_PROVISION
SEC-215.404-71-1,PROV-215.404-71-1-b,HAS_PROVISION
SEC-215.404-71-2,PROV-215.404-71-2-a,HAS_PROVISION
PROV-215.404-71-2-a,PROV-215.404-71-2-a-1,HAS_PROVISION
PROV-215.404-71-2-a,PROV-215.404-71-2-a-2,HAS_PROVISION
PROV-215.404-71-2-a-2,PROV-215.404-71-2-a-2-i,HAS_PROVISION
PROV-215.404-71-2-a-2,PROV-215.404-71-2-a-2-ii,HAS_PROVISION
SEC-215.404-71-2,PROV-215.404-71-2-b,HAS_PROVISION
PROV-215.404-71-2-b,PROV-215.404-71-2-b-1,HAS_PROVISION
PROV-215.404-71-2-b,PROV-215.404-71-2-b-2,HAS_PROVISION
PROV-215.404-71-2-b,PROV-215.404-71-2-b-3,HAS_PROVISION
PROV-215.404-71-2-b,PROV-215.404-71-2-b-4,HAS_PROVISION
PROV-215.404-71-2-b,PROV-215.404-71-2-b-5,HAS_PROVISION
SEC-215.404-71-2,PROV-215.404-71-2-c,HAS_PROVISION
PROV-215.404-71-2-c,PROV-215.404-71-2-c-1,HAS_PROVISION
PROV-215.404-71-2-c,PROV-215.404-71-2-c-2,HAS_PROVISION
SEC-215.404-71-2,PROV-215.404-71-2-d,HAS_PROVISION
PROV-215.404-71-2-d,PROV-215.404-71-2-d-i,HAS_PROVISION
PROV-215.404-71-2-d,PROV-215.404-71-2-d-ii,HAS_PROVISION
PROV-215.404-71-2-d,PROV-215.404-71-2-d-iii,HAS_PROVISION
PROV-215.404-71-2-d,PROV-215.404-71-2-d-iv,HAS_PROVISION
PROV-215.404-71-2-d,PROV-215.404-71-2-d-v,HAS_PROVISION
PROV-215.404-71-2-d,PROV-215.404-71-2-d-vi,HAS_PROVISION
PROV-215.404-71-2-d,PROV-215.404-71-2-d-2,HAS_PROVISION
PROV-215.404-71-2-d-2,PROV-215.404-71-2-d-2-A,HAS_PROVISION
PROV-215.404-71-2-d-2,PROV-215.404-71-2-d-2-B,HAS_PROVISION
PROV-215.404-71-2-d-2,PROV-215.404-71-2-d-2-C,HAS_PROVISION
PROV-215.404-71-2-d-2,PROV-215.404-71-2-d-2-D,HAS_PROVISION
PROV-215.404-71-2-d-2,PROV-215.404-71-2-d-2-E,HAS_PROVISION
PROV-215.404-71-2-d-2,PROV-215.404-71-2-d-2-F,HAS_PROVISION
PROV-215.404-71-2-d-2,PROV-215.404-71-2-d-2-ii,HAS_PROVISION
PROV-215.404-71-2-d-2,PROV-215.404-71-2-d-2-iii,HAS_PROVISION
PROV-215.404-71-2-d-2-iii,PROV-215.404-71-2-d-2-iii-A,HAS_PROVISION
PROV-215.404-71-2-d-2-iii,PROV-215.404-71-2-d-2-iii-B,HAS_PROVISION
PROV-215.404-71-2-d,PROV-215.404-71-2-d-3,HAS_PROVISION
PROV-215.404-71-2-d-3,PROV-215.404-71-2-d-3-A,HAS_PROVISION
PROV-215.404-71-2-d-3,PROV-215.404-71-2-d-3-B,HAS_PROVISION
PROV-215.404-71-2-d-3,PROV-215.404-71-2-d-3-C,HAS_PROVISION
PROV-215.404-71-2-d-3,PROV-215.404-71-2-d-3-D,HAS_PROVISION
PROV-215.404-71-2-d-3,PROV-215.404-71-2-d-3-E,HAS_PROVISION
PROV-215.404-71-2-d-3,PROV-215.404-71-2-d-3-F,HAS_PROVISION
PROV-215.404-71-2-d-3,PROV-215.404-71-2-d-3-ii,HAS_PROVISION
PROV-215.404-71-2-d-3-ii,PROV-215.404-71-2-d-3-ii-A,HAS_PROVISION
PROV-215.404-71-2-d-3-ii,PROV-215.404-71-2-d-3-ii-B,HAS_PROVISION
PROV-215.404-71-2-d-3-ii,PROV-215.404-71-2-d-3-ii-C,HAS_PROVISION
PROV-215.404-71-2-d-3-ii,PROV-215.404-71-2-d-3-ii-D,HAS_PROVISION
PROV-215.404-71-2-d,PROV-215.404-71-2-d-4,HAS_PROVISION
PROV-215.404-71-2-d-4,PROV-215.404-71-2-d-4-A,HAS_PROVISION
PROV-215.404-71-2-d-4,PROV-215.404-71-2-d-4-B,HAS_PROVISION
PROV-215.404-71-2-d-4,PROV-215.404-71-2-d-4-ii,HAS_PROVISION
SEC-215.404-71-2,PROV-215.404-71-2-e,HAS_PROVISION
PROV-215.404-71-2-e,PROV-215.404-71-2-e-i,HAS_PROVISION
PROV-215.404-71-2-e,PROV-215.404-71-2-e-ii,HAS_PROVISION
PROV-215.404-71-2-e,PROV-215.404-71-2-e-iii,HAS_PROVISION
PROV-215.404-71-2-e,PROV-215.404-71-2-e-iv,HAS_PROVISION
PROV-215.404-71-2-e,PROV-215.404-71-2-e-v,HAS_PROVISION
PROV-215.404-71-2-e,PROV-215.404-71-2-e-vi,HAS_PROVISION
PROV-215.404-71-2-e,PROV-215.404-71-2-e-vii,HAS_PROVISION
PROV-215.404-71-2-e,PROV-215.404-71-2-e-2,HAS_PROVISION
PROV-215.404-71-2-e-2,PROV-215.404-71-2-e-2-A,HAS_PROVISION
PROV-215.404-71-2-e-2,PROV-215.404-71-2-e-2-B,HAS_PROVISION
PROV-215.404-71-2-e-2,PROV-215.404-71-2-e-2-C,HAS_PROVISION
PROV-215.404-71-2-e-2,PROV-215.404-71-2-e-2-D,HAS_PROVISION
PROV-215.404-71-2-e-2,PROV-215.404-71-2-e-2-E,HAS_PROVISION
PROV-215.404-71-2-e-2,PROV-215.404-71-2-e-2-F,HAS_PROVISION
PROV-215.404-71-2-e-2,PROV-215.404-71-2-e-2-G,HAS_PROVISION
PROV-215.404-71-2-e-2,PROV-215.404-71-2-e-2-ii,HAS_PROVISION
PROV-215.404-71-2-e-2-ii,PROV-215.404-71-2-e-2-ii-A,HAS_PROVISION
PROV-215.404-71-2-e-2-ii,PROV-215.404-71-2-e-2-ii-B,HAS_PROVISION
PROV-215.404-71-2-e-2-ii,PROV-215.404-71-2-e-2-ii-C,HAS_PROVISION
PROV-215.404-71-2-e-2,PROV-215.404-71-2-e-2-iii,HAS_PROVISION
PROV-215.404-71-2-e,PROV-215.404-71-2-e-3,HAS_PROVISION
PROV-215.404-71-2-e-3,PROV-215.404-71-2-e-3-A,HAS_PROVISION
PROV-215.404-71-2-e-3,PROV-215.404-71-2-e-3-B,HAS_PROVISION
PROV-215.404-71-2-e-3,PROV-215.404-71-2-e-3-C,HAS_PROVISION
PROV-215.404-71-2-e-3,PROV-215.404-71-2-e-3-D,HAS_PROVISION
PROV-215.404-71-2-e-3,PROV-215.404-71-2-e-3-E,HAS_PROVISION
PROV-215.404-71-2-e-3,PROV-215.404-71-2-e-3-F,HAS_PROVISION
PROV-215.404-71-2-e-3,PROV-215.404-71-2-e-3-G,HAS_PROVISION
PROV-215.404-71-2-e-3,PROV-215.404-71-2-e-3-H,HAS_PROVISION
PROV-215.404-71-2-e-3,PROV-215.404-71-2-e-3-I,HAS_PROVISION
PROV-215.404-71-2-e-3,PROV-215.404-71-2-e-3-J,HAS_PROVISION
PROV-215.404-71-2-e-3,PROV-215.404-71-2-e-3-K,HAS_PROVISION
PROV-215.404-71-2-e-3,PROV-215.404-71-2-e-3-ii,HAS_PROVISION
PROV-215.404-71-2-e-3-ii,PROV-215.404-71-2-e-3-ii-A,HAS_PROVISION
PROV-215.404-71-2-e-3-ii,PROV-215.404-71-2-e-3-ii-B,HAS_PROVISION
SEC-215.404-71-3,PROV-215.404-71-3-a,HAS_PROVISION
SEC-215.404-71-3,PROV-215.404-71-3-b,HAS_PROVISION
PROV-215.404-71-3-b,PROV-215.404-71-3-b-1,HAS_PROVISION
PROV-215.404-71-3-b,PROV-215.404-71-3-b-2,HAS_PROVISION
PROV-215.404-71-3-b-2,PROV-215.404-71-3-b-2-i,HAS_PROVISION
PROV-215.404-71-3-b-2,PROV-215.404-71-3-b-2-ii,HAS_PROVISION
PROV-215.404-71-3-b,PROV-215.404-71-3-b-3,HAS_PROVISION
PROV-215.404-71-3-b,PROV-215.404-71-3-b-4,HAS_PROVISION
PROV-215.404-71-3-b,PROV-215.404-71-3-b-5,HAS_PROVISION
PROV-215.404-71-3-b,PROV-215.404-71-3-b-6,HAS_PROVISION
PROV-215.404-71-3-b,PROV-215.404-71-3-b-7,HAS_PROVISION
PROV-215.404-71-3-b,PROV-215.404-71-3-b-8,HAS_PROVISION
SEC-215.404-71-3,PROV-215.404-71-3-c,HAS_PROVISION
PROV-215.404-71-3-c,PROV-215.404-71-3-c-1,HAS_PROVISION
PROV-215.404-71-3-c,PROV-215.404-71-3-c-2,HAS_PROVISION
PROV-215.404-71-3-c,PROV-215.404-71-3-c-3,HAS_PROVISION
PROV-215.404-71-3-c,PROV-215.404-71-3-c-4,HAS_PROVISION
PROV-215.404-71-3-c,PROV-215.404-71-3-c-5,HAS_PROVISION
PROV-215.404-71-3-c,PROV-215.404-71-3-c-6,HAS_PROVISION
SEC-215.404-71-3,PROV-215.404-71-3-d,HAS_PROVISION
PROV-215.404-71-3-d,PROV-215.404-71-3-d-i,HAS_PROVISION
PROV-215.404-71-3-d,PROV-215.404-71-3-d-ii,HAS_PROVISION
PROV-215.404-71-3-d,PROV-215.404-71-3-d-iii,HAS_PROVISION
PROV-215.404-71-3-d,PROV-215.404-71-3-d-iv,HAS_PROVISION
PROV-215.404-71-3-d,PROV-215.404-71-3-d-v,HAS_PROVISION
PROV-215.404-71-3-d,PROV-215.404-71-3-d-vi,HAS_PROVISION
PROV-215.404-71-3-d,PROV-215.404-71-3-d-vii,HAS_PROVISION
PROV-215.404-71-3-d,PROV-215.404-71-3-d-viii,HAS_PROVISION
PROV-215.404-71-3-d-viii,PROV-215.404-71-3-d-viii-A,HAS_PROVISION
PROV-215.404-71-3-d-viii,PROV-215.404-71-3-d-viii-B,HAS_PROVISION
PROV-215.404-71-3-d-viii,PROV-215.404-71-3-d-viii-C,HAS_PROVISION
PROV-215.404-71-3-d,PROV-215.404-71-3-d-2,HAS_PROVISION
PROV-215.404-71-3-d-2,PROV-215.404-71-3-d-2-ii,HAS_PROVISION
PROV-215.404-71-3-d,PROV-215.404-71-3-d-3,HAS_PROVISION
PROV-215.404-71-3-d-3,PROV-215.404-71-3-d-3-i,HAS_PROVISION
PROV-215.404-71-3-d-3,PROV-215.404-71-3-d-3-ii,HAS_PROVISION
PROV-215.404-71-3-d-3,PROV-215.404-71-3-d-3-iii,HAS_PROVISION
PROV-215.404-71-3-d-3,PROV-215.404-71-3-d-3-iv,HAS_PROVISION
PROV-215.404-71-3-d-3,PROV-215.404-71-3-d-3-v,HAS_PROVISION
PROV-215.404-71-3-d,PROV-215.404-71-3-d-4,HAS_PROVISION
PROV-215.404-71-3-d-4,PROV-215.404-71-3-d-4-i,HAS_PROVISION
PROV-215.404-71-3-d-4,PROV-215.404-71-3-d-4-ii,HAS_PROVISION
PROV-215.404-71-3-d-4,PROV-215.404-71-3-d-4-iii,HAS_PROVISION
PROV-215.404-71-3-d-4,PROV-215.404-71-3-d-4-iv,HAS_PROVISION
PROV-215.404-71-3-d-4,PROV-215.404-71-3-d-4-v,HAS_PROVISION
PROV-215.404-71-3-d-4,PROV-215.404-71-3-d-4-vi,HAS_PROVISION
SEC-215.404-71-3,PROV-215.404-71-3-e,HAS_PROVISION
PROV-215.404-71-3-e,PROV-215.404-71-3-e-2,HAS_PROVISION
PROV-215.404-71-3-e-2,PROV-215.404-71-3-e-2-i,HAS_PROVISION
PROV-215.404-71-3-e-2,PROV-215.404-71-3-e-2-ii,HAS_PROVISION
PROV-215.404-71-3-e-2,PROV-215.404-71-3-e-2-iii,HAS_PROVISION
PROV-215.404-71-3-e,PROV-215.404-71-3-e-3,HAS_PROVISION
SEC-215.404-71-3,PROV-215.404-71-3-f,HAS_PROVISION
PROV-215.404-71-3-f,PROV-215.404-71-3-f-i,HAS_PROVISION
PROV-215.404-71-3-f,PROV-215.404-71-3-f-ii,HAS_PROVISION
PROV-215.404-71-3-f,PROV-215.404-71-3-f-iii,HAS_PROVISION
PROV-215.404-71-3-f,PROV-215.404-71-3-f-iv,HAS_PROVISION
SEC-215.404-71-3,PROV-215.404-71-3-2,HAS_PROVISION
PROV-215.404-71-3-2,PROV-215.404-71-3-2-i,HAS_PROVISION
PROV-215.404-71-3-2,PROV-215.404-71-3-2-ii,HAS_PROVISION
PROV-215.404-71-3-2,PROV-215.404-71-3-2-iii,HAS_PROVISION
SEC-215.404-71-3,PROV-215.404-71-3-3,HAS_PROVISION
SEC-215.404-71-4,PROV-215.404-71-4-a,HAS_PROVISION
SEC-215.404-71-4,PROV-215.404-71-4-b,HAS_PROVISION
PROV-215.404-71-4-b,PROV-215.404-71-4-b-1,HAS_PROVISION
PROV-215.404-71-4-b,PROV-215.404-71-4-b-2,HAS_PROVISION
SEC-215.404-71-4,PROV-215.404-71-4-c,HAS_PROVISION
PROV-215.404-71-4-c,PROV-215.404-71-4-c-1,HAS_PROVISION
PROV-215.404-71-4-c-1,PROV-215.404-71-4-c-1-i,HAS_PROVISION
PROV-215.404-71-4-c-1,PROV-215.404-71-4-c-1-ii,HAS_PROVISION
PROV-215.404-71-4-c,PROV-215.404-71-4-c-2,HAS_PROVISION
PROV-215.404-71-4-c-2,PROV-215.404-71-4-c-2-i,HAS_PROVISION
PROV-215.404-71-4-c-2,PROV-215.404-71-4-c-2-ii,HAS_PROVISION
PROV-215.404-71-4-c-2,PROV-215.404-71-4-c-2-iii,HAS_PROVISION
PROV-215.404-71-4-c-2,PROV-215.404-71-4-c-2-iv,HAS_PROVISION
PROV-215.404-71-4-c-2,PROV-215.404-71-4-c-2-v,HAS_PROVISION
SEC-215.404-71-4,PROV-215.404-71-4-d,HAS_PROVISION
PROV-215.404-71-4-d,PROV-215.404-71-4-d-1,HAS_PROVISION
PROV-215.404-71-4-d-1,PROV-215.404-71-4-d-1-i,HAS_PROVISION
PROV-215.404-71-4-d-1,PROV-215.404-71-4-d-1-ii,HAS_PROVISION
PROV-215.404-71-4-d,PROV-215.404-71-4-d-2,HAS_PROVISION
SEC-215.404-71-4,PROV-215.404-71-4-e,HAS_PROVISION
PROV-215.404-71-4-e,PROV-215.404-71-4-e-1,HAS_PROVISION
PROV-215.404-71-4-e,PROV-215.404-71-4-e-2,HAS_PROVISION
PROV-215.404-71-4-e-2,PROV-215.404-71-4-e-2-i,HAS_PROVISION
PROV-215.404-71-4-e-2-i,PROV-215.404-71-4-e-2-i-A,HAS_PROVISION
PROV-215.404-71-4-e-2-i,PROV-215.404-71-4-e-2-i-B,HAS_PROVISION
PROV-215.404-71-4-e-2,PROV-215.404-71-4-e-2-ii,HAS_PROVISION
PROV-215.404-71-4-e,PROV-215.404-71-4-e-3,HAS_PROVISION
SEC-215.404-71-4,PROV-215.404-71-4-f,HAS_PROVISION
SEC-215.404-71-4,PROV-215.404-71-4-g,HAS_PROVISION
PROV-215.404-71-4-g,PROV-215.404-71-4-g-1,HAS_PROVISION
PROV-215.404-71-4-g-1,PROV-215.404-71-4-g-1-i,HAS_PROVISION
PROV-215.404-71-4-g-1,PROV-215.404-71-4-g-1-ii,HAS_PROVISION
PROV-215.404-71-4-g-1-ii,PROV-215.404-71-4-g-1-ii-A,HAS_PROVISION
PROV-215.404-71-4-g-1-ii,PROV-215.404-71-4-g-1-ii-B,HAS_PROVISION
PROV-215.404-71-4-g-1,PROV-215.404-71-4-g-1-iii,HAS_PROVISION
PROV-215.404-71-4-g,PROV-215.404-71-4-g-2,HAS_PROVISION
PROV-215.404-71-4-g-2,PROV-215.404-71-4-g-2-i,HAS_PROVISION
PROV-215.404-71-4-g-2-i,PROV-215.404-71-4-g-2-i-A,HAS_PROVISION
PROV-215.404-71-4-g-2-i,PROV-215.404-71-4-g-2-i-B,HAS_PROVISION
PROV-215.404-71-4-g-2,PROV-215.404-71-4-g-2-ii,HAS_PROVISION
PROV-215.404-71-4-g,PROV-215.404-71-4-g-3,HAS_PROVISION
PROV-215.404-71-4-g-3,PROV-215.404-71-4-g-3-i,HAS_PROVISION
PROV-215.404-71-4-g-3-i,PROV-215.404-71-4-g-3-i-A,HAS_PROVISION
PROV-215.404-71-4-g-3-i,PROV-215.404-71-4-g-3-i-B,HAS_PROVISION
PROV-215.404-71-4-g-3-i,PROV-215.404-71-4-g-3-i-C,HAS_PROVISION
PROV-215.404-71-4-g-3,PROV-215.404-71-4-g-3-ii,HAS_PROVISION
SEC-215.404-71-5,PROV-215.404-71-5-a,HAS_PROVISION
SEC-215.404-71-5,PROV-215.404-71-5-b,HAS_PROVISION
PROV-215.404-71-5-b,PROV-215.404-71-5-b-1,HAS_PROVISION
PROV-215.404-71-5-b,PROV-215.404-71-5-b-2,HAS_PROVISION
PROV-215.404-71-5-b,PROV-215.404-71-5-b-3,HAS_PROVISION
PROV-215.404-71-5-b,PROV-215.404-71-5-b-4,HAS_PROVISION
PROV-215.404-71-5-b,PROV-215.404-71-5-b-5,HAS_PROVISION
PROV-215.404-71-5-b,PROV-215.404-71-5-b-6,HAS_PROVISION
PROV-215.404-71-5-b,PROV-215.404-71-5-b-7,HAS_PROVISION
PROV-215.404-71-5-b,PROV-215.404-71-5-b-8,HAS_PROVISION
SEC-215.404-71-5,PROV-215.404-71-5-c,HAS_PROVISION
SEC-215.404-72,PROV-215.404-72-a,HAS_PROVISION
PROV-215.404-72-a,PROV-215.404-72-a-1,HAS_PROVISION
PROV-215.404-72-a,PROV-215.404-72-a-2,HAS_PROVISION
PROV-215.404-72-a,PROV-215.404-72-a-3,HAS_PROVISION
PROV-215.404-72-a,PROV-215.404-72-a-4,HAS_PROVISION
SEC-215.404-72,PROV-215.404-72-b,HAS_PROVISION
PROV-215.404-72-b,PROV-215.404-72-b-1,HAS_PROVISION
PROV-215.404-72-b-1,PROV-215.404-72-b-1-i,HAS_PROVISION
PROV-215.404-72-b-1,PROV-215.404-72-b-1-ii,HAS_PROVISION
PROV-215.404-72-b,PROV-215.404-72-b-2,HAS_PROVISION
SEC-215.404-72,PROV-215.404-72-c,HAS_PROVISION
SEC-215.404-73,PROV-215.404-73-a,HAS_PROVISION
SEC-215.404-73,PROV-215.404-73-b,HAS_PROVISION
PROV-215.404-73-b,PROV-215.404-73-b-1,HAS_PROVISION
PROV-215.404-73-b,PROV-215.404-73-b-2,HAS_PROVISION
PROV-215.404-73-b-2,PROV-215.404-73-b-2-i,HAS_PROVISION
PROV-215.404-73-b-2,PROV-215.404-73-b-2-ii,HAS_PROVISION
SEC-215.404-74,PROV-215.404-74-a,HAS_PROVISION
SEC-215.404-74,PROV-215.404-74-b,HAS_PROVISION
SEC-215.404-74,PROV-215.404-74-c,HAS_PROVISION
SEC-215.404-74,PROV-215.404-74-d,HAS_PROVISION
SEC-215.404-75,PROV-215.404-75-a,HAS_PROVISION
PROV-215.404-75-a,PROV-215.404-75-a-1,HAS_PROVISION
PROV-215.404-75-a,PROV-215.404-75-a-2,HAS_PROVISION
PROV-215.404-75-a,PROV-215.404-75-a-3,HAS_PROVISION
PROV-215.404-75-a,PROV-215.404-75-a-4,HAS_PROVISION
SEC-215.404-75,PROV-215.404-75-b,HAS_PROVISION
SEC-215.404-75,PROV-215.404-75-c,HAS_PROVISION
SEC-215.407-1,PROV-215.407-1-c,HAS_PROVISION
PROV-215.407-1-c,PROV-215.407-1-c-i,HAS_PROVISION
PROV-215.407-1-c-i,PROV-215.407-1-c-i-A,HAS_PROVISION
PROV-215.407-1-c-i,PROV-215.407-1-c-i-B,HAS_PROVISION
PROV-215.407-1-c-i,PROV-215.407-1-c-i-C,HAS_PROVISION
PROV-215.407-1-c,PROV-215.407-1-c-ii,HAS_PROVISION
PROV-215.407-1-c,PROV-215.407-1-c-iii,HAS_PROVISION
SEC-215.407-2,PROV-215.407-2-a,HAS_PROVISION
SEC-215.407-2,PROV-215.407-2-e,HAS_PROVISION
PROV-215.407-2-e,PROV-215.407-2-e-1,HAS_PROVISION
SEC-215.407-3,PROV-215.407-3-b,HAS_PROVISION
PROV-215.407-3-b,PROV-215.407-3-b-i,HAS_PROVISION
PROV-215.407-3-b,PROV-215.407-3-b-ii,HAS_PROVISION
PROV-215.407-3-b,PROV-215.407-3-b-iii,HAS_PROVISION
SEC-215.407-4,PROV-215.407-4-a,HAS_PROVISION
SEC-215.407-4,PROV-215.407-4-b,HAS_PROVISION
PROV-215.407-4-b,PROV-215.407-4-b-i,HAS_PROVISION
PROV-215.407-4-b-i,PROV-215.407-4-b-i-A,HAS_PROVISION
PROV-215.407-4-b-i,PROV-215.407-4-b-i-B,HAS_PROVISION
PROV-215.407-4-b-i,PROV-215.407-4-b-i-C,HAS_PROVISION
PROV-215.407-4-b-i,PROV-215.407-4-b-i-D,HAS_PROVISION
PROV-215.407-4-b-i,PROV-215.407-4-b-i-E,HAS_PROVISION
PROV-215.407-4-b-i,PROV-215.407-4-b-i-F,HAS_PROVISION
PROV-215.407-4-b-i,PROV-215.407-4-b-i-G,HAS_PROVISION
PROV-215.407-4-b-i,PROV-215.407-4-b-i-H,HAS_PROVISION
PROV-215.407-4-b-i,PROV-215.407-4-b-i-I,HAS_PROVISION
PROV-215.407-4-b-i,PROV-215.407-4-b-i-J,HAS_PROVISION
PROV-215.407-4-b-i,PROV-215.407-4-b-i-K,HAS_PROVISION
PROV-215.407-4-b,PROV-215.407-4-b-ii,HAS_PROVISION
PROV-215.407-4-b,PROV-215.407-4-b-iii,HAS_PROVISION
PROV-215.407-4-b,PROV-215.407-4-b-iv,HAS_PROVISION
PROV-215.407-4-b,PROV-215.407-4-b-v,HAS_PROVISION
SEC-215.407-5-70,PROV-215.407-5-70-a,HAS_PROVISION
SEC-215.407-5-70,PROV-215.407-5-70-D1,HAS_PROVISION
PROV-215.407-5-70-D1,PROV-215.407-5-70-D1-i,HAS_PROVISION
PROV-215.407-5-70-D1,PROV-215.407-5-70-D1-ii,HAS_PROVISION
PROV-215.407-5-70-D1,PROV-215.407-5-70-D1-iii,HAS_PROVISION
PROV-215.407-5-70-D1,PROV-215.407-5-70-D1-iv,HAS_PROVISION
SEC-215.407-5-70,PROV-215.407-5-70-D2,HAS_PROVISION
SEC-215.407-5-70,PROV-215.407-5-70-D3,HAS_PROVISION
PROV-215.407-5-70-D3,PROV-215.407-5-70-D3-i,HAS_PROVISION
PROV-215.407-5-70-D3,PROV-215.407-5-70-D3-ii,HAS_PROVISION
PROV-215.407-5-70-D3,PROV-215.407-5-70-D3-iii,HAS_PROVISION
PROV-215.407-5-70-D3,PROV-215.407-5-70-D3-iv,HAS_PROVISION
PROV-215.407-5-70-D3,PROV-215.407-5-70-D3-v,HAS_PROVISION
SEC-215.407-5-70,PROV-215.407-5-70-b,HAS_PROVISION
PROV-215.407-5-70-b,PROV-215.407-5-70-b-1,HAS_PROVISION
PROV-215.407-5-70-b,PROV-215.407-5-70-b-2,HAS_PROVISION
PROV-215.407-5-70-b-2,PROV-215.407-5-70-b-2-i,HAS_PROVISION
PROV-215.407-5-70-b-2,PROV-215.407-5-70-b-2-ii,HAS_PROVISION
SEC-215.407-5-70,PROV-215.407-5-70-c,HAS_PROVISION
PROV-215.407-5-70-c,PROV-215.407-5-70-c-1,HAS_PROVISION
PROV-215.407-5-70-c-1,PROV-215.407-5-70-c-1-i,HAS_PROVISION
PROV-215.407-5-70-c-1,PROV-215.407-5-70-c-1-ii,HAS_PROVISION
PROV-215.407-5-70-c-1,PROV-215.407-5-70-c-1-iii,HAS_PROVISION
PROV-215.407-5-70-c,PROV-215.407-5-70-c-2,HAS_PROVISION
PROV-215.407-5-70-c-2,PROV-215.407-5-70-c-2-i,HAS_PROVISION
PROV-215.407-5-70-c-2,PROV-215.407-5-70-c-2-ii,HAS_PROVISION
PROV-215.407-5-70-c,PROV-215.407-5-70-c-3,HAS_PROVISION
PROV-215.407-5-70-c,PROV-215.407-5-70-c-4,HAS_PROVISION
PROV-215.407-5-70-c,PROV-215.407-5-70-c-5,HAS_PROVISION
SEC-215.407-5-70,PROV-215.407-5-70-d,HAS_PROVISION
PROV-215.407-5-70-d,PROV-215.407-5-70-d-1,HAS_PROVISION
PROV-215.407-5-70-d,PROV-215.407-5-70-d-2,HAS_PROVISION
PROV-215.407-5-70-d-2,PROV-215.407-5-70-d-2-i,HAS_PROVISION
PROV-215.407-5-70-d-2,PROV-215.407-5-70-d-2-ii,HAS_PROVISION
PROV-215.407-5-70-d-2-ii,PROV-215.407-5-70-d-2-ii-A,HAS_PROVISION
PROV-215.407-5-70-d-2-ii,PROV-215.407-5-70-d-2-ii-B,HAS_PROVISION
PROV-215.407-5-70-d-2-ii,PROV-215.407-5-70-d-2-ii-C,HAS_PROVISION
PROV-215.407-5-70-d,PROV-215.407-5-70-d-3,HAS_PROVISION
PROV-215.407-5-70-d-3,PROV-215.407-5-70-d-3-i,HAS_PROVISION
PROV-215.407-5-70-d-3-i,PROV-215.407-5-70-d-3-i-A,HAS_PROVISION
PROV-215.407-5-70-d-3-i,PROV-215.407-5-70-d-3-i-B,HAS_PROVISION
PROV-215.407-5-70-d-3-i-B,PROV-215.407-5-70-d-3-i-B-1,HAS_PROVISION
PROV-215.407-5-70-d-3-i-B,PROV-215.407-5-70-d-3-i-B-2,HAS_PROVISION
PROV-215.407-5-70-d-3-i-B,PROV-215.407-5-70-d-3-i-B-3,HAS_PROVISION
PROV-215.407-5-70-d-3,PROV-215.407-5-70-d-3-ii,HAS_PROVISION
SEC-215.407-5-70,PROV-215.407-5-70-e,HAS_PROVISION
SEC-215.407-5-70,PROV-215.407-5-70-f,HAS_PROVISION
SEC-215.408,PROV-215.408-1,HAS_PROVISION
SEC-215.408,PROV-215.408-2,HAS_PROVISION
PROV-215.408-2,PROV-215.408-2-i,HAS_PROVISION
PROV-215.408-2-i,PROV-215.408-2-i-A,HAS_PROVISION
PROV-215.408-2-i-A,PROV-215.408-2-i-A-1,HAS_PROVISION
PROV-215.408-2-i-A-1,PROV-215.408-2-i-A-1-i,HAS_PROVISION
PROV-215.408-2-i-A-1,PROV-215.408-2-i-A-1-ii,HAS_PROVISION
PROV-215.408-2-i-A,PROV-215.408-2-i-A-2,HAS_PROVISION
PROV-215.408-2-i,PROV-215.408-2-i-B,HAS_PROVISION
PROV-215.408-2,PROV-215.408-2-ii,HAS_PROVISION
PROV-215.408-2-ii,PROV-215.408-2-ii-A,HAS_PROVISION
PROV-215.408-2-ii-A,PROV-215.408-2-ii-A-1,HAS_PROVISION
PROV-215.408-2-ii-A-1,PROV-215.408-2-ii-A-1-i,HAS_PROVISION
PROV-215.408-2-ii-A-1,PROV-215.408-2-ii-A-1-ii,HAS_PROVISION
PROV-215.408-2-ii-A,PROV-215.408-2-ii-A-2,HAS_PROVISION
PROV-215.408-2-ii-A,PROV-215.408-2-ii-A-3,HAS_PROVISION
PROV-215.408-2-ii-A-3,PROV-215.408-2-ii-A-3-i,HAS_PROVISION
PROV-215.408-2-ii-A-3,PROV-215.408-2-ii-A-3-ii,HAS_PROVISION
PROV-215.408-2-ii,PROV-215.408-2-ii-B,HAS_PROVISION
SEC-215.408,PROV-215.408-3,HAS_PROVISION
SEC-215.408,PROV-215.408-4,HAS_PROVISION
SEC-215.408,PROV-215.408-5,HAS_PROVISION
PROV-215.408-5,PROV-215.408-5-i,HAS_PROVISION
PROV-215.408-5-i,PROV-215.408-5-i-A,HAS_PROVISION
PROV-215.408-5-i,PROV-215.408-5-i-B,HAS_PROVISION
PROV-215.408-5,PROV-215.408-5-ii,HAS_PROVISION
PROV-215.408-5,PROV-215.408-5-iii,HAS_PROVISION
SEC-215.408,PROV-215.408-6,HAS_PROVISION
SEC-215.408,PROV-215.408-7,HAS_PROVISION
SEC-215.408,PROV-215.408-i,HAS_PROVISION
SEC-215.408,PROV-215.408-ii,HAS_PROVISION
SEC-215.408,PROV-215.408-8,HAS_PROVISION
SEC-215.470,PROV-215.470-a,HAS_PROVISION
SEC-215.470,PROV-215.470-b,HAS_PROVISION
SEC-215.470,PROV-215.470-c,HAS_PROVISION
SEC-215.506,PROV-215.506-b,HAS_PROVISION
SEC-215.506,PROV-215.506-d,HAS_PROVISION
PROV-215.506-d,PROV-215.506-d-i,HAS_PROVISION
PROV-215.506-d,PROV-215.506-d-ii,HAS_PROVISION
SEC-215.506,PROV-215.506-e,HAS_PROVISION
SEC-215.506-70,PROV-215.506-70-a,HAS_PROVISION
SEC-215.506-70,PROV-215.506-70-b,HAS_PROVISION
SEC-215.506-70,PROV-215.506-70-c,HAS_PROVISION
PROV-215.506-70-c,PROV-215.506-70-c-1,HAS_PROVISION
PROV-215.506-70-c,PROV-215.506-70-c-2,HAS_PROVISION
SEC-215.604,PROV-215.604-a,HAS_PROVISION
PROV-215.604-a,PROV-215.604-a-3,HAS_PROVISION
PART-201,SUBPART-201.1,HAS_SUBPART
PART-201,SUBPART-201.2,HAS_SUBPART
PART-201,SUBPART-201.3,HAS_SUBPART
PART-201,SUBPART-201.4,HAS_SUBPART
PART-201,SUBPART-201.6,HAS_SUBPART
PART-202,SUBPART-202.1,HAS_SUBPART
PART-203,SUBPART-203.1,HAS_SUBPART
PART-203,SUBPART-203.2,HAS_SUBPART
PART-203,SUBPART-203.3,HAS_SUBPART
PART-203,SUBPART-203.4,HAS_SUBPART
PART-203,SUBPART-203.5,HAS_SUBPART
PART-203,SUBPART-203.7,HAS_SUBPART
PART-203,SUBPART-203.8,HAS_SUBPART
PART-203,SUBPART-203.9,HAS_SUBPART
PART-203,SUBPART-203.10,HAS_SUBPART
PART-203,SUBPART-203.70,HAS_SUBPART
PART-204,SUBPART-204.1,HAS_SUBPART
PART-204,SUBPART-204.2,HAS_SUBPART
PART-204,SUBPART-204.4,HAS_SUBPART
PART-204,SUBPART-204.6,HAS_SUBPART
PART-204,SUBPART-204.8,HAS_SUBPART
PART-204,SUBPART-204.9,HAS_SUBPART
PART-204,SUBPART-204.11,HAS_SUBPART
PART-204,SUBPART-204.12,HAS_SUBPART
PART-204,SUBPART-204.16,HAS_SUBPART
PART-204,SUBPART-204.17,HAS_SUBPART
PART-204,SUBPART-204.18,HAS_SUBPART
PART-204,SUBPART-204.21,HAS_SUBPART
PART-204,SUBPART-204.70,HAS_SUBPART
PART-204,SUBPART-204.71,HAS_SUBPART
PART-204,SUBPART-204.72,HAS_SUBPART
PART-204,SUBPART-204.73,HAS_SUBPART
PART-204,SUBPART-204.74,HAS_SUBPART
PART-204,SUBPART-204.75,HAS_SUBPART
PART-204,SUBPART-204.76,HAS_SUBPART
PART-205,SUBPART-205.1,HAS_SUBPART
PART-205,SUBPART-205.2,HAS_SUBPART
PART-205,SUBPART-205.3,HAS_SUBPART
PART-205,SUBPART-205.4,HAS_SUBPART
PART-205,SUBPART-205.5,HAS_SUBPART
PART-206,SUBPART-206.1,HAS_SUBPART
PART-206,SUBPART-206.2,HAS_SUBPART
PART-206,SUBPART-206.3,HAS_SUBPART
PART-207,SUBPART-207.1,HAS_SUBPART
PART-207,SUBPART-207.3,HAS_SUBPART
PART-207,SUBPART-207.4,HAS_SUBPART
PART-207,SUBPART-207.5,HAS_SUBPART
PART-207,SUBPART-207.70,HAS_SUBPART
PART-208,SUBPART-208.4,HAS_SUBPART
PART-208,SUBPART-208.6,HAS_SUBPART
PART-208,SUBPART-208.7,HAS_SUBPART
PART-208,SUBPART-208.70,HAS_SUBPART
PART-208,SUBPART-208.71,HAS_SUBPART
PART-208,SUBPART-208.72,HAS_SUBPART
PART-208,SUBPART-208.73,HAS_SUBPART
PART-208,SUBPART-208.74,HAS_SUBPART
PART-209,SUBPART-209.1,HAS_SUBPART
PART-209,SUBPART-209.2,HAS_SUBPART
PART-209,SUBPART-209.3,HAS_SUBPART
PART-209,SUBPART-209.4,HAS_SUBPART
PART-209,SUBPART-209.5,HAS_SUBPART
PART-211,SUBPART-211.1,HAS_SUBPART
PART-211,SUBPART-211.2,HAS_SUBPART
PART-211,SUBPART-211.5,HAS_SUBPART
PART-211,SUBPART-211.6,HAS_SUBPART
PART-211,SUBPART-211.70,HAS_SUBPART
PART-212,SUBPART-212.1,HAS_SUBPART
PART-212,SUBPART-212.2,HAS_SUBPART
PART-212,SUBPART-212.3,HAS_SUBPART
PART-212,SUBPART-212.5,HAS_SUBPART
PART-212,SUBPART-212.6,HAS_SUBPART
PART-212,SUBPART-212.70,HAS_SUBPART
PART-212,SUBPART-212.71,HAS_SUBPART
PART-213,SUBPART-213.0,HAS_SUBPART
PART-213,SUBPART-213.1,HAS_SUBPART
PART-213,SUBPART-213.2,HAS_SUBPART
PART-213,SUBPART-213.3,HAS_SUBPART
PART-213,SUBPART-213.4,HAS_SUBPART
PART-213,SUBPART-213.5,HAS_SUBPART
PART-213,SUBPART-213.70,HAS_SUBPART
PART-214,SUBPART-214.2,HAS_SUBPART
PART-214,SUBPART-214.4,HAS_SUBPART
PART-214,SUBPART-214.5,HAS_SUBPART
PART-215,SUBPART-215.1,HAS_SUBPART
PART-215,SUBPART-215.2,HAS_SUBPART
PART-215,SUBPART-215.3,HAS_SUBPART
PART-215,SUBPART-215.4,HAS_SUBPART
PART-215,SUBPART-215.5,HAS_SUBPART
PART-215,SUBPART-215.6,HAS_SUBPART
SUBPART-201.1,SEC-201.101,HAS_SECTION
SUBPART-201.1,SEC-201.104,HAS_SECTION
SUBPART-201.1,SEC-201.105,HAS_SECTION
SUBPART-201.1,SEC-201.105-3,HAS_SECTION
SUBPART-201.1,SEC-201.106,HAS_SECTION
SUBPART-201.1,SEC-201.107,HAS_SECTION
SUBPART-201.1,SEC-201.109,HAS_SECTION
SUBPART-201.1,SEC-201.170,HAS_SECTION
SUBPART-201.2,SEC-201.201,HAS_SECTION
SUBPART-201.2,SEC-201.201-1,HAS_SECTION
SUBPART-201.2,SEC-201.201-70,HAS_SECTION
SUBPART-201.3,SEC-201.301,HAS_SECTION
SUBPART-201.3,SEC-201.303,HAS_SECTION
SUBPART-201.3,SEC-201.304,HAS_SECTION
SUBPART-201.4,SEC-201.402,HAS_SECTION
SUBPART-201.4,SEC-201.403,HAS_SECTION
SUBPART-201.4,SEC-201.404,HAS_SECTION
SUBPART-201.6,SEC-201.602,HAS_SECTION
SUBPART-201.6,SEC-201.602-2,HAS_SECTION
SUBPART-201.6,SEC-201.602-70,HAS_SECTION
SUBPART-201.6,SEC-201.603,HAS_SECTION
SUBPART-201.6,SEC-201.603-2,HAS_SECTION
SUBPART-201.6,SEC-201.603-3,HAS_SECTION
SUBPART-201.6,SEC-201.670,HAS_SECTION
SUBPART-202.1,SEC-202.101,HAS_SECTION
PART-203,SEC-203.070,HAS_SECTION
SUBPART-203.1,SEC-203.104,HAS_SECTION
SUBPART-203.1,SEC-203.104-1,HAS_SECTION
SUBPART-203.1,SEC-203.104-4,HAS_SECTION
SUBPART-203.1,SEC-203.170,HAS_SECTION
SUBPART-203.1,SEC-203.171,HAS_SECTION
SUBPART-203.1,SEC-203.171-1,HAS_SECTION
SUBPART-203.1,SEC-203.171-2,HAS_SECTION
SUBPART-203.1,SEC-203.171-3,HAS_SECTION
SUBPART-203.1,SEC-203.171-4,HAS_SECTION
SUBPART-203.5,SEC-203.502-2,HAS_SECTION
SUBPART-203.5,SEC-203.570,HAS_SECTION
SUBPART-203.5,SEC-203.570-1,HAS_SECTION
SUBPART-203.5,SEC-203.570-2,HAS_SECTION
SUBPART-203.5,SEC-203.570-3,HAS_SECTION
SUBPART-203.7,SEC-203.703,HAS_SECTION
SUBPART-203.8,SEC-203.806,HAS_SECTION
SUBPART-203.9,SEC-203.900,HAS_SECTION
SUBPART-203.9,SEC-203.901,HAS_SECTION
SUBPART-203.9,SEC-203.903,HAS_SECTION
SUBPART-203.9,SEC-203.904,HAS_SECTION
SUBPART-203.9,SEC-203.905,HAS_SECTION
SUBPART-203.9,SEC-203.906,HAS_SECTION
SUBPART-203.9,SEC-203.909,HAS_SECTION
SUBPART-203.9,SEC-203.909-3,HAS_SECTION
SUBPART-203.9,SEC-203.970,HAS_SECTION
SUBPART-203.10,SEC-203.1003,HAS_SECTION
SUBPART-203.10,SEC-203.1004,HAS_SECTION
SUBPART-204.1,SEC-204.101,HAS_SECTION
SUBPART-204.2,SEC-204.201,HAS_SECTION
SUBPART-204.2,SEC-204.203,HAS_SECTION
SUBPART-204.2,SEC-204.270,HAS_SECTION
SUBPART-204.2,SEC-204.270-1,HAS_SECTION
SUBPART-204.2,SEC-204.270-2,HAS_SECTION
SUBPART-204.4,SEC-204.402,HAS_SECTION
SUBPART-204.4,SEC-204.403,HAS_SECTION
SUBPART-204.4,SEC-204.404,HAS_SECTION
SUBPART-204.4,SEC-204.404-70,HAS_SECTION
SUBPART-204.4,SEC-204.470,HAS_SECTION
SUBPART-204.4,SEC-204.470-1,HAS_SECTION
SUBPART-204.4,SEC-204.470-2,HAS_SECTION
SUBPART-204.4,SEC-204.470-3,HAS_SECTION
SUBPART-204.6,SEC-204.602,HAS_SECTION
SUBPART-204.6,SEC-204.604,HAS_SECTION
SUBPART-204.6,SEC-204.606,HAS_SECTION
SUBPART-204.8,SEC-204.802,HAS_SECTION
SUBPART-204.8,SEC-204.804,HAS_SECTION
SUBPART-204.8,SEC-204.804-70,HAS_SECTION
SUBPART-204.8,SEC-204.805,HAS_SECTION
SUBPART-204.9,SEC-204.902,HAS_SECTION
SUBPART-204.11,SEC-204.1103,HAS_SECTION
SUBPART-204.12,SEC-204.1202,HAS_SECTION
SUBPART-204.16,SEC-204.1601,HAS_SECTION
SUBPART-204.16,SEC-204.1603,HAS_SECTION
SUBPART-204.16,SEC-204.1670,HAS_SECTION
SUBPART-204.16,SEC-204.1671,HAS_SECTION
SUBPART-204.17,SEC-204.1700,HAS_SECTION
SUBPART-204.17,SEC-204.1701,HAS_SECTION
SUBPART-204.17,SEC-204.1703,HAS_SECTION
SUBPART-204.17,SEC-204.1705,HAS_SECTION
SUBPART-204.18,SEC-204.1870,HAS_SECTION
SUBPART-204.21,SEC-204.2100,HAS_SECTION
SUBPART-204.21,SEC-204.2101,HAS_SECTION
SUBPART-204.21,SEC-204.2102,HAS_SECTION
SUBPART-204.21,SEC-204.2103,HAS_SECTION
SUBPART-204.21,SEC-204.2104,HAS_SECTION
SUBPART-204.21,SEC-204.2105,HAS_SECTION
SUBPART-204.71,SEC-204.7100,HAS_SECTION
SUBPART-204.71,SEC-204.7101,HAS_SECTION
SUBPART-204.71,SEC-204.7102,HAS_SECTION
SUBPART-204.71,SEC-204.7103,HAS_SECTION
SUBPART-204.71,SEC-204.7103-1,HAS_SECTION
SUBPART-204.71,SEC-204.7103-2,HAS_SECTION
SUBPART-204.71,SEC-204.7104,HAS_SECTION
SUBPART-204.71,SEC-204.7104-1,HAS_SECTION
SUBPART-204.71,SEC-204.7104-2,HAS_SECTION
SUBPART-204.71,SEC-204.7105,HAS_SECTION
SUBPART-204.71,SEC-204.7106,HAS_SECTION
SUBPART-204.71,SEC-204.7107,HAS_SECTION
SUBPART-204.71,SEC-204.7108,HAS_SECTION
SUBPART-204.71,SEC-204.7109,HAS_SECTION
SUBPART-204.72,SEC-204.7200,HAS_SECTION
SUBPART-204.72,SEC-204.7201,HAS_SECTION
SUBPART-204.72,SEC-204.7202,HAS_SECTION
SUBPART-204.72,SEC-204.7203,HAS_SECTION
SUBPART-204.73,SEC-204.7300,HAS_SECTION
SUBPART-204.73,SEC-204.7301,HAS_SECTION
SUBPART-204.73,SEC-204.7302,HAS_SECTION
SUBPART-204.73,SEC-204.7303,HAS_SECTION
SUBPART-204.73,SEC-204.7304,HAS_SECTION
SUBPART-204.74,SEC-204.7400,HAS_SECTION
SUBPART-204.74,SEC-204.7401,HAS_SECTION
SUBPART-204.74,SEC-204.7402,HAS_SECTION
SUBPART-204.74,SEC-204.7403,HAS_SECTION
SUBPART-204.75,SEC-204.7500,HAS_SECTION
SUBPART-204.75,SEC-204.7501,HAS_SECTION
SUBPART-204.75,SEC-204.7502,HAS_SECTION
SUBPART-204.75,SEC-204.7503,HAS_SECTION
SUBPART-204.75,SEC-204.7504,HAS_SECTION
SUBPART-204.76,SEC-204.7600,HAS_SECTION
SUBPART-204.76,SEC-204.7601,HAS_SECTION
SUBPART-204.76,SEC-204.7602,HAS_SECTION
SUBPART-204.76,SEC-204.7603,HAS_SECTION
SUBPART-204.76,SEC-204.7604,HAS_SECTION
SUBPART-205.1,SEC-205.102,HAS_SECTION
SUBPART-205.1,SEC-205.102-70,HAS_SECTION
SUBPART-205.2,SEC-205.203,HAS_SECTION
SUBPART-205.2,SEC-205.205,HAS_SECTION
SUBPART-205.2,SEC-205.205-70,HAS_SECTION
SUBPART-205.2,SEC-205.205-71,HAS_SECTION
SUBPART-205.2,SEC-205.207,HAS_SECTION
SUBPART-205.3,SEC-205.301,HAS_SECTION
SUBPART-205.3,SEC-205.303,HAS_SECTION
SUBPART-205.4,SEC-205.470,HAS_SECTION
SUBPART-205.5,SEC-205.502,HAS_SECTION
PART-206,SEC-206.000,HAS_SECTION
PART-206,SEC-206.001,HAS_SECTION
PART-206,SEC-206.001-70,HAS_SECTION
SUBPART-206.1,SEC-206.102,HAS_SECTION
SUBPART-206.1,SEC-206.102-70,HAS_SECTION
SUBPART-206.2,SEC-206.202,HAS_SECTION
SUBPART-206.3,SEC-206.302,HAS_SECTION
SUBPART-206.3,SEC-206.302-1,HAS_SECTION
SUBPART-206.3,SEC-206.302-2,HAS_SECTION
SUBPART-206.3,SEC-206.302-3,HAS_SECTION
SUBPART-206.3,SEC-206.302-3-70,HAS_SECTION
SUBPART-206.3,SEC-206.302-4,HAS_SECTION
SUBPART-206.3,SEC-206.302-5,HAS_SECTION
SUBPART-206.3,SEC-206.302-7,HAS_SECTION
SUBPART-206.3,SEC-206.303,HAS_SECTION
SUBPART-206.3,SEC-206.303-1,HAS_SECTION
SUBPART-206.3,SEC-206.303-2,HAS_SECTION
SUBPART-206.3,SEC-206.303-70,HAS_SECTION
SUBPART-206.3,SEC-206.304,HAS_SECTION
SUBPART-206.3,SEC-206.305,HAS_SECTION
SUBPART-207.1,SEC-207.102,HAS_SECTION
SUBPART-207.1,SEC-207.103,HAS_SECTION
SUBPART-207.1,SEC-207.104,HAS_SECTION
SUBPART-207.1,SEC-207.105,HAS_SECTION
SUBPART-207.1,SEC-207.106,HAS_SECTION
SUBPART-207.1,SEC-207.108,HAS_SECTION
SUBPART-207.1,SEC-207.170,HAS_SECTION
SUBPART-207.1,SEC-207.171,HAS_SECTION
SUBPART-207.1,SEC-207.171-1,HAS_SECTION
SUBPART-207.1,SEC-207.171-2,HAS_SECTION
SUBPART-207.1,SEC-207.171-3,HAS_SECTION
SUBPART-207.1,SEC-207.171-4,HAS_SECTION
SUBPART-207.1,SEC-207.172,HAS_SECTION
SUBPART-207.3,SEC-207.302,HAS_SECTION
SUBPART-207.4,SEC-207.401,HAS_SECTION
SUBPART-207.4,SEC-207.470,HAS_SECTION
SUBPART-207.4,SEC-207.471,HAS_SECTION
SUBPART-207.5,SEC-207.500,HAS_SECTION
SUBPART-207.5,SEC-207.503,HAS_SECTION
SUBPART-207.70,SEC-207.7001,HAS_SECTION
SUBPART-207.70,SEC-207.7002,HAS_SECTION
SUBPART-207.70,SEC-207.7003,HAS_SECTION
PART-208,SEC-208.002,HAS_SECTION
SUBPART-208.4,SEC-208.404,HAS_SECTION
SUBPART-208.4,SEC-208.405,HAS_SECTION
SUBPART-208.4,SEC-208.405-6,HAS_SECTION
SUBPART-208.4,SEC-208.406,HAS_SECTION
SUBPART-208.4,SEC-208.406-1,HAS_SECTION
SUBPART-208.6,SEC-208.602,HAS_SECTION
SUBPART-208.6,SEC-208.602-70,HAS_SECTION
SUBPART-208.6,SEC-208.606,HAS_SECTION
SUBPART-208.7,SEC-208.705,HAS_SECTION
SUBPART-208.70,SEC-208.7000,HAS_SECTION
SUBPART-208.70,SEC-208.7001,HAS_SECTION
SUBPART-208.70,SEC-208.7002,HAS_SECTION
SUBPART-208.70,SEC-208.7002-1,HAS_SECTION
SUBPART-208.70,SEC-208.7002-2,HAS_SECTION
SUBPART-208.70,SEC-208.7003,HAS_SECTION
SUBPART-208.70,SEC-208.7003-1,HAS_SECTION
SUBPART-208.70,SEC-208.7003-2,HAS_SECTION
SUBPART-208.70,SEC-208.7004,HAS_SECTION
SUBPART-208.70,SEC-208.7005,HAS_SECTION
SUBPART-208.70,SEC-208.7006,HAS_SECTION
SUBPART-208.71,SEC-208.7100,HAS_SECTION
SUBPART-208.71,SEC-208.7101,HAS_SECTION
SUBPART-208.71,SEC-208.7102,HAS_SECTION
SUBPART-208.73,SEC-208.7301,HAS_SECTION
SUBPART-208.73,SEC-208.7302,HAS_SECTION
SUBPART-208.73,SEC-208.7303,HAS_SECTION
SUBPART-208.73,SEC-208.7304,HAS_SECTION
SUBPART-208.73,SEC-208.7305,HAS_SECTION
SUBPART-208.74,SEC-208.7400,HAS_SECTION
SUBPART-208.74,SEC-208.7401,HAS_SECTION
SUBPART-208.74,SEC-208.7402,HAS_SECTION
SUBPART-208.74,SEC-208.7403,HAS_SECTION
SUBPART-209.1,SEC-209.101,HAS_SECTION
SUBPART-209.1,SEC-209.104,HAS_SECTION
SUBPART-209.1,SEC-209.104-1,HAS_SECTION
SUBPART-209.1,SEC-209.104-4,HAS_SECTION
SUBPART-209.1,SEC-209.104-70,HAS_SECTION
SUBPART-209.1,SEC-209.105,HAS_SECTION
SUBPART-209.1,SEC-209.105-1,HAS_SECTION
SUBPART-209.1,SEC-209.105-2,HAS_SECTION
SUBPART-209.1,SEC-209.105-2-70,HAS_SECTION
SUBPART-209.1,SEC-209.106,HAS_SECTION
SUBPART-209.1,SEC-209.170,HAS_SECTION
SUBPART-209.1,SEC-209.170-0,HAS_SECTION
SUBPART-209.1,SEC-209.170-1,HAS_SECTION
SUBPART-209.1,SEC-209.170-2,HAS_SECTION
SUBPART-209.1,SEC-209.170-3,HAS_SECTION
SUBPART-209.1,SEC-209.170-4,HAS_SECTION
SUBPART-209.2,SEC-209.202,HAS_SECTION
SUBPART-209.2,SEC-209.270,HAS_SECTION
SUBPART-209.2,SEC-209.270-1,HAS_SECTION
SUBPART-209.2,SEC-209.270-2,HAS_SECTION
SUBPART-209.2,SEC-209.270-3,HAS_SECTION
SUBPART-209.2,SEC-209.270-4,HAS_SECTION
SUBPART-209.2,SEC-209.270-5,HAS_SECTION
SUBPART-209.4,SEC-209.402,HAS_SECTION
SUBPART-209.4,SEC-209.403,HAS_SECTION
SUBPART-209.4,SEC-209.405,HAS_SECTION
SUBPART-209.4,SEC-209.405-2,HAS_SECTION
SUBPART-209.4,SEC-209.406,HAS_SECTION
SUBPART-209.4,SEC-209.406-1,HAS_SECTION
SUBPART-209.4,SEC-209.406-2,HAS_SECTION
SUBPART-209.4,SEC-209.406-3,HAS_SECTION
SUBPART-209.4,SEC-209.407,HAS_SECTION
SUBPART-209.4,SEC-209.407-3,HAS_SECTION
SUBPART-209.4,SEC-209.409,HAS_SECTION
SUBPART-209.4,SEC-209.470,HAS_SECTION
SUBPART-209.4,SEC-209.471,HAS_SECTION
SUBPART-209.5,SEC-209.503,HAS_SECTION
SUBPART-209.5,SEC-209.503-70,HAS_SECTION
SUBPART-209.5,SEC-209.505,HAS_SECTION
SUBPART-209.5,SEC-209.505-4,HAS_SECTION
SUBPART-209.5,SEC-209.570,HAS_SECTION
SUBPART-209.5,SEC-209.570-1,HAS_SECTION
SUBPART-209.5,SEC-209.570-2,HAS_SECTION
SUBPART-209.5,SEC-209.570-3,HAS_SECTION
SUBPART-209.5,SEC-209.570-4,HAS_SECTION
SUBPART-209.5,SEC-209.571,HAS_SECTION
SUBPART-209.5,SEC-209.571-0,HAS_SECTION
SUBPART-209.5,SEC-209.571-1,HAS_SECTION
SUBPART-209.5,SEC-209.571-2,HAS_SECTION
SUBPART-209.5,SEC-209.571-3,HAS_SECTION
SUBPART-209.5,SEC-209.571-4,HAS_SECTION
SUBPART-209.5,SEC-209.571-5,HAS_SECTION
SUBPART-209.5,SEC-209.571-6,HAS_SECTION
SUBPART-209.5,SEC-209.571-7,HAS_SECTION
SUBPART-209.5,SEC-209.571-8,HAS_SECTION
SUBPART-209.5,SEC-209.572,HAS_SECTION
PART-210,SEC-210.001,HAS_SECTION
PART-210,SEC-210.002,HAS_SECTION
PART-211,SEC-211.002,HAS_SECTION
SUBPART-211.1,SEC-211.104,HAS_SECTION
SUBPART-211.1,SEC-211.106,HAS_SECTION
SUBPART-211.1,SEC-211.107,HAS_SECTION
SUBPART-211.1,SEC-211.170,HAS_SECTION
SUBPART-211.2,SEC-211.201,HAS_SECTION
SUBPART-211.2,SEC-211.204,HAS_SECTION
SUBPART-211.2,SEC-211.270,HAS_SECTION
SUBPART-211.2,SEC-211.271,HAS_SECTION
SUBPART-211.2,SEC-211.272,HAS_SECTION
SUBPART-211.2,SEC-211.273,HAS_SECTION
SUBPART-211.2,SEC-211.273-1,HAS_SECTION
SUBPART-211.2,SEC-211.273-2,HAS_SECTION
SUBPART-211.2,SEC-211.273-3,HAS_SECTION
SUBPART-211.2,SEC-211.273-4,HAS_SECTION
SUBPART-211.2,SEC-211.274,HAS_SECTION
SUBPART-211.2,SEC-211.274-1,HAS_SECTION
SUBPART-211.2,SEC-211.274-2,HAS_SECTION
SUBPART-211.2,SEC-211.274-3,HAS_SECTION
SUBPART-211.2,SEC-211.274-4,HAS_SECTION
SUBPART-211.2,SEC-211.274-5,HAS_SECTION
SUBPART-211.2,SEC-211.275,HAS_SECTION
SUBPART-211.5,SEC-211.500,HAS_SECTION
SUBPART-211.5,SEC-211.503,HAS_SECTION
SUBPART-211.6,SEC-211.602,HAS_SECTION
SUBPART-211.70,SEC-211.7001,HAS_SECTION
PART-212,SEC-212.001,HAS_SECTION
SUBPART-212.1,SEC-212.102,HAS_SECTION
SUBPART-212.2,SEC-212.203,HAS_SECTION
SUBPART-212.2,SEC-212.207,HAS_SECTION
SUBPART-212.2,SEC-212.209,HAS_SECTION
SUBPART-212.2,SEC-212.211,HAS_SECTION
SUBPART-212.2,SEC-212.212,HAS_SECTION
SUBPART-212.2,SEC-212.270,HAS_SECTION
SUBPART-212.2,SEC-212.271,HAS_SECTION
SUBPART-212.2,SEC-212.272,HAS_SECTION
SUBPART-212.3,SEC-212.301,HAS_SECTION
SUBPART-212.3,SEC-212.302,HAS_SECTION
SUBPART-212.3,SEC-212.370,HAS_SECTION
SUBPART-212.3,SEC-212.371,HAS_SECTION
SUBPART-212.5,SEC-212.503,HAS_SECTION
SUBPART-212.5,SEC-212.504,HAS_SECTION
SUBPART-212.5,SEC-212.505,HAS_SECTION
SUBPART-212.6,SEC-212.602,HAS_SECTION
SUBPART-212.70,SEC-212.7000,HAS_SECTION
SUBPART-212.70,SEC-212.7001,HAS_SECTION
SUBPART-212.70,SEC-212.7002,HAS_SECTION
SUBPART-212.70,SEC-212.7003,HAS_SECTION
SUBPART-212.70,SEC-212.7004,HAS_SECTION
SUBPART-212.70,SEC-212.7005,HAS_SECTION
SUBPART-213.1,SEC-213.101,HAS_SECTION
SUBPART-213.1,SEC-213.104,HAS_SECTION
SUBPART-213.1,SEC-213.106,HAS_SECTION
SUBPART-213.1,SEC-213.106-1,HAS_SECTION
SUBPART-213.1,SEC-213.106-1-70,HAS_SECTION
SUBPART-213.1,SEC-213.106-2,HAS_SECTION
SUBPART-213.1,SEC-213.106-2-70,HAS_SECTION
SUBPART-213.2,SEC-213.201,HAS_SECTION
SUBPART-213.2,SEC-213.270,HAS_SECTION
SUBPART-213.3,SEC-213.301,HAS_SECTION
SUBPART-213.3,SEC-213.302,HAS_SECTION
SUBPART-213.3,SEC-213.302-3,HAS_SECTION
SUBPART-213.3,SEC-213.302-5,HAS_SECTION
SUBPART-213.3,SEC-213.303,HAS_SECTION
SUBPART-213.3,SEC-213.303-5,HAS_SECTION
SUBPART-213.3,SEC-213.305,HAS_SECTION
SUBPART-213.3,SEC-213.305-3,HAS_SECTION
SUBPART-213.3,SEC-213.306,HAS_SECTION
SUBPART-213.3,SEC-213.307,HAS_SECTION
SUBPART-213.4,SEC-213.402,HAS_SECTION
SUBPART-213.5,SEC-213.500,HAS_SECTION
SUBPART-213.5,SEC-213.500-70,HAS_SECTION
SUBPART-213.5,SEC-213.501,HAS_SECTION
SUBPART-213.70,SEC-213.7001,HAS_SECTION
SUBPART-213.70,SEC-213.7002,HAS_SECTION
SUBPART-214.2,SEC-214.201,HAS_SECTION
SUBPART-214.2,SEC-214.201-5,HAS_SECTION
SUBPART-214.2,SEC-214.201-6,HAS_SECTION
SUBPART-214.2,SEC-214.202,HAS_SECTION
SUBPART-214.2,SEC-214.202-5,HAS_SECTION
SUBPART-214.2,SEC-214.203,HAS_SECTION
SUBPART-214.2,SEC-214.209,HAS_SECTION
SUBPART-214.4,SEC-214.404,HAS_SECTION
SUBPART-214.4,SEC-214.404-1,HAS_SECTION
SUBPART-214.4,SEC-214.407,HAS_SECTION
SUBPART-214.4,SEC-214.407-3,HAS_SECTION
SUBPART-214.4,SEC-214.408,HAS_SECTION
SUBPART-214.4,SEC-214.408-1,HAS_SECTION
SUBPART-214.5,SEC-214.503,HAS_SECTION
SUBPART-214.5,SEC-214.503-1,HAS_SECTION
SUBPART-215.1,SEC-215.101,HAS_SECTION
SUBPART-215.1,SEC-215.101-2,HAS_SECTION
SUBPART-215.1,SEC-215.101-2-70,HAS_SECTION
SUBPART-215.1,SEC-215.101-70,HAS_SECTION
SUBPART-215.1,SEC-215.101-71,HAS_SECTION
SUBPART-215.2,SEC-215.203,HAS_SECTION
SUBPART-215.2,SEC-215.203-70,HAS_SECTION
SUBPART-215.2,SEC-215.205,HAS_SECTION
SUBPART-215.2,SEC-215.209,HAS_SECTION
SUBPART-215.2,SEC-215.270,HAS_SECTION
SUBPART-215.3,SEC-215.300,HAS_SECTION
SUBPART-215.3,SEC-215.303,HAS_SECTION
SUBPART-215.3,SEC-215.304,HAS_SECTION
SUBPART-215.3,SEC-215.305,HAS_SECTION
SUBPART-215.3,SEC-215.306,HAS_SECTION
SUBPART-215.3,SEC-215.370,HAS_SECTION
SUBPART-215.3,SEC-215.370-1,HAS_SECTION
SUBPART-215.3,SEC-215.370-2,HAS_SECTION
SUBPART-215.3,SEC-215.370-3,HAS_SECTION
SUBPART-215.3,SEC-215.371,HAS_SECTION
SUBPART-215.3,SEC-215.371-1,HAS_SECTION
SUBPART-215.3,SEC-215.371-2,HAS_SECTION
SUBPART-215.3,SEC-215.371-3,HAS_SECTION
SUBPART-215.3,SEC-215.371-4,HAS_SECTION
SUBPART-215.3,SEC-215.371-5,HAS_SECTION
SUBPART-215.3,SEC-215.371-6,HAS_SECTION
SUBPART-215.4,SEC-215.401,HAS_SECTION
SUBPART-215.4,SEC-215.402,HAS_SECTION
SUBPART-215.4,SEC-215.403,HAS_SECTION
SUBPART-215.4,SEC-215.403-1,HAS_SECTION
SUBPART-215.4,SEC-215.403-3,HAS_SECTION
SUBPART-215.4,SEC-215.403-5,HAS_SECTION
SUBPART-215.4,SEC-215.404,HAS_SECTION
SUBPART-215.4,SEC-215.404-1,HAS_SECTION
SUBPART-215.4,SEC-215.404-2,HAS_SECTION
SUBPART-215.4,SEC-215.404-3,HAS_SECTION
SUBPART-215.4,SEC-215.404-4,HAS_SECTION
SUBPART-215.4,SEC-215.404-70,HAS_SECTION
SUBPART-215.4,SEC-215.404-71,HAS_SECTION
SUBPART-215.4,SEC-215.404-71-1,HAS_SECTION
SUBPART-215.4,SEC-215.404-71-2,HAS_SECTION
SUBPART-215.4,SEC-215.404-71-3,HAS_SECTION
SUBPART-215.4,SEC-215.404-71-4,HAS_SECTION
SUBPART-215.4,SEC-215.404-71-5,HAS_SECTION
SUBPART-215.4,SEC-215.404-72,HAS_SECTION
SUBPART-215.4,SEC-215.404-73,HAS_SECTION
SUBPART-215.4,SEC-215.404-74,HAS_SECTION
SUBPART-215.4,SEC-215.404-75,HAS_SECTION
SUBPART-215.4,SEC-215.406,HAS_SECTION
SUBPART-215.4,SEC-215.406-1,HAS_SECTION
SUBPART-215.4,SEC-215.406-2,HAS_SECTION
SUBPART-215.4,SEC-215.406-3,HAS_SECTION
SUBPART-215.4,SEC-215.407,HAS_SECTION
SUBPART-215.4,SEC-215.407-1,HAS_SECTION
SUBPART-215.4,SEC-215.407-2,HAS_SECTION
SUBPART-215.4,SEC-215.407-3,HAS_SECTION
SUBPART-215.4,SEC-215.407-4,HAS_SECTION
SUBPART-215.4,SEC-215.407-5,HAS_SECTION
SUBPART-215.4,SEC-215.407-5-70,HAS_SECTION
SUBPART-215.4,SEC-215.408,HAS_SECTION
SUBPART-215.4,SEC-215.470,HAS_SECTION
SUBPART-215.5,SEC-215.503,HAS_SECTION
SUBPART-215.5,SEC-215.506,HAS_SECTION
SUBPART-215.5,SEC-215.506-70,HAS_SECTION
SUBPART-215.5,SEC-215.570,HAS_SECTION
SUBPART-215.6,SEC-215.602,HAS_SECTION
SUBPART-215.6,SEC-215.604,HAS_SECTION
PART-216,SUBPART-216.1,HAS_SUBPART
SUBPART-216.1,SEC-216.102,HAS_SECTION
SUBPART-216.1,SEC-216.104,HAS_SECTION
SUBPART-216.1,SEC-216.104-70,HAS_SECTION
PART-216,SUBPART-216.2,HAS_SUBPART
SUBPART-216.2,SEC-216.203,HAS_SECTION
SUBPART-216.2,SEC-216.203-4,HAS_SECTION
SEC-216.203-4,PROV-216.203-4-1,HAS_PROVISION
PROV-216.203-4-1,PROV-216.203-4-1-i,HAS_PROVISION
PROV-216.203-4-1,PROV-216.203-4-1-ii,HAS_PROVISION
SEC-216.203-4,PROV-216.203-4-2,HAS_PROVISION
SUBPART-216.2,SEC-216.203-4-70,HAS_SECTION
SEC-216.203-4-70,PROV-216.203-4-70-a,HAS_PROVISION
PROV-216.203-4-70-a,PROV-216.203-4-70-a-1,HAS_PROVISION
PROV-216.203-4-70-a-1,PROV-216.203-4-70-a-1-i,HAS_PROVISION
PROV-216.203-4-70-a-1-i,PROV-216.203-4-70-a-1-i-ii,HAS_PROVISION
PROV-216.203-4-70-a,PROV-216.203-4-70-a-2,HAS_PROVISION
SEC-216.203-4-70,PROV-216.203-4-70-b,HAS_PROVISION
PROV-216.203-4-70-b,PROV-216.203-4-70-b-1,HAS_PROVISION
PROV-216.203-4-70-b-1,PROV-216.203-4-70-b-1-i,HAS_PROVISION
PROV-216.203-4-70-b-1,PROV-216.203-4-70-b-1-ii,HAS_PROVISION
PROV-216.203-4-70-b,PROV-216.203-4-70-b-2,HAS_PROVISION
PROV-216.203-4-70-b,PROV-216.203-4-70-b-3,HAS_PROVISION
PROV-216.203-4-70-b,PROV-216.203-4-70-b-4,HAS_PROVISION
PROV-216.203-4-70-b,PROV-216.203-4-70-b-5,HAS_PROVISION
SEC-216.203-4-70,PROV-216.203-4-70-c,HAS_PROVISION
PROV-216.203-4-70-c,PROV-216.203-4-70-c-1,HAS_PROVISION
PROV-216.203-4-70-c-1,PROV-216.203-4-70-c-1-i,HAS_PROVISION
PROV-216.203-4-70-c-1-i,PROV-216.203-4-70-c-1-i-A,HAS_PROVISION
PROV-216.203-4-70-c-1-i,PROV-216.203-4-70-c-1-i-B,HAS_PROVISION
PROV-216.203-4-70-c-1-i,PROV-216.203-4-70-c-1-i-ii,HAS_PROVISION
PROV-216.203-4-70-c,PROV-216.203-4-70-c-2,HAS_PROVISION
PART-216,SUBPART-216.3,HAS_SUBPART
SUBPART-216.3,SEC-216.301,HAS_SECTION
SUBPART-216.3,SEC-216.301-3,HAS_SECTION
SUBPART-216.3,SEC-216.306,HAS_SECTION
SEC-216.306,PROV-216.306-c,HAS_PROVISION
PROV-216.306-c,PROV-216.306-c-i,HAS_PROVISION
PROV-216.306-c-i,PROV-216.306-c-i-A,HAS_PROVISION
PROV-216.306-c-i,PROV-216.306-c-i-B,HAS_PROVISION
PROV-216.306-c-i,PROV-216.306-c-i-C,HAS_PROVISION
PROV-216.306-c,PROV-216.306-c-ii,HAS_PROVISION
PROV-216.306-c-ii,PROV-216.306-c-ii-A,HAS_PROVISION
PROV-216.306-c-ii,PROV-216.306-c-ii-B,HAS_PROVISION
SUBPART-216.3,SEC-216.307,HAS_SECTION
SEC-216.307,PROV-216.307-a,HAS_PROVISION
PROV-216.307-a,PROV-216.307-a-1,HAS_PROVISION
PROV-216.307-a,PROV-216.307-a-2,HAS_PROVISION
PROV-216.307-a-2,PROV-216.307-a-2-i,HAS_PROVISION
PROV-216.307-a-2,PROV-216.307-a-2-ii,HAS_PROVISION
PART-216,SUBPART-216.4,HAS_SUBPART
SUBPART-216.4,SEC-216.401,HAS_SECTION
SEC-216.401,PROV-216.401-c,HAS_PROVISION
SEC-216.401,PROV-216.401-d,HAS_PROVISION
PROV-216.401-d,PROV-216.401-d-i,HAS_PROVISION
PROV-216.401-d,PROV-216.401-d-ii,HAS_PROVISION
SEC-216.401,PROV-216.401-e,HAS_PROVISION
SUBPART-216.4,SEC-216.401-71,HAS_SECTION
SEC-216.401-71,PROV-216.401-71-1,HAS_PROVISION
SEC-216.401-71,PROV-216.401-71-2,HAS_PROVISION
SEC-216.401-71,PROV-216.401-71-3,HAS_PROVISION
SUBPART-216.4,SEC-216.402,HAS_SECTION
SUBPART-216.4,SEC-216.402-2,HAS_SECTION
SEC-216.402-2,PROV-216.402-2-1,HAS_PROVISION
SEC-216.402-2,PROV-216.402-2-2,HAS_PROVISION
PROV-216.402-2-2,PROV-216.402-2-2-i,HAS_PROVISION
PROV-216.402-2-2,PROV-216.402-2-2-ii,HAS_PROVISION
SUBPART-216.4,SEC-216.403,HAS_SECTION
SUBPART-216.4,SEC-216.403-1,HAS_SECTION
SEC-216.403-1,PROV-216.403-1-b,HAS_PROVISION
PROV-216.403-1-b,PROV-216.403-1-b-1,HAS_PROVISION
PROV-216.403-1-b,PROV-216.403-1-b-2,HAS_PROVISION
PROV-216.403-1-b,PROV-216.403-1-b-3,HAS_PROVISION
SUBPART-216.4,SEC-216.403-2,HAS_SECTION
SUBPART-216.4,SEC-216.405,HAS_SECTION
SUBPART-216.4,SEC-216.405-1,HAS_SECTION
SUBPART-216.4,SEC-216.405-2,HAS_SECTION
SEC-216.405-2,PROV-216.405-2-1,HAS_PROVISION
SEC-216.405-2,PROV-216.405-2-2,HAS_PROVISION
SEC-216.405-2,PROV-216.405-2-3,HAS_PROVISION
PROV-216.405-2-3,PROV-216.405-2-3-i,HAS_PROVISION
PROV-216.405-2-3-i,PROV-216.405-2-3-i-A,HAS_PROVISION
PROV-216.405-2-3-i-A,PROV-216.405-2-3-i-A-1,HAS_PROVISION
PROV-216.405-2-3-i-A,PROV-216.405-2-3-i-A-2,HAS_PROVISION
PROV-216.405-2-3-i,PROV-216.405-2-3-i-B,HAS_PROVISION
PROV-216.405-2-3-i-B,PROV-216.405-2-3-i-B-1,HAS_PROVISION
PROV-216.405-2-3-i-B,PROV-216.405-2-3-i-B-2,HAS_PROVISION
PROV-216.405-2-3,PROV-216.405-2-3-ii,HAS_PROVISION
PROV-216.405-2-3,PROV-216.405-2-3-iii,HAS_PROVISION
SEC-216.405-2,PROV-216.405-2-4,HAS_PROVISION
SUBPART-216.4,SEC-216.405-2-70,HAS_SECTION
SEC-216.405-2-70,PROV-216.405-2-70-a,HAS_PROVISION
SEC-216.405-2-70,PROV-216.405-2-70-b,HAS_PROVISION
PROV-216.405-2-70-b,PROV-216.405-2-70-b-1,HAS_PROVISION
PROV-216.405-2-70-b,PROV-216.405-2-70-b-2,HAS_PROVISION
SEC-216.405-2-70,PROV-216.405-2-70-c,HAS_PROVISION
SUBPART-216.4,SEC-216.405-2-71,HAS_SECTION
SEC-216.405-2-71,PROV-216.405-2-71-a,HAS_PROVISION
SEC-216.405-2-71,PROV-216.405-2-71-b,HAS_PROVISION
SUBPART-216.4,SEC-216.406,HAS_SECTION
SEC-216.406,PROV-216.406-e,HAS_PROVISION
SUBPART-216.4,SEC-216.470,HAS_SECTION
PART-216,SUBPART-216.5,HAS_SUBPART
SUBPART-216.5,SEC-216.500,HAS_SECTION
SEC-216.500,PROV-216.500-d,HAS_PROVISION
PROV-216.500-d,PROV-216.500-d-i,HAS_PROVISION
PROV-216.500-d-i,PROV-216.500-d-i-ii,HAS_PROVISION
SEC-216.500,PROV-216.500-2,HAS_PROVISION
SUBPART-216.5,SEC-216.501,HAS_SECTION
SUBPART-216.5,SEC-216.501-2-70,HAS_SECTION
SEC-216.501-2-70,PROV-216.501-2-70-a,HAS_PROVISION
PROV-216.501-2-70-a,PROV-216.501-2-70-a-i,HAS_PROVISION
PROV-216.501-2-70-a-i,PROV-216.501-2-70-a-i-A,HAS_PROVISION
PROV-216.501-2-70-a-i,PROV-216.501-2-70-a-i-B,HAS_PROVISION
PROV-216.501-2-70-a-i,PROV-216.501-2-70-a-i-ii,HAS_PROVISION
SEC-216.501-2-70,PROV-216.501-2-70-b,HAS_PROVISION
SUBPART-216.5,SEC-216.504,HAS_SECTION
SEC-216.504,PROV-216.504-c,HAS_PROVISION
PROV-216.504-c,PROV-216.504-c-1,HAS_PROVISION
PROV-216.504-c-1,PROV-216.504-c-1-ii,HAS_PROVISION
PROV-216.504-c-1-ii,PROV-216.504-c-1-ii-D,HAS_PROVISION
PROV-216.504-c-1-ii-D,PROV-216.504-c-1-ii-D-1,HAS_PROVISION
PROV-216.504-c-1-ii-D-1,PROV-216.504-c-1-ii-D-1-i,HAS_PROVISION
SEC-216.504,PROV-216.504-D,HAS_PROVISION
PROV-216.504-D,PROV-216.504-D-1,HAS_PROVISION
PROV-216.504-D-1,PROV-216.504-D-1-i,HAS_PROVISION
PROV-216.504-D-1-i,PROV-216.504-D-1-i-2,HAS_PROVISION
PROV-216.504-D-1-i,PROV-216.504-D-1-i-3,HAS_PROVISION
SUBPART-216.5,SEC-216.505,HAS_SECTION
SEC-216.505,PROV-216.505-a,HAS_PROVISION
PROV-216.505-a,PROV-216.505-a-6,HAS_PROVISION
PROV-216.505-a-6,PROV-216.505-a-6-i,HAS_PROVISION
PROV-216.505-a-6,PROV-216.505-a-6-ii,HAS_PROVISION
PROV-216.505-a-6,PROV-216.505-a-6-iii,HAS_PROVISION
SEC-216.505,PROV-216.505-b,HAS_PROVISION
PROV-216.505-b,PROV-216.505-b-1,HAS_PROVISION
PROV-216.505-b-1,PROV-216.505-b-1-A,HAS_PROVISION
PROV-216.505-b-1,PROV-216.505-b-1-B,HAS_PROVISION
PROV-216.505-b-1,PROV-216.505-b-1-2,HAS_PROVISION
PROV-216.505-b-1,PROV-216.505-b-1-6,HAS_PROVISION
PROV-216.505-b-1-6,PROV-216.505-b-1-6-ii,HAS_PROVISION
SUBPART-216.5,SEC-216.505-70,HAS_SECTION
SUBPART-216.5,SEC-216.506,HAS_SECTION
SUBPART-216.5,SEC-216.506-70,HAS_SECTION
SEC-216.506-70,PROV-216.506-70-a,HAS_PROVISION
SEC-216.506-70,PROV-216.506-70-b,HAS_PROVISION
PART-216,SUBPART-216.6,HAS_SUBPART
SUBPART-216.6,SEC-216.601,HAS_SECTION
SEC-216.601,PROV-216.601-d,HAS_PROVISION
PROV-216.601-d,PROV-216.601-d-i,HAS_PROVISION
PROV-216.601-d-i,PROV-216.601-d-i-A,HAS_PROVISION
PROV-216.601-d-i-A,PROV-216.601-d-i-A-1,HAS_PROVISION
PROV-216.601-d-i-A-1,PROV-216.601-d-i-A-1-i,HAS_PROVISION
PROV-216.601-d-i-A-1,PROV-216.601-d-i-A-1-ii,HAS_PROVISION
PROV-216.601-d-i-A,PROV-216.601-d-i-A-2,HAS_PROVISION
PROV-216.601-d-i-A,PROV-216.601-d-i-A-3,HAS_PROVISION
PROV-216.601-d-i-A-3,PROV-216.601-d-i-A-3-i,HAS_PROVISION
PROV-216.601-d-i-A-3,PROV-216.601-d-i-A-3-ii,HAS_PROVISION
PROV-216.601-d-i-A-3,PROV-216.601-d-i-A-3-iii,HAS_PROVISION
PROV-216.601-d-i-A-3,PROV-216.601-d-i-A-3-iv,HAS_PROVISION
PROV-216.601-d-i-A,PROV-216.601-d-i-A-B,HAS_PROVISION
PROV-216.601-d-i-A-B,PROV-216.601-d-i-A-B-1,HAS_PROVISION
PROV-216.601-d-i-A-B,PROV-216.601-d-i-A-B-2,HAS_PROVISION
PROV-216.601-d-i-A-B,PROV-216.601-d-i-A-B-3,HAS_PROVISION
PROV-216.601-d-i-A-B,PROV-216.601-d-i-A-B-4,HAS_PROVISION
PROV-216.601-d-i-A-B,PROV-216.601-d-i-A-B-5,HAS_PROVISION
PROV-216.601-d-i-A,PROV-216.601-d-i-A-C,HAS_PROVISION
SEC-216.601,PROV-216.601-e,HAS_PROVISION
SUBPART-216.6,SEC-216.603,HAS_SECTION
SUBPART-216.6,SEC-216.603-2,HAS_SECTION
SEC-216.603-2,PROV-216.603-2-c,HAS_PROVISION
PROV-216.603-2-c,PROV-216.603-2-c-3,HAS_PROVISION
SUBPART-216.6,SEC-216.603-3,HAS_SECTION
SUBPART-216.6,SEC-216.603-4,HAS_SECTION
SEC-216.603-4,PROV-216.603-4-b,HAS_PROVISION
PROV-216.603-4-b,PROV-216.603-4-b-2,HAS_PROVISION
PROV-216.603-4-b-2,PROV-216.603-4-b-2-3,HAS_PROVISION
PART-216,SUBPART-216.7,HAS_SUBPART
SUBPART-216.7,SEC-216.703,HAS_SECTION
SEC-216.703,PROV-216.703-c,HAS_PROVISION
SEC-216.703,PROV-216.703-d,HAS_PROVISION
PART-217,SUBPART-217.1,HAS_SUBPART
SUBPART-217.1,SEC-217.103,HAS_SECTION
SEC-217.103,PROV-217.103-1,HAS_PROVISION
SEC-217.103,PROV-217.103-2,HAS_PROVISION
SEC-217.103,PROV-217.103-3,HAS_PROVISION
SEC-217.103,PROV-217.103-4,HAS_PROVISION
SEC-217.103,PROV-217.103-5,HAS_PROVISION
SEC-217.103,PROV-217.103-6,HAS_PROVISION
SUBPART-217.1,SEC-217.170,HAS_SECTION
SEC-217.170,PROV-217.170-a,HAS_PROVISION
SEC-217.170,PROV-217.170-b,HAS_PROVISION
SEC-217.170,PROV-217.170-c,HAS_PROVISION
SEC-217.170,PROV-217.170-d,HAS_PROVISION
PROV-217.170-d,PROV-217.170-d-1,HAS_PROVISION
PROV-217.170-d-1,PROV-217.170-d-1-i,HAS_PROVISION
SEC-217.170,PROV-217.170-1,HAS_PROVISION
PROV-217.170-1,PROV-217.170-1-ii,HAS_PROVISION
PROV-217.170-1,PROV-217.170-1-iii,HAS_PROVISION
PROV-217.170-1,PROV-217.170-1-iv,HAS_PROVISION
PROV-217.170-1,PROV-217.170-1-2,HAS_PROVISION
PROV-217.170-d-1-i,PROV-217.170-d-1-i-3,HAS_PROVISION
PROV-217.170-d,PROV-217.170-d-2,HAS_PROVISION
PROV-217.170-d-2,PROV-217.170-d-2-i,HAS_PROVISION
PROV-217.170-d-2,PROV-217.170-d-2-ii,HAS_PROVISION
PROV-217.170-d-2,PROV-217.170-d-2-4,HAS_PROVISION
PROV-217.170-d-1,PROV-217.170-d-1-5,HAS_PROVISION
PROV-217.170-d-1-5,PROV-217.170-d-1-5-i,HAS_PROVISION
PROV-217.170-d-1-5-i,PROV-217.170-d-1-5-i-A,HAS_PROVISION
PROV-217.170-d-1-5-i,PROV-217.170-d-1-5-i-B,HAS_PROVISION
PROV-217.170-d-1-5-i,PROV-217.170-d-1-5-i-C,HAS_PROVISION
PROV-217.170-d-1-5,PROV-217.170-d-1-5-ii,HAS_PROVISION
SUBPART-217.1,SEC-217.171,HAS_SECTION
SEC-217.171,PROV-217.171-a,HAS_PROVISION
PROV-217.171-a,PROV-217.171-a-1,HAS_PROVISION
PROV-217.171-a,PROV-217.171-a-2,HAS_PROVISION
PROV-217.171-a,PROV-217.171-a-3,HAS_PROVISION
PROV-217.171-a,PROV-217.171-a-4,HAS_PROVISION
PROV-217.171-a,PROV-217.171-a-5,HAS_PROVISION
PROV-217.171-a-5,PROV-217.171-a-5-i,HAS_PROVISION
PROV-217.171-a-5,PROV-217.171-a-5-ii,HAS_PROVISION
PROV-217.171-a-5,PROV-217.171-a-5-iii,HAS_PROVISION
SEC-217.171,PROV-217.171-b,HAS_PROVISION
PROV-217.171-b,PROV-217.171-b-1,HAS_PROVISION
PROV-217.171-b,PROV-217.171-b-2,HAS_PROVISION
PROV-217.171-b,PROV-217.171-b-3,HAS_PROVISION
SEC-217.171,PROV-217.171-c,HAS_PROVISION
PROV-217.171-c,PROV-217.171-c-1,HAS_PROVISION
PROV-217.171-c,PROV-217.171-c-2,HAS_PROVISION
PROV-217.171-c-2,PROV-217.171-c-2-i,HAS_PROVISION
PROV-217.171-c-2,PROV-217.171-c-2-ii,HAS_PROVISION
PROV-217.171-c,PROV-217.171-c-3,HAS_PROVISION
SEC-217.171,PROV-217.171-d,HAS_PROVISION
SUBPART-217.1,SEC-217.172,HAS_SECTION
SEC-217.172,PROV-217.172-a,HAS_PROVISION
SEC-217.172,PROV-217.172-b,HAS_PROVISION
SEC-217.172,PROV-217.172-c,HAS_PROVISION
SEC-217.172,PROV-217.172-d,HAS_PROVISION
PROV-217.172-d,PROV-217.172-d-1,HAS_PROVISION
PROV-217.172-d,PROV-217.172-d-2,HAS_PROVISION
PROV-217.172-d,PROV-217.172-d-3,HAS_PROVISION
PROV-217.172-d,PROV-217.172-d-4,HAS_PROVISION
PROV-217.172-d,PROV-217.172-d-5,HAS_PROVISION
SEC-217.172,PROV-217.172-f,HAS_PROVISION
PROV-217.172-f,PROV-217.172-f-1,HAS_PROVISION
PROV-217.172-f-1,PROV-217.172-f-1-2,HAS_PROVISION
SEC-217.172,PROV-217.172-g,HAS_PROVISION
PROV-217.172-g,PROV-217.172-g-1,HAS_PROVISION
PROV-217.172-g,PROV-217.172-g-2,HAS_PROVISION
SEC-217.172,PROV-217.172-h,HAS_PROVISION
PROV-217.172-h,PROV-217.172-h-1,HAS_PROVISION
PROV-217.172-h,PROV-217.172-h-2,HAS_PROVISION
PROV-217.172-h-2,PROV-217.172-h-2-i,HAS_PROVISION
PROV-217.172-h-2,PROV-217.172-h-2-ii,HAS_PROVISION
PROV-217.172-h-2,PROV-217.172-h-2-iii,HAS_PROVISION
PROV-217.172-h-2,PROV-217.172-h-2-iv,HAS_PROVISION
PROV-217.172-h-2,PROV-217.172-h-2-v,HAS_PROVISION
PROV-217.172-h-2,PROV-217.172-h-2-vi,HAS_PROVISION
PROV-217.172-h-2,PROV-217.172-h-2-vii,HAS_PROVISION
PROV-217.172-h-2,PROV-217.172-h-2-viii,HAS_PROVISION
PROV-217.172-h-2-viii,PROV-217.172-h-2-viii-A,HAS_PROVISION
PROV-217.172-h-2-viii-A,PROV-217.172-h-2-viii-A-1,HAS_PROVISION
PROV-217.172-h-2-viii-A,PROV-217.172-h-2-viii-A-2,HAS_PROVISION
PROV-217.172-h-2-viii-A,PROV-217.172-h-2-viii-A-3,HAS_PROVISION
PROV-217.172-h-2-viii,PROV-217.172-h-2-viii-B,HAS_PROVISION
PROV-217.172-h,PROV-217.172-h-3,HAS_PROVISION
PROV-217.172-h,PROV-217.172-h-4,HAS_PROVISION
PROV-217.172-h,PROV-217.172-h-5,HAS_PROVISION
PROV-217.172-h,PROV-217.172-h-6,HAS_PROVISION
PROV-217.172-h,PROV-217.172-h-7,HAS_PROVISION
PROV-217.172-h-7,PROV-217.172-h-7-i,HAS_PROVISION
PROV-217.172-h-7,PROV-217.172-h-7-ii,HAS_PROVISION
PROV-217.172-h-7,PROV-217.172-h-7-iii,HAS_PROVISION
PROV-217.172-h-7,PROV-217.172-h-7-iv,HAS_PROVISION
SEC-217.172,PROV-217.172-j,HAS_PROVISION
SUBPART-217.1,SEC-217.173,HAS_SECTION
SUBPART-217.1,SEC-217.174,HAS_SECTION
SEC-217.174,PROV-217.174-a,HAS_PROVISION
SEC-217.174,PROV-217.174-b,HAS_PROVISION
PROV-217.174-b,PROV-217.174-b-1,HAS_PROVISION
PROV-217.174-b,PROV-217.174-b-2,HAS_PROVISION
SEC-217.174,PROV-217.174-c,HAS_PROVISION
PART-217,SUBPART-217.2,HAS_SUBPART
SUBPART-217.2,SEC-217.202,HAS_SECTION
SEC-217.202,PROV-217.202-1,HAS_PROVISION
PROV-217.202-1,PROV-217.202-1-i,HAS_PROVISION
PROV-217.202-1,PROV-217.202-1-ii,HAS_PROVISION
SEC-217.202,PROV-217.202-2,HAS_PROVISION
SUBPART-217.2,SEC-217.204,HAS_SECTION
SEC-217.204,PROV-217.204-e,HAS_PROVISION
PROV-217.204-e,PROV-217.204-e-i,HAS_PROVISION
PROV-217.204-e-i,PROV-217.204-e-i-A,HAS_PROVISION
PROV-217.204-e-i,PROV-217.204-e-i-B,HAS_PROVISION
PROV-217.204-e-i,PROV-217.204-e-i-C,HAS_PROVISION
PROV-217.204-e-i,PROV-217.204-e-i-ii,HAS_PROVISION
PROV-217.204-e-i-ii,PROV-217.204-e-i-ii-A,HAS_PROVISION
PROV-217.204-e-i-ii,PROV-217.204-e-i-ii-B,HAS_PROVISION
PROV-217.204-e-i-ii,PROV-217.204-e-i-ii-C,HAS_PROVISION
PROV-217.204-e-i-ii,PROV-217.204-e-i-ii-D,HAS_PROVISION
PROV-217.204-e-i-ii,PROV-217.204-e-i-ii-E,HAS_PROVISION
PROV-217.204-e-i,PROV-217.204-e-i-iii,HAS_PROVISION
SUBPART-217.2,SEC-217.207,HAS_SECTION
SEC-217.207,PROV-217.207-c,HAS_PROVISION
PROV-217.207-c,PROV-217.207-c-1,HAS_PROVISION
PROV-217.207-c,PROV-217.207-c-2,HAS_PROVISION
PROV-217.207-c-2,PROV-217.207-c-2-i,HAS_PROVISION
PROV-217.207-c-2,PROV-217.207-c-2-ii,HAS_PROVISION
SUBPART-217.2,SEC-217.208,HAS_SECTION
SUBPART-217.2,SEC-217.208-70,HAS_SECTION
SEC-217.208-70,PROV-217.208-70-a,HAS_PROVISION
PROV-217.208-70-a,PROV-217.208-70-a-1,HAS_PROVISION
PROV-217.208-70-a,PROV-217.208-70-a-2,HAS_PROVISION
SEC-217.208-70,PROV-217.208-70-b,HAS_PROVISION
PROV-217.208-70-b,PROV-217.208-70-b-1,HAS_PROVISION
PROV-217.208-70-b,PROV-217.208-70-b-2,HAS_PROVISION
PROV-217.208-70-b,PROV-217.208-70-b-3,HAS_PROVISION
PART-217,SUBPART-217.4,HAS_SUBPART
PART-217,SUBPART-217.5,HAS_SUBPART
SUBPART-217.5,SEC-217.500,HAS_SECTION
SEC-217.500,PROV-217.500-a,HAS_PROVISION
SEC-217.500,PROV-217.500-b,HAS_PROVISION
SUBPART-217.5,SEC-217.502,HAS_SECTION
SUBPART-217.5,SEC-217.502-1,HAS_SECTION
SEC-217.502-1,PROV-217.502-1-a,HAS_PROVISION
PROV-217.502-1-a,PROV-217.502-1-a-1,HAS_PROVISION
SUBPART-217.5,SEC-217.503,HAS_SECTION
SEC-217.503,PROV-217.503-d,HAS_PROVISION
PART-217,SUBPART-217.6,HAS_SUBPART
SUBPART-217.6,SEC-217.600,HAS_SECTION
PART-217,SUBPART-217.7,HAS_SUBPART
SUBPART-217.7,SEC-217.700,HAS_SECTION
SEC-217.700,PROV-217.700-a,HAS_PROVISION
SEC-217.700,PROV-217.700-b,HAS_PROVISION
SUBPART-217.7,SEC-217.701,HAS_SECTION
SEC-217.701,PROV-217.701-i,HAS_PROVISION
SEC-217.701,PROV-217.701-ii,HAS_PROVISION
SUBPART-217.7,SEC-217.770,HAS_SECTION
SEC-217.770,PROV-217.770-a,HAS_PROVISION
PROV-217.770-a,PROV-217.770-a-1,HAS_PROVISION
PROV-217.770-a,PROV-217.770-a-2,HAS_PROVISION
PROV-217.770-a,PROV-217.770-a-3,HAS_PROVISION
PROV-217.770-a,PROV-217.770-a-4,HAS_PROVISION
SEC-217.770,PROV-217.770-b,HAS_PROVISION
SEC-217.770,PROV-217.770-c,HAS_PROVISION
SEC-217.770,PROV-217.770-d,HAS_PROVISION
PART-217,SUBPART-217.70,HAS_SUBPART
SUBPART-217.70,SEC-217.7000,HAS_SECTION
SUBPART-217.70,SEC-217.7001,HAS_SECTION
SEC-217.7001,PROV-217.7001-a,HAS_PROVISION
PROV-217.7001-a,PROV-217.7001-a-1,HAS_PROVISION
PROV-217.7001-a,PROV-217.7001-a-2,HAS_PROVISION
SEC-217.7001,PROV-217.7001-b,HAS_PROVISION
SUBPART-217.70,SEC-217.7002,HAS_SECTION
SEC-217.7002,PROV-217.7002-a,HAS_PROVISION
SEC-217.7002,PROV-217.7002-b,HAS_PROVISION
SUBPART-217.70,SEC-217.7003,HAS_SECTION
SEC-217.7003,PROV-217.7003-a,HAS_PROVISION
SEC-217.7003,PROV-217.7003-b,HAS_PROVISION
PROV-217.7003-b,PROV-217.7003-b-1,HAS_PROVISION
PROV-217.7003-b,PROV-217.7003-b-2,HAS_PROVISION
PROV-217.7003-b,PROV-217.7003-b-3,HAS_PROVISION
SEC-217.7003,PROV-217.7003-c,HAS_PROVISION
SEC-217.7003,PROV-217.7003-d,HAS_PROVISION
SUBPART-217.70,SEC-217.7004,HAS_SECTION
SEC-217.7004,PROV-217.7004-a,HAS_PROVISION
PROV-217.7004-a,PROV-217.7004-a-1,HAS_PROVISION
PROV-217.7004-a,PROV-217.7004-a-2,HAS_PROVISION
SEC-217.7004,PROV-217.7004-b,HAS_PROVISION
SEC-217.7004,PROV-217.7004-c,HAS_PROVISION
SUBPART-217.70,SEC-217.7005,HAS_SECTION
PART-217,SUBPART-217.71,HAS_SUBPART
SUBPART-217.71,SEC-217.7100,HAS_SECTION
SUBPART-217.71,SEC-217.7101,HAS_SECTION
SEC-217.7101,PROV-217.7101-a,HAS_PROVISION
PROV-217.7101-a,PROV-217.7101-a-1,HAS_PROVISION
PROV-217.7101-a-1,PROV-217.7101-a-1-A,HAS_PROVISION
PROV-217.7101-a-1,PROV-217.7101-a-1-B,HAS_PROVISION
PROV-217.7101-a,PROV-217.7101-a-2,HAS_PROVISION
SEC-217.7101,PROV-217.7101-b,HAS_PROVISION
PROV-217.7101-b,PROV-217.7101-b-1,HAS_PROVISION
PROV-217.7101-b,PROV-217.7101-b-2,HAS_PROVISION
PROV-217.7101-b,PROV-217.7101-b-3,HAS_PROVISION
SUBPART-217.71,SEC-217.7102,HAS_SECTION
SEC-217.7102,PROV-217.7102-a,HAS_PROVISION
PROV-217.7102-a,PROV-217.7102-a-1,HAS_PROVISION
PROV-217.7102-a,PROV-217.7102-a-2,HAS_PROVISION
SEC-217.7102,PROV-217.7102-b,HAS_PROVISION
SEC-217.7102,PROV-217.7102-c,HAS_PROVISION
PROV-217.7102-c,PROV-217.7102-c-1,HAS_PROVISION
PROV-217.7102-c,PROV-217.7102-c-2,HAS_PROVISION
SUBPART-217.71,SEC-217.7103,HAS_SECTION
SUBPART-217.71,SEC-217.7103-1,HAS_SECTION
SUBPART-217.71,SEC-217.7103-2,HAS_SECTION
SEC-217.7103-2,PROV-217.7103-2-a,HAS_PROVISION
SEC-217.7103-2,PROV-217.7103-2-b,HAS_PROVISION
SEC-217.7103-2,PROV-217.7103-2-c,HAS_PROVISION
SUBPART-217.71,SEC-217.7103-3,HAS_SECTION
SEC-217.7103-3,PROV-217.7103-3-a,HAS_PROVISION
PROV-217.7103-3-a,PROV-217.7103-3-a-1,HAS_PROVISION
PROV-217.7103-3-a,PROV-217.7103-3-a-2,HAS_PROVISION
SEC-217.7103-3,PROV-217.7103-3-b,HAS_PROVISION
SUBPART-217.71,SEC-217.7103-4,HAS_SECTION
SEC-217.7103-4,PROV-217.7103-4-a,HAS_PROVISION
PROV-217.7103-4-a,PROV-217.7103-4-a-i,HAS_PROVISION
PROV-217.7103-4-a,PROV-217.7103-4-a-ii,HAS_PROVISION
SEC-217.7103-4,PROV-217.7103-4-b,HAS_PROVISION
SUBPART-217.71,SEC-217.7103-5,HAS_SECTION
SUBPART-217.71,SEC-217.7103-6,HAS_SECTION
SEC-217.7103-6,PROV-217.7103-6-a,HAS_PROVISION
SEC-217.7103-6,PROV-217.7103-6-b,HAS_PROVISION
SEC-217.7103-6,PROV-217.7103-6-c,HAS_PROVISION
SUBPART-217.71,SEC-217.7104,HAS_SECTION
SEC-217.7104,PROV-217.7104-a,HAS_PROVISION
PROV-217.7104-a,PROV-217.7104-a-1,HAS_PROVISION
PROV-217.7104-a,PROV-217.7104-a-2,HAS_PROVISION
PROV-217.7104-a,PROV-217.7104-a-3,HAS_PROVISION
PROV-217.7104-a,PROV-217.7104-a-4,HAS_PROVISION
PROV-217.7104-a,PROV-217.7104-a-5,HAS_PROVISION
PROV-217.7104-a,PROV-217.7104-a-6,HAS_PROVISION
PROV-217.7104-a,PROV-217.7104-a-7,HAS_PROVISION
PROV-217.7104-a,PROV-217.7104-a-8,HAS_PROVISION
PROV-217.7104-a,PROV-217.7104-a-9,HAS_PROVISION
PROV-217.7104-a,PROV-217.7104-a-10,HAS_PROVISION
PROV-217.7104-a,PROV-217.7104-a-11,HAS_PROVISION
PROV-217.7104-a,PROV-217.7104-a-12,HAS_PROVISION
PROV-217.7104-a,PROV-217.7104-a-13,HAS_PROVISION
PROV-217.7104-a,PROV-217.7104-a-14,HAS_PROVISION
SEC-217.7104,PROV-217.7104-b,HAS_PROVISION
PROV-217.7104-b,PROV-217.7104-b-1,HAS_PROVISION
PROV-217.7104-b-1,PROV-217.7104-b-1-2,HAS_PROVISION
PART-217,SUBPART-217.72,HAS_SUBPART
PART-217,SUBPART-217.73,HAS_SUBPART
SUBPART-217.73,SEC-217.7300,HAS_SECTION
SUBPART-217.73,SEC-217.7301,HAS_SECTION
SUBPART-217.73,SEC-217.7302,HAS_SECTION
SEC-217.7302,PROV-217.7302-a,HAS_PROVISION
PROV-217.7302-a,PROV-217.7302-a-1,HAS_PROVISION
PROV-217.7302-a,PROV-217.7302-a-2,HAS_PROVISION
PROV-217.7302-a,PROV-217.7302-a-3,HAS_PROVISION
PROV-217.7302-a-3,PROV-217.7302-a-3-i,HAS_PROVISION
PROV-217.7302-a-3,PROV-217.7302-a-3-ii,HAS_PROVISION
PROV-217.7302-a,PROV-217.7302-a-4,HAS_PROVISION
SEC-217.7302,PROV-217.7302-b,HAS_PROVISION
PROV-217.7302-b,PROV-217.7302-b-1,HAS_PROVISION
PROV-217.7302-b,PROV-217.7302-b-2,HAS_PROVISION
SUBPART-217.73,SEC-217.7303,HAS_SECTION
SEC-217.7303,PROV-217.7303-a,HAS_PROVISION
PROV-217.7303-a,PROV-217.7303-a-1,HAS_PROVISION
PROV-217.7303-a,PROV-217.7303-a-2,HAS_PROVISION
PROV-217.7303-a,PROV-217.7303-a-3,HAS_PROVISION
PROV-217.7303-a,PROV-217.7303-a-4,HAS_PROVISION
PROV-217.7303-a,PROV-217.7303-a-5,HAS_PROVISION
SEC-217.7303,PROV-217.7303-b,HAS_PROVISION
PART-217,SUBPART-217.74,HAS_SUBPART
SUBPART-217.74,SEC-217.7400,HAS_SECTION
SUBPART-217.74,SEC-217.7401,HAS_SECTION
SEC-217.7401,PROV-217.7401-1,HAS_PROVISION
SEC-217.7401,PROV-217.7401-2,HAS_PROVISION
SEC-217.7401,PROV-217.7401-3,HAS_PROVISION
SUBPART-217.74,SEC-217.7402,HAS_SECTION
SEC-217.7402,PROV-217.7402-a,HAS_PROVISION
PROV-217.7402-a,PROV-217.7402-a-1,HAS_PROVISION
PROV-217.7402-a,PROV-217.7402-a-2,HAS_PROVISION
PROV-217.7402-a,PROV-217.7402-a-3,HAS_PROVISION
SEC-217.7402,PROV-217.7402-b,HAS_PROVISION
SUBPART-217.74,SEC-217.7403,HAS_SECTION
SEC-217.7403,PROV-217.7403-a,HAS_PROVISION
PROV-217.7403-a,PROV-217.7403-a-1,HAS_PROVISION
PROV-217.7403-a,PROV-217.7403-a-2,HAS_PROVISION
SEC-217.7403,PROV-217.7403-b,HAS_PROVISION
SUBPART-217.74,SEC-217.7404,HAS_SECTION
SEC-217.7404,PROV-217.7404-a,HAS_PROVISION
PROV-217.7404-a,PROV-217.7404-a-1,HAS_PROVISION
PROV-217.7404-a-1,PROV-217.7404-a-1-i,HAS_PROVISION
PROV-217.7404-a-1,PROV-217.7404-a-1-ii,HAS_PROVISION
PROV-217.7404-a,PROV-217.7404-a-2,HAS_PROVISION
PROV-217.7404-a-2,PROV-217.7404-a-2-i,HAS_PROVISION
PROV-217.7404-a-2,PROV-217.7404-a-2-ii,HAS_PROVISION
SEC-217.7404,PROV-217.7404-b,HAS_PROVISION
PROV-217.7404-b,PROV-217.7404-b-1,HAS_PROVISION
PROV-217.7404-b-1,PROV-217.7404-b-1-i,HAS_PROVISION
PROV-217.7404-b-1,PROV-217.7404-b-1-ii,HAS_PROVISION
PROV-217.7404-b,PROV-217.7404-b-2,HAS_PROVISION
PROV-217.7404-b,PROV-217.7404-b-3,HAS_PROVISION
PROV-217.7404-b,PROV-217.7404-b-4,HAS_PROVISION
SUBPART-217.74,SEC-217.7404-1,HAS_SECTION
SEC-217.7404-1,PROV-217.7404-1-a,HAS_PROVISION
SEC-217.7404-1,PROV-217.7404-1-b,HAS_PROVISION
SEC-217.7404-1,PROV-217.7404-1-c,HAS_PROVISION
SUBPART-217.74,SEC-217.7404-2,HAS_SECTION
SUBPART-217.74,SEC-217.7404-3,HAS_SECTION
SEC-217.7404-3,PROV-217.7404-3-a,HAS_PROVISION
PROV-217.7404-3-a,PROV-217.7404-3-a-1,HAS_PROVISION
PROV-217.7404-3-a,PROV-217.7404-3-a-2,HAS_PROVISION
SEC-217.7404-3,PROV-217.7404-3-b,HAS_PROVISION
PROV-217.7404-3-b,PROV-217.7404-3-b-1,HAS_PROVISION
PROV-217.7404-3-b-1,PROV-217.7404-3-b-1-2,HAS_PROVISION
SUBPART-217.74,SEC-217.7404-4,HAS_SECTION
SEC-217.7404-4,PROV-217.7404-4-a,HAS_PROVISION
SEC-217.7404-4,PROV-217.7404-4-b,HAS_PROVISION
SUBPART-217.74,SEC-217.7404-5,HAS_SECTION
SEC-217.7404-5,PROV-217.7404-5-a,HAS_PROVISION
SEC-217.7404-5,PROV-217.7404-5-b,HAS_PROVISION
PROV-217.7404-5-b,PROV-217.7404-5-b-1,HAS_PROVISION
PROV-217.7404-5-b,PROV-217.7404-5-b-2,HAS_PROVISION
SUBPART-217.74,SEC-217.7404-6,HAS_SECTION
SEC-217.7404-6,PROV-217.7404-6-a,HAS_PROVISION
SEC-217.7404-6,PROV-217.7404-6-b,HAS_PROVISION
SEC-217.7404-6,PROV-217.7404-6-c,HAS_PROVISION
SUBPART-217.74,SEC-217.7405,HAS_SECTION
SEC-217.7405,PROV-217.7405-a,HAS_PROVISION
PROV-217.7405-a,PROV-217.7405-a-1,HAS_PROVISION
PROV-217.7405-a,PROV-217.7405-a-2,HAS_PROVISION
SEC-217.7405,PROV-217.7405-b,HAS_PROVISION
SEC-217.7405,PROV-217.7405-c,HAS_PROVISION
SUBPART-217.74,SEC-217.7406,HAS_SECTION
SEC-217.7406,PROV-217.7406-a,HAS_PROVISION
PROV-217.7406-a,PROV-217.7406-a-1,HAS_PROVISION
PROV-217.7406-a,PROV-217.7406-a-2,HAS_PROVISION
PROV-217.7406-a,PROV-217.7406-a-3,HAS_PROVISION
PROV-217.7406-a,PROV-217.7406-a-4,HAS_PROVISION
PROV-217.7406-a,PROV-217.7406-a-5,HAS_PROVISION
PROV-217.7406-a,PROV-217.7406-a-6,HAS_PROVISION
SEC-217.7406,PROV-217.7406-b,HAS_PROVISION
PROV-217.7406-b,PROV-217.7406-b-1,HAS_PROVISION
PROV-217.7406-b-1,PROV-217.7406-b-1-i,HAS_PROVISION
PROV-217.7406-b-1,PROV-217.7406-b-1-ii,HAS_PROVISION
PROV-217.7406-b-1,PROV-217.7406-b-1-iii,HAS_PROVISION
PROV-217.7406-b-1,PROV-217.7406-b-1-iv,HAS_PROVISION
PROV-217.7406-b-1,PROV-217.7406-b-1-v,HAS_PROVISION
PROV-217.7406-b-1,PROV-217.7406-b-1-vi,HAS_PROVISION
PROV-217.7406-b-1,PROV-217.7406-b-1-2,HAS_PROVISION
PROV-217.7406-b-1,PROV-217.7406-b-1-3,HAS_PROVISION
PART-217,SUBPART-217.75,HAS_SUBPART
SUBPART-217.75,SEC-217.7500,HAS_SECTION
SUBPART-217.75,SEC-217.7501,HAS_SECTION
SUBPART-217.75,SEC-217.7502,HAS_SECTION
SEC-217.7502,PROV-217.7502-a,HAS_PROVISION
SEC-217.7502,PROV-217.7502-b,HAS_PROVISION
PROV-217.7502-b,PROV-217.7502-b-1,HAS_PROVISION
PROV-217.7502-b,PROV-217.7502-b-2,HAS_PROVISION
SEC-217.7502,PROV-217.7502-c,HAS_PROVISION
SUBPART-217.75,SEC-217.7503,HAS_SECTION
SUBPART-217.75,SEC-217.7504,HAS_SECTION
SUBPART-217.75,SEC-217.7505,HAS_SECTION
SEC-217.7505,PROV-217.7505-a,HAS_PROVISION
PROV-217.7505-a,PROV-217.7505-a-1,HAS_PROVISION
PROV-217.7505-a,PROV-217.7505-a-2,HAS_PROVISION
SEC-217.7505,PROV-217.7505-b,HAS_PROVISION
PROV-217.7505-b,PROV-217.7505-b-1,HAS_PROVISION
PROV-217.7505-b,PROV-217.7505-b-2,HAS_PROVISION
SEC-217.7505,PROV-217.7505-c,HAS_PROVISION
SEC-217.7505,PROV-217.7505-d,HAS_PROVISION
SUBPART-217.75,SEC-217.7506,HAS_SECTION
PART-217,SUBPART-217.76,HAS_SUBPART
SUBPART-217.76,SEC-217.7601,HAS_SECTION
SEC-217.7601,PROV-217.7601-a,HAS_PROVISION
SEC-217.7601,PROV-217.7601-b,HAS_PROVISION
PART-217,SUBPART-217.77,HAS_SUBPART
SUBPART-217.77,SEC-217.7701,HAS_SECTION
SUBPART-217.77,SEC-217.7702,HAS_SECTION
PART-217,SUBPART-217.78,HAS_SUBPART
SUBPART-217.78,SEC-217.7801,HAS_SECTION
PART-218,SUBPART-218.1,HAS_SUBPART
SUBPART-218.1,SEC-218.170,HAS_SECTION
SEC-218.170,PROV-218.170-a,HAS_PROVISION
SEC-218.170,PROV-218.170-b,HAS_PROVISION
SEC-218.170,PROV-218.170-c,HAS_PROVISION
SEC-218.170,PROV-218.170-d,HAS_PROVISION
SEC-218.170,PROV-218.170-e,HAS_PROVISION
SEC-218.170,PROV-218.170-f,HAS_PROVISION
SEC-218.170,PROV-218.170-g,HAS_PROVISION
SEC-218.170,PROV-218.170-h,HAS_PROVISION
SEC-218.170,PROV-218.170-i,HAS_PROVISION
SEC-218.170,PROV-218.170-j,HAS_PROVISION
SEC-218.170,PROV-218.170-k,HAS_PROVISION
PART-218,SUBPART-218.2,HAS_SUBPART
SUBPART-218.2,SEC-218.201,HAS_SECTION
SEC-218.201,PROV-218.201-1,HAS_PROVISION
SEC-218.201,PROV-218.201-2,HAS_PROVISION
SEC-218.201,PROV-218.201-3,HAS_PROVISION
SEC-218.201,PROV-218.201-4,HAS_PROVISION
SEC-218.201,PROV-218.201-5,HAS_PROVISION
SEC-218.201,PROV-218.201-6,HAS_PROVISION
SEC-218.201,PROV-218.201-7,HAS_PROVISION
SEC-218.201,PROV-218.201-8,HAS_PROVISION
SEC-218.201,PROV-218.201-9,HAS_PROVISION
SEC-218.201,PROV-218.201-10,HAS_PROVISION
SEC-218.201,PROV-218.201-11,HAS_PROVISION
SEC-218.201,PROV-218.201-12,HAS_PROVISION
SUBPART-218.2,SEC-218.202,HAS_SECTION
SEC-218.202,PROV-218.202-1,HAS_PROVISION
SEC-218.202,PROV-218.202-2,HAS_PROVISION
SEC-218.202,PROV-218.202-3,HAS_PROVISION
SUBPART-218.2,SEC-218.203,HAS_SECTION
SEC-218.203,PROV-218.203-1,HAS_PROVISION
SEC-218.203,PROV-218.203-2,HAS_PROVISION
SUBPART-218.2,SEC-218.204,HAS_SECTION
SEC-218.204,PROV-218.204-1,HAS_PROVISION
SEC-218.204,PROV-218.204-2,HAS_PROVISION
SEC-218.204,PROV-218.204-3,HAS_PROVISION
SUBPART-218.2,SEC-218.270,HAS_SECTION
SEC-218.270,PROV-218.270-a,HAS_PROVISION
SEC-218.270,PROV-218.270-b,HAS_PROVISION
SEC-218.270,PROV-218.270-c,HAS_PROVISION
SEC-218.270,PROV-218.270-d,HAS_PROVISION
SEC-218.270,PROV-218.270-e,HAS_PROVISION
SUBPART-218.2,SEC-218.271,HAS_SECTION
PART-219,SUBPART-219.0,HAS_SUBPART
PART-219,SUBPART-219.2,HAS_SUBPART
SUBPART-219.2,SEC-219.201,HAS_SECTION
SEC-219.201,PROV-219.201-c,HAS_PROVISION
PROV-219.201-c,PROV-219.201-c-8,HAS_PROVISION
PROV-219.201-c,PROV-219.201-c-10,HAS_PROVISION
PROV-219.201-c-10,PROV-219.201-c-10-A,HAS_PROVISION
PROV-219.201-c-10,PROV-219.201-c-10-B,HAS_PROVISION
PROV-219.201-c-10,PROV-219.201-c-10-C,HAS_PROVISION
PROV-219.201-c,PROV-219.201-c-11,HAS_PROVISION
PROV-219.201-c-11,PROV-219.201-c-11-A,HAS_PROVISION
PROV-219.201-c-11,PROV-219.201-c-11-B,HAS_PROVISION
SEC-219.201,PROV-219.201-d,HAS_PROVISION
SUBPART-219.2,SEC-219.202,HAS_SECTION
SUBPART-219.2,SEC-219.202-1,HAS_SECTION
SUBPART-219.2,SEC-219.270,HAS_SECTION
SUBPART-219.2,SEC-219.270-1,HAS_SECTION
SEC-219.270-1,PROV-219.270-1-1,HAS_PROVISION
SEC-219.270-1,PROV-219.270-1-2,HAS_PROVISION
SUBPART-219.2,SEC-219.270-2,HAS_SECTION
SEC-219.270-2,PROV-219.270-2-a,HAS_PROVISION
PROV-219.270-2-a,PROV-219.270-2-a-1,HAS_PROVISION
PROV-219.270-2-a,PROV-219.270-2-a-2,HAS_PROVISION
SEC-219.270-2,PROV-219.270-2-b,HAS_PROVISION
SUBPART-219.2,SEC-219.270-3,HAS_SECTION
PART-219,SUBPART-219.3,HAS_SUBPART
SUBPART-219.3,SEC-219.301,HAS_SECTION
SUBPART-219.3,SEC-219.301-2,HAS_SECTION
SUBPART-219.3,SEC-219.301-3,HAS_SECTION
SUBPART-219.3,SEC-219.309,HAS_SECTION
SEC-219.309,PROV-219.309-1,HAS_PROVISION
PROV-219.309-1,PROV-219.309-1-i,HAS_PROVISION
SEC-219.309,PROV-219.309-NAICS,HAS_PROVISION
PROV-219.309-NAICS,PROV-219.309-NAICS-ii,HAS_PROVISION
PART-219,SUBPART-219.4,HAS_SUBPART
SUBPART-219.4,SEC-219.401,HAS_SECTION
SEC-219.401,PROV-219.401-b,HAS_PROVISION
SUBPART-219.4,SEC-219.402,HAS_SECTION
SEC-219.402,PROV-219.402-c,HAS_PROVISION
PROV-219.402-c,PROV-219.402-c-i,HAS_PROVISION
PROV-219.402-c-i,PROV-219.402-c-i-ii,HAS_PROVISION
PROV-219.402-c-i-ii,PROV-219.402-c-i-ii-A,HAS_PROVISION
PROV-219.402-c-i-ii,PROV-219.402-c-i-ii-B,HAS_PROVISION
PROV-219.402-c-i-ii,PROV-219.402-c-i-ii-C,HAS_PROVISION
PROV-219.402-c-i-ii,PROV-219.402-c-i-ii-D,HAS_PROVISION
PROV-219.402-c-i,PROV-219.402-c-i-iii,HAS_PROVISION
PROV-219.402-c-i-iii,PROV-219.402-c-i-iii-A,HAS_PROVISION
PROV-219.402-c-i-iii,PROV-219.402-c-i-iii-B,HAS_PROVISION
PROV-219.402-c-i-iii,PROV-219.402-c-i-iii-C,HAS_PROVISION
PROV-219.402-c-i-iii,PROV-219.402-c-i-iii-D,HAS_PROVISION
PROV-219.402-c-i-iii,PROV-219.402-c-i-iii-E,HAS_PROVISION
PART-219,SUBPART-219.5,HAS_SUBPART
SUBPART-219.5,SEC-219.502,HAS_SECTION
SUBPART-219.5,SEC-219.502-1,HAS_SECTION
SEC-219.502-1,PROV-219.502-1-1,HAS_PROVISION
SEC-219.502-1,PROV-219.502-1-2,HAS_PROVISION
SUBPART-219.5,SEC-219.502-2,HAS_SECTION
SEC-219.502-2,PROV-219.502-2-1,HAS_PROVISION
SEC-219.502-2,PROV-219.502-2-2,HAS_PROVISION
SEC-219.502-2,PROV-219.502-2-3,HAS_PROVISION
SUBPART-219.5,SEC-219.502-8,HAS_SECTION
SEC-219.502-8,PROV-219.502-8-b,HAS_PROVISION
PART-219,SUBPART-219.6,HAS_SUBPART
SUBPART-219.6,SEC-219.602,HAS_SECTION
PART-219,SUBPART-219.7,HAS_SUBPART
SUBPART-219.7,SEC-219.702,HAS_SECTION
SUBPART-219.7,SEC-219.702-70,HAS_SECTION
SEC-219.702-70,PROV-219.702-70-a,HAS_PROVISION
SEC-219.702-70,PROV-219.702-70-b,HAS_PROVISION
SEC-219.702-70,PROV-219.702-70-c,HAS_PROVISION
PROV-219.702-70-c,PROV-219.702-70-c-1,HAS_PROVISION
PROV-219.702-70-c,PROV-219.702-70-c-2,HAS_PROVISION
SEC-219.702-70,PROV-219.702-70-d,HAS_PROVISION
PROV-219.702-70-d,PROV-219.702-70-d-1,HAS_PROVISION
PROV-219.702-70-d,PROV-219.702-70-d-2,HAS_PROVISION
PROV-219.702-70-d,PROV-219.702-70-d-3,HAS_PROVISION
SEC-219.702-70,PROV-219.702-70-e,HAS_PROVISION
SEC-219.702-70,PROV-219.702-70-f,HAS_PROVISION
SUBPART-219.7,SEC-219.703,HAS_SECTION
SEC-219.703,PROV-219.703-a,HAS_PROVISION
SEC-219.703,PROV-219.703-b,HAS_PROVISION
PROV-219.703-b,PROV-219.703-b-i,HAS_PROVISION
PROV-219.703-b,PROV-219.703-b-ii,HAS_PROVISION
SUBPART-219.7,SEC-219.704,HAS_SECTION
SEC-219.704,PROV-219.704-1,HAS_PROVISION
SEC-219.704,PROV-219.704-2,HAS_PROVISION
SUBPART-219.7,SEC-219.705,HAS_SECTION
SUBPART-219.7,SEC-219.705-4,HAS_SECTION
SEC-219.705-4,PROV-219.705-4-d,HAS_PROVISION
PROV-219.705-4-d,PROV-219.705-4-d-i,HAS_PROVISION
PROV-219.705-4-d-i,PROV-219.705-4-d-i-ii,HAS_PROVISION
SUBPART-219.7,SEC-219.705-6,HAS_SECTION
SEC-219.705-6,PROV-219.705-6-f,HAS_PROVISION
SUBPART-219.7,SEC-219.706,HAS_SECTION
SEC-219.706,PROV-219.706-a,HAS_PROVISION
PROV-219.706-a,PROV-219.706-a-i,HAS_PROVISION
PROV-219.706-a-i,PROV-219.706-a-i-ii,HAS_PROVISION
SUBPART-219.7,SEC-219.708,HAS_SECTION
SEC-219.708,PROV-219.708-b,HAS_PROVISION
PROV-219.708-b,PROV-219.708-b-1,HAS_PROVISION
PROV-219.708-b-1,PROV-219.708-b-1-A,HAS_PROVISION
PROV-219.708-b-1-A,PROV-219.708-b-1-A-1,HAS_PROVISION
PROV-219.708-b-1-A,PROV-219.708-b-1-A-2,HAS_PROVISION
PROV-219.708-b-1-A,PROV-219.708-b-1-A-3,HAS_PROVISION
PROV-219.708-b-1-A,PROV-219.708-b-1-A-B,HAS_PROVISION
SEC-219.708,PROV-219.708-c,HAS_PROVISION
PROV-219.708-c,PROV-219.708-c-1,HAS_PROVISION
PART-219,SUBPART-219.8,HAS_SUBPART
SUBPART-219.8,SEC-219.800,HAS_SECTION
SEC-219.800,PROV-219.800-a,HAS_PROVISION
SEC-219.800,PROV-219.800-DoD,HAS_PROVISION
PROV-219.800-DoD,PROV-219.800-DoD-b,HAS_PROVISION
PROV-219.800-DoD,PROV-219.800-DoD-c,HAS_PROVISION
SUBPART-219.8,SEC-219.803,HAS_SECTION
SUBPART-219.8,SEC-219.804,HAS_SECTION
SUBPART-219.8,SEC-219.804-1,HAS_SECTION
SEC-219.804-1,PROV-219.804-1-f,HAS_PROVISION
SUBPART-219.8,SEC-219.805,HAS_SECTION
SUBPART-219.8,SEC-219.805-1,HAS_SECTION
SEC-219.805-1,PROV-219.805-1-b,HAS_PROVISION
PROV-219.805-1-b,PROV-219.805-1-b-2,HAS_PROVISION
PROV-219.805-1-b-2,PROV-219.805-1-b-2-A,HAS_PROVISION
PROV-219.805-1-b-2-A,PROV-219.805-1-b-2-A-B,HAS_PROVISION
PROV-219.805-1-b-2-A-B,PROV-219.805-1-b-2-A-B-1,HAS_PROVISION
PROV-219.805-1-b-2-A-B,PROV-219.805-1-b-2-A-B-2,HAS_PROVISION
PROV-219.805-1-b-2-A-B,PROV-219.805-1-b-2-A-B-3,HAS_PROVISION
SUBPART-219.8,SEC-219.805-2,HAS_SECTION
SUBPART-219.8,SEC-219.806,HAS_SECTION
SEC-219.806,PROV-219.806-1,HAS_PROVISION
SEC-219.806,PROV-219.806-2,HAS_PROVISION
SUBPART-219.8,SEC-219.808,HAS_SECTION
SUBPART-219.8,SEC-219.808-1,HAS_SECTION
SEC-219.808-1,PROV-219.808-1-a,HAS_PROVISION
SUBPART-219.8,SEC-219.811,HAS_SECTION
SUBPART-219.8,SEC-219.811-3,HAS_SECTION
SEC-219.811-3,PROV-219.811-3-1,HAS_PROVISION
SEC-219.811-3,PROV-219.811-3-2,HAS_PROVISION
SEC-219.811-3,PROV-219.811-3-3,HAS_PROVISION
PART-219,SUBPART-219.10,HAS_SUBPART
PART-219,SUBPART-219.11,HAS_SUBPART
PART-219,SUBPART-219.12,HAS_SUBPART
PART-219,SUBPART-219.13,HAS_SUBPART
SUBPART-219.13,SEC-219.1307,HAS_SECTION
SEC-219.1307,PROV-219.1307-a,HAS_PROVISION
PART-219,SUBPART-219.70,HAS_SUBPART
SUBPART-219.70,PROV-219.70-note,HAS_PROVISION
PART-219,SUBPART-219.71,HAS_SUBPART
SUBPART-219.71,SEC-219.7100,HAS_SECTION
SUBPART-219.71,SEC-219.7101,HAS_SECTION
SUBPART-219.71,SEC-219.7102,HAS_SECTION
SEC-219.7102,PROV-219.7102-a,HAS_PROVISION
SEC-219.7102,PROV-219.7102-b,HAS_PROVISION
SEC-219.7102,PROV-219.7102-c,HAS_PROVISION
SEC-219.7102,PROV-219.7102-OSBP,HAS_PROVISION
PROV-219.7102-OSBP,PROV-219.7102-OSBP-d,HAS_PROVISION
PROV-219.7102-OSBP-d,PROV-219.7102-OSBP-d-1,HAS_PROVISION
PROV-219.7102-OSBP-d-1,PROV-219.7102-OSBP-d-1-i,HAS_PROVISION
PROV-219.7102-OSBP-d-1,PROV-219.7102-OSBP-d-1-ii,HAS_PROVISION
PROV-219.7102-OSBP-d,PROV-219.7102-OSBP-d-2,HAS_PROVISION
SUBPART-219.71,SEC-219.7103,HAS_SECTION
SUBPART-219.71,SEC-219.7103-1,HAS_SECTION
SUBPART-219.71,SEC-219.7103-2,HAS_SECTION
SEC-219.7103-2,PROV-219.7103-2-a,HAS_PROVISION
SEC-219.7103-2,PROV-219.7103-2-b,HAS_PROVISION
SEC-219.7103-2,PROV-219.7103-2-c,HAS_PROVISION
SEC-219.7103-2,PROV-219.7103-2-d,HAS_PROVISION
PROV-219.7103-2-d,PROV-219.7103-2-d-1,HAS_PROVISION
PROV-219.7103-2-d,PROV-219.7103-2-d-2,HAS_PROVISION
SEC-219.7103-2,PROV-219.7103-2-e,HAS_PROVISION
PROV-219.7103-2-e,PROV-219.7103-2-e-1,HAS_PROVISION
PROV-219.7103-2-e,PROV-219.7103-2-e-2,HAS_PROVISION
PROV-219.7103-2-e,PROV-219.7103-2-e-3,HAS_PROVISION
SEC-219.7103-2,PROV-219.7103-2-f,HAS_PROVISION
SEC-219.7103-2,PROV-219.7103-2-g,HAS_PROVISION
SEC-219.7103-2,PROV-219.7103-2-h,HAS_PROVISION
SUBPART-219.71,SEC-219.7104,HAS_SECTION
SEC-219.7104,PROV-219.7104-a,HAS_PROVISION
SEC-219.7104,PROV-219.7104-b,HAS_PROVISION
SEC-219.7104,PROV-219.7104-c,HAS_PROVISION
SEC-219.7104,PROV-219.7104-d,HAS_PROVISION
SUBPART-219.71,SEC-219.7105,HAS_SECTION
SUBPART-219.71,SEC-219.7106,HAS_SECTION
PART-219,SUBPART-219.72,HAS_SUBPART
SUBPART-219.72,PROV-219.72-note,HAS_PROVISION
PART-222,SEC-222.001,HAS_SECTION
PART-222,SUBPART-222.1,HAS_SUBPART
SUBPART-222.1,SEC-222.101,HAS_SECTION
SUBPART-222.1,SEC-222.101-1,HAS_SECTION
SUBPART-222.1,SEC-222.101-3,HAS_SECTION
SUBPART-222.1,SEC-222.101-3-70,HAS_SECTION
SEC-222.101-3-70,PROV-222.101-3-70-a,HAS_PROVISION
SEC-222.101-3-70,PROV-222.101-3-70-b,HAS_PROVISION
SUBPART-222.1,SEC-222.101-4,HAS_SECTION
SEC-222.101-4,PROV-222.101-4-a,HAS_PROVISION
PROV-222.101-4-a,PROV-222.101-4-a-i,HAS_PROVISION
PROV-222.101-4-a,PROV-222.101-4-a-ii,HAS_PROVISION
PROV-222.101-4-a,PROV-222.101-4-a-iii,HAS_PROVISION
PROV-222.101-4-a,PROV-222.101-4-a-iv,HAS_PROVISION
PROV-222.101-4-a,PROV-222.101-4-a-v,HAS_PROVISION
SUBPART-222.1,SEC-222.101-70,HAS_SECTION
SEC-222.101-70,PROV-222.101-70-a,HAS_PROVISION
PROV-222.101-70-a,PROV-222.101-70-a-1,HAS_PROVISION
PROV-222.101-70-a,PROV-222.101-70-a-2,HAS_PROVISION
PROV-222.101-70-a,PROV-222.101-70-a-3,HAS_PROVISION
PROV-222.101-70-a,PROV-222.101-70-a-4,HAS_PROVISION
PROV-222.101-70-a,PROV-222.101-70-a-5,HAS_PROVISION
SEC-222.101-70,PROV-222.101-70-b,HAS_PROVISION
SUBPART-222.1,SEC-222.102,HAS_SECTION
SUBPART-222.1,SEC-222.102-1,HAS_SECTION
SEC-222.102-1,PROV-222.102-1-1,HAS_PROVISION
SEC-222.102-1,PROV-222.102-1-2,HAS_PROVISION
SEC-222.102-1,PROV-222.102-1-3,HAS_PROVISION
SUBPART-222.1,SEC-222.103,HAS_SECTION
SUBPART-222.1,SEC-222.103-4,HAS_SECTION
SEC-222.103-4,PROV-222.103-4-a,HAS_PROVISION
PROV-222.103-4-a,PROV-222.103-4-a-i,HAS_PROVISION
PROV-222.103-4-a,PROV-222.103-4-a-ii,HAS_PROVISION
PROV-222.103-4-a-ii,PROV-222.103-4-a-ii-A,HAS_PROVISION
PROV-222.103-4-a-ii,PROV-222.103-4-a-ii-B,HAS_PROVISION
PART-222,SUBPART-222.3,HAS_SUBPART
SUBPART-222.3,SEC-222.302,HAS_SECTION
SEC-222.302,PROV-222.302-1,HAS_PROVISION
SEC-222.302,PROV-222.302-2,HAS_PROVISION
SEC-222.302,PROV-222.302-3,HAS_PROVISION
SEC-222.302,PROV-222.302-d,HAS_PROVISION
PROV-222.302-d,PROV-222.302-d-i,HAS_PROVISION
PROV-222.302-d-i,PROV-222.302-d-i-A,HAS_PROVISION
PROV-222.302-d-i,PROV-222.302-d-i-B,HAS_PROVISION
PROV-222.302-d-i,PROV-222.302-d-i-C,HAS_PROVISION
PROV-222.302-d-i,PROV-222.302-d-i-ii,HAS_PROVISION
PART-222,SUBPART-222.4,HAS_SUBPART
SUBPART-222.4,SEC-222.402,HAS_SECTION
SUBPART-222.4,SEC-222.402-70,HAS_SECTION
SEC-222.402-70,PROV-222.402-70-a,HAS_PROVISION
PROV-222.402-70-a,PROV-222.402-70-a-1,HAS_PROVISION
PROV-222.402-70-a,PROV-222.402-70-a-2,HAS_PROVISION
SEC-222.402-70,PROV-222.402-70-b,HAS_PROVISION
SEC-222.402-70,PROV-222.402-70-c,HAS_PROVISION
SEC-222.402-70,PROV-222.402-70-d,HAS_PROVISION
PROV-222.402-70-d,PROV-222.402-70-d-1,HAS_PROVISION
PROV-222.402-70-d,PROV-222.402-70-d-2,HAS_PROVISION
PROV-222.402-70-d,PROV-222.402-70-d-3,HAS_PROVISION
SEC-222.402-70,PROV-222.402-70-e,HAS_PROVISION
SEC-222.402-70,PROV-222.402-70-f,HAS_PROVISION
SUBPART-222.4,SEC-222.403,HAS_SECTION
SUBPART-222.4,SEC-222.403-470,HAS_SECTION
SUBPART-222.4,SEC-222.404,HAS_SECTION
SEC-222.404,PROV-222.404-1,HAS_PROVISION
PROV-222.404-1,PROV-222.404-1-i,HAS_PROVISION
PROV-222.404-1,PROV-222.404-1-ii,HAS_PROVISION
PROV-222.404-1,PROV-222.404-1-iii,HAS_PROVISION
SEC-222.404,PROV-222.404-2,HAS_PROVISION
SEC-222.404,PROV-222.404-3,HAS_PROVISION
SUBPART-222.4,SEC-222.404-2,HAS_SECTION
SEC-222.404-2,PROV-222.404-2-c,HAS_PROVISION
PROV-222.404-2-c,PROV-222.404-2-c-5,HAS_PROVISION
SUBPART-222.4,SEC-222.406,HAS_SECTION
SUBPART-222.4,SEC-222.406-1,HAS_SECTION
SEC-222.406-1,PROV-222.406-1-a,HAS_PROVISION
PROV-222.406-1-a,PROV-222.406-1-a-i,HAS_PROVISION
PROV-222.406-1-a,PROV-222.406-1-a-ii,HAS_PROVISION
SEC-222.406-1,PROV-222.406-1-b,HAS_PROVISION
PROV-222.406-1-b,PROV-222.406-1-b-1,HAS_PROVISION
PROV-222.406-1-b-1,PROV-222.406-1-b-1-A,HAS_PROVISION
PROV-222.406-1-b-1-A,PROV-222.406-1-b-1-A-1,HAS_PROVISION
PROV-222.406-1-b-1-A,PROV-222.406-1-b-1-A-2,HAS_PROVISION
PROV-222.406-1-b-1-A,PROV-222.406-1-b-1-A-3,HAS_PROVISION
PROV-222.406-1-b-1-A,PROV-222.406-1-b-1-A-4,HAS_PROVISION
PROV-222.406-1-b-1-A,PROV-222.406-1-b-1-A-5,HAS_PROVISION
PROV-222.406-1-b-1,PROV-222.406-1-b-1-B,HAS_PROVISION
PROV-222.406-1-b-1-B,PROV-222.406-1-b-1-B-1,HAS_PROVISION
PROV-222.406-1-b-1-B,PROV-222.406-1-b-1-B-2,HAS_PROVISION
PROV-222.406-1-b-1-B,PROV-222.406-1-b-1-B-3,HAS_PROVISION
PROV-222.406-1-b-1-B,PROV-222.406-1-b-1-B-4,HAS_PROVISION
PROV-222.406-1-b-1-B,PROV-222.406-1-b-1-B-5,HAS_PROVISION
PROV-222.406-1-b-1-B,PROV-222.406-1-b-1-B-6,HAS_PROVISION
PROV-222.406-1-b-1-B,PROV-222.406-1-b-1-B-7,HAS_PROVISION
PROV-222.406-1-b-1,PROV-222.406-1-b-1-C,HAS_PROVISION
PROV-222.406-1-b,PROV-222.406-1-b-2,HAS_PROVISION
PROV-222.406-1-b-2,PROV-222.406-1-b-2-A,HAS_PROVISION
PROV-222.406-1-b-2,PROV-222.406-1-b-2-B,HAS_PROVISION
PROV-222.406-1-b-2,PROV-222.406-1-b-2-C,HAS_PROVISION
SUBPART-222.4,SEC-222.406-6,HAS_SECTION
SEC-222.406-6,PROV-222.406-6-a,HAS_PROVISION
SUBPART-222.4,SEC-222.406-8,HAS_SECTION
SEC-222.406-8,PROV-222.406-8-a,HAS_PROVISION
SEC-222.406-8,PROV-222.406-8-c,HAS_PROVISION
PROV-222.406-8-c,PROV-222.406-8-c-4,HAS_PROVISION
PROV-222.406-8-c-4,PROV-222.406-8-c-4-A,HAS_PROVISION
PROV-222.406-8-c-4-A,PROV-222.406-8-c-4-A-1,HAS_PROVISION
PROV-222.406-8-c-4-A,PROV-222.406-8-c-4-A-2,HAS_PROVISION
PROV-222.406-8-c-4-A,PROV-222.406-8-c-4-A-B,HAS_PROVISION
SEC-222.406-8,PROV-222.406-8-d,HAS_PROVISION
SUBPART-222.4,SEC-222.406-9,HAS_SECTION
SEC-222.406-9,PROV-222.406-9-a,HAS_PROVISION
SEC-222.406-9,PROV-222.406-9-c,HAS_PROVISION
PROV-222.406-9-c,PROV-222.406-9-c-3,HAS_PROVISION
PROV-222.406-9-c,PROV-222.406-9-c-4,HAS_PROVISION
PROV-222.406-9-c-4,PROV-222.406-9-c-4-A,HAS_PROVISION
PROV-222.406-9-c-4-A,PROV-222.406-9-c-4-A-1,HAS_PROVISION
PROV-222.406-9-c-4-A,PROV-222.406-9-c-4-A-2,HAS_PROVISION
PROV-222.406-9-c-4,PROV-222.406-9-c-4-B,HAS_PROVISION
PROV-222.406-9-c-4-B,PROV-222.406-9-c-4-B-1,HAS_PROVISION
PROV-222.406-9-c-4-B,PROV-222.406-9-c-4-B-2,HAS_PROVISION
SUBPART-222.4,SEC-222.406-10,HAS_SECTION
SEC-222.406-10,PROV-222.406-10-d,HAS_PROVISION
SUBPART-222.4,SEC-222.406-13,HAS_SECTION
SEC-222.406-13,PROV-222.406-13-1,HAS_PROVISION
SEC-222.406-13,PROV-222.406-13-2,HAS_PROVISION
SEC-222.406-13,PROV-222.406-13-3,HAS_PROVISION
SEC-222.406-13,PROV-222.406-13-4,HAS_PROVISION
SEC-222.406-13,PROV-222.406-13-5,HAS_PROVISION
SEC-222.406-13,PROV-222.406-13-6,HAS_PROVISION
SEC-222.406-13,PROV-222.406-13-7,HAS_PROVISION
PROV-222.406-13-7,PROV-222.406-13-7-i,HAS_PROVISION
PROV-222.406-13-7,PROV-222.406-13-7-ii,HAS_PROVISION
SEC-222.406-13,PROV-222.406-13-8,HAS_PROVISION
PROV-222.406-13-8,PROV-222.406-13-8-i,HAS_PROVISION
PROV-222.406-13-8,PROV-222.406-13-8-ii,HAS_PROVISION
SEC-222.406-13,PROV-222.406-13-9,HAS_PROVISION
PROV-222.406-13-9,PROV-222.406-13-9-i,HAS_PROVISION
PROV-222.406-13-9,PROV-222.406-13-9-ii,HAS_PROVISION
SEC-222.406-13,PROV-222.406-13-10,HAS_PROVISION
PROV-222.406-13-10,PROV-222.406-13-10-i,HAS_PROVISION
PROV-222.406-13-10,PROV-222.406-13-10-ii,HAS_PROVISION
PROV-222.406-13-10,PROV-222.406-13-10-iii,HAS_PROVISION
SEC-222.406-13,PROV-222.406-13-11,HAS_PROVISION
PROV-222.406-13-11,PROV-222.406-13-11-i,HAS_PROVISION
PROV-222.406-13-11,PROV-222.406-13-11-ii,HAS_PROVISION
PART-222,SUBPART-222.6,HAS_SUBPART
SUBPART-222.6,SEC-222.604,HAS_SECTION
SUBPART-222.6,SEC-222.604-2,HAS_SECTION
SEC-222.604-2,PROV-222.604-2-b,HAS_PROVISION
PART-222,SUBPART-222.8,HAS_SUBPART
SUBPART-222.8,SEC-222.806,HAS_SECTION
SEC-222.806,PROV-222.806-b,HAS_PROVISION
SUBPART-222.8,SEC-222.807,HAS_SECTION
SEC-222.807,PROV-222.807-c,HAS_PROVISION
PART-222,SUBPART-222.10,HAS_SUBPART
SUBPART-222.10,SEC-222.1003,HAS_SECTION
SUBPART-222.10,SEC-222.1003-1,HAS_SECTION
SUBPART-222.10,SEC-222.1008,HAS_SECTION
SUBPART-222.10,SEC-222.1008-1,HAS_SECTION
PART-222,SUBPART-222.13,HAS_SUBPART
SUBPART-222.13,SEC-222.1305,HAS_SECTION
SEC-222.1305,PROV-222.1305-c,HAS_PROVISION
SUBPART-222.13,SEC-222.1308,HAS_SECTION
SEC-222.1308,PROV-222.1308-1,HAS_PROVISION
SEC-222.1308,PROV-222.1308-2,HAS_PROVISION
SUBPART-222.13,SEC-222.1310,HAS_SECTION
SEC-222.1310,PROV-222.1310-a,HAS_PROVISION
PROV-222.1310-a,PROV-222.1310-a-1,HAS_PROVISION
PART-222,SUBPART-222.14,HAS_SUBPART
SUBPART-222.14,SEC-222.1403,HAS_SECTION
SEC-222.1403,PROV-222.1403-c,HAS_PROVISION
PROV-222.1403-c,PROV-222.1403-c-i,HAS_PROVISION
PROV-222.1403-c,PROV-222.1403-c-ii,HAS_PROVISION
SUBPART-222.14,SEC-222.1406,HAS_SECTION
PART-222,SUBPART-222.17,HAS_SUBPART
SUBPART-222.17,SEC-222.1703,HAS_SECTION
SUBPART-222.17,SEC-222.1704,HAS_SECTION
SUBPART-222.17,SEC-222.1770,HAS_SECTION
PART-222,SUBPART-222.70,HAS_SUBPART
SUBPART-222.70,SEC-222.7000,HAS_SECTION
SEC-222.7000,PROV-222.7000-a,HAS_PROVISION
SEC-222.7000,PROV-222.7000-b,HAS_PROVISION
PROV-222.7000-b,PROV-222.7000-b-1,HAS_PROVISION
PROV-222.7000-b,PROV-222.7000-b-2,HAS_PROVISION
SUBPART-222.70,SEC-222.7001,HAS_SECTION
SUBPART-222.70,SEC-222.7002,HAS_SECTION
SUBPART-222.70,SEC-222.7003,HAS_SECTION
SUBPART-222.70,SEC-222.7004,HAS_SECTION
PART-222,SUBPART-222.71,HAS_SUBPART
PART-222,SUBPART-222.72,HAS_SUBPART
SUBPART-222.72,SEC-222.7201,HAS_SECTION
SEC-222.7201,PROV-222.7201-a,HAS_PROVISION
SEC-222.7201,PROV-222.7201-b,HAS_PROVISION
SEC-222.7201,PROV-222.7201-c,HAS_PROVISION
PART-222,SUBPART-222.73,HAS_SUBPART
SUBPART-222.73,SEC-222.7300,HAS_SECTION
SEC-222.7300,PROV-222.7300-a,HAS_PROVISION
SEC-222.7300,PROV-222.7300-b,HAS_PROVISION
PROV-222.7300-b,PROV-222.7300-b-1,HAS_PROVISION
PROV-222.7300-b,PROV-222.7300-b-2,HAS_PROVISION
SUBPART-222.73,SEC-222.7301,HAS_SECTION
SEC-222.7301,PROV-222.7301-a,HAS_PROVISION
SEC-222.7301,PROV-222.7301-b,HAS_PROVISION
SUBPART-222.73,SEC-222.7302,HAS_SECTION
PART-222,SUBPART-222.74,HAS_SUBPART
SUBPART-222.74,SEC-222.7400,HAS_SECTION
SUBPART-222.74,SEC-222.7401,HAS_SECTION
SUBPART-222.74,SEC-222.7402,HAS_SECTION
SEC-222.7402,PROV-222.7402-a,HAS_PROVISION
PROV-222.7402-a,PROV-222.7402-a-1,HAS_PROVISION
PROV-222.7402-a-1,PROV-222.7402-a-1-i,HAS_PROVISION
PROV-222.7402-a-1,PROV-222.7402-a-1-ii,HAS_PROVISION
PROV-222.7402-a,PROV-222.7402-a-2,HAS_PROVISION
PROV-222.7402-a-2,PROV-222.7402-a-2-i,HAS_PROVISION
PROV-222.7402-a-2,PROV-222.7402-a-2-ii,HAS_PROVISION
SEC-222.7402,PROV-222.7402-b,HAS_PROVISION
SUBPART-222.74,SEC-222.7403,HAS_SECTION
SUBPART-222.74,SEC-222.7404,HAS_SECTION
SEC-222.7404,PROV-222.7404-a,HAS_PROVISION
SEC-222.7404,PROV-222.7404-b,HAS_PROVISION
SEC-222.7404,PROV-222.7404-c,HAS_PROVISION
SEC-222.7404,PROV-222.7404-d,HAS_PROVISION
SUBPART-222.74,SEC-222.7405,HAS_SECTION
PART-223,SUBPART-223.1,HAS_SUBPART
SUBPART-223.1,SEC-223.107,HAS_SECTION
SUBPART-223.1,SEC-223.107-1,HAS_SECTION
SEC-223.107-1,PROV-223.107-1-e,HAS_PROVISION
SUBPART-223.1,SEC-223.107-4,HAS_SECTION
PART-223,SUBPART-223.2,HAS_SUBPART
SUBPART-223.2,PROV-223.2-note,HAS_PROVISION
PART-223,SUBPART-223.3,HAS_SUBPART
SUBPART-223.3,SEC-223.302,HAS_SECTION
SEC-223.302,PROV-223.302-e,HAS_PROVISION
SUBPART-223.3,SEC-223.304,HAS_SECTION
SUBPART-223.3,SEC-223.370,HAS_SECTION
SUBPART-223.3,SEC-223.370-1,HAS_SECTION
SEC-223.370-1,PROV-223.370-1-a,HAS_PROVISION
PROV-223.370-1-a,PROV-223.370-1-a-1,HAS_PROVISION
PROV-223.370-1-a,PROV-223.370-1-a-2,HAS_PROVISION
PROV-223.370-1-a,PROV-223.370-1-a-3,HAS_PROVISION
PROV-223.370-1-a,PROV-223.370-1-a-4,HAS_PROVISION
PROV-223.370-1-a,PROV-223.370-1-a-5,HAS_PROVISION
PROV-223.370-1-a,PROV-223.370-1-a-6,HAS_PROVISION
PROV-223.370-1-a,PROV-223.370-1-a-7,HAS_PROVISION
PROV-223.370-1-a,PROV-223.370-1-a-8,HAS_PROVISION
PROV-223.370-1-a,PROV-223.370-1-a-9,HAS_PROVISION
PROV-223.370-1-a,PROV-223.370-1-a-10,HAS_PROVISION
PROV-223.370-1-a,PROV-223.370-1-a-11,HAS_PROVISION
PROV-223.370-1-a,PROV-223.370-1-a-12,HAS_PROVISION
PROV-223.370-1-a,PROV-223.370-1-a-13,HAS_PROVISION
PROV-223.370-1-a,PROV-223.370-1-a-14,HAS_PROVISION
PROV-223.370-1-a,PROV-223.370-1-a-15,HAS_PROVISION
PROV-223.370-1-a,PROV-223.370-1-a-16,HAS_PROVISION
SEC-223.370-1,PROV-223.370-1-b,HAS_PROVISION
PROV-223.370-1-b,PROV-223.370-1-b-1,HAS_PROVISION
PROV-223.370-1-b,PROV-223.370-1-b-2,HAS_PROVISION
PROV-223.370-1-b,PROV-223.370-1-b-3,HAS_PROVISION
PROV-223.370-1-b,PROV-223.370-1-b-4,HAS_PROVISION
PROV-223.370-1-b,PROV-223.370-1-b-5,HAS_PROVISION
PROV-223.370-1-b,PROV-223.370-1-b-6,HAS_PROVISION
SUBPART-223.3,SEC-223.370-2,HAS_SECTION
SUBPART-223.3,SEC-223.370-3,HAS_SECTION
SEC-223.370-3,PROV-223.370-3-a,HAS_PROVISION
SEC-223.370-3,PROV-223.370-3-b,HAS_PROVISION
SUBPART-223.3,SEC-223.370-4,HAS_SECTION
SUBPART-223.3,SEC-223.370-5,HAS_SECTION
PART-223,SUBPART-223.4,HAS_SUBPART
PART-223,SUBPART-223.5,HAS_SUBPART
PART-223,SUBPART-223.7,HAS_SUBPART
SUBPART-223.7,PROV-223.7-note,HAS_PROVISION
PART-223,SUBPART-223.70,HAS_SUBPART
PART-223,SUBPART-223.71,HAS_SUBPART
SUBPART-223.71,SEC-223.7101,HAS_SECTION
SUBPART-223.71,SEC-223.7102,HAS_SECTION
SEC-223.7102,PROV-223.7102-a,HAS_PROVISION
SEC-223.7102,PROV-223.7102-b,HAS_PROVISION
SUBPART-223.71,SEC-223.7103,HAS_SECTION
SEC-223.7103,PROV-223.7103-a,HAS_PROVISION
PROV-223.7103-a,PROV-223.7103-a-1,HAS_PROVISION
PROV-223.7103-a-1,PROV-223.7103-a-1-i,HAS_PROVISION
PROV-223.7103-a-1,PROV-223.7103-a-1-ii,HAS_PROVISION
PROV-223.7103-a-1,PROV-223.7103-a-1-2,HAS_PROVISION
SEC-223.7103,PROV-223.7103-b,HAS_PROVISION
SUBPART-223.71,SEC-223.7104,HAS_SECTION
SEC-223.7104,PROV-223.7104-a,HAS_PROVISION
PROV-223.7104-a,PROV-223.7104-a-1,HAS_PROVISION
PROV-223.7104-a,PROV-223.7104-a-2,HAS_PROVISION
PROV-223.7104-a,PROV-223.7104-a-3,HAS_PROVISION
PROV-223.7104-a,PROV-223.7104-a-4,HAS_PROVISION
PROV-223.7104-a,PROV-223.7104-a-5,HAS_PROVISION
PROV-223.7104-a,PROV-223.7104-a-6,HAS_PROVISION
PROV-223.7104-a,PROV-223.7104-a-7,HAS_PROVISION
PROV-223.7104-a,PROV-223.7104-a-8,HAS_PROVISION
PROV-223.7104-a,PROV-223.7104-a-9,HAS_PROVISION
PROV-223.7104-a,PROV-223.7104-a-10,HAS_PROVISION
PROV-223.7104-a-10,PROV-223.7104-a-10-i,HAS_PROVISION
PROV-223.7104-a-10,PROV-223.7104-a-10-ii,HAS_PROVISION
PROV-223.7104-a,PROV-223.7104-a-11,HAS_PROVISION
PROV-223.7104-a,PROV-223.7104-a-b,HAS_PROVISION
SUBPART-223.71,SEC-223.7105,HAS_SECTION
SUBPART-223.71,SEC-223.7106,HAS_SECTION
SEC-223.7106,PROV-223.7106-a,HAS_PROVISION
SEC-223.7106,PROV-223.7106-b,HAS_PROVISION
PART-223,SUBPART-223.72,HAS_SUBPART
SUBPART-223.72,SEC-223.7200,HAS_SECTION
SUBPART-223.72,SEC-223.7201,HAS_SECTION
SEC-223.7201,PROV-223.7201-a,HAS_PROVISION
PROV-223.7201-a,PROV-223.7201-a-1,HAS_PROVISION
PROV-223.7201-a,PROV-223.7201-a-2,HAS_PROVISION
SEC-223.7201,PROV-223.7201-b,HAS_PROVISION
PROV-223.7201-b,PROV-223.7201-b-1,HAS_PROVISION
PROV-223.7201-b,PROV-223.7201-b-2,HAS_PROVISION
SUBPART-223.72,SEC-223.7202,HAS_SECTION
SEC-223.7202,PROV-223.7202-a,HAS_PROVISION
SEC-223.7202,PROV-223.7202-b,HAS_PROVISION
SUBPART-223.72,SEC-223.7203,HAS_SECTION
PART-223,SUBPART-223.73,HAS_SUBPART
SUBPART-223.73,SEC-223.7300,HAS_SECTION
SUBPART-223.73,SEC-223.7301,HAS_SECTION
SUBPART-223.73,SEC-223.7302,HAS_SECTION
SUBPART-223.73,SEC-223.7303,HAS_SECTION
SEC-223.7303,PROV-223.7303-a,HAS_PROVISION
SEC-223.7303,PROV-223.7303-b,HAS_PROVISION
SUBPART-223.73,SEC-223.7304,HAS_SECTION
SEC-223.7304,PROV-223.7304-a,HAS_PROVISION
SEC-223.7304,PROV-223.7304-b,HAS_PROVISION
SUBPART-223.73,SEC-223.7305,HAS_SECTION
SEC-223.7305,PROV-223.7305-a,HAS_PROVISION
PROV-223.7305-a,PROV-223.7305-a-1,HAS_PROVISION
PROV-223.7305-a,PROV-223.7305-a-2,HAS_PROVISION
PROV-223.7305-a,PROV-223.7305-a-3,HAS_PROVISION
PROV-223.7305-a,PROV-223.7305-a-4,HAS_PROVISION
PROV-223.7305-a,PROV-223.7305-a-5,HAS_PROVISION
PROV-223.7305-a,PROV-223.7305-a-6,HAS_PROVISION
SEC-223.7305,PROV-223.7305-b,HAS_PROVISION
SUBPART-223.73,SEC-223.7306,HAS_SECTION
PART-223,SUBPART-223.74,HAS_SUBPART
SUBPART-223.74,SEC-223.7400,HAS_SECTION
SUBPART-223.74,SEC-223.7401,HAS_SECTION
SUBPART-223.74,SEC-223.7402,HAS_SECTION
SUBPART-223.74,SEC-223.7403,HAS_SECTION
SUBPART-223.74,SEC-223.7404,HAS_SECTION
PART-224,SUBPART-224.1,HAS_SUBPART
SUBPART-224.1,SEC-224.103,HAS_SECTION
SEC-224.103,PROV-224.103-b,HAS_PROVISION
PROV-224.103-b,PROV-224.103-b-2,HAS_PROVISION
PART-224,SUBPART-224.2,HAS_SUBPART
SUBPART-224.2,SEC-224.203,HAS_SECTION
SEC-224.203,PROV-224.203-a,HAS_PROVISION
PART-225,SEC-225.001,HAS_SECTION
PART-225,SEC-225.003,HAS_SECTION
SEC-225.003,PROV-225.003-1,HAS_PROVISION
SEC-225.003,PROV-225.003-2,HAS_PROVISION
PROV-225.003-1,PROV-225.003-1-i,HAS_PROVISION
PROV-225.003-1,PROV-225.003-1-ii,HAS_PROVISION
PROV-225.003-1-ii,PROV-225.003-1-ii-A,HAS_PROVISION
PROV-225.003-1-ii-A,PROV-225.003-1-ii-A-1,HAS_PROVISION
PROV-225.003-1-ii-A,PROV-225.003-1-ii-A-2,HAS_PROVISION
PROV-225.003-1-ii,PROV-225.003-1-ii-B,HAS_PROVISION
SEC-225.003,PROV-225.003-3,HAS_PROVISION
PROV-225.003-2,PROV-225.003-2-i,HAS_PROVISION
PROV-225.003-2-i,PROV-225.003-2-i-A,HAS_PROVISION
PROV-225.003-2-i,PROV-225.003-2-i-B,HAS_PROVISION
PROV-225.003-2-i,PROV-225.003-2-i-C,HAS_PROVISION
PROV-225.003-2,PROV-225.003-2-ii,HAS_PROVISION
PART-225,SEC-225.070,HAS_SECTION
PART-225,SUBPART-225.1,HAS_SUBPART
SUBPART-225.1,SEC-225.101,HAS_SECTION
SEC-225.101,PROV-225.101-a,HAS_PROVISION
PROV-225.101-a,PROV-225.101-a-i,HAS_PROVISION
SEC-225.101,PROV-225.101-ii,HAS_PROVISION
PROV-225.101-ii,PROV-225.101-ii-A,HAS_PROVISION
PROV-225.101-ii-A,PROV-225.101-ii-A-B,HAS_PROVISION
SEC-225.101,PROV-225.101-c,HAS_PROVISION
SEC-225.101,PROV-225.101-d,HAS_PROVISION
PROV-225.101-d,PROV-225.101-d-1,HAS_PROVISION
PROV-225.101-a,PROV-225.101-a-ii,HAS_PROVISION
PROV-225.101-a-ii,PROV-225.101-a-ii-2,HAS_PROVISION
PROV-225.101-a-ii-2,PROV-225.101-a-ii-2-A,HAS_PROVISION
PROV-225.101-a-ii-2,PROV-225.101-a-ii-2-B,HAS_PROVISION
PROV-225.101-a-ii-2,PROV-225.101-a-ii-2-C,HAS_PROVISION
PROV-225.101-a-ii-2,PROV-225.101-a-ii-2-D,HAS_PROVISION
SUBPART-225.1,SEC-225.103,HAS_SECTION
SEC-225.103,PROV-225.103-a,HAS_PROVISION
PROV-225.103-a,PROV-225.103-a-i,HAS_PROVISION
PROV-225.103-a-i,PROV-225.103-a-i-A,HAS_PROVISION
PROV-225.103-a-i-A,PROV-225.103-a-i-A-B,HAS_PROVISION
PROV-225.103-a-i-A,PROV-225.103-a-i-A-ii,HAS_PROVISION
PROV-225.103-a-i-A-ii,PROV-225.103-a-i-A-ii-A,HAS_PROVISION
PROV-225.103-a-i-A-ii-A,PROV-225.103-a-i-A-ii-A-1,HAS_PROVISION
PROV-225.103-a-i-A-ii-A,PROV-225.103-a-i-A-ii-A-2,HAS_PROVISION
PROV-225.103-a-i-A-ii-A,PROV-225.103-a-i-A-ii-A-3,HAS_PROVISION
PROV-225.103-a-i-A-ii-A-3,PROV-225.103-a-i-A-ii-A-3-i,HAS_PROVISION
PROV-225.103-a-i-A-ii-A-3,PROV-225.103-a-i-A-ii-A-3-ii,HAS_PROVISION
PROV-225.103-a-i-A-ii-A,PROV-225.103-a-i-A-ii-A-B,HAS_PROVISION
PROV-225.103-a-i-A-ii-A-B,PROV-225.103-a-i-A-ii-A-B-1,HAS_PROVISION
PROV-225.103-a-i-A-ii-A-B,PROV-225.103-a-i-A-ii-A-B-2,HAS_PROVISION
PROV-225.103-a-i-A-ii-A-B,PROV-225.103-a-i-A-ii-A-B-3,HAS_PROVISION
SEC-225.103,PROV-225.103-b,HAS_PROVISION
PROV-225.103-b,PROV-225.103-b-i,HAS_PROVISION
PROV-225.103-b-i,PROV-225.103-b-i-ii,HAS_PROVISION
PROV-225.103-b-i-ii,PROV-225.103-b-i-ii-A,HAS_PROVISION
PROV-225.103-b-i-ii,PROV-225.103-b-i-ii-B,HAS_PROVISION
PROV-225.103-b-i-ii,PROV-225.103-b-i-ii-C,HAS_PROVISION
PROV-225.103-b-i,PROV-225.103-b-i-iii,HAS_PROVISION
PROV-225.103-b-i-iii,PROV-225.103-b-i-iii-A,HAS_PROVISION
PROV-225.103-b-i-iii,PROV-225.103-b-i-iii-B,HAS_PROVISION
PROV-225.103-b-i,PROV-225.103-b-i-iv,HAS_PROVISION
SEC-225.103,PROV-225.103-c,HAS_PROVISION
SUBPART-225.1,SEC-225.106,HAS_SECTION
SEC-225.106,PROV-225.106-b,HAS_PROVISION
SUBPART-225.1,SEC-225.170,HAS_SECTION
PART-225,SUBPART-225.2,HAS_SUBPART
SUBPART-225.2,SEC-225.202,HAS_SECTION
SEC-225.202,PROV-225.202-a,HAS_PROVISION
PROV-225.202-a,PROV-225.202-a-2,HAS_PROVISION
SUBPART-225.2,SEC-225.206,HAS_SECTION
SEC-225.206,PROV-225.206-c,HAS_PROVISION
PROV-225.206-c,PROV-225.206-c-4,HAS_PROVISION
SUBPART-225.2,SEC-225.270,HAS_SECTION
PART-225,SUBPART-225.3,HAS_SUBPART
SUBPART-225.3,SEC-225.301,HAS_SECTION
SUBPART-225.3,SEC-225.301-1,HAS_SECTION
SEC-225.301-1,PROV-225.301-1-a,HAS_PROVISION
SEC-225.301-1,PROV-225.301-1-c,HAS_PROVISION
SUBPART-225.3,SEC-225.301-4,HAS_SECTION
SEC-225.301-4,PROV-225.301-4-1,HAS_PROVISION
PROV-225.301-4-1,PROV-225.301-4-1-i,HAS_PROVISION
PROV-225.301-4-1,PROV-225.301-4-1-ii,HAS_PROVISION
SEC-225.301-4,PROV-225.301-4-2,HAS_PROVISION
SUBPART-225.3,SEC-225.302,HAS_SECTION
SUBPART-225.3,SEC-225.302-6,HAS_SECTION
SEC-225.302-6,PROV-225.302-6-1,HAS_PROVISION
SEC-225.302-6,PROV-225.302-6-2,HAS_PROVISION
SEC-225.302-6,PROV-225.302-6-3,HAS_PROVISION
SEC-225.302-6,PROV-225.302-6-4,HAS_PROVISION
SEC-225.302-6,PROV-225.302-6-5,HAS_PROVISION
SUBPART-225.3,SEC-225.370,HAS_SECTION
SEC-225.370,PROV-225.370-a,HAS_PROVISION
SEC-225.370,PROV-225.370-b,HAS_PROVISION
SEC-225.370,PROV-225.370-c,HAS_PROVISION
SEC-225.370,PROV-225.370-d,HAS_PROVISION
SUBPART-225.3,SEC-225.371,HAS_SECTION
SUBPART-225.3,SEC-225.371-1,HAS_SECTION
SEC-225.371-1,PROV-225.371-1-a,HAS_PROVISION
PROV-225.371-1-a,PROV-225.371-1-a-1,HAS_PROVISION
PROV-225.371-1-a,PROV-225.371-1-a-2,HAS_PROVISION
PROV-225.371-1-a,PROV-225.371-1-a-3,HAS_PROVISION
SEC-225.371-1,PROV-225.371-1-b,HAS_PROVISION
PROV-225.371-1-b,PROV-225.371-1-b-1,HAS_PROVISION
PROV-225.371-1-b,PROV-225.371-1-b-2,HAS_PROVISION
SUBPART-225.3,SEC-225.371-2,HAS_SECTION
SUBPART-225.3,SEC-225.371-3,HAS_SECTION
SEC-225.371-3,PROV-225.371-3-a,HAS_PROVISION
SEC-225.371-3,PROV-225.371-3-b,HAS_PROVISION
PROV-225.371-3-b,PROV-225.371-3-b-1,HAS_PROVISION
PROV-225.371-3-b,PROV-225.371-3-b-2,HAS_PROVISION
SEC-225.371-3,PROV-225.371-3-c,HAS_PROVISION
PROV-225.371-3-c,PROV-225.371-3-c-1,HAS_PROVISION
PROV-225.371-3-c,PROV-225.371-3-c-2,HAS_PROVISION
SEC-225.371-3,PROV-225.371-3-d,HAS_PROVISION
SEC-225.371-3,PROV-225.371-3-e,HAS_PROVISION
SEC-225.371-3,PROV-225.371-3-SPOT,HAS_PROVISION
SUBPART-225.3,SEC-225.371-4,HAS_SECTION
SEC-225.371-4,PROV-225.371-4-a,HAS_PROVISION
SEC-225.371-4,PROV-225.371-4-b,HAS_PROVISION
PROV-225.371-4-b,PROV-225.371-4-b-1,HAS_PROVISION
PROV-225.371-4-b-1,PROV-225.371-4-b-1-i,HAS_PROVISION
PROV-225.371-4-b-1,PROV-225.371-4-b-1-ii,HAS_PROVISION
PROV-225.371-4-b-1,PROV-225.371-4-b-1-iii,HAS_PROVISION
PROV-225.371-4-b-1,PROV-225.371-4-b-1-iv,HAS_PROVISION
PROV-225.371-4-b,PROV-225.371-4-b-2,HAS_PROVISION
PROV-225.371-4-b-2,PROV-225.371-4-b-2-i,HAS_PROVISION
PROV-225.371-4-b-2,PROV-225.371-4-b-2-ii,HAS_PROVISION
PROV-225.371-4-b-2,PROV-225.371-4-b-2-iii,HAS_PROVISION
PROV-225.371-4-b-2,PROV-225.371-4-b-2-iv,HAS_PROVISION
SUBPART-225.3,SEC-225.371-5,HAS_SECTION
SEC-225.371-5,PROV-225.371-5-USCENTCOM,HAS_PROVISION
PROV-225.371-5-USCENTCOM,PROV-225.371-5-USCENTCOM-a,HAS_PROVISION
PROV-225.371-5-USCENTCOM-a,PROV-225.371-5-USCENTCOM-a-1,HAS_PROVISION
PROV-225.371-5-USCENTCOM-a,PROV-225.371-5-USCENTCOM-a-2,HAS_PROVISION
PROV-225.371-5-USCENTCOM-a,PROV-225.371-5-USCENTCOM-a-3,HAS_PROVISION
PROV-225.371-5-USCENTCOM,PROV-225.371-5-USCENTCOM-b,HAS_PROVISION
SUBPART-225.3,SEC-225.372,HAS_SECTION
SUBPART-225.3,SEC-225.372-1,HAS_SECTION
SUBPART-225.3,SEC-225.372-2,HAS_SECTION
SEC-225.372-2,PROV-225.372-2-a,HAS_PROVISION
SEC-225.372-2,PROV-225.372-2-b,HAS_PROVISION
SEC-225.372-2,PROV-225.372-2-c,HAS_PROVISION
SUBPART-225.3,SEC-225.373,HAS_SECTION
SUBPART-225.3,SEC-225.374,HAS_SECTION
PART-225,SUBPART-225.4,HAS_SUBPART
SUBPART-225.4,SEC-225.401,HAS_SECTION
SEC-225.401,PROV-225.401-a,HAS_PROVISION
PROV-225.401-a,PROV-225.401-a-2,HAS_PROVISION
PROV-225.401-a-2,PROV-225.401-a-2-A,HAS_PROVISION
SEC-225.401,PROV-225.401-DPCAP,HAS_PROVISION
PROV-225.401-DPCAP,PROV-225.401-DPCAP-1,HAS_PROVISION
PROV-225.401-DPCAP,PROV-225.401-DPCAP-2,HAS_PROVISION
PROV-225.401-DPCAP,PROV-225.401-DPCAP-3,HAS_PROVISION
PROV-225.401-DPCAP,PROV-225.401-DPCAP-B,HAS_PROVISION
SUBPART-225.4,SEC-225.401-70,HAS_SECTION
SUBPART-225.4,SEC-225.401-71,HAS_SECTION
SUBPART-225.4,SEC-225.402,HAS_SECTION
SUBPART-225.4,SEC-225.403,HAS_SECTION
SEC-225.403,PROV-225.403-c,HAS_PROVISION
PROV-225.403-c,PROV-225.403-c-i,HAS_PROVISION
PROV-225.403-c-i,PROV-225.403-c-i-A,HAS_PROVISION
PROV-225.403-c-i,PROV-225.403-c-i-B,HAS_PROVISION
PROV-225.403-c,PROV-225.403-c-ii,HAS_PROVISION
PROV-225.403-c-ii,PROV-225.403-c-ii-A,HAS_PROVISION
PROV-225.403-c-ii,PROV-225.403-c-ii-B,HAS_PROVISION
PROV-225.403-c,PROV-225.403-c-iii,HAS_PROVISION
SUBPART-225.4,SEC-225.408,HAS_SECTION
SEC-225.408,PROV-225.408-a,HAS_PROVISION
PROV-225.408-a,PROV-225.408-a-4,HAS_PROVISION
PART-225,SUBPART-225.5,HAS_SUBPART
SUBPART-225.5,SEC-225.502,HAS_SECTION
SEC-225.502,PROV-225.502-a,HAS_PROVISION
SEC-225.502,PROV-225.502-b,HAS_PROVISION
PROV-225.502-b,PROV-225.502-b-i,HAS_PROVISION
PROV-225.502-b,PROV-225.502-b-ii,HAS_PROVISION
SEC-225.502,PROV-225.502-c,HAS_PROVISION
PROV-225.502-c,PROV-225.502-c-i,HAS_PROVISION
PROV-225.502-c-i,PROV-225.502-c-i-A,HAS_PROVISION
PROV-225.502-c-i-A,PROV-225.502-c-i-A-B,HAS_PROVISION
PROV-225.502-c,PROV-225.502-c-ii,HAS_PROVISION
PROV-225.502-c-ii,PROV-225.502-c-ii-A,HAS_PROVISION
PROV-225.502-c-ii,PROV-225.502-c-ii-B,HAS_PROVISION
PROV-225.502-c-ii,PROV-225.502-c-ii-C,HAS_PROVISION
PROV-225.502-c-ii,PROV-225.502-c-ii-D,HAS_PROVISION
PROV-225.502-c-ii,PROV-225.502-c-ii-E,HAS_PROVISION
PROV-225.502-c-ii-E,PROV-225.502-c-ii-E-1,HAS_PROVISION
PROV-225.502-c-ii-E,PROV-225.502-c-ii-E-2,HAS_PROVISION
PROV-225.502-c,PROV-225.502-c-iii,HAS_PROVISION
PROV-225.502-c-iii,PROV-225.502-c-iii-A,HAS_PROVISION
PROV-225.502-c-iii,PROV-225.502-c-iii-B,HAS_PROVISION
PROV-225.502-c-iii,PROV-225.502-c-iii-C,HAS_PROVISION
PROV-225.502-c,PROV-225.502-c-iv,HAS_PROVISION
SUBPART-225.5,SEC-225.503,HAS_SECTION
SUBPART-225.5,SEC-225.504,HAS_SECTION
PART-225,SUBPART-225.6,HAS_SUBPART
PART-225,SUBPART-225.7,HAS_SUBPART
SUBPART-225.7,SEC-225.701,HAS_SECTION
SUBPART-225.7,SEC-225.701-70,HAS_SECTION
SUBPART-225.7,SEC-225.770,HAS_SECTION
SUBPART-225.7,SEC-225.770-1,HAS_SECTION
SEC-225.770-1,PROV-225.770-1-1,HAS_PROVISION
SEC-225.770-1,PROV-225.770-1-2,HAS_PROVISION
SEC-225.770-1,PROV-225.770-1-3,HAS_PROVISION
SUBPART-225.7,SEC-225.770-2,HAS_SECTION
SUBPART-225.7,SEC-225.770-3,HAS_SECTION
SEC-225.770-3,PROV-225.770-3-a,HAS_PROVISION
SEC-225.770-3,PROV-225.770-3-b,HAS_PROVISION
SEC-225.770-3,PROV-225.770-3-c,HAS_PROVISION
SUBPART-225.7,SEC-225.770-4,HAS_SECTION
SEC-225.770-4,PROV-225.770-4-a,HAS_PROVISION
SEC-225.770-4,PROV-225.770-4-b,HAS_PROVISION
SUBPART-225.7,SEC-225.770-5,HAS_SECTION
SEC-225.770-5,PROV-225.770-5-a,HAS_PROVISION
SEC-225.770-5,PROV-225.770-5-b,HAS_PROVISION
PROV-225.770-5-a,PROV-225.770-5-a-1,HAS_PROVISION
PROV-225.770-5-a,PROV-225.770-5-a-2,HAS_PROVISION
PROV-225.770-5-a,PROV-225.770-5-a-3,HAS_PROVISION
PROV-225.770-5-a,PROV-225.770-5-a-c,HAS_PROVISION
PROV-225.770-5-a-c,PROV-225.770-5-a-c-1,HAS_PROVISION
PROV-225.770-5-a-c-1,PROV-225.770-5-a-c-1-2,HAS_PROVISION
PROV-225.770-5-a-c-1-2,PROV-225.770-5-a-c-1-2-i,HAS_PROVISION
PROV-225.770-5-a-c-1-2,PROV-225.770-5-a-c-1-2-ii,HAS_PROVISION
SUBPART-225.7,SEC-225.771,HAS_SECTION
SUBPART-225.7,SEC-225.771-0,HAS_SECTION
SUBPART-225.7,SEC-225.771-1,HAS_SECTION
SUBPART-225.7,SEC-225.771-2,HAS_SECTION
SEC-225.771-2,PROV-225.771-2-a,HAS_PROVISION
PROV-225.771-2-a,PROV-225.771-2-a-i,HAS_PROVISION
PROV-225.771-2-a,PROV-225.771-2-a-ii,HAS_PROVISION
PROV-225.771-2-a,PROV-225.771-2-a-iii,HAS_PROVISION
SEC-225.771-2,PROV-225.771-2-b,HAS_PROVISION
SUBPART-225.7,SEC-225.771-3,HAS_SECTION
SUBPART-225.7,SEC-225.771-4,HAS_SECTION
SUBPART-225.7,SEC-225.771-5,HAS_SECTION
SUBPART-225.7,SEC-225.772,HAS_SECTION
SUBPART-225.7,SEC-225.772-0,HAS_SECTION
SUBPART-225.7,SEC-225.772-1,HAS_SECTION
SEC-225.772-1,PROV-225.772-1-1,HAS_PROVISION
SEC-225.772-1,PROV-225.772-1-2,HAS_PROVISION
SEC-225.772-1,PROV-225.772-1-3,HAS_PROVISION
SEC-225.772-1,PROV-225.772-1-4,HAS_PROVISION
SUBPART-225.7,SEC-225.772-2,HAS_SECTION
SEC-225.772-2,PROV-225.772-2-a,HAS_PROVISION
PROV-225.772-2-a,PROV-225.772-2-a-1,HAS_PROVISION
PROV-225.772-2-a-1,PROV-225.772-2-a-1-i,HAS_PROVISION
PROV-225.772-2-a-1-i,PROV-225.772-2-a-1-i-ii,HAS_PROVISION
PROV-225.772-2-a-1-i,PROV-225.772-2-a-1-i-iii,HAS_PROVISION
PROV-225.772-2-a-1,PROV-225.772-2-a-1-2,HAS_PROVISION
SEC-225.772-2,PROV-225.772-2-b,HAS_PROVISION
PROV-225.772-2-b,PROV-225.772-2-b-1,HAS_PROVISION
PROV-225.772-2-b-1,PROV-225.772-2-b-1-i,HAS_PROVISION
PROV-225.772-2-b-1-i,PROV-225.772-2-b-1-i-A,HAS_PROVISION
PROV-225.772-2-b-1-i,PROV-225.772-2-b-1-i-B,HAS_PROVISION
PROV-225.772-2-b-1,PROV-225.772-2-b-1-ii,HAS_PROVISION
PROV-225.772-2-b-1-ii,PROV-225.772-2-b-1-ii-A,HAS_PROVISION
PROV-225.772-2-b-1-ii,PROV-225.772-2-b-1-ii-B,HAS_PROVISION
PROV-225.772-2-b-1-ii-B,PROV-225.772-2-b-1-ii-B-1,HAS_PROVISION
PROV-225.772-2-b-1-ii-B,PROV-225.772-2-b-1-ii-B-2,HAS_PROVISION
PROV-225.772-2-b-1,PROV-225.772-2-b-1-2,HAS_PROVISION
SUBPART-225.7,SEC-225.772-3,HAS_SECTION
SEC-225.772-3,PROV-225.772-3-a,HAS_PROVISION
PROV-225.772-3-a,PROV-225.772-3-a-1,HAS_PROVISION
PROV-225.772-3-a-1,PROV-225.772-3-a-1-2,HAS_PROVISION
SEC-225.772-3,PROV-225.772-3-b,HAS_PROVISION
PROV-225.772-3-b,PROV-225.772-3-b-1,HAS_PROVISION
PROV-225.772-3-b,PROV-225.772-3-b-2,HAS_PROVISION
SEC-225.772-3,PROV-225.772-3-c,HAS_PROVISION
PROV-225.772-3-c,PROV-225.772-3-c-1,HAS_PROVISION
PROV-225.772-3-c-1,PROV-225.772-3-c-1-2,HAS_PROVISION
SUBPART-225.7,SEC-225.772-4,HAS_SECTION
SEC-225.772-4,PROV-225.772-4-a,HAS_PROVISION
PROV-225.772-4-a,PROV-225.772-4-a-1,HAS_PROVISION
PROV-225.772-4-a,PROV-225.772-4-a-2,HAS_PROVISION
SEC-225.772-4,PROV-225.772-4-b,HAS_PROVISION
SUBPART-225.7,SEC-225.772-5,HAS_SECTION
SEC-225.772-5,PROV-225.772-5-a,HAS_PROVISION
SEC-225.772-5,PROV-225.772-5-b,HAS_PROVISION
SEC-225.772-5,PROV-225.772-5-c,HAS_PROVISION
PART-225,SUBPART-225.8,HAS_SUBPART
SUBPART-225.8,SEC-225.802,HAS_SECTION
SEC-225.802,PROV-225.802-b,HAS_PROVISION
SUBPART-225.8,SEC-225.802-70,HAS_SECTION
SUBPART-225.8,SEC-225.802-71,HAS_SECTION
SUBPART-225.8,SEC-225.870,HAS_SECTION
SUBPART-225.8,SEC-225.870-1,HAS_SECTION
SEC-225.870-1,PROV-225.870-1-a,HAS_PROVISION
SEC-225.870-1,PROV-225.870-1-b,HAS_PROVISION
SEC-225.870-1,PROV-225.870-1-c,HAS_PROVISION
PROV-225.870-1-c,PROV-225.870-1-c-1,HAS_PROVISION
PROV-225.870-1-c,PROV-225.870-1-c-2,HAS_PROVISION
PROV-225.870-1-c,PROV-225.870-1-c-3,HAS_PROVISION
PROV-225.870-1-c,PROV-225.870-1-c-4,HAS_PROVISION
SEC-225.870-1,PROV-225.870-1-d,HAS_PROVISION
SUBPART-225.8,SEC-225.870-2,HAS_SECTION
SEC-225.870-2,PROV-225.870-2-a,HAS_PROVISION
SEC-225.870-2,PROV-225.870-2-b,HAS_PROVISION
SUBPART-225.8,SEC-225.870-3,HAS_SECTION
SEC-225.870-3,PROV-225.870-3-a,HAS_PROVISION
PROV-225.870-3-a,PROV-225.870-3-a-1,HAS_PROVISION
PROV-225.870-3-a,PROV-225.870-3-a-2,HAS_PROVISION
PROV-225.870-3-a,PROV-225.870-3-a-3,HAS_PROVISION
SEC-225.870-3,PROV-225.870-3-b,HAS_PROVISION
SEC-225.870-3,PROV-225.870-3-c,HAS_PROVISION
SEC-225.870-3,PROV-225.870-3-d,HAS_PROVISION
PROV-225.870-3-d,PROV-225.870-3-d-1,HAS_PROVISION
PROV-225.870-3-d,PROV-225.870-3-d-2,HAS_PROVISION
SUBPART-225.8,SEC-225.870-4,HAS_SECTION
SEC-225.870-4,PROV-225.870-4-a,HAS_PROVISION
SEC-225.870-4,PROV-225.870-4-b,HAS_PROVISION
SEC-225.870-4,PROV-225.870-4-c,HAS_PROVISION
PROV-225.870-4-c,PROV-225.870-4-c-2,HAS_PROVISION
PROV-225.870-4-c-2,PROV-225.870-4-c-2-i,HAS_PROVISION
PROV-225.870-4-c-2-i,PROV-225.870-4-c-2-i-A,HAS_PROVISION
PROV-225.870-4-c-2-i-A,PROV-225.870-4-c-2-i-A-1,HAS_PROVISION
PROV-225.870-4-c-2-i-A,PROV-225.870-4-c-2-i-A-2,HAS_PROVISION
PROV-225.870-4-c-2-i,PROV-225.870-4-c-2-i-B,HAS_PROVISION
PROV-225.870-4-c-2-i,PROV-225.870-4-c-2-i-C,HAS_PROVISION
PROV-225.870-4-c-2-i,PROV-225.870-4-c-2-i-D,HAS_PROVISION
PROV-225.870-4-c-2,PROV-225.870-4-c-2-ii,HAS_PROVISION
PROV-225.870-4-c,PROV-225.870-4-c-3,HAS_PROVISION
PROV-225.870-4-c,PROV-225.870-4-c-4,HAS_PROVISION
PROV-225.870-4-c,PROV-225.870-4-c-5,HAS_PROVISION
PROV-225.870-4-c-5,PROV-225.870-4-c-5-i,HAS_PROVISION
PROV-225.870-4-c-5,PROV-225.870-4-c-5-ii,HAS_PROVISION
PROV-225.870-4-c-5,PROV-225.870-4-c-5-iii,HAS_PROVISION
SEC-225.870-4,PROV-225.870-4-d,HAS_PROVISION
PROV-225.870-4-d,PROV-225.870-4-d-1,HAS_PROVISION
PROV-225.870-4-d,PROV-225.870-4-d-2,HAS_PROVISION
SUBPART-225.8,SEC-225.870-5,HAS_SECTION
SUBPART-225.8,SEC-225.870-6,HAS_SECTION
SUBPART-225.8,SEC-225.870-7,HAS_SECTION
SUBPART-225.8,SEC-225.870-8,HAS_SECTION
SUBPART-225.8,SEC-225.871,HAS_SECTION
SUBPART-225.8,SEC-225.871-1,HAS_SECTION
SUBPART-225.8,SEC-225.871-2,HAS_SECTION
SEC-225.871-2,PROV-225.871-2-a,HAS_PROVISION
PROV-225.871-2-a,PROV-225.871-2-a-1,HAS_PROVISION
PROV-225.871-2-a,PROV-225.871-2-a-2,HAS_PROVISION
PROV-225.871-2-a-2,PROV-225.871-2-a-2-3,HAS_PROVISION
PROV-225.871-2-a-2,PROV-225.871-2-a-2-i,HAS_PROVISION
PROV-225.871-2-a-2,PROV-225.871-2-a-2-ii,HAS_PROVISION
PROV-225.871-2-a-2,PROV-225.871-2-a-2-iii,HAS_PROVISION
SEC-225.871-2,PROV-225.871-2-b,HAS_PROVISION
SUBPART-225.8,SEC-225.871-3,HAS_SECTION
SEC-225.871-3,PROV-225.871-3-a,HAS_PROVISION
PROV-225.871-3-a,PROV-225.871-3-a-1,HAS_PROVISION
PROV-225.871-3-a,PROV-225.871-3-a-2,HAS_PROVISION
PROV-225.871-3-a,PROV-225.871-3-a-3,HAS_PROVISION
SEC-225.871-3,PROV-225.871-3-b,HAS_PROVISION
PROV-225.871-3-b,PROV-225.871-3-b-1,HAS_PROVISION
PROV-225.871-3-b,PROV-225.871-3-b-2,HAS_PROVISION
PROV-225.871-3-b,PROV-225.871-3-b-3,HAS_PROVISION
SUBPART-225.8,SEC-225.871-4,HAS_SECTION
SEC-225.871-4,PROV-225.871-4-a,HAS_PROVISION
PROV-225.871-4-a,PROV-225.871-4-a-1,HAS_PROVISION
PROV-225.871-4-a,PROV-225.871-4-a-2,HAS_PROVISION
PROV-225.871-4-a,PROV-225.871-4-a-3,HAS_PROVISION
PROV-225.871-4-a-3,PROV-225.871-4-a-3-i,HAS_PROVISION
PROV-225.871-4-a-3,PROV-225.871-4-a-3-ii,HAS_PROVISION
PROV-225.871-4-a,PROV-225.871-4-a-4,HAS_PROVISION
SEC-225.871-4,PROV-225.871-4-b,HAS_PROVISION
PROV-225.871-4-b,PROV-225.871-4-b-1,HAS_PROVISION
PROV-225.871-4-b,PROV-225.871-4-b-2,HAS_PROVISION
PROV-225.871-4-b,PROV-225.871-4-b-3,HAS_PROVISION
PROV-225.871-4-b,PROV-225.871-4-b-4,HAS_PROVISION
SEC-225.871-4,PROV-225.871-4-c,HAS_PROVISION
SEC-225.871-4,PROV-225.871-4-d,HAS_PROVISION
SUBPART-225.8,SEC-225.871-5,HAS_SECTION
SEC-225.871-5,PROV-225.871-5-a,HAS_PROVISION
SEC-225.871-5,PROV-225.871-5-b,HAS_PROVISION
SUBPART-225.8,SEC-225.871-6,HAS_SECTION
SUBPART-225.8,SEC-225.871-7,HAS_SECTION
SEC-225.871-7,PROV-225.871-7-a,HAS_PROVISION
PROV-225.871-7-a,PROV-225.871-7-a-1,HAS_PROVISION
PROV-225.871-7-a,PROV-225.871-7-a-2,HAS_PROVISION
SEC-225.871-7,PROV-225.871-7-b,HAS_PROVISION
SUBPART-225.8,SEC-225.872,HAS_SECTION
SUBPART-225.8,SEC-225.872-1,HAS_SECTION
SEC-225.872-1,PROV-225.872-1-a,HAS_PROVISION
SEC-225.872-1,PROV-225.872-1-b,HAS_PROVISION
SEC-225.872-1,PROV-225.872-1-c,HAS_PROVISION
SUBPART-225.8,SEC-225.872-2,HAS_SECTION
SEC-225.872-2,PROV-225.872-2-a,HAS_PROVISION
PROV-225.872-2-a,PROV-225.872-2-a-1,HAS_PROVISION
PROV-225.872-2-a,PROV-225.872-2-a-2,HAS_PROVISION
PROV-225.872-2-a-2,PROV-225.872-2-a-2-i,HAS_PROVISION
PROV-225.872-2-a-2,PROV-225.872-2-a-2-ii,HAS_PROVISION
PROV-225.872-2-a,PROV-225.872-2-a-3,HAS_PROVISION
PROV-225.872-2-a,PROV-225.872-2-a-4,HAS_PROVISION
SEC-225.872-2,PROV-225.872-2-b,HAS_PROVISION
SUBPART-225.8,SEC-225.872-3,HAS_SECTION
SEC-225.872-3,PROV-225.872-3-a,HAS_PROVISION
SEC-225.872-3,PROV-225.872-3-b,HAS_PROVISION
SEC-225.872-3,PROV-225.872-3-c,HAS_PROVISION
SEC-225.872-3,PROV-225.872-3-d,HAS_PROVISION
SEC-225.872-3,PROV-225.872-3-e,HAS_PROVISION
PROV-225.872-3-e,PROV-225.872-3-e-1,HAS_PROVISION
PROV-225.872-3-e,PROV-225.872-3-e-2,HAS_PROVISION
PROV-225.872-3-e,PROV-225.872-3-e-3,HAS_PROVISION
PROV-225.872-3-e,PROV-225.872-3-e-4,HAS_PROVISION
SEC-225.872-3,PROV-225.872-3-f,HAS_PROVISION
SUBPART-225.8,SEC-225.872-4,HAS_SECTION
SUBPART-225.8,SEC-225.872-5,HAS_SECTION
SEC-225.872-5,PROV-225.872-5-a,HAS_PROVISION
SEC-225.872-5,PROV-225.872-5-b,HAS_PROVISION
SEC-225.872-5,PROV-225.872-5-c,HAS_PROVISION
SUBPART-225.8,SEC-225.872-6,HAS_SECTION
SUBPART-225.8,SEC-225.872-7,HAS_SECTION
SUBPART-225.8,SEC-225.872-8,HAS_SECTION
SUBPART-225.8,SEC-225.873,HAS_SECTION
SUBPART-225.8,SEC-225.873-1,HAS_SECTION
SUBPART-225.8,SEC-225.873-2,HAS_SECTION
PART-225,SUBPART-225.9,HAS_SUBPART
SUBPART-225.9,SEC-225.900,HAS_SECTION
SUBPART-225.9,SEC-225.900-70,HAS_SECTION
SUBPART-225.9,SEC-225.901,HAS_SECTION
SEC-225.901,PROV-225.901-1,HAS_PROVISION
SEC-225.901,PROV-225.901-2,HAS_PROVISION
SEC-225.901,PROV-225.901-3,HAS_PROVISION
SUBPART-225.9,SEC-225.902,HAS_SECTION
SUBPART-225.9,SEC-225.903,HAS_SECTION
SEC-225.903,PROV-225.903-b,HAS_PROVISION
PROV-225.903-b,PROV-225.903-b-i,HAS_PROVISION
PROV-225.903-b-i,PROV-225.903-b-i-ii,HAS_PROVISION
PART-225,SUBPART-225.10,HAS_SUBPART
SUBPART-225.10,SEC-225.1070,HAS_SECTION
PART-225,SUBPART-225.11,HAS_SUBPART
SUBPART-225.11,SEC-225.1100,HAS_SECTION
SUBPART-225.11,SEC-225.1101,HAS_SECTION
SEC-225.1101,PROV-225.1101-1,HAS_PROVISION
PROV-225.1101-1,PROV-225.1101-1-i,HAS_PROVISION
PROV-225.1101-1,PROV-225.1101-1-ii,HAS_PROVISION
SEC-225.1101,PROV-225.1101-2,HAS_PROVISION
PROV-225.1101-2,PROV-225.1101-2-i,HAS_PROVISION
PROV-225.1101-2-i,PROV-225.1101-2-i-A,HAS_PROVISION
PROV-225.1101-2-i,PROV-225.1101-2-i-B,HAS_PROVISION
PROV-225.1101-2-i,PROV-225.1101-2-i-C,HAS_PROVISION
PROV-225.1101-2-i,PROV-225.1101-2-i-D,HAS_PROVISION
PROV-225.1101-2-i,PROV-225.1101-2-i-E,HAS_PROVISION
PROV-225.1101-2-i-E,PROV-225.1101-2-i-E-1,HAS_PROVISION
PROV-225.1101-2-i-E,PROV-225.1101-2-i-E-2,HAS_PROVISION
PROV-225.1101-2-i,PROV-225.1101-2-i-F,HAS_PROVISION
PROV-225.1101-2-i,PROV-225.1101-2-i-ii,HAS_PROVISION
PROV-225.1101-2-i,PROV-225.1101-2-i-iii,HAS_PROVISION
PROV-225.1101-2-i,PROV-225.1101-2-i-iv,HAS_PROVISION
PROV-225.1101-2-i-iv,PROV-225.1101-2-i-iv-A,HAS_PROVISION
PROV-225.1101-2-i-iv,PROV-225.1101-2-i-iv-B,HAS_PROVISION
PROV-225.1101-2-i,PROV-225.1101-2-i-v,HAS_PROVISION
PROV-225.1101-2-i-v,PROV-225.1101-2-i-v-A,HAS_PROVISION
PROV-225.1101-2-i-v,PROV-225.1101-2-i-v-B,HAS_PROVISION
SEC-225.1101,PROV-225.1101-3,HAS_PROVISION
PROV-225.1101-3,PROV-225.1101-3-i,HAS_PROVISION
PROV-225.1101-3,PROV-225.1101-3-ii,HAS_PROVISION
PROV-225.1101-3,PROV-225.1101-3-iii,HAS_PROVISION
SEC-225.1101,PROV-225.1101-4,HAS_PROVISION
SEC-225.1101,PROV-225.1101-5,HAS_PROVISION
PROV-225.1101-5,PROV-225.1101-5-i,HAS_PROVISION
PROV-225.1101-5,PROV-225.1101-5-ii,HAS_PROVISION
SEC-225.1101,PROV-225.1101-6,HAS_PROVISION
PROV-225.1101-6,PROV-225.1101-6-i,HAS_PROVISION
PROV-225.1101-6,PROV-225.1101-6-ii,HAS_PROVISION
PROV-225.1101-6,PROV-225.1101-6-iii,HAS_PROVISION
PROV-225.1101-6,PROV-225.1101-6-iv,HAS_PROVISION
PROV-225.1101-6-iv,PROV-225.1101-6-iv-A,HAS_PROVISION
PROV-225.1101-6-iv,PROV-225.1101-6-iv-B,HAS_PROVISION
PROV-225.1101-6,PROV-225.1101-6-v,HAS_PROVISION
PROV-225.1101-6-v,PROV-225.1101-6-v-A,HAS_PROVISION
PROV-225.1101-6-v,PROV-225.1101-6-v-B,HAS_PROVISION
PROV-225.1101-6,PROV-225.1101-6-vi,HAS_PROVISION
SEC-225.1101,PROV-225.1101-7,HAS_PROVISION
PROV-225.1101-7,PROV-225.1101-7-i,HAS_PROVISION
PROV-225.1101-7,PROV-225.1101-7-ii,HAS_PROVISION
SEC-225.1101,PROV-225.1101-8,HAS_PROVISION
PROV-225.1101-8,PROV-225.1101-8-i,HAS_PROVISION
PROV-225.1101-8,PROV-225.1101-8-ii,HAS_PROVISION
SEC-225.1101,PROV-225.1101-9,HAS_PROVISION
PROV-225.1101-9,PROV-225.1101-9-i,HAS_PROVISION
PROV-225.1101-9,PROV-225.1101-9-ii,HAS_PROVISION
PROV-225.1101-9,PROV-225.1101-9-iii,HAS_PROVISION
PROV-225.1101-9,PROV-225.1101-9-iv,HAS_PROVISION
PROV-225.1101-9,PROV-225.1101-9-v,HAS_PROVISION
PROV-225.1101-9,PROV-225.1101-9-vi,HAS_PROVISION
SEC-225.1101,PROV-225.1101-10,HAS_PROVISION
PROV-225.1101-10,PROV-225.1101-10-i,HAS_PROVISION
PROV-225.1101-10-i,PROV-225.1101-10-i-A,HAS_PROVISION
PROV-225.1101-10-i,PROV-225.1101-10-i-B,HAS_PROVISION
PROV-225.1101-10-i,PROV-225.1101-10-i-C,HAS_PROVISION
PROV-225.1101-10-i,PROV-225.1101-10-i-D,HAS_PROVISION
PROV-225.1101-10-i,PROV-225.1101-10-i-E,HAS_PROVISION
PROV-225.1101-10-i,PROV-225.1101-10-i-F,HAS_PROVISION
PROV-225.1101-10-i,PROV-225.1101-10-i-G,HAS_PROVISION
PROV-225.1101-10-i-G,PROV-225.1101-10-i-G-1,HAS_PROVISION
PROV-225.1101-10-i-G,PROV-225.1101-10-i-G-2,HAS_PROVISION
PROV-225.1101-10-i,PROV-225.1101-10-i-H,HAS_PROVISION
PROV-225.1101-10-i-H,PROV-225.1101-10-i-H-1,HAS_PROVISION
PROV-225.1101-10-i-H,PROV-225.1101-10-i-H-2,HAS_PROVISION
PROV-225.1101-10-i,PROV-225.1101-10-i-I,HAS_PROVISION
PROV-225.1101-10-i-I,PROV-225.1101-10-i-I-1,HAS_PROVISION
PROV-225.1101-10-i-I,PROV-225.1101-10-i-I-2,HAS_PROVISION
PROV-225.1101-10-i-I,PROV-225.1101-10-i-I-3,HAS_PROVISION
PROV-225.1101-10-i,PROV-225.1101-10-i-J,HAS_PROVISION
PROV-225.1101-10-i-J,PROV-225.1101-10-i-J-1,HAS_PROVISION
PROV-225.1101-10-i-J,PROV-225.1101-10-i-J-2,HAS_PROVISION
PROV-225.1101-10-i-J,PROV-225.1101-10-i-J-3,HAS_PROVISION
PROV-225.1101-10-i,PROV-225.1101-10-i-K,HAS_PROVISION
PROV-225.1101-10-i-K,PROV-225.1101-10-i-K-1,HAS_PROVISION
PROV-225.1101-10-i-K,PROV-225.1101-10-i-K-2,HAS_PROVISION
PROV-225.1101-10-i,PROV-225.1101-10-i-L,HAS_PROVISION
PROV-225.1101-10-i-L,PROV-225.1101-10-i-L-1,HAS_PROVISION
PROV-225.1101-10-i-L,PROV-225.1101-10-i-L-2,HAS_PROVISION
PROV-225.1101-10-i-L,PROV-225.1101-10-i-L-3,HAS_PROVISION
PROV-225.1101-10-i,PROV-225.1101-10-i-ii,HAS_PROVISION
PROV-225.1101-10-i-ii,PROV-225.1101-10-i-ii-A,HAS_PROVISION
PROV-225.1101-10-i-ii,PROV-225.1101-10-i-ii-B,HAS_PROVISION
PROV-225.1101-10-i-ii,PROV-225.1101-10-i-ii-C,HAS_PROVISION
PROV-225.1101-10-i,PROV-225.1101-10-i-iii,HAS_PROVISION
SUBPART-225.11,SEC-225.1103,HAS_SECTION
SEC-225.1103,PROV-225.1103-1,HAS_PROVISION
PROV-225.1103-1,PROV-225.1103-1-i,HAS_PROVISION
PROV-225.1103-1,PROV-225.1103-1-ii,HAS_PROVISION
PROV-225.1103-1-ii,PROV-225.1103-1-ii-A,HAS_PROVISION
PROV-225.1103-1-ii,PROV-225.1103-1-ii-B,HAS_PROVISION
PROV-225.1103-1-ii,PROV-225.1103-1-ii-C,HAS_PROVISION
SEC-225.1103,PROV-225.1103-2,HAS_PROVISION
SEC-225.1103,PROV-225.1103-3,HAS_PROVISION
SEC-225.1103,PROV-225.1103-4,HAS_PROVISION
PART-225,SUBPART-225.70,HAS_SUBPART
SUBPART-225.70,SEC-225.7000,HAS_SECTION
SEC-225.7000,PROV-225.7000-a,HAS_PROVISION
SEC-225.7000,PROV-225.7000-b,HAS_PROVISION
SUBPART-225.70,SEC-225.7001,HAS_SECTION
SEC-225.7001,PROV-225.7001-1,HAS_PROVISION
SEC-225.7001,PROV-225.7001-2,HAS_PROVISION
SEC-225.7001,PROV-225.7001-3,HAS_PROVISION
SEC-225.7001,PROV-225.7001-4,HAS_PROVISION
SUBPART-225.70,SEC-225.7002,HAS_SECTION
SUBPART-225.70,SEC-225.7002-1,HAS_SECTION
SEC-225.7002-1,PROV-225.7002-1-a,HAS_PROVISION
PROV-225.7002-1-a,PROV-225.7002-1-a-1,HAS_PROVISION
PROV-225.7002-1-a-1,PROV-225.7002-1-a-1-i,HAS_PROVISION
PROV-225.7002-1-a-1,PROV-225.7002-1-a-1-ii,HAS_PROVISION
PROV-225.7002-1-a-1,PROV-225.7002-1-a-1-iii,HAS_PROVISION
PROV-225.7002-1-a-1-iii,PROV-225.7002-1-a-1-iii-A,HAS_PROVISION
PROV-225.7002-1-a-1-iii-A,PROV-225.7002-1-a-1-iii-A-B,HAS_PROVISION
PROV-225.7002-1-a-1-iii-A,PROV-225.7002-1-a-1-iii-A-C,HAS_PROVISION
PROV-225.7002-1-a-1,PROV-225.7002-1-a-1-iv,HAS_PROVISION
PROV-225.7002-1-a-1,PROV-225.7002-1-a-1-v,HAS_PROVISION
PROV-225.7002-1-a-1,PROV-225.7002-1-a-1-vi,HAS_PROVISION
PROV-225.7002-1-a-1,PROV-225.7002-1-a-1-vii,HAS_PROVISION
PROV-225.7002-1-a-1-vii,PROV-225.7002-1-a-1-vii-viii,HAS_PROVISION
PROV-225.7002-1-a-1-vii,PROV-225.7002-1-a-1-vii-ix,HAS_PROVISION
PROV-225.7002-1-a-1-vii,PROV-225.7002-1-a-1-vii-x,HAS_PROVISION
PROV-225.7002-1-a-1,PROV-225.7002-1-a-1-2,HAS_PROVISION
SEC-225.7002-1,PROV-225.7002-1-b,HAS_PROVISION
SUBPART-225.70,SEC-225.7002-2,HAS_SECTION
SEC-225.7002-2,PROV-225.7002-2-a,HAS_PROVISION
SEC-225.7002-2,PROV-225.7002-2-b,HAS_PROVISION
PROV-225.7002-2-b,PROV-225.7002-2-b-1,HAS_PROVISION
PROV-225.7002-2-b-1,PROV-225.7002-2-b-1-i,HAS_PROVISION
PROV-225.7002-2-b-1,PROV-225.7002-2-b-1-ii,HAS_PROVISION
PROV-225.7002-2-b-1,PROV-225.7002-2-b-1-iii,HAS_PROVISION
PROV-225.7002-2-b-1,PROV-225.7002-2-b-1-iv,HAS_PROVISION
PROV-225.7002-2-b-1,PROV-225.7002-2-b-1-v,HAS_PROVISION
PROV-225.7002-2-b,PROV-225.7002-2-b-2,HAS_PROVISION
PROV-225.7002-2-b,PROV-225.7002-2-b-3,HAS_PROVISION
SEC-225.7002-2,PROV-225.7002-2-c,HAS_PROVISION
SEC-225.7002-2,PROV-225.7002-2-d,HAS_PROVISION
SEC-225.7002-2,PROV-225.7002-2-e,HAS_PROVISION
SEC-225.7002-2,PROV-225.7002-2-f,HAS_PROVISION
PROV-225.7002-2-f,PROV-225.7002-2-f-1,HAS_PROVISION
PROV-225.7002-2-f,PROV-225.7002-2-f-2,HAS_PROVISION
SEC-225.7002-2,PROV-225.7002-2-g,HAS_PROVISION
SEC-225.7002-2,PROV-225.7002-2-h,HAS_PROVISION
PROV-225.7002-2-h,PROV-225.7002-2-h-i,HAS_PROVISION
SEC-225.7002-2,PROV-225.7002-2-j,HAS_PROVISION
PROV-225.7002-2-j,PROV-225.7002-2-j-1,HAS_PROVISION
PROV-225.7002-2-j,PROV-225.7002-2-j-2,HAS_PROVISION
SEC-225.7002-2,PROV-225.7002-2-k,HAS_PROVISION
SEC-225.7002-2,PROV-225.7002-2-l,HAS_PROVISION
SEC-225.7002-2,PROV-225.7002-2-m,HAS_PROVISION
PROV-225.7002-2-m,PROV-225.7002-2-m-1,HAS_PROVISION
PROV-225.7002-2-m-1,PROV-225.7002-2-m-1-i,HAS_PROVISION
PROV-225.7002-2-m-1,PROV-225.7002-2-m-1-ii,HAS_PROVISION
PROV-225.7002-2-m-1,PROV-225.7002-2-m-1-iii,HAS_PROVISION
PROV-225.7002-2-m-1,PROV-225.7002-2-m-1-iv,HAS_PROVISION
PROV-225.7002-2-m,PROV-225.7002-2-m-2,HAS_PROVISION
SEC-225.7002-2,PROV-225.7002-2-n,HAS_PROVISION
SEC-225.7002-2,PROV-225.7002-2-o,HAS_PROVISION
SUBPART-225.70,SEC-225.7002-3,HAS_SECTION
SEC-225.7002-3,PROV-225.7002-3-a,HAS_PROVISION
SEC-225.7002-3,PROV-225.7002-3-b,HAS_PROVISION
SEC-225.7002-3,PROV-225.7002-3-c,HAS_PROVISION
SUBPART-225.70,SEC-225.7003,HAS_SECTION
SUBPART-225.70,SEC-225.7003-1,HAS_SECTION
SEC-225.7003-1,PROV-225.7003-1-1,HAS_PROVISION
SEC-225.7003-1,PROV-225.7003-1-2,HAS_PROVISION
PROV-225.7003-1-1,PROV-225.7003-1-1-i,HAS_PROVISION
PROV-225.7003-1-1,PROV-225.7003-1-1-ii,HAS_PROVISION
PROV-225.7003-1-1,PROV-225.7003-1-1-iii,HAS_PROVISION
PROV-225.7003-1-2,PROV-225.7003-1-2-i,HAS_PROVISION
PROV-225.7003-1-2,PROV-225.7003-1-2-ii,HAS_PROVISION
SEC-225.7003-1,PROV-225.7003-1-3,HAS_PROVISION
SEC-225.7003-1,PROV-225.7003-1-4,HAS_PROVISION
SUBPART-225.70,SEC-225.7003-2,HAS_SECTION
SEC-225.7003-2,PROV-225.7003-2-a,HAS_PROVISION
PROV-225.7003-2-a,PROV-225.7003-2-a-1,HAS_PROVISION
PROV-225.7003-2-a-1,PROV-225.7003-2-a-1-i,HAS_PROVISION
PROV-225.7003-2-a-1,PROV-225.7003-2-a-1-ii,HAS_PROVISION
PROV-225.7003-2-a-1,PROV-225.7003-2-a-1-iii,HAS_PROVISION
PROV-225.7003-2-a-1,PROV-225.7003-2-a-1-iv,HAS_PROVISION
PROV-225.7003-2-a-1,PROV-225.7003-2-a-1-v,HAS_PROVISION
PROV-225.7003-2-a-1,PROV-225.7003-2-a-1-vi,HAS_PROVISION
PROV-225.7003-2-a,PROV-225.7003-2-a-2,HAS_PROVISION
SEC-225.7003-2,PROV-225.7003-2-b,HAS_PROVISION
SUBPART-225.70,SEC-225.7003-3,HAS_SECTION
SEC-225.7003-3,PROV-225.7003-3-a,HAS_PROVISION
PROV-225.7003-3-a,PROV-225.7003-3-a-1,HAS_PROVISION
PROV-225.7003-3-a,PROV-225.7003-3-a-2,HAS_PROVISION
PROV-225.7003-3-a,PROV-225.7003-3-a-3,HAS_PROVISION
PROV-225.7003-3-a,PROV-225.7003-3-a-4,HAS_PROVISION
PROV-225.7003-3-a,PROV-225.7003-3-a-5,HAS_PROVISION
PROV-225.7003-3-a-5,PROV-225.7003-3-a-5-6,HAS_PROVISION
PROV-225.7003-3-a,PROV-225.7003-3-a-b,HAS_PROVISION
PROV-225.7003-3-a-b,PROV-225.7003-3-a-b-1,HAS_PROVISION
PROV-225.7003-3-a-b,PROV-225.7003-3-a-b-2,HAS_PROVISION
PROV-225.7003-3-a-b-2,PROV-225.7003-3-a-b-2-i,HAS_PROVISION
PROV-225.7003-3-a-b-2-i,PROV-225.7003-3-a-b-2-i-A,HAS_PROVISION
PROV-225.7003-3-a-b-2-i,PROV-225.7003-3-a-b-2-i-B,HAS_PROVISION
PROV-225.7003-3-a-b-2-i,PROV-225.7003-3-a-b-2-i-C,HAS_PROVISION
PROV-225.7003-3-a-b-2-i,PROV-225.7003-3-a-b-2-i-D,HAS_PROVISION
PROV-225.7003-3-a-b-2-i-D,PROV-225.7003-3-a-b-2-i-D-1,HAS_PROVISION
PROV-225.7003-3-a-b-2-i-D,PROV-225.7003-3-a-b-2-i-D-2,HAS_PROVISION
PROV-225.7003-3-a-b-2-i,PROV-225.7003-3-a-b-2-i-ii,HAS_PROVISION
PROV-225.7003-3-a-b,PROV-225.7003-3-a-b-3,HAS_PROVISION
PROV-225.7003-3-a-b,PROV-225.7003-3-a-b-4,HAS_PROVISION
PROV-225.7003-3-a-b,PROV-225.7003-3-a-b-5,HAS_PROVISION
PROV-225.7003-3-a-b-5,PROV-225.7003-3-a-b-5-i,HAS_PROVISION
PROV-225.7003-3-a-b-5,PROV-225.7003-3-a-b-5-ii,HAS_PROVISION
PROV-225.7003-3-a-b-5-ii,PROV-225.7003-3-a-b-5-ii-A,HAS_PROVISION
PROV-225.7003-3-a-b-5-ii-A,PROV-225.7003-3-a-b-5-ii-A-1,HAS_PROVISION
PROV-225.7003-3-a-b-5-ii-A,PROV-225.7003-3-a-b-5-ii-A-2,HAS_PROVISION
PROV-225.7003-3-a-b-5-ii,PROV-225.7003-3-a-b-5-ii-B,HAS_PROVISION
PROV-225.7003-3-a-b-5-ii-B,PROV-225.7003-3-a-b-5-ii-B-1,HAS_PROVISION
PROV-225.7003-3-a-b-5-ii-B,PROV-225.7003-3-a-b-5-ii-B-2,HAS_PROVISION
PROV-225.7003-3-a-b-5-ii-B,PROV-225.7003-3-a-b-5-ii-B-3,HAS_PROVISION
PROV-225.7003-3-a-b,PROV-225.7003-3-a-b-6,HAS_PROVISION
PROV-225.7003-3-a-b,PROV-225.7003-3-a-b-c,HAS_PROVISION
PROV-225.7003-3-a-b-c,PROV-225.7003-3-a-b-c-1,HAS_PROVISION
PROV-225.7003-3-a-b-c,PROV-225.7003-3-a-b-c-2,HAS_PROVISION
PROV-225.7003-3-a-b,PROV-225.7003-3-a-b-d,HAS_PROVISION
PROV-225.7003-3-a-b-d,PROV-225.7003-3-a-b-d-1,HAS_PROVISION
PROV-225.7003-3-a-b-d-1,PROV-225.7003-3-a-b-d-1-i,HAS_PROVISION
PROV-225.7003-3-a-b-d-1,PROV-225.7003-3-a-b-d-1-ii,HAS_PROVISION
PROV-225.7003-3-a-b-d-1,PROV-225.7003-3-a-b-d-1-iii,HAS_PROVISION
PROV-225.7003-3-a-b-d,PROV-225.7003-3-a-b-d-2,HAS_PROVISION
PROV-225.7003-3-a-b-d-2,PROV-225.7003-3-a-b-d-2-i,HAS_PROVISION
PROV-225.7003-3-a-b-d-2,PROV-225.7003-3-a-b-d-2-ii,HAS_PROVISION
PROV-225.7003-3-a-b-d,PROV-225.7003-3-a-b-d-3,HAS_PROVISION
SUBPART-225.70,SEC-225.7003-4,HAS_SECTION
SUBPART-225.70,SEC-225.7003-5,HAS_SECTION
SEC-225.7003-5,PROV-225.7003-5-a,HAS_PROVISION
PROV-225.7003-5-a,PROV-225.7003-5-a-1,HAS_PROVISION
PROV-225.7003-5-a-1,PROV-225.7003-5-a-1-i,HAS_PROVISION
PROV-225.7003-5-a-1,PROV-225.7003-5-a-1-ii,HAS_PROVISION
PROV-225.7003-5-a,PROV-225.7003-5-a-2,HAS_PROVISION
PROV-225.7003-5-a-2,PROV-225.7003-5-a-2-i,HAS_PROVISION
PROV-225.7003-5-a-2,PROV-225.7003-5-a-2-ii,HAS_PROVISION
PROV-225.7003-5-a-2-ii,PROV-225.7003-5-a-2-ii-A,HAS_PROVISION
PROV-225.7003-5-a-2-ii,PROV-225.7003-5-a-2-ii-B,HAS_PROVISION
PROV-225.7003-5-a-2-ii,PROV-225.7003-5-a-2-ii-C,HAS_PROVISION
PROV-225.7003-5-a-2-ii,PROV-225.7003-5-a-2-ii-D,HAS_PROVISION
PROV-225.7003-5-a-2-ii,PROV-225.7003-5-a-2-ii-E,HAS_PROVISION
PROV-225.7003-5-a-2-ii,PROV-225.7003-5-a-2-ii-F,HAS_PROVISION
SEC-225.7003-5,PROV-225.7003-5-b,HAS_PROVISION
PROV-225.7003-5-b,PROV-225.7003-5-b-1,HAS_PROVISION
PROV-225.7003-5-b,PROV-225.7003-5-b-2,HAS_PROVISION
SEC-225.7003-5,PROV-225.7003-5-c,HAS_PROVISION
SEC-225.7003-5,PROV-225.7003-5-d,HAS_PROVISION
SUBPART-225.70,SEC-225.7004,HAS_SECTION
SUBPART-225.70,SEC-225.7004-0,HAS_SECTION
SUBPART-225.70,SEC-225.7004-1,HAS_SECTION
SUBPART-225.70,SEC-225.7004-2,HAS_SECTION
SEC-225.7004-2,PROV-225.7004-2-a,HAS_PROVISION
SEC-225.7004-2,PROV-225.7004-2-b,HAS_PROVISION
PROV-225.7004-2-b,PROV-225.7004-2-b-1,HAS_PROVISION
PROV-225.7004-2-b,PROV-225.7004-2-b-2,HAS_PROVISION
PROV-225.7004-2-b,PROV-225.7004-2-b-3,HAS_PROVISION
PROV-225.7004-2-b,PROV-225.7004-2-b-4,HAS_PROVISION
PROV-225.7004-2-b,PROV-225.7004-2-b-5,HAS_PROVISION
PROV-225.7004-2-b,PROV-225.7004-2-b-6,HAS_PROVISION
SEC-225.7004-2,PROV-225.7004-2-c,HAS_PROVISION
SEC-225.7004-2,PROV-225.7004-2-d,HAS_PROVISION
PROV-225.7004-2-d,PROV-225.7004-2-d-1,HAS_PROVISION
PROV-225.7004-2-d,PROV-225.7004-2-d-2,HAS_PROVISION
PROV-225.7004-2-d,PROV-225.7004-2-d-3,HAS_PROVISION
PROV-225.7004-2-d,PROV-225.7004-2-d-4,HAS_PROVISION
SEC-225.7004-2,PROV-225.7004-2-e,HAS_PROVISION
SUBPART-225.70,SEC-225.7004-3,HAS_SECTION
SEC-225.7004-3,PROV-225.7004-3-a,HAS_PROVISION
SEC-225.7004-3,PROV-225.7004-3-b,HAS_PROVISION
PROV-225.7004-3-b,PROV-225.7004-3-b-1,HAS_PROVISION
PROV-225.7004-3-b,PROV-225.7004-3-b-2,HAS_PROVISION
PROV-225.7004-3-b,PROV-225.7004-3-b-3,HAS_PROVISION
SEC-225.7004-3,PROV-225.7004-3-c,HAS_PROVISION
SEC-225.7004-3,PROV-225.7004-3-d,HAS_PROVISION
SEC-225.7004-3,PROV-225.7004-3-e,HAS_PROVISION
SUBPART-225.70,SEC-225.7004-4,HAS_SECTION
SEC-225.7004-4,PROV-225.7004-4-a,HAS_PROVISION
SEC-225.7004-4,PROV-225.7004-4-b,HAS_PROVISION
SUBPART-225.70,SEC-225.7004-5,HAS_SECTION
SEC-225.7004-5,PROV-225.7004-5-a,HAS_PROVISION
PROV-225.7004-5-a,PROV-225.7004-5-a-1,HAS_PROVISION
PROV-225.7004-5-a,PROV-225.7004-5-a-2,HAS_PROVISION
SEC-225.7004-5,PROV-225.7004-5-b,HAS_PROVISION
SUBPART-225.70,SEC-225.7004-6,HAS_SECTION
SEC-225.7004-6,PROV-225.7004-6-a,HAS_PROVISION
PROV-225.7004-6-a,PROV-225.7004-6-a-1,HAS_PROVISION
PROV-225.7004-6-a-1,PROV-225.7004-6-a-1-i,HAS_PROVISION
PROV-225.7004-6-a-1,PROV-225.7004-6-a-1-ii,HAS_PROVISION
PROV-225.7004-6-a,PROV-225.7004-6-a-2,HAS_PROVISION
PROV-225.7004-6-a-2,PROV-225.7004-6-a-2-i,HAS_PROVISION
PROV-225.7004-6-a-2,PROV-225.7004-6-a-2-ii,HAS_PROVISION
PROV-225.7004-6-a,PROV-225.7004-6-a-3,HAS_PROVISION
SEC-225.7004-6,PROV-225.7004-6-b,HAS_PROVISION
SEC-225.7004-6,PROV-225.7004-6-c,HAS_PROVISION
PROV-225.7004-6-c,PROV-225.7004-6-c-1,HAS_PROVISION
PROV-225.7004-6-c-1,PROV-225.7004-6-c-1-i,HAS_PROVISION
PROV-225.7004-6-c-1-i,PROV-225.7004-6-c-1-i-A,HAS_PROVISION
PROV-225.7004-6-c-1-i,PROV-225.7004-6-c-1-i-B,HAS_PROVISION
PROV-225.7004-6-c-1-i,PROV-225.7004-6-c-1-i-ii,HAS_PROVISION
PROV-225.7004-6-c-1-i,PROV-225.7004-6-c-1-i-iii,HAS_PROVISION
PROV-225.7004-6-c-1-i,PROV-225.7004-6-c-1-i-iv,HAS_PROVISION
PROV-225.7004-6-c-1-i-iv,PROV-225.7004-6-c-1-i-iv-A,HAS_PROVISION
PROV-225.7004-6-c-1-i-iv,PROV-225.7004-6-c-1-i-iv-B,HAS_PROVISION
PROV-225.7004-6-c,PROV-225.7004-6-c-2,HAS_PROVISION
PROV-225.7004-6-c-2,PROV-225.7004-6-c-2-i,HAS_PROVISION
PROV-225.7004-6-c-2,PROV-225.7004-6-c-2-ii,HAS_PROVISION
PROV-225.7004-6-c-2,PROV-225.7004-6-c-2-iii,HAS_PROVISION
PROV-225.7004-6-c-2,PROV-225.7004-6-c-2-iv,HAS_PROVISION
PROV-225.7004-6-c-2,PROV-225.7004-6-c-2-v,HAS_PROVISION
PROV-225.7004-6-c,PROV-225.7004-6-c-3,HAS_PROVISION
SUBPART-225.70,SEC-225.7004-7,HAS_SECTION
SEC-225.7004-7,PROV-225.7004-7-a,HAS_PROVISION
SEC-225.7004-7,PROV-225.7004-7-b,HAS_PROVISION
PROV-225.7004-7-b,PROV-225.7004-7-b-1,HAS_PROVISION
PROV-225.7004-7-b,PROV-225.7004-7-b-2,HAS_PROVISION
SEC-225.7004-7,PROV-225.7004-7-c,HAS_PROVISION
SEC-225.7004-7,PROV-225.7004-7-d,HAS_PROVISION
PROV-225.7004-7-d,PROV-225.7004-7-d-1,HAS_PROVISION
PROV-225.7004-7-d,PROV-225.7004-7-d-2,HAS_PROVISION
SUBPART-225.70,SEC-225.7005,HAS_SECTION
SUBPART-225.70,SEC-225.7006,HAS_SECTION
SUBPART-225.70,SEC-225.7007,HAS_SECTION
SUBPART-225.70,SEC-225.7008,HAS_SECTION
SUBPART-225.70,SEC-225.7009,HAS_SECTION
SUBPART-225.70,SEC-225.7009-1,HAS_SECTION
SUBPART-225.70,SEC-225.7009-2,HAS_SECTION
SEC-225.7009-2,PROV-225.7009-2-a,HAS_PROVISION
PROV-225.7009-2-a,PROV-225.7009-2-a-1,HAS_PROVISION
PROV-225.7009-2-a,PROV-225.7009-2-a-2,HAS_PROVISION
SEC-225.7009-2,PROV-225.7009-2-b,HAS_PROVISION
SUBPART-225.70,SEC-225.7009-3,HAS_SECTION
SUBPART-225.70,SEC-225.7009-4,HAS_SECTION
SEC-225.7009-4,PROV-225.7009-4-a,HAS_PROVISION
SEC-225.7009-4,PROV-225.7009-4-b,HAS_PROVISION
SUBPART-225.70,SEC-225.7009-5,HAS_SECTION
SEC-225.7009-5,PROV-225.7009-5-a,HAS_PROVISION
SEC-225.7009-5,PROV-225.7009-5-b,HAS_PROVISION
SEC-225.7009-5,PROV-225.7009-5-c,HAS_PROVISION
SUBPART-225.70,SEC-225.7010,HAS_SECTION
SUBPART-225.70,SEC-225.7011,HAS_SECTION
SUBPART-225.70,SEC-225.7011-1,HAS_SECTION
SEC-225.7011-1,PROV-225.7011-1-a,HAS_PROVISION
PROV-225.7011-1-a,PROV-225.7011-1-a-1,HAS_PROVISION
PROV-225.7011-1-a,PROV-225.7011-1-a-2,HAS_PROVISION
SEC-225.7011-1,PROV-225.7011-1-b,HAS_PROVISION
PROV-225.7011-1-b,PROV-225.7011-1-b-1,HAS_PROVISION
PROV-225.7011-1-b,PROV-225.7011-1-b-2,HAS_PROVISION
SUBPART-225.70,SEC-225.7011-2,HAS_SECTION
SEC-225.7011-2,PROV-225.7011-2-a,HAS_PROVISION
SEC-225.7011-2,PROV-225.7011-2-b,HAS_PROVISION
SUBPART-225.70,SEC-225.7011-3,HAS_SECTION
SEC-225.7011-3,PROV-225.7011-3-a,HAS_PROVISION
SEC-225.7011-3,PROV-225.7011-3-b,HAS_PROVISION
SUBPART-225.70,SEC-225.7012,HAS_SECTION
SUBPART-225.70,SEC-225.7012-1,HAS_SECTION
SUBPART-225.70,SEC-225.7012-2,HAS_SECTION
SEC-225.7012-2,PROV-225.7012-2-a,HAS_PROVISION
SEC-225.7012-2,PROV-225.7012-2-b,HAS_PROVISION
SUBPART-225.70,SEC-225.7012-3,HAS_SECTION
SUBPART-225.70,SEC-225.7013,HAS_SECTION
SUBPART-225.70,SEC-225.7013-0,HAS_SECTION
SUBPART-225.70,SEC-225.7013-1,HAS_SECTION
SEC-225.7013-1,PROV-225.7013-1-1,HAS_PROVISION
SEC-225.7013-1,PROV-225.7013-1-2,HAS_PROVISION
SEC-225.7013-1,PROV-225.7013-1-3,HAS_PROVISION
SUBPART-225.70,SEC-225.7013-2,HAS_SECTION
SEC-225.7013-2,PROV-225.7013-2-a,HAS_PROVISION
PROV-225.7013-2-a,PROV-225.7013-2-a-1,HAS_PROVISION
PROV-225.7013-2-a,PROV-225.7013-2-a-2,HAS_PROVISION
SEC-225.7013-2,PROV-225.7013-2-b,HAS_PROVISION
PROV-225.7013-2-b,PROV-225.7013-2-b-1,HAS_PROVISION
PROV-225.7013-2-b,PROV-225.7013-2-b-2,HAS_PROVISION
PROV-225.7013-2-b-2,PROV-225.7013-2-b-2-i,HAS_PROVISION
PROV-225.7013-2-b-2,PROV-225.7013-2-b-2-ii,HAS_PROVISION
PROV-225.7013-2-b,PROV-225.7013-2-b-3,HAS_PROVISION
PROV-225.7013-2-b-3,PROV-225.7013-2-b-3-i,HAS_PROVISION
PROV-225.7013-2-b-3-i,PROV-225.7013-2-b-3-i-A,HAS_PROVISION
PROV-225.7013-2-b-3-i,PROV-225.7013-2-b-3-i-B,HAS_PROVISION
PROV-225.7013-2-b-3-i,PROV-225.7013-2-b-3-i-C,HAS_PROVISION
PROV-225.7013-2-b-3,PROV-225.7013-2-b-3-ii,HAS_PROVISION
PROV-225.7013-2-b-3,PROV-225.7013-2-b-3-iii,HAS_PROVISION
SUBPART-225.70,SEC-225.7014,HAS_SECTION
SEC-225.7014,PROV-225.7014-a,HAS_PROVISION
SEC-225.7014,PROV-225.7014-b,HAS_PROVISION
SUBPART-225.70,SEC-225.7015,HAS_SECTION
SUBPART-225.70,SEC-225.7017,HAS_SECTION
SUBPART-225.70,SEC-225.7017-1,HAS_SECTION
SEC-225.7017-1,PROV-225.7017-1-1,HAS_PROVISION
SEC-225.7017-1,PROV-225.7017-1-2,HAS_PROVISION
SUBPART-225.70,SEC-225.7017-2,HAS_SECTION
SUBPART-225.70,SEC-225.7017-3,HAS_SECTION
SEC-225.7017-3,PROV-225.7017-3-a,HAS_PROVISION
PROV-225.7017-3-a,PROV-225.7017-3-a-i,HAS_PROVISION
PROV-225.7017-3-a-i,PROV-225.7017-3-a-i-A,HAS_PROVISION
PROV-225.7017-3-a-i-A,PROV-225.7017-3-a-i-A-b,HAS_PROVISION
PROV-225.7017-3-a-i-A,PROV-225.7017-3-a-i-A-c,HAS_PROVISION
PROV-225.7017-3-a-i-A-c,PROV-225.7017-3-a-i-A-c-1,HAS_PROVISION
PROV-225.7017-3-a-i-A-c,PROV-225.7017-3-a-i-A-c-2,HAS_PROVISION
SUBPART-225.70,SEC-225.7017-4,HAS_SECTION
SEC-225.7017-4,PROV-225.7017-4-a,HAS_PROVISION
PROV-225.7017-4-a,PROV-225.7017-4-a-1,HAS_PROVISION
PROV-225.7017-4-a-1,PROV-225.7017-4-a-1-2,HAS_PROVISION
SEC-225.7017-4,PROV-225.7017-4-b,HAS_PROVISION
SUBPART-225.70,SEC-225.7018,HAS_SECTION
SUBPART-225.70,SEC-225.7018-0,HAS_SECTION
SUBPART-225.70,SEC-225.7018-1,HAS_SECTION
SEC-225.7018-1,PROV-225.7018-1-1,HAS_PROVISION
SEC-225.7018-1,PROV-225.7018-1-2,HAS_PROVISION
SEC-225.7018-1,PROV-225.7018-1-3,HAS_PROVISION
SUBPART-225.70,SEC-225.7018-2,HAS_SECTION
SEC-225.7018-2,PROV-225.7018-2-a,HAS_PROVISION
PROV-225.7018-2-a,PROV-225.7018-2-a-1,HAS_PROVISION
PROV-225.7018-2-a,PROV-225.7018-2-a-2,HAS_PROVISION
SEC-225.7018-2,PROV-225.7018-2-b,HAS_PROVISION
PROV-225.7018-2-b,PROV-225.7018-2-b-1,HAS_PROVISION
PROV-225.7018-2-b-1,PROV-225.7018-2-b-1-i,HAS_PROVISION
PROV-225.7018-2-b-1,PROV-225.7018-2-b-1-ii,HAS_PROVISION
PROV-225.7018-2-b,PROV-225.7018-2-b-2,HAS_PROVISION
SEC-225.7018-2,PROV-225.7018-2-3,HAS_PROVISION
PROV-225.7018-2-3,PROV-225.7018-2-3-4,HAS_PROVISION
PROV-225.7018-2-3,PROV-225.7018-2-3-c,HAS_PROVISION
PROV-225.7018-2-3-c,PROV-225.7018-2-3-c-1,HAS_PROVISION
PROV-225.7018-2-3-c,PROV-225.7018-2-3-c-2,HAS_PROVISION
PROV-225.7018-2-3,PROV-225.7018-2-3-d,HAS_PROVISION
PROV-225.7018-2-3-d,PROV-225.7018-2-3-d-1,HAS_PROVISION
PROV-225.7018-2-3-d-1,PROV-225.7018-2-3-d-1-i,HAS_PROVISION
PROV-225.7018-2-3-d-1,PROV-225.7018-2-3-d-1-ii,HAS_PROVISION
PROV-225.7018-2-3-d-1,PROV-225.7018-2-3-d-1-iii,HAS_PROVISION
PROV-225.7018-2-3-d-1,PROV-225.7018-2-3-d-1-iv,HAS_PROVISION
PROV-225.7018-2-3-d,PROV-225.7018-2-3-d-2,HAS_PROVISION
SUBPART-225.70,SEC-225.7018-3,HAS_SECTION
SEC-225.7018-3,PROV-225.7018-3-a,HAS_PROVISION
SEC-225.7018-3,PROV-225.7018-3-b,HAS_PROVISION
SEC-225.7018-3,PROV-225.7018-3-c,HAS_PROVISION
PROV-225.7018-3-c,PROV-225.7018-3-c-1,HAS_PROVISION
PROV-225.7018-3-c-1,PROV-225.7018-3-c-1-i,HAS_PROVISION
PROV-225.7018-3-c-1-i,PROV-225.7018-3-c-1-i-A,HAS_PROVISION
PROV-225.7018-3-c-1-i,PROV-225.7018-3-c-1-i-B,HAS_PROVISION
PROV-225.7018-3-c-1,PROV-225.7018-3-c-1-ii,HAS_PROVISION
PROV-225.7018-3-c-1,PROV-225.7018-3-c-1-iii,HAS_PROVISION
PROV-225.7018-3-c,PROV-225.7018-3-c-2,HAS_PROVISION
PROV-225.7018-3-c,PROV-225.7018-3-c-3,HAS_PROVISION
SEC-225.7018-3,PROV-225.7018-3-d,HAS_PROVISION
PROV-225.7018-3-d,PROV-225.7018-3-d-1,HAS_PROVISION
PROV-225.7018-3-d,PROV-225.7018-3-d-2,HAS_PROVISION
SUBPART-225.70,SEC-225.7018-4,HAS_SECTION
SEC-225.7018-4,PROV-225.7018-4-a,HAS_PROVISION
PROV-225.7018-4-a,PROV-225.7018-4-a-1,HAS_PROVISION
SEC-225.7018-4,PROV-225.7018-4-d,HAS_PROVISION
PROV-225.7018-4-d,PROV-225.7018-4-d-2,HAS_PROVISION
PROV-225.7018-4-d,PROV-225.7018-4-d-3,HAS_PROVISION
PROV-225.7018-4-d-3,PROV-225.7018-4-d-3-i,HAS_PROVISION
PROV-225.7018-4-d-3,PROV-225.7018-4-d-3-ii,HAS_PROVISION
PROV-225.7018-4-d,PROV-225.7018-4-d-b,HAS_PROVISION
PROV-225.7018-4-d-b,PROV-225.7018-4-d-b-1,HAS_PROVISION
PROV-225.7018-4-d-b-1,PROV-225.7018-4-d-b-1-i,HAS_PROVISION
PROV-225.7018-4-d-b-1,PROV-225.7018-4-d-b-1-ii,HAS_PROVISION
PROV-225.7018-4-d-b,PROV-225.7018-4-d-b-2,HAS_PROVISION
PROV-225.7018-4-d-b-2,PROV-225.7018-4-d-b-2-i,HAS_PROVISION
PROV-225.7018-4-d-b-2,PROV-225.7018-4-d-b-2-ii,HAS_PROVISION
PROV-225.7018-4-d-b-2,PROV-225.7018-4-d-b-2-iii,HAS_PROVISION
SUBPART-225.70,SEC-225.7018-5,HAS_SECTION
SUBPART-225.70,SEC-225.7019,HAS_SECTION
SUBPART-225.70,SEC-225.7019-1,HAS_SECTION
SUBPART-225.70,SEC-225.7019-2,HAS_SECTION
SEC-225.7019-2,PROV-225.7019-2-a,HAS_PROVISION
SEC-225.7019-2,PROV-225.7019-2-b,HAS_PROVISION
SUBPART-225.70,SEC-225.7019-3,HAS_SECTION
SEC-225.7019-3,PROV-225.7019-3-a,HAS_PROVISION
PROV-225.7019-3-a,PROV-225.7019-3-a-1,HAS_PROVISION
PROV-225.7019-3-a,PROV-225.7019-3-a-2,HAS_PROVISION
SEC-225.7019-3,PROV-225.7019-3-b,HAS_PROVISION
PROV-225.7019-3-b,PROV-225.7019-3-b-2,HAS_PROVISION
PROV-225.7019-3-b-2,PROV-225.7019-3-b-2-i,HAS_PROVISION
PROV-225.7019-3-b-2,PROV-225.7019-3-b-2-ii,HAS_PROVISION
PROV-225.7019-3-b-2,PROV-225.7019-3-b-2-iii,HAS_PROVISION
SUBPART-225.70,SEC-225.7019-4,HAS_SECTION
SEC-225.7019-4,PROV-225.7019-4-a,HAS_PROVISION
SEC-225.7019-4,PROV-225.7019-4-b,HAS_PROVISION
SUBPART-225.70,SEC-225.7020,HAS_SECTION
SUBPART-225.70,SEC-225.7020-1,HAS_SECTION
SEC-225.7020-1,PROV-225.7020-1-1,HAS_PROVISION
SEC-225.7020-1,PROV-225.7020-1-2,HAS_PROVISION
PROV-225.7020-1-2,PROV-225.7020-1-2-3,HAS_PROVISION
SUBPART-225.70,SEC-225.7020-2,HAS_SECTION
SUBPART-225.70,SEC-225.7020-3,HAS_SECTION
SEC-225.7020-3,PROV-225.7020-3-a,HAS_PROVISION
SEC-225.7020-3,PROV-225.7020-3-b,HAS_PROVISION
SUBPART-225.70,SEC-225.7020-4,HAS_SECTION
SEC-225.7020-4,PROV-225.7020-4-a,HAS_PROVISION
PROV-225.7020-4-a,PROV-225.7020-4-a-1,HAS_PROVISION
PROV-225.7020-4-a-1,PROV-225.7020-4-a-1-i,HAS_PROVISION
PROV-225.7020-4-a-1,PROV-225.7020-4-a-1-ii,HAS_PROVISION
PROV-225.7020-4-a-1,PROV-225.7020-4-a-1-iii,HAS_PROVISION
PROV-225.7020-4-a,PROV-225.7020-4-a-2,HAS_PROVISION
SEC-225.7020-4,PROV-225.7020-4-b,HAS_PROVISION
SUBPART-225.70,SEC-225.7020-5,HAS_SECTION
SEC-225.7020-5,PROV-225.7020-5-a,HAS_PROVISION
SEC-225.7020-5,PROV-225.7020-5-b,HAS_PROVISION
SUBPART-225.70,SEC-225.7021,HAS_SECTION
SUBPART-225.70,SEC-225.7021-1,HAS_SECTION
SUBPART-225.70,SEC-225.7021-2,HAS_SECTION
SUBPART-225.70,SEC-225.7021-3,HAS_SECTION
SUBPART-225.70,SEC-225.7021-4,HAS_SECTION
SEC-225.7021-4,PROV-225.7021-4-a,HAS_PROVISION
SEC-225.7021-4,PROV-225.7021-4-b,HAS_PROVISION
SUBPART-225.70,SEC-225.7022,HAS_SECTION
SUBPART-225.70,SEC-225.7022-1,HAS_SECTION
SUBPART-225.70,SEC-225.7022-2,HAS_SECTION
SUBPART-225.70,SEC-225.7022-3,HAS_SECTION
SUBPART-225.70,SEC-225.7022-4,HAS_SECTION
SEC-225.7022-4,PROV-225.7022-4-a,HAS_PROVISION
SEC-225.7022-4,PROV-225.7022-4-b,HAS_PROVISION
SUBPART-225.70,SEC-225.7022-5,HAS_SECTION
SEC-225.7022-5,PROV-225.7022-5-a,HAS_PROVISION
SEC-225.7022-5,PROV-225.7022-5-b,HAS_PROVISION
SUBPART-225.70,SEC-225.7023,HAS_SECTION
SUBPART-225.70,SEC-225.7023-1,HAS_SECTION
SEC-225.7023-1,PROV-225.7023-1-1,HAS_PROVISION
PROV-225.7023-1-1,PROV-225.7023-1-1-i,HAS_PROVISION
PROV-225.7023-1-1,PROV-225.7023-1-1-ii,HAS_PROVISION
PROV-225.7023-1-1-ii,PROV-225.7023-1-1-ii-iii,HAS_PROVISION
PROV-225.7023-1-1-ii,PROV-225.7023-1-1-ii-iv,HAS_PROVISION
PROV-225.7023-1-1-ii,PROV-225.7023-1-1-ii-v,HAS_PROVISION
PROV-225.7023-1-1-ii,PROV-225.7023-1-1-ii-vi,HAS_PROVISION
PROV-225.7023-1-1-ii,PROV-225.7023-1-1-ii-vii,HAS_PROVISION
PROV-225.7023-1-1,PROV-225.7023-1-1-2,HAS_PROVISION
SUBPART-225.70,SEC-225.7023-2,HAS_SECTION
SUBPART-225.70,SEC-225.7023-3,HAS_SECTION
SEC-225.7023-3,PROV-225.7023-3-a,HAS_PROVISION
SEC-225.7023-3,PROV-225.7023-3-b,HAS_PROVISION
SEC-225.7023-3,PROV-225.7023-3-c,HAS_PROVISION
PROV-225.7023-3-c,PROV-225.7023-3-c-1,HAS_PROVISION
PROV-225.7023-3-c-1,PROV-225.7023-3-c-1-2,HAS_PROVISION
SUBPART-225.70,SEC-225.7023-4,HAS_SECTION
SEC-225.7023-4,PROV-225.7023-4-a,HAS_PROVISION
SEC-225.7023-4,PROV-225.7023-4-b,HAS_PROVISION
SEC-225.7023-4,PROV-225.7023-4-c,HAS_PROVISION
SUBPART-225.70,SEC-225.7024,HAS_SECTION
SUBPART-225.70,SEC-225.7024-1,HAS_SECTION
SUBPART-225.70,SEC-225.7024-2,HAS_SECTION
SUBPART-225.70,SEC-225.7024-3,HAS_SECTION
SEC-225.7024-3,PROV-225.7024-3-a,HAS_PROVISION
PROV-225.7024-3-a,PROV-225.7024-3-a-1,HAS_PROVISION
PROV-225.7024-3-a-1,PROV-225.7024-3-a-1-i,HAS_PROVISION
PROV-225.7024-3-a-1,PROV-225.7024-3-a-1-ii,HAS_PROVISION
PROV-225.7024-3-a-1,PROV-225.7024-3-a-1-iii,HAS_PROVISION
PROV-225.7024-3-a-1,PROV-225.7024-3-a-1-iv,HAS_PROVISION
PROV-225.7024-3-a,PROV-225.7024-3-a-2,HAS_PROVISION
SEC-225.7024-3,PROV-225.7024-3-b,HAS_PROVISION
SUBPART-225.70,SEC-225.7024-4,HAS_SECTION
PART-225,SUBPART-225.71,HAS_SUBPART
SUBPART-225.71,SEC-225.7100,HAS_SECTION
SUBPART-225.71,SEC-225.7101,HAS_SECTION
SUBPART-225.71,SEC-225.7102,HAS_SECTION
SUBPART-225.71,SEC-225.7102-1,HAS_SECTION
SUBPART-225.71,SEC-225.7102-2,HAS_SECTION
SEC-225.7102-2,PROV-225.7102-2-a,HAS_PROVISION
SEC-225.7102-2,PROV-225.7102-2-b,HAS_PROVISION
SEC-225.7102-2,PROV-225.7102-2-c,HAS_PROVISION
SUBPART-225.71,SEC-225.7102-3,HAS_SECTION
SUBPART-225.71,SEC-225.7102-4,HAS_SECTION
SEC-225.7102-4,PROV-225.7102-4-a,HAS_PROVISION
SEC-225.7102-4,PROV-225.7102-4-b,HAS_PROVISION
PART-225,SUBPART-225.72,HAS_SUBPART
SUBPART-225.72,SEC-225.7201,HAS_SECTION
SEC-225.7201,PROV-225.7201-a,HAS_PROVISION
SEC-225.7201,PROV-225.7201-b,HAS_PROVISION
SUBPART-225.72,SEC-225.7202,HAS_SECTION
SUBPART-225.72,SEC-225.7203,HAS_SECTION
SUBPART-225.72,SEC-225.7204,HAS_SECTION
SEC-225.7204,PROV-225.7204-a,HAS_PROVISION
SEC-225.7204,PROV-225.7204-b,HAS_PROVISION
PART-225,SUBPART-225.73,HAS_SUBPART
SUBPART-225.73,SEC-225.7300,HAS_SECTION
SEC-225.7300,PROV-225.7300-a,HAS_PROVISION
SEC-225.7300,PROV-225.7300-b,HAS_PROVISION
PROV-225.7300-b,PROV-225.7300-b-1,HAS_PROVISION
PROV-225.7300-b,PROV-225.7300-b-2,HAS_PROVISION
PROV-225.7300-b,PROV-225.7300-b-3,HAS_PROVISION
SUBPART-225.73,SEC-225.7301,HAS_SECTION
SEC-225.7301,PROV-225.7301-a,HAS_PROVISION
SEC-225.7301,PROV-225.7301-b,HAS_PROVISION
SEC-225.7301,PROV-225.7301-c,HAS_PROVISION
SEC-225.7301,PROV-225.7301-d,HAS_PROVISION
SUBPART-225.73,SEC-225.7301-1,HAS_SECTION
SUBPART-225.73,SEC-225.7301-2,HAS_SECTION
SUBPART-225.73,SEC-225.7302,HAS_SECTION
SEC-225.7302,PROV-225.7302-1,HAS_PROVISION
PROV-225.7302-1,PROV-225.7302-1-i,HAS_PROVISION
PROV-225.7302-1,PROV-225.7302-1-ii,HAS_PROVISION
PROV-225.7302-1,PROV-225.7302-1-iii,HAS_PROVISION
PROV-225.7302-1,PROV-225.7302-1-iv,HAS_PROVISION
SEC-225.7302,PROV-225.7302-2,HAS_PROVISION
SUBPART-225.73,SEC-225.7303,HAS_SECTION
SEC-225.7303,PROV-225.7303-a,HAS_PROVISION
SEC-225.7303,PROV-225.7303-b,HAS_PROVISION
SEC-225.7303,PROV-225.7303-1,HAS_PROVISION
SUBPART-225.73,SEC-225.7303-1,HAS_SECTION
SUBPART-225.73,SEC-225.7303-2,HAS_SECTION
SEC-225.7303-2,PROV-225.7303-2-a,HAS_PROVISION
PROV-225.7303-2-a,PROV-225.7303-2-a-1,HAS_PROVISION
PROV-225.7303-2-a-1,PROV-225.7303-2-a-1-i,HAS_PROVISION
PROV-225.7303-2-a-1,PROV-225.7303-2-a-1-ii,HAS_PROVISION
PROV-225.7303-2-a-1,PROV-225.7303-2-a-1-iii,HAS_PROVISION
PROV-225.7303-2-a-1,PROV-225.7303-2-a-1-iv,HAS_PROVISION
PROV-225.7303-2-a,PROV-225.7303-2-a-2,HAS_PROVISION
PROV-225.7303-2-a-2,PROV-225.7303-2-a-2-i,HAS_PROVISION
PROV-225.7303-2-a-2,PROV-225.7303-2-a-2-ii,HAS_PROVISION
PROV-225.7303-2-a,PROV-225.7303-2-a-3,HAS_PROVISION
PROV-225.7303-2-a-3,PROV-225.7303-2-a-3-i,HAS_PROVISION
PROV-225.7303-2-a-3,PROV-225.7303-2-a-3-ii,HAS_PROVISION
PROV-225.7303-2-a-3,PROV-225.7303-2-a-3-iii,HAS_PROVISION
PROV-225.7303-2-a-3,PROV-225.7303-2-a-3-iv,HAS_PROVISION
PROV-225.7303-2-a,PROV-225.7303-2-a-4,HAS_PROVISION
SEC-225.7303-2,PROV-225.7303-2-b,HAS_PROVISION
SEC-225.7303-2,PROV-225.7303-2-c,HAS_PROVISION
PROV-225.7303-2-c,PROV-225.7303-2-c-1,HAS_PROVISION
PROV-225.7303-2-c,PROV-225.7303-2-c-2,HAS_PROVISION
SEC-225.7303-2,PROV-225.7303-2-d,HAS_PROVISION
SEC-225.7303-2,PROV-225.7303-2-e,HAS_PROVISION
SUBPART-225.73,SEC-225.7303-3,HAS_SECTION
SUBPART-225.73,SEC-225.7303-4,HAS_SECTION
SEC-225.7303-4,PROV-225.7303-4-a,HAS_PROVISION
PROV-225.7303-4-a,PROV-225.7303-4-a-1,HAS_PROVISION
PROV-225.7303-4-a,PROV-225.7303-4-a-2,HAS_PROVISION
SEC-225.7303-4,PROV-225.7303-4-b,HAS_PROVISION
PROV-225.7303-4-b,PROV-225.7303-4-b-1,HAS_PROVISION
PROV-225.7303-4-b-1,PROV-225.7303-4-b-1-2,HAS_PROVISION
SUBPART-225.73,SEC-225.7303-5,HAS_SECTION
SEC-225.7303-5,PROV-225.7303-5-a,HAS_PROVISION
SEC-225.7303-5,PROV-225.7303-5-b,HAS_PROVISION
SEC-225.7303-5,PROV-225.7303-5-c,HAS_PROVISION
SUBPART-225.73,SEC-225.7304,HAS_SECTION
SEC-225.7304,PROV-225.7304-a,HAS_PROVISION
SEC-225.7304,PROV-225.7304-b,HAS_PROVISION
PROV-225.7304-b,PROV-225.7304-b-1,HAS_PROVISION
PROV-225.7304-b,PROV-225.7304-b-2,HAS_PROVISION
PROV-225.7304-b,PROV-225.7304-b-3,HAS_PROVISION
PROV-225.7304-b,PROV-225.7304-b-4,HAS_PROVISION
SEC-225.7304,PROV-225.7304-c,HAS_PROVISION
SEC-225.7304,PROV-225.7304-d,HAS_PROVISION
PROV-225.7304-d,PROV-225.7304-d-1,HAS_PROVISION
PROV-225.7304-d,PROV-225.7304-d-2,HAS_PROVISION
PROV-225.7304-d,PROV-225.7304-d-3,HAS_PROVISION
SEC-225.7304,PROV-225.7304-e,HAS_PROVISION
PROV-225.7304-e,PROV-225.7304-e-1,HAS_PROVISION
PROV-225.7304-e,PROV-225.7304-e-2,HAS_PROVISION
PROV-225.7304-e,PROV-225.7304-e-3,HAS_PROVISION
SEC-225.7304,PROV-225.7304-f,HAS_PROVISION
SEC-225.7304,PROV-225.7304-g,HAS_PROVISION
SEC-225.7304,PROV-225.7304-h,HAS_PROVISION
PROV-225.7304-h,PROV-225.7304-h-1,HAS_PROVISION
PROV-225.7304-h,PROV-225.7304-h-2,HAS_PROVISION
SUBPART-225.73,SEC-225.7305,HAS_SECTION
SUBPART-225.73,SEC-225.7306,HAS_SECTION
SUBPART-225.73,SEC-225.7307,HAS_SECTION
SEC-225.7307,PROV-225.7307-a,HAS_PROVISION
SEC-225.7307,PROV-225.7307-b,HAS_PROVISION
PART-225,SUBPART-225.74,HAS_SUBPART
PART-225,SUBPART-225.75,HAS_SUBPART
SUBPART-225.75,SEC-225.7500,HAS_SECTION
SEC-225.7500,PROV-225.7500-a,HAS_PROVISION
SEC-225.7500,PROV-225.7500-b,HAS_PROVISION
SUBPART-225.75,SEC-225.7501,HAS_SECTION
SEC-225.7501,PROV-225.7501-a,HAS_PROVISION
PROV-225.7501-a,PROV-225.7501-a-1,HAS_PROVISION
PROV-225.7501-a,PROV-225.7501-a-2,HAS_PROVISION
PROV-225.7501-a-2,PROV-225.7501-a-2-i,HAS_PROVISION
PROV-225.7501-a-2,PROV-225.7501-a-2-ii,HAS_PROVISION
PROV-225.7501-a-2,PROV-225.7501-a-2-iii,HAS_PROVISION
PROV-225.7501-a-2,PROV-225.7501-a-2-iv,HAS_PROVISION
PROV-225.7501-a-2,PROV-225.7501-a-2-v,HAS_PROVISION
PROV-225.7501-a-2,PROV-225.7501-a-2-vi,HAS_PROVISION
PROV-225.7501-a,PROV-225.7501-a-3,HAS_PROVISION
PROV-225.7501-a,PROV-225.7501-a-4,HAS_PROVISION
PROV-225.7501-a,PROV-225.7501-a-5,HAS_PROVISION
PROV-225.7501-a,PROV-225.7501-a-6,HAS_PROVISION
PROV-225.7501-a,PROV-225.7501-a-7,HAS_PROVISION
PROV-225.7501-a-7,PROV-225.7501-a-7-i,HAS_PROVISION
PROV-225.7501-a-7,PROV-225.7501-a-7-ii,HAS_PROVISION
PROV-225.7501-a-7,PROV-225.7501-a-7-iii,HAS_PROVISION
PROV-225.7501-a-7,PROV-225.7501-a-7-iv,HAS_PROVISION
PROV-225.7501-a-7-iv,PROV-225.7501-a-7-iv-A,HAS_PROVISION
PROV-225.7501-a-7-iv,PROV-225.7501-a-7-iv-B,HAS_PROVISION
PROV-225.7501-a-7,PROV-225.7501-a-7-v,HAS_PROVISION
SEC-225.7501,PROV-225.7501-b,HAS_PROVISION
PROV-225.7501-b,PROV-225.7501-b-1,HAS_PROVISION
PROV-225.7501-b-1,PROV-225.7501-b-1-i,HAS_PROVISION
PROV-225.7501-b-1,PROV-225.7501-b-1-ii,HAS_PROVISION
PROV-225.7501-b-1,PROV-225.7501-b-1-iii,HAS_PROVISION
PROV-225.7501-b-1,PROV-225.7501-b-1-iv,HAS_PROVISION
PROV-225.7501-b,PROV-225.7501-b-2,HAS_PROVISION
SEC-225.7501,PROV-225.7501-c,HAS_PROVISION
SUBPART-225.75,SEC-225.7502,HAS_SECTION
SUBPART-225.75,SEC-225.7503,HAS_SECTION
SEC-225.7503,PROV-225.7503-a,HAS_PROVISION
PROV-225.7503-a,PROV-225.7503-a-1,HAS_PROVISION
PROV-225.7503-a,PROV-225.7503-a-2,HAS_PROVISION
PROV-225.7503-a,PROV-225.7503-a-3,HAS_PROVISION
PROV-225.7503-a,PROV-225.7503-a-4,HAS_PROVISION
PROV-225.7503-a-4,PROV-225.7503-a-4-i,HAS_PROVISION
PROV-225.7503-a-4,PROV-225.7503-a-4-ii,HAS_PROVISION
SEC-225.7503,PROV-225.7503-b,HAS_PROVISION
PROV-225.7503-b,PROV-225.7503-b-1,HAS_PROVISION
PROV-225.7503-b,PROV-225.7503-b-2,HAS_PROVISION
PROV-225.7503-b,PROV-225.7503-b-3,HAS_PROVISION
PROV-225.7503-b,PROV-225.7503-b-4,HAS_PROVISION
PROV-225.7503-b,PROV-225.7503-b-5,HAS_PROVISION
PROV-225.7503-b-5,PROV-225.7503-b-5-i,HAS_PROVISION
PROV-225.7503-b-5,PROV-225.7503-b-5-ii,HAS_PROVISION
PROV-225.7503-b,PROV-225.7503-b-6,HAS_PROVISION
PROV-225.7503-b-6,PROV-225.7503-b-6-i,HAS_PROVISION
PROV-225.7503-b-6,PROV-225.7503-b-6-ii,HAS_PROVISION
PROV-225.7503-b,PROV-225.7503-b-7,HAS_PROVISION
PROV-225.7503-b-7,PROV-225.7503-b-7-i,HAS_PROVISION
PROV-225.7503-b-7,PROV-225.7503-b-7-ii,HAS_PROVISION
PROV-225.7503-b-7,PROV-225.7503-b-7-iii,HAS_PROVISION
PROV-225.7503-b,PROV-225.7503-b-8,HAS_PROVISION
PROV-225.7503-b-8,PROV-225.7503-b-8-i,HAS_PROVISION
PROV-225.7503-b-8,PROV-225.7503-b-8-ii,HAS_PROVISION
PROV-225.7503-b-8,PROV-225.7503-b-8-iii,HAS_PROVISION
PART-225,SUBPART-225.76,HAS_SUBPART
SUBPART-225.76,SEC-225.7601,HAS_SECTION
SUBPART-225.76,SEC-225.7602,HAS_SECTION
SUBPART-225.76,SEC-225.7603,HAS_SECTION
SEC-225.7603,PROV-225.7603-a,HAS_PROVISION
SEC-225.7603,PROV-225.7603-b,HAS_PROVISION
SEC-225.7603,PROV-225.7603-c,HAS_PROVISION
SUBPART-225.76,SEC-225.7604,HAS_SECTION
SUBPART-225.76,SEC-225.7605,HAS_SECTION
PART-225,SUBPART-225.77,HAS_SUBPART
SUBPART-225.77,SEC-225.7700,HAS_SECTION
SEC-225.7700,PROV-225.7700-a,HAS_PROVISION
SEC-225.7700,PROV-225.7700-b,HAS_PROVISION
SEC-225.7700,PROV-225.7700-c,HAS_PROVISION
SEC-225.7700,PROV-225.7700-d,HAS_PROVISION
SEC-225.7700,PROV-225.7700-e,HAS_PROVISION
SUBPART-225.77,SEC-225.7701,HAS_SECTION
SEC-225.7701,PROV-225.7701-1,HAS_PROVISION
SEC-225.7701,PROV-225.7701-2,HAS_PROVISION
SUBPART-225.77,SEC-225.7702,HAS_SECTION
SUBPART-225.77,SEC-225.7702-1,HAS_SECTION
SEC-225.7702-1,PROV-225.7702-1-a,HAS_PROVISION
PROV-225.7702-1-a,PROV-225.7702-1-a-1,HAS_PROVISION
PROV-225.7702-1-a,PROV-225.7702-1-a-2,HAS_PROVISION
PROV-225.7702-1-a-2,PROV-225.7702-1-a-2-i,HAS_PROVISION
PROV-225.7702-1-a-2,PROV-225.7702-1-a-2-ii,HAS_PROVISION
PROV-225.7702-1-a,PROV-225.7702-1-a-3,HAS_PROVISION
SEC-225.7702-1,PROV-225.7702-1-b,HAS_PROVISION
PROV-225.7702-1-b,PROV-225.7702-1-b-1,HAS_PROVISION
PROV-225.7702-1-b,PROV-225.7702-1-b-2,HAS_PROVISION
SUBPART-225.77,SEC-225.7702-2,HAS_SECTION
SUBPART-225.77,SEC-225.7703,HAS_SECTION
SUBPART-225.77,SEC-225.7703-1,HAS_SECTION
SEC-225.7703-1,PROV-225.7703-1-a,HAS_PROVISION
PROV-225.7703-1-a,PROV-225.7703-1-a-1,HAS_PROVISION
PROV-225.7703-1-a,PROV-225.7703-1-a-2,HAS_PROVISION
PROV-225.7703-1-a,PROV-225.7703-1-a-3,HAS_PROVISION
SEC-225.7703-1,PROV-225.7703-1-b,HAS_PROVISION
SEC-225.7703-1,PROV-225.7703-1-c,HAS_PROVISION
SUBPART-225.77,SEC-225.7703-2,HAS_SECTION
SEC-225.7703-2,PROV-225.7703-2-a,HAS_PROVISION
PROV-225.7703-2-a,PROV-225.7703-2-a-1,HAS_PROVISION
PROV-225.7703-2-a,PROV-225.7703-2-a-2,HAS_PROVISION
SEC-225.7703-2,PROV-225.7703-2-b,HAS_PROVISION
PROV-225.7703-2-b,PROV-225.7703-2-b-1,HAS_PROVISION
PROV-225.7703-2-b-1,PROV-225.7703-2-b-1-i,HAS_PROVISION
PROV-225.7703-2-b-1,PROV-225.7703-2-b-1-ii,HAS_PROVISION
PROV-225.7703-2-b-1-ii,PROV-225.7703-2-b-1-ii-A,HAS_PROVISION
PROV-225.7703-2-b-1-ii,PROV-225.7703-2-b-1-ii-B,HAS_PROVISION
PROV-225.7703-2-b,PROV-225.7703-2-b-2,HAS_PROVISION
PROV-225.7703-2-b-2,PROV-225.7703-2-b-2-i,HAS_PROVISION
PROV-225.7703-2-b-2,PROV-225.7703-2-b-2-ii,HAS_PROVISION
PROV-225.7703-2-b-2-ii,PROV-225.7703-2-b-2-ii-A,HAS_PROVISION
PROV-225.7703-2-b-2-ii,PROV-225.7703-2-b-2-ii-B,HAS_PROVISION
PROV-225.7703-2-b-2-ii,PROV-225.7703-2-b-2-ii-C,HAS_PROVISION
PROV-225.7703-2-b-2-ii,PROV-225.7703-2-b-2-ii-D,HAS_PROVISION
PROV-225.7703-2-b-2-ii,PROV-225.7703-2-b-2-ii-E,HAS_PROVISION
PROV-225.7703-2-b,PROV-225.7703-2-b-3,HAS_PROVISION
PROV-225.7703-2-b-3,PROV-225.7703-2-b-3-i,HAS_PROVISION
PROV-225.7703-2-b-3,PROV-225.7703-2-b-3-ii,HAS_PROVISION
SEC-225.7703-2,PROV-225.7703-2-c,HAS_PROVISION
SUBPART-225.77,SEC-225.7703-3,HAS_SECTION
SEC-225.7703-3,PROV-225.7703-3-a,HAS_PROVISION
SEC-225.7703-3,PROV-225.7703-3-b,HAS_PROVISION
SEC-225.7703-3,PROV-225.7703-3-c,HAS_PROVISION
PROV-225.7703-3-c,PROV-225.7703-3-c-1,HAS_PROVISION
PROV-225.7703-3-c,PROV-225.7703-3-c-2,HAS_PROVISION
SUBPART-225.77,SEC-225.7703-4,HAS_SECTION
SEC-225.7703-4,PROV-225.7703-4-a,HAS_PROVISION
SEC-225.7703-4,PROV-225.7703-4-b,HAS_PROVISION
SEC-225.7703-4,PROV-225.7703-4-c,HAS_PROVISION
PROV-225.7703-4-c,PROV-225.7703-4-c-1,HAS_PROVISION
PROV-225.7703-4-c,PROV-225.7703-4-c-2,HAS_PROVISION
SEC-225.7703-4,PROV-225.7703-4-d,HAS_PROVISION
SEC-225.7703-4,PROV-225.7703-4-e,HAS_PROVISION
SEC-225.7703-4,PROV-225.7703-4-f,HAS_PROVISION
PROV-225.7703-4-f,PROV-225.7703-4-f-1,HAS_PROVISION
PROV-225.7703-4-f,PROV-225.7703-4-f-2,HAS_PROVISION
PROV-225.7703-4-f,PROV-225.7703-4-f-3,HAS_PROVISION
PROV-225.7703-4-f,PROV-225.7703-4-f-4,HAS_PROVISION
PROV-225.7703-4-f,PROV-225.7703-4-f-5,HAS_PROVISION
PROV-225.7703-4-f,PROV-225.7703-4-f-6,HAS_PROVISION
PROV-225.7703-4-f,PROV-225.7703-4-f-7,HAS_PROVISION
SEC-225.7703-4,PROV-225.7703-4-g,HAS_PROVISION
PROV-225.7703-4-g,PROV-225.7703-4-g-1,HAS_PROVISION
PROV-225.7703-4-g,PROV-225.7703-4-g-2,HAS_PROVISION
SUBPART-225.77,SEC-225.7704,HAS_SECTION
SUBPART-225.77,SEC-225.7704-1,HAS_SECTION
SUBPART-225.77,SEC-225.7704-2,HAS_SECTION
SUBPART-225.77,SEC-225.7704-3,HAS_SECTION
SUBPART-225.77,SEC-225.7705,HAS_SECTION
SUBPART-225.77,SEC-225.7705-1,HAS_SECTION
SUBPART-225.77,SEC-225.7705-2,HAS_SECTION
SEC-225.7705-2,PROV-225.7705-2-a,HAS_PROVISION
PROV-225.7705-2-a,PROV-225.7705-2-a-1,HAS_PROVISION
PROV-225.7705-2-a,PROV-225.7705-2-a-2,HAS_PROVISION
PROV-225.7705-2-a,PROV-225.7705-2-a-3,HAS_PROVISION
PROV-225.7705-2-a,PROV-225.7705-2-a-4,HAS_PROVISION
PROV-225.7705-2-a,PROV-225.7705-2-a-5,HAS_PROVISION
PROV-225.7705-2-a,PROV-225.7705-2-a-6,HAS_PROVISION
PROV-225.7705-2-a,PROV-225.7705-2-a-7,HAS_PROVISION
SEC-225.7705-2,PROV-225.7705-2-b,HAS_PROVISION
PROV-225.7705-2-b,PROV-225.7705-2-b-1,HAS_PROVISION
PROV-225.7705-2-b,PROV-225.7705-2-b-2,HAS_PROVISION
PROV-225.7705-2-b,PROV-225.7705-2-b-3,HAS_PROVISION
PROV-225.7705-2-b,PROV-225.7705-2-b-4,HAS_PROVISION
SEC-225.7705-2,PROV-225.7705-2-c,HAS_PROVISION
SUBPART-225.77,SEC-225.7705-3,HAS_SECTION
SEC-225.7705-3,PROV-225.7705-3-a,HAS_PROVISION
PROV-225.7705-3-a,PROV-225.7705-3-a-1,HAS_PROVISION
PROV-225.7705-3-a,PROV-225.7705-3-a-2,HAS_PROVISION
PROV-225.7705-3-a-2,PROV-225.7705-3-a-2-i,HAS_PROVISION
PROV-225.7705-3-a-2-i,PROV-225.7705-3-a-2-i-ii,HAS_PROVISION
PROV-225.7705-3-a-2-i-ii,PROV-225.7705-3-a-2-i-ii-A,HAS_PROVISION
PROV-225.7705-3-a-2-i-ii-A,PROV-225.7705-3-a-2-i-ii-A-B,HAS_PROVISION
SEC-225.7705-3,PROV-225.7705-3-b,HAS_PROVISION
SUBPART-225.77,SEC-225.7798,HAS_SECTION
SUBPART-225.77,SEC-225.7799,HAS_SECTION
PART-225,SUBPART-225.78,HAS_SUBPART
SUBPART-225.78,SEC-225.7801,HAS_SECTION
PART-225,SUBPART-225.79,HAS_SUBPART
SUBPART-225.79,SEC-225.7900,HAS_SECTION
SEC-225.7900,PROV-225.7900-a,HAS_PROVISION
SEC-225.7900,PROV-225.7900-b,HAS_PROVISION
SUBPART-225.79,SEC-225.7901,HAS_SECTION
SUBPART-225.79,SEC-225.7901-1,HAS_SECTION
SUBPART-225.79,SEC-225.7901-2,HAS_SECTION
SUBPART-225.79,SEC-225.7901-3,HAS_SECTION
SEC-225.7901-3,PROV-225.7901-3-a,HAS_PROVISION
SEC-225.7901-3,PROV-225.7901-3-b,HAS_PROVISION
SUBPART-225.79,SEC-225.7901-4,HAS_SECTION
SUBPART-225.79,SEC-225.7902,HAS_SECTION
SUBPART-225.79,SEC-225.7902-1,HAS_SECTION
SUBPART-225.79,SEC-225.7902-2,HAS_SECTION
SUBPART-225.79,SEC-225.7902-3,HAS_SECTION
SUBPART-225.79,SEC-225.7902-4,HAS_SECTION
SEC-225.7902-4,PROV-225.7902-4-a,HAS_PROVISION
PROV-225.7902-4-a,PROV-225.7902-4-a-1,HAS_PROVISION
PROV-225.7902-4-a,PROV-225.7902-4-a-2,HAS_PROVISION
SEC-225.7902-4,PROV-225.7902-4-b,HAS_PROVISION
SUBPART-225.79,SEC-225.7902-5,HAS_SECTION
SEC-225.7902-5,PROV-225.7902-5-a,HAS_PROVISION
SEC-225.7902-5,PROV-225.7902-5-b,HAS_PROVISION
PROV-225.7902-5-b,PROV-225.7902-5-b-1,HAS_PROVISION
PROV-225.7902-5-b-1,PROV-225.7902-5-b-1-i,HAS_PROVISION
PROV-225.7902-5-b-1,PROV-225.7902-5-b-1-ii,HAS_PROVISION
PROV-225.7902-5-b-1,PROV-225.7902-5-b-1-2,HAS_PROVISION
DFARS-P226,DFARS-SP226.1,HAS_SUBPART
DFARS-SP226.1,DFARS-S226.103,HAS_SECTION
DFARS-SP226.1,DFARS-S226.104,HAS_SECTION
DFARS-P226,DFARS-SP226.3,HAS_SUBPART
DFARS-P226,DFARS-SP226.5,HAS_SUBPART
DFARS-SP226.5,DFARS-S226.570,HAS_SECTION
DFARS-SP226.5,DFARS-S226.570-1,HAS_SECTION
DFARS-SP226.5,DFARS-S226.570-2,HAS_SECTION
DFARS-P226,DFARS-SP226.70,HAS_SUBPART
DFARS-P226,DFARS-SP226.71,HAS_SUBPART
DFARS-SP226.71,DFARS-S226.7100,HAS_SECTION
DFARS-SP226.71,DFARS-S226.7101,HAS_SECTION
DFARS-SP226.71,DFARS-S226.7102,HAS_SECTION
DFARS-SP226.71,DFARS-S226.7103,HAS_SECTION
DFARS-SP226.71,DFARS-S226.7104,HAS_SECTION
DFARS-P226,DFARS-SP226.72,HAS_SUBPART
DFARS-SP226.72,DFARS-S226.7200,HAS_SECTION
DFARS-SP226.72,DFARS-S226.7201,HAS_SECTION
DFARS-SP226.72,DFARS-S226.7202,HAS_SECTION
DFARS-SP226.72,DFARS-S226.7203,HAS_SECTION
DFARS-P227,DFARS-SP227.3,HAS_SUBPART
DFARS-SP227.3,DFARS-S227.303,HAS_SECTION
DFARS-SP227.3,DFARS-S227.304,HAS_SECTION
DFARS-SP227.3,DFARS-S227.304-1,HAS_SECTION
DFARS-P227,DFARS-SP227.4,HAS_SUBPART
DFARS-SP227.4,DFARS-S227.400,HAS_SECTION
DFARS-P227,DFARS-SP227.6,HAS_SUBPART
DFARS-SP227.6,DFARS-S227.670,HAS_SECTION
DFARS-SP227.6,DFARS-S227.671,HAS_SECTION
DFARS-SP227.6,DFARS-S227.672,HAS_SECTION
DFARS-SP227.6,DFARS-S227.673,HAS_SECTION
DFARS-SP227.6,DFARS-S227.674,HAS_SECTION
DFARS-SP227.6,DFARS-S227.675,HAS_SECTION
DFARS-SP227.6,DFARS-S227.675-1,HAS_SECTION
DFARS-SP227.6,DFARS-S227.675-2,HAS_SECTION
DFARS-SP227.6,DFARS-S227.676,HAS_SECTION
DFARS-P227,DFARS-SP227.70,HAS_SUBPART
DFARS-SP227.70,DFARS-S227.7000,HAS_SECTION
DFARS-SP227.70,DFARS-S227.7001,HAS_SECTION
DFARS-SP227.70,DFARS-S227.7002,HAS_SECTION
DFARS-SP227.70,DFARS-S227.7003,HAS_SECTION
DFARS-SP227.70,DFARS-S227.7004,HAS_SECTION
DFARS-SP227.70,DFARS-S227.7005,HAS_SECTION
DFARS-SP227.70,DFARS-S227.7006,HAS_SECTION
DFARS-SP227.70,DFARS-S227.7007,HAS_SECTION
DFARS-SP227.70,DFARS-S227.7008,HAS_SECTION
DFARS-SP227.70,DFARS-S227.7009,HAS_SECTION
DFARS-SP227.70,DFARS-S227.7009-1,HAS_SECTION
DFARS-SP227.70,DFARS-S227.7009-2,HAS_SECTION
DFARS-SP227.70,DFARS-S227.7009-3,HAS_SECTION
DFARS-SP227.70,DFARS-S227.7009-4,HAS_SECTION
DFARS-SP227.70,DFARS-S227.7010,HAS_SECTION
DFARS-SP227.70,DFARS-S227.7011,HAS_SECTION
DFARS-SP227.70,DFARS-S227.7012,HAS_SECTION
DFARS-SP227.70,DFARS-S227.7013,HAS_SECTION
DFARS-P227,DFARS-SP227.71,HAS_SUBPART
DFARS-SP227.71,DFARS-S227.7100,HAS_SECTION
DFARS-SP227.71,DFARS-S227.7101,HAS_SECTION
DFARS-SP227.71,DFARS-S227.7102,HAS_SECTION
DFARS-SP227.71,DFARS-S227.7102-1,HAS_SECTION
DFARS-SP227.71,DFARS-S227.7102-2,HAS_SECTION
DFARS-SP227.71,DFARS-S227.7102-3,HAS_SECTION
DFARS-SP227.71,DFARS-S227.7102-4,HAS_SECTION
DFARS-SP227.71,DFARS-S227.7103,HAS_SECTION
DFARS-SP227.71,DFARS-S227.7103-1,HAS_SECTION
DFARS-SP227.71,DFARS-S227.7103-2,HAS_SECTION
DFARS-SP227.71,DFARS-S227.7103-3,HAS_SECTION
DFARS-SP227.71,DFARS-S227.7103-4,HAS_SECTION
DFARS-SP227.71,DFARS-S227.7103-5,HAS_SECTION
DFARS-SP227.71,DFARS-S227.7103-6,HAS_SECTION
DFARS-SP227.71,DFARS-S227.7103-7,HAS_SECTION
DFARS-SP227.71,DFARS-S227.7103-8,HAS_SECTION
DFARS-SP227.71,DFARS-S227.7103-9,HAS_SECTION
DFARS-SP227.71,DFARS-S227.7103-10,HAS_SECTION
DFARS-SP227.71,DFARS-S227.7103-11,HAS_SECTION
DFARS-SP227.71,DFARS-S227.7103-12,HAS_SECTION
DFARS-SP227.71,DFARS-S227.7103-13,HAS_SECTION
DFARS-SP227.71,DFARS-S227.7103-14,HAS_SECTION
DFARS-SP227.71,DFARS-S227.7103-15,HAS_SECTION
DFARS-SP227.71,DFARS-S227.7103-16,HAS_SECTION
DFARS-SP227.71,DFARS-S227.7103-17,HAS_SECTION
DFARS-SP227.71,DFARS-S227.7104,HAS_SECTION
DFARS-SP227.71,DFARS-S227.7104-1,HAS_SECTION
DFARS-SP227.71,DFARS-S227.7104-2,HAS_SECTION
DFARS-SP227.71,DFARS-S227.7104-3,HAS_SECTION
DFARS-SP227.71,DFARS-S227.7104-4,HAS_SECTION
DFARS-SP227.71,DFARS-S227.7105,HAS_SECTION
DFARS-SP227.71,DFARS-S227.7105-1,HAS_SECTION
DFARS-SP227.71,DFARS-S227.7105-2,HAS_SECTION
DFARS-SP227.71,DFARS-S227.7105-3,HAS_SECTION
DFARS-SP227.71,DFARS-S227.7106,HAS_SECTION
DFARS-SP227.71,DFARS-S227.7107,HAS_SECTION
DFARS-SP227.71,DFARS-S227.7107-1,HAS_SECTION
DFARS-SP227.71,DFARS-S227.7107-2,HAS_SECTION
DFARS-SP227.71,DFARS-S227.7107-3,HAS_SECTION
DFARS-SP227.71,DFARS-S227.7108,HAS_SECTION
DFARS-P227,DFARS-SP227.72,HAS_SUBPART
DFARS-SP227.72,DFARS-S227.7200,HAS_SECTION
DFARS-SP227.72,DFARS-S227.7201,HAS_SECTION
DFARS-SP227.72,DFARS-S227.7202,HAS_SECTION
DFARS-SP227.72,DFARS-S227.7202-1,HAS_SECTION
DFARS-SP227.72,DFARS-S227.7202-2,HAS_SECTION
DFARS-SP227.72,DFARS-S227.7202-3,HAS_SECTION
DFARS-SP227.72,DFARS-S227.7202-4,HAS_SECTION
DFARS-SP227.72,DFARS-S227.7203,HAS_SECTION
DFARS-SP227.72,DFARS-S227.7203-1,HAS_SECTION
DFARS-SP227.72,DFARS-S227.7203-2,HAS_SECTION
DFARS-SP227.72,DFARS-S227.7203-3,HAS_SECTION
DFARS-SP227.72,DFARS-S227.7203-4,HAS_SECTION
DFARS-SP227.72,DFARS-S227.7203-5,HAS_SECTION
DFARS-SP227.72,DFARS-S227.7203-6,HAS_SECTION
DFARS-SP227.72,DFARS-S227.7203-8,HAS_SECTION
DFARS-SP227.72,DFARS-S227.7203-9,HAS_SECTION
DFARS-SP227.72,DFARS-S227.7203-10,HAS_SECTION
DFARS-SP227.72,DFARS-S227.7203-11,HAS_SECTION
DFARS-SP227.72,DFARS-S227.7203-12,HAS_SECTION
DFARS-SP227.72,DFARS-S227.7203-13,HAS_SECTION
DFARS-SP227.72,DFARS-S227.7203-14,HAS_SECTION
DFARS-SP227.72,DFARS-S227.7203-15,HAS_SECTION
DFARS-SP227.72,DFARS-S227.7203-16,HAS_SECTION
DFARS-SP227.72,DFARS-S227.7203-17,HAS_SECTION
DFARS-SP227.72,DFARS-S227.7204,HAS_SECTION
DFARS-SP227.72,DFARS-S227.7205,HAS_SECTION
DFARS-SP227.72,DFARS-S227.7206,HAS_SECTION
DFARS-SP227.72,DFARS-S227.7207,HAS_SECTION
DFARS-P228,DFARS-SP228.1,HAS_SUBPART
DFARS-SP228.1,DFARS-S228.102,HAS_SECTION
DFARS-SP228.1,DFARS-S228.102-1,HAS_SECTION
DFARS-SP228.1,DFARS-S228.102-70,HAS_SECTION
DFARS-SP228.1,DFARS-S228.105,HAS_SECTION
DFARS-SP228.1,DFARS-S228.106,HAS_SECTION
DFARS-SP228.1,DFARS-S228.106-7,HAS_SECTION
DFARS-P228,DFARS-SP228.3,HAS_SUBPART
DFARS-SP228.3,DFARS-S228.304,HAS_SECTION
DFARS-SP228.3,DFARS-S228.305,HAS_SECTION
DFARS-SP228.3,DFARS-S228.307,HAS_SECTION
DFARS-SP228.3,DFARS-S228.307-1,HAS_SECTION
DFARS-SP228.3,DFARS-S228.311,HAS_SECTION
DFARS-SP228.3,DFARS-S228.311-1,HAS_SECTION
DFARS-SP228.3,DFARS-S228.370,HAS_SECTION
DFARS-SP228.3,DFARS-S228.370-1,HAS_SECTION
DFARS-SP228.3,DFARS-S228.370-2,HAS_SECTION
DFARS-SP228.3,DFARS-S228.370-3,HAS_SECTION
DFARS-SP228.3,DFARS-S228.371,HAS_SECTION
DFARS-P229,DFARS-SP229.1,HAS_SUBPART
DFARS-SP229.1,DFARS-S229.101,HAS_SECTION
DFARS-SP229.1,DFARS-S229.170,HAS_SECTION
DFARS-SP229.1,DFARS-S229.170-1,HAS_SECTION
DFARS-SP229.1,DFARS-S229.170-2,HAS_SECTION
DFARS-SP229.1,DFARS-S229.170-3,HAS_SECTION
DFARS-SP229.1,DFARS-S229.170-4,HAS_SECTION
DFARS-P229,DFARS-SP229.2,HAS_SUBPART
DFARS-SP229.2,DFARS-S229.204,HAS_SECTION
DFARS-P229,DFARS-SP229.4,HAS_SUBPART
DFARS-SP229.4,DFARS-S229.402,HAS_SECTION
DFARS-SP229.4,DFARS-S229.402-70,HAS_SECTION
DFARS-P229,DFARS-SP229.70,HAS_SUBPART
DFARS-P230,DFARS-SP230.2,HAS_SUBPART
DFARS-SP230.2,DFARS-S230.201,HAS_SECTION
DFARS-SP230.2,DFARS-S230.201-5,HAS_SECTION
DFARS-P230,DFARS-SP230.70,HAS_SUBPART
DFARS-P230,DFARS-SP230.71,HAS_SUBPART
DFARS-P231,DFARS-SP231.1,HAS_SUBPART
DFARS-SP231.1,DFARS-S231.100,HAS_SECTION
DFARS-SP231.1,DFARS-S231.100-70,HAS_SECTION
DFARS-P231,DFARS-SP231.2,HAS_SUBPART
DFARS-SP231.2,DFARS-S231.205,HAS_SECTION
DFARS-SP231.2,DFARS-S231.205-1,HAS_SECTION
DFARS-SP231.2,DFARS-S231.205-6,HAS_SECTION
DFARS-SP231.2,DFARS-S231.205-18,HAS_SECTION
DFARS-SP231.2,DFARS-S231.205-19,HAS_SECTION
DFARS-SP231.2,DFARS-S231.205-22,HAS_SECTION
DFARS-SP231.2,DFARS-S231.205-70,HAS_SECTION
DFARS-SP231.2,DFARS-S231.205-71,HAS_SECTION
DFARS-P231,DFARS-SP231.3,HAS_SUBPART
DFARS-SP231.3,DFARS-S231.303,HAS_SECTION
DFARS-P231,DFARS-SP231.6,HAS_SUBPART
DFARS-SP231.6,DFARS-S231.603,HAS_SECTION
DFARS-P231,DFARS-SP231.7,HAS_SUBPART
DFARS-SP231.7,DFARS-S231.703,HAS_SECTION
DFARS-P232,DFARS-S232.001,HAS_SECTION
DFARS-P232,DFARS-S232.006,HAS_SECTION
DFARS-P232,DFARS-S232.006-5,HAS_SECTION
DFARS-P232,DFARS-S232.007,HAS_SECTION
DFARS-P232,DFARS-S232.009,HAS_SECTION
DFARS-P232,DFARS-S232.009-1,HAS_SECTION
DFARS-P232,DFARS-S232.070,HAS_SECTION
DFARS-P232,DFARS-S232.071,HAS_SECTION
DFARS-P232,DFARS-S232.072,HAS_SECTION
DFARS-P232,DFARS-S232.072-1,HAS_SECTION
DFARS-P232,DFARS-S232.072-2,HAS_SECTION
DFARS-P232,DFARS-S232.072-3,HAS_SECTION
DFARS-P232,DFARS-SP232.1,HAS_SUBPART
DFARS-SP232.1,DFARS-S232.102,HAS_SECTION
DFARS-SP232.1,DFARS-S232.102-70,HAS_SECTION
DFARS-SP232.1,DFARS-S232.104,HAS_SECTION
DFARS-P232,DFARS-SP232.2,HAS_SUBPART
DFARS-SP232.2,DFARS-S232.202,HAS_SECTION
DFARS-SP232.2,DFARS-S232.202-4,HAS_SECTION
DFARS-SP232.2,DFARS-S232.206,HAS_SECTION
DFARS-P232,DFARS-SP232.3,HAS_SUBPART
DFARS-SP232.3,DFARS-S232.302,HAS_SECTION
DFARS-P232,DFARS-SP232.4,HAS_SUBPART
DFARS-SP232.4,DFARS-S232.404,HAS_SECTION
DFARS-SP232.4,DFARS-S232.409,HAS_SECTION
DFARS-SP232.4,DFARS-S232.409-1,HAS_SECTION
DFARS-SP232.4,DFARS-S232.410,HAS_SECTION
DFARS-SP232.4,DFARS-S232.412,HAS_SECTION
DFARS-SP232.4,DFARS-S232.412-70,HAS_SECTION
DFARS-SP232.4,DFARS-S232.470,HAS_SECTION
DFARS-P232,DFARS-SP232.5,HAS_SUBPART
DFARS-SP232.5,DFARS-S232.501,HAS_SECTION
DFARS-SP232.5,DFARS-S232.501-1,HAS_SECTION
DFARS-SP232.5,DFARS-S232.501-2,HAS_SECTION
DFARS-SP232.5,DFARS-S232.501-3,HAS_SECTION
DFARS-SP232.5,DFARS-S232.502,HAS_SECTION
DFARS-SP232.5,DFARS-S232.502-4,HAS_SECTION
DFARS-SP232.5,DFARS-S232.502-4-70,HAS_SECTION
DFARS-SP232.5,DFARS-S232.503,HAS_SECTION
DFARS-SP232.5,DFARS-S232.503-6,HAS_SECTION
DFARS-SP232.5,DFARS-S232.503-15,HAS_SECTION
DFARS-P232,DFARS-SP232.6,HAS_SUBPART
DFARS-SP232.6,DFARS-S232.602,HAS_SECTION
DFARS-SP232.6,DFARS-S232.603,HAS_SECTION
DFARS-SP232.6,DFARS-S232.604,HAS_SECTION
DFARS-SP232.6,DFARS-S232.610,HAS_SECTION
DFARS-SP232.6,DFARS-S232.611,HAS_SECTION
DFARS-SP232.6,DFARS-S232.670,HAS_SECTION
DFARS-SP232.6,DFARS-S232.671,HAS_SECTION
DFARS-P232,DFARS-SP232.7,HAS_SUBPART
DFARS-SP232.7,DFARS-S232.702,HAS_SECTION
DFARS-SP232.7,DFARS-S232.703,HAS_SECTION
DFARS-SP232.7,DFARS-S232.703-1,HAS_SECTION
DFARS-SP232.7,DFARS-S232.703-3,HAS_SECTION
DFARS-SP232.7,DFARS-S232.703-70,HAS_SECTION
DFARS-SP232.7,DFARS-S232.704,HAS_SECTION
DFARS-SP232.7,DFARS-S232.704-70,HAS_SECTION
DFARS-SP232.7,DFARS-S232.706,HAS_SECTION
DFARS-SP232.7,DFARS-S232.706-70,HAS_SECTION
DFARS-P232,DFARS-SP232.8,HAS_SUBPART
DFARS-SP232.8,DFARS-S232.803,HAS_SECTION
DFARS-SP232.8,DFARS-S232.805,HAS_SECTION
DFARS-SP232.8,DFARS-S232.806,HAS_SECTION
DFARS-P232,DFARS-SP232.9,HAS_SUBPART
DFARS-SP232.9,DFARS-S232.901,HAS_SECTION
DFARS-SP232.9,DFARS-S232.903,HAS_SECTION
DFARS-SP232.9,DFARS-S232.904,HAS_SECTION
DFARS-SP232.9,DFARS-S232.905,HAS_SECTION
DFARS-SP232.9,DFARS-S232.906,HAS_SECTION
DFARS-SP232.9,DFARS-S232.908,HAS_SECTION
DFARS-P232,DFARS-SP232.10,HAS_SUBPART
DFARS-SP232.10,DFARS-S232.1001,HAS_SECTION
DFARS-SP232.10,DFARS-S232.1003,HAS_SECTION
DFARS-SP232.10,DFARS-S232.1003-70,HAS_SECTION
DFARS-SP232.10,DFARS-S232.1004,HAS_SECTION
DFARS-SP232.10,DFARS-S232.1005,HAS_SECTION
DFARS-SP232.10,DFARS-S232.1005-70,HAS_SECTION
DFARS-P232,DFARS-SP232.11,HAS_SUBPART
DFARS-SP232.11,DFARS-S232.1108,HAS_SECTION
DFARS-SP232.11,DFARS-S232.1108-70,HAS_SECTION
DFARS-SP232.11,DFARS-S232.1110,HAS_SECTION
DFARS-P232,DFARS-SP232.70,HAS_SUBPART
DFARS-SP232.70,DFARS-S232.7000,HAS_SECTION
DFARS-SP232.70,DFARS-S232.7001,HAS_SECTION
DFARS-SP232.70,DFARS-S232.7002,HAS_SECTION
DFARS-SP232.70,DFARS-S232.7003,HAS_SECTION
DFARS-SP232.70,DFARS-S232.7004,HAS_SECTION
DFARS-P232,DFARS-SP232.71,HAS_SUBPART
DFARS-SP232.71,DFARS-S232.7100,HAS_SECTION
DFARS-SP232.71,DFARS-S232.7101,HAS_SECTION
DFARS-SP232.71,DFARS-S232.7102,HAS_SECTION
DFARS-P232,DFARS-SP232.72,HAS_SUBPART
DFARS-P233,DFARS-SP233.1,HAS_SUBPART
DFARS-SP233.1,DFARS-S233.102,HAS_SECTION
DFARS-SP233.1,DFARS-S233.104,HAS_SECTION
DFARS-SP233.1,DFARS-S233.170,HAS_SECTION
DFARS-SP233.1,DFARS-S233.171,HAS_SECTION
DFARS-P233,DFARS-SP233.2,HAS_SUBPART
DFARS-SP233.2,DFARS-S233.204,HAS_SECTION
DFARS-SP233.2,DFARS-S233.204-70,HAS_SECTION
DFARS-SP233.2,DFARS-S233.210,HAS_SECTION
DFARS-SP233.2,DFARS-S233.215,HAS_SECTION
DFARS-SP233.2,DFARS-S233.215-70,HAS_SECTION
DFARS-P234,DFARS-S234.001,HAS_SECTION
DFARS-P234,DFARS-S234.001-70,HAS_SECTION
DFARS-P234,DFARS-S234.003,HAS_SECTION
DFARS-P234,DFARS-S234.004,HAS_SECTION
DFARS-P234,DFARS-S234.005,HAS_SECTION
DFARS-P234,DFARS-S234.005-1,HAS_SECTION
DFARS-P234,DFARS-S234.005-2,HAS_SECTION
DFARS-P234,DFARS-SP234.2,HAS_SUBPART
DFARS-SP234.2,DFARS-S234.201,HAS_SECTION
DFARS-SP234.2,DFARS-S234.203,HAS_SECTION
DFARS-P234,DFARS-SP234.70,HAS_SUBPART
DFARS-SP234.70,DFARS-S234.7000,HAS_SECTION
DFARS-SP234.70,DFARS-S234.7001,HAS_SECTION
DFARS-SP234.70,DFARS-S234.7002,HAS_SECTION
DFARS-P234,DFARS-SP234.71,HAS_SUBPART
DFARS-SP234.71,DFARS-S234.7100,HAS_SECTION
DFARS-SP234.71,DFARS-S234.7101,HAS_SECTION
DFARS-P235,DFARS-S235.001,HAS_SECTION
DFARS-P235,DFARS-S235.006,HAS_SECTION
DFARS-P235,DFARS-S235.006-70,HAS_SECTION
DFARS-P235,DFARS-S235.006-71,HAS_SECTION
DFARS-P235,DFARS-S235.008,HAS_SECTION
DFARS-P235,DFARS-S235.010,HAS_SECTION
DFARS-P235,DFARS-S235.015,HAS_SECTION
DFARS-P235,DFARS-S235.015-70,HAS_SECTION
DFARS-P235,DFARS-S235.016,HAS_SECTION
DFARS-P235,DFARS-S235.017,HAS_SECTION
DFARS-P235,DFARS-S235.017-1,HAS_SECTION
DFARS-P235,DFARS-S235.070,HAS_SECTION
DFARS-P235,DFARS-S235.070-1,HAS_SECTION
DFARS-P235,DFARS-S235.070-2,HAS_SECTION
DFARS-P235,DFARS-S235.070-3,HAS_SECTION
DFARS-P235,DFARS-S235.071,HAS_SECTION
DFARS-P235,DFARS-S235.072,HAS_SECTION
DFARS-P235,DFARS-SP235.70,HAS_SUBPART
DFARS-P236,DFARS-SP236.1,HAS_SUBPART
DFARS-SP236.1,DFARS-S236.102,HAS_SECTION
DFARS-P236,DFARS-SP236.2,HAS_SUBPART
DFARS-SP236.2,DFARS-S236.203,HAS_SECTION
DFARS-SP236.2,DFARS-S236.204,HAS_SECTION
DFARS-SP236.2,DFARS-S236.206,HAS_SECTION
DFARS-SP236.2,DFARS-S236.211,HAS_SECTION
DFARS-SP236.2,DFARS-S236.213,HAS_SECTION
DFARS-SP236.2,DFARS-S236.215,HAS_SECTION
DFARS-SP236.2,DFARS-S236.270,HAS_SECTION
DFARS-SP236.2,DFARS-S236.271,HAS_SECTION
DFARS-SP236.2,DFARS-S236.272,HAS_SECTION
DFARS-SP236.2,DFARS-S236.273,HAS_SECTION
DFARS-SP236.2,DFARS-S236.274,HAS_SECTION
DFARS-SP236.2,DFARS-S236.275,HAS_SECTION
DFARS-P236,DFARS-SP236.3,HAS_SUBPART
DFARS-SP236.3,DFARS-S236.303,HAS_SECTION
DFARS-SP236.3,DFARS-S236.303-1,HAS_SECTION
DFARS-P236,DFARS-SP236.4,HAS_SUBPART
DFARS-P236,DFARS-SP236.5,HAS_SUBPART
DFARS-SP236.5,DFARS-S236.570,HAS_SECTION
DFARS-P236,DFARS-SP236.6,HAS_SUBPART
DFARS-SP236.6,DFARS-S236.601,HAS_SECTION
DFARS-SP236.6,DFARS-S236.602,HAS_SECTION
DFARS-SP236.6,DFARS-S236.602-1,HAS_SECTION
DFARS-SP236.6,DFARS-S236.602-70,HAS_SECTION
DFARS-SP236.6,DFARS-S236.604,HAS_SECTION
DFARS-SP236.6,DFARS-S236.606,HAS_SECTION
DFARS-SP236.6,DFARS-S236.606-70,HAS_SECTION
DFARS-SP236.6,DFARS-S236.609,HAS_SECTION
DFARS-SP236.6,DFARS-S236.609-70,HAS_SECTION
DFARS-P236,DFARS-SP236.7,HAS_SUBPART
DFARS-SP236.7,DFARS-S236.701,HAS_SECTION
DFARS-P237,DFARS-SP237.1,HAS_SUBPART
DFARS-SP237.1,DFARS-S237.101,HAS_SECTION
DFARS-SP237.1,DFARS-S237.102,HAS_SECTION
DFARS-SP237.1,DFARS-S237.102-70,HAS_SECTION
DFARS-SP237.1,DFARS-S237.102-71,HAS_SECTION
DFARS-SP237.1,DFARS-S237.102-72,HAS_SECTION
DFARS-SP237.1,DFARS-S237.102-73,HAS_SECTION
DFARS-SP237.1,DFARS-S237.102-74,HAS_SECTION
DFARS-SP237.1,DFARS-S237.102-75,HAS_SECTION
DFARS-SP237.1,DFARS-S237.102-76,HAS_SECTION
DFARS-SP237.1,DFARS-S237.102-77,HAS_SECTION
DFARS-SP237.1,DFARS-S237.102-78,HAS_SECTION
DFARS-SP237.1,DFARS-S237.102-79,HAS_SECTION
DFARS-SP237.1,DFARS-S237.104,HAS_SECTION
DFARS-SP237.1,DFARS-S237.106,HAS_SECTION
DFARS-SP237.1,DFARS-S237.109,HAS_SECTION
DFARS-SP237.1,DFARS-S237.170,HAS_SECTION
DFARS-SP237.1,DFARS-S237.170-1,HAS_SECTION
DFARS-SP237.1,DFARS-S237.170-2,HAS_SECTION
DFARS-SP237.1,DFARS-S237.171,HAS_SECTION
DFARS-SP237.1,DFARS-S237.171-1,HAS_SECTION
DFARS-SP237.1,DFARS-S237.171-2,HAS_SECTION
DFARS-SP237.1,DFARS-S237.171-3,HAS_SECTION
DFARS-SP237.1,DFARS-S237.171-4,HAS_SECTION
DFARS-SP237.1,DFARS-S237.172,HAS_SECTION
DFARS-SP237.1,DFARS-S237.173,HAS_SECTION
DFARS-SP237.1,DFARS-S237.173-1,HAS_SECTION
DFARS-SP237.1,DFARS-S237.173-2,HAS_SECTION
DFARS-SP237.1,DFARS-S237.173-3,HAS_SECTION
DFARS-SP237.1,DFARS-S237.173-4,HAS_SECTION
DFARS-SP237.1,DFARS-S237.173-5,HAS_SECTION
DFARS-SP237.1,DFARS-S237.174,HAS_SECTION
DFARS-SP237.1,DFARS-S237.175,HAS_SECTION
DFARS-P237,DFARS-SP237.2,HAS_SUBPART
DFARS-SP237.2,DFARS-S237.270,HAS_SECTION
DFARS-SP237.2,DFARS-S237.271,HAS_SECTION
DFARS-P237,DFARS-SP237.5,HAS_SUBPART
DFARS-SP237.5,DFARS-S237.503,HAS_SECTION
DFARS-P237,DFARS-SP237.6,HAS_SUBPART
DFARS-P237,DFARS-SP237.70,HAS_SUBPART
DFARS-SP237.70,DFARS-S237.7000,HAS_SECTION
DFARS-SP237.70,DFARS-S237.7001,HAS_SECTION
DFARS-SP237.70,DFARS-S237.7002,HAS_SECTION
DFARS-SP237.70,DFARS-S237.7003,HAS_SECTION
DFARS-P237,DFARS-SP237.71,HAS_SUBPART
DFARS-SP237.71,DFARS-S237.7100,HAS_SECTION
DFARS-SP237.71,DFARS-S237.7101,HAS_SECTION
DFARS-P237,DFARS-SP237.72,HAS_SUBPART
DFARS-SP237.72,DFARS-S237.7200,HAS_SECTION
DFARS-SP237.72,DFARS-S237.7201,HAS_SECTION
DFARS-SP237.72,DFARS-S237.7202,HAS_SECTION
DFARS-SP237.72,DFARS-S237.7203,HAS_SECTION
DFARS-SP237.72,DFARS-S237.7204,HAS_SECTION
DFARS-P237,DFARS-SP237.73,HAS_SUBPART
DFARS-SP237.73,DFARS-S237.7300,HAS_SECTION
DFARS-SP237.73,DFARS-S237.7301,HAS_SECTION
DFARS-SP237.73,DFARS-S237.7302,HAS_SECTION
DFARS-SP237.73,DFARS-S237.7303,HAS_SECTION
DFARS-P237,DFARS-SP237.74,HAS_SUBPART
DFARS-SP237.74,DFARS-S237.7400,HAS_SECTION
DFARS-SP237.74,DFARS-S237.7401,HAS_SECTION
DFARS-SP237.74,DFARS-S237.7402,HAS_SECTION
DFARS-P237,DFARS-SP237.75,HAS_SUBPART
DFARS-SP237.75,DFARS-S237.7501,HAS_SECTION
DFARS-SP237.75,DFARS-S237.7502,HAS_SECTION
DFARS-P237,DFARS-SP237.76,HAS_SUBPART
DFARS-SP237.76,DFARS-S237.7600,HAS_SECTION
DFARS-SP237.76,DFARS-S237.7601,HAS_SECTION
DFARS-SP237.76,DFARS-S237.7602,HAS_SECTION
DFARS-SP237.76,DFARS-S237.7603,HAS_SECTION
DFARS-P237,DFARS-SP237.77,HAS_SUBPART
DFARS-SP237.77,DFARS-S237.7700,HAS_SECTION
DFARS-SP237.77,DFARS-S237.7701,HAS_SECTION
DFARS-SP237.77,DFARS-S237.7702,HAS_SECTION
DFARS-P237,DFARS-SP237.78,HAS_SUBPART
DFARS-SP237.78,DFARS-S237.7800,HAS_SECTION
DFARS-SP237.78,DFARS-S237.7801,HAS_SECTION
DFARS-SP237.78,DFARS-S237.7802,HAS_SECTION
DFARS-SP237.78,DFARS-S237.7803,HAS_SECTION
DFARS-SP237.78,DFARS-S237.7804,HAS_SECTION
DFARS-S226.570-2,DFARS-S226.570-2-a,HAS_PROVISION
DFARS-S226.570-2-a,DFARS-S226.570-2-a-1,HAS_PROVISION
DFARS-S226.570-2-a,DFARS-S226.570-2-a-2,HAS_PROVISION
DFARS-S226.570-2,DFARS-S226.570-2-b,HAS_PROVISION
DFARS-S226.570-2-b,DFARS-S226.570-2-b-1,HAS_PROVISION
DFARS-S226.570-2-b,DFARS-S226.570-2-b-2,HAS_PROVISION
DFARS-S226.570-2-b,DFARS-S226.570-2-b-3,HAS_PROVISION
DFARS-S226.7103,DFARS-S226.7103-a,HAS_PROVISION
DFARS-S226.7103,DFARS-S226.7103-b,HAS_PROVISION
DFARS-S226.7103,DFARS-S226.7103-c,HAS_PROVISION
DFARS-S226.7103-c,DFARS-S226.7103-c-1,HAS_PROVISION
DFARS-S226.7103-c,DFARS-S226.7103-c-2,HAS_PROVISION
DFARS-S226.7201,DFARS-S226.7201-1,HAS_PROVISION
DFARS-S226.7201,DFARS-S226.7201-2,HAS_PROVISION
DFARS-S226.7201,DFARS-S226.7201-3,HAS_PROVISION
DFARS-S226.7202,DFARS-S226.7202-a,HAS_PROVISION
DFARS-S226.7202-a,DFARS-S226.7202-a-1,HAS_PROVISION
DFARS-S226.7202-a-1,DFARS-S226.7202-a-1-2,HAS_PROVISION
DFARS-S226.7202,DFARS-S226.7202-b,HAS_PROVISION
DFARS-S226.7202,DFARS-S226.7202-c,HAS_PROVISION
DFARS-S226.7202-c,DFARS-S226.7202-c-1,HAS_PROVISION
DFARS-S226.7202-c-1,DFARS-S226.7202-c-1-2,HAS_PROVISION
DFARS-S227.303,DFARS-S227.303-1,HAS_PROVISION
DFARS-S227.303,DFARS-S227.303-2,HAS_PROVISION
DFARS-S227.303-2,DFARS-S227.303-2-i,HAS_PROVISION
DFARS-S227.303-2-i,DFARS-S227.303-2-i-A,HAS_PROVISION
DFARS-S227.303-2-i,DFARS-S227.303-2-i-B,HAS_PROVISION
DFARS-S227.303-2-i,DFARS-S227.303-2-i-ii,HAS_PROVISION
DFARS-S227.303-2-i-ii,DFARS-S227.303-2-i-ii-A,HAS_PROVISION
DFARS-S227.303-2-i-ii,DFARS-S227.303-2-i-ii-B,HAS_PROVISION
DFARS-S227.303-2-i-ii,DFARS-S227.303-2-i-ii-C,HAS_PROVISION
DFARS-S227.303-2-i,DFARS-S227.303-2-i-iii,HAS_PROVISION
DFARS-S227.673,DFARS-S227.673-a,HAS_PROVISION
DFARS-S227.673-a,DFARS-S227.673-a-1,HAS_PROVISION
DFARS-S227.673-a,DFARS-S227.673-a-2,HAS_PROVISION
DFARS-S227.673,DFARS-S227.673-b,HAS_PROVISION
DFARS-S227.673-b,DFARS-S227.673-b-1,HAS_PROVISION
DFARS-S227.673-b,DFARS-S227.673-b-2,HAS_PROVISION
DFARS-S227.673-b,DFARS-S227.673-b-3,HAS_PROVISION
DFARS-S227.674,DFARS-S227.674-a,HAS_PROVISION
DFARS-S227.674,DFARS-S227.674-b,HAS_PROVISION
DFARS-S227.674-b,DFARS-S227.674-b-1,HAS_PROVISION
DFARS-S227.674-b,DFARS-S227.674-b-2,HAS_PROVISION
DFARS-S227.674-b,DFARS-S227.674-b-3,HAS_PROVISION
DFARS-S227.675-2,DFARS-S227.675-2-a,HAS_PROVISION
DFARS-S227.675-2,DFARS-S227.675-2-b,HAS_PROVISION
DFARS-S227.675-2-b,DFARS-S227.675-2-b-1,HAS_PROVISION
DFARS-S227.675-2-b,DFARS-S227.675-2-b-2,HAS_PROVISION
DFARS-S227.675-2-b,DFARS-S227.675-2-b-3,HAS_PROVISION
DFARS-S227.675-2-b,DFARS-S227.675-2-b-4,HAS_PROVISION
DFARS-S227.675-2,DFARS-S227.675-2-c,HAS_PROVISION
DFARS-S227.675-2-c,DFARS-S227.675-2-c-1,HAS_PROVISION
DFARS-S227.675-2-c-1,DFARS-S227.675-2-c-1-i,HAS_PROVISION
DFARS-S227.675-2-c-1,DFARS-S227.675-2-c-1-ii,HAS_PROVISION
DFARS-S227.675-2-c-1,DFARS-S227.675-2-c-1-iii,HAS_PROVISION
DFARS-S227.675-2-c,DFARS-S227.675-2-c-2,HAS_PROVISION
DFARS-S227.675-2-c-2,DFARS-S227.675-2-c-2-i,HAS_PROVISION
DFARS-S227.675-2-c-2,DFARS-S227.675-2-c-2-ii,HAS_PROVISION
DFARS-S227.675-2,DFARS-S227.675-2-d,HAS_PROVISION
DFARS-S227.675-2,DFARS-S227.675-2-e,HAS_PROVISION
DFARS-S227.675-2,DFARS-S227.675-2-f,HAS_PROVISION
DFARS-S227.675-2-f,DFARS-S227.675-2-f-1,HAS_PROVISION
DFARS-S227.675-2-f,DFARS-S227.675-2-f-2,HAS_PROVISION
DFARS-S227.675-2-f,DFARS-S227.675-2-f-3,HAS_PROVISION
DFARS-S227.675-2,DFARS-S227.675-2-g,HAS_PROVISION
DFARS-S227.676,DFARS-S227.676-a,HAS_PROVISION
DFARS-S227.676,DFARS-S227.676-b,HAS_PROVISION
DFARS-S227.7004,DFARS-S227.7004-a,HAS_PROVISION
DFARS-S227.7004-a,DFARS-S227.7004-a-1,HAS_PROVISION
DFARS-S227.7004-a,DFARS-S227.7004-a-2,HAS_PROVISION
DFARS-S227.7004-a,DFARS-S227.7004-a-3,HAS_PROVISION
DFARS-S227.7004-a,DFARS-S227.7004-a-4,HAS_PROVISION
DFARS-S227.7004-a,DFARS-S227.7004-a-5,HAS_PROVISION
DFARS-S227.7004-a,DFARS-S227.7004-a-6,HAS_PROVISION
DFARS-S227.7004,DFARS-S227.7004-b,HAS_PROVISION
DFARS-S227.7004-b,DFARS-S227.7004-b-1,HAS_PROVISION
DFARS-S227.7004-b,DFARS-S227.7004-b-2,HAS_PROVISION
DFARS-S227.7004-b,DFARS-S227.7004-b-3,HAS_PROVISION
DFARS-S227.7004-b,DFARS-S227.7004-b-4,HAS_PROVISION
DFARS-S227.7004-b,DFARS-S227.7004-b-5,HAS_PROVISION
DFARS-S227.7004-b,DFARS-S227.7004-b-6,HAS_PROVISION
DFARS-S227.7004-b,DFARS-S227.7004-b-7,HAS_PROVISION
DFARS-S227.7004-b,DFARS-S227.7004-b-8,HAS_PROVISION
DFARS-S227.7004-b,DFARS-S227.7004-b-9,HAS_PROVISION
DFARS-S227.7004-b,DFARS-S227.7004-b-10,HAS_PROVISION
DFARS-S227.7004-b,DFARS-S227.7004-b-11,HAS_PROVISION
DFARS-S227.7004,DFARS-S227.7004-c,HAS_PROVISION
DFARS-S227.7004-c,DFARS-S227.7004-c-1,HAS_PROVISION
DFARS-S227.7004-c,DFARS-S227.7004-c-2,HAS_PROVISION
DFARS-S227.7004-c,DFARS-S227.7004-c-3,HAS_PROVISION
DFARS-S227.7004-c,DFARS-S227.7004-c-4,HAS_PROVISION
DFARS-S227.7004-c,DFARS-S227.7004-c-5,HAS_PROVISION
DFARS-S227.7004-c,DFARS-S227.7004-c-6,HAS_PROVISION
DFARS-S227.7004-c,DFARS-S227.7004-c-7,HAS_PROVISION
DFARS-S227.7004-c,DFARS-S227.7004-c-8,HAS_PROVISION
DFARS-S227.7004,DFARS-S227.7004-d,HAS_PROVISION
DFARS-S227.7004-d,DFARS-S227.7004-d-1,HAS_PROVISION
DFARS-S227.7004-d,DFARS-S227.7004-d-2,HAS_PROVISION
DFARS-S227.7004,DFARS-S227.7004-e,HAS_PROVISION
DFARS-S227.7005,DFARS-S227.7005-a,HAS_PROVISION
DFARS-S227.7005,DFARS-S227.7005-b,HAS_PROVISION
DFARS-S227.7005,DFARS-S227.7005-c,HAS_PROVISION
DFARS-S227.7006,DFARS-S227.7006-a,HAS_PROVISION
DFARS-S227.7006,DFARS-S227.7006-b,HAS_PROVISION
DFARS-S227.7009-1,DFARS-S227.7009-1-a,HAS_PROVISION
DFARS-S227.7009-1,DFARS-S227.7009-1-b,HAS_PROVISION
DFARS-S227.7009-1,DFARS-S227.7009-1-c,HAS_PROVISION
DFARS-S227.7009-1,DFARS-S227.7009-1-d,HAS_PROVISION
DFARS-S227.7009-1,DFARS-S227.7009-1-e,HAS_PROVISION
DFARS-S227.7009-2,DFARS-S227.7009-2-a,HAS_PROVISION
DFARS-S227.7009-2,DFARS-S227.7009-2-b,HAS_PROVISION
DFARS-S227.7009-2,DFARS-S227.7009-2-c,HAS_PROVISION
DFARS-S227.7009-3,DFARS-S227.7009-3-a,HAS_PROVISION
DFARS-S227.7009-3,DFARS-S227.7009-3-b,HAS_PROVISION
DFARS-S227.7009-4,DFARS-S227.7009-4-a,HAS_PROVISION
DFARS-S227.7009-4,DFARS-S227.7009-4-b,HAS_PROVISION
DFARS-S227.7009-4,DFARS-S227.7009-4-c,HAS_PROVISION
DFARS-S227.7009-4,DFARS-S227.7009-4-d,HAS_PROVISION
DFARS-S227.7009-4-d,DFARS-S227.7009-4-d-1,HAS_PROVISION
DFARS-S227.7009-4-d,DFARS-S227.7009-4-d-2,HAS_PROVISION
DFARS-S227.7009-4,DFARS-S227.7009-4-e,HAS_PROVISION
DFARS-S227.7010,DFARS-S227.7010-a,HAS_PROVISION
DFARS-S227.7010,DFARS-S227.7010-b,HAS_PROVISION
DFARS-S227.7100,DFARS-S227.7100-a,HAS_PROVISION
DFARS-S227.7100-a,DFARS-S227.7100-a-1,HAS_PROVISION
DFARS-S227.7100-a,DFARS-S227.7100-a-2,HAS_PROVISION
DFARS-S227.7100-a,DFARS-S227.7100-a-3,HAS_PROVISION
DFARS-S227.7100-a,DFARS-S227.7100-a-4,HAS_PROVISION
DFARS-S227.7100-a,DFARS-S227.7100-a-5,HAS_PROVISION
DFARS-S227.7100-a,DFARS-S227.7100-a-6,HAS_PROVISION
DFARS-S227.7100-a,DFARS-S227.7100-a-7,HAS_PROVISION
DFARS-S227.7100-a,DFARS-S227.7100-a-8,HAS_PROVISION
DFARS-S227.7100,DFARS-S227.7100-b,HAS_PROVISION
DFARS-S227.7100-b,DFARS-S227.7100-b-1,HAS_PROVISION
DFARS-S227.7100-b,DFARS-S227.7100-b-2,HAS_PROVISION
DFARS-S227.7101,DFARS-S227.7101-a,HAS_PROVISION
DFARS-S227.7101,DFARS-S227.7101-b,HAS_PROVISION
DFARS-S227.7102-1,DFARS-S227.7102-1-a,HAS_PROVISION
DFARS-S227.7102-1-a,DFARS-S227.7102-1-a-1,HAS_PROVISION
DFARS-S227.7102-1-a,DFARS-S227.7102-1-a-2,HAS_PROVISION
DFARS-S227.7102-1-a,DFARS-S227.7102-1-a-3,HAS_PROVISION
DFARS-S227.7102-1,DFARS-S227.7102-1-b,HAS_PROVISION
DFARS-S227.7102-1-b,DFARS-S227.7102-1-b-1,HAS_PROVISION
DFARS-S227.7102-1-b,DFARS-S227.7102-1-b-2,HAS_PROVISION
DFARS-S227.7102-1,DFARS-S227.7102-1-c,HAS_PROVISION
DFARS-S227.7102-2,DFARS-S227.7102-2-a,HAS_PROVISION
DFARS-S227.7102-2-a,DFARS-S227.7102-2-a-b,HAS_PROVISION
DFARS-S227.7102-4,DFARS-S227.7102-4-a,HAS_PROVISION
DFARS-S227.7102-4-a,DFARS-S227.7102-4-a-1,HAS_PROVISION
DFARS-S227.7102-4-a-1,DFARS-S227.7102-4-a-1-2,HAS_PROVISION
DFARS-S227.7102-4,DFARS-S227.7102-4-b,HAS_PROVISION
DFARS-S227.7102-4,DFARS-S227.7102-4-c,HAS_PROVISION
DFARS-S227.7103-1,DFARS-S227.7103-1-a,HAS_PROVISION
DFARS-S227.7103-1,DFARS-S227.7103-1-b,HAS_PROVISION
DFARS-S227.7103-1-b,DFARS-S227.7103-1-b-1,HAS_PROVISION
DFARS-S227.7103-1-b,DFARS-S227.7103-1-b-2,HAS_PROVISION
DFARS-S227.7103-1-b,DFARS-S227.7103-1-b-3,HAS_PROVISION
DFARS-S227.7103-1-b,DFARS-S227.7103-1-b-4,HAS_PROVISION
DFARS-S227.7103-1,DFARS-S227.7103-1-c,HAS_PROVISION
DFARS-S227.7103-1,DFARS-S227.7103-1-d,HAS_PROVISION
DFARS-S227.7103-1,DFARS-S227.7103-1-e,HAS_PROVISION
DFARS-S227.7103-1-e,DFARS-S227.7103-1-e-1,HAS_PROVISION
DFARS-S227.7103-1-e,DFARS-S227.7103-1-e-2,HAS_PROVISION
DFARS-S227.7103-1,DFARS-S227.7103-1-f,HAS_PROVISION
DFARS-S227.7103-1,DFARS-S227.7103-1-g,HAS_PROVISION
DFARS-S227.7103-2,DFARS-S227.7103-2-a,HAS_PROVISION
DFARS-S227.7103-2,DFARS-S227.7103-2-b,HAS_PROVISION
DFARS-S227.7103-2-b,DFARS-S227.7103-2-b-1,HAS_PROVISION
DFARS-S227.7103-2-b-1,DFARS-S227.7103-2-b-1-2,HAS_PROVISION
DFARS-S227.7103-2,DFARS-S227.7103-2-c,HAS_PROVISION
DFARS-S227.7103-2-c,DFARS-S227.7103-2-c-1,HAS_PROVISION
DFARS-S227.7103-2-c,DFARS-S227.7103-2-c-2,HAS_PROVISION
DFARS-S227.7103-2-c,DFARS-S227.7103-2-c-3,HAS_PROVISION
DFARS-S227.7103-2-c,DFARS-S227.7103-2-c-4,HAS_PROVISION
DFARS-S227.7103-2-c,DFARS-S227.7103-2-c-5,HAS_PROVISION
DFARS-S227.7103-3,DFARS-S227.7103-3-a,HAS_PROVISION
DFARS-S227.7103-3,DFARS-S227.7103-3-b,HAS_PROVISION
DFARS-S227.7103-3,DFARS-S227.7103-3-c,HAS_PROVISION
DFARS-S227.7103-4,DFARS-S227.7103-4-a,HAS_PROVISION
DFARS-S227.7103-4-a,DFARS-S227.7103-4-a-1,HAS_PROVISION
DFARS-S227.7103-4-a-1,DFARS-S227.7103-4-a-1-2,HAS_PROVISION
DFARS-S227.7103-4-a,DFARS-S227.7103-4-a-b,HAS_PROVISION
DFARS-S227.7103-5,DFARS-S227.7103-5-a,HAS_PROVISION
DFARS-S227.7103-5-a,DFARS-S227.7103-5-a-1,HAS_PROVISION
DFARS-S227.7103-5-a,DFARS-S227.7103-5-a-2,HAS_PROVISION
DFARS-S227.7103-5-a,DFARS-S227.7103-5-a-3,HAS_PROVISION
DFARS-S227.7103-5-a,DFARS-S227.7103-5-a-4,HAS_PROVISION
DFARS-S227.7103-5-a,DFARS-S227.7103-5-a-5,HAS_PROVISION
DFARS-S227.7103-5-a,DFARS-S227.7103-5-a-6,HAS_PROVISION
DFARS-S227.7103-5-a,DFARS-S227.7103-5-a-7,HAS_PROVISION
DFARS-S227.7103-5-a,DFARS-S227.7103-5-a-8,HAS_PROVISION
DFARS-S227.7103-5-a,DFARS-S227.7103-5-a-9,HAS_PROVISION
DFARS-S227.7103-5-a-9,DFARS-S227.7103-5-a-9-i,HAS_PROVISION
DFARS-S227.7103-5-a-9,DFARS-S227.7103-5-a-9-ii,HAS_PROVISION
DFARS-S227.7103-5,DFARS-S227.7103-5-b,HAS_PROVISION
DFARS-S227.7103-5-b,DFARS-S227.7103-5-b-1,HAS_PROVISION
DFARS-S227.7103-5-b-1,DFARS-S227.7103-5-b-1-i,HAS_PROVISION
DFARS-S227.7103-5-b-1,DFARS-S227.7103-5-b-1-ii,HAS_PROVISION
DFARS-S227.7103-5-b,DFARS-S227.7103-5-b-2,HAS_PROVISION
DFARS-S227.7103-5-b,DFARS-S227.7103-5-b-3,HAS_PROVISION
DFARS-S227.7103-5-b,DFARS-S227.7103-5-b-4,HAS_PROVISION
DFARS-S227.7103-5-b-4,DFARS-S227.7103-5-b-4-i,HAS_PROVISION
DFARS-S227.7103-5-b-4,DFARS-S227.7103-5-b-4-ii,HAS_PROVISION
DFARS-S227.7103-5-b,DFARS-S227.7103-5-b-5,HAS_PROVISION
DFARS-S227.7103-5-b,DFARS-S227.7103-5-b-6,HAS_PROVISION
DFARS-S227.7103-5,DFARS-S227.7103-5-c,HAS_PROVISION
DFARS-S227.7103-5-c,DFARS-S227.7103-5-c-1,HAS_PROVISION
DFARS-S227.7103-5-c-1,DFARS-S227.7103-5-c-1-i,HAS_PROVISION
DFARS-S227.7103-5-c-1,DFARS-S227.7103-5-c-1-ii,HAS_PROVISION
DFARS-S227.7103-5-c,DFARS-S227.7103-5-c-2,HAS_PROVISION
DFARS-S227.7103-5-c-2,DFARS-S227.7103-5-c-2-i,HAS_PROVISION
DFARS-S227.7103-5-c-2,DFARS-S227.7103-5-c-2-ii,HAS_PROVISION
DFARS-S227.7103-5-c-2,DFARS-S227.7103-5-c-2-iii,HAS_PROVISION
DFARS-S227.7103-5-c,DFARS-S227.7103-5-c-3,HAS_PROVISION
DFARS-S227.7103-5-c,DFARS-S227.7103-5-c-4,HAS_PROVISION
DFARS-S227.7103-5,DFARS-S227.7103-5-d,HAS_PROVISION
DFARS-S227.7103-5-d,DFARS-S227.7103-5-d-1,HAS_PROVISION
DFARS-S227.7103-5-d,DFARS-S227.7103-5-d-2,HAS_PROVISION
DFARS-S227.7103-5-d-2,DFARS-S227.7103-5-d-2-i,HAS_PROVISION
DFARS-S227.7103-5-d-2,DFARS-S227.7103-5-d-2-ii,HAS_PROVISION
DFARS-S227.7103-5-d-2,DFARS-S227.7103-5-d-2-iii,HAS_PROVISION
DFARS-S227.7103-6,DFARS-S227.7103-6-a,HAS_PROVISION
DFARS-S227.7103-6,DFARS-S227.7103-6-b,HAS_PROVISION
DFARS-S227.7103-6-b,DFARS-S227.7103-6-b-1,HAS_PROVISION
DFARS-S227.7103-6-b-1,DFARS-S227.7103-6-b-1-i,HAS_PROVISION
DFARS-S227.7103-6-b-1,DFARS-S227.7103-6-b-1-ii,HAS_PROVISION
DFARS-S227.7103-6-b-1,DFARS-S227.7103-6-b-1-2,HAS_PROVISION
DFARS-S227.7103-6,DFARS-S227.7103-6-c,HAS_PROVISION
DFARS-S227.7103-6,DFARS-S227.7103-6-d,HAS_PROVISION
DFARS-S227.7103-6,DFARS-S227.7103-6-e,HAS_PROVISION
DFARS-S227.7103-6-e,DFARS-S227.7103-6-e-1,HAS_PROVISION
DFARS-S227.7103-6-e,DFARS-S227.7103-6-e-2,HAS_PROVISION
DFARS-S227.7103-6-e,DFARS-S227.7103-6-e-3,HAS_PROVISION
DFARS-S227.7103-7,DFARS-S227.7103-7-a,HAS_PROVISION
DFARS-S227.7103-7-a,DFARS-S227.7103-7-a-1,HAS_PROVISION
DFARS-S227.7103-7-a,DFARS-S227.7103-7-a-2,HAS_PROVISION
DFARS-S227.7103-7,DFARS-S227.7103-7-b,HAS_PROVISION
DFARS-S227.7103-7,DFARS-S227.7103-7-c,HAS_PROVISION
DFARS-S227.7103-7,DFARS-S227.7103-7-1,HAS_PROVISION
DFARS-S227.7103-7,DFARS-S227.7103-7-a#2,HAS_PROVISION
DFARS-S227.7103-7,DFARS-S227.7103-7-b#2,HAS_PROVISION
DFARS-S227.7103-7,DFARS-S227.7103-7-c#2,HAS_PROVISION
DFARS-S227.7103-7,DFARS-S227.7103-7-d,HAS_PROVISION
DFARS-S227.7103-7,DFARS-S227.7103-7-2,HAS_PROVISION
DFARS-S227.7103-7,DFARS-S227.7103-7-3,HAS_PROVISION
DFARS-S227.7103-7,DFARS-S227.7103-7-4,HAS_PROVISION
DFARS-S227.7103-7,DFARS-S227.7103-7-5,HAS_PROVISION
DFARS-S227.7103-7,DFARS-S227.7103-7-6,HAS_PROVISION
DFARS-S227.7103-7,DFARS-S227.7103-7-7,HAS_PROVISION
DFARS-S227.7103-7,DFARS-S227.7103-7-8,HAS_PROVISION
DFARS-S227.7103-8,DFARS-S227.7103-8-a,HAS_PROVISION
DFARS-S227.7103-8,DFARS-S227.7103-8-b,HAS_PROVISION
DFARS-S227.7103-9,DFARS-S227.7103-9-a,HAS_PROVISION
DFARS-S227.7103-9-a,DFARS-S227.7103-9-a-1,HAS_PROVISION
DFARS-S227.7103-9-a,DFARS-S227.7103-9-a-2,HAS_PROVISION
DFARS-S227.7103-9,DFARS-S227.7103-9-b,HAS_PROVISION
DFARS-S227.7103-10,DFARS-S227.7103-10-a,HAS_PROVISION
DFARS-S227.7103-10-a,DFARS-S227.7103-10-a-1,HAS_PROVISION
DFARS-S227.7103-10-a,DFARS-S227.7103-10-a-2,HAS_PROVISION
DFARS-S227.7103-10-a,DFARS-S227.7103-10-a-3,HAS_PROVISION
DFARS-S227.7103-10-a,DFARS-S227.7103-10-a-4,HAS_PROVISION
DFARS-S227.7103-10-a,DFARS-S227.7103-10-a-5,HAS_PROVISION
DFARS-S227.7103-10-a-5,DFARS-S227.7103-10-a-5-i,HAS_PROVISION
DFARS-S227.7103-10-a-5,DFARS-S227.7103-10-a-5-ii,HAS_PROVISION
DFARS-S227.7103-10-a,DFARS-S227.7103-10-a-b,HAS_PROVISION
DFARS-S227.7103-10-a-b,DFARS-S227.7103-10-a-b-1,HAS_PROVISION
DFARS-S227.7103-10-a-b,DFARS-S227.7103-10-a-b-2,HAS_PROVISION
DFARS-S227.7103-10-a,DFARS-S227.7103-10-a-c,HAS_PROVISION
DFARS-S227.7103-10-a-c,DFARS-S227.7103-10-a-c-1,HAS_PROVISION
DFARS-S227.7103-10-a-c,DFARS-S227.7103-10-a-c-2,HAS_PROVISION
DFARS-S227.7103-10-a-c-2,DFARS-S227.7103-10-a-c-2-i,HAS_PROVISION
DFARS-S227.7103-10-a-c-2,DFARS-S227.7103-10-a-c-2-ii,HAS_PROVISION
DFARS-S227.7103-10-a-c-2,DFARS-S227.7103-10-a-c-2-iii,HAS_PROVISION
DFARS-S227.7103-10-a-c,DFARS-S227.7103-10-a-c-3,HAS_PROVISION
DFARS-S227.7103-11,DFARS-S227.7103-11-a,HAS_PROVISION
DFARS-S227.7103-11,DFARS-S227.7103-11-b,HAS_PROVISION
DFARS-S227.7103-12,DFARS-S227.7103-12-a,HAS_PROVISION
DFARS-S227.7103-12-a,DFARS-S227.7103-12-a-1,HAS_PROVISION
DFARS-S227.7103-12-a,DFARS-S227.7103-12-a-2,HAS_PROVISION
DFARS-S227.7103-12,DFARS-S227.7103-12-b,HAS_PROVISION
DFARS-S227.7103-12-b,DFARS-S227.7103-12-b-1,HAS_PROVISION
DFARS-S227.7103-12-b,DFARS-S227.7103-12-b-2,HAS_PROVISION
DFARS-S227.7103-12-b-2,DFARS-S227.7103-12-b-2-i,HAS_PROVISION
DFARS-S227.7103-12-b-2,DFARS-S227.7103-12-b-2-ii,HAS_PROVISION
DFARS-S227.7103-13,DFARS-S227.7103-13-a,HAS_PROVISION
DFARS-S227.7103-13,DFARS-S227.7103-13-b,HAS_PROVISION
DFARS-S227.7103-13,DFARS-S227.7103-13-c,HAS_PROVISION
DFARS-S227.7103-13-c,DFARS-S227.7103-13-c-1,HAS_PROVISION
DFARS-S227.7103-13-c,DFARS-S227.7103-13-c-2,HAS_PROVISION
DFARS-S227.7103-13,DFARS-S227.7103-13-d,HAS_PROVISION
DFARS-S227.7103-13-d,DFARS-S227.7103-13-d-1,HAS_PROVISION
DFARS-S227.7103-13-d-1,DFARS-S227.7103-13-d-1-i,HAS_PROVISION
DFARS-S227.7103-13-d-1,DFARS-S227.7103-13-d-1-ii,HAS_PROVISION
DFARS-S227.7103-13-d-1,DFARS-S227.7103-13-d-1-iii,HAS_PROVISION
DFARS-S227.7103-13-d,DFARS-S227.7103-13-d-2,HAS_PROVISION
DFARS-S227.7103-13-d-2,DFARS-S227.7103-13-d-2-i,HAS_PROVISION
DFARS-S227.7103-13-d-2,DFARS-S227.7103-13-d-2-ii,HAS_PROVISION
DFARS-S227.7103-13-d,DFARS-S227.7103-13-d-3,HAS_PROVISION
DFARS-S227.7103-13-d-3,DFARS-S227.7103-13-d-3-i,HAS_PROVISION
DFARS-S227.7103-13-d-3,DFARS-S227.7103-13-d-3-ii,HAS_PROVISION
DFARS-S227.7103-13-d-3,DFARS-S227.7103-13-d-3-iii,HAS_PROVISION
DFARS-S227.7103-13-d,DFARS-S227.7103-13-d-4,HAS_PROVISION
DFARS-S227.7103-13-d,DFARS-S227.7103-13-d-5,HAS_PROVISION
DFARS-S227.7103-13-d,DFARS-S227.7103-13-d-6,HAS_PROVISION
DFARS-S227.7103-13-d-6,DFARS-S227.7103-13-d-6-i,HAS_PROVISION
DFARS-S227.7103-13-d-6,DFARS-S227.7103-13-d-6-ii,HAS_PROVISION
DFARS-S227.7103-13-d-6,DFARS-S227.7103-13-d-6-iii,HAS_PROVISION
DFARS-S227.7103-13-d,DFARS-S227.7103-13-d-7,HAS_PROVISION
DFARS-S227.7103-13-d,DFARS-S227.7103-13-d-8,HAS_PROVISION
DFARS-S227.7103-14,DFARS-S227.7103-14-a,HAS_PROVISION
DFARS-S227.7103-14-a,DFARS-S227.7103-14-a-1,HAS_PROVISION
DFARS-S227.7103-14-a,DFARS-S227.7103-14-a-2,HAS_PROVISION
DFARS-S227.7103-14,DFARS-S227.7103-14-b,HAS_PROVISION
DFARS-S227.7103-14-b,DFARS-S227.7103-14-b-2,HAS_PROVISION
DFARS-S227.7103-14-b-2,DFARS-S227.7103-14-b-2-i,HAS_PROVISION
DFARS-S227.7103-14-b-2,DFARS-S227.7103-14-b-2-ii,HAS_PROVISION
DFARS-S227.7103-14-b,DFARS-S227.7103-14-b-3,HAS_PROVISION
DFARS-S227.7103-14-b-3,DFARS-S227.7103-14-b-3-i,HAS_PROVISION
DFARS-S227.7103-14-b-3,DFARS-S227.7103-14-b-3-ii,HAS_PROVISION
DFARS-S227.7103-14-b,DFARS-S227.7103-14-b-4,HAS_PROVISION
DFARS-S227.7103-14-b,DFARS-S227.7103-14-b-c,HAS_PROVISION
DFARS-S227.7103-14-b-c,DFARS-S227.7103-14-b-c-2,HAS_PROVISION
DFARS-S227.7103-15,DFARS-S227.7103-15-a,HAS_PROVISION
DFARS-S227.7103-15,DFARS-S227.7103-15-b,HAS_PROVISION
DFARS-S227.7103-15,DFARS-S227.7103-15-c,HAS_PROVISION
DFARS-S227.7103-15-c,DFARS-S227.7103-15-c-1,HAS_PROVISION
DFARS-S227.7103-15-c,DFARS-S227.7103-15-c-2,HAS_PROVISION
DFARS-S227.7103-15-c,DFARS-S227.7103-15-c-3,HAS_PROVISION
DFARS-S227.7103-15-c,DFARS-S227.7103-15-c-4,HAS_PROVISION
DFARS-S227.7103-15,DFARS-S227.7103-15-d,HAS_PROVISION
DFARS-S227.7103-16,DFARS-S227.7103-16-a,HAS_PROVISION
DFARS-S227.7103-16,DFARS-S227.7103-16-b,HAS_PROVISION
DFARS-S227.7103-17,DFARS-S227.7103-17-a,HAS_PROVISION
DFARS-S227.7103-17,DFARS-S227.7103-17-b,HAS_PROVISION
DFARS-S227.7103-17,DFARS-S227.7103-17-c,HAS_PROVISION
DFARS-S227.7104-1,DFARS-S227.7104-1-a,HAS_PROVISION
DFARS-S227.7104-1,DFARS-S227.7104-1-b,HAS_PROVISION
DFARS-S227.7104-1,DFARS-S227.7104-1-c,HAS_PROVISION
DFARS-S227.7104-1,DFARS-S227.7104-1-d,HAS_PROVISION
DFARS-S227.7104-1,DFARS-S227.7104-1-e,HAS_PROVISION
DFARS-S227.7104-1-e,DFARS-S227.7104-1-e-1,HAS_PROVISION
DFARS-S227.7104-1-e,DFARS-S227.7104-1-e-2,HAS_PROVISION
DFARS-S227.7104-1-e,DFARS-S227.7104-1-e-3,HAS_PROVISION
DFARS-S227.7104-1-e,DFARS-S227.7104-1-e-4,HAS_PROVISION
DFARS-S227.7104-2,DFARS-S227.7104-2-a,HAS_PROVISION
DFARS-S227.7104-2-a,DFARS-S227.7104-2-a-1,HAS_PROVISION
DFARS-S227.7104-2-a,DFARS-S227.7104-2-a-2,HAS_PROVISION
DFARS-S227.7104-2,DFARS-S227.7104-2-b,HAS_PROVISION
DFARS-S227.7104-2,DFARS-S227.7104-2-c,HAS_PROVISION
DFARS-S227.7104-2,DFARS-S227.7104-2-d,HAS_PROVISION
DFARS-S227.7104-2,DFARS-S227.7104-2-e,HAS_PROVISION
DFARS-S227.7104-2-e,DFARS-S227.7104-2-e-1,HAS_PROVISION
DFARS-S227.7104-2-e,DFARS-S227.7104-2-e-2,HAS_PROVISION
DFARS-S227.7104-2-e,DFARS-S227.7104-2-e-3,HAS_PROVISION
DFARS-S227.7104-2-e,DFARS-S227.7104-2-e-4,HAS_PROVISION
DFARS-S227.7104-3,DFARS-S227.7104-3-a,HAS_PROVISION
DFARS-S227.7104-3,DFARS-S227.7104-3-b,HAS_PROVISION
DFARS-S227.7104-3,DFARS-S227.7104-3-c,HAS_PROVISION
DFARS-S227.7104-4,DFARS-S227.7104-4-a,HAS_PROVISION
DFARS-S227.7104-4-a,DFARS-S227.7104-4-a-1,HAS_PROVISION
DFARS-S227.7104-4-a-1,DFARS-S227.7104-4-a-1-2,HAS_PROVISION
DFARS-S227.7104-4-a-1-2,DFARS-S227.7104-4-a-1-2-i,HAS_PROVISION
DFARS-S227.7104-4-a-1-2,DFARS-S227.7104-4-a-1-2-ii,HAS_PROVISION
DFARS-S227.7104-4-a-1-2,DFARS-S227.7104-4-a-1-2-iii,HAS_PROVISION
DFARS-S227.7104-4,DFARS-S227.7104-4-b,HAS_PROVISION
DFARS-S227.7104-4-b,DFARS-S227.7104-4-b-1,HAS_PROVISION
DFARS-S227.7104-4-b,DFARS-S227.7104-4-b-2,HAS_PROVISION
DFARS-S227.7104-4-b,DFARS-S227.7104-4-b-3,HAS_PROVISION
DFARS-S227.7104-4-b,DFARS-S227.7104-4-b-4,HAS_PROVISION
DFARS-S227.7104-4-b,DFARS-S227.7104-4-b-5,HAS_PROVISION
DFARS-S227.7104-4-b,DFARS-S227.7104-4-b-6,HAS_PROVISION
DFARS-S227.7104-4-b,DFARS-S227.7104-4-b-7,HAS_PROVISION
DFARS-S227.7104-4,DFARS-S227.7104-4-c,HAS_PROVISION
DFARS-S227.7104-4-c,DFARS-S227.7104-4-c-1,HAS_PROVISION
DFARS-S227.7104-4-c-1,DFARS-S227.7104-4-c-1-2,HAS_PROVISION
DFARS-S227.7105-1,DFARS-S227.7105-1-a,HAS_PROVISION
DFARS-S227.7105-1,DFARS-S227.7105-1-b,HAS_PROVISION
DFARS-S227.7105-2,DFARS-S227.7105-2-a,HAS_PROVISION
DFARS-S227.7105-2-a,DFARS-S227.7105-2-a-1,HAS_PROVISION
DFARS-S227.7105-2-a,DFARS-S227.7105-2-a-2,HAS_PROVISION
DFARS-S227.7105-2-a,DFARS-S227.7105-2-a-3,HAS_PROVISION
DFARS-S227.7105-2,DFARS-S227.7105-2-b,HAS_PROVISION
DFARS-S227.7105-2,DFARS-S227.7105-2-c,HAS_PROVISION
DFARS-S227.7106,DFARS-S227.7106-a,HAS_PROVISION
DFARS-S227.7106-a,DFARS-S227.7106-a-1,HAS_PROVISION
DFARS-S227.7106-a,DFARS-S227.7106-a-2,HAS_PROVISION
DFARS-S227.7106,DFARS-S227.7106-b,HAS_PROVISION
DFARS-S227.7106,DFARS-S227.7106-c,HAS_PROVISION
DFARS-S227.7106,DFARS-S227.7106-d,HAS_PROVISION
DFARS-S227.7107-1,DFARS-S227.7107-1-a,HAS_PROVISION
DFARS-S227.7107-1,DFARS-S227.7107-1-b,HAS_PROVISION
DFARS-S227.7107-1,DFARS-S227.7107-1-c,HAS_PROVISION
DFARS-S227.7107-2,DFARS-S227.7107-2-a,HAS_PROVISION
DFARS-S227.7107-2,DFARS-S227.7107-2-b,HAS_PROVISION
DFARS-S227.7107-2,DFARS-S227.7107-2-c,HAS_PROVISION
DFARS-S227.7108,DFARS-S227.7108-a,HAS_PROVISION
DFARS-S227.7108-a,DFARS-S227.7108-a-1,HAS_PROVISION
DFARS-S227.7108-a,DFARS-S227.7108-a-2,HAS_PROVISION
DFARS-S227.7108-a,DFARS-S227.7108-a-3,HAS_PROVISION
DFARS-S227.7108-a,DFARS-S227.7108-a-4,HAS_PROVISION
DFARS-S227.7108-a,DFARS-S227.7108-a-5,HAS_PROVISION
DFARS-S227.7108-a,DFARS-S227.7108-a-6,HAS_PROVISION
DFARS-S227.7108,DFARS-S227.7108-b,HAS_PROVISION
DFARS-S227.7108,DFARS-S227.7108-c,HAS_PROVISION
DFARS-S227.7108,DFARS-S227.7108-d,HAS_PROVISION
DFARS-S227.7200,DFARS-S227.7200-a,HAS_PROVISION
DFARS-S227.7200-a,DFARS-S227.7200-a-1,HAS_PROVISION
DFARS-S227.7200-a-1,DFARS-S227.7200-a-1-i,HAS_PROVISION
DFARS-S227.7200-a-1,DFARS-S227.7200-a-1-ii,HAS_PROVISION
DFARS-S227.7200-a-1,DFARS-S227.7200-a-1-iii,HAS_PROVISION
DFARS-S227.7200-a-1,DFARS-S227.7200-a-1-iv,HAS_PROVISION
DFARS-S227.7200-a-1,DFARS-S227.7200-a-1-v,HAS_PROVISION
DFARS-S227.7200-a-1,DFARS-S227.7200-a-1-vi,HAS_PROVISION
DFARS-S227.7200-a,DFARS-S227.7200-a-2,HAS_PROVISION
DFARS-S227.7200-a-2,DFARS-S227.7200-a-2-i,HAS_PROVISION
DFARS-S227.7200-a-2,DFARS-S227.7200-a-2-ii,HAS_PROVISION
DFARS-S227.7200,DFARS-S227.7200-b,HAS_PROVISION
DFARS-S227.7201,DFARS-S227.7201-a,HAS_PROVISION
DFARS-S227.7201,DFARS-S227.7201-b,HAS_PROVISION
DFARS-S227.7202-1,DFARS-S227.7202-1-a,HAS_PROVISION
DFARS-S227.7202-1,DFARS-S227.7202-1-b,HAS_PROVISION
DFARS-S227.7202-1,DFARS-S227.7202-1-c,HAS_PROVISION
DFARS-S227.7202-1-c,DFARS-S227.7202-1-c-1,HAS_PROVISION
DFARS-S227.7202-1-c,DFARS-S227.7202-1-c-2,HAS_PROVISION
DFARS-S227.7202-1,DFARS-S227.7202-1-d,HAS_PROVISION
DFARS-S227.7202-3,DFARS-S227.7202-3-a,HAS_PROVISION
DFARS-S227.7202-3-a,DFARS-S227.7202-3-a-b,HAS_PROVISION
DFARS-S227.7203-1,DFARS-S227.7203-1-a,HAS_PROVISION
DFARS-S227.7203-1,DFARS-S227.7203-1-b,HAS_PROVISION
DFARS-S227.7203-1-b,DFARS-S227.7203-1-b-1,HAS_PROVISION
DFARS-S227.7203-1-b,DFARS-S227.7203-1-b-2,HAS_PROVISION
DFARS-S227.7203-1-b,DFARS-S227.7203-1-b-3,HAS_PROVISION
DFARS-S227.7203-1-b,DFARS-S227.7203-1-b-4,HAS_PROVISION
DFARS-S227.7203-1,DFARS-S227.7203-1-c,HAS_PROVISION
DFARS-S227.7203-1,DFARS-S227.7203-1-d,HAS_PROVISION
DFARS-S227.7203-1,DFARS-S227.7203-1-e,HAS_PROVISION
DFARS-S227.7203-2,DFARS-S227.7203-2-a,HAS_PROVISION
DFARS-S227.7203-2,DFARS-S227.7203-2-b,HAS_PROVISION
DFARS-S227.7203-2-b,DFARS-S227.7203-2-b-1,HAS_PROVISION
DFARS-S227.7203-2-b-1,DFARS-S227.7203-2-b-1-i,HAS_PROVISION
DFARS-S227.7203-2-b-1,DFARS-S227.7203-2-b-1-ii,HAS_PROVISION
DFARS-S227.7203-2-b-1,DFARS-S227.7203-2-b-1-iii,HAS_PROVISION
DFARS-S227.7203-2-b-1,DFARS-S227.7203-2-b-1-iv,HAS_PROVISION
DFARS-S227.7203-2-b-1,DFARS-S227.7203-2-b-1-v,HAS_PROVISION
DFARS-S227.7203-2-b-1,DFARS-S227.7203-2-b-1-2,HAS_PROVISION
DFARS-S227.7203-2-b-1-2,DFARS-S227.7203-2-b-1-2-i,HAS_PROVISION
DFARS-S227.7203-2-b-1-2-i,DFARS-S227.7203-2-b-1-2-i-A,HAS_PROVISION
DFARS-S227.7203-2-b-1-2-i,DFARS-S227.7203-2-b-1-2-i-B,HAS_PROVISION
DFARS-S227.7203-2-b-1-2-i,DFARS-S227.7203-2-b-1-2-i-C,HAS_PROVISION
DFARS-S227.7203-2-b-1-2-i,DFARS-S227.7203-2-b-1-2-i-D,HAS_PROVISION
DFARS-S227.7203-2-b-1-2-i,DFARS-S227.7203-2-b-1-2-i-ii,HAS_PROVISION
DFARS-S227.7203-2-b-1-2-i-ii,DFARS-S227.7203-2-b-1-2-i-ii-A,HAS_PROVISION
DFARS-S227.7203-2-b-1-2-i-ii,DFARS-S227.7203-2-b-1-2-i-ii-B,HAS_PROVISION
DFARS-S227.7203-2-b-1-2-i-ii,DFARS-S227.7203-2-b-1-2-i-ii-C,HAS_PROVISION
DFARS-S227.7203-2-b-1-2-i-ii,DFARS-S227.7203-2-b-1-2-i-ii-D,HAS_PROVISION
DFARS-S227.7203-2-b-1,DFARS-S227.7203-2-b-1-3,HAS_PROVISION
DFARS-S227.7203-2,DFARS-S227.7203-2-c,HAS_PROVISION
DFARS-S227.7203-2-c,DFARS-S227.7203-2-c-1,HAS_PROVISION
DFARS-S227.7203-2-c,DFARS-S227.7203-2-c-2,HAS_PROVISION
DFARS-S227.7203-2-c,DFARS-S227.7203-2-c-3,HAS_PROVISION
DFARS-S227.7203-2-c,DFARS-S227.7203-2-c-4,HAS_PROVISION
DFARS-S227.7203-2-c,DFARS-S227.7203-2-c-5,HAS_PROVISION
DFARS-S227.7203-2-c,DFARS-S227.7203-2-c-6,HAS_PROVISION
DFARS-S227.7203-2-c-6,DFARS-S227.7203-2-c-6-i,HAS_PROVISION
DFARS-S227.7203-2-c-6,DFARS-S227.7203-2-c-6-ii,HAS_PROVISION
DFARS-S227.7203-2-c-6-ii,DFARS-S227.7203-2-c-6-ii-A,HAS_PROVISION
DFARS-S227.7203-2-c-6-ii,DFARS-S227.7203-2-c-6-ii-B,HAS_PROVISION
DFARS-S227.7203-2-c-6,DFARS-S227.7203-2-c-6-iii,HAS_PROVISION
DFARS-S227.7203-3,DFARS-S227.7203-3-a,HAS_PROVISION
DFARS-S227.7203-3,DFARS-S227.7203-3-b,HAS_PROVISION
DFARS-S227.7203-4,DFARS-S227.7203-4-a,HAS_PROVISION
DFARS-S227.7203-4,DFARS-S227.7203-4-b,HAS_PROVISION
DFARS-S227.7203-5,DFARS-S227.7203-5-a,HAS_PROVISION
DFARS-S227.7203-5-a,DFARS-S227.7203-5-a-1,HAS_PROVISION
DFARS-S227.7203-5-a,DFARS-S227.7203-5-a-2,HAS_PROVISION
DFARS-S227.7203-5-a,DFARS-S227.7203-5-a-3,HAS_PROVISION
DFARS-S227.7203-5-a,DFARS-S227.7203-5-a-4,HAS_PROVISION
DFARS-S227.7203-5-a,DFARS-S227.7203-5-a-5,HAS_PROVISION
DFARS-S227.7203-5-a,DFARS-S227.7203-5-a-6,HAS_PROVISION
DFARS-S227.7203-5-a-6,DFARS-S227.7203-5-a-6-i,HAS_PROVISION
DFARS-S227.7203-5-a-6,DFARS-S227.7203-5-a-6-ii,HAS_PROVISION
DFARS-S227.7203-5,DFARS-S227.7203-5-b,HAS_PROVISION
DFARS-S227.7203-5-b,DFARS-S227.7203-5-b-1,HAS_PROVISION
DFARS-S227.7203-5-b,DFARS-S227.7203-5-b-2,HAS_PROVISION
DFARS-S227.7203-5-b,DFARS-S227.7203-5-b-3,HAS_PROVISION
DFARS-S227.7203-5-b,DFARS-S227.7203-5-b-4,HAS_PROVISION
DFARS-S227.7203-5-b-4,DFARS-S227.7203-5-b-4-i,HAS_PROVISION
DFARS-S227.7203-5-b-4,DFARS-S227.7203-5-b-4-ii,HAS_PROVISION
DFARS-S227.7203-5-b,DFARS-S227.7203-5-b-5,HAS_PROVISION
DFARS-S227.7203-5-b,DFARS-S227.7203-5-b-6,HAS_PROVISION
DFARS-S227.7203-5,DFARS-S227.7203-5-c,HAS_PROVISION
DFARS-S227.7203-5-c,DFARS-S227.7203-5-c-1,HAS_PROVISION
DFARS-S227.7203-5-c,DFARS-S227.7203-5-c-2,HAS_PROVISION
DFARS-S227.7203-5,DFARS-S227.7203-5-d,HAS_PROVISION
DFARS-S227.7203-5,DFARS-S227.7203-5-e,HAS_PROVISION
DFARS-S227.7203-6,DFARS-S227.7203-6-a,HAS_PROVISION
DFARS-S227.7203-6-a,DFARS-S227.7203-6-a-1,HAS_PROVISION
DFARS-S227.7203-6-a-1,DFARS-S227.7203-6-a-1-2,HAS_PROVISION
DFARS-S227.7203-6-a-1-2,DFARS-S227.7203-6-a-1-2-i,HAS_PROVISION
DFARS-S227.7203-6-a-1-2,DFARS-S227.7203-6-a-1-2-ii,HAS_PROVISION
DFARS-S227.7203-6,DFARS-S227.7203-6-b,HAS_PROVISION
DFARS-S227.7203-6,DFARS-S227.7203-6-c,HAS_PROVISION
DFARS-S227.7203-6,DFARS-S227.7203-6-d,HAS_PROVISION
DFARS-S227.7203-6,DFARS-S227.7203-6-e,HAS_PROVISION
DFARS-S227.7203-6,DFARS-S227.7203-6-f,HAS_PROVISION
DFARS-S227.7203-8,DFARS-S227.7203-8-a,HAS_PROVISION
DFARS-S227.7203-8,DFARS-S227.7203-8-b,HAS_PROVISION
DFARS-S227.7203-9,DFARS-S227.7203-9-a,HAS_PROVISION
DFARS-S227.7203-9-a,DFARS-S227.7203-9-a-1,HAS_PROVISION
DFARS-S227.7203-9-a,DFARS-S227.7203-9-a-2,HAS_PROVISION
DFARS-S227.7203-9,DFARS-S227.7203-9-b,HAS_PROVISION
DFARS-S227.7203-10,DFARS-S227.7203-10-a,HAS_PROVISION
DFARS-S227.7203-10-a,DFARS-S227.7203-10-a-1,HAS_PROVISION
DFARS-S227.7203-10-a,DFARS-S227.7203-10-a-2,HAS_PROVISION
DFARS-S227.7203-10-a,DFARS-S227.7203-10-a-3,HAS_PROVISION
DFARS-S227.7203-10-a,DFARS-S227.7203-10-a-4,HAS_PROVISION
DFARS-S227.7203-10-a,DFARS-S227.7203-10-a-5,HAS_PROVISION
DFARS-S227.7203-10-a-5,DFARS-S227.7203-10-a-5-i,HAS_PROVISION
DFARS-S227.7203-10-a-5,DFARS-S227.7203-10-a-5-ii,HAS_PROVISION
DFARS-S227.7203-10,DFARS-S227.7203-10-b,HAS_PROVISION
DFARS-S227.7203-10-b,DFARS-S227.7203-10-b-1,HAS_PROVISION
DFARS-S227.7203-10-b,DFARS-S227.7203-10-b-2,HAS_PROVISION
DFARS-S227.7203-10,DFARS-S227.7203-10-c,HAS_PROVISION
DFARS-S227.7203-10-c,DFARS-S227.7203-10-c-1,HAS_PROVISION
DFARS-S227.7203-10-c,DFARS-S227.7203-10-c-2,HAS_PROVISION
DFARS-S227.7203-10-c-2,DFARS-S227.7203-10-c-2-i,HAS_PROVISION
DFARS-S227.7203-10-c-2,DFARS-S227.7203-10-c-2-ii,HAS_PROVISION
DFARS-S227.7203-10-c-2,DFARS-S227.7203-10-c-2-iii,HAS_PROVISION
DFARS-S227.7203-10-c,DFARS-S227.7203-10-c-3,HAS_PROVISION
DFARS-S227.7203-11,DFARS-S227.7203-11-a,HAS_PROVISION
DFARS-S227.7203-11,DFARS-S227.7203-11-b,HAS_PROVISION
DFARS-S227.7203-12,DFARS-S227.7203-12-a,HAS_PROVISION
DFARS-S227.7203-12-a,DFARS-S227.7203-12-a-1,HAS_PROVISION
DFARS-S227.7203-12-a,DFARS-S227.7203-12-a-2,HAS_PROVISION
DFARS-S227.7203-12,DFARS-S227.7203-12-b,HAS_PROVISION
DFARS-S227.7203-12-b,DFARS-S227.7203-12-b-1,HAS_PROVISION
DFARS-S227.7203-12-b,DFARS-S227.7203-12-b-2,HAS_PROVISION
DFARS-S227.7203-12-b-2,DFARS-S227.7203-12-b-2-i,HAS_PROVISION
DFARS-S227.7203-12-b-2,DFARS-S227.7203-12-b-2-ii,HAS_PROVISION
DFARS-S227.7203-13,DFARS-S227.7203-13-a,HAS_PROVISION
DFARS-S227.7203-13,DFARS-S227.7203-13-b,HAS_PROVISION
DFARS-S227.7203-13,DFARS-S227.7203-13-c,HAS_PROVISION
DFARS-S227.7203-13-c,DFARS-S227.7203-13-c-1,HAS_PROVISION
DFARS-S227.7203-13-c,DFARS-S227.7203-13-c-2,HAS_PROVISION
DFARS-S227.7203-13-c,DFARS-S227.7203-13-c-3,HAS_PROVISION
DFARS-S227.7203-13,DFARS-S227.7203-13-d,HAS_PROVISION
DFARS-S227.7203-13-d,DFARS-S227.7203-13-d-1,HAS_PROVISION
DFARS-S227.7203-13-d,DFARS-S227.7203-13-d-2,HAS_PROVISION
DFARS-S227.7203-13-d,DFARS-S227.7203-13-d-3,HAS_PROVISION
DFARS-S227.7203-13-d-3,DFARS-S227.7203-13-d-3-i,HAS_PROVISION
DFARS-S227.7203-13-d-3,DFARS-S227.7203-13-d-3-ii,HAS_PROVISION
DFARS-S227.7203-13-d-3,DFARS-S227.7203-13-d-3-iii,HAS_PROVISION
DFARS-S227.7203-13-d,DFARS-S227.7203-13-d-4,HAS_PROVISION
DFARS-S227.7203-13,DFARS-S227.7203-13-e,HAS_PROVISION
DFARS-S227.7203-13-e,DFARS-S227.7203-13-e-1,HAS_PROVISION
DFARS-S227.7203-13-e,DFARS-S227.7203-13-e-2,HAS_PROVISION
DFARS-S227.7203-13,DFARS-S227.7203-13-f,HAS_PROVISION
DFARS-S227.7203-14,DFARS-S227.7203-14-a,HAS_PROVISION
DFARS-S227.7203-14,DFARS-S227.7203-14-b,HAS_PROVISION
DFARS-S227.7203-14-b,DFARS-S227.7203-14-b-1,HAS_PROVISION
DFARS-S227.7203-14-b-1,DFARS-S227.7203-14-b-1-i,HAS_PROVISION
DFARS-S227.7203-14-b-1,DFARS-S227.7203-14-b-1-ii,HAS_PROVISION
DFARS-S227.7203-14-b,DFARS-S227.7203-14-b-2,HAS_PROVISION
DFARS-S227.7203-14-b-2,DFARS-S227.7203-14-b-2-i,HAS_PROVISION
DFARS-S227.7203-14-b-2,DFARS-S227.7203-14-b-2-ii,HAS_PROVISION
DFARS-S227.7203-15,DFARS-S227.7203-15-a,HAS_PROVISION
DFARS-S227.7203-15,DFARS-S227.7203-15-b,HAS_PROVISION
DFARS-S227.7203-15,DFARS-S227.7203-15-c,HAS_PROVISION
DFARS-S227.7203-15-c,DFARS-S227.7203-15-c-1,HAS_PROVISION
DFARS-S227.7203-15-c,DFARS-S227.7203-15-c-2,HAS_PROVISION
DFARS-S227.7203-15-c,DFARS-S227.7203-15-c-3,HAS_PROVISION
DFARS-S227.7203-15-c,DFARS-S227.7203-15-c-4,HAS_PROVISION
DFARS-S227.7203-15,DFARS-S227.7203-15-d,HAS_PROVISION
DFARS-S227.7203-16,DFARS-S227.7203-16-a,HAS_PROVISION
DFARS-S227.7203-16,DFARS-S227.7203-16-b,HAS_PROVISION
DFARS-S227.7203-17,DFARS-S227.7203-17-a,HAS_PROVISION
DFARS-S227.7203-17,DFARS-S227.7203-17-b,HAS_PROVISION
DFARS-S227.7203-17,DFARS-S227.7203-17-c,HAS_PROVISION
DFARS-S227.7205,DFARS-S227.7205-a,HAS_PROVISION
DFARS-S227.7205-a,DFARS-S227.7205-a-1,HAS_PROVISION
DFARS-S227.7205-a,DFARS-S227.7205-a-2,HAS_PROVISION
DFARS-S227.7205,DFARS-S227.7205-b,HAS_PROVISION
DFARS-S227.7205,DFARS-S227.7205-c,HAS_PROVISION
DFARS-S227.7205,DFARS-S227.7205-d,HAS_PROVISION
DFARS-S228.102-1,DFARS-S228.102-1-1,HAS_PROVISION
DFARS-S228.102-1,DFARS-S228.102-1-2,HAS_PROVISION
DFARS-S228.102-1-2,DFARS-S228.102-1-2-i,HAS_PROVISION
DFARS-S228.102-1-2,DFARS-S228.102-1-2-ii,HAS_PROVISION
DFARS-S228.102-70,DFARS-S228.102-70-a,HAS_PROVISION
DFARS-S228.102-70,DFARS-S228.102-70-b,HAS_PROVISION
DFARS-S228.102-70,DFARS-S228.102-70-c,HAS_PROVISION
DFARS-S228.102-70,DFARS-S228.102-70-d,HAS_PROVISION
DFARS-S228.105,DFARS-S228.105-1,HAS_PROVISION
DFARS-S228.105,DFARS-S228.105-2,HAS_PROVISION
DFARS-S228.106-7,DFARS-S228.106-7-a,HAS_PROVISION
DFARS-S228.305,DFARS-S228.305-d,HAS_PROVISION
DFARS-S228.307-1,DFARS-S228.307-1-a,HAS_PROVISION
DFARS-S228.307-1,DFARS-S228.307-1-b,HAS_PROVISION
DFARS-S228.307-1,DFARS-S228.307-1-c,HAS_PROVISION
DFARS-S228.370-1,DFARS-S228.370-1-1,HAS_PROVISION
DFARS-S228.370-1,DFARS-S228.370-1-2,HAS_PROVISION
DFARS-S228.370-1,DFARS-S228.370-1-3,HAS_PROVISION
DFARS-S228.370-1,DFARS-S228.370-1-1#2,HAS_PROVISION
DFARS-S228.370-1,DFARS-S228.370-1-2#2,HAS_PROVISION
DFARS-S228.370-1-2#2,DFARS-S228.370-1-2#2-i,HAS_PROVISION
DFARS-S228.370-1-2#2-i,DFARS-S228.370-1-2#2-i-ii,HAS_PROVISION
DFARS-S228.370-1,DFARS-S228.370-1-3#2,HAS_PROVISION
DFARS-S228.370-1,DFARS-S228.370-1-4,HAS_PROVISION
DFARS-S228.370-1,DFARS-S228.370-1-1#3,HAS_PROVISION
DFARS-S228.370-1,DFARS-S228.370-1-2#3,HAS_PROVISION
DFARS-S228.370-1,DFARS-S228.370-1-3#3,HAS_PROVISION
DFARS-S228.370-1,DFARS-S228.370-1-4#2,HAS_PROVISION
DFARS-S228.370-1,DFARS-S228.370-1-5,HAS_PROVISION
DFARS-S228.370-1-5,DFARS-S228.370-1-5-i,HAS_PROVISION
DFARS-S228.370-1-5,DFARS-S228.370-1-5-ii,HAS_PROVISION
DFARS-S228.370-1-5,DFARS-S228.370-1-5-iii,HAS_PROVISION
DFARS-S228.370-1,DFARS-S228.370-1-6,HAS_PROVISION
DFARS-S228.370-1,DFARS-S228.370-1-7,HAS_PROVISION
DFARS-S228.370-2,DFARS-S228.370-2-a,HAS_PROVISION
DFARS-S228.370-2,DFARS-S228.370-2-b,HAS_PROVISION
DFARS-S228.370-2,DFARS-S228.370-2-c,HAS_PROVISION
DFARS-S228.370-2,DFARS-S228.370-2-d,HAS_PROVISION
DFARS-S228.370-2,DFARS-S228.370-2-e,HAS_PROVISION
DFARS-S228.370-2,DFARS-S228.370-2-f,HAS_PROVISION
DFARS-S228.370-2-f,DFARS-S228.370-2-f-1,HAS_PROVISION
DFARS-S228.370-2-f,DFARS-S228.370-2-f-2,HAS_PROVISION
DFARS-S228.370-2-f,DFARS-S228.370-2-f-3,HAS_PROVISION
DFARS-S228.370-2,DFARS-S228.370-2-g,HAS_PROVISION
DFARS-S228.370-2-g,DFARS-S228.370-2-g-1,HAS_PROVISION
DFARS-S228.370-2-g,DFARS-S228.370-2-g-2,HAS_PROVISION
DFARS-S228.370-2-g-2,DFARS-S228.370-2-g-2-i,HAS_PROVISION
DFARS-S228.370-2-g-2,DFARS-S228.370-2-g-2-ii,HAS_PROVISION
DFARS-S228.370-2-g-2,DFARS-S228.370-2-g-2-iii,HAS_PROVISION
DFARS-S228.370-2-g-2,DFARS-S228.370-2-g-2-iv,HAS_PROVISION
DFARS-S228.370-2-g-2,DFARS-S228.370-2-g-2-v,HAS_PROVISION
DFARS-S228.370-2-g-2,DFARS-S228.370-2-g-2-vi,HAS_PROVISION
DFARS-S228.370-2,DFARS-S228.370-2-h,HAS_PROVISION
DFARS-S228.370-2-h,DFARS-S228.370-2-h-1,HAS_PROVISION
DFARS-S228.370-2-h-1,DFARS-S228.370-2-h-1-i,HAS_PROVISION
DFARS-S228.370-2-h-1-i,DFARS-S228.370-2-h-1-i-A,HAS_PROVISION
DFARS-S228.370-2-h-1-i,DFARS-S228.370-2-h-1-i-B,HAS_PROVISION
DFARS-S228.370-2-h-1-i,DFARS-S228.370-2-h-1-i-C,HAS_PROVISION
DFARS-S228.370-2-h-1,DFARS-S228.370-2-h-1-ii,HAS_PROVISION
DFARS-S228.370-2-h,DFARS-S228.370-2-h-2,HAS_PROVISION
DFARS-S228.370-2-h-2,DFARS-S228.370-2-h-2-i,HAS_PROVISION
DFARS-S228.370-2-h-2,DFARS-S228.370-2-h-2-ii,HAS_PROVISION
DFARS-S228.370-2-h-2,DFARS-S228.370-2-h-2-iii,HAS_PROVISION
DFARS-S228.370-2-h-2,DFARS-S228.370-2-h-2-iv,HAS_PROVISION
DFARS-S228.370-2-h-2,DFARS-S228.370-2-h-2-v,HAS_PROVISION
DFARS-S228.370-2,DFARS-S228.370-2-i,HAS_PROVISION
DFARS-S228.370-2-i,DFARS-S228.370-2-i-1,HAS_PROVISION
DFARS-S228.370-2-i-1,DFARS-S228.370-2-i-1-i,HAS_PROVISION
DFARS-S228.370-2-i-1,DFARS-S228.370-2-i-1-ii,HAS_PROVISION
DFARS-S228.370-2-i-1,DFARS-S228.370-2-i-1-iii,HAS_PROVISION
DFARS-S228.370-2-i-1,DFARS-S228.370-2-i-1-iv,HAS_PROVISION
DFARS-S228.370-2-i,DFARS-S228.370-2-i-2,HAS_PROVISION
DFARS-S228.370-2-i,DFARS-S228.370-2-i-3,HAS_PROVISION
DFARS-S228.370-2-i-3,DFARS-S228.370-2-i-3-i,HAS_PROVISION
DFARS-S228.370-2-i-3,DFARS-S228.370-2-i-3-ii,HAS_PROVISION
DFARS-S228.370-2-i-3,DFARS-S228.370-2-i-3-iii,HAS_PROVISION
DFARS-S228.370-2-i,DFARS-S228.370-2-i-4,HAS_PROVISION
DFARS-S228.370-2-i-4,DFARS-S228.370-2-i-4-i,HAS_PROVISION
DFARS-S228.370-2-i-4,DFARS-S228.370-2-i-4-ii,HAS_PROVISION
DFARS-S228.370-2-i,DFARS-S228.370-2-i-5,HAS_PROVISION
DFARS-S228.370-2,DFARS-S228.370-2-j,HAS_PROVISION
DFARS-S228.370-2-j,DFARS-S228.370-2-j-1,HAS_PROVISION
DFARS-S228.370-2-j-1,DFARS-S228.370-2-j-1-i,HAS_PROVISION
DFARS-S228.370-2-j-1,DFARS-S228.370-2-j-1-ii,HAS_PROVISION
DFARS-S228.370-2-j-1,DFARS-S228.370-2-j-1-iii,HAS_PROVISION
DFARS-S228.370-2-j,DFARS-S228.370-2-j-2,HAS_PROVISION
DFARS-S228.370-2-j,DFARS-S228.370-2-j-3,HAS_PROVISION
DFARS-S228.370-2-j-3,DFARS-S228.370-2-j-3-i,HAS_PROVISION
DFARS-S228.370-2-j-3,DFARS-S228.370-2-j-3-ii,HAS_PROVISION
DFARS-S228.370-2-j-3,DFARS-S228.370-2-j-3-iii,HAS_PROVISION
DFARS-S228.370-2-j,DFARS-S228.370-2-j-4,HAS_PROVISION
DFARS-S228.370-2-j-4,DFARS-S228.370-2-j-4-i,HAS_PROVISION
DFARS-S228.370-2-j-4,DFARS-S228.370-2-j-4-ii,HAS_PROVISION
DFARS-S228.370-2-j-4,DFARS-S228.370-2-j-4-iii,HAS_PROVISION
DFARS-S228.370-2-j-4,DFARS-S228.370-2-j-4-iv,HAS_PROVISION
DFARS-S228.370-2-j-4,DFARS-S228.370-2-j-4-v,HAS_PROVISION
DFARS-S228.370-2,DFARS-S228.370-2-k,HAS_PROVISION
DFARS-S228.370-3,DFARS-S228.370-3-a,HAS_PROVISION
DFARS-S228.370-3,DFARS-S228.370-3-b,HAS_PROVISION
DFARS-S228.370-3-b,DFARS-S228.370-3-b-1,HAS_PROVISION
DFARS-S228.370-3-b,DFARS-S228.370-3-b-2,HAS_PROVISION
DFARS-S228.370-3-b,DFARS-S228.370-3-b-3,HAS_PROVISION
DFARS-S228.371,DFARS-S228.371-a,HAS_PROVISION
DFARS-S228.371-a,DFARS-S228.371-a-1,HAS_PROVISION
DFARS-S228.371-a,DFARS-S228.371-a-2,HAS_PROVISION
DFARS-S228.371,DFARS-S228.371-b,HAS_PROVISION
DFARS-S228.371-b,DFARS-S228.371-b-1,HAS_PROVISION
DFARS-S228.371-b-1,DFARS-S228.371-b-1-i,HAS_PROVISION
DFARS-S228.371-b-1,DFARS-S228.371-b-1-ii,HAS_PROVISION
DFARS-S228.371-b-1,DFARS-S228.371-b-1-iii,HAS_PROVISION
DFARS-S228.371-b-1,DFARS-S228.371-b-1-iv,HAS_PROVISION
DFARS-S228.371-b-1,DFARS-S228.371-b-1-v,HAS_PROVISION
DFARS-S228.371-b-1,DFARS-S228.371-b-1-vi,HAS_PROVISION
DFARS-S228.371-b,DFARS-S228.371-b-2,HAS_PROVISION
DFARS-S228.371,DFARS-S228.371-c,HAS_PROVISION
DFARS-S228.371,DFARS-S228.371-d,HAS_PROVISION
DFARS-S228.371,DFARS-S228.371-e,HAS_PROVISION
DFARS-S228.371,DFARS-S228.371-f,HAS_PROVISION
DFARS-S229.101,DFARS-S229.101-a,HAS_PROVISION
DFARS-S229.101,DFARS-S229.101-b,HAS_PROVISION
DFARS-S229.101,DFARS-S229.101-c,HAS_PROVISION
DFARS-S229.101,DFARS-S229.101-d,HAS_PROVISION
DFARS-S229.170-2,DFARS-S229.170-2-a,HAS_PROVISION
DFARS-S229.170-2,DFARS-S229.170-2-b,HAS_PROVISION
DFARS-S229.170-2-b,DFARS-S229.170-2-b-1,HAS_PROVISION
DFARS-S229.170-2-b-1,DFARS-S229.170-2-b-1-i,HAS_PROVISION
DFARS-S229.170-2-b-1,DFARS-S229.170-2-b-1-ii,HAS_PROVISION
DFARS-S229.170-2-b,DFARS-S229.170-2-b-2,HAS_PROVISION
DFARS-S229.170-2-b,DFARS-S229.170-2-b-3,HAS_PROVISION
DFARS-S229.170-2-b,DFARS-S229.170-2-b-4,HAS_PROVISION
DFARS-S229.402-70,DFARS-S229.402-70-a,HAS_PROVISION
DFARS-S229.402-70-a,DFARS-S229.402-70-a-1,HAS_PROVISION
DFARS-S229.402-70-a,DFARS-S229.402-70-a-2,HAS_PROVISION
DFARS-S229.402-70,DFARS-S229.402-70-b,HAS_PROVISION
DFARS-S229.402-70,DFARS-S229.402-70-c,HAS_PROVISION
DFARS-S229.402-70-c,DFARS-S229.402-70-c-1,HAS_PROVISION
DFARS-S229.402-70-c-1,DFARS-S229.402-70-c-1-2,HAS_PROVISION
DFARS-S229.402-70,DFARS-S229.402-70-d,HAS_PROVISION
DFARS-S229.402-70,DFARS-S229.402-70-e,HAS_PROVISION
DFARS-S229.402-70-e,DFARS-S229.402-70-e-2,HAS_PROVISION
DFARS-S229.402-70,DFARS-S229.402-70-f,HAS_PROVISION
DFARS-S229.402-70,DFARS-S229.402-70-g,HAS_PROVISION
DFARS-S229.402-70,DFARS-S229.402-70-h,HAS_PROVISION
DFARS-S229.402-70,DFARS-S229.402-70-i,HAS_PROVISION
DFARS-S229.402-70,DFARS-S229.402-70-j,HAS_PROVISION
DFARS-S229.402-70,DFARS-S229.402-70-k,HAS_PROVISION
DFARS-S229.402-70-k,DFARS-S229.402-70-k-1,HAS_PROVISION
DFARS-S229.402-70-k,DFARS-S229.402-70-k-2,HAS_PROVISION
DFARS-S230.201-5,DFARS-S230.201-5-a,HAS_PROVISION
DFARS-S230.201-5-a,DFARS-S230.201-5-a-1,HAS_PROVISION
DFARS-S230.201-5-a-1,DFARS-S230.201-5-a-1-A,HAS_PROVISION
DFARS-S230.201-5,DFARS-S230.201-5-DPCAP,HAS_PROVISION
DFARS-S230.201-5-DPCAP,DFARS-S230.201-5-DPCAP-1,HAS_PROVISION
DFARS-S230.201-5-DPCAP,DFARS-S230.201-5-DPCAP-2,HAS_PROVISION
DFARS-S230.201-5-DPCAP-2,DFARS-S230.201-5-DPCAP-2-i,HAS_PROVISION
DFARS-S230.201-5-DPCAP-2,DFARS-S230.201-5-DPCAP-2-ii,HAS_PROVISION
DFARS-S230.201-5-DPCAP-2,DFARS-S230.201-5-DPCAP-2-iii,HAS_PROVISION
DFARS-S230.201-5-DPCAP,DFARS-S230.201-5-DPCAP-B,HAS_PROVISION
DFARS-S230.201-5-DPCAP,DFARS-S230.201-5-DPCAP-2#2,HAS_PROVISION
DFARS-S230.201-5-DPCAP,DFARS-S230.201-5-DPCAP-e,HAS_PROVISION
DFARS-S231.205-1,DFARS-S231.205-1-e,HAS_PROVISION
DFARS-S231.205-1,DFARS-S231.205-1-f,HAS_PROVISION
DFARS-S231.205-1-f,DFARS-S231.205-1-f-1,HAS_PROVISION
DFARS-S231.205-6,DFARS-S231.205-6-f,HAS_PROVISION
DFARS-S231.205-6-f,DFARS-S231.205-6-f-1,HAS_PROVISION
DFARS-S231.205-6,DFARS-S231.205-6-m,HAS_PROVISION
DFARS-S231.205-6-m,DFARS-S231.205-6-m-1,HAS_PROVISION
DFARS-S231.205-18,DFARS-S231.205-18-a,HAS_PROVISION
DFARS-S231.205-18,DFARS-S231.205-18-c,HAS_PROVISION
DFARS-S231.205-18-c,DFARS-S231.205-18-c-i,HAS_PROVISION
DFARS-S231.205-18-c,DFARS-S231.205-18-c-ii,HAS_PROVISION
DFARS-S231.205-18-c,DFARS-S231.205-18-c-iii,HAS_PROVISION
DFARS-S231.205-18-c-iii,DFARS-S231.205-18-c-iii-A,HAS_PROVISION
DFARS-S231.205-18-c-iii-A,DFARS-S231.205-18-c-iii-A-1,HAS_PROVISION
DFARS-S231.205-18-c-iii-A,DFARS-S231.205-18-c-iii-A-2,HAS_PROVISION
DFARS-S231.205-18-c-iii-A,DFARS-S231.205-18-c-iii-A-B,HAS_PROVISION
DFARS-S231.205-18-c-iii-A-B,DFARS-S231.205-18-c-iii-A-B-1,HAS_PROVISION
DFARS-S231.205-18-c-iii-A-B,DFARS-S231.205-18-c-iii-A-B-2,HAS_PROVISION
DFARS-S231.205-18-c-iii-A,DFARS-S231.205-18-c-iii-A-C,HAS_PROVISION
DFARS-S231.205-18-c,DFARS-S231.205-18-c-iv,HAS_PROVISION
DFARS-S231.205-18-c,DFARS-S231.205-18-c-v,HAS_PROVISION
DFARS-S231.205-19,DFARS-S231.205-19-e,HAS_PROVISION
DFARS-S231.205-22,DFARS-S231.205-22-a,HAS_PROVISION
DFARS-S231.205-70,DFARS-S231.205-70-a,HAS_PROVISION
DFARS-S231.205-70-a,DFARS-S231.205-70-a-1,HAS_PROVISION
DFARS-S231.205-70-a,DFARS-S231.205-70-a-2,HAS_PROVISION
DFARS-S231.205-70,DFARS-S231.205-70-b,HAS_PROVISION
DFARS-S231.205-70-b,DFARS-S231.205-70-b-1,HAS_PROVISION
DFARS-S231.205-70-b,DFARS-S231.205-70-b-2,HAS_PROVISION
DFARS-S231.205-70-b,DFARS-S231.205-70-b-3,HAS_PROVISION
DFARS-S231.205-70-b,DFARS-S231.205-70-b-4,HAS_PROVISION
DFARS-S231.205-70-b,DFARS-S231.205-70-b-5,HAS_PROVISION
DFARS-S231.205-70,DFARS-S231.205-70-c,HAS_PROVISION
DFARS-S231.205-70-c,DFARS-S231.205-70-c-1,HAS_PROVISION
DFARS-S231.205-70-c,DFARS-S231.205-70-c-2,HAS_PROVISION
DFARS-S231.205-70-c,DFARS-S231.205-70-c-3,HAS_PROVISION
DFARS-S231.205-70-c,DFARS-S231.205-70-c-4,HAS_PROVISION
DFARS-S231.205-70-c-4,DFARS-S231.205-70-c-4-i,HAS_PROVISION
DFARS-S231.205-70-c-4-i,DFARS-S231.205-70-c-4-i-A,HAS_PROVISION
DFARS-S231.205-70-c-4-i,DFARS-S231.205-70-c-4-i-B,HAS_PROVISION
DFARS-S231.205-70-c-4-i,DFARS-S231.205-70-c-4-i-ii,HAS_PROVISION
DFARS-S231.205-70-c-4-i-ii,DFARS-S231.205-70-c-4-i-ii-A,HAS_PROVISION
DFARS-S231.205-70-c-4-i-ii-A,DFARS-S231.205-70-c-4-i-ii-A-B,HAS_PROVISION
DFARS-S231.205-70,DFARS-S231.205-70-d,HAS_PROVISION
DFARS-S231.205-70,DFARS-S231.205-70-e,HAS_PROVISION
DFARS-S231.205-70-e,DFARS-S231.205-70-e-1,HAS_PROVISION
DFARS-S231.205-70-e,DFARS-S231.205-70-e-2,HAS_PROVISION
DFARS-S231.205-70-e,DFARS-S231.205-70-e-3,HAS_PROVISION
DFARS-S231.205-70-e,DFARS-S231.205-70-e-4,HAS_PROVISION
DFARS-S231.205-70-e,DFARS-S231.205-70-e-5,HAS_PROVISION
DFARS-S231.205-70-e,DFARS-S231.205-70-e-6,HAS_PROVISION
DFARS-S231.205-70-e-6,DFARS-S231.205-70-e-6-i,HAS_PROVISION
DFARS-S231.205-70-e-6,DFARS-S231.205-70-e-6-ii,HAS_PROVISION
DFARS-S231.205-70,DFARS-S231.205-70-f,HAS_PROVISION
DFARS-S231.205-70-f,DFARS-S231.205-70-f-1,HAS_PROVISION
DFARS-S231.205-70-f-1,DFARS-S231.205-70-f-1-i,HAS_PROVISION
DFARS-S231.205-70-f-1,DFARS-S231.205-70-f-1-ii,HAS_PROVISION
DFARS-S231.205-70-f,DFARS-S231.205-70-f-2,HAS_PROVISION
DFARS-S231.205-70-f-2,DFARS-S231.205-70-f-2-i,HAS_PROVISION
DFARS-S231.205-70-f-2,DFARS-S231.205-70-f-2-ii,HAS_PROVISION
DFARS-S231.205-70-f-2,DFARS-S231.205-70-f-2-iii,HAS_PROVISION
DFARS-S231.205-70-f-2,DFARS-S231.205-70-f-2-iv,HAS_PROVISION
DFARS-S231.205-70-f-2,DFARS-S231.205-70-f-2-v,HAS_PROVISION
DFARS-S231.205-70-f,DFARS-S231.205-70-f-3,HAS_PROVISION
DFARS-S231.205-71,DFARS-S231.205-71-a,HAS_PROVISION
DFARS-S231.205-71,DFARS-S231.205-71-b,HAS_PROVISION
DFARS-S231.205-71-b,DFARS-S231.205-71-b-1,HAS_PROVISION
DFARS-S231.205-71-b,DFARS-S231.205-71-b-2,HAS_PROVISION
DFARS-S231.205-71-b,DFARS-S231.205-71-b-3,HAS_PROVISION
DFARS-S231.205-71-b-3,DFARS-S231.205-71-b-3-i,HAS_PROVISION
DFARS-S231.205-71-b-3,DFARS-S231.205-71-b-3-ii,HAS_PROVISION
DFARS-S231.205-71-b-3-ii,DFARS-S231.205-71-b-3-ii-A,HAS_PROVISION
DFARS-S231.205-71-b-3-ii,DFARS-S231.205-71-b-3-ii-B,HAS_PROVISION
DFARS-S231.303,DFARS-S231.303-1,HAS_PROVISION
DFARS-S231.303,DFARS-S231.303-2,HAS_PROVISION
DFARS-S231.303,DFARS-S231.303-3,HAS_PROVISION
DFARS-S232.007,DFARS-S232.007-a,HAS_PROVISION
DFARS-S232.007,DFARS-S232.007-b,HAS_PROVISION
DFARS-S232.007-b,DFARS-S232.007-b-i,HAS_PROVISION
DFARS-S232.007-b,DFARS-S232.007-b-ii,HAS_PROVISION
DFARS-S232.007-b,DFARS-S232.007-b-iii,HAS_PROVISION
DFARS-S232.007-b,DFARS-S232.007-b-iv,HAS_PROVISION
DFARS-S232.070,DFARS-S232.070-a,HAS_PROVISION
DFARS-S232.070,DFARS-S232.070-b,HAS_PROVISION
DFARS-S232.070,DFARS-S232.070-c,HAS_PROVISION
DFARS-S232.072-1,DFARS-S232.072-1-a,HAS_PROVISION
DFARS-S232.072-1-a,DFARS-S232.072-1-a-1,HAS_PROVISION
DFARS-S232.072-1-a,DFARS-S232.072-1-a-2,HAS_PROVISION
DFARS-S232.072-1-a,DFARS-S232.072-1-a-3,HAS_PROVISION
DFARS-S232.072-1-a,DFARS-S232.072-1-a-4,HAS_PROVISION
DFARS-S232.072-1-a,DFARS-S232.072-1-a-5,HAS_PROVISION
DFARS-S232.072-1,DFARS-S232.072-1-b,HAS_PROVISION
DFARS-S232.072-1-b,DFARS-S232.072-1-b-1,HAS_PROVISION
DFARS-S232.072-1-b,DFARS-S232.072-1-b-2,HAS_PROVISION
DFARS-S232.072-2,DFARS-S232.072-2-a,HAS_PROVISION
DFARS-S232.072-2,DFARS-S232.072-2-b,HAS_PROVISION
DFARS-S232.072-2-b,DFARS-S232.072-2-b-1,HAS_PROVISION
DFARS-S232.072-2-b-1,DFARS-S232.072-2-b-1-i,HAS_PROVISION
DFARS-S232.072-2-b-1,DFARS-S232.072-2-b-1-ii,HAS_PROVISION
DFARS-S232.072-2-b-1,DFARS-S232.072-2-b-1-iii,HAS_PROVISION
DFARS-S232.072-2-b,DFARS-S232.072-2-b-2,HAS_PROVISION
DFARS-S232.072-2-b,DFARS-S232.072-2-b-3,HAS_PROVISION
DFARS-S232.072-2-b-3,DFARS-S232.072-2-b-3-i,HAS_PROVISION
DFARS-S232.072-2-b-3,DFARS-S232.072-2-b-3-ii,HAS_PROVISION
DFARS-S232.072-2-b-3,DFARS-S232.072-2-b-3-iii,HAS_PROVISION
DFARS-S232.072-2-b-3,DFARS-S232.072-2-b-3-iv,HAS_PROVISION
DFARS-S232.072-2-b,DFARS-S232.072-2-b-4,HAS_PROVISION
DFARS-S232.072-2-b-4,DFARS-S232.072-2-b-4-i,HAS_PROVISION
DFARS-S232.072-2-b-4,DFARS-S232.072-2-b-4-ii,HAS_PROVISION
DFARS-S232.072-2-b-4,DFARS-S232.072-2-b-4-iii,HAS_PROVISION
DFARS-S232.072-2-b,DFARS-S232.072-2-b-5,HAS_PROVISION
DFARS-S232.072-2-b-5,DFARS-S232.072-2-b-5-i,HAS_PROVISION
DFARS-S232.072-2-b-5,DFARS-S232.072-2-b-5-ii,HAS_PROVISION
DFARS-S232.072-2-b,DFARS-S232.072-2-b-6,HAS_PROVISION
DFARS-S232.072-2-b,DFARS-S232.072-2-b-7,HAS_PROVISION
DFARS-S232.072-2-b-7,DFARS-S232.072-2-b-7-i,HAS_PROVISION
DFARS-S232.072-2-b-7,DFARS-S232.072-2-b-7-ii,HAS_PROVISION
DFARS-S232.072-2-b-7,DFARS-S232.072-2-b-7-iii,HAS_PROVISION
DFARS-S232.072-2-b-7,DFARS-S232.072-2-b-7-iv,HAS_PROVISION
DFARS-S232.072-2-b-7,DFARS-S232.072-2-b-7-v,HAS_PROVISION
DFARS-S232.072-2-b,DFARS-S232.072-2-b-8,HAS_PROVISION
DFARS-S232.072-2-b,DFARS-S232.072-2-b-9,HAS_PROVISION
DFARS-S232.072-2-b-9,DFARS-S232.072-2-b-9-i,HAS_PROVISION
DFARS-S232.072-2-b-9,DFARS-S232.072-2-b-9-ii,HAS_PROVISION
DFARS-S232.072-2-b-9,DFARS-S232.072-2-b-9-iii,HAS_PROVISION
DFARS-S232.072-2-b-9,DFARS-S232.072-2-b-9-iv,HAS_PROVISION
DFARS-S232.072-2-b-9,DFARS-S232.072-2-b-9-v,HAS_PROVISION
DFARS-S232.072-2-b-9,DFARS-S232.072-2-b-9-vi,HAS_PROVISION
DFARS-S232.072-2-b-9,DFARS-S232.072-2-b-9-vii,HAS_PROVISION
DFARS-S232.072-2-b,DFARS-S232.072-2-b-10,HAS_PROVISION
DFARS-S232.072-2-b-10,DFARS-S232.072-2-b-10-i,HAS_PROVISION
DFARS-S232.072-2-b-10,DFARS-S232.072-2-b-10-ii,HAS_PROVISION
DFARS-S232.072-2-b-10,DFARS-S232.072-2-b-10-iii,HAS_PROVISION
DFARS-S232.072-2-b-10,DFARS-S232.072-2-b-10-iv,HAS_PROVISION
DFARS-S232.072-2-b-10,DFARS-S232.072-2-b-10-v,HAS_PROVISION
DFARS-S232.072-2-b-10,DFARS-S232.072-2-b-10-vi,HAS_PROVISION
DFARS-S232.072-3,DFARS-S232.072-3-a,HAS_PROVISION
DFARS-S232.072-3,DFARS-S232.072-3-b,HAS_PROVISION
DFARS-S232.072-3,DFARS-S232.072-3-c,HAS_PROVISION
DFARS-S232.072-3,DFARS-S232.072-3-d,HAS_PROVISION
DFARS-S232.072-3-d,DFARS-S232.072-3-d-1,HAS_PROVISION
DFARS-S232.072-3-d,DFARS-S232.072-3-d-2,HAS_PROVISION
DFARS-S232.072-3,DFARS-S232.072-3-e,HAS_PROVISION
DFARS-S232.072-3-e,DFARS-S232.072-3-e-1,HAS_PROVISION
DFARS-S232.072-3-e,DFARS-S232.072-3-e-2,HAS_PROVISION
DFARS-S232.072-3-e,DFARS-S232.072-3-e-3,HAS_PROVISION
DFARS-S232.072-3-e,DFARS-S232.072-3-e-4,HAS_PROVISION
DFARS-S232.072-3-e,DFARS-S232.072-3-e-5,HAS_PROVISION
DFARS-S232.072-3-e,DFARS-S232.072-3-e-6,HAS_PROVISION
DFARS-S232.072-3-e,DFARS-S232.072-3-e-7,HAS_PROVISION
DFARS-S232.072-3-e,DFARS-S232.072-3-e-8,HAS_PROVISION
DFARS-S232.072-3,DFARS-S232.072-3-f,HAS_PROVISION
DFARS-S232.072-3-f,DFARS-S232.072-3-f-1,HAS_PROVISION
DFARS-S232.072-3-f,DFARS-S232.072-3-f-2,HAS_PROVISION
DFARS-S232.072-3-f,DFARS-S232.072-3-f-3,HAS_PROVISION
DFARS-S232.102,DFARS-S232.102-e,HAS_PROVISION
DFARS-S232.102-e,DFARS-S232.102-e-2,HAS_PROVISION
DFARS-S232.102-70,DFARS-S232.102-70-a,HAS_PROVISION
DFARS-S232.102-70-a,DFARS-S232.102-70-a-1,HAS_PROVISION
DFARS-S232.102-70-a,DFARS-S232.102-70-a-2,HAS_PROVISION
DFARS-S232.102-70-a,DFARS-S232.102-70-a-3,HAS_PROVISION
DFARS-S232.102-70-a,DFARS-S232.102-70-a-4,HAS_PROVISION
DFARS-S232.102-70-a,DFARS-S232.102-70-a-5,HAS_PROVISION
DFARS-S232.102-70,DFARS-S232.102-70-b,HAS_PROVISION
DFARS-S232.102-70-b,DFARS-S232.102-70-b-1,HAS_PROVISION
DFARS-S232.102-70-b,DFARS-S232.102-70-b-2,HAS_PROVISION
DFARS-S232.102-70-b,DFARS-S232.102-70-b-3,HAS_PROVISION
DFARS-S232.102-70,DFARS-S232.102-70-c,HAS_PROVISION
DFARS-S232.102-70-c,DFARS-S232.102-70-c-1,HAS_PROVISION
DFARS-S232.102-70-c,DFARS-S232.102-70-c-2,HAS_PROVISION
DFARS-S232.102-70-c,DFARS-S232.102-70-c-3,HAS_PROVISION
DFARS-S232.104,DFARS-S232.104-1,HAS_PROVISION
DFARS-S232.104,DFARS-S232.104-2,HAS_PROVISION
DFARS-S232.202-4,DFARS-S232.202-4-a,HAS_PROVISION
DFARS-S232.202-4-a,DFARS-S232.202-4-a-2,HAS_PROVISION
DFARS-S232.206,DFARS-S232.206-f,HAS_PROVISION
DFARS-S232.206-f,DFARS-S232.206-f-i,HAS_PROVISION
DFARS-S232.206-f,DFARS-S232.206-f-ii,HAS_PROVISION
DFARS-S232.206,DFARS-S232.206-g,HAS_PROVISION
DFARS-S232.302,DFARS-S232.302-a,HAS_PROVISION
DFARS-S232.404,DFARS-S232.404-a,HAS_PROVISION
DFARS-S232.404-a,DFARS-S232.404-a-9,HAS_PROVISION
DFARS-S232.412-70,DFARS-S232.412-70-a,HAS_PROVISION
DFARS-S232.412-70,DFARS-S232.412-70-b,HAS_PROVISION
DFARS-S232.470,DFARS-S232.470-a,HAS_PROVISION
DFARS-S232.470-a,DFARS-S232.470-a-1,HAS_PROVISION
DFARS-S232.470-a,DFARS-S232.470-a-2,HAS_PROVISION
DFARS-S232.470-a,DFARS-S232.470-a-3,HAS_PROVISION
DFARS-S232.470-a-3,DFARS-S232.470-a-3-i,HAS_PROVISION
DFARS-S232.470-a-3,DFARS-S232.470-a-3-ii,HAS_PROVISION
DFARS-S232.470-a-3,DFARS-S232.470-a-3-iii,HAS_PROVISION
DFARS-S232.501-1,DFARS-S232.501-1-a,HAS_PROVISION
DFARS-S232.501-3,DFARS-S232.501-3-b,HAS_PROVISION
DFARS-S232.501-3-b,DFARS-S232.501-3-b-i,HAS_PROVISION
DFARS-S232.501-3-b,DFARS-S232.501-3-b-ii,HAS_PROVISION
DFARS-S232.502-4-70,DFARS-S232.502-4-70-a,HAS_PROVISION
DFARS-S232.502-4-70-a,DFARS-S232.502-4-70-a-i,HAS_PROVISION
DFARS-S232.502-4-70-a,DFARS-S232.502-4-70-a-ii,HAS_PROVISION
DFARS-S232.502-4-70,DFARS-S232.502-4-70-b,HAS_PROVISION
DFARS-S232.502-4-70,DFARS-S232.502-4-70-c,HAS_PROVISION
DFARS-S232.503-6,DFARS-S232.503-6-b,HAS_PROVISION
DFARS-S232.503-6,DFARS-S232.503-6-g,HAS_PROVISION
DFARS-S232.503-6-g,DFARS-S232.503-6-g-i,HAS_PROVISION
DFARS-S232.503-6-g,DFARS-S232.503-6-g-ii,HAS_PROVISION
DFARS-S232.503-6-g,DFARS-S232.503-6-g-iii,HAS_PROVISION
DFARS-S232.503-15,DFARS-S232.503-15-d,HAS_PROVISION
DFARS-S232.503-15-d,DFARS-S232.503-15-d-i,HAS_PROVISION
DFARS-S232.503-15-d-i,DFARS-S232.503-15-d-i-ii,HAS_PROVISION
DFARS-S232.503-15-d-i,DFARS-S232.503-15-d-i-iii,HAS_PROVISION
DFARS-S232.602,DFARS-S232.602-b,HAS_PROVISION
DFARS-S232.611,DFARS-S232.611-a,HAS_PROVISION
DFARS-S232.611-a,DFARS-S232.611-a-7,HAS_PROVISION
DFARS-S232.611-a-7,DFARS-S232.611-a-7-A,HAS_PROVISION
DFARS-S232.611-a-7,DFARS-S232.611-a-7-B,HAS_PROVISION
DFARS-S232.611-a-7,DFARS-S232.611-a-7-C,HAS_PROVISION
DFARS-S232.703-1,DFARS-S232.703-1-1,HAS_PROVISION
DFARS-S232.703-1-1,DFARS-S232.703-1-1-i,HAS_PROVISION
DFARS-S232.703-1-1-i,DFARS-S232.703-1-1-i-A,HAS_PROVISION
DFARS-S232.703-1-1-i,DFARS-S232.703-1-1-i-B,HAS_PROVISION
DFARS-S232.703-1-1-i,DFARS-S232.703-1-1-i-C,HAS_PROVISION
DFARS-S232.703-1-1,DFARS-S232.703-1-1-ii,HAS_PROVISION
DFARS-S232.703-1-1-ii,DFARS-S232.703-1-1-ii-A,HAS_PROVISION
DFARS-S232.703-1-1-ii,DFARS-S232.703-1-1-ii-B,HAS_PROVISION
DFARS-S232.703-1,DFARS-S232.703-1-2,HAS_PROVISION
DFARS-S232.703-3,DFARS-S232.703-3-b,HAS_PROVISION
DFARS-S232.704-70,DFARS-S232.704-70-a,HAS_PROVISION
DFARS-S232.704-70-a,DFARS-S232.704-70-a-1,HAS_PROVISION
DFARS-S232.704-70-a,DFARS-S232.704-70-a-2,HAS_PROVISION
DFARS-S232.704-70-a,DFARS-S232.704-70-a-3,HAS_PROVISION
DFARS-S232.704-70-a-3,DFARS-S232.704-70-a-3-i,HAS_PROVISION
DFARS-S232.704-70-a-3,DFARS-S232.704-70-a-3-ii,HAS_PROVISION
DFARS-S232.704-70,DFARS-S232.704-70-b,HAS_PROVISION
DFARS-S232.704-70,DFARS-S232.704-70-c,HAS_PROVISION
DFARS-S232.803,DFARS-S232.803-b,HAS_PROVISION
DFARS-S232.803,DFARS-S232.803-d,HAS_PROVISION
DFARS-S232.805,DFARS-S232.805-b,HAS_PROVISION
DFARS-S232.805-b,DFARS-S232.805-b-i,HAS_PROVISION
DFARS-S232.805-b-i,DFARS-S232.805-b-i-A,HAS_PROVISION
DFARS-S232.805-b-i,DFARS-S232.805-b-i-B,HAS_PROVISION
DFARS-S232.805-b-i,DFARS-S232.805-b-i-C,HAS_PROVISION
DFARS-S232.805-b-i,DFARS-S232.805-b-i-D,HAS_PROVISION
DFARS-S232.805-b,DFARS-S232.805-b-ii,HAS_PROVISION
DFARS-S232.805-b,DFARS-S232.805-b-iii,HAS_PROVISION
DFARS-S232.806,DFARS-S232.806-a,HAS_PROVISION
DFARS-S232.806-a,DFARS-S232.806-a-1,HAS_PROVISION
DFARS-S232.806-a-1,DFARS-S232.806-a-1-2,HAS_PROVISION
DFARS-S232.901,DFARS-S232.901-1,HAS_PROVISION
DFARS-S232.901-1,DFARS-S232.901-1-i,HAS_PROVISION
DFARS-S232.901-1-i,DFARS-S232.901-1-i-A,HAS_PROVISION
DFARS-S232.901-1-i,DFARS-S232.901-1-i-B,HAS_PROVISION
DFARS-S232.901-1-i,DFARS-S232.901-1-i-C,HAS_PROVISION
DFARS-S232.901-1,DFARS-S232.901-1-ii,HAS_PROVISION
DFARS-S232.901-1,DFARS-S232.901-1-iii,HAS_PROVISION
DFARS-S232.901,DFARS-S232.901-2,HAS_PROVISION
DFARS-S232.901-2,DFARS-S232.901-2-i,HAS_PROVISION
DFARS-S232.901-2,DFARS-S232.901-2-ii,HAS_PROVISION
DFARS-S232.901-2,DFARS-S232.901-2-iii,HAS_PROVISION
DFARS-S232.901-2,DFARS-S232.901-2-iv,HAS_PROVISION
DFARS-S232.901-2,DFARS-S232.901-2-v,HAS_PROVISION
DFARS-S232.901-2,DFARS-S232.901-2-vi,HAS_PROVISION
DFARS-S232.901,DFARS-S232.901-3,HAS_PROVISION
DFARS-S232.901-3,DFARS-S232.901-3-i,HAS_PROVISION
DFARS-S232.901-3,DFARS-S232.901-3-ii,HAS_PROVISION
DFARS-S232.904,DFARS-S232.904-d,HAS_PROVISION
DFARS-S232.905,DFARS-S232.905-b,HAS_PROVISION
DFARS-S232.905-b,DFARS-S232.905-b-1,HAS_PROVISION
DFARS-S232.905-b-1,DFARS-S232.905-b-1-iii,HAS_PROVISION
DFARS-S232.906,DFARS-S232.906-a,HAS_PROVISION
DFARS-S232.906-a,DFARS-S232.906-a-i,HAS_PROVISION
DFARS-S232.906-a-i,DFARS-S232.906-a-i-ii,HAS_PROVISION
DFARS-S232.1001,DFARS-S232.1001-a,HAS_PROVISION
DFARS-S232.1001,DFARS-S232.1001-d,HAS_PROVISION
DFARS-S232.1004,DFARS-S232.1004-b,HAS_PROVISION
DFARS-S232.1004-b,DFARS-S232.1004-b-i,HAS_PROVISION
DFARS-S232.1004-b,DFARS-S232.1004-b-ii,HAS_PROVISION
DFARS-S232.1004-b-ii,DFARS-S232.1004-b-ii-A,HAS_PROVISION
DFARS-S232.1004-b-ii,DFARS-S232.1004-b-ii-B,HAS_PROVISION
DFARS-S232.1004-b,DFARS-S232.1004-b-iii,HAS_PROVISION
DFARS-S232.1004,DFARS-S232.1004-c,HAS_PROVISION
DFARS-S232.1005-70,DFARS-S232.1005-70-a,HAS_PROVISION
DFARS-S232.1005-70-a,DFARS-S232.1005-70-a-1,HAS_PROVISION
DFARS-S232.1005-70-a,DFARS-S232.1005-70-a-2,HAS_PROVISION
DFARS-S232.1005-70,DFARS-S232.1005-70-b,HAS_PROVISION
DFARS-S232.1005-70,DFARS-S232.1005-70-c,HAS_PROVISION
DFARS-S232.1110,DFARS-S232.1110-1,HAS_PROVISION
DFARS-S232.1110,DFARS-S232.1110-2,HAS_PROVISION
DFARS-S232.7002,DFARS-S232.7002-a,HAS_PROVISION
DFARS-S232.7002-a,DFARS-S232.7002-a-1,HAS_PROVISION
DFARS-S232.7002-a,DFARS-S232.7002-a-2,HAS_PROVISION
DFARS-S232.7002-a,DFARS-S232.7002-a-3,HAS_PROVISION
DFARS-S232.7002-a,DFARS-S232.7002-a-4,HAS_PROVISION
DFARS-S232.7002-a,DFARS-S232.7002-a-5,HAS_PROVISION
DFARS-S232.7002,DFARS-S232.7002-b,HAS_PROVISION
DFARS-S232.7002-b,DFARS-S232.7002-b-1,HAS_PROVISION
DFARS-S232.7002-b-1,DFARS-S232.7002-b-1-i,HAS_PROVISION
DFARS-S232.7002-b-1,DFARS-S232.7002-b-1-ii,HAS_PROVISION
DFARS-S232.7002-b-1,DFARS-S232.7002-b-1-2,HAS_PROVISION
DFARS-S232.7003,DFARS-S232.7003-a,HAS_PROVISION
DFARS-S232.7003-a,DFARS-S232.7003-a-1,HAS_PROVISION
DFARS-S232.7003-a,DFARS-S232.7003-a-2,HAS_PROVISION
DFARS-S232.7003,DFARS-S232.7003-b,HAS_PROVISION
DFARS-S232.7003-b,DFARS-S232.7003-b-1,HAS_PROVISION
DFARS-S232.7003-b,DFARS-S232.7003-b-2,HAS_PROVISION
DFARS-S232.7004,DFARS-S232.7004-a,HAS_PROVISION
DFARS-S232.7004,DFARS-S232.7004-b,HAS_PROVISION
DFARS-S232.7101,DFARS-S232.7101-a,HAS_PROVISION
DFARS-S232.7101-a,DFARS-S232.7101-a-1,HAS_PROVISION
DFARS-S232.7101-a,DFARS-S232.7101-a-2,HAS_PROVISION
DFARS-S232.7101,DFARS-S232.7101-b,HAS_PROVISION
DFARS-S232.7101,DFARS-S232.7101-c,HAS_PROVISION
DFARS-S232.7101,DFARS-S232.7101-d,HAS_PROVISION
DFARS-S233.104,DFARS-S233.104-c,HAS_PROVISION
DFARS-S233.104-c,DFARS-S233.104-c-A,HAS_PROVISION
DFARS-S233.104-c,DFARS-S233.104-c-B,HAS_PROVISION
DFARS-S233.104-c,DFARS-S233.104-c-C,HAS_PROVISION
DFARS-S233.104-c,DFARS-S233.104-c-D,HAS_PROVISION
DFARS-S233.104,DFARS-S233.104-b,HAS_PROVISION
DFARS-S233.215,DFARS-S233.215-1,HAS_PROVISION
DFARS-S233.215-1,DFARS-S233.215-1-i,HAS_PROVISION
DFARS-S233.215-1,DFARS-S233.215-1-ii,HAS_PROVISION
DFARS-S233.215-1,DFARS-S233.215-1-iii,HAS_PROVISION
DFARS-S233.215-1,DFARS-S233.215-1-iv,HAS_PROVISION
DFARS-S233.215-1,DFARS-S233.215-1-v,HAS_PROVISION
DFARS-S233.215-1,DFARS-S233.215-1-vi,HAS_PROVISION
DFARS-S233.215,DFARS-S233.215-2,HAS_PROVISION
DFARS-S233.215-2,DFARS-S233.215-2-i,HAS_PROVISION
DFARS-S233.215-2,DFARS-S233.215-2-ii,HAS_PROVISION
DFARS-S233.215,DFARS-S233.215-3,HAS_PROVISION
DFARS-S234.004,DFARS-S234.004-1,HAS_PROVISION
DFARS-S234.004,DFARS-S234.004-2,HAS_PROVISION
DFARS-S234.004-2,DFARS-S234.004-2-i,HAS_PROVISION
DFARS-S234.004-2-i,DFARS-S234.004-2-i-A,HAS_PROVISION
DFARS-S234.004-2-i,DFARS-S234.004-2-i-B,HAS_PROVISION
DFARS-S234.004-2-i-B,DFARS-S234.004-2-i-B-1,HAS_PROVISION
DFARS-S234.004-2-i-B,DFARS-S234.004-2-i-B-2,HAS_PROVISION
DFARS-S234.004-2-i,DFARS-S234.004-2-i-C,HAS_PROVISION
DFARS-S234.004-2-i-C,DFARS-S234.004-2-i-C-1,HAS_PROVISION
DFARS-S234.004-2-i-C,DFARS-S234.004-2-i-C-2,HAS_PROVISION
DFARS-S234.004-2,DFARS-S234.004-2-ii,HAS_PROVISION
DFARS-S234.004-2-ii,DFARS-S234.004-2-ii-A,HAS_PROVISION
DFARS-S234.004-2-ii-A,DFARS-S234.004-2-ii-A-1,HAS_PROVISION
DFARS-S234.004-2-ii-A,DFARS-S234.004-2-ii-A-2,HAS_PROVISION
DFARS-S234.004-2-ii,DFARS-S234.004-2-ii-B,HAS_PROVISION
DFARS-S234.004-2,DFARS-S234.004-2-iii,HAS_PROVISION
DFARS-S234.004-2,DFARS-S234.004-2-iv,HAS_PROVISION
DFARS-S234.004-2,DFARS-S234.004-2-v,HAS_PROVISION
DFARS-S234.004-2-v,DFARS-S234.004-2-v-A,HAS_PROVISION
DFARS-S234.004-2-v-A,DFARS-S234.004-2-v-A-1,HAS_PROVISION
DFARS-S234.004-2-v-A,DFARS-S234.004-2-v-A-2,HAS_PROVISION
DFARS-S234.004-2-v-A,DFARS-S234.004-2-v-A-B,HAS_PROVISION
DFARS-S234.004-2-v-A-B,DFARS-S234.004-2-v-A-B-1,HAS_PROVISION
DFARS-S234.004-2-v-A-B,DFARS-S234.004-2-v-A-B-2,HAS_PROVISION
DFARS-S234.004,DFARS-S234.004-3,HAS_PROVISION
DFARS-S234.004-3,DFARS-S234.004-3-i,HAS_PROVISION
DFARS-S234.004-3,DFARS-S234.004-3-ii,HAS_PROVISION
DFARS-S234.005-1,DFARS-S234.005-1-1,HAS_PROVISION
DFARS-S234.005-1,DFARS-S234.005-1-2,HAS_PROVISION
DFARS-S234.005-1,DFARS-S234.005-1-3,HAS_PROVISION
DFARS-S234.005-1,DFARS-S234.005-1-4,HAS_PROVISION
DFARS-S234.201,DFARS-S234.201-1,HAS_PROVISION
DFARS-S234.201-1,DFARS-S234.201-1-i,HAS_PROVISION
DFARS-S234.201-1,DFARS-S234.201-1-ii,HAS_PROVISION
DFARS-S234.201-1,DFARS-S234.201-1-iii,HAS_PROVISION
DFARS-S234.201-1-iii,DFARS-S234.201-1-iii-A,HAS_PROVISION
DFARS-S234.201-1-iii-A,DFARS-S234.201-1-iii-A-B,HAS_PROVISION
DFARS-S234.201-1-iii-A,DFARS-S234.201-1-iii-A-C,HAS_PROVISION
DFARS-S234.201-1-iii,DFARS-S234.201-1-iii-iv,HAS_PROVISION
DFARS-S234.201-1-iii-iv,DFARS-S234.201-1-iii-iv-A,HAS_PROVISION
DFARS-S234.201-1-iii-iv,DFARS-S234.201-1-iii-iv-B,HAS_PROVISION
DFARS-S234.201-1,DFARS-S234.201-1-2,HAS_PROVISION
DFARS-S234.201-1,DFARS-S234.201-1-3,HAS_PROVISION
DFARS-S234.201-1,DFARS-S234.201-1-4,HAS_PROVISION
DFARS-S234.201-1,DFARS-S234.201-1-5,HAS_PROVISION
DFARS-S234.201-1-5,DFARS-S234.201-1-5-i,HAS_PROVISION
DFARS-S234.201-1-5,DFARS-S234.201-1-5-ii,HAS_PROVISION
DFARS-S234.201-1,DFARS-S234.201-1-6,HAS_PROVISION
DFARS-S234.201-1,DFARS-S234.201-1-7,HAS_PROVISION
DFARS-S234.201-1-7,DFARS-S234.201-1-7-i,HAS_PROVISION
DFARS-S234.201-1-7,DFARS-S234.201-1-7-ii,HAS_PROVISION
DFARS-S234.201-1-7-ii,DFARS-S234.201-1-7-ii-A,HAS_PROVISION
DFARS-S234.201-1-7-ii,DFARS-S234.201-1-7-ii-B,HAS_PROVISION
DFARS-S234.201-1-7-ii-B,DFARS-S234.201-1-7-ii-B-1,HAS_PROVISION
DFARS-S234.201-1-7-ii-B,DFARS-S234.201-1-7-ii-B-2,HAS_PROVISION
DFARS-S234.201-1-7-ii-B,DFARS-S234.201-1-7-ii-B-3,HAS_PROVISION
DFARS-S234.201-1-7,DFARS-S234.201-1-7-iii,HAS_PROVISION
DFARS-S234.201-1-7-iii,DFARS-S234.201-1-7-iii-A,HAS_PROVISION
DFARS-S234.201-1-7-iii-A,DFARS-S234.201-1-7-iii-A-1,HAS_PROVISION
DFARS-S234.201-1-7-iii-A,DFARS-S234.201-1-7-iii-A-2,HAS_PROVISION
DFARS-S234.201-1-7-iii-A-2,DFARS-S234.201-1-7-iii-A-2-i,HAS_PROVISION
DFARS-S234.201-1-7-iii-A-2,DFARS-S234.201-1-7-iii-A-2-ii,HAS_PROVISION
DFARS-S234.201-1-7-iii-A-2,DFARS-S234.201-1-7-iii-A-2-iii,HAS_PROVISION
DFARS-S234.201-1-7-iii,DFARS-S234.201-1-7-iii-B,HAS_PROVISION
DFARS-S234.201,DFARS-S234.201-8,HAS_PROVISION
DFARS-S234.201,DFARS-S234.201-9,HAS_PROVISION
DFARS-S234.203,DFARS-S234.203-1,HAS_PROVISION
DFARS-S234.203,DFARS-S234.203-2,HAS_PROVISION
DFARS-S234.7000,DFARS-S234.7000-a,HAS_PROVISION
DFARS-S234.7000,DFARS-S234.7000-b,HAS_PROVISION
DFARS-S234.7002,DFARS-S234.7002-a,HAS_PROVISION
DFARS-S234.7002-a,DFARS-S234.7002-a-1,HAS_PROVISION
DFARS-S234.7002-a-1,DFARS-S234.7002-a-1-i,HAS_PROVISION
DFARS-S234.7002-a-1-i,DFARS-S234.7002-a-1-i-A,HAS_PROVISION
DFARS-S234.7002-a-1-i,DFARS-S234.7002-a-1-i-B,HAS_PROVISION
DFARS-S234.7002-a-1,DFARS-S234.7002-a-1-ii,HAS_PROVISION
DFARS-S234.7002-a,DFARS-S234.7002-a-2,HAS_PROVISION
DFARS-S234.7002,DFARS-S234.7002-b,HAS_PROVISION
DFARS-S234.7002-b,DFARS-S234.7002-b-1,HAS_PROVISION
DFARS-S234.7002-b,DFARS-S234.7002-b-2,HAS_PROVISION
DFARS-S234.7002-b,DFARS-S234.7002-b-3,HAS_PROVISION
DFARS-S234.7002-b-3,DFARS-S234.7002-b-3-i,HAS_PROVISION
DFARS-S234.7002-b-3,DFARS-S234.7002-b-3-ii,HAS_PROVISION
DFARS-S234.7002-b-3,DFARS-S234.7002-b-3-iii,HAS_PROVISION
DFARS-S234.7002,DFARS-S234.7002-c,HAS_PROVISION
DFARS-S234.7002-c,DFARS-S234.7002-c-1,HAS_PROVISION
DFARS-S234.7002-c-1,DFARS-S234.7002-c-1-i,HAS_PROVISION
DFARS-S234.7002-c-1-i,DFARS-S234.7002-c-1-i-A,HAS_PROVISION
DFARS-S234.7002-c-1-i,DFARS-S234.7002-c-1-i-B,HAS_PROVISION
DFARS-S234.7002-c-1,DFARS-S234.7002-c-1-ii,HAS_PROVISION
DFARS-S234.7002-c,DFARS-S234.7002-c-2,HAS_PROVISION
DFARS-S234.7002-c-2,DFARS-S234.7002-c-2-i,HAS_PROVISION
DFARS-S234.7002-c-2,DFARS-S234.7002-c-2-ii,HAS_PROVISION
DFARS-S234.7002-c-2,DFARS-S234.7002-c-2-iii,HAS_PROVISION
DFARS-S234.7002-c,DFARS-S234.7002-c-d,HAS_PROVISION
DFARS-S234.7002-c-d,DFARS-S234.7002-c-d-1,HAS_PROVISION
DFARS-S234.7002-c-d,DFARS-S234.7002-c-d-2,HAS_PROVISION
DFARS-S234.7002-c-d-2,DFARS-S234.7002-c-d-2-i,HAS_PROVISION
DFARS-S234.7002-c-d-2,DFARS-S234.7002-c-d-2-ii,HAS_PROVISION
DFARS-S234.7002-c-d,DFARS-S234.7002-c-d-3,HAS_PROVISION
DFARS-S234.7002-c-d,DFARS-S234.7002-c-d-4,HAS_PROVISION
DFARS-S234.7002-c-d-4,DFARS-S234.7002-c-d-4-i,HAS_PROVISION
DFARS-S234.7002-c-d-4,DFARS-S234.7002-c-d-4-ii,HAS_PROVISION
DFARS-S234.7002-c,DFARS-S234.7002-c-e,HAS_PROVISION
DFARS-S234.7002-c-e,DFARS-S234.7002-c-e-1,HAS_PROVISION
DFARS-S234.7002-c-e-1,DFARS-S234.7002-c-e-1-i,HAS_PROVISION
DFARS-S234.7002-c-e-1,DFARS-S234.7002-c-e-1-ii,HAS_PROVISION
DFARS-S234.7002-c-e,DFARS-S234.7002-c-e-2,HAS_PROVISION
DFARS-S234.7002-c-e-2,DFARS-S234.7002-c-e-2-i,HAS_PROVISION
DFARS-S234.7002-c-e-2,DFARS-S234.7002-c-e-2-ii,HAS_PROVISION
DFARS-S234.7002-c-e-2,DFARS-S234.7002-c-e-2-iii,HAS_PROVISION
DFARS-S234.7002-c-e,DFARS-S234.7002-c-e-3,HAS_PROVISION
DFARS-S234.7002-c-e,DFARS-S234.7002-c-e-4,HAS_PROVISION
DFARS-S234.7002-c-e,DFARS-S234.7002-c-e-5,HAS_PROVISION
DFARS-S234.7100,DFARS-S234.7100-a,HAS_PROVISION
DFARS-S234.7100,DFARS-S234.7100-b,HAS_PROVISION
DFARS-S234.7100,DFARS-S234.7100-c,HAS_PROVISION
DFARS-S234.7101,DFARS-S234.7101-a,HAS_PROVISION
DFARS-S234.7101-a,DFARS-S234.7101-a-1,HAS_PROVISION
DFARS-S234.7101-a,DFARS-S234.7101-a-2,HAS_PROVISION
DFARS-S234.7101,DFARS-S234.7101-b,HAS_PROVISION
DFARS-S234.7101-b,DFARS-S234.7101-b-1,HAS_PROVISION
DFARS-S234.7101-b,DFARS-S234.7101-b-2,HAS_PROVISION
DFARS-S235.006,DFARS-S235.006-b,HAS_PROVISION
DFARS-S235.006-b,DFARS-S235.006-b-i,HAS_PROVISION
DFARS-S235.006-b-i,DFARS-S235.006-b-i-A,HAS_PROVISION
DFARS-S235.006-b-i,DFARS-S235.006-b-i-B,HAS_PROVISION
DFARS-S235.006-b-i,DFARS-S235.006-b-i-ii,HAS_PROVISION
DFARS-S235.006-b-i-ii,DFARS-S235.006-b-i-ii-A,HAS_PROVISION
DFARS-S235.006-b-i-ii-A,DFARS-S235.006-b-i-ii-A-1,HAS_PROVISION
DFARS-S235.006-b-i-ii-A,DFARS-S235.006-b-i-ii-A-2,HAS_PROVISION
DFARS-S235.006-b-i-ii-A,DFARS-S235.006-b-i-ii-A-3,HAS_PROVISION
DFARS-S235.006-b-i-ii-A-3,DFARS-S235.006-b-i-ii-A-3-i,HAS_PROVISION
DFARS-S235.006-b-i-ii-A-3,DFARS-S235.006-b-i-ii-A-3-ii,HAS_PROVISION
DFARS-S235.006-b-i-ii,DFARS-S235.006-b-i-ii-B,HAS_PROVISION
DFARS-S235.006-b-i-ii-B,DFARS-S235.006-b-i-ii-B-1,HAS_PROVISION
DFARS-S235.006-b-i-ii-B,DFARS-S235.006-b-i-ii-B-2,HAS_PROVISION
DFARS-S235.006-b-i-ii-B,DFARS-S235.006-b-i-ii-B-3,HAS_PROVISION
DFARS-S235.006-70,DFARS-S235.006-70-a,HAS_PROVISION
DFARS-S235.006-70,DFARS-S235.006-70-b,HAS_PROVISION
DFARS-S235.006-71,DFARS-S235.006-71-a,HAS_PROVISION
DFARS-S235.006-71-a,DFARS-S235.006-71-a-1,HAS_PROVISION
DFARS-S235.006-71-a-1,DFARS-S235.006-71-a-1-2,HAS_PROVISION
DFARS-S235.006-71,DFARS-S235.006-71-b,HAS_PROVISION
DFARS-S235.010,DFARS-S235.010-b,HAS_PROVISION
DFARS-S235.015-70,DFARS-S235.015-70-a,HAS_PROVISION
DFARS-S235.015-70-a,DFARS-S235.015-70-a-1,HAS_PROVISION
DFARS-S235.015-70-a-1,DFARS-S235.015-70-a-1-i,HAS_PROVISION
DFARS-S235.015-70-a-1,DFARS-S235.015-70-a-1-ii,HAS_PROVISION
DFARS-S235.015-70-a,DFARS-S235.015-70-a-2,HAS_PROVISION
DFARS-S235.015-70-a-2,DFARS-S235.015-70-a-2-i,HAS_PROVISION
DFARS-S235.015-70-a-2,DFARS-S235.015-70-a-2-ii,HAS_PROVISION
DFARS-S235.015-70,DFARS-S235.015-70-b,HAS_PROVISION
DFARS-S235.015-70-b,DFARS-S235.015-70-b-1,HAS_PROVISION
DFARS-S235.015-70-b,DFARS-S235.015-70-b-2,HAS_PROVISION
DFARS-S235.015-70,DFARS-S235.015-70-c,HAS_PROVISION
DFARS-S235.015-70-c,DFARS-S235.015-70-c-c,HAS_PROVISION
DFARS-S235.015-70-c-c,DFARS-S235.015-70-c-c-1,HAS_PROVISION
DFARS-S235.015-70-c-c,DFARS-S235.015-70-c-c-2,HAS_PROVISION
DFARS-S235.015-70-c-c,DFARS-S235.015-70-c-c-3,HAS_PROVISION
DFARS-S235.015-70-c-c,DFARS-S235.015-70-c-c-4,HAS_PROVISION
DFARS-S235.015-70-c-c,DFARS-S235.015-70-c-c-5,HAS_PROVISION
DFARS-S235.015-70-c,DFARS-S235.015-70-c-d,HAS_PROVISION
DFARS-S235.015-70-c-d,DFARS-S235.015-70-c-d-1,HAS_PROVISION
DFARS-S235.015-70-c-d-1,DFARS-S235.015-70-c-d-1-i,HAS_PROVISION
DFARS-S235.015-70-c-d-1,DFARS-S235.015-70-c-d-1-ii,HAS_PROVISION
DFARS-S235.015-70-c-d-1,DFARS-S235.015-70-c-d-1-iii,HAS_PROVISION
DFARS-S235.015-70-c-d-1-iii,DFARS-S235.015-70-c-d-1-iii-A,HAS_PROVISION
DFARS-S235.015-70-c-d-1-iii,DFARS-S235.015-70-c-d-1-iii-B,HAS_PROVISION
DFARS-S235.015-70-c-d-1,DFARS-S235.015-70-c-d-1-iv,HAS_PROVISION
DFARS-S235.015-70-c-d-1,DFARS-S235.015-70-c-d-1-v,HAS_PROVISION
DFARS-S235.015-70-c-d-1-v,DFARS-S235.015-70-c-d-1-v-A,HAS_PROVISION
DFARS-S235.015-70-c-d-1-v,DFARS-S235.015-70-c-d-1-v-B,HAS_PROVISION
DFARS-S235.015-70-c-d-1,DFARS-S235.015-70-c-d-1-vi,HAS_PROVISION
DFARS-S235.015-70-c-d-1,DFARS-S235.015-70-c-d-1-vii,HAS_PROVISION
DFARS-S235.015-70-c-d-1,DFARS-S235.015-70-c-d-1-viii,HAS_PROVISION
DFARS-S235.015-70-c-d,DFARS-S235.015-70-c-d-2,HAS_PROVISION
DFARS-S235.015-70-c-d-2,DFARS-S235.015-70-c-d-2-i,HAS_PROVISION
DFARS-S235.015-70-c-d-2-i,DFARS-S235.015-70-c-d-2-i-A,HAS_PROVISION
DFARS-S235.015-70-c-d-2-i,DFARS-S235.015-70-c-d-2-i-B,HAS_PROVISION
DFARS-S235.015-70-c-d-2,DFARS-S235.015-70-c-d-2-ii,HAS_PROVISION
DFARS-S235.015-70-c-d-2-ii,DFARS-S235.015-70-c-d-2-ii-A,HAS_PROVISION
DFARS-S235.015-70-c-d-2-ii,DFARS-S235.015-70-c-d-2-ii-B,HAS_PROVISION
DFARS-S235.015-70-c-d,DFARS-S235.015-70-c-d-3,HAS_PROVISION
DFARS-S235.015-70-c-d-3,DFARS-S235.015-70-c-d-3-i,HAS_PROVISION
DFARS-S235.015-70-c-d-3,DFARS-S235.015-70-c-d-3-ii,HAS_PROVISION
DFARS-S235.015-70-c-d,DFARS-S235.015-70-c-d-4,HAS_PROVISION
DFARS-S235.015-70-c-d,DFARS-S235.015-70-c-d-5,HAS_PROVISION
DFARS-S235.016,DFARS-S235.016-a,HAS_PROVISION
DFARS-S235.016-a,DFARS-S235.016-a-i,HAS_PROVISION
DFARS-S235.016-a,DFARS-S235.016-a-ii,HAS_PROVISION
DFARS-S235.016-a,DFARS-S235.016-a-iii,HAS_PROVISION
DFARS-S235.016-a,DFARS-S235.016-a-iv,HAS_PROVISION
DFARS-S235.017,DFARS-S235.017-a,HAS_PROVISION
DFARS-S235.017-a,DFARS-S235.017-a-2,HAS_PROVISION
DFARS-S235.017-1,DFARS-S235.017-1-c,HAS_PROVISION
DFARS-S235.017-1-c,DFARS-S235.017-1-c-4,HAS_PROVISION
DFARS-S235.070-1,DFARS-S235.070-1-a,HAS_PROVISION
DFARS-S235.070-1-a,DFARS-S235.070-1-a-1,HAS_PROVISION
DFARS-S235.070-1-a,DFARS-S235.070-1-a-2,HAS_PROVISION
DFARS-S235.070-1-a-2,DFARS-S235.070-1-a-2-i,HAS_PROVISION
DFARS-S235.070-1-a-2,DFARS-S235.070-1-a-2-ii,HAS_PROVISION
DFARS-S235.070-1-a-2,DFARS-S235.070-1-a-2-iii,HAS_PROVISION
DFARS-S235.070-1,DFARS-S235.070-1-b,HAS_PROVISION
DFARS-S235.070-3,DFARS-S235.070-3-a,HAS_PROVISION
DFARS-S235.070-3,DFARS-S235.070-3-b,HAS_PROVISION
DFARS-S235.072,DFARS-S235.072-a,HAS_PROVISION
DFARS-S235.072,DFARS-S235.072-b,HAS_PROVISION
DFARS-S235.072-b,DFARS-S235.072-b-1,HAS_PROVISION
DFARS-S235.072-b,DFARS-S235.072-b-2,HAS_PROVISION
DFARS-S235.072,DFARS-S235.072-c,HAS_PROVISION
DFARS-S235.072,DFARS-S235.072-d,HAS_PROVISION
DFARS-S235.072,DFARS-S235.072-e,HAS_PROVISION
DFARS-S235.072-e,DFARS-S235.072-e-1,HAS_PROVISION
DFARS-S235.072-e,DFARS-S235.072-e-2,HAS_PROVISION
DFARS-S236.102,DFARS-S236.102-1,HAS_PROVISION
DFARS-S236.102,DFARS-S236.102-2,HAS_PROVISION
DFARS-S236.204,DFARS-S236.204-i,HAS_PROVISION
DFARS-S236.204,DFARS-S236.204-ii,HAS_PROVISION
DFARS-S236.204,DFARS-S236.204-iii,HAS_PROVISION
DFARS-S236.204,DFARS-S236.204-iv,HAS_PROVISION
DFARS-S236.204,DFARS-S236.204-v,HAS_PROVISION
DFARS-S236.270,DFARS-S236.270-a,HAS_PROVISION
DFARS-S236.270-a,DFARS-S236.270-a-1,HAS_PROVISION
DFARS-S236.270-a,DFARS-S236.270-a-2,HAS_PROVISION
DFARS-S236.270,DFARS-S236.270-b,HAS_PROVISION
DFARS-S236.272,DFARS-S236.272-a,HAS_PROVISION
DFARS-S236.272-a,DFARS-S236.272-a-1,HAS_PROVISION
DFARS-S236.272-a,DFARS-S236.272-a-2,HAS_PROVISION
DFARS-S236.272,DFARS-S236.272-b,HAS_PROVISION
DFARS-S236.272-b,DFARS-S236.272-b-1,HAS_PROVISION
DFARS-S236.272-b,DFARS-S236.272-b-2,HAS_PROVISION
DFARS-S236.272,DFARS-S236.272-c,HAS_PROVISION
DFARS-S236.272-c,DFARS-S236.272-c-1,HAS_PROVISION
DFARS-S236.272-c,DFARS-S236.272-c-2,HAS_PROVISION
DFARS-S236.272-c,DFARS-S236.272-c-3,HAS_PROVISION
DFARS-S236.273,DFARS-S236.273-a,HAS_PROVISION
DFARS-S236.273-a,DFARS-S236.273-a-1,HAS_PROVISION
DFARS-S236.273-a,DFARS-S236.273-a-2,HAS_PROVISION
DFARS-S236.273,DFARS-S236.273-b,HAS_PROVISION
DFARS-S236.303-1,DFARS-S236.303-1-a,HAS_PROVISION
DFARS-S236.303-1-a,DFARS-S236.303-1-a-4,HAS_PROVISION
DFARS-S236.303-1-a-4,DFARS-S236.303-1-a-4-i,HAS_PROVISION
DFARS-S236.303-1-a-4-i,DFARS-S236.303-1-a-4-i-A,HAS_PROVISION
DFARS-S236.303-1-a-4-i,DFARS-S236.303-1-a-4-i-B,HAS_PROVISION
DFARS-S236.303-1-a-4,DFARS-S236.303-1-a-4-ii,HAS_PROVISION
DFARS-S236.570,DFARS-S236.570-a,HAS_PROVISION
DFARS-S236.570-a,DFARS-S236.570-a-1,HAS_PROVISION
DFARS-S236.570-a,DFARS-S236.570-a-2,HAS_PROVISION
DFARS-S236.570,DFARS-S236.570-b,HAS_PROVISION
DFARS-S236.570-b,DFARS-S236.570-b-1,HAS_PROVISION
DFARS-S236.570-b,DFARS-S236.570-b-2,HAS_PROVISION
DFARS-S236.570-b-2,DFARS-S236.570-b-2-i,HAS_PROVISION
DFARS-S236.570-b-2-i,DFARS-S236.570-b-2-i-A,HAS_PROVISION
DFARS-S236.570-b-2-i,DFARS-S236.570-b-2-i-B,HAS_PROVISION
DFARS-S236.570-b-2,DFARS-S236.570-b-2-ii,HAS_PROVISION
DFARS-S236.570-b-2-ii,DFARS-S236.570-b-2-ii-A,HAS_PROVISION
DFARS-S236.570-b-2-ii,DFARS-S236.570-b-2-ii-B,HAS_PROVISION
DFARS-S236.570-b,DFARS-S236.570-b-3,HAS_PROVISION
DFARS-S236.570-b,DFARS-S236.570-b-4,HAS_PROVISION
DFARS-S236.570-b,DFARS-S236.570-b-5,HAS_PROVISION
DFARS-S236.570-b,DFARS-S236.570-b-6,HAS_PROVISION
DFARS-S236.570,DFARS-S236.570-c,HAS_PROVISION
DFARS-S236.570-c,DFARS-S236.570-c-1,HAS_PROVISION
DFARS-S236.570-c,DFARS-S236.570-c-2,HAS_PROVISION
DFARS-S236.570,DFARS-S236.570-d,HAS_PROVISION
DFARS-S236.570-d,DFARS-S236.570-d-1,HAS_PROVISION
DFARS-S236.570-d,DFARS-S236.570-d-2,HAS_PROVISION
DFARS-S236.570,DFARS-S236.570-e,HAS_PROVISION
DFARS-S236.601,DFARS-S236.601-1,HAS_PROVISION
DFARS-S236.601-1,DFARS-S236.601-1-i,HAS_PROVISION
DFARS-S236.601-1-i,DFARS-S236.601-1-i-A,HAS_PROVISION
DFARS-S236.601-1-i,DFARS-S236.601-1-i-B,HAS_PROVISION
DFARS-S236.601-1-i-B,DFARS-S236.601-1-i-B-1,HAS_PROVISION
DFARS-S236.601-1-i-B-1,DFARS-S236.601-1-i-B-1-2,HAS_PROVISION
DFARS-S236.601-1,DFARS-S236.601-1-ii,HAS_PROVISION
DFARS-S236.601-1-ii,DFARS-S236.601-1-ii-A,HAS_PROVISION
DFARS-S236.601-1-ii,DFARS-S236.601-1-ii-B,HAS_PROVISION
DFARS-S236.601-1-ii-B,DFARS-S236.601-1-ii-B-1,HAS_PROVISION
DFARS-S236.601-1-ii-B-1,DFARS-S236.601-1-ii-B-1-2,HAS_PROVISION
DFARS-S236.601,DFARS-S236.601-2,HAS_PROVISION
DFARS-S236.602-1,DFARS-S236.602-1-a,HAS_PROVISION
DFARS-S236.606-70,DFARS-S236.606-70-a,HAS_PROVISION
DFARS-S236.606-70,DFARS-S236.606-70-b,HAS_PROVISION
DFARS-S236.606-70-b,DFARS-S236.606-70-b-1,HAS_PROVISION
DFARS-S236.606-70-b,DFARS-S236.606-70-b-2,HAS_PROVISION
DFARS-S236.606-70-b-2,DFARS-S236.606-70-b-2-i,HAS_PROVISION
DFARS-S236.606-70-b-2,DFARS-S236.606-70-b-2-ii,HAS_PROVISION
DFARS-S236.606-70-b-2,DFARS-S236.606-70-b-2-iii,HAS_PROVISION
DFARS-S236.606-70-b,DFARS-S236.606-70-b-c,HAS_PROVISION
DFARS-S236.609-70,DFARS-S236.609-70-1,HAS_PROVISION
DFARS-S236.609-70,DFARS-S236.609-70-2,HAS_PROVISION
DFARS-S236.609-70,DFARS-S236.609-70-3,HAS_PROVISION
DFARS-S236.701,DFARS-S236.701-c,HAS_PROVISION
DFARS-S237.101,DFARS-S237.101-1,HAS_PROVISION
DFARS-S237.101,DFARS-S237.101-2,HAS_PROVISION
DFARS-S237.102,DFARS-S237.102-b,HAS_PROVISION
DFARS-S237.102-b,DFARS-S237.102-b-1,HAS_PROVISION
DFARS-S237.102-b-1,DFARS-S237.102-b-1-2,HAS_PROVISION
DFARS-S237.102,DFARS-S237.102-c,HAS_PROVISION
DFARS-S237.102,DFARS-S237.102-e,HAS_PROVISION
DFARS-S237.102-70,DFARS-S237.102-70-a,HAS_PROVISION
DFARS-S237.102-70-a,DFARS-S237.102-70-a-1,HAS_PROVISION
DFARS-S237.102-70-a,DFARS-S237.102-70-a-2,HAS_PROVISION
DFARS-S237.102-70-a,DFARS-S237.102-70-a-3,HAS_PROVISION
DFARS-S237.102-70-a,DFARS-S237.102-70-a-4,HAS_PROVISION
DFARS-S237.102-70-a-4,DFARS-S237.102-70-a-4-i,HAS_PROVISION
DFARS-S237.102-70-a-4,DFARS-S237.102-70-a-4-ii,HAS_PROVISION
DFARS-S237.102-70-a-4,DFARS-S237.102-70-a-4-iii,HAS_PROVISION
DFARS-S237.102-70,DFARS-S237.102-70-b,HAS_PROVISION
DFARS-S237.102-70,DFARS-S237.102-70-c,HAS_PROVISION
DFARS-S237.102-70-c,DFARS-S237.102-70-c-1,HAS_PROVISION
DFARS-S237.102-70-c-1,DFARS-S237.102-70-c-1-i,HAS_PROVISION
DFARS-S237.102-70-c-1,DFARS-S237.102-70-c-1-ii,HAS_PROVISION
DFARS-S237.102-70-c-1-ii,DFARS-S237.102-70-c-1-ii-A,HAS_PROVISION
DFARS-S237.102-70-c-1-ii,DFARS-S237.102-70-c-1-ii-B,HAS_PROVISION
DFARS-S237.102-70-c-1-ii,DFARS-S237.102-70-c-1-ii-C,HAS_PROVISION
DFARS-S237.102-70-c-1,DFARS-S237.102-70-c-1-iii,HAS_PROVISION
DFARS-S237.102-70-c-1,DFARS-S237.102-70-c-1-iv,HAS_PROVISION
DFARS-S237.102-70-c-1-iv,DFARS-S237.102-70-c-1-iv-A,HAS_PROVISION
DFARS-S237.102-70-c-1-iv,DFARS-S237.102-70-c-1-iv-B,HAS_PROVISION
DFARS-S237.102-70-c-1-iv,DFARS-S237.102-70-c-1-iv-C,HAS_PROVISION
DFARS-S237.102-70-c-1-iv,DFARS-S237.102-70-c-1-iv-D,HAS_PROVISION
DFARS-S237.102-70-c-1-iv,DFARS-S237.102-70-c-1-iv-E,HAS_PROVISION
DFARS-S237.102-70-c-1-iv,DFARS-S237.102-70-c-1-iv-F,HAS_PROVISION
DFARS-S237.102-70-c-1,DFARS-S237.102-70-c-1-2,HAS_PROVISION
DFARS-S237.102-70,DFARS-S237.102-70-iv,HAS_PROVISION
DFARS-S237.102-71,DFARS-S237.102-71-a,HAS_PROVISION
DFARS-S237.102-71-a,DFARS-S237.102-71-a-1,HAS_PROVISION
DFARS-S237.102-71-a,DFARS-S237.102-71-a-2,HAS_PROVISION
DFARS-S237.102-71,DFARS-S237.102-71-b,HAS_PROVISION
DFARS-S237.102-71-b,DFARS-S237.102-71-b-1,HAS_PROVISION
DFARS-S237.102-71-b,DFARS-S237.102-71-b-2,HAS_PROVISION
DFARS-S237.102-71-b-2,DFARS-S237.102-71-b-2-i,HAS_PROVISION
DFARS-S237.102-71-b-2,DFARS-S237.102-71-b-2-ii,HAS_PROVISION
DFARS-S237.102-71-b-2-ii,DFARS-S237.102-71-b-2-ii-A,HAS_PROVISION
DFARS-S237.102-71-b-2-ii,DFARS-S237.102-71-b-2-ii-B,HAS_PROVISION
DFARS-S237.102-71-b-2-ii,DFARS-S237.102-71-b-2-ii-C,HAS_PROVISION
DFARS-S237.102-71-b-2-ii,DFARS-S237.102-71-b-2-ii-D,HAS_PROVISION
DFARS-S237.102-71,DFARS-S237.102-71-c,HAS_PROVISION
DFARS-S237.102-72,DFARS-S237.102-72-a,HAS_PROVISION
DFARS-S237.102-72,DFARS-S237.102-72-b,HAS_PROVISION
DFARS-S237.102-72-b,DFARS-S237.102-72-b-1,HAS_PROVISION
DFARS-S237.102-72-b,DFARS-S237.102-72-b-2,HAS_PROVISION
DFARS-S237.102-72,DFARS-S237.102-72-c,HAS_PROVISION
DFARS-S237.102-76,DFARS-S237.102-76-a,HAS_PROVISION
DFARS-S237.102-76,DFARS-S237.102-76-b,HAS_PROVISION
DFARS-S237.104,DFARS-S237.104-b,HAS_PROVISION
DFARS-S237.104-b,DFARS-S237.104-b-i,HAS_PROVISION
DFARS-S237.104-b-i,DFARS-S237.104-b-i-A,HAS_PROVISION
DFARS-S237.104-b-i,DFARS-S237.104-b-i-B,HAS_PROVISION
DFARS-S237.104-b-i-B,DFARS-S237.104-b-i-B-1,HAS_PROVISION
DFARS-S237.104-b-i-B,DFARS-S237.104-b-i-B-2,HAS_PROVISION
DFARS-S237.104-b-i-B,DFARS-S237.104-b-i-B-3,HAS_PROVISION
DFARS-S237.104-b-i-B,DFARS-S237.104-b-i-B-4,HAS_PROVISION
DFARS-S237.104-b-i-B,DFARS-S237.104-b-i-B-5,HAS_PROVISION
DFARS-S237.104-b-i-B,DFARS-S237.104-b-i-B-6,HAS_PROVISION
DFARS-S237.104-b-i-B-6,DFARS-S237.104-b-i-B-6-7,HAS_PROVISION
DFARS-S237.104-b-i,DFARS-S237.104-b-i-ii,HAS_PROVISION
DFARS-S237.104-b-i-ii,DFARS-S237.104-b-i-ii-A,HAS_PROVISION
DFARS-S237.104-b-i-ii-A,DFARS-S237.104-b-i-ii-A-1,HAS_PROVISION
DFARS-S237.104-b-i-ii-A,DFARS-S237.104-b-i-ii-A-2,HAS_PROVISION
DFARS-S237.104-b-i-ii-A,DFARS-S237.104-b-i-ii-A-3,HAS_PROVISION
DFARS-S237.104-b-i-ii,DFARS-S237.104-b-i-ii-B,HAS_PROVISION
DFARS-S237.104-b-i-ii,DFARS-S237.104-b-i-ii-C,HAS_PROVISION
DFARS-S237.104-b-i-ii-C,DFARS-S237.104-b-i-ii-C-1,HAS_PROVISION
DFARS-S237.104-b-i-ii-C-1,DFARS-S237.104-b-i-ii-C-1-i,HAS_PROVISION
DFARS-S237.104-b-i-ii-C-1,DFARS-S237.104-b-i-ii-C-1-ii,HAS_PROVISION
DFARS-S237.104-b-i-ii-C,DFARS-S237.104-b-i-ii-C-2,HAS_PROVISION
DFARS-S237.104-b-i-ii,DFARS-S237.104-b-i-ii-D,HAS_PROVISION
DFARS-S237.104-b-i-ii,DFARS-S237.104-b-i-ii-E,HAS_PROVISION
DFARS-S237.104-b-i-ii,DFARS-S237.104-b-i-ii-F,HAS_PROVISION
DFARS-S237.104-b-i-ii,DFARS-S237.104-b-i-ii-G,HAS_PROVISION
DFARS-S237.104-b-i-ii-G,DFARS-S237.104-b-i-ii-G-1,HAS_PROVISION
DFARS-S237.104-b-i-ii-G,DFARS-S237.104-b-i-ii-G-2,HAS_PROVISION
DFARS-S237.104-b-i-ii,DFARS-S237.104-b-i-ii-H,HAS_PROVISION
DFARS-S237.104-b-i-ii,DFARS-S237.104-b-i-ii-I,HAS_PROVISION
DFARS-S237.104-b-i,DFARS-S237.104-b-i-iii,HAS_PROVISION
DFARS-S237.104-b-i-iii,DFARS-S237.104-b-i-iii-A,HAS_PROVISION
DFARS-S237.104-b-i-iii-A,DFARS-S237.104-b-i-iii-A-1,HAS_PROVISION
DFARS-S237.104-b-i-iii-A-1,DFARS-S237.104-b-i-iii-A-1-i,HAS_PROVISION
DFARS-S237.104-b-i-iii-A-1,DFARS-S237.104-b-i-iii-A-1-ii,HAS_PROVISION
DFARS-S237.104-b-i-iii-A-1,DFARS-S237.104-b-i-iii-A-1-iii,HAS_PROVISION
DFARS-S237.104-b-i-iii-A,DFARS-S237.104-b-i-iii-A-2,HAS_PROVISION
DFARS-S237.104-b-i-iii-A-2,DFARS-S237.104-b-i-iii-A-2-i,HAS_PROVISION
DFARS-S237.104-b-i-iii-A-2,DFARS-S237.104-b-i-iii-A-2-ii,HAS_PROVISION
DFARS-S237.104-b-i-iii-A-2,DFARS-S237.104-b-i-iii-A-2-iii,HAS_PROVISION
DFARS-S237.104-b-i-iii-A,DFARS-S237.104-b-i-iii-A-B,HAS_PROVISION
DFARS-S237.104-b-i,DFARS-S237.104-b-i-iv,HAS_PROVISION
DFARS-S237.104,DFARS-S237.104-d,HAS_PROVISION
DFARS-S237.104,DFARS-S237.104-f,HAS_PROVISION
DFARS-S237.104-f,DFARS-S237.104-f-i,HAS_PROVISION
DFARS-S237.104-f-i,DFARS-S237.104-f-i-ii,HAS_PROVISION
DFARS-S237.104-f-i,DFARS-S237.104-f-i-iii,HAS_PROVISION
DFARS-S237.106,DFARS-S237.106-1,HAS_PROVISION
DFARS-S237.106-1,DFARS-S237.106-1-i,HAS_PROVISION
DFARS-S237.106-1,DFARS-S237.106-1-ii,HAS_PROVISION
DFARS-S237.106,DFARS-S237.106-2,HAS_PROVISION
DFARS-S237.170-1,DFARS-S237.170-1-a,HAS_PROVISION
DFARS-S237.170-1,DFARS-S237.170-1-b,HAS_PROVISION
DFARS-S237.170-1-b,DFARS-S237.170-1-b-1,HAS_PROVISION
DFARS-S237.170-1-b,DFARS-S237.170-1-b-2,HAS_PROVISION
DFARS-S237.170-2,DFARS-S237.170-2-a,HAS_PROVISION
DFARS-S237.170-2-a,DFARS-S237.170-2-a-1,HAS_PROVISION
DFARS-S237.170-2-a,DFARS-S237.170-2-a-2,HAS_PROVISION
DFARS-S237.170-2,DFARS-S237.170-2-b,HAS_PROVISION
DFARS-S237.171-3,DFARS-S237.171-3-a,HAS_PROVISION
DFARS-S237.171-3-a,DFARS-S237.171-3-a-1,HAS_PROVISION
DFARS-S237.171-3-a,DFARS-S237.171-3-a-2,HAS_PROVISION
DFARS-S237.171-3,DFARS-S237.171-3-b,HAS_PROVISION
DFARS-S237.171-4,DFARS-S237.171-4-a,HAS_PROVISION
DFARS-S237.171-4,DFARS-S237.171-4-b,HAS_PROVISION
DFARS-S237.172,DFARS-S237.172-a,HAS_PROVISION
DFARS-S237.172,DFARS-S237.172-b,HAS_PROVISION
DFARS-S237.173-3,DFARS-S237.173-3-a,HAS_PROVISION
DFARS-S237.173-3,DFARS-S237.173-3-b,HAS_PROVISION
DFARS-S237.173-3-b,DFARS-S237.173-3-b-1,HAS_PROVISION
DFARS-S237.173-3-b,DFARS-S237.173-3-b-2,HAS_PROVISION
DFARS-S237.270,DFARS-S237.270-a,HAS_PROVISION
DFARS-S237.270-a,DFARS-S237.270-a-1,HAS_PROVISION
DFARS-S237.270-a-1,DFARS-S237.270-a-1-i,HAS_PROVISION
DFARS-S237.270-a-1,DFARS-S237.270-a-1-ii,HAS_PROVISION
DFARS-S237.270-a,DFARS-S237.270-a-2,HAS_PROVISION
DFARS-S237.270-a,DFARS-S237.270-a-3,HAS_PROVISION
DFARS-S237.270,DFARS-S237.270-b,HAS_PROVISION
DFARS-S237.270,DFARS-S237.270-c,HAS_PROVISION
DFARS-S237.270,DFARS-S237.270-d,HAS_PROVISION
DFARS-S237.270-d,DFARS-S237.270-d-1,HAS_PROVISION
DFARS-S237.270-d,DFARS-S237.270-d-2,HAS_PROVISION
DFARS-S237.270-d-2,DFARS-S237.270-d-2-i,HAS_PROVISION
DFARS-S237.270-d-2,DFARS-S237.270-d-2-ii,HAS_PROVISION
DFARS-S237.270-d,DFARS-S237.270-d-3,HAS_PROVISION
DFARS-S237.270,DFARS-S237.270-d#2,HAS_PROVISION
DFARS-S237.270-d#2,DFARS-S237.270-d#2-2,HAS_PROVISION
DFARS-S237.270-d#2-2,DFARS-S237.270-d#2-2-i,HAS_PROVISION
DFARS-S237.270-d#2-2,DFARS-S237.270-d#2-2-ii,HAS_PROVISION
DFARS-S237.270-d#2-2,DFARS-S237.270-d#2-2-e,HAS_PROVISION
DFARS-S237.270-d#2-2-e,DFARS-S237.270-d#2-2-e-1,HAS_PROVISION
DFARS-S237.270-d#2-2-e,DFARS-S237.270-d#2-2-e-2,HAS_PROVISION
DFARS-S237.270-d#2-2-e,DFARS-S237.270-d#2-2-e-3,HAS_PROVISION
DFARS-S237.270-d#2-2-e,DFARS-S237.270-d#2-2-e-4,HAS_PROVISION
DFARS-S237.270-d#2-2-e-4,DFARS-S237.270-d#2-2-e-4-i,HAS_PROVISION
DFARS-S237.270-d#2-2-e-4,DFARS-S237.270-d#2-2-e-4-ii,HAS_PROVISION
DFARS-S237.270,DFARS-S237.270-2,HAS_PROVISION
DFARS-S237.503,DFARS-S237.503-c,HAS_PROVISION
DFARS-S237.7000,DFARS-S237.7000-a,HAS_PROVISION
DFARS-S237.7000,DFARS-S237.7000-b,HAS_PROVISION
DFARS-S237.7001,DFARS-S237.7001-a,HAS_PROVISION
DFARS-S237.7001,DFARS-S237.7001-b,HAS_PROVISION
DFARS-S237.7002,DFARS-S237.7002-a,HAS_PROVISION
DFARS-S237.7002,DFARS-S237.7002-b,HAS_PROVISION
DFARS-S237.7003,DFARS-S237.7003-a,HAS_PROVISION
DFARS-S237.7003-a,DFARS-S237.7003-a-1,HAS_PROVISION
DFARS-S237.7003-a,DFARS-S237.7003-a-2,HAS_PROVISION
DFARS-S237.7003-a,DFARS-S237.7003-a-3,HAS_PROVISION
DFARS-S237.7003-a,DFARS-S237.7003-a-4,HAS_PROVISION
DFARS-S237.7003-a,DFARS-S237.7003-a-5,HAS_PROVISION
DFARS-S237.7003-a,DFARS-S237.7003-a-6,HAS_PROVISION
DFARS-S237.7003-a,DFARS-S237.7003-a-7,HAS_PROVISION
DFARS-S237.7003-a,DFARS-S237.7003-a-8,HAS_PROVISION
DFARS-S237.7003,DFARS-S237.7003-b,HAS_PROVISION
DFARS-S237.7100,DFARS-S237.7100-a,HAS_PROVISION
DFARS-S237.7100,DFARS-S237.7100-b,HAS_PROVISION
DFARS-S237.7101,DFARS-S237.7101-a,HAS_PROVISION
DFARS-S237.7101,DFARS-S237.7101-b,HAS_PROVISION
DFARS-S237.7101,DFARS-S237.7101-c,HAS_PROVISION
DFARS-S237.7101,DFARS-S237.7101-d,HAS_PROVISION
DFARS-S237.7101-d,DFARS-S237.7101-d-1,HAS_PROVISION
DFARS-S237.7101-d,DFARS-S237.7101-d-2,HAS_PROVISION
DFARS-S237.7101,DFARS-S237.7101-e,HAS_PROVISION
DFARS-S237.7101-e,DFARS-S237.7101-e-1,HAS_PROVISION
DFARS-S237.7101-e,DFARS-S237.7101-e-2,HAS_PROVISION
DFARS-S237.7101-e,DFARS-S237.7101-e-3,HAS_PROVISION
DFARS-S237.7101,DFARS-S237.7101-f,HAS_PROVISION
DFARS-S237.7101-f,DFARS-S237.7101-f-1,HAS_PROVISION
DFARS-S237.7101-f,DFARS-S237.7101-f-2,HAS_PROVISION
DFARS-S237.7101,DFARS-S237.7101-g,HAS_PROVISION
DFARS-S237.7200,DFARS-S237.7200-a,HAS_PROVISION
DFARS-S237.7200,DFARS-S237.7200-b,HAS_PROVISION
DFARS-S237.7200-b,DFARS-S237.7200-b-1,HAS_PROVISION
DFARS-S237.7200-b,DFARS-S237.7200-b-2,HAS_PROVISION
DFARS-S237.7201,DFARS-S237.7201-a,HAS_PROVISION
DFARS-S237.7201,DFARS-S237.7201-b,HAS_PROVISION
DFARS-S237.7201-b,DFARS-S237.7201-b-1,HAS_PROVISION
DFARS-S237.7201-b,DFARS-S237.7201-b-2,HAS_PROVISION
DFARS-S237.7203,DFARS-S237.7203-a,HAS_PROVISION
DFARS-S237.7203,DFARS-S237.7203-b,HAS_PROVISION
DFARS-S237.7203,DFARS-S237.7203-c,HAS_PROVISION
DFARS-S237.7204,DFARS-S237.7204-a,HAS_PROVISION
DFARS-S237.7204,DFARS-S237.7204-b,HAS_PROVISION
DFARS-S237.7204,DFARS-S237.7204-c,HAS_PROVISION
DFARS-S237.7204,DFARS-S237.7204-d,HAS_PROVISION
DFARS-S237.7204-d,DFARS-S237.7204-d-i,HAS_PROVISION
DFARS-S237.7204-d,DFARS-S237.7204-d-ii,HAS_PROVISION
DFARS-S237.7204-d,DFARS-S237.7204-d-iii,HAS_PROVISION
DFARS-S237.7204-d,DFARS-S237.7204-d-iv,HAS_PROVISION
DFARS-S237.7204-d,DFARS-S237.7204-d-v,HAS_PROVISION
DFARS-S237.7204,DFARS-S237.7204-e,HAS_PROVISION
DFARS-S237.7204,DFARS-S237.7204-a#2,HAS_PROVISION
DFARS-S237.7204-a#2,DFARS-S237.7204-a#2-1,HAS_PROVISION
DFARS-S237.7204-a#2,DFARS-S237.7204-a#2-2,HAS_PROVISION
DFARS-S237.7204-a#2,DFARS-S237.7204-a#2-3,HAS_PROVISION
DFARS-S237.7204,DFARS-S237.7204-b#2,HAS_PROVISION
DFARS-S237.7204,DFARS-S237.7204-c#2,HAS_PROVISION
DFARS-S237.7204,DFARS-S237.7204-d#2,HAS_PROVISION
DFARS-S237.7204-d#2,DFARS-S237.7204-d#2-i,HAS_PROVISION
DFARS-S237.7204-d#2,DFARS-S237.7204-d#2-ii,HAS_PROVISION
DFARS-S237.7204-d#2,DFARS-S237.7204-d#2-iii,HAS_PROVISION
DFARS-S237.7204,DFARS-S237.7204-e#2,HAS_PROVISION
DFARS-S237.7204-e#2,DFARS-S237.7204-e#2-i,HAS_PROVISION
DFARS-S237.7204-e#2,DFARS-S237.7204-e#2-ii,HAS_PROVISION
DFARS-S237.7204,DFARS-S237.7204-f,HAS_PROVISION
DFARS-S237.7204,DFARS-S237.7204-g,HAS_PROVISION
DFARS-S237.7204-g,DFARS-S237.7204-g-i,HAS_PROVISION
DFARS-S237.7204-g,DFARS-S237.7204-g-ii,HAS_PROVISION
DFARS-S237.7204-g,DFARS-S237.7204-g-iii,HAS_PROVISION
DFARS-S237.7204-g,DFARS-S237.7204-g-iv,HAS_PROVISION
DFARS-S237.7204-g,DFARS-S237.7204-g-v,HAS_PROVISION
DFARS-S237.7204,DFARS-S237.7204-h,HAS_PROVISION
DFARS-S237.7204-h,DFARS-S237.7204-h-i,HAS_PROVISION
DFARS-S237.7204,DFARS-S237.7204-a#3,HAS_PROVISION
DFARS-S237.7204,DFARS-S237.7204-b#3,HAS_PROVISION
DFARS-S237.7204,DFARS-S237.7204-c#3,HAS_PROVISION
DFARS-S237.7204,DFARS-S237.7204-d#3,HAS_PROVISION
DFARS-S237.7204,DFARS-S237.7204-a#4,HAS_PROVISION
DFARS-S237.7204,DFARS-S237.7204-b#4,HAS_PROVISION
DFARS-S237.7204,DFARS-S237.7204-c#4,HAS_PROVISION
DFARS-S237.7204,DFARS-S237.7204-h#2,HAS_PROVISION
DFARS-S237.7204-h#2,DFARS-S237.7204-h#2-i,HAS_PROVISION
DFARS-S237.7204,DFARS-S237.7204-j,HAS_PROVISION
DFARS-S237.7204,DFARS-S237.7204-k,HAS_PROVISION
DFARS-S237.7204,DFARS-S237.7204-l,HAS_PROVISION
DFARS-S237.7204,DFARS-S237.7204-m,HAS_PROVISION
DFARS-S237.7204-m,DFARS-S237.7204-m-1,HAS_PROVISION
DFARS-S237.7204-m,DFARS-S237.7204-m-2,HAS_PROVISION
DFARS-S237.7204,DFARS-S237.7204-Title,HAS_PROVISION
DFARS-S237.7301,DFARS-S237.7301-a,HAS_PROVISION
DFARS-S237.7301-a,DFARS-S237.7301-a-1,HAS_PROVISION
DFARS-S237.7301-a,DFARS-S237.7301-a-2,HAS_PROVISION
DFARS-S237.7301-a,DFARS-S237.7301-a-3,HAS_PROVISION
DFARS-S237.7301,DFARS-S237.7301-b,HAS_PROVISION
DFARS-S237.7301,DFARS-S237.7301-c,HAS_PROVISION
DFARS-S237.7301,DFARS-S237.7301-d,HAS_PROVISION
DFARS-S237.7401,DFARS-S237.7401-a,HAS_PROVISION
DFARS-S237.7401,DFARS-S237.7401-b,HAS_PROVISION
DFARS-S237.7401,DFARS-S237.7401-c,HAS_PROVISION
DFARS-S237.7502,DFARS-S237.7502-a,HAS_PROVISION
DFARS-S237.7502,DFARS-S237.7502-b,HAS_PROVISION
DFARS-S237.7502-b,DFARS-S237.7502-b-1,HAS_PROVISION
DFARS-S237.7502-b,DFARS-S237.7502-b-2,HAS_PROVISION
DFARS-S237.7602,DFARS-S237.7602-a,HAS_PROVISION
DFARS-S237.7602,DFARS-S237.7602-b,HAS_PROVISION
DFARS-S237.7602,DFARS-S237.7602-c,HAS_PROVISION
DFARS-S237.7603,DFARS-S237.7603-a,HAS_PROVISION
DFARS-S237.7603,DFARS-S237.7603-b,HAS_PROVISION
DFARS-S237.7701,DFARS-S237.7701-1,HAS_PROVISION
DFARS-S237.7701,DFARS-S237.7701-2,HAS_PROVISION
DFARS-S237.7702,DFARS-S237.7702-a,HAS_PROVISION
DFARS-S237.7702,DFARS-S237.7702-b,HAS_PROVISION
DFARS-S237.7801,DFARS-S237.7801-1,HAS_PROVISION
DFARS-S237.7801,DFARS-S237.7801-2,HAS_PROVISION
DFARS-S237.7802,DFARS-S237.7802-a,HAS_PROVISION
DFARS-S237.7802,DFARS-S237.7802-b,HAS_PROVISION
DFARS-S237.7802-b,DFARS-S237.7802-b-1,HAS_PROVISION
DFARS-S237.7802-b,DFARS-S237.7802-b-2,HAS_PROVISION
DFARS-S237.7802,DFARS-S237.7802-c,HAS_PROVISION
DFARS-PART-239,DFARS-SEC-239.001,HAS_SECTION
DFARS-PART-239,DFARS-SUBPART-239.1,HAS_SUBPART
DFARS-SUBPART-239.1,DFARS-SEC-239.101,HAS_SECTION
DFARS-SEC-239.101,DFARS-SEC-239.101(1),HAS_PROVISION
DFARS-SEC-239.101,DFARS-SEC-239.101(2),HAS_PROVISION
DFARS-SEC-239.101,DFARS-SEC-239.101(3),HAS_PROVISION
DFARS-SEC-239.101,DFARS-SEC-239.101(4),HAS_PROVISION
DFARS-PART-239,DFARS-SUBPART-239.70,HAS_SUBPART
DFARS-SUBPART-239.70,DFARS-SEC-239.7001,HAS_SECTION
DFARS-PART-239,DFARS-SUBPART-239.71,HAS_SUBPART
DFARS-SUBPART-239.71,DFARS-SEC-239.7100,HAS_SECTION
DFARS-SUBPART-239.71,DFARS-SEC-239.7101,HAS_SECTION
DFARS-SUBPART-239.71,DFARS-SEC-239.7102,HAS_SECTION
DFARS-SUBPART-239.71,DFARS-SEC-239.7102-1,HAS_SECTION
DFARS-SEC-239.7102-1,DFARS-SEC-239.7102-1(a),HAS_PROVISION
DFARS-SEC-239.7102-1(a),DFARS-SEC-239.7102-1(1),HAS_PROVISION
DFARS-SEC-239.7102-1(a),DFARS-SEC-239.7102-1(2),HAS_PROVISION
DFARS-SEC-239.7102-1(a),DFARS-SEC-239.7102-1(3),HAS_PROVISION
DFARS-SEC-239.7102-1(a),DFARS-SEC-239.7102-1(4),HAS_PROVISION
DFARS-SEC-239.7102-1(a),DFARS-SEC-239.7102-1(5),HAS_PROVISION
DFARS-SEC-239.7102-1(a),DFARS-SEC-239.7102-1(6),HAS_PROVISION
DFARS-SEC-239.7102-1(a),DFARS-SEC-239.7102-1(7),HAS_PROVISION
DFARS-SEC-239.7102-1(a),DFARS-SEC-239.7102-1(8),HAS_PROVISION
DFARS-SEC-239.7102-1,DFARS-SEC-239.7102-1(b),HAS_PROVISION
DFARS-SEC-239.7102-1(b),DFARS-SEC-239.7102-1(1)#2,HAS_PROVISION
DFARS-SEC-239.7102-1(b),DFARS-SEC-239.7102-1(2)#2,HAS_PROVISION
DFARS-SEC-239.7102-1(b),DFARS-SEC-239.7102-1(3)#2,HAS_PROVISION
DFARS-SUBPART-239.71,DFARS-SEC-239.7102-2,HAS_SECTION
DFARS-SEC-239.7102-2,DFARS-SEC-239.7102-2(a),HAS_PROVISION
DFARS-SEC-239.7102-2,DFARS-SEC-239.7102-2(b),HAS_PROVISION
DFARS-SEC-239.7102-2,DFARS-SEC-239.7102-2(c),HAS_PROVISION
DFARS-SEC-239.7102-2,DFARS-SEC-239.7102-2(d),HAS_PROVISION
DFARS-SUBPART-239.71,DFARS-SEC-239.7102-3,HAS_SECTION
DFARS-SEC-239.7102-3,DFARS-SEC-239.7102-3(a),HAS_PROVISION
DFARS-SEC-239.7102-3(a),DFARS-SEC-239.7102-3(1),HAS_PROVISION
DFARS-SEC-239.7102-3(a),DFARS-SEC-239.7102-3(2),HAS_PROVISION
DFARS-SEC-239.7102-3,DFARS-SEC-239.7102-3(b),HAS_PROVISION
DFARS-SEC-239.7102-3,DFARS-SEC-239.7102-3(c),HAS_PROVISION
DFARS-SEC-239.7102-3,DFARS-SEC-239.7102-3(d),HAS_PROVISION
DFARS-SUBPART-239.71,DFARS-SEC-239.7103,HAS_SECTION
DFARS-SEC-239.7103,DFARS-SEC-239.7103(a),HAS_PROVISION
DFARS-SEC-239.7103,DFARS-SEC-239.7103(b),HAS_PROVISION
DFARS-PART-239,DFARS-SUBPART-239.72,HAS_SUBPART
DFARS-SUBPART-239.72,DFARS-SEC-239.7201,HAS_SECTION
DFARS-PART-239,DFARS-SUBPART-239.73,HAS_SUBPART
DFARS-SUBPART-239.73,DFARS-SUBPART-239.73-P1,HAS_PROVISION
DFARS-SUBPART-239.73,DFARS-SEC-239.7300,HAS_SECTION
DFARS-SUBPART-239.73,DFARS-SEC-239.7301,HAS_SECTION
DFARS-SEC-239.7301,DFARS-SEC-239.7301(1),HAS_PROVISION
DFARS-SEC-239.7301(1),DFARS-SEC-239.7301(i),HAS_PROVISION
DFARS-SEC-239.7301(1),DFARS-SEC-239.7301(ii),HAS_PROVISION
DFARS-SEC-239.7301(1),DFARS-SEC-239.7301(iii),HAS_PROVISION
DFARS-SEC-239.7301(1),DFARS-SEC-239.7301(iv),HAS_PROVISION
DFARS-SEC-239.7301(1),DFARS-SEC-239.7301(v),HAS_PROVISION
DFARS-SEC-239.7301,DFARS-SEC-239.7301(2),HAS_PROVISION
DFARS-SEC-239.7301,DFARS-SEC-239.7301(1)#2,HAS_PROVISION
DFARS-SEC-239.7301(1)#2,DFARS-SEC-239.7301(i)#2,HAS_PROVISION
DFARS-SEC-239.7301(1)#2,DFARS-SEC-239.7301(ii)#2,HAS_PROVISION
DFARS-SEC-239.7301,DFARS-SEC-239.7301(2)#2,HAS_PROVISION
DFARS-SEC-239.7301,DFARS-SEC-239.7301(3),HAS_PROVISION
DFARS-SUBPART-239.73,DFARS-SEC-239.7302,HAS_SECTION
DFARS-SEC-239.7302,DFARS-SEC-239.7302(a),HAS_PROVISION
DFARS-SEC-239.7302,DFARS-SEC-239.7302(b),HAS_PROVISION
DFARS-SEC-239.7302,DFARS-SEC-239.7302(c),HAS_PROVISION
DFARS-SUBPART-239.73,DFARS-SEC-239.7303,HAS_SECTION
DFARS-SEC-239.7303,DFARS-SEC-239.7303(a),HAS_PROVISION
DFARS-SEC-239.7303(a),DFARS-SEC-239.7303(1),HAS_PROVISION
DFARS-SEC-239.7303(a),DFARS-SEC-239.7303(2),HAS_PROVISION
DFARS-SEC-239.7303(a),DFARS-SEC-239.7303(3),HAS_PROVISION
DFARS-SEC-239.7303(a),DFARS-SEC-239.7303(4),HAS_PROVISION
DFARS-SEC-239.7303,DFARS-SEC-239.7303(b),HAS_PROVISION
DFARS-SEC-239.7303(b),DFARS-SEC-239.7303(1)#2,HAS_PROVISION
DFARS-SEC-239.7303(b),DFARS-SEC-239.7303(2)#2,HAS_PROVISION
DFARS-SUBPART-239.73,DFARS-SEC-239.7304,HAS_SECTION
DFARS-SEC-239.7304,DFARS-SEC-239.7304(a),HAS_PROVISION
DFARS-SEC-239.7304,DFARS-SEC-239.7304(b),HAS_PROVISION
DFARS-SEC-239.7304(b),DFARS-SEC-239.7304(1),HAS_PROVISION
DFARS-SEC-239.7304(b),DFARS-SEC-239.7304(2),HAS_PROVISION
DFARS-SEC-239.7304(b),DFARS-SEC-239.7304(3),HAS_PROVISION
DFARS-SEC-239.7304,DFARS-SEC-239.7304(d),HAS_PROVISION
DFARS-SEC-239.7304(d),DFARS-SEC-239.7304(c)(1),HAS_PROVISION
DFARS-SEC-239.7304(c)(1),DFARS-SEC-239.7304(i),HAS_PROVISION
DFARS-SEC-239.7304(c)(1),DFARS-SEC-239.7304(ii),HAS_PROVISION
DFARS-SEC-239.7304(c)(1),DFARS-SEC-239.7304(2)#2,HAS_PROVISION
DFARS-SEC-239.7304(c)(1),DFARS-SEC-239.7304(i)#2,HAS_PROVISION
DFARS-SEC-239.7304(i)#2,DFARS-SEC-239.7304(A),HAS_PROVISION
DFARS-SEC-239.7304(i)#2,DFARS-SEC-239.7304(B),HAS_PROVISION
DFARS-SEC-239.7304(i)#2,DFARS-SEC-239.7304(C),HAS_PROVISION
DFARS-SEC-239.7304(i)#2,DFARS-SEC-239.7304(D),HAS_PROVISION
DFARS-SEC-239.7304(i)#2,DFARS-SEC-239.7304(E),HAS_PROVISION
DFARS-SEC-239.7304(i)#2,DFARS-SEC-239.7304(F),HAS_PROVISION
DFARS-SEC-239.7304(c)(1),DFARS-SEC-239.7304(ii)#2,HAS_PROVISION
DFARS-SEC-239.7304(c)(1),DFARS-SEC-239.7304(iii),HAS_PROVISION
DFARS-SEC-239.7304(c)(1),DFARS-SEC-239.7304(iv),HAS_PROVISION
DFARS-SUBPART-239.73,DFARS-SEC-239.7305,HAS_SECTION
DFARS-SEC-239.7305,DFARS-SEC-239.7305(a),HAS_PROVISION
DFARS-SEC-239.7305,DFARS-SEC-239.7305(b),HAS_PROVISION
DFARS-SEC-239.7305,DFARS-SEC-239.7305(c),HAS_PROVISION
DFARS-SEC-239.7305,DFARS-SEC-239.7305(d),HAS_PROVISION
DFARS-SEC-239.7305(d),DFARS-SEC-239.7305(1),HAS_PROVISION
DFARS-SEC-239.7305(d),DFARS-SEC-239.7305(2),HAS_PROVISION
DFARS-SEC-239.7305(2),DFARS-SEC-239.7305(i),HAS_PROVISION
DFARS-SEC-239.7305(2),DFARS-SEC-239.7305(ii),HAS_PROVISION
DFARS-SEC-239.7305(2),DFARS-SEC-239.7305(iii),HAS_PROVISION
DFARS-SUBPART-239.73,DFARS-SEC-239.7306,HAS_SECTION
DFARS-SEC-239.7306,DFARS-SEC-239.7306(a),HAS_PROVISION
DFARS-SEC-239.7306,DFARS-SEC-239.7306(b),HAS_PROVISION
DFARS-PART-239,DFARS-SUBPART-239.74,HAS_SUBPART
DFARS-SUBPART-239.74,DFARS-SEC-239.7400,HAS_SECTION
DFARS-SUBPART-239.74,DFARS-SEC-239.7401,HAS_SECTION
DFARS-SEC-239.7401,DFARS-SEC-239.7401(1),HAS_PROVISION
DFARS-SEC-239.7401,DFARS-SEC-239.7401(2),HAS_PROVISION
DFARS-SUBPART-239.74,DFARS-SEC-239.7402,HAS_SECTION
DFARS-SEC-239.7402,DFARS-SEC-239.7402(a),HAS_PROVISION
DFARS-SEC-239.7402(a),DFARS-SEC-239.7402(1),HAS_PROVISION
DFARS-SEC-239.7402(a),DFARS-SEC-239.7402(2),HAS_PROVISION
DFARS-SEC-239.7402(a),DFARS-SEC-239.7402(3),HAS_PROVISION
DFARS-SEC-239.7402(3),DFARS-SEC-239.7402(i),HAS_PROVISION
DFARS-SEC-239.7402(3),DFARS-SEC-239.7402(ii),HAS_PROVISION
DFARS-SEC-239.7402(ii),DFARS-SEC-239.7402(A),HAS_PROVISION
DFARS-SEC-239.7402(ii),DFARS-SEC-239.7402(B),HAS_PROVISION
DFARS-SEC-239.7402(ii),DFARS-SEC-239.7402(C),HAS_PROVISION
DFARS-SEC-239.7402,DFARS-SEC-239.7402(b),HAS_PROVISION
DFARS-SEC-239.7402(b),DFARS-SEC-239.7402(1)#2,HAS_PROVISION
DFARS-SEC-239.7402(1)#2,DFARS-SEC-239.7402(i)#2,HAS_PROVISION
DFARS-SEC-239.7402(1)#2,DFARS-SEC-239.7402(ii)#2,HAS_PROVISION
DFARS-SEC-239.7402(1)#2,DFARS-SEC-239.7402(iii),HAS_PROVISION
DFARS-SEC-239.7402(1)#2,DFARS-SEC-239.7402(iv),HAS_PROVISION
DFARS-SEC-239.7402(b),DFARS-SEC-239.7402(2)#2,HAS_PROVISION
DFARS-SEC-239.7402(b),DFARS-SEC-239.7402(3)#2,HAS_PROVISION
DFARS-SEC-239.7402(b),DFARS-SEC-239.7402(4),HAS_PROVISION
DFARS-SEC-239.7402,DFARS-SEC-239.7402(c),HAS_PROVISION
DFARS-SEC-239.7402,DFARS-SEC-239.7402(d),HAS_PROVISION
DFARS-SUBPART-239.74,DFARS-SEC-239.7403,HAS_SECTION
DFARS-SUBPART-239.74,DFARS-SEC-239.7404,HAS_SECTION
DFARS-SUBPART-239.74,DFARS-SEC-239.7405,HAS_SECTION
DFARS-SUBPART-239.74,DFARS-SEC-239.7406,HAS_SECTION
DFARS-SEC-239.7406,DFARS-SEC-239.7406(a),HAS_PROVISION
DFARS-SEC-239.7406,DFARS-SEC-239.7406(b),HAS_PROVISION
DFARS-SEC-239.7406,DFARS-SEC-239.7406(c),HAS_PROVISION
DFARS-SUBPART-239.74,DFARS-SEC-239.7407,HAS_SECTION
DFARS-SUBPART-239.74,DFARS-SEC-239.7408,HAS_SECTION
DFARS-SUBPART-239.74,DFARS-SEC-239.7408-1,HAS_SECTION
DFARS-SEC-239.7408-1,DFARS-SEC-239.7408-1(a),HAS_PROVISION
DFARS-SEC-239.7408-1(a),DFARS-SEC-239.7408-1(1),HAS_PROVISION
DFARS-SEC-239.7408-1(a),DFARS-SEC-239.7408-1(2),HAS_PROVISION
DFARS-SEC-239.7408-1(a),DFARS-SEC-239.7408-1(3),HAS_PROVISION
DFARS-SEC-239.7408-1(a),DFARS-SEC-239.7408-1(4),HAS_PROVISION
DFARS-SEC-239.7408-1,DFARS-SEC-239.7408-1(b),HAS_PROVISION
DFARS-SEC-239.7408-1,DFARS-SEC-239.7408-1(c),HAS_PROVISION
DFARS-SEC-239.7408-1(c),DFARS-SEC-239.7408-1(1)#2,HAS_PROVISION
DFARS-SEC-239.7408-1(c),DFARS-SEC-239.7408-1(2)#2,HAS_PROVISION
DFARS-SEC-239.7408-1(c),DFARS-SEC-239.7408-1(3)#2,HAS_PROVISION
DFARS-SEC-239.7408-1(c),DFARS-SEC-239.7408-1(4)#2,HAS_PROVISION
DFARS-SEC-239.7408-1(c),DFARS-SEC-239.7408-1(5),HAS_PROVISION
DFARS-SEC-239.7408-1(c),DFARS-SEC-239.7408-1(6),HAS_PROVISION
DFARS-SEC-239.7408-1,DFARS-SEC-239.7408-1(d),HAS_PROVISION
DFARS-SEC-239.7408-1(d),DFARS-SEC-239.7408-1(1)#3,HAS_PROVISION
DFARS-SEC-239.7408-1(d),DFARS-SEC-239.7408-1(2)#3,HAS_PROVISION
DFARS-SEC-239.7408-1(d),DFARS-SEC-239.7408-1(3)#3,HAS_PROVISION
DFARS-SEC-239.7408-1,DFARS-SEC-239.7408-1(e),HAS_PROVISION
DFARS-SUBPART-239.74,DFARS-SEC-239.7408-2,HAS_SECTION
DFARS-SEC-239.7408-2,DFARS-SEC-239.7408-2(a),HAS_PROVISION
DFARS-SEC-239.7408-2,DFARS-SEC-239.7408-2(b),HAS_PROVISION
DFARS-SUBPART-239.74,DFARS-SEC-239.7409,HAS_SECTION
DFARS-SEC-239.7409,DFARS-SEC-239.7409(a),HAS_PROVISION
DFARS-SEC-239.7409,DFARS-SEC-239.7409(b),HAS_PROVISION
DFARS-SUBPART-239.74,DFARS-SEC-239.7410,HAS_SECTION
DFARS-SEC-239.7410,DFARS-SEC-239.7410(a)(1),HAS_PROVISION
DFARS-SEC-239.7410(a)(1),DFARS-SEC-239.7410(2),HAS_PROVISION
DFARS-SEC-239.7410,DFARS-SEC-239.7410(b),HAS_PROVISION
DFARS-SUBPART-239.74,DFARS-SEC-239.7411,HAS_SECTION
DFARS-SEC-239.7411,DFARS-SEC-239.7411(a),HAS_PROVISION
DFARS-SEC-239.7411(a),DFARS-SEC-239.7411(1),HAS_PROVISION
DFARS-SEC-239.7411(a),DFARS-SEC-239.7411(2),HAS_PROVISION
DFARS-SEC-239.7411(a),DFARS-SEC-239.7411(3),HAS_PROVISION
DFARS-SEC-239.7411,DFARS-SEC-239.7411(b),HAS_PROVISION
DFARS-SEC-239.7411(b),DFARS-SEC-239.7411(1)#2,HAS_PROVISION
DFARS-SEC-239.7411(b),DFARS-SEC-239.7411(2)#2,HAS_PROVISION
DFARS-SEC-239.7411,DFARS-SEC-239.7411(c),HAS_PROVISION
DFARS-SEC-239.7411(c),DFARS-SEC-239.7411(1)#3,HAS_PROVISION
DFARS-SEC-239.7411(c),DFARS-SEC-239.7411(2)#3,HAS_PROVISION
DFARS-SEC-239.7411,DFARS-SEC-239.7411(d),HAS_PROVISION
DFARS-PART-239,DFARS-SUBPART-239.75,HAS_SUBPART
DFARS-PART-239,DFARS-SUBPART-239.76,HAS_SUBPART
DFARS-SUBPART-239.76,DFARS-SEC-239.7600,HAS_SECTION
DFARS-SUBPART-239.76,DFARS-SEC-239.7601,HAS_SECTION
DFARS-SUBPART-239.76,DFARS-SEC-239.7602,HAS_SECTION
DFARS-SUBPART-239.76,DFARS-SEC-239.7602-1,HAS_SECTION
DFARS-SEC-239.7602-1,DFARS-SEC-239.7602-1(a),HAS_PROVISION
DFARS-SEC-239.7602-1,DFARS-SEC-239.7602-1(b)(1),HAS_PROVISION
DFARS-SEC-239.7602-1,DFARS-SEC-239.7602-1(SRG),HAS_PROVISION
DFARS-SEC-239.7602-1(SRG),DFARS-SEC-239.7602-1(2),HAS_PROVISION
DFARS-SEC-239.7602-1(2),DFARS-SEC-239.7602-1(i),HAS_PROVISION
DFARS-SEC-239.7602-1(2),DFARS-SEC-239.7602-1(ii),HAS_PROVISION
DFARS-SEC-239.7602-1(SRG),DFARS-SEC-239.7602-1(c),HAS_PROVISION
DFARS-SEC-239.7602-1(c),DFARS-SEC-239.7602-1(1),HAS_PROVISION
DFARS-SEC-239.7602-1(SRG),DFARS-SEC-239.7602-1(2)#2,HAS_PROVISION
DFARS-SEC-239.7602-1(SRG),DFARS-SEC-239.7602-1(3),HAS_PROVISION
DFARS-SEC-239.7602-1(3),DFARS-SEC-239.7602-1(4),HAS_PROVISION
DFARS-SUBPART-239.76,DFARS-SEC-239.7602-2,HAS_SECTION
DFARS-SEC-239.7602-2,DFARS-SEC-239.7602-2(a),HAS_PROVISION
DFARS-SEC-239.7602-2,DFARS-SEC-239.7602-2(b),HAS_PROVISION
DFARS-SUBPART-239.76,DFARS-SEC-239.7603,HAS_SECTION
DFARS-SUBPART-239.76,DFARS-SEC-239.7604,HAS_SECTION
DFARS-SEC-239.7604,DFARS-SEC-239.7604(a),HAS_PROVISION
DFARS-SEC-239.7604,DFARS-SEC-239.7604(b),HAS_PROVISION
DFARS-PART-241,DFARS-SUBPART-241.1,HAS_SUBPART
DFARS-SUBPART-241.1,DFARS-SEC-241.101,HAS_SECTION
DFARS-SUBPART-241.1,DFARS-SEC-241.102,HAS_SECTION
DFARS-SEC-241.102,DFARS-SEC-241.102(a),HAS_PROVISION
DFARS-SEC-241.102,DFARS-SEC-241.102(b)(7),HAS_PROVISION
DFARS-SEC-241.102(b)(7),DFARS-SEC-241.102(A),HAS_PROVISION
DFARS-SEC-241.102(b)(7),DFARS-SEC-241.102(B),HAS_PROVISION
DFARS-SEC-241.102(b)(7),DFARS-SEC-241.102(C),HAS_PROVISION
DFARS-SEC-241.102(b)(7),DFARS-SEC-241.102(D),HAS_PROVISION
DFARS-SEC-241.102(b)(7),DFARS-SEC-241.102(E),HAS_PROVISION
DFARS-SUBPART-241.1,DFARS-SEC-241.103,HAS_SECTION
DFARS-SEC-241.103,DFARS-SEC-241.103(1),HAS_PROVISION
DFARS-SEC-241.103,DFARS-SEC-241.103(2),HAS_PROVISION
DFARS-SEC-241.103,DFARS-SEC-241.103(3),HAS_PROVISION
DFARS-SEC-241.103,DFARS-SEC-241.103(4),HAS_PROVISION
DFARS-PART-241,DFARS-SUBPART-241.2,HAS_SUBPART
DFARS-SUBPART-241.2,DFARS-SEC-241.201,HAS_SECTION
DFARS-SEC-241.201,DFARS-SEC-241.201(1),HAS_PROVISION
DFARS-SEC-241.201,DFARS-SEC-241.201(2),HAS_PROVISION
DFARS-SEC-241.201(2),DFARS-SEC-241.201(i),HAS_PROVISION
DFARS-SEC-241.201(2),DFARS-SEC-241.201(ii),HAS_PROVISION
DFARS-SEC-241.201,DFARS-SEC-241.201(3),HAS_PROVISION
DFARS-SEC-241.201(3),DFARS-SEC-241.201(i)#2,HAS_PROVISION
DFARS-SEC-241.201(3),DFARS-SEC-241.201(ii)#2,HAS_PROVISION
DFARS-SEC-241.201(3),DFARS-SEC-241.201(iii),HAS_PROVISION
DFARS-SEC-241.201,DFARS-SEC-241.201(4),HAS_PROVISION
DFARS-SUBPART-241.2,DFARS-SEC-241.202,HAS_SECTION
DFARS-SEC-241.202,DFARS-SEC-241.202(1),HAS_PROVISION
DFARS-SEC-241.202(1),DFARS-SEC-241.202(i),HAS_PROVISION
DFARS-SEC-241.202(1),DFARS-SEC-241.202(ii),HAS_PROVISION
DFARS-SEC-241.202(1),DFARS-SEC-241.202(iii),HAS_PROVISION
DFARS-SEC-241.202(1),DFARS-SEC-241.202(iv),HAS_PROVISION
DFARS-SEC-241.202,DFARS-SEC-241.202(2),HAS_PROVISION
DFARS-SUBPART-241.2,DFARS-SEC-241.205,HAS_SECTION
DFARS-PART-241,DFARS-SUBPART-241.5,HAS_SUBPART
DFARS-SUBPART-241.5,DFARS-SEC-241.501,HAS_SECTION
DFARS-SEC-241.501,DFARS-SEC-241.501(d),HAS_PROVISION
DFARS-SEC-241.501(d),DFARS-SEC-241.501(2),HAS_PROVISION
DFARS-SUBPART-241.5,DFARS-SEC-241.501-70,HAS_SECTION
DFARS-SEC-241.501-70,DFARS-SEC-241.501-70(a),HAS_PROVISION
DFARS-SEC-241.501-70,DFARS-SEC-241.501-70(b),HAS_PROVISION
DFARS-PART-242,DFARS-SEC-242.002,HAS_SECTION
DFARS-SEC-242.002,DFARS-SEC-242.002(b)(i),HAS_PROVISION
DFARS-SEC-242.002(b)(i),DFARS-SEC-242.002(A),HAS_PROVISION
DFARS-SEC-242.002(b)(i),DFARS-SEC-242.002(B),HAS_PROVISION
DFARS-SEC-242.002(b)(i),DFARS-SEC-242.002(C),HAS_PROVISION
DFARS-SEC-242.002(b)(i),DFARS-SEC-242.002(ii),HAS_PROVISION
DFARS-SEC-242.002(b)(i),DFARS-SEC-242.002(iii),HAS_PROVISION
DFARS-SEC-242.002(b)(i),DFARS-SEC-242.002(ii)#2,HAS_PROVISION
DFARS-SEC-242.002(b)(i),DFARS-SEC-242.002(iii)#2,HAS_PROVISION
DFARS-PART-242,DFARS-SUBPART-242.1,HAS_SUBPART
DFARS-SUBPART-242.1,DFARS-SUBPART-242.1-P1,HAS_PROVISION
DFARS-PART-242,DFARS-SUBPART-242.2,HAS_SUBPART
DFARS-SUBPART-242.2,DFARS-SEC-242.200,HAS_SECTION
DFARS-SUBPART-242.2,DFARS-SEC-242.200-70,HAS_SECTION
DFARS-SUBPART-242.2,DFARS-SEC-242.202,HAS_SECTION
DFARS-SEC-242.202,DFARS-SEC-242.202(a)(i),HAS_PROVISION
DFARS-SEC-242.202(a)(i),DFARS-SEC-242.202(A),HAS_PROVISION
DFARS-SEC-242.202(a)(i),DFARS-SEC-242.202(B),HAS_PROVISION
DFARS-SEC-242.202(a)(i),DFARS-SEC-242.202(C),HAS_PROVISION
DFARS-SEC-242.202(a)(i),DFARS-SEC-242.202(D),HAS_PROVISION
DFARS-SEC-242.202(a)(i),DFARS-SEC-242.202(E),HAS_PROVISION
DFARS-SEC-242.202(a)(i),DFARS-SEC-242.202(F),HAS_PROVISION
DFARS-SEC-242.202(a)(i),DFARS-SEC-242.202(G),HAS_PROVISION
DFARS-SEC-242.202(a)(i),DFARS-SEC-242.202(H),HAS_PROVISION
DFARS-SEC-242.202(a)(i),DFARS-SEC-242.202(I),HAS_PROVISION
DFARS-SEC-242.202(a)(i),DFARS-SEC-242.202(J),HAS_PROVISION
DFARS-SEC-242.202(a)(i),DFARS-SEC-242.202(K),HAS_PROVISION
DFARS-SEC-242.202(a)(i),DFARS-SEC-242.202(L),HAS_PROVISION
DFARS-SEC-242.202(a)(i),DFARS-SEC-242.202(M),HAS_PROVISION
DFARS-SEC-242.202(a)(i),DFARS-SEC-242.202(N),HAS_PROVISION
DFARS-SEC-242.202(a)(i),DFARS-SEC-242.202(O),HAS_PROVISION
DFARS-SEC-242.202(a)(i),DFARS-SEC-242.202(P),HAS_PROVISION
DFARS-SEC-242.202(a)(i),DFARS-SEC-242.202(Q),HAS_PROVISION
DFARS-SEC-242.202(a)(i),DFARS-SEC-242.202(R),HAS_PROVISION
DFARS-SEC-242.202(a)(i),DFARS-SEC-242.202(ii),HAS_PROVISION
DFARS-SEC-242.202,DFARS-SEC-242.202(DCMA),HAS_PROVISION
DFARS-SEC-242.202(DCMA),DFARS-SEC-242.202(iii),HAS_PROVISION
DFARS-SEC-242.202(DCMA),DFARS-SEC-242.202(iv),HAS_PROVISION
DFARS-SEC-242.202(iv),DFARS-SEC-242.202(A)#2,HAS_PROVISION
DFARS-SEC-242.202(iv),DFARS-SEC-242.202(B)#2,HAS_PROVISION
DFARS-SEC-242.202(DCMA),DFARS-SEC-242.202(e)(1)(A),HAS_PROVISION
DFARS-SEC-242.202(e)(1)(A),DFARS-SEC-242.202(B)#3,HAS_PROVISION
DFARS-SEC-242.202(B)#3,DFARS-SEC-242.202(1),HAS_PROVISION
DFARS-SEC-242.202(B)#3,DFARS-SEC-242.202(2),HAS_PROVISION
DFARS-PART-242,DFARS-SUBPART-242.3,HAS_SUBPART
DFARS-SUBPART-242.3,DFARS-SEC-242.301,HAS_SECTION
DFARS-SUBPART-242.3,DFARS-SEC-242.302,HAS_SECTION
DFARS-SEC-242.302,DFARS-SEC-242.302(a)(7),HAS_PROVISION
DFARS-SEC-242.302(a)(7),DFARS-SEC-242.302(9),HAS_PROVISION
DFARS-SEC-242.302(a)(7),DFARS-SEC-242.302(12),HAS_PROVISION
DFARS-SEC-242.302(a)(7),DFARS-SEC-242.302(13)(A),HAS_PROVISION
DFARS-SEC-242.302(13)(A),DFARS-SEC-242.302(B),HAS_PROVISION
DFARS-SEC-242.302(a)(7),DFARS-SEC-242.302(39),HAS_PROVISION
DFARS-SEC-242.302(a)(7),DFARS-SEC-242.302(56),HAS_PROVISION
DFARS-SEC-242.302(a)(7),DFARS-SEC-242.302(67),HAS_PROVISION
DFARS-SEC-242.302,DFARS-SEC-242.302(b),HAS_PROVISION
DFARS-SEC-242.302(b),DFARS-SEC-242.302(B)#2,HAS_PROVISION
DFARS-PART-242,DFARS-SUBPART-242.4,HAS_SUBPART
DFARS-PART-242,DFARS-SUBPART-242.5,HAS_SUBPART
DFARS-SUBPART-242.5,DFARS-SEC-242.503,HAS_SECTION
DFARS-SUBPART-242.5,DFARS-SEC-242.503-2,HAS_SECTION
DFARS-SEC-242.503-2,DFARS-SEC-242.503-2(a),HAS_PROVISION
DFARS-SEC-242.503-2,DFARS-SEC-242.503-2(b),HAS_PROVISION
DFARS-PART-242,DFARS-SUBPART-242.6,HAS_SUBPART
DFARS-SUBPART-242.6,DFARS-SEC-242.602,HAS_SECTION
DFARS-SEC-242.602,DFARS-SEC-242.602(c)(2),HAS_PROVISION
DFARS-PART-242,DFARS-SUBPART-242.7,HAS_SUBPART
DFARS-SUBPART-242.7,DFARS-SEC-242.705,HAS_SECTION
DFARS-SUBPART-242.7,DFARS-SEC-242.705-1,HAS_SECTION
DFARS-SEC-242.705-1,DFARS-SEC-242.705-1(a),HAS_PROVISION
DFARS-SEC-242.705-1(a),DFARS-SEC-242.705-1(1),HAS_PROVISION
DFARS-SUBPART-242.7,DFARS-SEC-242.705-2,HAS_SECTION
DFARS-SEC-242.705-2,DFARS-SEC-242.705-2(b),HAS_PROVISION
DFARS-SEC-242.705-2(b),DFARS-SEC-242.705-2(2)(iii),HAS_PROVISION
DFARS-SUBPART-242.7,DFARS-SEC-242.708,HAS_SECTION
DFARS-SEC-242.708,DFARS-SEC-242.708(a),HAS_PROVISION
DFARS-SEC-242.708(a),DFARS-SEC-242.708(2),HAS_PROVISION
DFARS-SUBPART-242.7,DFARS-SEC-242.770,HAS_SECTION
DFARS-SUBPART-242.7,DFARS-SEC-242.771,HAS_SECTION
DFARS-SUBPART-242.7,DFARS-SEC-242.771-1,HAS_SECTION
DFARS-SUBPART-242.7,DFARS-SEC-242.771-2,HAS_SECTION
DFARS-SUBPART-242.7,DFARS-SEC-242.771-3,HAS_SECTION
DFARS-SEC-242.771-3,DFARS-SEC-242.771-3(a),HAS_PROVISION
DFARS-SEC-242.771-3,DFARS-SEC-242.771-3(b),HAS_PROVISION
DFARS-SEC-242.771-3(b),DFARS-SEC-242.771-3(1),HAS_PROVISION
DFARS-SEC-242.771-3(b),DFARS-SEC-242.771-3(2),HAS_PROVISION
DFARS-SEC-242.771-3,DFARS-SEC-242.771-3(c),HAS_PROVISION
DFARS-SEC-242.771-3(c),DFARS-SEC-242.771-3(1)(i),HAS_PROVISION
DFARS-SEC-242.771-3(1)(i),DFARS-SEC-242.771-3(ii),HAS_PROVISION
DFARS-SEC-242.771-3(c),DFARS-SEC-242.771-3(2)#2,HAS_PROVISION
DFARS-PART-242,DFARS-SUBPART-242.8,HAS_SUBPART
DFARS-SUBPART-242.8,DFARS-SEC-242.803,HAS_SECTION
DFARS-SEC-242.803,DFARS-SEC-242.803(a),HAS_PROVISION
DFARS-SEC-242.803,DFARS-SEC-242.803(b),HAS_PROVISION
DFARS-SEC-242.803(b),DFARS-SEC-242.803(i),HAS_PROVISION
DFARS-SEC-242.803(i),DFARS-SEC-242.803(A),HAS_PROVISION
DFARS-SEC-242.803(i),DFARS-SEC-242.803(B),HAS_PROVISION
DFARS-SEC-242.803(i),DFARS-SEC-242.803(C),HAS_PROVISION
DFARS-SEC-242.803(i),DFARS-SEC-242.803(D),HAS_PROVISION
DFARS-SEC-242.803(b),DFARS-SEC-242.803(ii),HAS_PROVISION
DFARS-SEC-242.803(ii),DFARS-SEC-242.803(A)#2,HAS_PROVISION
DFARS-SEC-242.803(ii),DFARS-SEC-242.803(B)#2,HAS_PROVISION
DFARS-PART-242,DFARS-SUBPART-242.11,HAS_SUBPART
DFARS-SUBPART-242.11,DFARS-SEC-242.1104,HAS_SECTION
DFARS-SEC-242.1104,DFARS-SEC-242.1104(a),HAS_PROVISION
DFARS-SEC-242.1104(a),DFARS-SEC-242.1104(i),HAS_PROVISION
DFARS-SEC-242.1104(a),DFARS-SEC-242.1104(ii),HAS_PROVISION
DFARS-SEC-242.1104(a),DFARS-SEC-242.1104(iii),HAS_PROVISION
DFARS-SEC-242.1104(iii),DFARS-SEC-242.1104(A),HAS_PROVISION
DFARS-SEC-242.1104(iii),DFARS-SEC-242.1104(B),HAS_PROVISION
DFARS-SEC-242.1104(iii),DFARS-SEC-242.1104(C),HAS_PROVISION
DFARS-SEC-242.1104(iii),DFARS-SEC-242.1104(D),HAS_PROVISION
DFARS-SUBPART-242.11,DFARS-SEC-242.1105,HAS_SECTION
DFARS-SEC-242.1105,DFARS-SEC-242.1105(1),HAS_PROVISION
DFARS-SEC-242.1105(1),DFARS-SEC-242.1105(i),HAS_PROVISION
DFARS-SEC-242.1105(1),DFARS-SEC-242.1105(ii),HAS_PROVISION
DFARS-SEC-242.1105,DFARS-SEC-242.1105(2),HAS_PROVISION
DFARS-SUBPART-242.11,DFARS-SEC-242.1106,HAS_SECTION
DFARS-SEC-242.1106,DFARS-SEC-242.1106(a),HAS_PROVISION
DFARS-SEC-242.1106,DFARS-SEC-242.1106(b)(i),HAS_PROVISION
DFARS-SEC-242.1106(b)(i),DFARS-SEC-242.1106(ii),HAS_PROVISION
DFARS-SUBPART-242.11,DFARS-SEC-242.1107,HAS_SECTION
DFARS-SEC-242.1107,DFARS-SEC-242.1107(b),HAS_PROVISION
DFARS-SEC-242.1107(b),DFARS-SEC-242.1107(i),HAS_PROVISION
DFARS-SEC-242.1107(b),DFARS-SEC-242.1107(ii),HAS_PROVISION
DFARS-SEC-242.1107(b),DFARS-SEC-242.1107(iii),HAS_PROVISION
DFARS-SEC-242.1107(b),DFARS-SEC-242.1107(iv),HAS_PROVISION
DFARS-SEC-242.1107(iv),DFARS-SEC-242.1107(A),HAS_PROVISION
DFARS-SEC-242.1107(iv),DFARS-SEC-242.1107(B),HAS_PROVISION
DFARS-SEC-242.1107(iv),DFARS-SEC-242.1107(C),HAS_PROVISION
DFARS-SEC-242.1107(iv),DFARS-SEC-242.1107(D),HAS_PROVISION
DFARS-SEC-242.1107(iv),DFARS-SEC-242.1107(E),HAS_PROVISION
DFARS-SEC-242.1107(iv),DFARS-SEC-242.1107(F),HAS_PROVISION
DFARS-PART-242,DFARS-SUBPART-242.12,HAS_SUBPART
DFARS-SUBPART-242.12,DFARS-SEC-242.1203,HAS_SECTION
DFARS-SUBPART-242.12,DFARS-SEC-242.1204,HAS_SECTION
DFARS-SEC-242.1204,DFARS-SEC-242.1204(i),HAS_PROVISION
DFARS-SEC-242.1204,DFARS-SEC-242.1204(ii),HAS_PROVISION
DFARS-PART-242,DFARS-SUBPART-242.14,HAS_SUBPART
DFARS-PART-242,DFARS-SUBPART-242.15,HAS_SUBPART
DFARS-SUBPART-242.15,DFARS-SEC-242.1502,HAS_SECTION
DFARS-SEC-242.1502,DFARS-SEC-242.1502(g),HAS_PROVISION
DFARS-SEC-242.1502(g),DFARS-SEC-242.1502(i),HAS_PROVISION
DFARS-SEC-242.1502(g),DFARS-SEC-242.1502(ii),HAS_PROVISION
DFARS-SEC-242.1502(g),DFARS-SEC-242.1502(iii),HAS_PROVISION
DFARS-PART-242,DFARS-SUBPART-242.70,HAS_SUBPART
DFARS-SUBPART-242.70,DFARS-SEC-242.7000,HAS_SECTION
DFARS-SEC-242.7000,DFARS-SEC-242.7000(a),HAS_PROVISION
DFARS-SEC-242.7000(a),DFARS-SEC-242.7000(i),HAS_PROVISION
DFARS-SEC-242.7000(a),DFARS-SEC-242.7000(ii),HAS_PROVISION
DFARS-SEC-242.7000(a),DFARS-SEC-242.7000(iii),HAS_PROVISION
DFARS-SEC-242.7000(a),DFARS-SEC-242.7000(iv),HAS_PROVISION
DFARS-SEC-242.7000(a),DFARS-SEC-242.7000(v),HAS_PROVISION
DFARS-SEC-242.7000(a),DFARS-SEC-242.7000(vi),HAS_PROVISION
DFARS-SEC-242.7000,DFARS-SEC-242.7000(b),HAS_PROVISION
DFARS-SEC-242.7000(b),DFARS-SEC-242.7000(1),HAS_PROVISION
DFARS-SEC-242.7000(b),DFARS-SEC-242.7000(2),HAS_PROVISION
DFARS-SEC-242.7000(2),DFARS-SEC-242.7000(i)#2,HAS_PROVISION
DFARS-SEC-242.7000(2),DFARS-SEC-242.7000(ii)#2,HAS_PROVISION
DFARS-SEC-242.7000(b),DFARS-SEC-242.7000(3),HAS_PROVISION
DFARS-SEC-242.7000,DFARS-SEC-242.7000(c),HAS_PROVISION
DFARS-SEC-242.7000,DFARS-SEC-242.7000(d),HAS_PROVISION
DFARS-SEC-242.7000(d),DFARS-SEC-242.7000(1)#2,HAS_PROVISION
DFARS-SEC-242.7000(d),DFARS-SEC-242.7000(2)#2,HAS_PROVISION
DFARS-SEC-242.7000(d),DFARS-SEC-242.7000(3)#2,HAS_PROVISION
DFARS-SEC-242.7000(3)#2,DFARS-SEC-242.7000(i)#3,HAS_PROVISION
DFARS-SEC-242.7000(i)#3,DFARS-SEC-242.7000(A),HAS_PROVISION
DFARS-SEC-242.7000(i)#3,DFARS-SEC-242.7000(B),HAS_PROVISION
DFARS-SEC-242.7000(i)#3,DFARS-SEC-242.7000(C),HAS_PROVISION
DFARS-SEC-242.7000(3)#2,DFARS-SEC-242.7000(ii)#3,HAS_PROVISION
DFARS-SEC-242.7000(d),DFARS-SEC-242.7000(4),HAS_PROVISION
DFARS-SEC-242.7000,DFARS-SEC-242.7000(e),HAS_PROVISION
DFARS-SUBPART-242.70,DFARS-SEC-242.7001,HAS_SECTION
DFARS-SEC-242.7001,DFARS-SEC-242.7001(a),HAS_PROVISION
DFARS-SEC-242.7001,DFARS-SEC-242.7001(b),HAS_PROVISION
DFARS-SEC-242.7001(b),DFARS-SEC-242.7001(1),HAS_PROVISION
DFARS-SEC-242.7001(b),DFARS-SEC-242.7001(2),HAS_PROVISION
DFARS-SEC-242.7001(b),DFARS-SEC-242.7001(3),HAS_PROVISION
DFARS-SEC-242.7001(b),DFARS-SEC-242.7001(4),HAS_PROVISION
DFARS-SEC-242.7001(b),DFARS-SEC-242.7001(5),HAS_PROVISION
DFARS-SEC-242.7001(b),DFARS-SEC-242.7001(6),HAS_PROVISION
DFARS-PART-242,DFARS-SUBPART-242.71,HAS_SUBPART
DFARS-SUBPART-242.71,DFARS-SEC-242.7100,HAS_SECTION
DFARS-PART-242,DFARS-SUBPART-242.72,HAS_SUBPART
DFARS-SUBPART-242.72,DFARS-SUBPART-242.72-P1,HAS_PROVISION
DFARS-SUBPART-242.72,DFARS-SEC-242.7200,HAS_SECTION
DFARS-SEC-242.7200,DFARS-SEC-242.7200(a),HAS_PROVISION
DFARS-SEC-242.7200,DFARS-SEC-242.7200(b),HAS_PROVISION
DFARS-SEC-242.7200(b),DFARS-SEC-242.7200(1),HAS_PROVISION
DFARS-SEC-242.7200(1),DFARS-SEC-242.7200(i),HAS_PROVISION
DFARS-SEC-242.7200(1),DFARS-SEC-242.7200(ii),HAS_PROVISION
DFARS-SEC-242.7200(b),DFARS-SEC-242.7200(2),HAS_PROVISION
DFARS-SUBPART-242.72,DFARS-SEC-242.7201,HAS_SECTION
DFARS-SEC-242.7201,DFARS-SEC-242.7201(1),HAS_PROVISION
DFARS-SEC-242.7201,DFARS-SEC-242.7201(2),HAS_PROVISION
DFARS-SUBPART-242.72,DFARS-SEC-242.7202,HAS_SECTION
DFARS-SEC-242.7202,DFARS-SEC-242.7202(a),HAS_PROVISION
DFARS-SEC-242.7202(a),DFARS-SEC-242.7202(1),HAS_PROVISION
DFARS-SEC-242.7202(a),DFARS-SEC-242.7202(2),HAS_PROVISION
DFARS-SEC-242.7202(a),DFARS-SEC-242.7202(3),HAS_PROVISION
DFARS-SEC-242.7202,DFARS-SEC-242.7202(b),HAS_PROVISION
DFARS-SEC-242.7202(b),DFARS-SEC-242.7202(1)#2,HAS_PROVISION
DFARS-SEC-242.7202(b),DFARS-SEC-242.7202(2)#2,HAS_PROVISION
DFARS-SEC-242.7202,DFARS-SEC-242.7202(c),HAS_PROVISION
DFARS-SUBPART-242.72,DFARS-SEC-242.7203,HAS_SECTION
DFARS-SEC-242.7203,DFARS-SEC-242.7203(a),HAS_PROVISION
DFARS-SEC-242.7203,DFARS-SEC-242.7203(1),HAS_PROVISION
DFARS-SEC-242.7203,DFARS-SEC-242.7203(2),HAS_PROVISION
DFARS-SEC-242.7203,DFARS-SEC-242.7203(b),HAS_PROVISION
DFARS-SEC-242.7203,DFARS-SEC-242.7203(c),HAS_PROVISION
DFARS-SEC-242.7203,DFARS-SEC-242.7203(1)#2,HAS_PROVISION
DFARS-SEC-242.7203,DFARS-SEC-242.7203(2)#2,HAS_PROVISION
DFARS-SEC-242.7203(2)#2,DFARS-SEC-242.7203(i),HAS_PROVISION
DFARS-SEC-242.7203(2)#2,DFARS-SEC-242.7203(ii),HAS_PROVISION
DFARS-SEC-242.7203(ii),DFARS-SEC-242.7203(A),HAS_PROVISION
DFARS-SEC-242.7203(ii),DFARS-SEC-242.7203(B),HAS_PROVISION
DFARS-SEC-242.7203(ii),DFARS-SEC-242.7203(C),HAS_PROVISION
DFARS-SEC-242.7203,DFARS-SEC-242.7203(3),HAS_PROVISION
DFARS-SEC-242.7203(3),DFARS-SEC-242.7203(i)#2,HAS_PROVISION
DFARS-SEC-242.7203(i)#2,DFARS-SEC-242.7203(A)#2,HAS_PROVISION
DFARS-SEC-242.7203(i)#2,DFARS-SEC-242.7203(B)#2,HAS_PROVISION
DFARS-SEC-242.7203(B)#2,DFARS-SEC-242.7203(1)#3,HAS_PROVISION
DFARS-SEC-242.7203(B)#2,DFARS-SEC-242.7203(2)#3,HAS_PROVISION
DFARS-SEC-242.7203(B)#2,DFARS-SEC-242.7203(3)#2,HAS_PROVISION
DFARS-SEC-242.7203(3),DFARS-SEC-242.7203(ii)#2,HAS_PROVISION
DFARS-SEC-242.7203,DFARS-SEC-242.7203(d),HAS_PROVISION
DFARS-SEC-242.7203,DFARS-SEC-242.7203(e),HAS_PROVISION
DFARS-SUBPART-242.72,DFARS-SEC-242.7204,HAS_SECTION
DFARS-SEC-242.7204,DFARS-SEC-242.7204(a),HAS_PROVISION
DFARS-SEC-242.7204,DFARS-SEC-242.7204(b),HAS_PROVISION
DFARS-SEC-242.7204(b),DFARS-SEC-242.7204(1),HAS_PROVISION
DFARS-SEC-242.7204(b),DFARS-SEC-242.7204(2),HAS_PROVISION
DFARS-PART-242,DFARS-SUBPART-242.73,HAS_SUBPART
DFARS-SUBPART-242.73,DFARS-SEC-242.7301,HAS_SECTION
DFARS-SEC-242.7301,DFARS-SEC-242.7301(a),HAS_PROVISION
DFARS-SEC-242.7301(a),DFARS-SEC-242.7301(1),HAS_PROVISION
DFARS-SEC-242.7301(1),DFARS-SEC-242.7301(i),HAS_PROVISION
DFARS-SEC-242.7301(1),DFARS-SEC-242.7301(ii),HAS_PROVISION
DFARS-SEC-242.7301(1),DFARS-SEC-242.7301(iii),HAS_PROVISION
DFARS-SEC-242.7301(1),DFARS-SEC-242.7301(iv),HAS_PROVISION
DFARS-SEC-242.7301(a),DFARS-SEC-242.7301(2),HAS_PROVISION
DFARS-SEC-242.7301,DFARS-SEC-242.7301(b),HAS_PROVISION
DFARS-SEC-242.7301,DFARS-SEC-242.7301(c),HAS_PROVISION
DFARS-SUBPART-242.73,DFARS-SEC-242.7302,HAS_SECTION
DFARS-SEC-242.7302,DFARS-SEC-242.7302(a)(1),HAS_PROVISION
DFARS-SEC-242.7302(a)(1),DFARS-SEC-242.7302(i),HAS_PROVISION
DFARS-SEC-242.7302(a)(1),DFARS-SEC-242.7302(ii),HAS_PROVISION
DFARS-SEC-242.7302(a)(1),DFARS-SEC-242.7302(2),HAS_PROVISION
DFARS-SEC-242.7302,DFARS-SEC-242.7302(b),HAS_PROVISION
DFARS-SEC-242.7302(b),DFARS-SEC-242.7302(1),HAS_PROVISION
DFARS-SEC-242.7302(b),DFARS-SEC-242.7302(2)#2,HAS_PROVISION
DFARS-SEC-242.7302(b),DFARS-SEC-242.7302(3),HAS_PROVISION
DFARS-SEC-242.7302(b),DFARS-SEC-242.7302(4),HAS_PROVISION
DFARS-SEC-242.7302,DFARS-SEC-242.7302(c),HAS_PROVISION
DFARS-SEC-242.7302,DFARS-SEC-242.7302(d),HAS_PROVISION
DFARS-SUBPART-242.73,DFARS-SEC-242.7303,HAS_SECTION
DFARS-PART-242,DFARS-SUBPART-242.74,HAS_SUBPART
DFARS-SUBPART-242.74,DFARS-SEC-242.7400,HAS_SECTION
DFARS-SEC-242.7400,DFARS-SEC-242.7400(a),HAS_PROVISION
DFARS-SEC-242.7400,DFARS-SEC-242.7400(b),HAS_PROVISION
DFARS-SEC-242.7400(b),DFARS-SEC-242.7400(1),HAS_PROVISION
DFARS-SEC-242.7400(b),DFARS-SEC-242.7400(2),HAS_PROVISION
DFARS-SUBPART-242.74,DFARS-SEC-242.7401,HAS_SECTION
DFARS-PART-242,DFARS-SUBPART-242.75,HAS_SUBPART
DFARS-SUBPART-242.75,DFARS-SEC-242.7501,HAS_SECTION
DFARS-SEC-242.7501,DFARS-SEC-242.7501(1),HAS_PROVISION
DFARS-SEC-242.7501,DFARS-SEC-242.7501(2),HAS_PROVISION
DFARS-SEC-242.7501,DFARS-SEC-242.7501(3),HAS_PROVISION
DFARS-SEC-242.7501,DFARS-SEC-242.7501(4),HAS_PROVISION
DFARS-SUBPART-242.75,DFARS-SEC-242.7502,HAS_SECTION
DFARS-SEC-242.7502,DFARS-SEC-242.7502(a),HAS_PROVISION
DFARS-SEC-242.7502,DFARS-SEC-242.7502(b),HAS_PROVISION
DFARS-SEC-242.7502(b),DFARS-SEC-242.7502(1),HAS_PROVISION
DFARS-SEC-242.7502(b),DFARS-SEC-242.7502(2),HAS_PROVISION
DFARS-SEC-242.7502,DFARS-SEC-242.7502(c),HAS_PROVISION
DFARS-SEC-242.7502,DFARS-SEC-242.7502(d),HAS_PROVISION
DFARS-SEC-242.7502(d),DFARS-SEC-242.7502(1)#2,HAS_PROVISION
DFARS-SEC-242.7502(d),DFARS-SEC-242.7502(2)#2,HAS_PROVISION
DFARS-SEC-242.7502(2)#2,DFARS-SEC-242.7502(i),HAS_PROVISION
DFARS-SEC-242.7502(2)#2,DFARS-SEC-242.7502(ii),HAS_PROVISION
DFARS-SEC-242.7502(ii),DFARS-SEC-242.7502(A),HAS_PROVISION
DFARS-SEC-242.7502(ii),DFARS-SEC-242.7502(B),HAS_PROVISION
DFARS-SEC-242.7502(ii),DFARS-SEC-242.7502(C),HAS_PROVISION
DFARS-SEC-242.7502(d),DFARS-SEC-242.7502(3),HAS_PROVISION
DFARS-SEC-242.7502(3),DFARS-SEC-242.7502(i)#2,HAS_PROVISION
DFARS-SEC-242.7502(i)#2,DFARS-SEC-242.7502(A)#2,HAS_PROVISION
DFARS-SEC-242.7502(i)#2,DFARS-SEC-242.7502(B)#2,HAS_PROVISION
DFARS-SEC-242.7502(B)#2,DFARS-SEC-242.7502(1)#3,HAS_PROVISION
DFARS-SEC-242.7502(B)#2,DFARS-SEC-242.7502(2)#3,HAS_PROVISION
DFARS-SEC-242.7502(B)#2,DFARS-SEC-242.7502(3)#2,HAS_PROVISION
DFARS-SEC-242.7502(3),DFARS-SEC-242.7502(ii)#2,HAS_PROVISION
DFARS-SEC-242.7502,DFARS-SEC-242.7502(e),HAS_PROVISION
DFARS-SEC-242.7502,DFARS-SEC-242.7502(f),HAS_PROVISION
DFARS-SEC-242.7502,DFARS-SEC-242.7502(g),HAS_PROVISION
DFARS-SEC-242.7502(g),DFARS-SEC-242.7502(1)#4,HAS_PROVISION
DFARS-SEC-242.7502(g),DFARS-SEC-242.7502(2)#4,HAS_PROVISION
DFARS-SEC-242.7502(2)#4,DFARS-SEC-242.7502(i)#3,HAS_PROVISION
DFARS-SEC-242.7502(2)#4,DFARS-SEC-242.7502(ii)#3,HAS_PROVISION
DFARS-SEC-242.7502(2)#4,DFARS-SEC-242.7502(iii),HAS_PROVISION
DFARS-SEC-242.7502(2)#4,DFARS-SEC-242.7502(iv),HAS_PROVISION
DFARS-SEC-242.7502(2)#4,DFARS-SEC-242.7502(v),HAS_PROVISION
DFARS-SEC-242.7502(g),DFARS-SEC-242.7502(3)#3,HAS_PROVISION
DFARS-SEC-242.7502(3)#3,DFARS-SEC-242.7502(i)#4,HAS_PROVISION
DFARS-SEC-242.7502(3)#3,DFARS-SEC-242.7502(ii)#4,HAS_PROVISION
DFARS-SEC-242.7502(3)#3,DFARS-SEC-242.7502(iii)#2,HAS_PROVISION
DFARS-SEC-242.7502(3)#3,DFARS-SEC-242.7502(iv)#2,HAS_PROVISION
DFARS-SUBPART-242.75,DFARS-SEC-242.7503,HAS_SECTION
DFARS-SEC-242.7503,DFARS-SEC-242.7503(a),HAS_PROVISION
DFARS-SEC-242.7503,DFARS-SEC-242.7503(b),HAS_PROVISION
DFARS-PART-243,DFARS-SUBPART-243.1,HAS_SUBPART
DFARS-SUBPART-243.1,DFARS-SEC-243.107,HAS_SECTION
DFARS-SUBPART-243.1,DFARS-SEC-243.107-70,HAS_SECTION
DFARS-SUBPART-243.1,DFARS-SEC-243.170,HAS_SECTION
DFARS-SUBPART-243.1,DFARS-SEC-243.171,HAS_SECTION
DFARS-SUBPART-243.1,DFARS-SEC-243.172,HAS_SECTION
DFARS-PART-243,DFARS-SUBPART-243.2,HAS_SUBPART
DFARS-SUBPART-243.2,DFARS-SEC-243.204,HAS_SECTION
DFARS-SUBPART-243.2,DFARS-SEC-243.204-70,HAS_SECTION
DFARS-SEC-243.204-70,DFARS-SEC-243.204-70(a),HAS_PROVISION
DFARS-SEC-243.204-70,DFARS-SEC-243.204-70(b),HAS_PROVISION
DFARS-SEC-243.204-70,DFARS-SEC-243.204-70(a)#2,HAS_PROVISION
DFARS-SEC-243.204-70,DFARS-SEC-243.204-70(1),HAS_PROVISION
DFARS-SEC-243.204-70,DFARS-SEC-243.204-70(2),HAS_PROVISION
DFARS-SEC-243.204-70,DFARS-SEC-243.204-70(b)#2,HAS_PROVISION
DFARS-SEC-243.204-70,DFARS-SEC-243.204-70(a)#3,HAS_PROVISION
DFARS-SEC-243.204-70,DFARS-SEC-243.204-70(b)#3,HAS_PROVISION
DFARS-SEC-243.204-70,DFARS-SEC-243.204-70(a)#4,HAS_PROVISION
DFARS-SEC-243.204-70,DFARS-SEC-243.204-70(b)#4,HAS_PROVISION
DFARS-SEC-243.204-70,DFARS-SEC-243.204-70(c),HAS_PROVISION
DFARS-SEC-243.204-70,DFARS-SEC-243.204-70(1)#2,HAS_PROVISION
DFARS-SEC-243.204-70,DFARS-SEC-243.204-70(2)#2,HAS_PROVISION
DFARS-SEC-243.204-70,DFARS-SEC-243.204-70(a)#5,HAS_PROVISION
DFARS-SEC-243.204-70,DFARS-SEC-243.204-70(b)#5,HAS_PROVISION
DFARS-SEC-243.204-70,DFARS-SEC-243.204-70(c)#2,HAS_PROVISION
DFARS-SEC-243.204-70,DFARS-SEC-243.204-70(2)#3,HAS_PROVISION
DFARS-SEC-243.204-70(2)#3,DFARS-SEC-243.204-70(a)#6,HAS_PROVISION
DFARS-SEC-243.204-70(2)#3,DFARS-SEC-243.204-70(b)#6,HAS_PROVISION
DFARS-SUBPART-243.2,DFARS-SEC-243.204-71,HAS_SECTION
DFARS-SEC-243.204-71,DFARS-SEC-243.204-71(a),HAS_PROVISION
DFARS-SEC-243.204-71,DFARS-SEC-243.204-71(b),HAS_PROVISION
DFARS-SEC-243.204-71,DFARS-SEC-243.204-71(c),HAS_PROVISION
DFARS-SUBPART-243.2,DFARS-SEC-243.205,HAS_SECTION
DFARS-SUBPART-243.2,DFARS-SEC-243.205-70,HAS_SECTION
DFARS-SUBPART-243.2,DFARS-SEC-243.205-71,HAS_SECTION
DFARS-SUBPART-243.2,DFARS-SEC-243.205-72,HAS_SECTION
DFARS-PART-244,DFARS-SUBPART-244.1,HAS_SUBPART
DFARS-SUBPART-244.1,DFARS-SEC-244.101,HAS_SECTION
DFARS-PART-244,DFARS-SUBPART-244.2,HAS_SUBPART
DFARS-SUBPART-244.2,DFARS-SEC-244.201,HAS_SECTION
DFARS-SUBPART-244.2,DFARS-SEC-244.201-1,HAS_SECTION
DFARS-SEC-244.201-1,DFARS-SEC-244.201-1(a),HAS_PROVISION
DFARS-SUBPART-244.2,DFARS-SEC-244.202,HAS_SECTION
DFARS-SUBPART-244.2,DFARS-SEC-244.202-2,HAS_SECTION
DFARS-SEC-244.202-2,DFARS-SEC-244.202-2(a),HAS_PROVISION
DFARS-PART-244,DFARS-SUBPART-244.3,HAS_SUBPART
DFARS-SUBPART-244.3,DFARS-SEC-244.301,HAS_SECTION
DFARS-SUBPART-244.3,DFARS-SEC-244.302,HAS_SECTION
DFARS-SEC-244.302,DFARS-SEC-244.302(a),HAS_PROVISION
DFARS-SUBPART-244.3,DFARS-SEC-244.303,HAS_SECTION
DFARS-SEC-244.303,DFARS-SEC-244.303(a),HAS_PROVISION
DFARS-SEC-244.303,DFARS-SEC-244.303(b),HAS_PROVISION
DFARS-SUBPART-244.3,DFARS-SEC-244.305,HAS_SECTION
DFARS-SUBPART-244.3,DFARS-SEC-244.305-70,HAS_SECTION
DFARS-SEC-244.305-70,DFARS-SEC-244.305-70(a),HAS_PROVISION
DFARS-SEC-244.305-70(a),DFARS-SEC-244.305-70(1),HAS_PROVISION
DFARS-SEC-244.305-70(a),DFARS-SEC-244.305-70(2),HAS_PROVISION
DFARS-SEC-244.305-70,DFARS-SEC-244.305-70(b),HAS_PROVISION
DFARS-SEC-244.305-70,DFARS-SEC-244.305-70(c),HAS_PROVISION
DFARS-SEC-244.305-70(c),DFARS-SEC-244.305-70(1)#2,HAS_PROVISION
DFARS-SEC-244.305-70(c),DFARS-SEC-244.305-70(2)#2,HAS_PROVISION
DFARS-SEC-244.305-70(2)#2,DFARS-SEC-244.305-70(i),HAS_PROVISION
DFARS-SEC-244.305-70(2)#2,DFARS-SEC-244.305-70(ii),HAS_PROVISION
DFARS-SEC-244.305-70(ii),DFARS-SEC-244.305-70(A),HAS_PROVISION
DFARS-SEC-244.305-70(ii),DFARS-SEC-244.305-70(B),HAS_PROVISION
DFARS-SEC-244.305-70(ii),DFARS-SEC-244.305-70(C),HAS_PROVISION
DFARS-SEC-244.305-70(c),DFARS-SEC-244.305-70(3),HAS_PROVISION
DFARS-SEC-244.305-70(3),DFARS-SEC-244.305-70(i)#2,HAS_PROVISION
DFARS-SEC-244.305-70(i)#2,DFARS-SEC-244.305-70(A)#2,HAS_PROVISION
DFARS-SEC-244.305-70(i)#2,DFARS-SEC-244.305-70(B)#2,HAS_PROVISION
DFARS-SEC-244.305-70(B)#2,DFARS-SEC-244.305-70(1)#3,HAS_PROVISION
DFARS-SEC-244.305-70(B)#2,DFARS-SEC-244.305-70(2)#3,HAS_PROVISION
DFARS-SEC-244.305-70(B)#2,DFARS-SEC-244.305-70(3)#2,HAS_PROVISION
DFARS-SEC-244.305-70(3),DFARS-SEC-244.305-70(ii)#2,HAS_PROVISION
DFARS-SEC-244.305-70,DFARS-SEC-244.305-70(d),HAS_PROVISION
DFARS-SEC-244.305-70,DFARS-SEC-244.305-70(e),HAS_PROVISION
DFARS-SEC-244.305-70,DFARS-SEC-244.305-70(f),HAS_PROVISION
DFARS-SEC-244.305-70(f),DFARS-SEC-244.305-70(1)#4,HAS_PROVISION
DFARS-SEC-244.305-70(f),DFARS-SEC-244.305-70(2)#4,HAS_PROVISION
DFARS-SEC-244.305-70(2)#4,DFARS-SEC-244.305-70(i)#3,HAS_PROVISION
DFARS-SEC-244.305-70(2)#4,DFARS-SEC-244.305-70(ii)#3,HAS_PROVISION
DFARS-SEC-244.305-70(2)#4,DFARS-SEC-244.305-70(iii),HAS_PROVISION
DFARS-SEC-244.305-70(2)#4,DFARS-SEC-244.305-70(iv),HAS_PROVISION
DFARS-SEC-244.305-70(2)#4,DFARS-SEC-244.305-70(v),HAS_PROVISION
DFARS-SEC-244.305-70(2)#4,DFARS-SEC-244.305-70(vi),HAS_PROVISION
DFARS-SEC-244.305-70(f),DFARS-SEC-244.305-70(3)#3,HAS_PROVISION
DFARS-SEC-244.305-70(3)#3,DFARS-SEC-244.305-70(i)#4,HAS_PROVISION
DFARS-SEC-244.305-70(3)#3,DFARS-SEC-244.305-70(ii)#4,HAS_PROVISION
DFARS-SEC-244.305-70(3)#3,DFARS-SEC-244.305-70(iii)#2,HAS_PROVISION
DFARS-SEC-244.305-70(3)#3,DFARS-SEC-244.305-70(iv)#2,HAS_PROVISION
DFARS-SUBPART-244.3,DFARS-SEC-244.305-71,HAS_SECTION
DFARS-SEC-244.305-71,DFARS-SEC-244.305-71(a),HAS_PROVISION
DFARS-SEC-244.305-71,DFARS-SEC-244.305-71(b),HAS_PROVISION
DFARS-PART-244,DFARS-SUBPART-244.4,HAS_SUBPART
DFARS-SUBPART-244.4,DFARS-SUBPART-244.4-P1,HAS_PROVISION
DFARS-SUBPART-244.4,DFARS-SEC-244.402,HAS_SECTION
DFARS-SEC-244.402,DFARS-SEC-244.402(a),HAS_PROVISION
DFARS-SUBPART-244.4,DFARS-SEC-244.403,HAS_SECTION
DFARS-PART-245,DFARS-SUBPART-245.1,HAS_SUBPART
DFARS-SUBPART-245.1,DFARS-SEC-245.101,HAS_SECTION
DFARS-SUBPART-245.1,DFARS-SEC-245.102,HAS_SECTION
DFARS-SEC-245.102,DFARS-SEC-245.102(1),HAS_PROVISION
DFARS-SEC-245.102(1),DFARS-SEC-245.102(i),HAS_PROVISION
DFARS-SEC-245.102(1),DFARS-SEC-245.102(ii),HAS_PROVISION
DFARS-SEC-245.102(ii),DFARS-SEC-245.102(A),HAS_PROVISION
DFARS-SEC-245.102(ii),DFARS-SEC-245.102(B),HAS_PROVISION
DFARS-SEC-245.102(ii),DFARS-SEC-245.102(C),HAS_PROVISION
DFARS-SEC-245.102,DFARS-SEC-245.102(2),HAS_PROVISION
DFARS-SEC-245.102,DFARS-SEC-245.102(3),HAS_PROVISION
DFARS-SEC-245.102,DFARS-SEC-245.102(4),HAS_PROVISION
DFARS-SEC-245.102(4),DFARS-SEC-245.102(i)#2,HAS_PROVISION
DFARS-SEC-245.102(4),DFARS-SEC-245.102(ii)#2,HAS_PROVISION
DFARS-SEC-245.102(ii)#2,DFARS-SEC-245.102(A)#2,HAS_PROVISION
DFARS-SEC-245.102(ii)#2,DFARS-SEC-245.102(B)#2,HAS_PROVISION
DFARS-SEC-245.102(ii)#2,DFARS-SEC-245.102(C)#2,HAS_PROVISION
DFARS-SEC-245.102(C)#2,DFARS-SEC-245.102(1)#2,HAS_PROVISION
DFARS-SEC-245.102(1)#2,DFARS-SEC-245.102(i)#3,HAS_PROVISION
DFARS-SEC-245.102(1)#2,DFARS-SEC-245.102(ii)#3,HAS_PROVISION
DFARS-SEC-245.102(C)#2,DFARS-SEC-245.102(2)#2,HAS_PROVISION
DFARS-SEC-245.102(ii)#2,DFARS-SEC-245.102(D),HAS_PROVISION
DFARS-SEC-245.102(ii)#2,DFARS-SEC-245.102(E),HAS_PROVISION
DFARS-SEC-245.102(ii)#2,DFARS-SEC-245.102(F),HAS_PROVISION
DFARS-SEC-245.102(ii)#2,DFARS-SEC-245.102(G),HAS_PROVISION
DFARS-SEC-245.102(ii)#2,DFARS-SEC-245.102(H),HAS_PROVISION
DFARS-SEC-245.102,DFARS-SEC-245.102(5),HAS_PROVISION
DFARS-SUBPART-245.1,DFARS-SEC-245.103,HAS_SECTION
DFARS-SUBPART-245.1,DFARS-SEC-245.103-70,HAS_SECTION
DFARS-SUBPART-245.1,DFARS-SEC-245.103-71,HAS_SECTION
DFARS-SUBPART-245.1,DFARS-SEC-245.103-72,HAS_SECTION
DFARS-SUBPART-245.1,DFARS-SEC-245.103-73,HAS_SECTION
DFARS-SUBPART-245.1,DFARS-SEC-245.103-74,HAS_SECTION
DFARS-SUBPART-245.1,DFARS-SEC-245.104,HAS_SECTION
DFARS-SUBPART-245.1,DFARS-SEC-245.105,HAS_SECTION
DFARS-SEC-245.105,DFARS-SEC-245.105(a),HAS_PROVISION
DFARS-SEC-245.105,DFARS-SEC-245.105(c),HAS_PROVISION
DFARS-SEC-245.105(c),DFARS-SEC-245.105(b),HAS_PROVISION
DFARS-SEC-245.105(b),DFARS-SEC-245.105(1),HAS_PROVISION
DFARS-SEC-245.105(b),DFARS-SEC-245.105(2),HAS_PROVISION
DFARS-SEC-245.105(c),DFARS-SEC-245.105(c)#2,HAS_PROVISION
DFARS-SEC-245.105(c),DFARS-SEC-245.105(d),HAS_PROVISION
DFARS-SEC-245.105(d),DFARS-SEC-245.105(1)#2,HAS_PROVISION
DFARS-SEC-245.105(d),DFARS-SEC-245.105(2)#2,HAS_PROVISION
DFARS-SEC-245.105(2)#2,DFARS-SEC-245.105(i),HAS_PROVISION
DFARS-SEC-245.105(2)#2,DFARS-SEC-245.105(ii),HAS_PROVISION
DFARS-SEC-245.105(ii),DFARS-SEC-245.105(A),HAS_PROVISION
DFARS-SEC-245.105(ii),DFARS-SEC-245.105(B),HAS_PROVISION
DFARS-SEC-245.105(ii),DFARS-SEC-245.105(C),HAS_PROVISION
DFARS-SEC-245.105(d),DFARS-SEC-245.105(3),HAS_PROVISION
DFARS-SEC-245.105(3),DFARS-SEC-245.105(i)#2,HAS_PROVISION
DFARS-SEC-245.105(i)#2,DFARS-SEC-245.105(A)#2,HAS_PROVISION
DFARS-SEC-245.105(i)#2,DFARS-SEC-245.105(B)#2,HAS_PROVISION
DFARS-SEC-245.105(B)#2,DFARS-SEC-245.105(1)#3,HAS_PROVISION
DFARS-SEC-245.105(B)#2,DFARS-SEC-245.105(2)#3,HAS_PROVISION
DFARS-SEC-245.105(B)#2,DFARS-SEC-245.105(3)#2,HAS_PROVISION
DFARS-SEC-245.105(3),DFARS-SEC-245.105(ii)#2,HAS_PROVISION
DFARS-SEC-245.105(c),DFARS-SEC-245.105(e),HAS_PROVISION
DFARS-SEC-245.105(c),DFARS-SEC-245.105(f),HAS_PROVISION
DFARS-SUBPART-245.1,DFARS-SEC-245.107,HAS_SECTION
DFARS-SEC-245.107,DFARS-SEC-245.107(1)(i),HAS_PROVISION
DFARS-SEC-245.107(1)(i),DFARS-SEC-245.107(ii),HAS_PROVISION
DFARS-SEC-245.107,DFARS-SEC-245.107(2),HAS_PROVISION
DFARS-SEC-245.107,DFARS-SEC-245.107(3),HAS_PROVISION
DFARS-SEC-245.107,DFARS-SEC-245.107(4),HAS_PROVISION
DFARS-PART-245,DFARS-SUBPART-245.2,HAS_SUBPART
DFARS-SUBPART-245.2,DFARS-SEC-245.201,HAS_SECTION
DFARS-SUBPART-245.2,DFARS-SEC-245.201-70,HAS_SECTION
DFARS-PART-245,DFARS-SUBPART-245.3,HAS_SUBPART
DFARS-SUBPART-245.3,DFARS-SUBPART-245.3-P1,HAS_PROVISION
DFARS-SUBPART-245.3,DFARS-SEC-245.302,HAS_SECTION
DFARS-SEC-245.302,DFARS-SEC-245.302(1),HAS_PROVISION
DFARS-SEC-245.302(1),DFARS-SEC-245.302(i),HAS_PROVISION
DFARS-SEC-245.302(i),DFARS-SEC-245.302(A),HAS_PROVISION
DFARS-SEC-245.302(i),DFARS-SEC-245.302(B),HAS_PROVISION
DFARS-SEC-245.302(i),DFARS-SEC-245.302(C),HAS_PROVISION
DFARS-SEC-245.302(1),DFARS-SEC-245.302(ii),HAS_PROVISION
DFARS-SEC-245.302(ii),DFARS-SEC-245.302(A)#2,HAS_PROVISION
DFARS-SEC-245.302(ii),DFARS-SEC-245.302(B)#2,HAS_PROVISION
DFARS-SEC-245.302,DFARS-SEC-245.302(2),HAS_PROVISION
DFARS-SEC-245.302(2),DFARS-SEC-245.302(i)#2,HAS_PROVISION
DFARS-SEC-245.302(2),DFARS-SEC-245.302(ii)#2,HAS_PROVISION
DFARS-SEC-245.302,DFARS-SEC-245.302(3),HAS_PROVISION
DFARS-SEC-245.302(3),DFARS-SEC-245.302(i)#3,HAS_PROVISION
DFARS-SEC-245.302(3),DFARS-SEC-245.302(ii)#3,HAS_PROVISION
DFARS-PART-245,DFARS-SUBPART-245.4,HAS_SUBPART
DFARS-SUBPART-245.4,DFARS-SEC-245.402,HAS_SECTION
DFARS-SUBPART-245.4,DFARS-SEC-245.402-70,HAS_SECTION
DFARS-SUBPART-245.4,DFARS-SEC-245.402-71,HAS_SECTION
DFARS-PART-245,DFARS-SUBPART-245.5,HAS_SUBPART
DFARS-SUBPART-245.5,DFARS-SEC-245.570,HAS_SECTION
DFARS-PART-245,DFARS-SUBPART-245.6,HAS_SUBPART
DFARS-SUBPART-245.6,DFARS-SEC-245.602,HAS_SECTION
DFARS-SUBPART-245.6,DFARS-SEC-245.602-1,HAS_SECTION
DFARS-SEC-245.602-1,DFARS-SEC-245.602-1(a),HAS_PROVISION
DFARS-SEC-245.602-1(a),DFARS-SEC-245.602-1(1),HAS_PROVISION
DFARS-SEC-245.602-1(1),DFARS-SEC-245.602-1(i),HAS_PROVISION
DFARS-SEC-245.602-1(1),DFARS-SEC-245.602-1(ii),HAS_PROVISION
DFARS-SEC-245.602-1(a),DFARS-SEC-245.602-1(2),HAS_PROVISION
DFARS-SEC-245.602-1(2),DFARS-SEC-245.602-1(i)#2,HAS_PROVISION
DFARS-SEC-245.602-1(2),DFARS-SEC-245.602-1(ii)#2,HAS_PROVISION
DFARS-SEC-245.602-1(2),DFARS-SEC-245.602-1(iii),HAS_PROVISION
DFARS-SEC-245.602-1(2),DFARS-SEC-245.602-1(iv),HAS_PROVISION
DFARS-SEC-245.602-1,DFARS-SEC-245.602-1(b),HAS_PROVISION
DFARS-SEC-245.602-1,DFARS-SEC-245.602-1(c),HAS_PROVISION
DFARS-SUBPART-245.6,DFARS-SEC-245.602-3,HAS_SECTION
DFARS-SUBPART-245.6,DFARS-SEC-245.602-70,HAS_SECTION
DFARS-SUBPART-245.6,DFARS-SEC-245.604,HAS_SECTION
DFARS-SUBPART-245.6,DFARS-SEC-245.604-1,HAS_SECTION
DFARS-SEC-245.604-1,DFARS-SEC-245.604-1(1),HAS_PROVISION
DFARS-SEC-245.604-1,DFARS-SEC-245.604-1(2),HAS_PROVISION
DFARS-SEC-245.604-1(2),DFARS-SEC-245.604-1(i),HAS_PROVISION
DFARS-SEC-245.604-1(2),DFARS-SEC-245.604-1(ii),HAS_PROVISION
DFARS-SEC-245.604-1(2),DFARS-SEC-245.604-1(iii),HAS_PROVISION
DFARS-SEC-245.604-1,DFARS-SEC-245.604-1(3),HAS_PROVISION
DFARS-SEC-245.604-1(3),DFARS-SEC-245.604-1(i)#2,HAS_PROVISION
DFARS-SEC-245.604-1(i)#2,DFARS-SEC-245.604-1(A),HAS_PROVISION
DFARS-SEC-245.604-1(i)#2,DFARS-SEC-245.604-1(B),HAS_PROVISION
DFARS-SEC-245.604-1(i)#2,DFARS-SEC-245.604-1(C),HAS_PROVISION
DFARS-SEC-245.604-1(i)#2,DFARS-SEC-245.604-1(D),HAS_PROVISION
DFARS-SEC-245.604-1(3),DFARS-SEC-245.604-1(ii)#2,HAS_PROVISION
DFARS-SEC-245.604-1(3),DFARS-SEC-245.604-1(iii)#2,HAS_PROVISION
DFARS-SEC-245.604-1,DFARS-SEC-245.604-1(4),HAS_PROVISION
DFARS-SEC-245.604-1(4),DFARS-SEC-245.604-1(i)#3,HAS_PROVISION
DFARS-SEC-245.604-1(i)#3,DFARS-SEC-245.604-1(A)#2,HAS_PROVISION
DFARS-SEC-245.604-1(i)#3,DFARS-SEC-245.604-1(B)#2,HAS_PROVISION
DFARS-SEC-245.604-1(4),DFARS-SEC-245.604-1(ii)#3,HAS_PROVISION
DFARS-SEC-245.604-1(4),DFARS-SEC-245.604-1(iii)#3,HAS_PROVISION
DFARS-SEC-245.604-1(iii)#3,DFARS-SEC-245.604-1(A)#3,HAS_PROVISION
DFARS-SEC-245.604-1(iii)#3,DFARS-SEC-245.604-1(B)#3,HAS_PROVISION
DFARS-SEC-245.604-1(iii)#3,DFARS-SEC-245.604-1(C)#2,HAS_PROVISION
DFARS-SEC-245.604-1(iii)#3,DFARS-SEC-245.604-1(D)#2,HAS_PROVISION
DFARS-SEC-245.604-1(iii)#3,DFARS-SEC-245.604-1(E),HAS_PROVISION
DFARS-SEC-245.604-1,DFARS-SEC-245.604-1(5),HAS_PROVISION
DFARS-PART-245,DFARS-SUBPART-245.70,HAS_SUBPART
DFARS-PART-246,DFARS-SUBPART-246.1,HAS_SUBPART
DFARS-SUBPART-246.1,DFARS-SEC-246.101,HAS_SECTION
DFARS-SUBPART-246.1,DFARS-SEC-246.102,HAS_SECTION
DFARS-SEC-246.102,DFARS-SEC-246.102(1),HAS_PROVISION
DFARS-SEC-246.102,DFARS-SEC-246.102(2),HAS_PROVISION
DFARS-SEC-246.102,DFARS-SEC-246.102(3),HAS_PROVISION
DFARS-SEC-246.102,DFARS-SEC-246.102(4),HAS_PROVISION
DFARS-SUBPART-246.1,DFARS-SEC-246.103,HAS_SECTION
DFARS-SEC-246.103,DFARS-SEC-246.103(1),HAS_PROVISION
DFARS-SEC-246.103,DFARS-SEC-246.103(2),HAS_PROVISION
DFARS-PART-246,DFARS-SUBPART-246.2,HAS_SUBPART
DFARS-SUBPART-246.2,DFARS-SEC-246.202,HAS_SECTION
DFARS-SUBPART-246.2,DFARS-SEC-246.202-4,HAS_SECTION
DFARS-SEC-246.202-4,DFARS-SEC-246.202-4(1),HAS_PROVISION
DFARS-SEC-246.202-4,DFARS-SEC-246.202-4(2),HAS_PROVISION
DFARS-SUBPART-246.2,DFARS-SEC-246.270,HAS_SECTION
DFARS-SUBPART-246.2,DFARS-SEC-246.270-1,HAS_SECTION
DFARS-SUBPART-246.2,DFARS-SEC-246.270-2,HAS_SECTION
DFARS-SEC-246.270-2,DFARS-SEC-246.270-2(a),HAS_PROVISION
DFARS-SEC-246.270-2,DFARS-SEC-246.270-2(b),HAS_PROVISION
DFARS-SEC-246.270-2,DFARS-SEC-246.270-2(c),HAS_PROVISION
DFARS-SEC-246.270-2,DFARS-SEC-246.270-2(d),HAS_PROVISION
DFARS-SUBPART-246.2,DFARS-SEC-246.270-3,HAS_SECTION
DFARS-SUBPART-246.2,DFARS-SEC-246.270-4,HAS_SECTION
DFARS-PART-246,DFARS-SUBPART-246.3,HAS_SUBPART
DFARS-SUBPART-246.3,DFARS-SEC-246.370,HAS_SECTION
DFARS-SEC-246.370,DFARS-SEC-246.370(a),HAS_PROVISION
DFARS-SEC-246.370(a),DFARS-SEC-246.370(1),HAS_PROVISION
DFARS-SEC-246.370(a),DFARS-SEC-246.370(2),HAS_PROVISION
DFARS-SEC-246.370(a),DFARS-SEC-246.370(3),HAS_PROVISION
DFARS-SEC-246.370,DFARS-SEC-246.370(b),HAS_PROVISION
DFARS-PART-246,DFARS-SUBPART-246.4,HAS_SUBPART
DFARS-SUBPART-246.4,DFARS-SEC-246.401,HAS_SECTION
DFARS-SUBPART-246.4,DFARS-SEC-246.402,HAS_SECTION
DFARS-SEC-246.402,DFARS-SEC-246.402(1),HAS_PROVISION
DFARS-SEC-246.402,DFARS-SEC-246.402(2),HAS_PROVISION
DFARS-SEC-246.402,DFARS-SEC-246.402(3),HAS_PROVISION
DFARS-SEC-246.402(3),DFARS-SEC-246.402(i),HAS_PROVISION
DFARS-SEC-246.402(3),DFARS-SEC-246.402(ii),HAS_PROVISION
DFARS-SEC-246.402(ii),DFARS-SEC-246.402(A),HAS_PROVISION
DFARS-SEC-246.402(ii),DFARS-SEC-246.402(B),HAS_PROVISION
DFARS-SEC-246.402(ii),DFARS-SEC-246.402(C),HAS_PROVISION
DFARS-SEC-246.402(3),DFARS-SEC-246.402(iii),HAS_PROVISION
DFARS-SEC-246.402(iii),DFARS-SEC-246.402(A)#2,HAS_PROVISION
DFARS-SEC-246.402(iii),DFARS-SEC-246.402(B)#2,HAS_PROVISION
DFARS-SUBPART-246.4,DFARS-SEC-246.404,HAS_SECTION
DFARS-SUBPART-246.4,DFARS-SEC-246.406,HAS_SECTION
DFARS-SEC-246.406,DFARS-SEC-246.406(1),HAS_PROVISION
DFARS-SEC-246.406(1),DFARS-SEC-246.406(i),HAS_PROVISION
DFARS-SEC-246.406(i),DFARS-SEC-246.406(A),HAS_PROVISION
DFARS-SEC-246.406(i),DFARS-SEC-246.406(B),HAS_PROVISION
DFARS-SEC-246.406(i),DFARS-SEC-246.406(C),HAS_PROVISION
DFARS-SEC-246.406(1),DFARS-SEC-246.406(ii),HAS_PROVISION
DFARS-SEC-246.406(ii),DFARS-SEC-246.406(A)#2,HAS_PROVISION
DFARS-SEC-246.406(ii),DFARS-SEC-246.406(B)#2,HAS_PROVISION
DFARS-SEC-246.406,DFARS-SEC-246.406(2),HAS_PROVISION
DFARS-SEC-246.406(2),DFARS-SEC-246.406(i)#2,HAS_PROVISION
DFARS-SEC-246.406(2),DFARS-SEC-246.406(ii)#2,HAS_PROVISION
DFARS-SEC-246.406(2),DFARS-SEC-246.406(iii),HAS_PROVISION
DFARS-SEC-246.406,DFARS-SEC-246.406(3),HAS_PROVISION
DFARS-SUBPART-246.4,DFARS-SEC-246.407,HAS_SECTION
DFARS-SEC-246.407,DFARS-SEC-246.407(f),HAS_PROVISION
DFARS-SEC-246.407(f),DFARS-SEC-246.407(i),HAS_PROVISION
DFARS-SEC-246.407(f),DFARS-SEC-246.407(ii),HAS_PROVISION
DFARS-SEC-246.407(f),DFARS-SEC-246.407(iii),HAS_PROVISION
DFARS-SUBPART-246.4,DFARS-SEC-246.408,HAS_SECTION
DFARS-SUBPART-246.4,DFARS-SEC-246.408-70,HAS_SECTION
DFARS-SEC-246.408-70,DFARS-SEC-246.408-70(a),HAS_PROVISION
DFARS-SEC-246.408-70(a),DFARS-SEC-246.408-70(1),HAS_PROVISION
DFARS-SEC-246.408-70(a),DFARS-SEC-246.408-70(2),HAS_PROVISION
DFARS-SEC-246.408-70(a),DFARS-SEC-246.408-70(3),HAS_PROVISION
DFARS-SEC-246.408-70,DFARS-SEC-246.408-70(b),HAS_PROVISION
DFARS-SEC-246.408-70(b),DFARS-SEC-246.408-70(1)#2,HAS_PROVISION
DFARS-SEC-246.408-70(b),DFARS-SEC-246.408-70(2)#2,HAS_PROVISION
DFARS-SUBPART-246.4,DFARS-SEC-246.408-71,HAS_SECTION
DFARS-SEC-246.408-71,DFARS-SEC-246.408-71(a),HAS_PROVISION
DFARS-SEC-246.408-71,DFARS-SEC-246.408-71(b),HAS_PROVISION
DFARS-SEC-246.408-71,DFARS-SEC-246.408-71(c),HAS_PROVISION
DFARS-SUBPART-246.4,DFARS-SEC-246.470,HAS_SECTION
DFARS-SUBPART-246.4,DFARS-SEC-246.470-1,HAS_SECTION
DFARS-SEC-246.470-1,DFARS-SEC-246.470-1(a),HAS_PROVISION
DFARS-SEC-246.470-1,DFARS-SEC-246.470-1(c),HAS_PROVISION
DFARS-SEC-246.470-1(c),DFARS-SEC-246.470-1(b),HAS_PROVISION
DFARS-SEC-246.470-1(b),DFARS-SEC-246.470-1(1),HAS_PROVISION
DFARS-SEC-246.470-1(b),DFARS-SEC-246.470-1(2),HAS_PROVISION
DFARS-SEC-246.470-1(c),DFARS-SEC-246.470-1(c)#2,HAS_PROVISION
DFARS-SEC-246.470-1(c)#2,DFARS-SEC-246.470-1(1)#2,HAS_PROVISION
DFARS-SEC-246.470-1(c)#2,DFARS-SEC-246.470-1(2)#2,HAS_PROVISION
DFARS-SEC-246.470-1(c)#2,DFARS-SEC-246.470-1(3),HAS_PROVISION
DFARS-SUBPART-246.4,DFARS-SEC-246.470-2,HAS_SECTION
DFARS-SUBPART-246.4,DFARS-SEC-246.471,HAS_SECTION
DFARS-SEC-246.471,DFARS-SEC-246.471(a),HAS_PROVISION
DFARS-SEC-246.471(a),DFARS-SEC-246.471(1),HAS_PROVISION
DFARS-SEC-246.471(a),DFARS-SEC-246.471(2),HAS_PROVISION
DFARS-SEC-246.471(a),DFARS-SEC-246.471(3),HAS_PROVISION
DFARS-SEC-246.471(a),DFARS-SEC-246.471(4),HAS_PROVISION
DFARS-SEC-246.471,DFARS-SEC-246.471(b),HAS_PROVISION
DFARS-SEC-246.471(b),DFARS-SEC-246.471(1)#2,HAS_PROVISION
DFARS-SEC-246.471(b),DFARS-SEC-246.471(2)#2,HAS_PROVISION
DFARS-SEC-246.471(b),DFARS-SEC-246.471(i),HAS_PROVISION
DFARS-SEC-246.471(b),DFARS-SEC-246.471(ii),HAS_PROVISION
DFARS-SEC-246.471(b),DFARS-SEC-246.471(iii),HAS_PROVISION
DFARS-SEC-246.471(b),DFARS-SEC-246.471(3)#2,HAS_PROVISION
DFARS-SEC-246.471(b),DFARS-SEC-246.471(4)#2,HAS_PROVISION
DFARS-SEC-246.471(b),DFARS-SEC-246.471(i)#2,HAS_PROVISION
DFARS-SEC-246.471(b),DFARS-SEC-246.471(ii)#2,HAS_PROVISION
DFARS-SUBPART-246.4,DFARS-SEC-246.472,HAS_SECTION
DFARS-SEC-246.472,DFARS-SEC-246.472(a),HAS_PROVISION
DFARS-SEC-246.472,DFARS-SEC-246.472(b),HAS_PROVISION
DFARS-PART-246,DFARS-SUBPART-246.5,HAS_SUBPART
DFARS-SUBPART-246.5,DFARS-SEC-246.504,HAS_SECTION
DFARS-PART-246,DFARS-SUBPART-246.6,HAS_SUBPART
DFARS-SUBPART-246.6,DFARS-SEC-246.601,HAS_SECTION
DFARS-SEC-246.601,DFARS-SEC-246.601(1),HAS_PROVISION
DFARS-SEC-246.601,DFARS-SEC-246.601(2),HAS_PROVISION
DFARS-PART-246,DFARS-SUBPART-246.7,HAS_SUBPART
DFARS-SUBPART-246.7,DFARS-SEC-246.702,HAS_SECTION
DFARS-SUBPART-246.7,DFARS-SEC-246.702-70,HAS_SECTION
DFARS-SUBPART-246.7,DFARS-SEC-246.704,HAS_SECTION
DFARS-SEC-246.704,DFARS-SEC-246.704(1),HAS_PROVISION
DFARS-SEC-246.704(1),DFARS-SEC-246.704(i),HAS_PROVISION
DFARS-SEC-246.704(1),DFARS-SEC-246.704(ii),HAS_PROVISION
DFARS-SEC-246.704(1),DFARS-SEC-246.704(iii),HAS_PROVISION
DFARS-SEC-246.704(1),DFARS-SEC-246.704(iv),HAS_PROVISION
DFARS-SEC-246.704,DFARS-SEC-246.704(2),HAS_PROVISION
DFARS-SUBPART-246.7,DFARS-SEC-246.705,HAS_SECTION
DFARS-SEC-246.705,DFARS-SEC-246.705(a),HAS_PROVISION
DFARS-SUBPART-246.7,DFARS-SEC-246.706,HAS_SECTION
DFARS-SEC-246.706,DFARS-SEC-246.706(b)(5),HAS_PROVISION
DFARS-SUBPART-246.7,DFARS-SEC-246.708,HAS_SECTION
DFARS-SEC-246.708,DFARS-SEC-246.708(1),HAS_PROVISION
DFARS-SEC-246.708,DFARS-SEC-246.708(2),HAS_PROVISION
DFARS-SUBPART-246.7,DFARS-SEC-246.710,HAS_SECTION
DFARS-SEC-246.710,DFARS-SEC-246.710(1),HAS_PROVISION
DFARS-SEC-246.710(1),DFARS-SEC-246.710(i),HAS_PROVISION
DFARS-SEC-246.710(1),DFARS-SEC-246.710(ii),HAS_PROVISION
DFARS-SEC-246.710(1),DFARS-SEC-246.710(iii),HAS_PROVISION
DFARS-SEC-246.710,DFARS-SEC-246.710(2),HAS_PROVISION
DFARS-SEC-246.710,DFARS-SEC-246.710(3),HAS_PROVISION
DFARS-SEC-246.710(3),DFARS-SEC-246.710(i)#2,HAS_PROVISION
DFARS-SEC-246.710(3),DFARS-SEC-246.710(ii)#2,HAS_PROVISION
DFARS-SEC-246.710(3),DFARS-SEC-246.710(iii)#2,HAS_PROVISION
DFARS-SEC-246.710(iii)#2,DFARS-SEC-246.710(A),HAS_PROVISION
DFARS-SEC-246.710(iii)#2,DFARS-SEC-246.710(B),HAS_PROVISION
DFARS-SUBPART-246.7,DFARS-SEC-246.710-70,HAS_SECTION
DFARS-PART-246,DFARS-SUBPART-246.8,HAS_SUBPART
DFARS-SUBPART-246.8,DFARS-SUBPART-246.8-P1,HAS_PROVISION
DFARS-SUBPART-246.8,DFARS-SEC-246.870,HAS_SECTION
DFARS-SUBPART-246.8,DFARS-SEC-246.870-0,HAS_SECTION
DFARS-SEC-246.870-0,DFARS-SEC-246.870-0(a),HAS_PROVISION
DFARS-SEC-246.870-0,DFARS-SEC-246.870-0(b),HAS_PROVISION
DFARS-SUBPART-246.8,DFARS-SEC-246.870-1,HAS_SECTION
DFARS-SUBPART-246.8,DFARS-SEC-246.870-2,HAS_SECTION
DFARS-SEC-246.870-2,DFARS-SEC-246.870-2(a),HAS_PROVISION
DFARS-SEC-246.870-2(a),DFARS-SEC-246.870-2(1),HAS_PROVISION
DFARS-SEC-246.870-2(a),DFARS-SEC-246.870-2(i),HAS_PROVISION
DFARS-SEC-246.870-2(i),DFARS-SEC-246.870-2(A),HAS_PROVISION
DFARS-SEC-246.870-2(i),DFARS-SEC-246.870-2(B),HAS_PROVISION
DFARS-SEC-246.870-2(i),DFARS-SEC-246.870-2(C),HAS_PROVISION
DFARS-SEC-246.870-2(a),DFARS-SEC-246.870-2(ii),HAS_PROVISION
DFARS-SEC-246.870-2(ii),DFARS-SEC-246.870-2(A)#2,HAS_PROVISION
DFARS-SEC-246.870-2(ii),DFARS-SEC-246.870-2(B)#2,HAS_PROVISION
DFARS-SEC-246.870-2(ii),DFARS-SEC-246.870-2(C)#2,HAS_PROVISION
DFARS-SEC-246.870-2(a),DFARS-SEC-246.870-2(2),HAS_PROVISION
DFARS-SEC-246.870-2(a),DFARS-SEC-246.870-2(i)#2,HAS_PROVISION
DFARS-SEC-246.870-2(i)#2,DFARS-SEC-246.870-2(A)#3,HAS_PROVISION
DFARS-SEC-246.870-2(i)#2,DFARS-SEC-246.870-2(B)#3,HAS_PROVISION
DFARS-SEC-246.870-2(a),DFARS-SEC-246.870-2(ii)#2,HAS_PROVISION
DFARS-SEC-246.870-2(a),DFARS-SEC-246.870-2(3),HAS_PROVISION
DFARS-SEC-246.870-2(a),DFARS-SEC-246.870-2(i)#3,HAS_PROVISION
DFARS-SEC-246.870-2(a),DFARS-SEC-246.870-2(ii)#3,HAS_PROVISION
DFARS-SEC-246.870-2(a),DFARS-SEC-246.870-2(iii),HAS_PROVISION
DFARS-SEC-246.870-2(iii),DFARS-SEC-246.870-2(A)#4,HAS_PROVISION
DFARS-SEC-246.870-2(iii),DFARS-SEC-246.870-2(B)#4,HAS_PROVISION
DFARS-SEC-246.870-2(B)#4,DFARS-SEC-246.870-2(1)#2,HAS_PROVISION
DFARS-SEC-246.870-2(B)#4,DFARS-SEC-246.870-2(2)#2,HAS_PROVISION
DFARS-SEC-246.870-2,DFARS-SEC-246.870-2(b),HAS_PROVISION
DFARS-SEC-246.870-2(b),DFARS-SEC-246.870-2(1)#3,HAS_PROVISION
DFARS-SEC-246.870-2(b),DFARS-SEC-246.870-2(2)#3,HAS_PROVISION
DFARS-SEC-246.870-2(b),DFARS-SEC-246.870-2(i)#4,HAS_PROVISION
DFARS-SEC-246.870-2(b),DFARS-SEC-246.870-2(ii)#4,HAS_PROVISION
DFARS-SEC-246.870-2(b),DFARS-SEC-246.870-2(iii)#2,HAS_PROVISION
DFARS-SEC-246.870-2(b),DFARS-SEC-246.870-2(iv),HAS_PROVISION
DFARS-SEC-246.870-2(b),DFARS-SEC-246.870-2(v),HAS_PROVISION
DFARS-SEC-246.870-2(b),DFARS-SEC-246.870-2(vi),HAS_PROVISION
DFARS-SEC-246.870-2(b),DFARS-SEC-246.870-2(vii),HAS_PROVISION
DFARS-SEC-246.870-2(b),DFARS-SEC-246.870-2(viii),HAS_PROVISION
DFARS-SEC-246.870-2(b),DFARS-SEC-246.870-2(ix),HAS_PROVISION
DFARS-SEC-246.870-2(b),DFARS-SEC-246.870-2(x),HAS_PROVISION
DFARS-SEC-246.870-2(b),DFARS-SEC-246.870-2(xi),HAS_PROVISION
DFARS-SEC-246.870-2(b),DFARS-SEC-246.870-2(xii),HAS_PROVISION
DFARS-SUBPART-246.8,DFARS-SEC-246.870-3,HAS_SECTION
DFARS-SEC-246.870-3,DFARS-SEC-246.870-3(a)(1),HAS_PROVISION
DFARS-SEC-246.870-3(a)(1),DFARS-SEC-246.870-3(i),HAS_PROVISION
DFARS-SEC-246.870-3(a)(1),DFARS-SEC-246.870-3(ii),HAS_PROVISION
DFARS-SEC-246.870-3(a)(1),DFARS-SEC-246.870-3(iii),HAS_PROVISION
DFARS-SEC-246.870-3(a)(1),DFARS-SEC-246.870-3(2),HAS_PROVISION
DFARS-SEC-246.870-3,DFARS-SEC-246.870-3(b),HAS_PROVISION
DFARS-SEC-246.870-3(b),DFARS-SEC-246.870-3(1),HAS_PROVISION
DFARS-SEC-246.870-3(b),DFARS-SEC-246.870-3(2)#2,HAS_PROVISION
DFARS-SEC-246.870-3(b),DFARS-SEC-246.870-3(3),HAS_PROVISION
DFARS-PART-247,DFARS-SEC-247.001,HAS_SECTION
DFARS-PART-247,DFARS-SUBPART-247.1,HAS_SUBPART
DFARS-SUBPART-247.1,DFARS-SEC-247.101,HAS_SECTION
DFARS-SEC-247.101,DFARS-SEC-247.101(h),HAS_PROVISION
DFARS-SEC-247.101(h),DFARS-SEC-247.101(i),HAS_PROVISION
DFARS-SEC-247.101(h),DFARS-SEC-247.101(ii),HAS_PROVISION
DFARS-PART-247,DFARS-SUBPART-247.2,HAS_SUBPART
DFARS-SUBPART-247.2,DFARS-SUBPART-247.2-P1,HAS_PROVISION
DFARS-SUBPART-247.2,DFARS-SEC-247.200,HAS_SECTION
DFARS-SUBPART-247.2,DFARS-SEC-247.206,HAS_SECTION
DFARS-SEC-247.206,DFARS-SEC-247.206(1),HAS_PROVISION
DFARS-SEC-247.206,DFARS-SEC-247.206(2),HAS_PROVISION
DFARS-SUBPART-247.2,DFARS-SEC-247.207,HAS_SECTION
DFARS-SEC-247.207,DFARS-SEC-247.207(1),HAS_PROVISION
DFARS-SEC-247.207,DFARS-SEC-247.207(2),HAS_PROVISION
DFARS-SUBPART-247.2,DFARS-SEC-247.270,HAS_SECTION
DFARS-SUBPART-247.2,DFARS-SEC-247.270-1,HAS_SECTION
DFARS-SEC-247.270-1,DFARS-SEC-247.270-1(a),HAS_PROVISION
DFARS-SEC-247.270-1(a),DFARS-SEC-247.270-1(1),HAS_PROVISION
DFARS-SEC-247.270-1(a),DFARS-SEC-247.270-1(2),HAS_PROVISION
DFARS-SEC-247.270-1,DFARS-SEC-247.270-1(b),HAS_PROVISION
DFARS-SEC-247.270-1(b),DFARS-SEC-247.270-1(1)#2,HAS_PROVISION
DFARS-SEC-247.270-1(b),DFARS-SEC-247.270-1(2)#2,HAS_PROVISION
DFARS-SEC-247.270-1,DFARS-SEC-247.270-1(c),HAS_PROVISION
DFARS-SEC-247.270-1(c),DFARS-SEC-247.270-1(1)#3,HAS_PROVISION
DFARS-SEC-247.270-1(c),DFARS-SEC-247.270-1(2)#3,HAS_PROVISION
DFARS-SUBPART-247.2,DFARS-SEC-247.270-2,HAS_SECTION
DFARS-SEC-247.270-2,DFARS-SEC-247.270-2(a),HAS_PROVISION
DFARS-SEC-247.270-2,DFARS-SEC-247.270-2(b),HAS_PROVISION
DFARS-SUBPART-247.2,DFARS-SEC-247.270-3,HAS_SECTION
DFARS-SEC-247.270-3,DFARS-SEC-247.270-3(a),HAS_PROVISION
DFARS-SEC-247.270-3,DFARS-SEC-247.270-3(b),HAS_PROVISION
DFARS-SEC-247.270-3,DFARS-SEC-247.270-3(c),HAS_PROVISION
DFARS-SUBPART-247.2,DFARS-SEC-247.270-4,HAS_SECTION
DFARS-SEC-247.270-4,DFARS-SEC-247.270-4(a),HAS_PROVISION
DFARS-SEC-247.270-4,DFARS-SEC-247.270-4(b),HAS_PROVISION
DFARS-SEC-247.270-4,DFARS-SEC-247.270-4(c),HAS_PROVISION
DFARS-SUBPART-247.2,DFARS-SEC-247.271,HAS_SECTION
DFARS-SUBPART-247.2,DFARS-SEC-247.271-1,HAS_SECTION
DFARS-SEC-247.271-1,DFARS-SEC-247.271-1(a),HAS_PROVISION
DFARS-SEC-247.271-1(a),DFARS-SEC-247.271-1(1),HAS_PROVISION
DFARS-SEC-247.271-1(1),DFARS-SEC-247.271-1(i),HAS_PROVISION
DFARS-SEC-247.271-1(1),DFARS-SEC-247.271-1(ii),HAS_PROVISION
DFARS-SEC-247.271-1(a),DFARS-SEC-247.271-1(2),HAS_PROVISION
DFARS-SEC-247.271-1(a),DFARS-SEC-247.271-1(3),HAS_PROVISION
DFARS-SEC-247.271-1(a),DFARS-SEC-247.271-1(4),HAS_PROVISION
DFARS-SEC-247.271-1,DFARS-SEC-247.271-1(b),HAS_PROVISION
DFARS-SEC-247.271-1(b),DFARS-SEC-247.271-1(1)#2,HAS_PROVISION
DFARS-SEC-247.271-1(b),DFARS-SEC-247.271-1(2)#2,HAS_PROVISION
DFARS-SEC-247.271-1(2)#2,DFARS-SEC-247.271-1(i)#2,HAS_PROVISION
DFARS-SEC-247.271-1(i)#2,DFARS-SEC-247.271-1(A),HAS_PROVISION
DFARS-SEC-247.271-1(i)#2,DFARS-SEC-247.271-1(B),HAS_PROVISION
DFARS-SEC-247.271-1(i)#2,DFARS-SEC-247.271-1(C),HAS_PROVISION
DFARS-SEC-247.271-1(2)#2,DFARS-SEC-247.271-1(ii)#2,HAS_PROVISION
DFARS-SEC-247.271-1,DFARS-SEC-247.271-1(c),HAS_PROVISION
DFARS-SEC-247.271-1(c),DFARS-SEC-247.271-1(1)#3,HAS_PROVISION
DFARS-SEC-247.271-1(c),DFARS-SEC-247.271-1(2)#3,HAS_PROVISION
DFARS-SEC-247.271-1(2)#3,DFARS-SEC-247.271-1(i)#3,HAS_PROVISION
DFARS-SEC-247.271-1(2)#3,DFARS-SEC-247.271-1(ii)#3,HAS_PROVISION
DFARS-SUBPART-247.2,DFARS-SEC-247.271-2,HAS_SECTION
DFARS-SUBPART-247.2,DFARS-SEC-247.271-3,HAS_SECTION
DFARS-SEC-247.271-3,DFARS-SEC-247.271-3(a),HAS_PROVISION
DFARS-SEC-247.271-3,DFARS-SEC-247.271-3(b),HAS_PROVISION
DFARS-SEC-247.271-3,DFARS-SEC-247.271-3(c),HAS_PROVISION
DFARS-SEC-247.271-3,DFARS-SEC-247.271-3(d),HAS_PROVISION
DFARS-SEC-247.271-3,DFARS-SEC-247.271-3(e),HAS_PROVISION
DFARS-PART-247,DFARS-SUBPART-247.3,HAS_SUBPART
DFARS-SUBPART-247.3,DFARS-SEC-247.301,HAS_SECTION
DFARS-SUBPART-247.3,DFARS-SEC-247.301-70,HAS_SECTION
DFARS-SUBPART-247.3,DFARS-SEC-247.301-71,HAS_SECTION
DFARS-SUBPART-247.3,DFARS-SEC-247.305,HAS_SECTION
DFARS-SUBPART-247.3,DFARS-SEC-247.305-10,HAS_SECTION
DFARS-SUBPART-247.3,DFARS-SEC-247.370,HAS_SECTION
DFARS-SUBPART-247.3,DFARS-SEC-247.371,HAS_SECTION
DFARS-SUBPART-247.3,DFARS-SEC-247.372,HAS_SECTION
DFARS-PART-247,DFARS-SUBPART-247.5,HAS_SUBPART
DFARS-SUBPART-247.5,DFARS-SEC-247.570,HAS_SECTION
DFARS-SEC-247.570,DFARS-SEC-247.570(a),HAS_PROVISION
DFARS-SEC-247.570(a),DFARS-SEC-247.570(1),HAS_PROVISION
DFARS-SEC-247.570(a),DFARS-SEC-247.570(2),HAS_PROVISION
DFARS-SEC-247.570(a),DFARS-SEC-247.570(3),HAS_PROVISION
DFARS-SEC-247.570(a),DFARS-SEC-247.570(4),HAS_PROVISION
DFARS-SEC-247.570,DFARS-SEC-247.570(b),HAS_PROVISION
DFARS-SEC-247.570,DFARS-SEC-247.570(c),HAS_PROVISION
DFARS-SEC-247.570(c),DFARS-SEC-247.570(1)#2,HAS_PROVISION
DFARS-SEC-247.570(c),DFARS-SEC-247.570(2)#2,HAS_PROVISION
DFARS-SUBPART-247.5,DFARS-SEC-247.571,HAS_SECTION
DFARS-SEC-247.571,DFARS-SEC-247.571(1),HAS_PROVISION
DFARS-SEC-247.571,DFARS-SEC-247.571(2),HAS_PROVISION
DFARS-SEC-247.571,DFARS-SEC-247.571(1)#2,HAS_PROVISION
DFARS-SEC-247.571,DFARS-SEC-247.571(2)#2,HAS_PROVISION
DFARS-SEC-247.571,DFARS-SEC-247.571(1)#3,HAS_PROVISION
DFARS-SEC-247.571,DFARS-SEC-247.571(2)#3,HAS_PROVISION
DFARS-SUBPART-247.5,DFARS-SEC-247.572,HAS_SECTION
DFARS-SEC-247.572,DFARS-SEC-247.572(a),HAS_PROVISION
DFARS-SEC-247.572(a),DFARS-SEC-247.572(1),HAS_PROVISION
DFARS-SEC-247.572(a),DFARS-SEC-247.572(2),HAS_PROVISION
DFARS-SEC-247.572,DFARS-SEC-247.572(b),HAS_PROVISION
DFARS-SEC-247.572,DFARS-SEC-247.572(c),HAS_PROVISION
DFARS-SEC-247.572(c),DFARS-SEC-247.572(1)#2,HAS_PROVISION
DFARS-SEC-247.572(1)#2,DFARS-SEC-247.572(i),HAS_PROVISION
DFARS-SEC-247.572(i),DFARS-SEC-247.572(A),HAS_PROVISION
DFARS-SEC-247.572(i),DFARS-SEC-247.572(B),HAS_PROVISION
DFARS-SEC-247.572(1)#2,DFARS-SEC-247.572(ii),HAS_PROVISION
DFARS-SEC-247.572(1)#2,DFARS-SEC-247.572(ii)#2,HAS_PROVISION
DFARS-SEC-247.572(c),DFARS-SEC-247.572(2)#2,HAS_PROVISION
DFARS-SEC-247.572,DFARS-SEC-247.572(d),HAS_PROVISION
DFARS-SEC-247.572,DFARS-SEC-247.572(e),HAS_PROVISION
DFARS-SUBPART-247.5,DFARS-SEC-247.573,HAS_SECTION
DFARS-SEC-247.573,DFARS-SEC-247.573(a),HAS_PROVISION
DFARS-SEC-247.573(a),DFARS-SEC-247.573(1),HAS_PROVISION
DFARS-SEC-247.573(a),DFARS-SEC-247.573(2),HAS_PROVISION
DFARS-SEC-247.573,DFARS-SEC-247.573(b),HAS_PROVISION
DFARS-SEC-247.573(b),DFARS-SEC-247.573(1)#2,HAS_PROVISION
DFARS-SEC-247.573(b),DFARS-SEC-247.573(2)#2,HAS_PROVISION
DFARS-SEC-247.573(b),DFARS-SEC-247.573(3),HAS_PROVISION
DFARS-SEC-247.573(b),DFARS-SEC-247.573(4),HAS_PROVISION
DFARS-SEC-247.573(b),DFARS-SEC-247.573(5)(i),HAS_PROVISION
DFARS-SEC-247.573(5)(i),DFARS-SEC-247.573(ii),HAS_PROVISION
DFARS-SUBPART-247.5,DFARS-SEC-247.574,HAS_SECTION
DFARS-SEC-247.574,DFARS-SEC-247.574(a),HAS_PROVISION
DFARS-SEC-247.574(a),DFARS-SEC-247.574(1),HAS_PROVISION
DFARS-SEC-247.574(1),DFARS-SEC-247.574(i),HAS_PROVISION
DFARS-SEC-247.574(1),DFARS-SEC-247.574(ii),HAS_PROVISION
DFARS-SEC-247.574(a),DFARS-SEC-247.574(2),HAS_PROVISION
DFARS-SEC-247.574(a),DFARS-SEC-247.574(3),HAS_PROVISION
DFARS-SEC-247.574,DFARS-SEC-247.574(b),HAS_PROVISION
DFARS-SEC-247.574,DFARS-SEC-247.574(c),HAS_PROVISION
DFARS-SEC-247.574,DFARS-SEC-247.574(d),HAS_PROVISION
DFARS-PART-248,DFARS-SUBPART-248.2,HAS_SUBPART
DFARS-SUBPART-248.2,DFARS-SUBPART-248.2-P1,HAS_PROVISION
DFARS-PART-249,DFARS-SUBPART-249.1,HAS_SUBPART
DFARS-SUBPART-249.1,DFARS-SEC-249.105,HAS_SECTION
DFARS-SUBPART-249.1,DFARS-SEC-249.105-1,HAS_SECTION
DFARS-SUBPART-249.1,DFARS-SEC-249.105-2,HAS_SECTION
DFARS-SUBPART-249.1,DFARS-SEC-249.109,HAS_SECTION
DFARS-SUBPART-249.1,DFARS-SEC-249.109-7,HAS_SECTION
DFARS-SUBPART-249.1,DFARS-SEC-249.109-70,HAS_SECTION
DFARS-SUBPART-249.1,DFARS-SEC-249.110,HAS_SECTION
DFARS-PART-249,DFARS-SUBPART-249.5,HAS_SUBPART
DFARS-SUBPART-249.5,DFARS-SEC-249.501,HAS_SECTION
DFARS-SUBPART-249.5,DFARS-SEC-249.501-70,HAS_SECTION
DFARS-SEC-249.501-70,DFARS-SEC-249.501-70(a),HAS_PROVISION
DFARS-SEC-249.501-70,DFARS-SEC-249.501-70(b),HAS_PROVISION
DFARS-SEC-249.501-70(b),DFARS-SEC-249.501-70(1),HAS_PROVISION
DFARS-SEC-249.501-70(b),DFARS-SEC-249.501-70(2),HAS_PROVISION
DFARS-SEC-249.501-70(2),DFARS-SEC-249.501-70(i),HAS_PROVISION
DFARS-SEC-249.501-70(2),DFARS-SEC-249.501-70(ii),HAS_PROVISION
DFARS-SEC-249.501-70(b),DFARS-SEC-249.501-70(3),HAS_PROVISION
DFARS-SEC-249.501-70,DFARS-SEC-249.501-70(c),HAS_PROVISION
DFARS-SEC-249.501-70,DFARS-SEC-249.501-70(d)(1),HAS_PROVISION
DFARS-SEC-249.501-70(d)(1),DFARS-SEC-249.501-70(i)#2,HAS_PROVISION
DFARS-SEC-249.501-70(d)(1),DFARS-SEC-249.501-70(ii)#2,HAS_PROVISION
DFARS-SEC-249.501-70(d)(1),DFARS-SEC-249.501-70(2)#2,HAS_PROVISION
DFARS-SEC-249.501-70(2)#2,DFARS-SEC-249.501-70(i)#3,HAS_PROVISION
DFARS-SEC-249.501-70(2)#2,DFARS-SEC-249.501-70(ii)#3,HAS_PROVISION
DFARS-SEC-249.501-70(2)#2,DFARS-SEC-249.501-70(iii),HAS_PROVISION
DFARS-PART-249,DFARS-SUBPART-249.70,HAS_SUBPART
DFARS-SUBPART-249.70,DFARS-SEC-249.7000,HAS_SECTION
DFARS-SEC-249.7000,DFARS-SEC-249.7000(a),HAS_PROVISION
DFARS-SEC-249.7000(a),DFARS-SEC-249.7000(1),HAS_PROVISION
DFARS-SEC-249.7000(a),DFARS-SEC-249.7000(2),HAS_PROVISION
DFARS-SEC-249.7000(a),DFARS-SEC-249.7000(3),HAS_PROVISION
DFARS-SEC-249.7000,DFARS-SEC-249.7000(b),HAS_PROVISION
DFARS-SEC-249.7000(b),DFARS-SEC-249.7000(1)#2,HAS_PROVISION
DFARS-SEC-249.7000(b),DFARS-SEC-249.7000(2)#2,HAS_PROVISION
DFARS-SEC-249.7000,DFARS-SEC-249.7000(c)(1),HAS_PROVISION
DFARS-SEC-249.7000(c)(1),DFARS-SEC-249.7000(i),HAS_PROVISION
DFARS-SEC-249.7000(c)(1),DFARS-SEC-249.7000(ii),HAS_PROVISION
DFARS-SEC-249.7000(c)(1),DFARS-SEC-249.7000(2)#3,HAS_PROVISION
DFARS-SEC-249.7000(c)(1),DFARS-SEC-249.7000(3)#2,HAS_PROVISION
DFARS-SEC-249.7000(3)#2,DFARS-SEC-249.7000(i)#2,HAS_PROVISION
DFARS-SEC-249.7000(3)#2,DFARS-SEC-249.7000(ii)#2,HAS_PROVISION
DFARS-SEC-249.7000,DFARS-SEC-249.7000(d),HAS_PROVISION
DFARS-SEC-249.7000,DFARS-SEC-249.7000(e),HAS_PROVISION
DFARS-SEC-249.7000,DFARS-SEC-249.7000(f),HAS_PROVISION
DFARS-SEC-249.7000,DFARS-SEC-249.7000(g),HAS_PROVISION
DFARS-SUBPART-249.70,DFARS-SEC-249.7001,HAS_SECTION
DFARS-SUBPART-249.70,DFARS-SEC-249.7002,HAS_SECTION
DFARS-SUBPART-249.70,DFARS-SEC-249.7003,HAS_SECTION
DFARS-SEC-249.7003,DFARS-SEC-249.7003(a),HAS_PROVISION
DFARS-SEC-249.7003,DFARS-SEC-249.7003(b),HAS_PROVISION
DFARS-SEC-249.7003(b),DFARS-SEC-249.7003(1),HAS_PROVISION
DFARS-SEC-249.7003(b),DFARS-SEC-249.7003(2),HAS_PROVISION
DFARS-SEC-249.7003(2),DFARS-SEC-249.7003(i),HAS_PROVISION
DFARS-SEC-249.7003(2),DFARS-SEC-249.7003(ii),HAS_PROVISION
DFARS-SEC-249.7003,DFARS-SEC-249.7003(c),HAS_PROVISION
DFARS-SEC-249.7003(c),DFARS-SEC-249.7003(1)#2,HAS_PROVISION
DFARS-SEC-249.7003(c),DFARS-SEC-249.7003(2)#2,HAS_PROVISION
DFARS-SEC-249.7003(2)#2,DFARS-SEC-249.7003(i)#2,HAS_PROVISION
DFARS-SEC-249.7003(2)#2,DFARS-SEC-249.7003(ii)#2,HAS_PROVISION
DFARS-SUBPART-249.70,DFARS-SEC-249.7004,HAS_SECTION
DFARS-PART-250,DFARS-SUBPART-250.0,HAS_SUBPART
DFARS-PART-250,DFARS-SUBPART-250.1,HAS_SUBPART
DFARS-SUBPART-250.1,DFARS-SEC-250.100,HAS_SECTION
DFARS-SEC-250.100,DFARS-SEC-250.100(1),HAS_PROVISION
DFARS-SEC-250.100,DFARS-SEC-250.100(2),HAS_PROVISION
DFARS-SUBPART-250.1,DFARS-SEC-250.101,HAS_SECTION
DFARS-SUBPART-250.1,DFARS-SEC-250.101-2,HAS_SECTION
DFARS-SUBPART-250.1,DFARS-SEC-250.101-3,HAS_SECTION
DFARS-SUBPART-250.1,DFARS-SEC-250.102,HAS_SECTION
DFARS-SUBPART-250.1,DFARS-SEC-250.102-1,HAS_SECTION
DFARS-SEC-250.102-1,DFARS-SEC-250.102-1(b),HAS_PROVISION
DFARS-SEC-250.102-1,DFARS-SEC-250.102-1(d),HAS_PROVISION
DFARS-SEC-250.102-1,DFARS-SEC-250.102-1(a),HAS_PROVISION
DFARS-SEC-250.102-1,DFARS-SEC-250.102-1(b)#2,HAS_PROVISION
DFARS-SEC-250.102-1(b)#2,DFARS-SEC-250.102-1(1),HAS_PROVISION
DFARS-SEC-250.102-1(b)#2,DFARS-SEC-250.102-1(2),HAS_PROVISION
DFARS-SEC-250.102-1,DFARS-SEC-250.102-1(c),HAS_PROVISION
DFARS-SUBPART-250.1,DFARS-SEC-250.102-2,HAS_SECTION
DFARS-SUBPART-250.1,DFARS-SEC-250.103,HAS_SECTION
DFARS-SUBPART-250.1,DFARS-SEC-250.103-3,HAS_SECTION
DFARS-SEC-250.103-3,DFARS-SEC-250.103-3(a),HAS_PROVISION
DFARS-SUBPART-250.1,DFARS-SEC-250.103-5,HAS_SECTION
DFARS-SEC-250.103-5,DFARS-SEC-250.103-5(1),HAS_PROVISION
DFARS-SEC-250.103-5,DFARS-SEC-250.103-5(2),HAS_PROVISION
DFARS-SEC-250.103-5,DFARS-SEC-250.103-5(3),HAS_PROVISION
DFARS-SUBPART-250.1,DFARS-SEC-250.103-6,HAS_SECTION
DFARS-SUBPART-250.1,DFARS-SEC-250.104,HAS_SECTION
DFARS-SUBPART-250.1,DFARS-SEC-250.104-3,HAS_SECTION
DFARS-SEC-250.104-3,DFARS-SEC-250.104-3(a),HAS_PROVISION
DFARS-SEC-250.104-3,DFARS-SEC-250.104-3(b),HAS_PROVISION
DFARS-PART-250,DFARS-SUBPART-250.2,HAS_SUBPART
DFARS-PART-250,DFARS-SUBPART-250.3,HAS_SUBPART
DFARS-PART-250,DFARS-SUBPART-250.4,HAS_SUBPART
DFARS-PART-251,DFARS-SUBPART-251.1,HAS_SUBPART
DFARS-SUBPART-251.1,DFARS-SEC-251.101,HAS_SECTION
DFARS-SEC-251.101,DFARS-SEC-251.101(a)(1),HAS_PROVISION
DFARS-SUBPART-251.1,DFARS-SEC-251.102,HAS_SECTION
DFARS-SEC-251.102,DFARS-SEC-251.102(e),HAS_PROVISION
DFARS-SEC-251.102(e),DFARS-SEC-251.102(3)(ii),HAS_PROVISION
DFARS-SEC-251.102,DFARS-SEC-251.102(f),HAS_PROVISION
DFARS-SUBPART-251.1,DFARS-SEC-251.107,HAS_SECTION
DFARS-PART-251,DFARS-SUBPART-251.2,HAS_SUBPART
DFARS-SUBPART-251.2,DFARS-SUBPART-251.2-P1,HAS_PROVISION
DFARS-SUBPART-251.2,DFARS-SEC-251.202,HAS_SECTION
DFARS-SEC-251.202,DFARS-SEC-251.202(a)(2)(A),HAS_PROVISION
DFARS-SEC-251.202(a)(2)(A),DFARS-SEC-251.202(B),HAS_PROVISION
DFARS-SEC-251.202(a)(2)(A),DFARS-SEC-251.202(C),HAS_PROVISION
DFARS-SEC-251.202(a)(2)(A),DFARS-SEC-251.202(5),HAS_PROVISION
DFARS-SUBPART-251.2,DFARS-SEC-251.205,HAS_SECTION
DFARS-SP252.1,DFARS-P252,PART_OF
DFARS-SP252.2,DFARS-P252,PART_OF
DFARS-252.101,DFARS-SP252.1,PART_OF
DFARS-252.101-p1,DFARS-252.101,PART_OF
DFARS-252.101-p2,DFARS-252.101-p1,PART_OF
DFARS-252.103,DFARS-SP252.1,PART_OF
DFARS-252.201,DFARS-SP252.2,PART_OF
DFARS-252.201-7000,DFARS-SP252.2,PART_OF
DFARS-252.201-7000-p1,DFARS-252.201-7000,PART_OF
DFARS-252.201-7000-p2,DFARS-252.201-7000,PART_OF
DFARS-252.203,DFARS-SP252.2,PART_OF
DFARS-252.203-7000,DFARS-SP252.2,PART_OF
DFARS-252.203-7000-p1,DFARS-252.203-7000,PART_OF
DFARS-252.203-7000-p2,DFARS-252.203-7000-p1,PART_OF
DFARS-252.203-7000-p3,DFARS-252.203-7000-p2,PART_OF
DFARS-252.203-7000-p4,DFARS-252.203-7000-p2,PART_OF
DFARS-252.203-7000-p5,DFARS-252.203-7000-p2,PART_OF
DFARS-252.203-7000-p6,DFARS-252.203-7000-p2,PART_OF
DFARS-252.203-7000-p7,DFARS-252.203-7000,PART_OF
DFARS-252.203-7000-p8,DFARS-252.203-7000,PART_OF
DFARS-252.203-7001,DFARS-SP252.2,PART_OF
DFARS-252.203-7001-p1,DFARS-252.203-7001,PART_OF
DFARS-252.203-7001-p2,DFARS-252.203-7001-p1,PART_OF
DFARS-252.203-7001-p3,DFARS-252.203-7001-p2,PART_OF
DFARS-252.203-7001-p4,DFARS-252.203-7001-p2,PART_OF
DFARS-252.203-7001-p5,DFARS-252.203-7001-p2,PART_OF
DFARS-252.203-7001-p6,DFARS-252.203-7001-p1,PART_OF
DFARS-252.203-7001-p7,DFARS-252.203-7001-p1,PART_OF
DFARS-252.203-7001-p8,DFARS-252.203-7001,PART_OF
DFARS-252.203-7001-p9,DFARS-252.203-7001-p8,PART_OF
DFARS-252.203-7001-p10,DFARS-252.203-7001-p8,PART_OF
DFARS-252.203-7001-p11,DFARS-252.203-7001-p8,PART_OF
DFARS-252.203-7001-p12,DFARS-252.203-7001-p8,PART_OF
DFARS-252.203-7001-p13,DFARS-252.203-7001,PART_OF
DFARS-252.203-7001-p14,DFARS-252.203-7001,PART_OF
DFARS-252.203-7001-p15,DFARS-252.203-7001-p14,PART_OF
DFARS-252.203-7001-p16,DFARS-252.203-7001-p14,PART_OF
DFARS-252.203-7001-p17,DFARS-252.203-7001,PART_OF
DFARS-252.203-7001-p18,DFARS-252.203-7001-p17,PART_OF
DFARS-252.203-7001-p19,DFARS-252.203-7001-p17,PART_OF
DFARS-252.203-7001-p20,DFARS-252.203-7001-p17,PART_OF
DFARS-252.203-7001-p21,DFARS-252.203-7001,PART_OF
DFARS-252.203-7001-p22,DFARS-252.203-7001-p21,PART_OF
DFARS-252.203-7001-p23,DFARS-252.203-7001-p21,PART_OF
DFARS-252.203-7001-p24,DFARS-252.203-7001-p21,PART_OF
DFARS-252.203-7001-p25,DFARS-252.203-7001-p21,PART_OF
DFARS-252.203-7001-p26,DFARS-252.203-7001,PART_OF
DFARS-252.203-7001-p27,DFARS-252.203-7001,PART_OF
DFARS-252.203-7002,DFARS-SP252.2,PART_OF
DFARS-252.203-7002-p1,DFARS-252.203-7002,PART_OF
DFARS-252.203-7002-p2,DFARS-252.203-7002,PART_OF
DFARS-252.203-7003,DFARS-SP252.2,PART_OF
DFARS-252.203-7003-p1,DFARS-252.203-7003,PART_OF
DFARS-252.203-7004,DFARS-SP252.2,PART_OF
DFARS-252.203-7004-p1,DFARS-252.203-7004,PART_OF
DFARS-252.203-7004-p2,DFARS-252.203-7004,PART_OF
DFARS-252.203-7004-p3,DFARS-252.203-7004,PART_OF
DFARS-252.203-7004-p4,DFARS-252.203-7004-p3,PART_OF
DFARS-252.203-7004-p5,DFARS-252.203-7004-p3,PART_OF
DFARS-252.203-7004-p6,DFARS-252.203-7004-p5,PART_OF
DFARS-252.203-7004-p7,DFARS-252.203-7004-p5,PART_OF
DFARS-252.203-7004-p8,DFARS-252.203-7004-p3,PART_OF
DFARS-252.203-7004-p9,DFARS-252.203-7004,PART_OF
DFARS-252.203-7004-p10,DFARS-252.203-7004,PART_OF
DFARS-252.203-7005,DFARS-SP252.2,PART_OF
DFARS-252.203-7005-p1,DFARS-252.203-7005,PART_OF
DFARS-252.203-7005-p2,DFARS-252.203-7005,PART_OF
DFARS-252.204,DFARS-SP252.2,PART_OF
DFARS-252.204-7000,DFARS-SP252.2,PART_OF
DFARS-252.204-7000-p1,DFARS-252.204-7000,PART_OF
DFARS-252.204-7000-p2,DFARS-252.204-7000-p1,PART_OF
DFARS-252.204-7000-p3,DFARS-252.204-7000-p1,PART_OF
DFARS-252.204-7000-p4,DFARS-252.204-7000-p1,PART_OF
DFARS-252.204-7000-p5,DFARS-252.204-7000,PART_OF
DFARS-252.204-7000-p6,DFARS-252.204-7000,PART_OF
DFARS-252.204-7001,DFARS-SP252.2,PART_OF
DFARS-252.204-7002,DFARS-SP252.2,PART_OF
DFARS-252.204-7002-p1,DFARS-252.204-7002,PART_OF
DFARS-252.204-7002-p2,DFARS-252.204-7002-p1,PART_OF
DFARS-252.204-7002-p3,DFARS-252.204-7002-p2,PART_OF
DFARS-252.204-7002-p4,DFARS-252.204-7002-p2,PART_OF
DFARS-252.204-7002-p5,DFARS-252.204-7002-p1,PART_OF
DFARS-252.204-7003,DFARS-SP252.2,PART_OF
DFARS-252.204-7003-p1,DFARS-252.204-7003,PART_OF
DFARS-252.204-7004,DFARS-SP252.2,PART_OF
DFARS-252.204-7004-p1,DFARS-252.204-7004,PART_OF
DFARS-252.204-7004-p2,DFARS-252.204-7004,PART_OF
DFARS-252.204-7004-p3,DFARS-252.204-7004,PART_OF
DFARS-252.204-7004-p4,DFARS-252.204-7004-p3,PART_OF
DFARS-252.204-7004-p5,DFARS-252.204-7004-p3,PART_OF
DFARS-252.204-7004-p6,DFARS-252.204-7004,PART_OF
DFARS-252.204-7004-p7,DFARS-252.204-7004,PART_OF
DFARS-252.204-7005,DFARS-SP252.2,PART_OF
DFARS-252.204-7006,DFARS-SP252.2,PART_OF
DFARS-252.204-7006-p1,DFARS-252.204-7006,PART_OF
DFARS-252.204-7006-p2,DFARS-252.204-7006,PART_OF
DFARS-252.204-7006-p3,DFARS-252.204-7006,PART_OF
DFARS-252.204-7007,DFARS-SP252.2,PART_OF
DFARS-252.204-7007-p1,DFARS-252.204-7007,PART_OF
DFARS-252.204-7007-p2,DFARS-252.204-7007-p1,PART_OF
DFARS-252.204-7007-p3,DFARS-252.204-7007-p2,PART_OF
DFARS-252.204-7007-p4,DFARS-252.204-7007-p2,PART_OF
DFARS-252.204-7007-p5,DFARS-252.204-7007-p2,PART_OF
DFARS-252.204-7007-p6,DFARS-252.204-7007-p2,PART_OF
DFARS-252.204-7007-p7,DFARS-252.204-7007-p2,PART_OF
DFARS-252.204-7007-p8,DFARS-252.204-7007-p2,PART_OF
DFARS-252.204-7007-p9,DFARS-252.204-7007-p2,PART_OF
DFARS-252.204-7007-p10,DFARS-252.204-7007-p1,PART_OF
DFARS-252.204-7007-p11,DFARS-252.204-7007,PART_OF
DFARS-252.204-7008,DFARS-SP252.2,PART_OF
DFARS-252.204-7008-p1,DFARS-252.204-7008,PART_OF
DFARS-252.204-7008-p2,DFARS-252.204-7008-p1,PART_OF
DFARS-252.204-7008-p3,DFARS-252.204-7008,PART_OF
DFARS-252.204-7008-p4,DFARS-252.204-7008,PART_OF
DFARS-252.204-7008-p5,DFARS-252.204-7008-p4,PART_OF
DFARS-252.204-7008-p6,DFARS-252.204-7008-p5,PART_OF
DFARS-252.204-7008-p7,DFARS-252.204-7008-p5,PART_OF
DFARS-252.204-7008-p8,DFARS-252.204-7008-p5,PART_OF
DFARS-252.204-7009,DFARS-SP252.2,PART_OF
DFARS-252.204-7009-p1,DFARS-252.204-7009,PART_OF
DFARS-252.204-7009-p2,DFARS-252.204-7009-p1,PART_OF
DFARS-252.204-7009-p3,DFARS-252.204-7009-p1,PART_OF
DFARS-252.204-7009-p4,DFARS-252.204-7009-p1,PART_OF
DFARS-252.204-7009-p5,DFARS-252.204-7009-p4,PART_OF
DFARS-252.204-7009-p6,DFARS-252.204-7009-p4,PART_OF
DFARS-252.204-7009-p7,DFARS-252.204-7009-p1,PART_OF
DFARS-252.204-7009-p8,DFARS-252.204-7009-p1,PART_OF
DFARS-252.204-7009-p9,DFARS-252.204-7009-p1,PART_OF
DFARS-252.204-7009-p10,DFARS-252.204-7009-p1,PART_OF
DFARS-252.204-7009-p11,DFARS-252.204-7009,PART_OF
DFARS-252.204-7009-p12,DFARS-252.204-7009-p11,PART_OF
DFARS-252.204-7009-p13,DFARS-252.204-7009-p11,PART_OF
DFARS-252.204-7009-p14,DFARS-252.204-7009-p11,PART_OF
DFARS-252.204-7009-p15,DFARS-252.204-7009-p11,PART_OF
DFARS-252.204-7009-p16,DFARS-252.204-7009-p11,PART_OF
DFARS-252.204-7009-p17,DFARS-252.204-7009-p16,PART_OF
DFARS-252.204-7009-p18,DFARS-252.204-7009-p16,PART_OF
DFARS-252.204-7009-p19,DFARS-252.204-7009,PART_OF
DFARS-252.204-7010,DFARS-SP252.2,PART_OF
DFARS-252.204-7010-p1,DFARS-252.204-7010,PART_OF
DFARS-252.204-7010-p2,DFARS-252.204-7010-p1,PART_OF
DFARS-252.204-7010-p3,DFARS-252.204-7010-p1,PART_OF
DFARS-252.204-7010-p4,DFARS-252.204-7010-p3,PART_OF
DFARS-252.204-7010-p5,DFARS-252.204-7010-p3,PART_OF
DFARS-252.204-7010-p6,DFARS-252.204-7010-p1,PART_OF
DFARS-252.204-7010-p7,DFARS-252.204-7010,PART_OF
DFARS-252.204-7010-p8,DFARS-252.204-7010-p7,PART_OF
DFARS-252.204-7010-p9,DFARS-252.204-7010-p7,PART_OF
DFARS-252.204-7010-p10,DFARS-252.204-7010,PART_OF
DFARS-252.204-7010-p11,DFARS-252.204-7010-p10,PART_OF
DFARS-252.204-7010-p12,DFARS-252.204-7010-p11,PART_OF
DFARS-252.204-7010-p13,DFARS-252.204-7010-p11,PART_OF
DFARS-252.204-7010-p14,DFARS-252.204-7010-p11,PART_OF
DFARS-252.204-7010-p15,DFARS-252.204-7010-p11,PART_OF
DFARS-252.204-7010-p16,DFARS-252.204-7010-p10,PART_OF
DFARS-252.204-7010-p17,DFARS-252.204-7010,PART_OF
DFARS-252.204-7010-p18,DFARS-252.204-7010-p17,PART_OF
DFARS-252.204-7010-p19,DFARS-252.204-7010-p17,PART_OF
DFARS-252.204-7010-p20,DFARS-252.204-7010-p17,PART_OF
DFARS-252.204-7010-p21,DFARS-252.204-7010,PART_OF
DFARS-252.204-7010-p22,DFARS-252.204-7010,PART_OF
DFARS-252.204-7010-p23,DFARS-252.204-7010,PART_OF
DFARS-252.204-7010-p24,DFARS-252.204-7010,PART_OF
DFARS-252.204-7011,DFARS-SP252.2,PART_OF
DFARS-252.204-7012,DFARS-SP252.2,PART_OF
DFARS-252.204-7012-p1,DFARS-252.204-7012,PART_OF
DFARS-252.204-7012-p2,DFARS-252.204-7012-p1,PART_OF
DFARS-252.204-7012-p3,DFARS-252.204-7012-p1,PART_OF
DFARS-252.204-7012-p4,DFARS-252.204-7012-p1,PART_OF
DFARS-252.204-7012-p5,DFARS-252.204-7012-p1,PART_OF
DFARS-252.204-7012-p6,DFARS-252.204-7012-p1,PART_OF
DFARS-252.204-7012-p7,DFARS-252.204-7012-p1,PART_OF
DFARS-252.204-7012-p8,DFARS-252.204-7012-p7,PART_OF
DFARS-252.204-7012-p9,DFARS-252.204-7012-p7,PART_OF
DFARS-252.204-7012-p10,DFARS-252.204-7012-p1,PART_OF
DFARS-252.204-7012-p11,DFARS-252.204-7012-p1,PART_OF
DFARS-252.204-7012-p12,DFARS-252.204-7012-p1,PART_OF
DFARS-252.204-7012-p13,DFARS-252.204-7012-p1,PART_OF
DFARS-252.204-7012-p14,DFARS-252.204-7012-p1,PART_OF
DFARS-252.204-7012-p15,DFARS-252.204-7012-p1,PART_OF
DFARS-252.204-7012-p16,DFARS-252.204-7012-p1,PART_OF
DFARS-252.204-7012-p17,DFARS-252.204-7012-p1,PART_OF
DFARS-252.204-7012-p18,DFARS-252.204-7012,PART_OF
DFARS-252.204-7012-p19,DFARS-252.204-7012-p18,PART_OF
DFARS-252.204-7012-p20,DFARS-252.204-7012-p19,PART_OF
DFARS-252.204-7012-p21,DFARS-252.204-7012-p19,PART_OF
DFARS-252.204-7012-p22,DFARS-252.204-7012-p18,PART_OF
DFARS-252.204-7012-p23,DFARS-252.204-7012-p22,PART_OF
DFARS-252.204-7012-p24,DFARS-252.204-7012-p23,PART_OF
DFARS-252.204-7012-p25,DFARS-252.204-7012-p23,PART_OF
DFARS-252.204-7012-p26,DFARS-252.204-7012-p23,PART_OF
DFARS-252.204-7012-p27,DFARS-252.204-7012-p18,PART_OF
DFARS-252.204-7012-p28,DFARS-252.204-7012,PART_OF
DFARS-252.204-7012-p29,DFARS-252.204-7012-p28,PART_OF
DFARS-252.204-7012-p30,DFARS-252.204-7012-p29,PART_OF
DFARS-252.204-7012-p31,DFARS-252.204-7012-p30,PART_OF
DFARS-252.204-7012-p32,DFARS-252.204-7012-p29,PART_OF
DFARS-252.204-7012-p33,DFARS-252.204-7012-p29,PART_OF
DFARS-252.204-7012-p34,DFARS-252.204-7012-p28,PART_OF
DFARS-252.204-7012-p35,DFARS-252.204-7012-p28,PART_OF
DFARS-252.204-7012-p36,DFARS-252.204-7012-p28,PART_OF
DFARS-252.204-7012-p37,DFARS-252.204-7012-p28,PART_OF
DFARS-252.204-7012-p38,DFARS-252.204-7012-p28,PART_OF
DFARS-252.204-7012-p39,DFARS-252.204-7012-p38,PART_OF
DFARS-252.204-7012-p40,DFARS-252.204-7012-p38,PART_OF
DFARS-252.204-7012-p41,DFARS-252.204-7012-p38,PART_OF
DFARS-252.204-7012-p42,DFARS-252.204-7012-p38,PART_OF
DFARS-252.204-7012-p43,DFARS-252.204-7012-p38,PART_OF
DFARS-252.204-7012-p44,DFARS-252.204-7012-p38,PART_OF
DFARS-252.204-7012-p45,DFARS-252.204-7012-p28,PART_OF
DFARS-252.204-7012-p46,DFARS-252.204-7012-p28,PART_OF
DFARS-252.204-7012-p47,DFARS-252.204-7012-p28,PART_OF
DFARS-252.204-7012-p48,DFARS-252.204-7012-p28,PART_OF
DFARS-252.204-7012-p49,DFARS-252.204-7012-p48,PART_OF
DFARS-252.204-7012-p50,DFARS-252.204-7012-p48,PART_OF
DFARS-252.204-7012-p51,DFARS-252.204-7012-p50,PART_OF
DFARS-252.204-7012-p52,DFARS-252.204-7012-p50,PART_OF
DFARS-252.204-7013,DFARS-SP252.2,PART_OF
DFARS-252.204-7014,DFARS-SP252.2,PART_OF
DFARS-252.204-7014-p1,DFARS-252.204-7014,PART_OF
DFARS-252.204-7014-p2,DFARS-252.204-7014-p1,PART_OF
DFARS-252.204-7014-p3,DFARS-252.204-7014-p1,PART_OF
DFARS-252.204-7014-p4,DFARS-252.204-7014-p1,PART_OF
DFARS-252.204-7014-p5,DFARS-252.204-7014-p1,PART_OF
DFARS-252.204-7014-p6,DFARS-252.204-7014-p1,PART_OF
DFARS-252.204-7014-p7,DFARS-252.204-7014-p1,PART_OF
DFARS-252.204-7014-p8,DFARS-252.204-7014,PART_OF
DFARS-252.204-7014-p9,DFARS-252.204-7014-p8,PART_OF
DFARS-252.204-7014-p10,DFARS-252.204-7014-p8,PART_OF
DFARS-252.204-7014-p11,DFARS-252.204-7014-p8,PART_OF
DFARS-252.204-7014-p12,DFARS-252.204-7014-p8,PART_OF
DFARS-252.204-7014-p13,DFARS-252.204-7014-p8,PART_OF
DFARS-252.204-7014-p14,DFARS-252.204-7014,PART_OF
DFARS-252.204-7014-p15,DFARS-252.204-7014,PART_OF
DFARS-252.204-7014-p16,DFARS-252.204-7014-p15,PART_OF
DFARS-252.204-7014-p17,DFARS-252.204-7014-p15,PART_OF
DFARS-252.204-7014-p18,DFARS-252.204-7014,PART_OF
DFARS-252.204-7014-p19,DFARS-252.204-7014,PART_OF
DFARS-252.204-7015,DFARS-SP252.2,PART_OF
DFARS-252.204-7015-p1,DFARS-252.204-7015,PART_OF
DFARS-252.204-7015-p2,DFARS-252.204-7015-p1,PART_OF
DFARS-252.204-7015-p3,DFARS-252.204-7015-p1,PART_OF
DFARS-252.204-7015-p4,DFARS-252.204-7015-p1,PART_OF
DFARS-252.204-7015-p5,DFARS-252.204-7015-p1,PART_OF
DFARS-252.204-7015-p6,DFARS-252.204-7015-p1,PART_OF
DFARS-252.204-7015-p7,DFARS-252.204-7015,PART_OF
DFARS-252.204-7015-p8,DFARS-252.204-7015-p7,PART_OF
DFARS-252.204-7015-p9,DFARS-252.204-7015-p7,PART_OF
DFARS-252.204-7015-p10,DFARS-252.204-7015,PART_OF
DFARS-252.204-7016,DFARS-SP252.2,PART_OF
DFARS-252.204-7016-p1,DFARS-252.204-7016,PART_OF
DFARS-252.204-7016-p2,DFARS-252.204-7016,PART_OF
DFARS-252.204-7016-p3,DFARS-252.204-7016,PART_OF
DFARS-252.204-7017,DFARS-SP252.2,PART_OF
DFARS-252.204-7017-p1,DFARS-252.204-7017,PART_OF
DFARS-252.204-7017-p2,DFARS-252.204-7017,PART_OF
DFARS-252.204-7017-p3,DFARS-252.204-7017,PART_OF
DFARS-252.204-7017-p4,DFARS-252.204-7017,PART_OF
DFARS-252.204-7017-p5,DFARS-252.204-7017,PART_OF
DFARS-252.204-7017-p6,DFARS-252.204-7017-p2,PART_OF
DFARS-252.204-7017-p7,DFARS-252.204-7017-p6,PART_OF
DFARS-252.204-7017-p8,DFARS-252.204-7017-p7,PART_OF
DFARS-252.204-7017-p9,DFARS-252.204-7017-p7,PART_OF
DFARS-252.204-7017-p10,DFARS-252.204-7017-p7,PART_OF
DFARS-252.204-7017-p11,DFARS-252.204-7017-p7,PART_OF
DFARS-252.204-7018,DFARS-SP252.2,PART_OF
DFARS-252.204-7018-p1,DFARS-252.204-7018,PART_OF
DFARS-252.204-7018-p2,DFARS-252.204-7018-p1,PART_OF
DFARS-252.204-7018-p3,DFARS-252.204-7018-p2,PART_OF
DFARS-252.204-7018-p4,DFARS-252.204-7018-p2,PART_OF
DFARS-252.204-7018-p5,DFARS-252.204-7018-p2,PART_OF
DFARS-252.204-7018-p6,DFARS-252.204-7018-p1,PART_OF
DFARS-252.204-7018-p7,DFARS-252.204-7018-p6,PART_OF
DFARS-252.204-7018-p8,DFARS-252.204-7018-p6,PART_OF
DFARS-252.204-7018-p9,DFARS-252.204-7018-p1,PART_OF
DFARS-252.204-7018-p10,DFARS-252.204-7018-p9,PART_OF
DFARS-252.204-7018-p11,DFARS-252.204-7018-p9,PART_OF
DFARS-252.204-7018-p12,DFARS-252.204-7018-p1,PART_OF
DFARS-252.204-7018-p13,DFARS-252.204-7018-p12,PART_OF
DFARS-252.204-7018-p14,DFARS-252.204-7018-p12,PART_OF
DFARS-252.204-7018-p15,DFARS-252.204-7018-p14,PART_OF
DFARS-252.204-7018-p16,DFARS-252.204-7018-p14,PART_OF
DFARS-252.204-7018-p17,DFARS-252.204-7018-p12,PART_OF
DFARS-252.204-7018-p18,DFARS-252.204-7018-p12,PART_OF
DFARS-252.204-7018-p19,DFARS-252.204-7018-p12,PART_OF
DFARS-252.204-7018-p20,DFARS-252.204-7018-p12,PART_OF
DFARS-252.204-7018-p21,DFARS-252.204-7018-p1,PART_OF
DFARS-252.204-7018-p22,DFARS-252.204-7018,PART_OF
DFARS-252.204-7018-p23,DFARS-252.204-7018,PART_OF
DFARS-252.204-7018-p24,DFARS-252.204-7018,PART_OF
DFARS-252.204-7018-p25,DFARS-252.204-7018-p24,PART_OF
DFARS-252.204-7018-p26,DFARS-252.204-7018-p24,PART_OF
DFARS-252.204-7018-p27,DFARS-252.204-7018-p26,PART_OF
DFARS-252.204-7018-p28,DFARS-252.204-7018-p26,PART_OF
DFARS-252.204-7018-p29,DFARS-252.204-7018,PART_OF
DFARS-252.204-7019,DFARS-SP252.2,PART_OF
DFARS-252.204-7019-p1,DFARS-252.204-7019,PART_OF
DFARS-252.204-7019-p2,DFARS-252.204-7019-p1,PART_OF
DFARS-252.204-7019-p3,DFARS-252.204-7019-p1,PART_OF
DFARS-252.204-7019-p4,DFARS-252.204-7019,PART_OF
DFARS-252.204-7019-p5,DFARS-252.204-7019,PART_OF
DFARS-252.204-7019-p6,DFARS-252.204-7019-p5,PART_OF
DFARS-252.204-7019-p7,DFARS-252.204-7019,PART_OF
DFARS-252.204-7019-p8,DFARS-252.204-7019-p7,PART_OF
DFARS-252.204-7019-p9,DFARS-252.204-7019-p7,PART_OF
DFARS-252.204-7019-p10,DFARS-252.204-7019-p9,PART_OF
DFARS-252.204-7019-p11,DFARS-252.204-7019-p10,PART_OF
DFARS-252.204-7019-p12,DFARS-252.204-7019-p11,PART_OF
DFARS-252.204-7019-p13,DFARS-252.204-7019-p11,PART_OF
DFARS-252.204-7019-p14,DFARS-252.204-7019-p11,PART_OF
DFARS-252.204-7019-p15,DFARS-252.204-7019-p9,PART_OF
DFARS-252.204-7019-p16,DFARS-252.204-7019-p9,PART_OF
DFARS-252.204-7019-p17,DFARS-252.204-7019-p16,PART_OF
DFARS-252.204-7019-p18,DFARS-252.204-7019-p16,PART_OF
DFARS-252.204-7019-p19,DFARS-252.204-7019-p16,PART_OF
DFARS-252.204-7019-p20,DFARS-252.204-7019-p16,PART_OF
DFARS-252.204-7019-p21,DFARS-252.204-7019-p16,PART_OF
DFARS-252.204-7019-p22,DFARS-252.204-7019-p21,PART_OF
DFARS-252.204-7019-p23,DFARS-252.204-7019-p21,PART_OF
DFARS-252.204-7019-p24,DFARS-252.204-7019-p21,PART_OF
DFARS-252.204-7019-p25,DFARS-252.204-7019-p21,PART_OF
DFARS-252.204-7019-p26,DFARS-252.204-7019-p21,PART_OF
DFARS-252.204-7019-p27,DFARS-252.204-7019-p21,PART_OF
DFARS-252.204-7019-p28,DFARS-252.204-7019-p21,PART_OF
DFARS-252.204-7019-p29,DFARS-252.204-7019-p16,PART_OF
DFARS-252.204-7019-p30,DFARS-252.204-7019-p29,PART_OF
DFARS-252.204-7019-p31,DFARS-252.204-7019-p29,PART_OF
DFARS-252.204-7019-p32,DFARS-252.204-7019-p29,PART_OF
DFARS-252.204-7020,DFARS-SP252.2,PART_OF
DFARS-252.204-7020-p1,DFARS-252.204-7020,PART_OF
DFARS-252.204-7020-p2,DFARS-252.204-7020-p1,PART_OF
DFARS-252.204-7020-p3,DFARS-252.204-7020-p1,PART_OF
DFARS-252.204-7020-p4,DFARS-252.204-7020-p1,PART_OF
DFARS-252.204-7020-p5,DFARS-252.204-7020-p1,PART_OF
DFARS-252.204-7020-p6,DFARS-252.204-7020-p1,PART_OF
DFARS-252.204-7020-p7,DFARS-252.204-7020-p6,PART_OF
DFARS-252.204-7020-p8,DFARS-252.204-7020-p7,PART_OF
DFARS-252.204-7020-p9,DFARS-252.204-7020-p7,PART_OF
DFARS-252.204-7020-p10,DFARS-252.204-7020-p9,PART_OF
DFARS-252.204-7020-p11,DFARS-252.204-7020-p9,PART_OF
DFARS-252.204-7020-p12,DFARS-252.204-7020-p7,PART_OF
DFARS-252.204-7020-p13,DFARS-252.204-7020-p6,PART_OF
DFARS-252.204-7020-p14,DFARS-252.204-7020-p13,PART_OF
DFARS-252.204-7020-p15,DFARS-252.204-7020-p14,PART_OF
DFARS-252.204-7020-p16,DFARS-252.204-7020-p14,PART_OF
DFARS-252.204-7020-p17,DFARS-252.204-7020-p14,PART_OF
DFARS-252.204-7020-p18,DFARS-252.204-7020-p13,PART_OF
DFARS-252.204-7020-p19,DFARS-252.204-7020-p6,PART_OF
DFARS-252.204-7020-p20,DFARS-252.204-7020-p6,PART_OF
DFARS-252.204-7020-p21,DFARS-252.204-7020-p6,PART_OF
DFARS-252.204-7020-p22,DFARS-252.204-7020-p21,PART_OF
DFARS-252.204-7020-p23,DFARS-252.204-7020-p22,PART_OF
DFARS-252.204-7020-p24,DFARS-252.204-7020-p23,PART_OF
DFARS-252.204-7020-p25,DFARS-252.204-7020-p23,PART_OF
DFARS-252.204-7020-p26,DFARS-252.204-7020-p23,PART_OF
DFARS-252.204-7020-p27,DFARS-252.204-7020-p26,PART_OF
DFARS-252.204-7020-p28,DFARS-252.204-7020-p26,PART_OF
DFARS-252.204-7020-p29,DFARS-252.204-7020-p23,PART_OF
DFARS-252.204-7020-p30,DFARS-252.204-7020-p23,PART_OF
DFARS-252.204-7020-p31,DFARS-252.204-7020-p23,PART_OF
DFARS-252.204-7020-p32,DFARS-252.204-7020-p22,PART_OF
DFARS-252.204-7020-p33,DFARS-252.204-7020-p21,PART_OF
DFARS-252.204-7020-p34,DFARS-252.204-7020-p33,PART_OF
DFARS-252.204-7020-p35,DFARS-252.204-7020-p33,PART_OF
DFARS-252.204-7020-p36,DFARS-252.204-7020-p33,PART_OF
DFARS-252.204-7020-p37,DFARS-252.204-7020-p33,PART_OF
DFARS-252.204-7020-p38,DFARS-252.204-7020-p33,PART_OF
DFARS-252.204-7020-p39,DFARS-252.204-7020-p38,PART_OF
DFARS-252.204-7020-p40,DFARS-252.204-7020-p38,PART_OF
DFARS-252.204-7020-p41,DFARS-252.204-7020,PART_OF
DFARS-252.204-7020-p42,DFARS-252.204-7020-p41,PART_OF
DFARS-252.204-7020-p43,DFARS-252.204-7020-p41,PART_OF
DFARS-252.204-7020-p44,DFARS-252.204-7020,PART_OF
DFARS-252.204-7020-p45,DFARS-252.204-7020-p44,PART_OF
DFARS-252.204-7020-p46,DFARS-252.204-7020-p44,PART_OF
DFARS-252.204-7020-p47,DFARS-252.204-7020-p44,PART_OF
DFARS-252.204-7020-p48,DFARS-252.204-7020,PART_OF
DFARS-252.204-7020-p49,DFARS-252.204-7020-p48,PART_OF
DFARS-252.204-7020-p50,DFARS-252.204-7020-p48,PART_OF
DFARS-252.204-7020-p51,DFARS-252.204-7020-p48,PART_OF
DFARS-252.204-7021,DFARS-SP252.2,PART_OF
DFARS-252.204-7021-p1,DFARS-252.204-7021,PART_OF
DFARS-252.204-7021-p2,DFARS-252.204-7021-p1,PART_OF
DFARS-252.204-7021-p3,DFARS-252.204-7021-p1,PART_OF
DFARS-252.204-7021-p4,DFARS-252.204-7021-p3,PART_OF
DFARS-252.204-7021-p5,DFARS-252.204-7021-p4,PART_OF
DFARS-252.204-7021-p6,DFARS-252.204-7021-p5,PART_OF
DFARS-252.204-7021-p7,DFARS-252.204-7021-p6,PART_OF
DFARS-252.204-7021-p8,DFARS-252.204-7021-p5,PART_OF
DFARS-252.204-7021-p9,DFARS-252.204-7021-p8,PART_OF
DFARS-252.204-7021-p10,DFARS-252.204-7021-p8,PART_OF
DFARS-252.204-7021-p11,DFARS-252.204-7021-p4,PART_OF
DFARS-252.204-7021-p12,DFARS-252.204-7021-p11,PART_OF
DFARS-252.204-7021-p13,DFARS-252.204-7021-p12,PART_OF
DFARS-252.204-7021-p14,DFARS-252.204-7021-p12,PART_OF
DFARS-252.204-7021-p15,DFARS-252.204-7021-p11,PART_OF
DFARS-252.204-7021-p16,DFARS-252.204-7021-p15,PART_OF
DFARS-252.204-7021-p17,DFARS-252.204-7021-p15,PART_OF
DFARS-252.204-7021-p18,DFARS-252.204-7021-p11,PART_OF
DFARS-252.204-7021-p19,DFARS-252.204-7021-p18,PART_OF
DFARS-252.204-7021-p20,DFARS-252.204-7021-p18,PART_OF
DFARS-252.204-7021-p21,DFARS-252.204-7021-p4,PART_OF
DFARS-252.204-7021-p22,DFARS-252.204-7021-p1,PART_OF
DFARS-252.204-7021-p23,DFARS-252.204-7021-p22,PART_OF
DFARS-252.204-7021-p24,DFARS-252.204-7021-p22,PART_OF
DFARS-252.204-7021-p25,DFARS-252.204-7021-p22,PART_OF
DFARS-252.204-7021-p26,DFARS-252.204-7021-p22,PART_OF
DFARS-252.204-7021-p27,DFARS-252.204-7021-p22,PART_OF
DFARS-252.204-7021-p28,DFARS-252.204-7021-p22,PART_OF
DFARS-252.204-7021-p29,DFARS-252.204-7021-p22,PART_OF
DFARS-252.204-7021-p30,DFARS-252.204-7021-p1,PART_OF
DFARS-252.204-7021-p31,DFARS-252.204-7021-p1,PART_OF
DFARS-252.204-7021-p32,DFARS-252.204-7021-p1,PART_OF
DFARS-252.204-7021-p33,DFARS-252.204-7021,PART_OF
DFARS-252.204-7021-p34,DFARS-252.204-7021,PART_OF
DFARS-252.204-7021-p35,DFARS-252.204-7021,PART_OF
DFARS-252.204-7021-p36,DFARS-252.204-7021,PART_OF
DFARS-252.204-7021-p37,DFARS-252.204-7021-p36,PART_OF
DFARS-252.204-7021-p38,DFARS-252.204-7021-p36,PART_OF
DFARS-252.204-7021-p39,DFARS-252.204-7021-p36,PART_OF
DFARS-252.204-7021-p40,DFARS-252.204-7021-p36,PART_OF
DFARS-252.204-7021-p41,DFARS-252.204-7021,PART_OF
DFARS-252.204-7021-p42,DFARS-252.204-7021-p41,PART_OF
DFARS-252.204-7021-p43,DFARS-252.204-7021-p42,PART_OF
DFARS-252.204-7021-p44,DFARS-252.204-7021-p42,PART_OF
DFARS-252.204-7021-p45,DFARS-252.204-7021-p41,PART_OF
DFARS-252.204-7021-p46,DFARS-252.204-7021,PART_OF
DFARS-252.204-7021-p47,DFARS-252.204-7021-p46,PART_OF
DFARS-252.204-7021-p48,DFARS-252.204-7021-p46,PART_OF
DFARS-252.204-7022,DFARS-SP252.2,PART_OF
DFARS-252.204-7022-p1,DFARS-252.204-7022,PART_OF
DFARS-252.204-7022-p2,DFARS-252.204-7022,PART_OF
DFARS-252.204-7022-p3,DFARS-252.204-7022,PART_OF
DFARS-252.204-7023,DFARS-SP252.2,PART_OF
DFARS-252.204-7023-p1,DFARS-252.204-7023,PART_OF
DFARS-252.204-7023-p2,DFARS-252.204-7023,PART_OF
DFARS-252.204-7023-p3,DFARS-252.204-7023,PART_OF
DFARS-252.204-7023-p4,DFARS-252.204-7023,PART_OF
DFARS-252.204-7023-p5,DFARS-252.204-7023-p4,PART_OF
DFARS-252.204-7023-p6,DFARS-252.204-7023-p4,PART_OF
DFARS-252.204-7023-p7,DFARS-252.204-7023,PART_OF
DFARS-252.204-7023-p8,DFARS-252.204-7023,PART_OF
DFARS-252.204-7023-p9,DFARS-252.204-7023,PART_OF
DFARS-252.204-7023-p10,DFARS-252.204-7023-p9,PART_OF
DFARS-252.204-7023-p11,DFARS-252.204-7023-p9,PART_OF
DFARS-252.204-7023-p12,DFARS-252.204-7023-p9,PART_OF
DFARS-252.204-7023-p13,DFARS-252.204-7023-p12,PART_OF
DFARS-252.204-7023-p14,DFARS-252.204-7023-p12,PART_OF
DFARS-252.204-7023-p15,DFARS-252.204-7023-p12,PART_OF
DFARS-252.204-7023-p16,DFARS-252.204-7023-p12,PART_OF
DFARS-252.204-7023-p17,DFARS-252.204-7023-p9,PART_OF
DFARS-252.204-7023-p18,DFARS-252.204-7023-p17,PART_OF
DFARS-252.204-7023-p19,DFARS-252.204-7023-p17,PART_OF
DFARS-252.204-7023-p20,DFARS-252.204-7023-p9,PART_OF
DFARS-252.204-7023-p21,DFARS-252.204-7023-p20,PART_OF
DFARS-252.204-7024,DFARS-SP252.2,PART_OF
DFARS-252.204-7024-p1,DFARS-252.204-7024,PART_OF
DFARS-252.204-7024-p2,DFARS-252.204-7024-p1,PART_OF
DFARS-252.204-7024-p3,DFARS-252.204-7024-p1,PART_OF
DFARS-252.204-7024-p4,DFARS-252.204-7024-p1,PART_OF
DFARS-252.204-7024-p5,DFARS-252.204-7024,PART_OF
DFARS-252.204-7024-p6,DFARS-252.204-7024,PART_OF
DFARS-252.204-7024-p7,DFARS-252.204-7024-p6,PART_OF
DFARS-252.204-7024-p8,DFARS-252.204-7024-p6,PART_OF
DFARS-252.204-7024-p9,DFARS-252.204-7024-p6,PART_OF
DFARS-252.204-7024-p10,DFARS-252.204-7024,PART_OF
DFARS-252.204-7024-p11,DFARS-252.204-7024,PART_OF
DFARS-252.204-7025,DFARS-SP252.2,PART_OF
DFARS-252.204-7025-p1,DFARS-252.204-7025,PART_OF
DFARS-252.204-7025-p2,DFARS-252.204-7025-p1,PART_OF
DFARS-252.204-7025-p3,DFARS-252.204-7025-p2,PART_OF
DFARS-252.204-7025-p4,DFARS-252.204-7025-p2,PART_OF
DFARS-252.204-7025-p5,DFARS-252.204-7025,PART_OF
DFARS-252.204-7025-p6,DFARS-252.204-7025,PART_OF
DFARS-252.205,DFARS-SP252.2,PART_OF
DFARS-252.205-7000,DFARS-SP252.2,PART_OF
DFARS-252.205-7000-p1,DFARS-252.205-7000,PART_OF
DFARS-252.205-7000-p2,DFARS-252.205-7000,PART_OF
DFARS-252.205-7000-p3,DFARS-252.205-7000,PART_OF
DFARS-252.205-7000-p4,DFARS-252.205-7000,PART_OF
DFARS-252.206,DFARS-SP252.2,PART_OF
DFARS-252.206-7000,DFARS-SP252.2,PART_OF
DFARS-252.206-7000-p1,DFARS-252.206-7000,PART_OF
DFARS-252.208,DFARS-SP252.2,PART_OF
DFARS-252.208-7000,DFARS-SP252.2,PART_OF
DFARS-252.208-7000-p1,DFARS-252.208-7000,PART_OF
DFARS-252.208-7000-p2,DFARS-252.208-7000,PART_OF
DFARS-252.208-7000-p3,DFARS-252.208-7000,PART_OF
DFARS-252.208-7000-p4,DFARS-252.208-7000,PART_OF
DFARS-252.209,DFARS-SP252.2,PART_OF
DFARS-252.209-7000,DFARS-SP252.2,PART_OF
DFARS-252.209-7001,DFARS-SP252.2,PART_OF
DFARS-252.209-7002,DFARS-SP252.2,PART_OF
DFARS-252.209-7002-p1,DFARS-252.209-7002,PART_OF
DFARS-252.209-7002-p2,DFARS-252.209-7002-p1,PART_OF
DFARS-252.209-7002-p3,DFARS-252.209-7002-p1,PART_OF
DFARS-252.209-7002-p4,DFARS-252.209-7002-p3,PART_OF
DFARS-252.209-7002-p5,DFARS-252.209-7002-p4,PART_OF
DFARS-252.209-7002-p6,DFARS-252.209-7002-p4,PART_OF
DFARS-252.209-7002-p7,DFARS-252.209-7002-p4,PART_OF
DFARS-252.209-7002-p8,DFARS-252.209-7002-p3,PART_OF
DFARS-252.209-7002-p9,DFARS-252.209-7002-p3,PART_OF
DFARS-252.209-7002-p10,DFARS-252.209-7002-p9,PART_OF
DFARS-252.209-7002-p11,DFARS-252.209-7002-p9,PART_OF
DFARS-252.209-7002-p12,DFARS-252.209-7002-p9,PART_OF
DFARS-252.209-7002-p13,DFARS-252.209-7002-p9,PART_OF
DFARS-252.209-7002-p14,DFARS-252.209-7002-p9,PART_OF
DFARS-252.209-7002-p15,DFARS-252.209-7002-p1,PART_OF
DFARS-252.209-7002-p16,DFARS-252.209-7002-p1,PART_OF
DFARS-252.209-7003,DFARS-SP252.2,PART_OF
DFARS-252.209-7004,DFARS-SP252.2,PART_OF
DFARS-252.209-7004-p1,DFARS-252.209-7004,PART_OF
DFARS-252.209-7004-p2,DFARS-252.209-7004,PART_OF
DFARS-252.209-7005,DFARS-SP252.2,PART_OF
DFARS-252.209-7006,DFARS-SP252.2,PART_OF
DFARS-252.209-7006-p1,DFARS-252.209-7006,PART_OF
DFARS-252.209-7006-p2,DFARS-252.209-7006-p1,PART_OF
DFARS-252.209-7006-p3,DFARS-252.209-7006-p2,PART_OF
DFARS-252.209-7006-p4,DFARS-252.209-7006-p2,PART_OF
DFARS-252.209-7006-p5,DFARS-252.209-7006-p4,PART_OF
DFARS-252.209-7006-p6,DFARS-252.209-7006-p4,PART_OF
DFARS-252.209-7006-p7,DFARS-252.209-7006-p4,PART_OF
DFARS-252.209-7006-p8,DFARS-252.209-7006-p2,PART_OF
DFARS-252.209-7006-p9,DFARS-252.209-7006-p2,PART_OF
DFARS-252.209-7006-p10,DFARS-252.209-7006-p2,PART_OF
DFARS-252.209-7007,DFARS-SP252.2,PART_OF
DFARS-252.209-7007-p1,DFARS-252.209-7007,PART_OF
DFARS-252.209-7007-p2,DFARS-252.209-7007-p1,PART_OF
DFARS-252.209-7007-p3,DFARS-252.209-7007-p1,PART_OF
DFARS-252.209-7007-p4,DFARS-252.209-7007-p1,PART_OF
DFARS-252.209-7007-p5,DFARS-252.209-7007,PART_OF
DFARS-252.209-7007-p6,DFARS-252.209-7007,PART_OF
DFARS-252.209-7007-p7,DFARS-252.209-7007,PART_OF
DFARS-252.209-7007-p8,DFARS-252.209-7007,PART_OF
DFARS-252.209-7008,DFARS-SP252.2,PART_OF
DFARS-252.209-7008-p1,DFARS-252.209-7008,PART_OF
DFARS-252.209-7008-p2,DFARS-252.209-7008,PART_OF
DFARS-252.209-7008-p3,DFARS-252.209-7008,PART_OF
DFARS-252.209-7008-p4,DFARS-252.209-7008,PART_OF
DFARS-252.209-7008-p5,DFARS-252.209-7008,PART_OF
DFARS-252.209-7009,DFARS-SP252.2,PART_OF
DFARS-252.209-7009-p1,DFARS-252.209-7009,PART_OF
DFARS-252.209-7009-p2,DFARS-252.209-7009,PART_OF
DFARS-252.209-7009-p3,DFARS-252.209-7009-p2,PART_OF
DFARS-252.209-7009-p4,DFARS-252.209-7009-p2,PART_OF
DFARS-252.209-7009-p5,DFARS-252.209-7009,PART_OF
DFARS-252.209-7009-p6,DFARS-252.209-7009,PART_OF
DFARS-252.209-7009-p7,DFARS-252.209-7009,PART_OF
DFARS-252.209-7010,DFARS-SP252.2,PART_OF
DFARS-252.209-7010-p1,DFARS-252.209-7010,PART_OF
DFARS-252.209-7010-p2,DFARS-252.209-7010-p1,PART_OF
DFARS-252.209-7010-p3,DFARS-252.209-7010-p2,PART_OF
DFARS-252.209-7010-p4,DFARS-252.209-7010-p2,PART_OF
DFARS-252.209-7010-p5,DFARS-252.209-7010-p2,PART_OF
DFARS-252.209-7010-p6,DFARS-252.209-7010-p1,PART_OF
DFARS-252.209-7010-p7,DFARS-252.209-7010-p6,PART_OF
DFARS-252.209-7010-p8,DFARS-252.209-7010-p6,PART_OF
DFARS-252.209-7010-p9,DFARS-252.209-7010-p1,PART_OF
DFARS-252.209-7010-p10,DFARS-252.209-7010-p9,PART_OF
DFARS-252.209-7010-p11,DFARS-252.209-7010-p9,PART_OF
DFARS-252.209-7010-p12,DFARS-252.209-7010,PART_OF
DFARS-252.209-7010-p13,DFARS-252.209-7010,PART_OF
DFARS-252.209-7011,DFARS-SP252.2,PART_OF
DFARS-252.209-7011-p1,DFARS-252.209-7011,PART_OF
DFARS-252.209-7011-p2,DFARS-252.209-7011-p1,PART_OF
DFARS-252.209-7011-p3,DFARS-252.209-7011-p1,PART_OF
DFARS-252.209-7011-p4,DFARS-252.209-7011-p3,PART_OF
DFARS-252.209-7011-p5,DFARS-252.209-7011-p3,PART_OF
DFARS-252.209-7011-p6,DFARS-252.209-7011-p1,PART_OF
DFARS-252.209-7011-p7,DFARS-252.209-7011-p1,PART_OF
DFARS-252.209-7011-p8,DFARS-252.209-7011,PART_OF
DFARS-252.209-7011-p9,DFARS-252.209-7011,PART_OF
DFARS-252.209-7011-p10,DFARS-252.209-7011-p9,PART_OF
DFARS-252.209-7011-p11,DFARS-252.209-7011-p9,PART_OF
DFARS-252.209-7012,DFARS-SP252.2,PART_OF
DFARS-252.209-7012-p1,DFARS-252.209-7012,PART_OF
DFARS-252.209-7012-p2,DFARS-252.209-7012-p1,PART_OF
DFARS-252.209-7012-p3,DFARS-252.209-7012-p2,PART_OF
DFARS-252.209-7012-p4,DFARS-252.209-7012-p2,PART_OF
DFARS-252.209-7012-p5,DFARS-252.209-7012-p1,PART_OF
DFARS-252.209-7012-p6,DFARS-252.209-7012-p5,PART_OF
DFARS-252.209-7012-p7,DFARS-252.209-7012-p5,PART_OF
DFARS-252.209-7012-p8,DFARS-252.209-7012-p5,PART_OF
DFARS-252.209-7012-p9,DFARS-252.209-7012-p5,PART_OF
DFARS-252.209-7012-p10,DFARS-252.209-7012-p5,PART_OF
DFARS-252.209-7012-p11,DFARS-252.209-7012-p5,PART_OF
DFARS-252.209-7012-p12,DFARS-252.209-7012-p1,PART_OF
DFARS-252.209-7012-p13,DFARS-252.209-7012-p1,PART_OF
DFARS-252.209-7012-p14,DFARS-252.209-7012-p13,PART_OF
DFARS-252.209-7012-p15,DFARS-252.209-7012-p13,PART_OF
DFARS-252.209-7012-p16,DFARS-252.209-7012-p13,PART_OF
DFARS-252.209-7012-p17,DFARS-252.209-7012-p16,PART_OF
DFARS-252.209-7012-p18,DFARS-252.209-7012-p16,PART_OF
DFARS-252.209-7012-p19,DFARS-252.209-7012-p16,PART_OF
DFARS-252.209-7012-p20,DFARS-252.209-7012-p16,PART_OF
DFARS-252.209-7012-p21,DFARS-252.209-7012-p13,PART_OF
DFARS-252.209-7012-p22,DFARS-252.209-7012-p21,PART_OF
DFARS-252.209-7012-p23,DFARS-252.209-7012-p21,PART_OF
DFARS-252.209-7012-p24,DFARS-252.209-7012-p21,PART_OF
DFARS-252.209-7012-p25,DFARS-252.209-7012-p21,PART_OF
DFARS-252.209-7012-p26,DFARS-252.209-7012-p13,PART_OF
DFARS-252.209-7012-p27,DFARS-252.209-7012-p13,PART_OF
DFARS-252.209-7012-p28,DFARS-252.209-7012,PART_OF
DFARS-252.209-7012-p29,DFARS-252.209-7012-p28,PART_OF
DFARS-252.209-7012-p30,DFARS-252.209-7012-p28,PART_OF
DFARS-252.209-7012-p31,DFARS-252.209-7012,PART_OF
DFARS-252.209-7012-p32,DFARS-252.209-7012-p31,PART_OF
DFARS-252.209-7012-p33,DFARS-252.209-7012-p31,PART_OF
DFARS-252.209-7012-p34,DFARS-252.209-7012,PART_OF
DFARS-252.209-7012-p35,DFARS-252.209-7012-p34,PART_OF
DFARS-252.209-7012-p36,DFARS-252.209-7012-p35,PART_OF
DFARS-252.209-7012-p37,DFARS-252.209-7012-p35,PART_OF
DFARS-252.209-7012-p38,DFARS-252.209-7012-p35,PART_OF
DFARS-252.209-7012-p39,DFARS-252.209-7012-p35,PART_OF
DFARS-252.209-7012-p40,DFARS-252.209-7012-p34,PART_OF
DFARS-252.209-7998,DFARS-SP252.2,PART_OF
DFARS-252.209-7999,DFARS-SP252.2,PART_OF
DFARS-252.211,DFARS-SP252.2,PART_OF
DFARS-252.211-7000,DFARS-SP252.2,PART_OF
DFARS-252.211-7001,DFARS-SP252.2,PART_OF
DFARS-252.211-7002,DFARS-SP252.2,PART_OF
DFARS-252.211-7002-p1,DFARS-252.211-7002,PART_OF
DFARS-252.211-7003,DFARS-SP252.2,PART_OF
DFARS-252.211-7003-p1,DFARS-252.211-7003,PART_OF
DFARS-252.211-7003-p2,DFARS-252.211-7003-p1,PART_OF
DFARS-252.211-7003-p3,DFARS-252.211-7003-p1,PART_OF
DFARS-252.211-7003-p4,DFARS-252.211-7003-p3,PART_OF
DFARS-252.211-7003-p5,DFARS-252.211-7003-p3,PART_OF
DFARS-252.211-7003-p6,DFARS-252.211-7003-p3,PART_OF
DFARS-252.211-7003-p7,DFARS-252.211-7003-p3,PART_OF
DFARS-252.211-7003-p8,DFARS-252.211-7003-p3,PART_OF
DFARS-252.211-7003-p9,DFARS-252.211-7003-p3,PART_OF
DFARS-252.211-7003-p10,DFARS-252.211-7003-p3,PART_OF
DFARS-252.211-7003-p11,DFARS-252.211-7003-p3,PART_OF
DFARS-252.211-7003-p12,DFARS-252.211-7003-p3,PART_OF
DFARS-252.211-7003-p13,DFARS-252.211-7003-p12,PART_OF
DFARS-252.211-7003-p14,DFARS-252.211-7003-p12,PART_OF
DFARS-252.211-7003-p15,DFARS-252.211-7003-p12,PART_OF
DFARS-252.211-7003-p16,DFARS-252.211-7003-p3,PART_OF
DFARS-252.211-7003-p17,DFARS-252.211-7003-p3,PART_OF
DFARS-252.211-7003-p18,DFARS-252.211-7003-p3,PART_OF
DFARS-252.211-7003-p19,DFARS-252.211-7003-p3,PART_OF
DFARS-252.211-7003-p20,DFARS-252.211-7003-p3,PART_OF
DFARS-252.211-7003-p21,DFARS-252.211-7003-p3,PART_OF
DFARS-252.211-7003-p22,DFARS-252.211-7003-p3,PART_OF
DFARS-252.211-7003-p23,DFARS-252.211-7003-p3,PART_OF
DFARS-252.211-7003-p24,DFARS-252.211-7003-p3,PART_OF
DFARS-252.211-7003-p25,DFARS-252.211-7003-p3,PART_OF
DFARS-252.211-7003-p26,DFARS-252.211-7003-p3,PART_OF
DFARS-252.211-7003-p27,DFARS-252.211-7003-p3,PART_OF
DFARS-252.211-7003-p28,DFARS-252.211-7003-p3,PART_OF
DFARS-252.211-7003-p29,DFARS-252.211-7003-p1,PART_OF
DFARS-252.211-7003-p30,DFARS-252.211-7003,PART_OF
DFARS-252.211-7003-p31,DFARS-252.211-7003,PART_OF
DFARS-252.211-7003-p32,DFARS-252.211-7003-p31,PART_OF
DFARS-252.211-7003-p33,DFARS-252.211-7003-p32,PART_OF
DFARS-252.211-7003-p34,DFARS-252.211-7003-p32,PART_OF
DFARS-252.211-7003-p35,DFARS-252.211-7003-p31,PART_OF
DFARS-252.211-7003-p36,DFARS-252.211-7003-p35,PART_OF
DFARS-252.211-7003-p37,DFARS-252.211-7003-p35,PART_OF
DFARS-252.211-7003-p38,DFARS-252.211-7003-p31,PART_OF
DFARS-252.211-7003-p39,DFARS-252.211-7003-p31,PART_OF
DFARS-252.211-7003-p40,DFARS-252.211-7003-p31,PART_OF
DFARS-252.211-7003-p41,DFARS-252.211-7003-p40,PART_OF
DFARS-252.211-7003-p42,DFARS-252.211-7003-p41,PART_OF
DFARS-252.211-7003-p43,DFARS-252.211-7003-p41,PART_OF
DFARS-252.211-7003-p44,DFARS-252.211-7003-p41,PART_OF
DFARS-252.211-7003-p45,DFARS-252.211-7003-p40,PART_OF
DFARS-252.211-7003-p46,DFARS-252.211-7003-p31,PART_OF
DFARS-252.211-7003-p47,DFARS-252.211-7003-p46,PART_OF
DFARS-252.211-7003-p48,DFARS-252.211-7003-p47,PART_OF
DFARS-252.211-7003-p49,DFARS-252.211-7003-p48,PART_OF
DFARS-252.211-7003-p50,DFARS-252.211-7003-p48,PART_OF
DFARS-252.211-7003-p51,DFARS-252.211-7003-p48,PART_OF
DFARS-252.211-7003-p52,DFARS-252.211-7003-p47,PART_OF
DFARS-252.211-7003-p53,DFARS-252.211-7003-p47,PART_OF
DFARS-252.211-7003-p54,DFARS-252.211-7003-p47,PART_OF
DFARS-252.211-7003-p55,DFARS-252.211-7003-p46,PART_OF
DFARS-252.211-7003-p56,DFARS-252.211-7003-p55,PART_OF
DFARS-252.211-7003-p57,DFARS-252.211-7003-p55,PART_OF
DFARS-252.211-7003-p58,DFARS-252.211-7003,PART_OF
DFARS-252.211-7003-p59,DFARS-252.211-7003-p58,PART_OF
DFARS-252.211-7003-p60,DFARS-252.211-7003-p58,PART_OF
DFARS-252.211-7003-p61,DFARS-252.211-7003-p58,PART_OF
DFARS-252.211-7003-p62,DFARS-252.211-7003-p58,PART_OF
DFARS-252.211-7003-p63,DFARS-252.211-7003-p58,PART_OF
DFARS-252.211-7003-p64,DFARS-252.211-7003-p58,PART_OF
DFARS-252.211-7003-p65,DFARS-252.211-7003-p58,PART_OF
DFARS-252.211-7003-p66,DFARS-252.211-7003-p58,PART_OF
DFARS-252.211-7003-p67,DFARS-252.211-7003-p58,PART_OF
DFARS-252.211-7003-p68,DFARS-252.211-7003-p58,PART_OF
DFARS-252.211-7003-p69,DFARS-252.211-7003-p58,PART_OF
DFARS-252.211-7003-p70,DFARS-252.211-7003-p58,PART_OF
DFARS-252.211-7003-p71,DFARS-252.211-7003-p58,PART_OF
DFARS-252.211-7003-p72,DFARS-252.211-7003-p58,PART_OF
DFARS-252.211-7003-p73,DFARS-252.211-7003,PART_OF
DFARS-252.211-7003-p74,DFARS-252.211-7003-p73,PART_OF
DFARS-252.211-7003-p75,DFARS-252.211-7003-p73,PART_OF
DFARS-252.211-7003-p76,DFARS-252.211-7003-p73,PART_OF
DFARS-252.211-7003-p77,DFARS-252.211-7003-p73,PART_OF
DFARS-252.211-7003-p78,DFARS-252.211-7003-p73,PART_OF
DFARS-252.211-7003-p79,DFARS-252.211-7003-p73,PART_OF
DFARS-252.211-7003-p80,DFARS-252.211-7003-p73,PART_OF
DFARS-252.211-7003-p81,DFARS-252.211-7003-p73,PART_OF
DFARS-252.211-7003-p82,DFARS-252.211-7003-p73,PART_OF
DFARS-252.211-7003-p83,DFARS-252.211-7003-p73,PART_OF
DFARS-252.211-7003-p84,DFARS-252.211-7003-p73,PART_OF
DFARS-252.211-7003-p85,DFARS-252.211-7003,PART_OF
DFARS-252.211-7003-p86,DFARS-252.211-7003-p85,PART_OF
DFARS-252.211-7003-p87,DFARS-252.211-7003-p85,PART_OF
DFARS-252.211-7003-p88,DFARS-252.211-7003-p87,PART_OF
DFARS-252.211-7003-p89,DFARS-252.211-7003-p87,PART_OF
DFARS-252.211-7003-p90,DFARS-252.211-7003-p87,PART_OF
DFARS-252.211-7003-p91,DFARS-252.211-7003,PART_OF
DFARS-252.211-7004,DFARS-SP252.2,PART_OF
DFARS-252.211-7005,DFARS-SP252.2,PART_OF
DFARS-252.211-7006,DFARS-SP252.2,PART_OF
DFARS-252.211-7007,DFARS-SP252.2,PART_OF
DFARS-252.211-7008,DFARS-SP252.2,PART_OF
DFARS-252.211-7008-p1,DFARS-252.211-7008,PART_OF
DFARS-252.211-7008-p2,DFARS-252.211-7008-p1,PART_OF
DFARS-252.211-7008-p3,DFARS-252.211-7008-p1,PART_OF
DFARS-252.211-7008-p4,DFARS-252.211-7008-p1,PART_OF
DFARS-252.211-7008-p5,DFARS-252.211-7008,PART_OF
DFARS-252.211-7008-p6,DFARS-252.211-7008,PART_OF
DFARS-252.211-7008-p7,DFARS-252.211-7008,PART_OF
DFARS-252.212,DFARS-SP252.2,PART_OF
DFARS-252.212-7000,DFARS-SP252.2,PART_OF
DFARS-252.212-7001,DFARS-SP252.2,PART_OF
DFARS-252.212-7002,DFARS-SP252.2,PART_OF
DFARS-252.213,DFARS-SP252.2,PART_OF
DFARS-252.213-7000,DFARS-SP252.2,PART_OF
DFARS-252.215,DFARS-SP252.2,PART_OF
DFARS-252.215-7000,DFARS-SP252.2,PART_OF
DFARS-252.215-7001,DFARS-SP252.2,PART_OF
DFARS-252.215-7002,DFARS-SP252.2,PART_OF
DFARS-252.215-7002-p1,DFARS-252.215-7002,PART_OF
DFARS-252.215-7002-p2,DFARS-252.215-7002-p1,PART_OF
DFARS-252.215-7002-p3,DFARS-252.215-7002-p2,PART_OF
DFARS-252.215-7002-p4,DFARS-252.215-7002-p2,PART_OF
DFARS-252.215-7002-p5,DFARS-252.215-7002-p2,PART_OF
DFARS-252.215-7002-p6,DFARS-252.215-7002-p2,PART_OF
DFARS-252.215-7002-p7,DFARS-252.215-7002-p1,PART_OF
DFARS-252.215-7002-p8,DFARS-252.215-7002-p7,PART_OF
DFARS-252.215-7002-p9,DFARS-252.215-7002-p7,PART_OF
DFARS-252.215-7002-p10,DFARS-252.215-7002-p7,PART_OF
DFARS-252.215-7002-p11,DFARS-252.215-7002-p7,PART_OF
DFARS-252.215-7002-p12,DFARS-252.215-7002-p7,PART_OF
DFARS-252.215-7002-p13,DFARS-252.215-7002-p1,PART_OF
DFARS-252.215-7002-p14,DFARS-252.215-7002-p13,PART_OF
DFARS-252.215-7002-p15,DFARS-252.215-7002-p13,PART_OF
DFARS-252.215-7002-p16,DFARS-252.215-7002,PART_OF
DFARS-252.215-7002-p17,DFARS-252.215-7002,PART_OF
DFARS-252.215-7002-p18,DFARS-252.215-7002-p17,PART_OF
DFARS-252.215-7002-p19,DFARS-252.215-7002-p17,PART_OF
DFARS-252.215-7002-p20,DFARS-252.215-7002-p19,PART_OF
DFARS-252.215-7002-p21,DFARS-252.215-7002-p19,PART_OF
DFARS-252.215-7002-p22,DFARS-252.215-7002,PART_OF
DFARS-252.215-7002-p23,DFARS-252.215-7002-p22,PART_OF
DFARS-252.215-7002-p24,DFARS-252.215-7002-p22,PART_OF
DFARS-252.215-7002-p25,DFARS-252.215-7002-p24,PART_OF
DFARS-252.215-7002-p26,DFARS-252.215-7002-p24,PART_OF
DFARS-252.215-7002-p27,DFARS-252.215-7002-p22,PART_OF
DFARS-252.215-7002-p28,DFARS-252.215-7002-p27,PART_OF
DFARS-252.215-7002-p29,DFARS-252.215-7002-p27,PART_OF
DFARS-252.215-7002-p30,DFARS-252.215-7002-p22,PART_OF
DFARS-252.215-7002-p31,DFARS-252.215-7002-p30,PART_OF
DFARS-252.215-7002-p32,DFARS-252.215-7002-p30,PART_OF
DFARS-252.215-7002-p33,DFARS-252.215-7002-p30,PART_OF
DFARS-252.215-7002-p34,DFARS-252.215-7002-p30,PART_OF
DFARS-252.215-7002-p35,DFARS-252.215-7002-p30,PART_OF
DFARS-252.215-7002-p36,DFARS-252.215-7002-p30,PART_OF
DFARS-252.215-7002-p37,DFARS-252.215-7002-p30,PART_OF
DFARS-252.215-7002-p38,DFARS-252.215-7002-p30,PART_OF
DFARS-252.215-7002-p39,DFARS-252.215-7002-p30,PART_OF
DFARS-252.215-7002-p40,DFARS-252.215-7002-p30,PART_OF
DFARS-252.215-7002-p41,DFARS-252.215-7002-p30,PART_OF
DFARS-252.215-7002-p42,DFARS-252.215-7002-p30,PART_OF
DFARS-252.215-7002-p43,DFARS-252.215-7002-p30,PART_OF
DFARS-252.215-7002-p44,DFARS-252.215-7002-p30,PART_OF
DFARS-252.215-7002-p45,DFARS-252.215-7002-p30,PART_OF
DFARS-252.215-7002-p46,DFARS-252.215-7002-p30,PART_OF
DFARS-252.215-7002-p47,DFARS-252.215-7002-p30,PART_OF
DFARS-252.215-7002-p48,DFARS-252.215-7002,PART_OF
DFARS-252.215-7002-p49,DFARS-252.215-7002-p48,PART_OF
DFARS-252.215-7002-p50,DFARS-252.215-7002-p48,PART_OF
DFARS-252.215-7002-p51,DFARS-252.215-7002-p48,PART_OF
DFARS-252.215-7002-p52,DFARS-252.215-7002-p51,PART_OF
DFARS-252.215-7002-p53,DFARS-252.215-7002-p51,PART_OF
DFARS-252.215-7002-p54,DFARS-252.215-7002-p51,PART_OF
DFARS-252.215-7002-p55,DFARS-252.215-7002,PART_OF
DFARS-252.215-7002-p56,DFARS-252.215-7002,PART_OF
DFARS-252.215-7003,DFARS-SP252.2,PART_OF
DFARS-252.215-7003-p1,DFARS-252.215-7003,PART_OF
DFARS-252.215-7003-p2,DFARS-252.215-7003,PART_OF
DFARS-252.215-7003-p3,DFARS-252.215-7003-p2,PART_OF
DFARS-252.215-7003-p4,DFARS-252.215-7003-p2,PART_OF
DFARS-252.215-7003-p5,DFARS-252.215-7003-p2,PART_OF
DFARS-252.215-7003-p6,DFARS-252.215-7003,PART_OF
DFARS-252.215-7004,DFARS-SP252.2,PART_OF
DFARS-252.215-7004-p1,DFARS-252.215-7004,PART_OF
DFARS-252.215-7004-p2,DFARS-252.215-7004,PART_OF
DFARS-252.215-7004-p3,DFARS-252.215-7004,PART_OF
DFARS-252.215-7004-p4,DFARS-252.215-7004-p3,PART_OF
DFARS-252.215-7004-p5,DFARS-252.215-7004-p3,PART_OF
DFARS-252.215-7004-p6,DFARS-252.215-7004-p3,PART_OF
DFARS-252.215-7005,DFARS-SP252.2,PART_OF
DFARS-252.215-7006,DFARS-SP252.2,PART_OF
DFARS-252.215-7006-p1,DFARS-252.215-7006,PART_OF
DFARS-252.215-7006-p2,DFARS-252.215-7006,PART_OF
DFARS-252.215-7006-p3,DFARS-252.215-7006-p2,PART_OF
DFARS-252.215-7006-p4,DFARS-252.215-7006-p2,PART_OF
DFARS-252.215-7007,DFARS-SP252.2,PART_OF
DFARS-252.215-7007-p1,DFARS-252.215-7007,PART_OF
DFARS-252.215-7008,DFARS-SP252.2,PART_OF
DFARS-252.215-7008-p1,DFARS-252.215-7008,PART_OF
DFARS-252.215-7008-p2,DFARS-252.215-7008-p1,PART_OF
DFARS-252.215-7008-p3,DFARS-252.215-7008-p1,PART_OF
DFARS-252.215-7008-p4,DFARS-252.215-7008,PART_OF
DFARS-252.215-7008-p5,DFARS-252.215-7008-p4,PART_OF
DFARS-252.215-7008-p6,DFARS-252.215-7008-p4,PART_OF
DFARS-252.215-7008-p7,DFARS-252.215-7008-p4,PART_OF
DFARS-252.215-7008-p8,DFARS-252.215-7008-p4,PART_OF
DFARS-252.215-7008-p9,DFARS-252.215-7008,PART_OF
DFARS-252.215-7009,DFARS-SP252.2,PART_OF
DFARS-252.215-7009-p1,DFARS-252.215-7009,PART_OF
DFARS-252.215-7009-p2,DFARS-252.215-7009-p1,PART_OF
DFARS-252.215-7009-p3,DFARS-252.215-7009-p1,PART_OF
DFARS-252.215-7009-p4,DFARS-252.215-7009-p1,PART_OF
DFARS-252.215-7009-p5,DFARS-252.215-7009-p1,PART_OF
DFARS-252.215-7009-p6,DFARS-252.215-7009-p1,PART_OF
DFARS-252.215-7009-p7,DFARS-252.215-7009-p1,PART_OF
DFARS-252.215-7009-p8,DFARS-252.215-7009-p1,PART_OF
DFARS-252.215-7009-p9,DFARS-252.215-7009-p1,PART_OF
DFARS-252.215-7010,DFARS-SP252.2,PART_OF
DFARS-252.215-7010-p1,DFARS-252.215-7010,PART_OF
DFARS-252.215-7010-p2,DFARS-252.215-7010-p1,PART_OF
DFARS-252.215-7010-p3,DFARS-252.215-7010-p1,PART_OF
DFARS-252.215-7010-p4,DFARS-252.215-7010-p1,PART_OF
DFARS-252.215-7010-p5,DFARS-252.215-7010-p1,PART_OF
DFARS-252.215-7010-p6,DFARS-252.215-7010,PART_OF
DFARS-252.215-7010-p7,DFARS-252.215-7010-p6,PART_OF
DFARS-252.215-7010-p8,DFARS-252.215-7010-p7,PART_OF
DFARS-252.215-7010-p9,DFARS-252.215-7010-p7,PART_OF
DFARS-252.215-7010-p10,DFARS-252.215-7010-p9,PART_OF
DFARS-252.215-7010-p11,DFARS-252.215-7010-p9,PART_OF
DFARS-252.215-7010-p12,DFARS-252.215-7010-p11,PART_OF
DFARS-252.215-7010-p13,DFARS-252.215-7010-p11,PART_OF
DFARS-252.215-7010-p14,DFARS-252.215-7010-p13,PART_OF
DFARS-252.215-7010-p15,DFARS-252.215-7010-p13,PART_OF
DFARS-252.215-7010-p16,DFARS-252.215-7010-p11,PART_OF
DFARS-252.215-7010-p17,DFARS-252.215-7010-p11,PART_OF
DFARS-252.215-7010-p18,DFARS-252.215-7010-p17,PART_OF
DFARS-252.215-7010-p19,DFARS-252.215-7010-p17,PART_OF
DFARS-252.215-7010-p20,DFARS-252.215-7010-p9,PART_OF
DFARS-252.215-7010-p21,DFARS-252.215-7010-p20,PART_OF
DFARS-252.215-7010-p22,DFARS-252.215-7010-p20,PART_OF
DFARS-252.215-7010-p23,DFARS-252.215-7010-p9,PART_OF
DFARS-252.215-7010-p24,DFARS-252.215-7010-p9,PART_OF
DFARS-252.215-7010-p25,DFARS-252.215-7010-p9,PART_OF
DFARS-252.215-7010-p26,DFARS-252.215-7010-p7,PART_OF
DFARS-252.215-7010-p27,DFARS-252.215-7010,PART_OF
DFARS-252.215-7010-p28,DFARS-252.215-7010-p27,PART_OF
DFARS-252.215-7010-p29,DFARS-252.215-7010-p27,PART_OF
DFARS-252.215-7010-p30,DFARS-252.215-7010-p27,PART_OF
DFARS-252.215-7010-p31,DFARS-252.215-7010,PART_OF
DFARS-252.215-7010-p32,DFARS-252.215-7010-p31,PART_OF
DFARS-252.215-7010-p33,DFARS-252.215-7010-p31,PART_OF
DFARS-252.215-7010-p34,DFARS-252.215-7010-p31,PART_OF
DFARS-252.215-7010-p35,DFARS-252.215-7010-p1,PART_OF
DFARS-252.215-7010-p36,DFARS-252.215-7010-p35,PART_OF
DFARS-252.215-7010-p37,DFARS-252.215-7010-p35,PART_OF
DFARS-252.215-7010-p38,DFARS-252.215-7010-p37,PART_OF
DFARS-252.215-7010-p39,DFARS-252.215-7010-p37,PART_OF
DFARS-252.215-7010-p40,DFARS-252.215-7010-p39,PART_OF
DFARS-252.215-7010-p41,DFARS-252.215-7010-p39,PART_OF
DFARS-252.215-7010-p42,DFARS-252.215-7010,PART_OF
DFARS-252.215-7010-p43,DFARS-252.215-7010-p42,PART_OF
DFARS-252.215-7010-p44,DFARS-252.215-7010-p42,PART_OF
DFARS-252.215-7010-p45,DFARS-252.215-7010,PART_OF
DFARS-252.215-7010-p46,DFARS-252.215-7010,PART_OF
DFARS-252.215-7010-p47,DFARS-252.215-7010-p46,PART_OF
DFARS-252.215-7010-p48,DFARS-252.215-7010-p46,PART_OF
DFARS-252.215-7010-p49,DFARS-252.215-7010-p46,PART_OF
DFARS-252.215-7010-p50,DFARS-252.215-7010-p46,PART_OF
DFARS-252.215-7010-p51,DFARS-252.215-7010-p46,PART_OF
DFARS-252.215-7010-p52,DFARS-252.215-7010,PART_OF
DFARS-252.215-7010-p53,DFARS-252.215-7010-p52,PART_OF
DFARS-252.215-7010-p54,DFARS-252.215-7010-p53,PART_OF
DFARS-252.215-7010-p55,DFARS-252.215-7010-p53,PART_OF
DFARS-252.215-7010-p56,DFARS-252.215-7010-p55,PART_OF
DFARS-252.215-7010-p57,DFARS-252.215-7010-p55,PART_OF
DFARS-252.215-7010-p58,DFARS-252.215-7010-p57,PART_OF
DFARS-252.215-7010-p59,DFARS-252.215-7010-p57,PART_OF
DFARS-252.215-7010-p60,DFARS-252.215-7010-p59,PART_OF
DFARS-252.215-7010-p61,DFARS-252.215-7010-p59,PART_OF
DFARS-252.215-7010-p62,DFARS-252.215-7010-p57,PART_OF
DFARS-252.215-7010-p63,DFARS-252.215-7010-p57,PART_OF
DFARS-252.215-7010-p64,DFARS-252.215-7010-p63,PART_OF
DFARS-252.215-7010-p65,DFARS-252.215-7010-p63,PART_OF
DFARS-252.215-7010-p66,DFARS-252.215-7010-p55,PART_OF
DFARS-252.215-7010-p67,DFARS-252.215-7010-p66,PART_OF
DFARS-252.215-7010-p68,DFARS-252.215-7010-p66,PART_OF
DFARS-252.215-7010-p69,DFARS-252.215-7010-p55,PART_OF
DFARS-252.215-7010-p70,DFARS-252.215-7010-p55,PART_OF
DFARS-252.215-7010-p71,DFARS-252.215-7010-p55,PART_OF
DFARS-252.215-7010-p72,DFARS-252.215-7010-p53,PART_OF
DFARS-252.215-7010-p73,DFARS-252.215-7010-p52,PART_OF
DFARS-252.215-7010-p74,DFARS-252.215-7010-p73,PART_OF
DFARS-252.215-7010-p75,DFARS-252.215-7010-p73,PART_OF
DFARS-252.215-7010-p76,DFARS-252.215-7010-p73,PART_OF
DFARS-252.215-7010-p77,DFARS-252.215-7010,PART_OF
DFARS-252.215-7010-p78,DFARS-252.215-7010-p77,PART_OF
DFARS-252.215-7010-p79,DFARS-252.215-7010-p77,PART_OF
DFARS-252.215-7010-p80,DFARS-252.215-7010-p77,PART_OF
DFARS-252.215-7010-p81,DFARS-252.215-7010-p46,PART_OF
DFARS-252.215-7010-p82,DFARS-252.215-7010,PART_OF
DFARS-252.215-7010-p83,DFARS-252.215-7010-p82,PART_OF
DFARS-252.215-7010-p84,DFARS-252.215-7010-p82,PART_OF
DFARS-252.215-7010-p85,DFARS-252.215-7010-p84,PART_OF
DFARS-252.215-7010-p86,DFARS-252.215-7010-p84,PART_OF
DFARS-252.215-7010-p87,DFARS-252.215-7010-p84,PART_OF
DFARS-252.215-7010-p88,DFARS-252.215-7010-p87,PART_OF
DFARS-252.215-7010-p89,DFARS-252.215-7010-p87,PART_OF
DFARS-252.215-7010-p90,DFARS-252.215-7010,PART_OF
DFARS-252.215-7010-p91,DFARS-252.215-7010-p90,PART_OF
DFARS-252.215-7010-p92,DFARS-252.215-7010-p90,PART_OF
DFARS-252.215-7011,DFARS-SP252.2,PART_OF
DFARS-252.215-7011-p1,DFARS-252.215-7011,PART_OF
DFARS-252.215-7011-p2,DFARS-252.215-7011,PART_OF
DFARS-252.215-7011-p3,DFARS-252.215-7011,PART_OF
DFARS-252.215-7012,DFARS-SP252.2,PART_OF
DFARS-252.215-7012-p1,DFARS-252.215-7012,PART_OF
DFARS-252.215-7013,DFARS-SP252.2,PART_OF
DFARS-252.215-7013-p1,DFARS-252.215-7013,PART_OF
DFARS-252.215-7014,DFARS-SP252.2,PART_OF
DFARS-252.215-7014-p1,DFARS-252.215-7014,PART_OF
DFARS-252.215-7014-p2,DFARS-252.215-7014,PART_OF
DFARS-252.215-7014-p3,DFARS-252.215-7014-p2,PART_OF
DFARS-252.215-7014-p4,DFARS-252.215-7014-p2,PART_OF
DFARS-252.215-7014-p5,DFARS-252.215-7014,PART_OF
DFARS-252.215-7015,DFARS-SP252.2,PART_OF
DFARS-252.215-7015-p1,DFARS-252.215-7015,PART_OF
DFARS-252.215-7015-p2,DFARS-252.215-7015,PART_OF
DFARS-252.215-7015-p3,DFARS-252.215-7015-p2,PART_OF
DFARS-252.215-7015-p4,DFARS-252.215-7015-p2,PART_OF
DFARS-252.215-7016,DFARS-SP252.2,PART_OF
DFARS-252.215-7016-p1,DFARS-252.215-7016,PART_OF
DFARS-252.215-7016-p2,DFARS-252.215-7016,PART_OF
DFARS-252.215-7016-p3,DFARS-252.215-7016,PART_OF
DFARS-252.215-7016-p4,DFARS-252.215-7016-p3,PART_OF
DFARS-252.215-7016-p5,DFARS-252.215-7016-p3,PART_OF
DFARS-252.215-7016-p6,DFARS-252.215-7016-p5,PART_OF
DFARS-252.215-7016-p7,DFARS-252.215-7016-p5,PART_OF
DFARS-252.215-7016-p8,DFARS-252.215-7016-p3,PART_OF
DFARS-252.215-7016-p9,DFARS-252.215-7016-p8,PART_OF
DFARS-252.215-7016-p10,DFARS-252.215-7016-p8,PART_OF
DFARS-252.215-7016-p11,DFARS-252.215-7016-p8,PART_OF
DFARS-252.215-7016-p12,DFARS-252.215-7016-p11,PART_OF
DFARS-252.215-7016-p13,DFARS-252.215-7016-p11,PART_OF
DFARS-252.215-7016-p14,DFARS-252.215-7016,PART_OF
DFARS-252.215-7016-p15,DFARS-252.215-7016-p14,PART_OF
DFARS-252.215-7016-p16,DFARS-252.215-7016-p14,PART_OF
DFARS-252.215-7016-p17,DFARS-252.215-7016-p14,PART_OF
DFARS-252.216,DFARS-SP252.2,PART_OF
DFARS-252.216-7000,DFARS-SP252.2,PART_OF
DFARS-252.216-7000-p1,DFARS-252.216-7000,PART_OF
DFARS-252.216-7000-p2,DFARS-252.216-7000-p1,PART_OF
DFARS-252.216-7000-p3,DFARS-252.216-7000-p1,PART_OF
DFARS-252.216-7000-p4,DFARS-252.216-7000,PART_OF
DFARS-252.216-7000-p5,DFARS-252.216-7000,PART_OF
DFARS-252.216-7000-p6,DFARS-252.216-7000-p5,PART_OF
DFARS-252.216-7000-p7,DFARS-252.216-7000-p5,PART_OF
DFARS-252.216-7000-p8,DFARS-252.216-7000-p5,PART_OF
DFARS-252.216-7000-p9,DFARS-252.216-7000,PART_OF
DFARS-252.216-7000-p10,DFARS-252.216-7000-p9,PART_OF
DFARS-252.216-7000-p11,DFARS-252.216-7000-p9,PART_OF
DFARS-252.216-7000-p12,DFARS-252.216-7000-p9,PART_OF
DFARS-252.216-7000-p13,DFARS-252.216-7000-p9,PART_OF
DFARS-252.216-7000-p14,DFARS-252.216-7000,PART_OF
DFARS-252.216-7000-p15,DFARS-252.216-7000-p14,PART_OF
DFARS-252.216-7000-p16,DFARS-252.216-7000-p14,PART_OF
DFARS-252.216-7000-p17,DFARS-252.216-7000,PART_OF
DFARS-252.216-7000-p18,DFARS-252.216-7000-p17,PART_OF
DFARS-252.216-7000-p19,DFARS-252.216-7000-p17,PART_OF
DFARS-252.216-7001,DFARS-SP252.2,PART_OF
DFARS-252.216-7001-p1,DFARS-252.216-7001,PART_OF
DFARS-252.216-7001-p2,DFARS-252.216-7001-p1,PART_OF
DFARS-252.216-7001-p3,DFARS-252.216-7001-p1,PART_OF
DFARS-252.216-7001-p4,DFARS-252.216-7001-p1,PART_OF
DFARS-252.216-7001-p5,DFARS-252.216-7001-p1,PART_OF
DFARS-252.216-7001-p6,DFARS-252.216-7001-p1,PART_OF
DFARS-252.216-7001-p7,DFARS-252.216-7001-p6,PART_OF
DFARS-252.216-7001-p8,DFARS-252.216-7001-p6,PART_OF
DFARS-252.216-7001-p9,DFARS-252.216-7001-p1,PART_OF
DFARS-252.216-7001-p10,DFARS-252.216-7001-p1,PART_OF
DFARS-252.216-7001-p11,DFARS-252.216-7001,PART_OF
DFARS-252.216-7001-p12,DFARS-252.216-7001-p11,PART_OF
DFARS-252.216-7001-p13,DFARS-252.216-7001,PART_OF
DFARS-252.216-7001-p14,DFARS-252.216-7001-p1,PART_OF
DFARS-252.216-7001-p15,DFARS-252.216-7001-p14,PART_OF
DFARS-252.216-7001-p16,DFARS-252.216-7001-p14,PART_OF
DFARS-252.216-7001-p17,DFARS-252.216-7001-p16,PART_OF
DFARS-252.216-7001-p18,DFARS-252.216-7001-p16,PART_OF
DFARS-252.216-7001-p19,DFARS-252.216-7001-p16,PART_OF
DFARS-252.216-7001-p20,DFARS-252.216-7001-p14,PART_OF
DFARS-252.216-7001-p21,DFARS-252.216-7001-p14,PART_OF
DFARS-252.216-7001-p22,DFARS-252.216-7001-p14,PART_OF
DFARS-252.216-7001-p23,DFARS-252.216-7001-p22,PART_OF
DFARS-252.216-7001-p24,DFARS-252.216-7001-p22,PART_OF
DFARS-252.216-7001-p25,DFARS-252.216-7001-p14,PART_OF
DFARS-252.216-7001-p26,DFARS-252.216-7001-p14,PART_OF
DFARS-252.216-7001-p27,DFARS-252.216-7001-p14,PART_OF
DFARS-252.216-7001-p28,DFARS-252.216-7001-p14,PART_OF
DFARS-252.216-7001-p29,DFARS-252.216-7001-p14,PART_OF
DFARS-252.216-7002,DFARS-SP252.2,PART_OF
DFARS-252.216-7002-p1,DFARS-252.216-7002,PART_OF
DFARS-252.216-7003,DFARS-SP252.2,PART_OF
DFARS-252.216-7003-p1,DFARS-252.216-7003,PART_OF
DFARS-252.216-7003-p2,DFARS-252.216-7003-p1,PART_OF
DFARS-252.216-7003-p3,DFARS-252.216-7003-p1,PART_OF
DFARS-252.216-7003-p4,DFARS-252.216-7003,PART_OF
DFARS-252.216-7003-p5,DFARS-252.216-7003-p4,PART_OF
DFARS-252.216-7003-p6,DFARS-252.216-7003-p4,PART_OF
DFARS-252.216-7003-p7,DFARS-252.216-7003,PART_OF
DFARS-252.216-7003-p8,DFARS-252.216-7003,PART_OF
DFARS-252.216-7004,DFARS-SP252.2,PART_OF
DFARS-252.216-7004-p1,DFARS-252.216-7004,PART_OF
DFARS-252.216-7004-p2,DFARS-252.216-7004-p1,PART_OF
DFARS-252.216-7004-p3,DFARS-252.216-7004-p2,PART_OF
DFARS-252.216-7004-p4,DFARS-252.216-7004-p3,PART_OF
DFARS-252.216-7004-p5,DFARS-252.216-7004-p3,PART_OF
DFARS-252.216-7004-p6,DFARS-252.216-7004-p2,PART_OF
DFARS-252.216-7004-p7,DFARS-252.216-7004-p6,PART_OF
DFARS-252.216-7004-p8,DFARS-252.216-7004-p6,PART_OF
DFARS-252.216-7004-p9,DFARS-252.216-7004-p6,PART_OF
DFARS-252.216-7004-p10,DFARS-252.216-7004-p9,PART_OF
DFARS-252.216-7004-p11,DFARS-252.216-7004-p9,PART_OF
DFARS-252.216-7004-p12,DFARS-252.216-7004-p6,PART_OF
DFARS-252.216-7004-p13,DFARS-252.216-7004-p6,PART_OF
DFARS-252.216-7004-p14,DFARS-252.216-7004-p1,PART_OF
DFARS-252.216-7004-p15,DFARS-252.216-7004,PART_OF
DFARS-252.216-7005,DFARS-SP252.2,PART_OF
DFARS-252.216-7006,DFARS-SP252.2,PART_OF
DFARS-252.216-7007,DFARS-SP252.2,PART_OF
DFARS-252.216-7007-p1,DFARS-252.216-7007,PART_OF
DFARS-252.216-7007-p2,DFARS-252.216-7007,PART_OF
DFARS-252.216-7008,DFARS-SP252.2,PART_OF
DFARS-252.216-7008-p1,DFARS-252.216-7008,PART_OF
DFARS-252.216-7008-p2,DFARS-252.216-7008-p1,PART_OF
DFARS-252.216-7008-p3,DFARS-252.216-7008-p2,PART_OF
DFARS-252.216-7009,DFARS-SP252.2,PART_OF
DFARS-252.216-7009-p1,DFARS-252.216-7009,PART_OF
DFARS-252.216-7009-p2,DFARS-252.216-7009,PART_OF
DFARS-252.216-7009-p3,DFARS-252.216-7009,PART_OF
DFARS-252.216-7010,DFARS-SP252.2,PART_OF
DFARS-252.216-7010-p1,DFARS-252.216-7010,PART_OF
DFARS-252.216-7010-p2,DFARS-252.216-7010-p1,PART_OF
DFARS-252.216-7010-p3,DFARS-252.216-7010-p1,PART_OF
DFARS-252.216-7010-p4,DFARS-252.216-7010-p3,PART_OF
DFARS-252.216-7010-p5,DFARS-252.216-7010-p3,PART_OF
DFARS-252.216-7010-p6,DFARS-252.216-7010-p3,PART_OF
DFARS-252.216-7010-p7,DFARS-252.216-7010-p6,PART_OF
DFARS-252.216-7010-p8,DFARS-252.216-7010-p6,PART_OF
DFARS-252.216-7010-p9,DFARS-252.216-7010,PART_OF
DFARS-252.216-7010-p10,DFARS-252.216-7010-p9,PART_OF
DFARS-252.216-7010-p11,DFARS-252.216-7010-p9,PART_OF
DFARS-252.216-7010-p12,DFARS-252.216-7010-p9,PART_OF
DFARS-252.217,DFARS-SP252.2,PART_OF
DFARS-252.217-7000,DFARS-SP252.2,PART_OF
DFARS-252.217-7000-p1,DFARS-252.217-7000,PART_OF
DFARS-252.217-7000-p2,DFARS-252.217-7000,PART_OF
DFARS-252.217-7000-p3,DFARS-252.217-7000,PART_OF
DFARS-252.217-7000-p4,DFARS-252.217-7000,PART_OF
DFARS-252.217-7000-p5,DFARS-252.217-7000,PART_OF
DFARS-252.217-7001,DFARS-SP252.2,PART_OF
DFARS-252.217-7001-p1,DFARS-252.217-7001,PART_OF
DFARS-252.217-7001-p2,DFARS-252.217-7001-p1,PART_OF
DFARS-252.217-7001-p3,DFARS-252.217-7001-p1,PART_OF
DFARS-252.217-7001-p4,DFARS-252.217-7001,PART_OF
DFARS-252.217-7001-p5,DFARS-252.217-7001-p4,PART_OF
DFARS-252.217-7001-p6,DFARS-252.217-7001-p4,PART_OF
DFARS-252.217-7001-p7,DFARS-252.217-7001-p4,PART_OF
DFARS-252.217-7001-p8,DFARS-252.217-7001,PART_OF
DFARS-252.217-7001-p9,DFARS-252.217-7001-p8,PART_OF
DFARS-252.217-7001-p10,DFARS-252.217-7001-p8,PART_OF
DFARS-252.217-7001-p11,DFARS-252.217-7001-p10,PART_OF
DFARS-252.217-7001-p12,DFARS-252.217-7001,PART_OF
DFARS-252.217-7001-p13,DFARS-252.217-7001-p12,PART_OF
DFARS-252.217-7001-p14,DFARS-252.217-7001-p12,PART_OF
DFARS-252.217-7002,DFARS-SP252.2,PART_OF
DFARS-252.217-7002-p1,DFARS-252.217-7002,PART_OF
DFARS-252.217-7002-p2,DFARS-252.217-7002,PART_OF
DFARS-252.217-7003,DFARS-SP252.2,PART_OF
DFARS-252.217-7003-p1,DFARS-252.217-7003,PART_OF
DFARS-252.217-7003-p2,DFARS-252.217-7003-p1,PART_OF
DFARS-252.217-7003-p3,DFARS-252.217-7003-p1,PART_OF
DFARS-252.217-7003-p4,DFARS-252.217-7003-p1,PART_OF
DFARS-252.217-7003-p5,DFARS-252.217-7003-p1,PART_OF
DFARS-252.217-7003-p6,DFARS-252.217-7003-p1,PART_OF
DFARS-252.217-7003-p7,DFARS-252.217-7003,PART_OF
DFARS-252.217-7003-p8,DFARS-252.217-7003-p7,PART_OF
DFARS-252.217-7003-p9,DFARS-252.217-7003-p7,PART_OF
DFARS-252.217-7003-p10,DFARS-252.217-7003-p7,PART_OF
DFARS-252.217-7003-p11,DFARS-252.217-7003,PART_OF
DFARS-252.217-7003-p12,DFARS-252.217-7003,PART_OF
DFARS-252.217-7003-p13,DFARS-252.217-7003,PART_OF
DFARS-252.217-7004,DFARS-SP252.2,PART_OF
DFARS-252.217-7004-p1,DFARS-252.217-7004,PART_OF
DFARS-252.217-7004-p2,DFARS-252.217-7004,PART_OF
DFARS-252.217-7004-p3,DFARS-252.217-7004-p2,PART_OF
DFARS-252.217-7004-p4,DFARS-252.217-7004-p2,PART_OF
DFARS-252.217-7004-p5,DFARS-252.217-7004-p2,PART_OF
DFARS-252.217-7004-p6,DFARS-252.217-7004-p2,PART_OF
DFARS-252.217-7004-p7,DFARS-252.217-7004-p2,PART_OF
DFARS-252.217-7005,DFARS-SP252.2,PART_OF
DFARS-252.217-7005-p1,DFARS-252.217-7005,PART_OF
DFARS-252.217-7005-p2,DFARS-252.217-7005-p1,PART_OF
DFARS-252.217-7005-p3,DFARS-252.217-7005,PART_OF
DFARS-252.217-7005-p4,DFARS-252.217-7005-p3,PART_OF
DFARS-252.217-7005-p5,DFARS-252.217-7005-p4,PART_OF
DFARS-252.217-7005-p6,DFARS-252.217-7005-p4,PART_OF
DFARS-252.217-7005-p7,DFARS-252.217-7005-p4,PART_OF
DFARS-252.217-7005-p8,DFARS-252.217-7005,PART_OF
DFARS-252.217-7005-p9,DFARS-252.217-7005,PART_OF
DFARS-252.217-7005-p10,DFARS-252.217-7005-p9,PART_OF
DFARS-252.217-7005-p11,DFARS-252.217-7005-p9,PART_OF
DFARS-252.217-7005-p12,DFARS-252.217-7005-p9,PART_OF
DFARS-252.217-7005-p13,DFARS-252.217-7005-p9,PART_OF
DFARS-252.217-7005-p14,DFARS-252.217-7005-p9,PART_OF
DFARS-252.217-7005-p15,DFARS-252.217-7005-p9,PART_OF
DFARS-252.217-7005-p16,DFARS-252.217-7005-p9,PART_OF
DFARS-252.217-7005-p17,DFARS-252.217-7005-p9,PART_OF
DFARS-252.217-7005-p18,DFARS-252.217-7005,PART_OF
DFARS-252.217-7005-p19,DFARS-252.217-7005-p18,PART_OF
DFARS-252.217-7005-p20,DFARS-252.217-7005-p18,PART_OF
DFARS-252.217-7005-p21,DFARS-252.217-7005,PART_OF
DFARS-252.217-7005-p22,DFARS-252.217-7005-p21,PART_OF
DFARS-252.217-7005-p23,DFARS-252.217-7005-p21,PART_OF
DFARS-252.217-7005-p24,DFARS-252.217-7005,PART_OF
DFARS-252.217-7005-p25,DFARS-252.217-7005-p24,PART_OF
DFARS-252.217-7005-p26,DFARS-252.217-7005,PART_OF
DFARS-252.217-7006,DFARS-SP252.2,PART_OF
DFARS-252.217-7006-p1,DFARS-252.217-7006,PART_OF
DFARS-252.217-7006-p2,DFARS-252.217-7006-p1,PART_OF
DFARS-252.217-7006-p3,DFARS-252.217-7006-p1,PART_OF
DFARS-252.217-7007,DFARS-SP252.2,PART_OF
DFARS-252.217-7007-p1,DFARS-252.217-7007,PART_OF
DFARS-252.217-7007-p2,DFARS-252.217-7007,PART_OF
DFARS-252.217-7007-p3,DFARS-252.217-7007-p2,PART_OF
DFARS-252.217-7007-p4,DFARS-252.217-7007-p2,PART_OF
DFARS-252.217-7007-p5,DFARS-252.217-7007-p2,PART_OF
DFARS-252.217-7007-p6,DFARS-252.217-7007-p2,PART_OF
DFARS-252.217-7007-p7,DFARS-252.217-7007,PART_OF
DFARS-252.217-7007-p8,DFARS-252.217-7007,PART_OF
DFARS-252.217-7007-p9,DFARS-252.217-7007-p8,PART_OF
DFARS-252.217-7007-p10,DFARS-252.217-7007-p8,PART_OF
DFARS-252.217-7007-p11,DFARS-252.217-7007,PART_OF
DFARS-252.217-7007-p12,DFARS-252.217-7007,PART_OF
DFARS-252.217-7008,DFARS-SP252.2,PART_OF
DFARS-252.217-7008-p1,DFARS-252.217-7008,PART_OF
DFARS-252.217-7008-p2,DFARS-252.217-7008,PART_OF
DFARS-252.217-7008-p3,DFARS-252.217-7008,PART_OF
DFARS-252.217-7008-p4,DFARS-252.217-7008,PART_OF
DFARS-252.217-7009,DFARS-SP252.2,PART_OF
DFARS-252.217-7009-p1,DFARS-252.217-7009,PART_OF
DFARS-252.217-7009-p2,DFARS-252.217-7009-p1,PART_OF
DFARS-252.217-7009-p3,DFARS-252.217-7009-p1,PART_OF
DFARS-252.217-7009-p4,DFARS-252.217-7009-p1,PART_OF
DFARS-252.217-7009-p5,DFARS-252.217-7009,PART_OF
DFARS-252.217-7009-p6,DFARS-252.217-7009,PART_OF
DFARS-252.217-7009-p7,DFARS-252.217-7009,PART_OF
DFARS-252.217-7009-p8,DFARS-252.217-7009-p7,PART_OF
DFARS-252.217-7009-p9,DFARS-252.217-7009-p7,PART_OF
DFARS-252.217-7009-p10,DFARS-252.217-7009-p9,PART_OF
DFARS-252.217-7009-p11,DFARS-252.217-7009-p9,PART_OF
DFARS-252.217-7009-p12,DFARS-252.217-7009-p7,PART_OF
DFARS-252.217-7009-p13,DFARS-252.217-7009-p12,PART_OF
DFARS-252.217-7009-p14,DFARS-252.217-7009-p12,PART_OF
DFARS-252.217-7009-p15,DFARS-252.217-7009,PART_OF
DFARS-252.217-7009-p16,DFARS-252.217-7009,PART_OF
DFARS-252.217-7009-p17,DFARS-252.217-7009-p16,PART_OF
DFARS-252.217-7009-p18,DFARS-252.217-7009-p16,PART_OF
DFARS-252.217-7009-p19,DFARS-252.217-7009-p16,PART_OF
DFARS-252.217-7009-p20,DFARS-252.217-7009,PART_OF
DFARS-252.217-7010,DFARS-SP252.2,PART_OF
DFARS-252.217-7010-p1,DFARS-252.217-7010,PART_OF
DFARS-252.217-7010-p2,DFARS-252.217-7010,PART_OF
DFARS-252.217-7010-p3,DFARS-252.217-7010,PART_OF
DFARS-252.217-7010-p4,DFARS-252.217-7010-p3,PART_OF
DFARS-252.217-7010-p5,DFARS-252.217-7010-p3,PART_OF
DFARS-252.217-7010-p6,DFARS-252.217-7010-p3,PART_OF
DFARS-252.217-7010-p7,DFARS-252.217-7010-p3,PART_OF
DFARS-252.217-7010-p8,DFARS-252.217-7010-p3,PART_OF
DFARS-252.217-7010-p9,DFARS-252.217-7010,PART_OF
DFARS-252.217-7010-p10,DFARS-252.217-7010,PART_OF
DFARS-252.217-7010-p11,DFARS-252.217-7010-p10,PART_OF
DFARS-252.217-7010-p12,DFARS-252.217-7010-p10,PART_OF
DFARS-252.217-7011,DFARS-SP252.2,PART_OF
DFARS-252.217-7011-p1,DFARS-252.217-7011,PART_OF
DFARS-252.217-7011-p2,DFARS-252.217-7011-p1,PART_OF
DFARS-252.217-7011-p3,DFARS-252.217-7011-p1,PART_OF
DFARS-252.217-7011-p4,DFARS-252.217-7011,PART_OF
DFARS-252.217-7012,DFARS-SP252.2,PART_OF
DFARS-252.217-7012-p1,DFARS-252.217-7012,PART_OF
DFARS-252.217-7012-p2,DFARS-252.217-7012,PART_OF
DFARS-252.217-7012-p3,DFARS-252.217-7012-p2,PART_OF
DFARS-252.217-7012-p4,DFARS-252.217-7012-p2,PART_OF
DFARS-252.217-7012-p5,DFARS-252.217-7012-p2,PART_OF
DFARS-252.217-7012-p6,DFARS-252.217-7012-p5,PART_OF
DFARS-252.217-7012-p7,DFARS-252.217-7012-p6,PART_OF
DFARS-252.217-7012-p8,DFARS-252.217-7012-p6,PART_OF
DFARS-252.217-7012-p9,DFARS-252.217-7012-p6,PART_OF
DFARS-252.217-7012-p10,DFARS-252.217-7012-p5,PART_OF
DFARS-252.217-7012-p11,DFARS-252.217-7012-p10,PART_OF
DFARS-252.217-7012-p12,DFARS-252.217-7012-p10,PART_OF
DFARS-252.217-7012-p13,DFARS-252.217-7012-p2,PART_OF
DFARS-252.217-7012-p14,DFARS-252.217-7012-p2,PART_OF
DFARS-252.217-7012-p15,DFARS-252.217-7012-p14,PART_OF
DFARS-252.217-7012-p16,DFARS-252.217-7012,PART_OF
DFARS-252.217-7012-p17,DFARS-252.217-7012-p16,PART_OF
DFARS-252.217-7012-p18,DFARS-252.217-7012-p16,PART_OF
DFARS-252.217-7012-p19,DFARS-252.217-7012,PART_OF
DFARS-252.217-7012-p20,DFARS-252.217-7012-p19,PART_OF
DFARS-252.217-7012-p21,DFARS-252.217-7012-p20,PART_OF
DFARS-252.217-7012-p22,DFARS-252.217-7012-p20,PART_OF
DFARS-252.217-7012-p23,DFARS-252.217-7012-p19,PART_OF
DFARS-252.217-7012-p24,DFARS-252.217-7012-p19,PART_OF
DFARS-252.217-7012-p25,DFARS-252.217-7012,PART_OF
DFARS-252.217-7012-p26,DFARS-252.217-7012,PART_OF
DFARS-252.217-7012-p27,DFARS-252.217-7012-p26,PART_OF
DFARS-252.217-7012-p28,DFARS-252.217-7012-p26,PART_OF
DFARS-252.217-7012-p29,DFARS-252.217-7012-p26,PART_OF
DFARS-252.217-7012-p30,DFARS-252.217-7012-p26,PART_OF
DFARS-252.217-7012-p31,DFARS-252.217-7012,PART_OF
DFARS-252.217-7012-p32,DFARS-252.217-7012-p31,PART_OF
DFARS-252.217-7012-p33,DFARS-252.217-7012-p32,PART_OF
DFARS-252.217-7012-p34,DFARS-252.217-7012-p32,PART_OF
DFARS-252.217-7012-p35,DFARS-252.217-7012-p32,PART_OF
DFARS-252.217-7012-p36,DFARS-252.217-7012-p31,PART_OF
DFARS-252.217-7012-p37,DFARS-252.217-7012-p36,PART_OF
DFARS-252.217-7012-p38,DFARS-252.217-7012-p36,PART_OF
DFARS-252.217-7013,DFARS-SP252.2,PART_OF
DFARS-252.217-7013-p1,DFARS-252.217-7013,PART_OF
DFARS-252.217-7013-p2,DFARS-252.217-7013,PART_OF
DFARS-252.217-7013-p3,DFARS-252.217-7013,PART_OF
DFARS-252.217-7013-p4,DFARS-252.217-7013,PART_OF
DFARS-252.217-7013-p5,DFARS-252.217-7013-p4,PART_OF
DFARS-252.217-7013-p6,DFARS-252.217-7013-p4,PART_OF
DFARS-252.217-7013-p7,DFARS-252.217-7013,PART_OF
DFARS-252.217-7013-p8,DFARS-252.217-7013,PART_OF
DFARS-252.217-7014,DFARS-SP252.2,PART_OF
DFARS-252.217-7014-p1,DFARS-252.217-7014,PART_OF
DFARS-252.217-7014-p2,DFARS-252.217-7014,PART_OF
DFARS-252.217-7015,DFARS-SP252.2,PART_OF
DFARS-252.217-7015-p1,DFARS-252.217-7015,PART_OF
DFARS-252.217-7015-p2,DFARS-252.217-7015,PART_OF
DFARS-252.217-7015-p3,DFARS-252.217-7015,PART_OF
DFARS-252.217-7015-p4,DFARS-252.217-7015,PART_OF
DFARS-252.217-7016,DFARS-SP252.2,PART_OF
DFARS-252.217-7016-p1,DFARS-252.217-7016,PART_OF
DFARS-252.217-7016-p2,DFARS-252.217-7016,PART_OF
DFARS-252.217-7016-p3,DFARS-252.217-7016-p2,PART_OF
DFARS-252.217-7016-p4,DFARS-252.217-7016-p2,PART_OF
DFARS-252.217-7016-p5,DFARS-252.217-7016,PART_OF
DFARS-252.217-7016-p6,DFARS-252.217-7016-p5,PART_OF
DFARS-252.217-7016-p7,DFARS-252.217-7016-p5,PART_OF
DFARS-252.217-7017,DFARS-SP252.2,PART_OF
DFARS-252.217-7018,DFARS-SP252.2,PART_OF
DFARS-252.217-7019,DFARS-SP252.2,PART_OF
DFARS-252.217-7020,DFARS-SP252.2,PART_OF
DFARS-252.217-7021,DFARS-SP252.2,PART_OF
DFARS-252.217-7022,DFARS-SP252.2,PART_OF
DFARS-252.217-7023,DFARS-SP252.2,PART_OF
DFARS-252.217-7024,DFARS-SP252.2,PART_OF
DFARS-252.217-7025,DFARS-SP252.2,PART_OF
DFARS-252.217-7026,DFARS-SP252.2,PART_OF
DFARS-252.217-7026-p1,DFARS-252.217-7026,PART_OF
DFARS-252.217-7026-p2,DFARS-252.217-7026,PART_OF
DFARS-252.217-7026-p3,DFARS-252.217-7026,PART_OF
DFARS-252.217-7026-p4,DFARS-252.217-7026,PART_OF
DFARS-252.217-7026-p5,DFARS-252.217-7026,PART_OF
DFARS-252.217-7026-p6,DFARS-252.217-7026,PART_OF
DFARS-252.217-7026-p7,DFARS-252.217-7026,PART_OF
DFARS-252.217-7026-p8,DFARS-252.217-7026,PART_OF
DFARS-252.217-7026-p9,DFARS-252.217-7026,PART_OF
DFARS-252.217-7027,DFARS-SP252.2,PART_OF
DFARS-252.217-7027-p1,DFARS-252.217-7027,PART_OF
DFARS-252.217-7027-p2,DFARS-252.217-7027-p1,PART_OF
DFARS-252.217-7027-p3,DFARS-252.217-7027-p1,PART_OF
DFARS-252.217-7027-p4,DFARS-252.217-7027-p1,PART_OF
DFARS-252.217-7027-p5,DFARS-252.217-7027,PART_OF
DFARS-252.217-7027-p6,DFARS-252.217-7027,PART_OF
DFARS-252.217-7027-p7,DFARS-252.217-7027,PART_OF
DFARS-252.217-7027-p8,DFARS-252.217-7027-p7,PART_OF
DFARS-252.217-7027-p9,DFARS-252.217-7027-p8,PART_OF
DFARS-252.217-7027-p10,DFARS-252.217-7027-p8,PART_OF
DFARS-252.217-7027-p11,DFARS-252.217-7027-p8,PART_OF
DFARS-252.217-7027-p12,DFARS-252.217-7027-p7,PART_OF
DFARS-252.217-7027-p13,DFARS-252.217-7027,PART_OF
DFARS-252.217-7028,DFARS-SP252.2,PART_OF
DFARS-252.217-7028-p1,DFARS-252.217-7028,PART_OF
DFARS-252.217-7028-p2,DFARS-252.217-7028-p1,PART_OF
DFARS-252.217-7028-p3,DFARS-252.217-7028-p2,PART_OF
DFARS-252.217-7028-p4,DFARS-252.217-7028-p2,PART_OF
DFARS-252.217-7028-p5,DFARS-252.217-7028-p2,PART_OF
DFARS-252.217-7028-p6,DFARS-252.217-7028-p1,PART_OF
DFARS-252.217-7028-p7,DFARS-252.217-7028,PART_OF
DFARS-252.217-7028-p8,DFARS-252.217-7028-p7,PART_OF
DFARS-252.217-7028-p9,DFARS-252.217-7028-p7,PART_OF
DFARS-252.217-7028-p10,DFARS-252.217-7028-p7,PART_OF
DFARS-252.217-7028-p11,DFARS-252.217-7028,PART_OF
DFARS-252.217-7028-p12,DFARS-252.217-7028,PART_OF
DFARS-252.217-7028-p13,DFARS-252.217-7028-p12,PART_OF
DFARS-252.217-7028-p14,DFARS-252.217-7028-p12,PART_OF
DFARS-252.217-7028-p15,DFARS-252.217-7028-p12,PART_OF
DFARS-252.217-7028-p16,DFARS-252.217-7028-p12,PART_OF
DFARS-252.217-7028-p17,DFARS-252.217-7028,PART_OF
DFARS-252.217-7028-p18,DFARS-252.217-7028,PART_OF
DFARS-252.219,DFARS-SP252.2,PART_OF
DFARS-252.219-7000,DFARS-SP252.2,PART_OF
DFARS-252.219-7000-p1,DFARS-252.219-7000,PART_OF
DFARS-252.219-7000-p2,DFARS-252.219-7000,PART_OF
DFARS-252.219-7000-p3,DFARS-252.219-7000,PART_OF
DFARS-252.219-7000-p4,DFARS-252.219-7000-p3,PART_OF
DFARS-252.219-7001,DFARS-SP252.2,PART_OF
DFARS-252.219-7002,DFARS-SP252.2,PART_OF
DFARS-252.219-7003,DFARS-SP252.2,PART_OF
DFARS-252.219-7003-p1,DFARS-252.219-7003,PART_OF
DFARS-252.219-7003-p2,DFARS-252.219-7003,PART_OF
DFARS-252.219-7003-p3,DFARS-252.219-7003-p2,PART_OF
DFARS-252.219-7003-p4,DFARS-252.219-7003,PART_OF
DFARS-252.219-7003-p5,DFARS-252.219-7003,PART_OF
DFARS-252.219-7003-p6,DFARS-252.219-7003-p5,PART_OF
DFARS-252.219-7003-p7,DFARS-252.219-7003-p5,PART_OF
DFARS-252.219-7003-p8,DFARS-252.219-7003,PART_OF
DFARS-252.219-7003-p9,DFARS-252.219-7003,PART_OF
DFARS-252.219-7003-p10,DFARS-252.219-7003-p9,PART_OF
DFARS-252.219-7003-p11,DFARS-252.219-7003-p9,PART_OF
DFARS-252.219-7003-p12,DFARS-252.219-7003-p9,PART_OF
DFARS-252.219-7003-p13,DFARS-252.219-7003-p12,PART_OF
DFARS-252.219-7003-p14,DFARS-252.219-7003-p12,PART_OF
DFARS-252.219-7003-p15,DFARS-252.219-7003-p9,PART_OF
DFARS-252.219-7003-p16,DFARS-252.219-7003-p9,PART_OF
DFARS-252.219-7003-p17,DFARS-252.219-7003-p9,PART_OF
DFARS-252.219-7003-p18,DFARS-252.219-7003,PART_OF
DFARS-252.219-7003-p19,DFARS-252.219-7003-p18,PART_OF
DFARS-252.219-7003-p20,DFARS-252.219-7003-p18,PART_OF
DFARS-252.219-7003-p21,DFARS-252.219-7003-p18,PART_OF
DFARS-252.219-7003-p22,DFARS-252.219-7003-p21,PART_OF
DFARS-252.219-7003-p23,DFARS-252.219-7003-p21,PART_OF
DFARS-252.219-7003-p24,DFARS-252.219-7003-p18,PART_OF
DFARS-252.219-7003-p25,DFARS-252.219-7003-p18,PART_OF
DFARS-252.219-7003-p26,DFARS-252.219-7003-p25,PART_OF
DFARS-252.219-7003-p27,DFARS-252.219-7003-p25,PART_OF
DFARS-252.219-7003-p28,DFARS-252.219-7003-p25,PART_OF
DFARS-252.219-7003-p29,DFARS-252.219-7003-p18,PART_OF
DFARS-252.219-7003-p30,DFARS-252.219-7003-p18,PART_OF
DFARS-252.219-7003-p31,DFARS-252.219-7003,PART_OF
DFARS-252.219-7003-p32,DFARS-252.219-7003-p31,PART_OF
DFARS-252.219-7003-p33,DFARS-252.219-7003-p32,PART_OF
DFARS-252.219-7003-p34,DFARS-252.219-7003-p32,PART_OF
DFARS-252.219-7003-p35,DFARS-252.219-7003-p32,PART_OF
DFARS-252.219-7003-p36,DFARS-252.219-7003-p32,PART_OF
DFARS-252.219-7003-p37,DFARS-252.219-7003-p31,PART_OF
DFARS-252.219-7003-p38,DFARS-252.219-7003-p37,PART_OF
DFARS-252.219-7003-p39,DFARS-252.219-7003-p37,PART_OF
DFARS-252.219-7003-p40,DFARS-252.219-7003-p31,PART_OF
DFARS-252.219-7003-p41,DFARS-252.219-7003-p31,PART_OF
DFARS-252.219-7003-p42,DFARS-252.219-7003-p41,PART_OF
DFARS-252.219-7003-p43,DFARS-252.219-7003-p41,PART_OF
DFARS-252.219-7003-p44,DFARS-252.219-7003-p41,PART_OF
DFARS-252.219-7003-p45,DFARS-252.219-7003-p44,PART_OF
DFARS-252.219-7003-p46,DFARS-252.219-7003-p44,PART_OF
DFARS-252.219-7003-p47,DFARS-252.219-7003-p31,PART_OF
DFARS-252.219-7004,DFARS-SP252.2,PART_OF
DFARS-252.219-7004-p1,DFARS-252.219-7004,PART_OF
DFARS-252.219-7004-p2,DFARS-252.219-7004-p1,PART_OF
DFARS-252.219-7004-p3,DFARS-252.219-7004-p2,PART_OF
DFARS-252.219-7004-p4,DFARS-252.219-7004-p2,PART_OF
DFARS-252.219-7004-p5,DFARS-252.219-7004-p2,PART_OF
DFARS-252.219-7004-p6,DFARS-252.219-7004-p2,PART_OF
DFARS-252.219-7004-p7,DFARS-252.219-7004-p2,PART_OF
DFARS-252.219-7004-p8,DFARS-252.219-7004-p2,PART_OF
DFARS-252.219-7004-p9,DFARS-252.219-7004-p8,PART_OF
DFARS-252.219-7004-p10,DFARS-252.219-7004-p9,PART_OF
DFARS-252.219-7004-p11,DFARS-252.219-7004-p9,PART_OF
DFARS-252.219-7004-p12,DFARS-252.219-7004-p11,PART_OF
DFARS-252.219-7004-p13,DFARS-252.219-7004-p11,PART_OF
DFARS-252.219-7004-p14,DFARS-252.219-7004-p11,PART_OF
DFARS-252.219-7004-p15,DFARS-252.219-7004-p11,PART_OF
DFARS-252.219-7004-p16,DFARS-252.219-7004-p9,PART_OF
DFARS-252.219-7004-p17,DFARS-252.219-7004-p9,PART_OF
DFARS-252.219-7004-p18,DFARS-252.219-7004-p9,PART_OF
DFARS-252.219-7004-p19,DFARS-252.219-7004-p8,PART_OF
DFARS-252.219-7004-p20,DFARS-252.219-7004-p19,PART_OF
DFARS-252.219-7004-p21,DFARS-252.219-7004-p19,PART_OF
DFARS-252.219-7004-p22,DFARS-252.219-7004-p19,PART_OF
DFARS-252.219-7004-p23,DFARS-252.219-7004-p19,PART_OF
DFARS-252.219-7004-p24,DFARS-252.219-7004-p8,PART_OF
DFARS-252.219-7004-p25,DFARS-252.219-7004-p24,PART_OF
DFARS-252.219-7004-p26,DFARS-252.219-7004-p24,PART_OF
DFARS-252.219-7004-p27,DFARS-252.219-7004-p24,PART_OF
DFARS-252.219-7004-p28,DFARS-252.219-7004-p24,PART_OF
DFARS-252.219-7004-p29,DFARS-252.219-7004,PART_OF
DFARS-252.219-7004-p30,DFARS-252.219-7004,PART_OF
DFARS-252.219-7004-p31,DFARS-252.219-7004-p30,PART_OF
DFARS-252.219-7004-p32,DFARS-252.219-7004-p30,PART_OF
DFARS-252.219-7004-p33,DFARS-252.219-7004-p30,PART_OF
DFARS-252.219-7004-p34,DFARS-252.219-7004-p30,PART_OF
DFARS-252.219-7004-p35,DFARS-252.219-7004,PART_OF
DFARS-252.219-7004-p36,DFARS-252.219-7004-p35,PART_OF
DFARS-252.219-7004-p37,DFARS-252.219-7004,PART_OF
DFARS-252.219-7004-p38,DFARS-252.219-7004-p37,PART_OF
DFARS-252.219-7004-p39,DFARS-252.219-7004-p37,PART_OF
DFARS-252.219-7005,DFARS-SP252.2,PART_OF
DFARS-252.219-7006,DFARS-SP252.2,PART_OF
DFARS-252.219-7007,DFARS-SP252.2,PART_OF
DFARS-252.219-7008,DFARS-SP252.2,PART_OF
DFARS-252.219-7009,DFARS-SP252.2,PART_OF
DFARS-252.219-7009-p1,DFARS-252.219-7009,PART_OF
DFARS-252.219-7009-p2,DFARS-252.219-7009-p1,PART_OF
DFARS-252.219-7009-p3,DFARS-252.219-7009-p1,PART_OF
DFARS-252.219-7010,DFARS-SP252.2,PART_OF
DFARS-252.219-7010-p1,DFARS-252.219-7010,PART_OF
DFARS-252.219-7010-p2,DFARS-252.219-7010-p1,PART_OF
DFARS-252.219-7010-p3,DFARS-252.219-7010-p1,PART_OF
DFARS-252.219-7010-p4,DFARS-252.219-7010-p1,PART_OF
DFARS-252.219-7010-p5,DFARS-252.219-7010,PART_OF
DFARS-252.219-7010-p6,DFARS-252.219-7010,PART_OF
DFARS-252.219-7010-p7,DFARS-252.219-7010-p6,PART_OF
DFARS-252.219-7010-p8,DFARS-252.219-7010-p6,PART_OF
DFARS-252.219-7010-p9,DFARS-252.219-7010-p6,PART_OF
DFARS-252.219-7010-p10,DFARS-252.219-7010-p6,PART_OF
DFARS-252.219-7010-p11,DFARS-252.219-7010-p6,PART_OF
DFARS-252.219-7010-p12,DFARS-252.219-7010,PART_OF
DFARS-252.219-7011,DFARS-SP252.2,PART_OF
DFARS-252.219-7011-p1,DFARS-252.219-7011,PART_OF
DFARS-252.219-7012,DFARS-SP252.2,PART_OF
DFARS-252.219-7012-p1,DFARS-252.219-7012,PART_OF
DFARS-252.219-7012-p2,DFARS-252.219-7012,PART_OF
DFARS-252.219-7012-p3,DFARS-252.219-7012-p2,PART_OF
DFARS-252.219-7012-p4,DFARS-252.219-7012-p2,PART_OF
DFARS-252.219-7012-p5,DFARS-252.219-7012,PART_OF
DFARS-252.219-7012-p6,DFARS-252.219-7012,PART_OF
DFARS-252.222,DFARS-SP252.2,PART_OF
DFARS-252.222-7000,DFARS-SP252.2,PART_OF
DFARS-252.222-7000-p1,DFARS-252.222-7000,PART_OF
DFARS-252.222-7000-p2,DFARS-252.222-7000,PART_OF
DFARS-252.222-7001,DFARS-SP252.2,PART_OF
DFARS-252.222-7002,DFARS-SP252.2,PART_OF
DFARS-252.222-7002-p1,DFARS-252.222-7002,PART_OF
DFARS-252.222-7002-p2,DFARS-252.222-7002-p1,PART_OF
DFARS-252.222-7002-p3,DFARS-252.222-7002-p1,PART_OF
DFARS-252.222-7002-p4,DFARS-252.222-7002,PART_OF
DFARS-252.222-7002-p5,DFARS-252.222-7002,PART_OF
DFARS-252.222-7003,DFARS-SP252.2,PART_OF
DFARS-252.222-7003-p1,DFARS-252.222-7003,PART_OF
DFARS-252.222-7004,DFARS-SP252.2,PART_OF
DFARS-252.222-7004-p1,DFARS-252.222-7004,PART_OF
DFARS-252.222-7004-p2,DFARS-252.222-7004-p1,PART_OF
DFARS-252.222-7004-p3,DFARS-252.222-7004-p1,PART_OF
DFARS-252.222-7004-p4,DFARS-252.222-7004-p1,PART_OF
DFARS-252.222-7004-p5,DFARS-252.222-7004-p1,PART_OF
DFARS-252.222-7004-p6,DFARS-252.222-7004-p1,PART_OF
DFARS-252.222-7004-p7,DFARS-252.222-7004,PART_OF
DFARS-252.222-7005,DFARS-SP252.2,PART_OF
DFARS-252.222-7005-p1,DFARS-252.222-7005,PART_OF
DFARS-252.222-7006,DFARS-SP252.2,PART_OF
DFARS-252.222-7006-p1,DFARS-252.222-7006,PART_OF
DFARS-252.222-7006-p2,DFARS-252.222-7006-p1,PART_OF
DFARS-252.222-7006-p3,DFARS-252.222-7006-p1,PART_OF
DFARS-252.222-7006-p4,DFARS-252.222-7006,PART_OF
DFARS-252.222-7006-p5,DFARS-252.222-7006-p4,PART_OF
DFARS-252.222-7006-p6,DFARS-252.222-7006-p5,PART_OF
DFARS-252.222-7006-p7,DFARS-252.222-7006-p6,PART_OF
DFARS-252.222-7006-p8,DFARS-252.222-7006-p6,PART_OF
DFARS-252.222-7006-p9,DFARS-252.222-7006-p5,PART_OF
DFARS-252.222-7006-p10,DFARS-252.222-7006-p9,PART_OF
DFARS-252.222-7006-p11,DFARS-252.222-7006-p9,PART_OF
DFARS-252.222-7006-p12,DFARS-252.222-7006-p4,PART_OF
DFARS-252.222-7006-p13,DFARS-252.222-7006,PART_OF
DFARS-252.222-7006-p14,DFARS-252.222-7006,PART_OF
DFARS-252.223,DFARS-SP252.2,PART_OF
DFARS-252.223-7000,DFARS-SP252.2,PART_OF
DFARS-252.223-7001,DFARS-SP252.2,PART_OF
DFARS-252.223-7001-p1,DFARS-252.223-7001,PART_OF
DFARS-252.223-7001-p2,DFARS-252.223-7001,PART_OF
DFARS-252.223-7001-p3,DFARS-252.223-7001-p2,PART_OF
DFARS-252.223-7001-p4,DFARS-252.223-7001-p2,PART_OF
DFARS-252.223-7001-p5,DFARS-252.223-7001-p2,PART_OF
DFARS-252.223-7001-p6,DFARS-252.223-7001-p2,PART_OF
DFARS-252.223-7001-p7,DFARS-252.223-7001-p2,PART_OF
DFARS-252.223-7001-p8,DFARS-252.223-7001,PART_OF
DFARS-252.223-7001-p9,DFARS-252.223-7001,PART_OF
DFARS-252.223-7001-p10,DFARS-252.223-7001,PART_OF
DFARS-252.223-7002,DFARS-SP252.2,PART_OF
DFARS-252.223-7002-p1,DFARS-252.223-7002,PART_OF
DFARS-252.223-7002-p2,DFARS-252.223-7002-p1,PART_OF
DFARS-252.223-7002-p3,DFARS-252.223-7002-p2,PART_OF
DFARS-252.223-7002-p4,DFARS-252.223-7002-p2,PART_OF
DFARS-252.223-7002-p5,DFARS-252.223-7002-p2,PART_OF
DFARS-252.223-7002-p6,DFARS-252.223-7002-p2,PART_OF
DFARS-252.223-7002-p7,DFARS-252.223-7002-p2,PART_OF
DFARS-252.223-7002-p8,DFARS-252.223-7002-p2,PART_OF
DFARS-252.223-7002-p9,DFARS-252.223-7002-p8,PART_OF
DFARS-252.223-7002-p10,DFARS-252.223-7002-p2,PART_OF
DFARS-252.223-7002-p11,DFARS-252.223-7002-p10,PART_OF
DFARS-252.223-7002-p12,DFARS-252.223-7002-p10,PART_OF
DFARS-252.223-7002-p13,DFARS-252.223-7002-p10,PART_OF
DFARS-252.223-7002-p14,DFARS-252.223-7002-p10,PART_OF
DFARS-252.223-7002-p15,DFARS-252.223-7002-p10,PART_OF
DFARS-252.223-7002-p16,DFARS-252.223-7002-p10,PART_OF
DFARS-252.223-7002-p17,DFARS-252.223-7002-p1,PART_OF
DFARS-252.223-7002-p18,DFARS-252.223-7002-p17,PART_OF
DFARS-252.223-7002-p19,DFARS-252.223-7002-p17,PART_OF
DFARS-252.223-7002-p20,DFARS-252.223-7002-p1,PART_OF
DFARS-252.223-7002-p21,DFARS-252.223-7002-p20,PART_OF
DFARS-252.223-7002-p22,DFARS-252.223-7002-p20,PART_OF
DFARS-252.223-7002-p23,DFARS-252.223-7002-p20,PART_OF
DFARS-252.223-7002-p24,DFARS-252.223-7002-p20,PART_OF
DFARS-252.223-7002-p25,DFARS-252.223-7002-p20,PART_OF
DFARS-252.223-7002-p26,DFARS-252.223-7002-p1,PART_OF
DFARS-252.223-7002-p27,DFARS-252.223-7002-p26,PART_OF
DFARS-252.223-7002-p28,DFARS-252.223-7002-p26,PART_OF
DFARS-252.223-7002-p29,DFARS-252.223-7002-p26,PART_OF
DFARS-252.223-7002-p30,DFARS-252.223-7002-p1,PART_OF
DFARS-252.223-7002-p31,DFARS-252.223-7002-p30,PART_OF
DFARS-252.223-7002-p32,DFARS-252.223-7002-p31,PART_OF
DFARS-252.223-7002-p33,DFARS-252.223-7002-p31,PART_OF
DFARS-252.223-7002-p34,DFARS-252.223-7002-p31,PART_OF
DFARS-252.223-7002-p35,DFARS-252.223-7002-p30,PART_OF
DFARS-252.223-7002-p36,DFARS-252.223-7002-p1,PART_OF
DFARS-252.223-7002-p37,DFARS-252.223-7002-p36,PART_OF
DFARS-252.223-7002-p38,DFARS-252.223-7002-p36,PART_OF
DFARS-252.223-7002-p39,DFARS-252.223-7002,PART_OF
DFARS-252.223-7002-p40,DFARS-252.223-7002-p39,PART_OF
DFARS-252.223-7002-p41,DFARS-252.223-7002-p40,PART_OF
DFARS-252.223-7002-p42,DFARS-252.223-7002-p40,PART_OF
DFARS-252.223-7002-p43,DFARS-252.223-7002-p39,PART_OF
DFARS-252.223-7002-p44,DFARS-252.223-7002-p39,PART_OF
DFARS-252.223-7002-p45,DFARS-252.223-7002-p39,PART_OF
DFARS-252.223-7003,DFARS-SP252.2,PART_OF
DFARS-252.223-7003-p1,DFARS-252.223-7003,PART_OF
DFARS-252.223-7003-p2,DFARS-252.223-7003,PART_OF
DFARS-252.223-7003-p3,DFARS-252.223-7003,PART_OF
DFARS-252.223-7004,DFARS-SP252.2,PART_OF
DFARS-252.223-7005,DFARS-SP252.2,PART_OF
DFARS-252.223-7006,DFARS-SP252.2,PART_OF
DFARS-252.223-7006-p1,DFARS-252.223-7006,PART_OF
DFARS-252.223-7006-p2,DFARS-252.223-7006-p1,PART_OF
DFARS-252.223-7006-p3,DFARS-252.223-7006-p1,PART_OF
DFARS-252.223-7006-p4,DFARS-252.223-7006-p3,PART_OF
DFARS-252.223-7006-p5,DFARS-252.223-7006-p3,PART_OF
DFARS-252.223-7006-p6,DFARS-252.223-7006-p3,PART_OF
DFARS-252.223-7006-p7,DFARS-252.223-7006,PART_OF
DFARS-252.223-7006-p8,DFARS-252.223-7006,PART_OF
DFARS-252.223-7006-p9,DFARS-252.223-7006,PART_OF
DFARS-252.223-7006-p10,DFARS-252.223-7006,PART_OF
DFARS-252.223-7006-p11,DFARS-252.223-7006-p10,PART_OF
DFARS-252.223-7006-p12,DFARS-252.223-7006-p10,PART_OF
DFARS-252.223-7006-p13,DFARS-252.223-7006-p12,PART_OF
DFARS-252.223-7006-p14,DFARS-252.223-7006-p12,PART_OF
DFARS-252.223-7006-p15,DFARS-252.223-7006-p12,PART_OF
DFARS-252.223-7006-p16,DFARS-252.223-7006,PART_OF
DFARS-252.223-7006-p17,DFARS-252.223-7006,PART_OF
DFARS-252.223-7006-p18,DFARS-252.223-7006,PART_OF
DFARS-252.223-7007,DFARS-SP252.2,PART_OF
DFARS-252.223-7007-p1,DFARS-252.223-7007,PART_OF
DFARS-252.223-7007-p2,DFARS-252.223-7007,PART_OF
DFARS-252.223-7007-p3,DFARS-252.223-7007,PART_OF
DFARS-252.223-7007-p4,DFARS-252.223-7007-p3,PART_OF
DFARS-252.223-7007-p5,DFARS-252.223-7007-p3,PART_OF
DFARS-252.223-7007-p6,DFARS-252.223-7007-p3,PART_OF
DFARS-252.223-7007-p7,DFARS-252.223-7007-p3,PART_OF
DFARS-252.223-7007-p8,DFARS-252.223-7007-p7,PART_OF
DFARS-252.223-7007-p9,DFARS-252.223-7007-p7,PART_OF
DFARS-252.223-7007-p10,DFARS-252.223-7007-p3,PART_OF
DFARS-252.223-7008,DFARS-SP252.2,PART_OF
DFARS-252.223-7008-p1,DFARS-252.223-7008,PART_OF
DFARS-252.223-7008-p2,DFARS-252.223-7008-p1,PART_OF
DFARS-252.223-7008-p3,DFARS-252.223-7008-p2,PART_OF
DFARS-252.223-7008-p4,DFARS-252.223-7008-p2,PART_OF
DFARS-252.223-7008-p5,DFARS-252.223-7008-p1,PART_OF
DFARS-252.223-7008-p6,DFARS-252.223-7008,PART_OF
DFARS-252.223-7008-p7,DFARS-252.223-7008-p6,PART_OF
DFARS-252.223-7008-p8,DFARS-252.223-7008-p7,PART_OF
DFARS-252.223-7008-p9,DFARS-252.223-7008-p7,PART_OF
DFARS-252.223-7008-p10,DFARS-252.223-7008-p6,PART_OF
DFARS-252.223-7008-p11,DFARS-252.223-7008,PART_OF
DFARS-252.223-7008-p12,DFARS-252.223-7008,PART_OF
DFARS-252.223-7009,DFARS-SP252.2,PART_OF
DFARS-252.223-7009-p1,DFARS-252.223-7009,PART_OF
DFARS-252.223-7009-p2,DFARS-252.223-7009,PART_OF
DFARS-252.223-7009-p3,DFARS-252.223-7009,PART_OF
DFARS-252.225,DFARS-SP252.2,PART_OF
DFARS-252.225-7000,DFARS-SP252.2,PART_OF
DFARS-252.225-7000-p1,DFARS-252.225-7000,PART_OF
DFARS-252.225-7000-p2,DFARS-252.225-7000-p1,PART_OF
DFARS-252.225-7000-p3,DFARS-252.225-7000-p2,PART_OF
DFARS-252.225-7000-p4,DFARS-252.225-7000-p3,PART_OF
DFARS-252.225-7000-p5,DFARS-252.225-7000-p3,PART_OF
DFARS-252.225-7000-p6,DFARS-252.225-7000-p2,PART_OF
DFARS-252.225-7000-p7,DFARS-252.225-7000-p6,PART_OF
DFARS-252.225-7000-p8,DFARS-252.225-7000-p7,PART_OF
DFARS-252.225-7000-p9,DFARS-252.225-7000-p7,PART_OF
DFARS-252.225-7000-p10,DFARS-252.225-7000-p6,PART_OF
DFARS-252.225-7000-p11,DFARS-252.225-7000-p6,PART_OF
DFARS-252.225-7000-p12,DFARS-252.225-7000-p11,PART_OF
DFARS-252.225-7000-p13,DFARS-252.225-7000-p2,PART_OF
DFARS-252.225-7000-p14,DFARS-252.225-7000-p2,PART_OF
DFARS-252.225-7000-p15,DFARS-252.225-7000-p2,PART_OF
DFARS-252.225-7000-p16,DFARS-252.225-7000-p15,PART_OF
DFARS-252.225-7000-p17,DFARS-252.225-7000-p15,PART_OF
DFARS-252.225-7000-p18,DFARS-252.225-7000-p2,PART_OF
DFARS-252.225-7000-p19,DFARS-252.225-7000-p18,PART_OF
DFARS-252.225-7000-p20,DFARS-252.225-7000-p19,PART_OF
DFARS-252.225-7000-p21,DFARS-252.225-7000-p19,PART_OF
DFARS-252.225-7000-p22,DFARS-252.225-7000-p18,PART_OF
DFARS-252.225-7000-p23,DFARS-252.225-7000-p18,PART_OF
DFARS-252.225-7000-p24,DFARS-252.225-7000-p23,PART_OF
PART-252,SUBPART-252.2,HAS_SUBPART
SEC-252.225-7002,PROV-252.225-7002-a,HAS_PROVISION
SEC-252.225-7002,PROV-252.225-7002-b,HAS_PROVISION
SUBPART-252.2,SEC-252.225-7002,HAS_SECTION
SEC-252.225-7003,PROV-252.225-7003-a,HAS_PROVISION
SEC-252.225-7003,PROV-252.225-7003-b,HAS_PROVISION
PROV-252.225-7003-b,PROV-252.225-7003-b-1,HAS_SUBPROVISION
PROV-252.225-7003-b,PROV-252.225-7003-b-2,HAS_SUBPROVISION
PROV-252.225-7003-b-2,PROV-252.225-7003-b-2-i,HAS_SUBPROVISION
PROV-252.225-7003-b-2,PROV-252.225-7003-b-2-ii,HAS_SUBPROVISION
SEC-252.225-7003,PROV-252.225-7003-c,HAS_PROVISION
PROV-252.225-7003-c,PROV-252.225-7003-c-1,HAS_SUBPROVISION
PROV-252.225-7003-c,PROV-252.225-7003-c-2,HAS_SUBPROVISION
PROV-252.225-7003-c,PROV-252.225-7003-c-3,HAS_SUBPROVISION
SEC-252.225-7003,PROV-252.225-7003-d,HAS_PROVISION
PROV-252.225-7003-d,PROV-252.225-7003-d-1,HAS_SUBPROVISION
PROV-252.225-7003-d,PROV-252.225-7003-d-2,HAS_SUBPROVISION
SEC-252.225-7003,PROV-252.225-7003-e,HAS_PROVISION
SUBPART-252.2,SEC-252.225-7003,HAS_SECTION
SEC-252.225-7004,PROV-252.225-7004-a,HAS_PROVISION
SEC-252.225-7004,PROV-252.225-7004-b,HAS_PROVISION
PROV-252.225-7004-b,PROV-252.225-7004-b-1,HAS_SUBPROVISION
PROV-252.225-7004-b,PROV-252.225-7004-b-2,HAS_SUBPROVISION
SEC-252.225-7004,PROV-252.225-7004-c,HAS_PROVISION
PROV-252.225-7004-c,PROV-252.225-7004-c-1,HAS_SUBPROVISION
PROV-252.225-7004-c,PROV-252.225-7004-c-2,HAS_SUBPROVISION
PROV-252.225-7004-c,PROV-252.225-7004-c-3,HAS_SUBPROVISION
PROV-252.225-7004-c,PROV-252.225-7004-c-4,HAS_SUBPROVISION
PROV-252.225-7004-c,PROV-252.225-7004-c-5,HAS_SUBPROVISION
SEC-252.225-7004,PROV-252.225-7004-d,HAS_PROVISION
PROV-252.225-7004-d,PROV-252.225-7004-d-1,HAS_SUBPROVISION
PROV-252.225-7004-d-1,PROV-252.225-7004-d-1-i,HAS_SUBPROVISION
PROV-252.225-7004-d-1,PROV-252.225-7004-d-1-ii,HAS_SUBPROVISION
PROV-252.225-7004-d,PROV-252.225-7004-d-2,HAS_SUBPROVISION
SUBPART-252.2,SEC-252.225-7004,HAS_SECTION
SEC-252.225-7005,PROV-252.225-7005-a,HAS_PROVISION
SEC-252.225-7005,PROV-252.225-7005-b,HAS_PROVISION
PROV-252.225-7005-b,PROV-252.225-7005-b-1,HAS_SUBPROVISION
PROV-252.225-7005-b,PROV-252.225-7005-b-2,HAS_SUBPROVISION
SEC-252.225-7005,PROV-252.225-7005-c,HAS_PROVISION
PROV-252.225-7005-c,PROV-252.225-7005-c-1,HAS_SUBPROVISION
PROV-252.225-7005-c,PROV-252.225-7005-c-2,HAS_SUBPROVISION
PROV-252.225-7005-c,PROV-252.225-7005-c-3,HAS_SUBPROVISION
PROV-252.225-7005-c-3,PROV-252.225-7005-c-3-i,HAS_SUBPROVISION
PROV-252.225-7005-c-3,PROV-252.225-7005-c-3-ii,HAS_SUBPROVISION
PROV-252.225-7005-c-3,PROV-252.225-7005-c-3-iii,HAS_SUBPROVISION
PROV-252.225-7005-c-3,PROV-252.225-7005-c-3-iv,HAS_SUBPROVISION
SEC-252.225-7005,PROV-252.225-7005-d,HAS_PROVISION
SUBPART-252.2,SEC-252.225-7005,HAS_SECTION
SEC-252.225-7006,PROV-252.225-7006-a,HAS_PROVISION
SEC-252.225-7006,PROV-252.225-7006-b,HAS_PROVISION
SEC-252.225-7006,PROV-252.225-7006-c,HAS_PROVISION
SUBPART-252.2,SEC-252.225-7006,HAS_SECTION
SEC-252.225-7007,PROV-252.225-7007-a,HAS_PROVISION
PROV-252.225-7007-a,PROV-252.225-7007-def-600seriesoftheCommerceControlList,HAS_SUBPROVISION
PROV-252.225-7007-a,PROV-252.225-7007-def-CommunistChinesemilitarycompany,HAS_SUBPROVISION
PROV-252.225-7007-def-CommunistChinesemilitarycompany,PROV-252.225-7007-a-“Communist Chinese military company”-1,HAS_SUBPROVISION
PROV-252.225-7007-def-CommunistChinesemilitarycompany,PROV-252.225-7007-a-“Communist Chinese military company”-2,HAS_SUBPROVISION
PROV-252.225-7007-a,PROV-252.225-7007-def-Item,HAS_SUBPROVISION
PROV-252.225-7007-def-Item,PROV-252.225-7007-a-“Item”-1,HAS_SUBPROVISION
PROV-252.225-7007-def-Item,PROV-252.225-7007-a-“Item”-2,HAS_SUBPROVISION
PROV-252.225-7007-def-Item,PROV-252.225-7007-a-“Item”-3,HAS_SUBPROVISION
PROV-252.225-7007-a,PROV-252.225-7007-def-UnitedStatesMunitionsList,HAS_SUBPROVISION
SEC-252.225-7007,PROV-252.225-7007-b,HAS_PROVISION
SEC-252.225-7007,PROV-252.225-7007-c,HAS_PROVISION
SUBPART-252.2,SEC-252.225-7007,HAS_SECTION
SEC-252.225-7008,PROV-252.225-7008-a,HAS_PROVISION
PROV-252.225-7008-a,PROV-252.225-7008-def-Alloy,HAS_SUBPROVISION
PROV-252.225-7008-def-Alloy,PROV-252.225-7008-a-“Alloy”-i,HAS_SUBPROVISION
PROV-252.225-7008-def-Alloy,PROV-252.225-7008-a-“Alloy”-ii,HAS_SUBPROVISION
PROV-252.225-7008-a,PROV-252.225-7008-def-Produce,HAS_SUBPROVISION
PROV-252.225-7008-def-Produce,PROV-252.225-7008-a-“Produce”-i,HAS_SUBPROVISION
PROV-252.225-7008-def-Produce,PROV-252.225-7008-a-“Produce”-ii,HAS_SUBPROVISION
PROV-252.225-7008-def-Produce,PROV-252.225-7008-a-“Produce”-iii,HAS_SUBPROVISION
PROV-252.225-7008-a,PROV-252.225-7008-def-Specialtymetal,HAS_SUBPROVISION
PROV-252.225-7008-def-Specialtymetal,PROV-252.225-7008-a-“Specialty metal”-i,HAS_SUBPROVISION
PROV-252.225-7008-a-“Specialty metal”-i,PROV-252.225-7008-a-“Specialty metal”-i-A,HAS_SUBPROVISION
PROV-252.225-7008-a-“Specialty metal”-i,PROV-252.225-7008-a-“Specialty metal”-i-B,HAS_SUBPROVISION
PROV-252.225-7008-def-Specialtymetal,PROV-252.225-7008-a-“Specialty metal”-ii,HAS_SUBPROVISION
PROV-252.225-7008-a-“Specialty metal”-ii,PROV-252.225-7008-a-“Specialty metal”-ii-A,HAS_SUBPROVISION
PROV-252.225-7008-a-“Specialty metal”-ii,PROV-252.225-7008-a-“Specialty metal”-ii-B,HAS_SUBPROVISION
PROV-252.225-7008-def-Specialtymetal,PROV-252.225-7008-a-“Specialty metal”-iii,HAS_SUBPROVISION
PROV-252.225-7008-def-Specialtymetal,PROV-252.225-7008-a-“Specialty metal”-iv,HAS_SUBPROVISION
PROV-252.225-7008-a,PROV-252.225-7008-def-Steel,HAS_SUBPROVISION
SEC-252.225-7008,PROV-252.225-7008-b,HAS_PROVISION
SUBPART-252.2,SEC-252.225-7008,HAS_SECTION
SEC-252.225-7009,PROV-252.225-7009-a,HAS_PROVISION
PROV-252.225-7009-a,PROV-252.225-7009-def-Alloy,HAS_SUBPROVISION
PROV-252.225-7009-def-Alloy,PROV-252.225-7009-a-“Alloy”-i,HAS_SUBPROVISION
PROV-252.225-7009-def-Alloy,PROV-252.225-7009-a-“Alloy”-ii,HAS_SUBPROVISION
PROV-252.225-7009-a,PROV-252.225-7009-def-Assembly,HAS_SUBPROVISION
PROV-252.225-7009-def-Assembly,PROV-252.225-7009-a-“Assembly”-i,HAS_SUBPROVISION
PROV-252.225-7009-def-Assembly,PROV-252.225-7009-a-“Assembly”-ii,HAS_SUBPROVISION
PROV-252.225-7009-a,PROV-252.225-7009-def-Commercialderivativemilitaryarticle,HAS_SUBPROVISION
PROV-252.225-7009-a,PROV-252.225-7009-def-Commerciallyavailableofftheshelfitem,HAS_SUBPROVISION
PROV-252.225-7009-def-Commerciallyavailableofftheshelfitem,PROV-252.225-7009-a-“Commercially available off-the-shelf item”-i,HAS_SUBPROVISION
PROV-252.225-7009-a-“Commercially available off-the-shelf item”-i,PROV-252.225-7009-a-“Commercially available off-the-shelf item”-i-A,HAS_SUBPROVISION
PROV-252.225-7009-a-“Commercially available off-the-shelf item”-i,PROV-252.225-7009-a-“Commercially available off-the-shelf item”-i-B,HAS_SUBPROVISION
PROV-252.225-7009-a-“Commercially available off-the-shelf item”-i,PROV-252.225-7009-a-“Commercially available off-the-shelf item”-i-C,HAS_SUBPROVISION
PROV-252.225-7009-def-Commerciallyavailableofftheshelfitem,PROV-252.225-7009-a-“Commercially available off-the-shelf item”-ii,HAS_SUBPROVISION
PROV-252.225-7009-a,PROV-252.225-7009-def-Component,HAS_SUBPROVISION
PROV-252.225-7009-a,PROV-252.225-7009-def-Electroniccomponent,HAS_SUBPROVISION
PROV-252.225-7009-a,PROV-252.225-7009-def-Enditem,HAS_SUBPROVISION
PROV-252.225-7009-a,PROV-252.225-7009-def-Highperformancemagnet,HAS_SUBPROVISION
PROV-252.225-7009-a,PROV-252.225-7009-def-Produce,HAS_SUBPROVISION
PROV-252.225-7009-def-Produce,PROV-252.225-7009-a-“Produce”-i,HAS_SUBPROVISION
PROV-252.225-7009-def-Produce,PROV-252.225-7009-a-“Produce”-ii,HAS_SUBPROVISION
PROV-252.225-7009-def-Produce,PROV-252.225-7009-a-“Produce”-iii,HAS_SUBPROVISION
PROV-252.225-7009-a,PROV-252.225-7009-def-Qualifyingcountry,HAS_SUBPROVISION
PROV-252.225-7009-a,PROV-252.225-7009-def-Specialtymetal,HAS_SUBPROVISION
PROV-252.225-7009-def-Specialtymetal,PROV-252.225-7009-a-“Specialty metal”-i,HAS_SUBPROVISION
PROV-252.225-7009-a-“Specialty metal”-i,PROV-252.225-7009-a-“Specialty metal”-i-A,HAS_SUBPROVISION
PROV-252.225-7009-a-“Specialty metal”-i,PROV-252.225-7009-a-“Specialty metal”-i-B,HAS_SUBPROVISION
PROV-252.225-7009-def-Specialtymetal,PROV-252.225-7009-a-“Specialty metal”-ii,HAS_SUBPROVISION
PROV-252.225-7009-a-“Specialty metal”-ii,PROV-252.225-7009-a-“Specialty metal”-ii-A,HAS_SUBPROVISION
PROV-252.225-7009-a-“Specialty metal”-ii,PROV-252.225-7009-a-“Specialty metal”-ii-B,HAS_SUBPROVISION
PROV-252.225-7009-def-Specialtymetal,PROV-252.225-7009-a-“Specialty metal”-iii,HAS_SUBPROVISION
PROV-252.225-7009-def-Specialtymetal,PROV-252.225-7009-a-“Specialty metal”-iv,HAS_SUBPROVISION
PROV-252.225-7009-a,PROV-252.225-7009-def-Steel,HAS_SUBPROVISION
PROV-252.225-7009-a,PROV-252.225-7009-def-Subsystem,HAS_SUBPROVISION
PROV-252.225-7009-a,PROV-252.225-7009-a-b,HAS_SUBPROVISION
PROV-252.225-7009-a,PROV-252.225-7009-a-c,HAS_SUBPROVISION
PROV-252.225-7009-a-c,PROV-252.225-7009-a-c-1,HAS_SUBPROVISION
PROV-252.225-7009-a-c-1,PROV-252.225-7009-a-c-1-A,HAS_SUBPROVISION
PROV-252.225-7009-a-c-1,PROV-252.225-7009-a-c-1-B,HAS_SUBPROVISION
PROV-252.225-7009-a-c-1,PROV-252.225-7009-a-c-1-C,HAS_SUBPROVISION
PROV-252.225-7009-a-c-1,PROV-252.225-7009-a-c-1-D,HAS_SUBPROVISION
PROV-252.225-7009-a-c-1-D,PROV-252.225-7009-a-c-1-D-1,HAS_SUBPROVISION
PROV-252.225-7009-a-c-1-D,PROV-252.225-7009-a-c-1-D-2,HAS_SUBPROVISION
PROV-252.225-7009-a-c-1,PROV-252.225-7009-a-c-1-ii,HAS_SUBPROVISION
PROV-252.225-7009-a-c-1-ii,PROV-252.225-7009-a-c-1-ii-A,HAS_SUBPROVISION
PROV-252.225-7009-a-c-1-ii,PROV-252.225-7009-a-c-1-ii-B,HAS_SUBPROVISION
PROV-252.225-7009-a-c-1-ii,PROV-252.225-7009-a-c-1-ii-C,HAS_SUBPROVISION
PROV-252.225-7009-a-c-1-ii,PROV-252.225-7009-a-c-1-ii-D,HAS_SUBPROVISION
PROV-252.225-7009-a-c,PROV-252.225-7009-a-c-3,HAS_SUBPROVISION
PROV-252.225-7009-a-c,PROV-252.225-7009-a-c-4,HAS_SUBPROVISION
PROV-252.225-7009-a-c,PROV-252.225-7009-a-c-5,HAS_SUBPROVISION
PROV-252.225-7009-a-c-5,PROV-252.225-7009-a-c-5-i,HAS_SUBPROVISION
PROV-252.225-7009-a-c-5,PROV-252.225-7009-a-c-5-ii,HAS_SUBPROVISION
PROV-252.225-7009-a-c-5,PROV-252.225-7009-a-c-5-iii,HAS_SUBPROVISION
PROV-252.225-7009-a-c,PROV-252.225-7009-a-c-6,HAS_SUBPROVISION
PROV-252.225-7009-a,PROV-252.225-7009-a-d,HAS_SUBPROVISION
PROV-252.225-7009-a-d,PROV-252.225-7009-a-d-1,HAS_SUBPROVISION
PROV-252.225-7009-a-d-1,PROV-252.225-7009-a-d-1-i,HAS_SUBPROVISION
PROV-252.225-7009-a-d-1,PROV-252.225-7009-a-d-1-ii,HAS_SUBPROVISION
PROV-252.225-7009-a-d-1-ii,PROV-252.225-7009-a-d-1-ii-A,HAS_SUBPROVISION
PROV-252.225-7009-a-d-1-ii,PROV-252.225-7009-a-d-1-ii-B,HAS_SUBPROVISION
PROV-252.225-7009-a-d,PROV-252.225-7009-a-d-2,HAS_SUBPROVISION
PROV-252.225-7009-a,PROV-252.225-7009-a-e,HAS_SUBPROVISION
PROV-252.225-7009-a-e,PROV-252.225-7009-a-e-1,HAS_SUBPROVISION
PROV-252.225-7009-a-e,PROV-252.225-7009-a-e-2,HAS_SUBPROVISION
PROV-252.225-7009-a-e-2,PROV-252.225-7009-a-e-2-i,HAS_SUBPROVISION
PROV-252.225-7009-a-e-2,PROV-252.225-7009-a-e-2-ii,HAS_SUBPROVISION
SUBPART-252.2,SEC-252.225-7009,HAS_SECTION
SEC-252.225-7010,PROV-252.225-7010-a,HAS_PROVISION
SEC-252.225-7010,PROV-252.225-7010-b,HAS_PROVISION
SEC-252.225-7010,PROV-252.225-7010-c,HAS_PROVISION
PROV-252.225-7010-c,PROV-252.225-7010-c-1,HAS_SUBPROVISION
PROV-252.225-7010-c,PROV-252.225-7010-c-2,HAS_SUBPROVISION
SEC-252.225-7010,PROV-252.225-7010-d,HAS_PROVISION
SUBPART-252.2,SEC-252.225-7010,HAS_SECTION
SUBPART-252.2,SEC-252.225-7011,HAS_SECTION
SEC-252.225-7012,PROV-252.225-7012-a,HAS_PROVISION
PROV-252.225-7012-a,PROV-252.225-7012-def-Component,HAS_SUBPROVISION
PROV-252.225-7012-a,PROV-252.225-7012-def-Endproduct,HAS_SUBPROVISION
PROV-252.225-7012-a,PROV-252.225-7012-def-Structuralcomponentofatent,HAS_SUBPROVISION
PROV-252.225-7012-def-Structuralcomponentofatent,PROV-252.225-7012-a-“Structural component of a tent”-1,HAS_SUBPROVISION
PROV-252.225-7012-def-Structuralcomponentofatent,PROV-252.225-7012-a-“Structural component of a tent”-2,HAS_SUBPROVISION
PROV-252.225-7012-a,PROV-252.225-7012-def-UnitedStates,HAS_SUBPROVISION
PROV-252.225-7012-a,PROV-252.225-7012-def-USflagvessel,HAS_SUBPROVISION
PROV-252.225-7012-a,PROV-252.225-7012-a-b,HAS_SUBPROVISION
PROV-252.225-7012-a-b,PROV-252.225-7012-a-b-1,HAS_SUBPROVISION
PROV-252.225-7012-a-b,PROV-252.225-7012-a-b-2,HAS_SUBPROVISION
PROV-252.225-7012-a-b-2,PROV-252.225-7012-a-b-2-ii,HAS_SUBPROVISION
PROV-252.225-7012-a-b-2,PROV-252.225-7012-a-b-2-iii,HAS_SUBPROVISION
PROV-252.225-7012-a-b,PROV-252.225-7012-a-b-4,HAS_SUBPROVISION
PROV-252.225-7012-a-b,PROV-252.225-7012-a-b-5,HAS_SUBPROVISION
PROV-252.225-7012-a-b,PROV-252.225-7012-a-b-6,HAS_SUBPROVISION
PROV-252.225-7012-a-b,PROV-252.225-7012-a-b-7,HAS_SUBPROVISION
PROV-252.225-7012-a-b,PROV-252.225-7012-a-b-8,HAS_SUBPROVISION
PROV-252.225-7012-a-b,PROV-252.225-7012-a-b-9,HAS_SUBPROVISION
PROV-252.225-7012-a-b,PROV-252.225-7012-a-b-10,HAS_SUBPROVISION
PROV-252.225-7012-a,PROV-252.225-7012-a-c,HAS_SUBPROVISION
PROV-252.225-7012-a-c,PROV-252.225-7012-a-c-1,HAS_SUBPROVISION
PROV-252.225-7012-a-c,PROV-252.225-7012-a-c-2,HAS_SUBPROVISION
PROV-252.225-7012-a-c-2,PROV-252.225-7012-a-c-2-i,HAS_SUBPROVISION
PROV-252.225-7012-a-c-2,PROV-252.225-7012-a-c-2-ii,HAS_SUBPROVISION
PROV-252.225-7012-a-c,PROV-252.225-7012-a-c-3,HAS_SUBPROVISION
PROV-252.225-7012-a-c,PROV-252.225-7012-a-c-4,HAS_SUBPROVISION
PROV-252.225-7012-a-c,PROV-252.225-7012-a-c-5,HAS_SUBPROVISION
PROV-252.225-7012-a-c,PROV-252.225-7012-a-c-6,HAS_SUBPROVISION
PROV-252.225-7012-a-c-6,PROV-252.225-7012-a-c-6-i,HAS_SUBPROVISION
PROV-252.225-7012-a-c-6-i,PROV-252.225-7012-a-c-6-i-A,HAS_SUBPROVISION
PROV-252.225-7012-a-c-6-i,PROV-252.225-7012-a-c-6-i-B,HAS_SUBPROVISION
PROV-252.225-7012-a-c-6-i,PROV-252.225-7012-a-c-6-i-C,HAS_SUBPROVISION
PROV-252.225-7012-a-c-6-i,PROV-252.225-7012-a-c-6-i-D,HAS_SUBPROVISION
PROV-252.225-7012-a-c-6,PROV-252.225-7012-a-c-6-ii,HAS_SUBPROVISION
PROV-252.225-7012-a-c-6,PROV-252.225-7012-a-c-6-i~2,HAS_SUBPROVISION
PROV-252.225-7012-a-c-6,PROV-252.225-7012-a-c-6-ii~2,HAS_SUBPROVISION
PROV-252.225-7012-a-c,PROV-252.225-7012-a-c-2~2,HAS_SUBPROVISION
SUBPART-252.2,SEC-252.225-7012,HAS_SECTION
SEC-252.225-7013,PROV-252.225-7013-a,HAS_PROVISION
PROV-252.225-7013-a,PROV-252.225-7013-def-Component,HAS_SUBPROVISION
PROV-252.225-7013-a,PROV-252.225-7013-def-CustomsterritoryoftheUnitedStates,HAS_SUBPROVISION
PROV-252.225-7013-a,PROV-252.225-7013-def-Eligibleproduct,HAS_SUBPROVISION
PROV-252.225-7013-def-Eligibleproduct,PROV-252.225-7013-a-“Eligible product”-1,HAS_SUBPROVISION
PROV-252.225-7013-def-Eligibleproduct,PROV-252.225-7013-a-“Eligible product”-2,HAS_SUBPROVISION
PROV-252.225-7013-def-Eligibleproduct,PROV-252.225-7013-a-“Eligible product”-3,HAS_SUBPROVISION
SEC-252.225-7013,PROV-252.225-7013-b,HAS_PROVISION
PROV-252.225-7013-b,PROV-252.225-7013-b-1,HAS_SUBPROVISION
PROV-252.225-7013-b,PROV-252.225-7013-b-2,HAS_SUBPROVISION
PROV-252.225-7013-b,PROV-252.225-7013-b-3,HAS_SUBPROVISION
SEC-252.225-7013,PROV-252.225-7013-c,HAS_PROVISION
PROV-252.225-7013-c,PROV-252.225-7013-c-1,HAS_SUBPROVISION
PROV-252.225-7013-c,PROV-252.225-7013-c-2,HAS_SUBPROVISION
PROV-252.225-7013-c-2,PROV-252.225-7013-c-2-i,HAS_SUBPROVISION
PROV-252.225-7013-c-2,PROV-252.225-7013-c-2-ii,HAS_SUBPROVISION
SEC-252.225-7013,PROV-252.225-7013-d,HAS_PROVISION
PROV-252.225-7013-d,PROV-252.225-7013-d-1,HAS_SUBPROVISION
PROV-252.225-7013-d,PROV-252.225-7013-d-2,HAS_SUBPROVISION
SEC-252.225-7013,PROV-252.225-7013-e,HAS_PROVISION
PROV-252.225-7013-e,PROV-252.225-7013-e-1,HAS_SUBPROVISION
PROV-252.225-7013-e-1,PROV-252.225-7013-e-1-i,HAS_SUBPROVISION
PROV-252.225-7013-e-1,PROV-252.225-7013-e-1-ii,HAS_SUBPROVISION
PROV-252.225-7013-e,PROV-252.225-7013-e-2,HAS_SUBPROVISION
PROV-252.225-7013-e-2,PROV-252.225-7013-e-2-i,HAS_SUBPROVISION
PROV-252.225-7013-e-2,PROV-252.225-7013-e-2-ii,HAS_SUBPROVISION
PROV-252.225-7013-e-2,PROV-252.225-7013-e-2-iii,HAS_SUBPROVISION
PROV-252.225-7013-e-2-iii,PROV-252.225-7013-e-2-iii-B,HAS_SUBPROVISION
PROV-252.225-7013-e-2-iii,PROV-252.225-7013-e-2-iii-v,HAS_SUBPROVISION
PROV-252.225-7013-e-2-iii,PROV-252.225-7013-e-2-iii-vi,HAS_SUBPROVISION
PROV-252.225-7013-e-2-iii,PROV-252.225-7013-e-2-iii-vii,HAS_SUBPROVISION
PROV-252.225-7013-e,PROV-252.225-7013-e-f,HAS_SUBPROVISION
PROV-252.225-7013-e-f,PROV-252.225-7013-e-f-A,HAS_SUBPROVISION
PROV-252.225-7013-e-f,PROV-252.225-7013-e-f-B,HAS_SUBPROVISION
PROV-252.225-7013-e-f,PROV-252.225-7013-e-f-ii,HAS_SUBPROVISION
PROV-252.225-7013-e-f,PROV-252.225-7013-e-f-2,HAS_SUBPROVISION
PROV-252.225-7013-e,PROV-252.225-7013-e-g,HAS_SUBPROVISION
PROV-252.225-7013-e-g,PROV-252.225-7013-e-g-1,HAS_SUBPROVISION
PROV-252.225-7013-e-g,PROV-252.225-7013-e-g-2,HAS_SUBPROVISION
PROV-252.225-7013-e-g,PROV-252.225-7013-e-g-3,HAS_SUBPROVISION
PROV-252.225-7013-e-g-3,PROV-252.225-7013-e-g-3-i,HAS_SUBPROVISION
PROV-252.225-7013-e-g-3,PROV-252.225-7013-e-g-3-ii,HAS_SUBPROVISION
PROV-252.225-7013-e,PROV-252.225-7013-e-h,HAS_SUBPROVISION
PROV-252.225-7013-e-h,PROV-252.225-7013-e-h-1,HAS_SUBPROVISION
PROV-252.225-7013-e-h,PROV-252.225-7013-e-h-2,HAS_SUBPROVISION
PROV-252.225-7013-e-h,PROV-252.225-7013-e-h-3,HAS_SUBPROVISION
PROV-252.225-7013-e-h,PROV-252.225-7013-e-h-4,HAS_SUBPROVISION
PROV-252.225-7013-e-h,PROV-252.225-7013-e-h-5,HAS_SUBPROVISION
PROV-252.225-7013-e-h,PROV-252.225-7013-e-h-6,HAS_SUBPROVISION
PROV-252.225-7013-e-h,PROV-252.225-7013-e-h-7,HAS_SUBPROVISION
PROV-252.225-7013-e-h,PROV-252.225-7013-e-h-8,HAS_SUBPROVISION
PROV-252.225-7013-e-h,PROV-252.225-7013-e-h-9,HAS_SUBPROVISION
PROV-252.225-7013-e-h,PROV-252.225-7013-e-h-10,HAS_SUBPROVISION
PROV-252.225-7013-e-h-10,PROV-252.225-7013-e-h-10-i,HAS_SUBPROVISION
PROV-252.225-7013-e-h-10,PROV-252.225-7013-e-h-10-ii,HAS_SUBPROVISION
PROV-252.225-7013-e-h,PROV-252.225-7013-e-h-11,HAS_SUBPROVISION
PROV-252.225-7013-e-h,PROV-252.225-7013-e-h-12,HAS_SUBPROVISION
PROV-252.225-7013-e,PROV-252.225-7013-e-i,HAS_SUBPROVISION
PROV-252.225-7013-e-i,PROV-252.225-7013-e-i-1,HAS_SUBPROVISION
PROV-252.225-7013-e-i,PROV-252.225-7013-e-i-2,HAS_SUBPROVISION
PROV-252.225-7013-e,PROV-252.225-7013-e-j,HAS_SUBPROVISION
PROV-252.225-7013-e-j,PROV-252.225-7013-e-j-1,HAS_SUBPROVISION
PROV-252.225-7013-e-j-1,PROV-252.225-7013-e-j-1-i,HAS_SUBPROVISION
PROV-252.225-7013-e-j-1,PROV-252.225-7013-e-j-1-ii,HAS_SUBPROVISION
PROV-252.225-7013-e-j,PROV-252.225-7013-e-j-2,HAS_SUBPROVISION
PROV-252.225-7013-e-j-2,PROV-252.225-7013-e-j-2-3,HAS_SUBPROVISION
PROV-252.225-7013-e-j-2,PROV-252.225-7013-e-j-2-i,HAS_SUBPROVISION
PROV-252.225-7013-e-j-2,PROV-252.225-7013-e-j-2-ii,HAS_SUBPROVISION
PROV-252.225-7013-e-j-2,PROV-252.225-7013-e-j-2-iii,HAS_SUBPROVISION
SUBPART-252.2,SEC-252.225-7013,HAS_SECTION
SUBPART-252.2,SEC-252.225-7014,HAS_SECTION
SUBPART-252.2,SEC-252.225-7015,HAS_SECTION
SEC-252.225-7016,PROV-252.225-7016-a,HAS_PROVISION
PROV-252.225-7016-a,PROV-252.225-7016-a-1,HAS_SUBPROVISION
PROV-252.225-7016-a,PROV-252.225-7016-a-2,HAS_SUBPROVISION
PROV-252.225-7016-a,PROV-252.225-7016-a-3,HAS_SUBPROVISION
SEC-252.225-7016,PROV-252.225-7016-b,HAS_PROVISION
PROV-252.225-7016-b,PROV-252.225-7016-b-1,HAS_SUBPROVISION
PROV-252.225-7016-b,PROV-252.225-7016-b-2,HAS_SUBPROVISION
SEC-252.225-7016,PROV-252.225-7016-c,HAS_PROVISION
PROV-252.225-7016-c,PROV-252.225-7016-c-1,HAS_SUBPROVISION
PROV-252.225-7016-c,PROV-252.225-7016-c-2,HAS_SUBPROVISION
SEC-252.225-7016,PROV-252.225-7016-d,HAS_PROVISION
SEC-252.225-7016,PROV-252.225-7016-e,HAS_PROVISION
SEC-252.225-7016,PROV-252.225-7016-f,HAS_PROVISION
PROV-252.225-7016-f,PROV-252.225-7016-f-1,HAS_SUBPROVISION
PROV-252.225-7016-f,PROV-252.225-7016-f-2,HAS_SUBPROVISION
SUBPART-252.2,SEC-252.225-7016,HAS_SECTION
SEC-252.225-7017,PROV-252.225-7017-a,HAS_PROVISION
PROV-252.225-7017-a,PROV-252.225-7017-a-1,HAS_SUBPROVISION
PROV-252.225-7017-a,PROV-252.225-7017-a-2,HAS_SUBPROVISION
PROV-252.225-7017-a,PROV-252.225-7017-def-CaribbeanBasincountryphotovoltaicdevice,HAS_SUBPROVISION
PROV-252.225-7017-a,PROV-252.225-7017-a-1~2,HAS_SUBPROVISION
PROV-252.225-7017-a,PROV-252.225-7017-a-2~2,HAS_SUBPROVISION
PROV-252.225-7017-a,PROV-252.225-7017-def-Designatedcountry,HAS_SUBPROVISION
PROV-252.225-7017-a,PROV-252.225-7017-a-1~3,HAS_SUBPROVISION
PROV-252.225-7017-a,PROV-252.225-7017-a-2~3,HAS_SUBPROVISION
PROV-252.225-7017-a,PROV-252.225-7017-a-3,HAS_SUBPROVISION
PROV-252.225-7017-a,PROV-252.225-7017-a-4,HAS_SUBPROVISION
PROV-252.225-7017-a,PROV-252.225-7017-def-Designatedcountryphotovoltaicdevice,HAS_SUBPROVISION
PROV-252.225-7017-a,PROV-252.225-7017-def-Domesticphotovoltaicdevice,HAS_SUBPROVISION
PROV-252.225-7017-a,PROV-252.225-7017-def-Foreignphotovoltaicdevice,HAS_SUBPROVISION
PROV-252.225-7017-a,PROV-252.225-7017-def-FreeTradeAgreementcountry,HAS_SUBPROVISION
PROV-252.225-7017-a,PROV-252.225-7017-def-FreeTradeAgreementcountryphotovoltaicdev,HAS_SUBPROVISION
PROV-252.225-7017-a,PROV-252.225-7017-a-1~4,HAS_SUBPROVISION
PROV-252.225-7017-a,PROV-252.225-7017-a-2~4,HAS_SUBPROVISION
PROV-252.225-7017-a,PROV-252.225-7017-def-Koreanphotovoltaicdevice,HAS_SUBPROVISION
PROV-252.225-7017-a,PROV-252.225-7017-a-1~5,HAS_SUBPROVISION
PROV-252.225-7017-a,PROV-252.225-7017-a-2~5,HAS_SUBPROVISION
PROV-252.225-7017-a,PROV-252.225-7017-def-Leastdevelopedcountryphotovoltaicdevice,HAS_SUBPROVISION
PROV-252.225-7017-def-Leastdevelopedcountryphotovoltaicdevice,PROV-252.225-7017-a-“Least developed country photovoltaic device”-1,HAS_SUBPROVISION
PROV-252.225-7017-def-Leastdevelopedcountryphotovoltaicdevice,PROV-252.225-7017-a-“Least developed country photovoltaic device”-2,HAS_SUBPROVISION
PROV-252.225-7017-a,PROV-252.225-7017-def-Moroccanphotovoltaicdevice,HAS_SUBPROVISION
PROV-252.225-7017-def-Moroccanphotovoltaicdevice,PROV-252.225-7017-a-“Moroccan photovoltaic device”-1,HAS_SUBPROVISION
PROV-252.225-7017-def-Moroccanphotovoltaicdevice,PROV-252.225-7017-a-“Moroccan photovoltaic device”-2,HAS_SUBPROVISION
PROV-252.225-7017-a,PROV-252.225-7017-def-Panamanianphotovoltaicdevice,HAS_SUBPROVISION
PROV-252.225-7017-def-Panamanianphotovoltaicdevice,PROV-252.225-7017-a-“Panamanian photovoltaic device”-1,HAS_SUBPROVISION
PROV-252.225-7017-def-Panamanianphotovoltaicdevice,PROV-252.225-7017-a-“Panamanian photovoltaic device”-2,HAS_SUBPROVISION
PROV-252.225-7017-a,PROV-252.225-7017-def-Peruvianphotovoltaicdevice,HAS_SUBPROVISION
PROV-252.225-7017-def-Peruvianphotovoltaicdevice,PROV-252.225-7017-a-“Peruvian photovoltaic device”-1,HAS_SUBPROVISION
PROV-252.225-7017-def-Peruvianphotovoltaicdevice,PROV-252.225-7017-a-“Peruvian photovoltaic device”-2,HAS_SUBPROVISION
PROV-252.225-7017-a,PROV-252.225-7017-def-Qualifyingcountry,HAS_SUBPROVISION
PROV-252.225-7017-a,PROV-252.225-7017-def-Qualifyingcountryphotovoltaicdevice,HAS_SUBPROVISION
PROV-252.225-7017-a,PROV-252.225-7017-def-UnitedStates,HAS_SUBPROVISION
PROV-252.225-7017-a,PROV-252.225-7017-def-USmadephotovoltaicdevice,HAS_SUBPROVISION
PROV-252.225-7017-def-USmadephotovoltaicdevice,PROV-252.225-7017-a-“U.S.-made photovoltaic device”-1,HAS_SUBPROVISION
PROV-252.225-7017-def-USmadephotovoltaicdevice,PROV-252.225-7017-a-“U.S.-made photovoltaic device”-2,HAS_SUBPROVISION
PROV-252.225-7017-a,PROV-252.225-7017-def-WTOGPAcountryphotovoltaicdevice,HAS_SUBPROVISION
PROV-252.225-7017-def-WTOGPAcountryphotovoltaicdevice,PROV-252.225-7017-a-“WTO GPA country photovoltaic device”-1,HAS_SUBPROVISION
PROV-252.225-7017-def-WTOGPAcountryphotovoltaicdevice,PROV-252.225-7017-a-“WTO GPA country photovoltaic device”-2,HAS_SUBPROVISION
SEC-252.225-7017,PROV-252.225-7017-b,HAS_PROVISION
SEC-252.225-7017,PROV-252.225-7017-c,HAS_PROVISION
PROV-252.225-7017-c,PROV-252.225-7017-c-1,HAS_SUBPROVISION
PROV-252.225-7017-c,PROV-252.225-7017-c-2,HAS_SUBPROVISION
PROV-252.225-7017-c,PROV-252.225-7017-c-3,HAS_SUBPROVISION
PROV-252.225-7017-c,PROV-252.225-7017-c-4,HAS_SUBPROVISION
SUBPART-252.2,SEC-252.225-7017,HAS_SECTION
SEC-252.225-7018,PROV-252.225-7018-a,HAS_PROVISION
SEC-252.225-7018,PROV-252.225-7018-b,HAS_PROVISION
PROV-252.225-7018-b,PROV-252.225-7018-b-1,HAS_SUBPROVISION
PROV-252.225-7018-b,PROV-252.225-7018-b-2,HAS_SUBPROVISION
SEC-252.225-7018,PROV-252.225-7018-c,HAS_PROVISION
SEC-252.225-7018,PROV-252.225-7018-d,HAS_PROVISION
PROV-252.225-7018-d,PROV-252.225-7018-d-2,HAS_SUBPROVISION
PROV-252.225-7018-d,PROV-252.225-7018-d-3,HAS_SUBPROVISION
PROV-252.225-7018-d,PROV-252.225-7018-d-4,HAS_SUBPROVISION
PROV-252.225-7018-d,PROV-252.225-7018-d-5,HAS_SUBPROVISION
PROV-252.225-7018-d,PROV-252.225-7018-d-6,HAS_SUBPROVISION
SUBPART-252.2,SEC-252.225-7018,HAS_SECTION
SEC-252.225-7019,PROV-252.225-7019-a,HAS_PROVISION
SEC-252.225-7019,PROV-252.225-7019-def-Component,HAS_PROVISION
SEC-252.225-7019,PROV-252.225-7019-b,HAS_PROVISION
PROV-252.225-7019-b,PROV-252.225-7019-b-1,HAS_SUBPROVISION
PROV-252.225-7019-b,PROV-252.225-7019-b-2,HAS_SUBPROVISION
SEC-252.225-7019,PROV-252.225-7019-c,HAS_PROVISION
SEC-252.225-7019,PROV-252.225-7019-d,HAS_PROVISION
SUBPART-252.2,SEC-252.225-7019,HAS_SECTION
SEC-252.225-7020,PROV-252.225-7020-basic,HAS_PROVISION
PROV-252.225-7020-basic,PROV-252.225-7020-basic-a,HAS_SUBPROVISION
PROV-252.225-7020-basic,PROV-252.225-7020-basic-b,HAS_SUBPROVISION
PROV-252.225-7020-basic-b,PROV-252.225-7020-basic-b-1,HAS_SUBPROVISION
PROV-252.225-7020-basic-b,PROV-252.225-7020-basic-b-2,HAS_SUBPROVISION
PROV-252.225-7020-basic-b-2,PROV-252.225-7020-basic-b-2-i,HAS_SUBPROVISION
PROV-252.225-7020-basic-b-2,PROV-252.225-7020-basic-b-2-ii,HAS_SUBPROVISION
PROV-252.225-7020-basic-b-2,PROV-252.225-7020-basic-b-2-iii,HAS_SUBPROVISION
PROV-252.225-7020-basic,PROV-252.225-7020-basic-c,HAS_SUBPROVISION
PROV-252.225-7020-basic-c,PROV-252.225-7020-basic-c-1,HAS_SUBPROVISION
PROV-252.225-7020-basic-c,PROV-252.225-7020-basic-c-2,HAS_SUBPROVISION
SEC-252.225-7020,PROV-252.225-7020-alternatei,HAS_PROVISION
PROV-252.225-7020-alternatei,PROV-252.225-7020-alternatei-a,HAS_SUBPROVISION
PROV-252.225-7020-alternatei,PROV-252.225-7020-alternatei-b,HAS_SUBPROVISION
PROV-252.225-7020-alternatei-b,PROV-252.225-7020-alternatei-b-1,HAS_SUBPROVISION
PROV-252.225-7020-alternatei-b,PROV-252.225-7020-alternatei-b-2,HAS_SUBPROVISION
PROV-252.225-7020-alternatei-b-2,PROV-252.225-7020-alternatei-b-2-i,HAS_SUBPROVISION
PROV-252.225-7020-alternatei-b-2,PROV-252.225-7020-alternatei-b-2-ii,HAS_SUBPROVISION
PROV-252.225-7020-alternatei-b-2,PROV-252.225-7020-alternatei-b-2-iii,HAS_SUBPROVISION
PROV-252.225-7020-alternatei,PROV-252.225-7020-alternatei-c,HAS_SUBPROVISION
PROV-252.225-7020-alternatei-c,PROV-252.225-7020-alternatei-c-1,HAS_SUBPROVISION
PROV-252.225-7020-alternatei,PROV-252.225-7020-alternatei-ii,HAS_SUBPROVISION
SUBPART-252.2,SEC-252.225-7020,HAS_SECTION
SEC-252.225-7021,PROV-252.225-7021-basic,HAS_PROVISION
PROV-252.225-7021-basic,PROV-252.225-7021-basic-a,HAS_SUBPROVISION
PROV-252.225-7021-basic-a,PROV-252.225-7021-def-CaribbeanBasincountryendproduct,HAS_SUBPROVISION
PROV-252.225-7021-basic-a,PROV-252.225-7021-basic-a-1,HAS_SUBPROVISION
PROV-252.225-7021-basic-a-1,PROV-252.225-7021-basic-a-1-i,HAS_SUBPROVISION
PROV-252.225-7021-basic-a-1,PROV-252.225-7021-basic-a-1-ii,HAS_SUBPROVISION
PROV-252.225-7021-basic-a,PROV-252.225-7021-basic-a-2,HAS_SUBPROVISION
PROV-252.225-7021-basic-a-2,PROV-252.225-7021-basic-a-2-i,HAS_SUBPROVISION
PROV-252.225-7021-basic-a-2,PROV-252.225-7021-basic-a-2-ii,HAS_SUBPROVISION
PROV-252.225-7021-basic-a-2,PROV-252.225-7021-basic-a-2-iii,HAS_SUBPROVISION
PROV-252.225-7021-basic-a,PROV-252.225-7021-def-CommerciallyavailableofftheshelfCOTSitem,HAS_SUBPROVISION
PROV-252.225-7021-basic-a,PROV-252.225-7021-basic-a-1~2,HAS_SUBPROVISION
PROV-252.225-7021-basic-a-1~2,PROV-252.225-7021-basic-a-1-i~2,HAS_SUBPROVISION
PROV-252.225-7021-basic-a-1~2,PROV-252.225-7021-basic-a-1-ii~2,HAS_SUBPROVISION
PROV-252.225-7021-basic-a-1~2,PROV-252.225-7021-basic-a-1-iii,HAS_SUBPROVISION
PROV-252.225-7021-basic-a,PROV-252.225-7021-basic-a-2~2,HAS_SUBPROVISION
PROV-252.225-7021-basic-a,PROV-252.225-7021-def-Component,HAS_SUBPROVISION
PROV-252.225-7021-basic-a,PROV-252.225-7021-def-Designatedcountry,HAS_SUBPROVISION
PROV-252.225-7021-basic-a,PROV-252.225-7021-basic-a-1~3,HAS_SUBPROVISION
PROV-252.225-7021-basic-a,PROV-252.225-7021-basic-a-2~3,HAS_SUBPROVISION
PROV-252.225-7021-basic-a,PROV-252.225-7021-basic-a-3,HAS_SUBPROVISION
PROV-252.225-7021-basic-a,PROV-252.225-7021-basic-a-4,HAS_SUBPROVISION
PROV-252.225-7021-basic-a,PROV-252.225-7021-def-Designatedcountryendproduct,HAS_SUBPROVISION
PROV-252.225-7021-basic-a,PROV-252.225-7021-def-Endproduct,HAS_SUBPROVISION
PROV-252.225-7021-basic-a,PROV-252.225-7021-def-FreeTradeAgreementcountryendproduct,HAS_SUBPROVISION
PROV-252.225-7021-basic-a,PROV-252.225-7021-basic-a-1~4,HAS_SUBPROVISION
PROV-252.225-7021-basic-a-1~4,PROV-252.225-7021-basic-a-1-2,HAS_SUBPROVISION
PROV-252.225-7021-basic-a,PROV-252.225-7021-def-Leastdevelopedcountryendproduct,HAS_SUBPROVISION
PROV-252.225-7021-def-Leastdevelopedcountryendproduct,PROV-252.225-7021-basic-a-“Least developed country end product”-1,HAS_SUBPROVISION
PROV-252.225-7021-def-Leastdevelopedcountryendproduct,PROV-252.225-7021-basic-a-“Least developed country end product”-2,HAS_SUBPROVISION
PROV-252.225-7021-basic-a,PROV-252.225-7021-def-Nondesignatedcountryendproduct,HAS_SUBPROVISION
PROV-252.225-7021-basic-a,PROV-252.225-7021-def-Qualifyingcountry,HAS_SUBPROVISION
PROV-252.225-7021-basic-a,PROV-252.225-7021-def-Qualifyingcountryendproduct,HAS_SUBPROVISION
PROV-252.225-7021-def-Qualifyingcountryendproduct,PROV-252.225-7021-basic-a-“Qualifying country end product”-1,HAS_SUBPROVISION
PROV-252.225-7021-def-Qualifyingcountryendproduct,PROV-252.225-7021-basic-a-“Qualifying country end product”-2,HAS_SUBPROVISION
PROV-252.225-7021-basic-a-“Qualifying country end product”-2,PROV-252.225-7021-basic-a-“Qualifying country end product”-2-i,HAS_SUBPROVISION
PROV-252.225-7021-basic-a-“Qualifying country end product”-2-i,PROV-252.225-7021-basic-a-“Qualifying country end product”-2-i-A,HAS_SUBPROVISION
PROV-252.225-7021-basic-a-“Qualifying country end product”-2-i,PROV-252.225-7021-basic-a-“Qualifying country end product”-2-i-B,HAS_SUBPROVISION
PROV-252.225-7021-basic-a-“Qualifying country end product”-2-i,PROV-252.225-7021-basic-a-“Qualifying country end product”-2-i-C,HAS_SUBPROVISION
PROV-252.225-7021-basic-a-“Qualifying country end product”-2,PROV-252.225-7021-basic-a-“Qualifying country end product”-2-ii,HAS_SUBPROVISION
PROV-252.225-7021-basic,PROV-252.225-7021-def-UnitedStates,HAS_SUBPROVISION
PROV-252.225-7021-basic,PROV-252.225-7021-def-USmadeendproduct,HAS_SUBPROVISION
PROV-252.225-7021-def-USmadeendproduct,PROV-252.225-7021-basic-“U.S.-made end product”-1,HAS_SUBPROVISION
PROV-252.225-7021-def-USmadeendproduct,PROV-252.225-7021-basic-“U.S.-made end product”-2,HAS_SUBPROVISION
PROV-252.225-7021-basic,PROV-252.225-7021-def-WTOGPAcountryendproduct,HAS_SUBPROVISION
PROV-252.225-7021-def-WTOGPAcountryendproduct,PROV-252.225-7021-basic-“WTO GPA country end product”-1,HAS_SUBPROVISION
PROV-252.225-7021-def-WTOGPAcountryendproduct,PROV-252.225-7021-basic-“WTO GPA country end product”-2,HAS_SUBPROVISION
PROV-252.225-7021-basic,PROV-252.225-7021-basic-b,HAS_SUBPROVISION
PROV-252.225-7021-basic,PROV-252.225-7021-basic-c,HAS_SUBPROVISION
PROV-252.225-7021-basic-c,PROV-252.225-7021-basic-c-1,HAS_SUBPROVISION
PROV-252.225-7021-basic-c-1,PROV-252.225-7021-basic-c-1-ii,HAS_SUBPROVISION
PROV-252.225-7021-basic,PROV-252.225-7021-basic-d,HAS_SUBPROVISION
PROV-252.225-7021-basic,PROV-252.225-7021-basic-e,HAS_SUBPROVISION
PROV-252.225-7021-basic-e,PROV-252.225-7021-basic-e-1,HAS_SUBPROVISION
PROV-252.225-7021-basic-e,PROV-252.225-7021-basic-e-2,HAS_SUBPROVISION
PROV-252.225-7021-basic-e,PROV-252.225-7021-basic-e-3,HAS_SUBPROVISION
PROV-252.225-7021-basic-e,PROV-252.225-7021-basic-e-4,HAS_SUBPROVISION
SEC-252.225-7021,PROV-252.225-7021-alternatei,HAS_PROVISION
SEC-252.225-7021,PROV-252.225-7021-alternateii,HAS_PROVISION
PROV-252.225-7021-alternateii,PROV-252.225-7021-alternateii-a,HAS_SUBPROVISION
PROV-252.225-7021-alternateii-a,PROV-252.225-7021-def-CaribbeanBasincountryendproduct~2,HAS_SUBPROVISION
PROV-252.225-7021-alternateii-a,PROV-252.225-7021-alternateii-a-1,HAS_SUBPROVISION
PROV-252.225-7021-alternateii-a-1,PROV-252.225-7021-alternateii-a-1-i,HAS_SUBPROVISION
PROV-252.225-7021-alternateii-a-1,PROV-252.225-7021-alternateii-a-1-ii,HAS_SUBPROVISION
PROV-252.225-7021-alternateii-a,PROV-252.225-7021-alternateii-a-2,HAS_SUBPROVISION
PROV-252.225-7021-alternateii-a-2,PROV-252.225-7021-alternateii-a-2-i,HAS_SUBPROVISION
PROV-252.225-7021-alternateii-a-2,PROV-252.225-7021-alternateii-a-2-ii,HAS_SUBPROVISION
PROV-252.225-7021-alternateii-a-2,PROV-252.225-7021-alternateii-a-2-iii,HAS_SUBPROVISION
PROV-252.225-7021-alternateii-a,PROV-252.225-7021-def-CommerciallyavailableofftheshelfCOTSitem~2,HAS_SUBPROVISION
PROV-252.225-7021-alternateii-a,PROV-252.225-7021-alternateii-a-1~2,HAS_SUBPROVISION
PROV-252.225-7021-alternateii-a-1~2,PROV-252.225-7021-alternateii-a-1-i~2,HAS_SUBPROVISION
PROV-252.225-7021-alternateii-a-1~2,PROV-252.225-7021-alternateii-a-1-ii~2,HAS_SUBPROVISION
PROV-252.225-7021-alternateii-a-1~2,PROV-252.225-7021-alternateii-a-1-iii,HAS_SUBPROVISION
PROV-252.225-7021-alternateii-a,PROV-252.225-7021-alternateii-a-2~2,HAS_SUBPROVISION
PROV-252.225-7021-alternateii-a,PROV-252.225-7021-def-Component~2,HAS_SUBPROVISION
PROV-252.225-7021-alternateii-a,PROV-252.225-7021-def-Designatedcountry~2,HAS_SUBPROVISION
PROV-252.225-7021-alternateii-a,PROV-252.225-7021-alternateii-a-1~3,HAS_SUBPROVISION
PROV-252.225-7021-alternateii-a,PROV-252.225-7021-alternateii-a-2~3,HAS_SUBPROVISION
PROV-252.225-7021-alternateii-a,PROV-252.225-7021-alternateii-a-3,HAS_SUBPROVISION
PROV-252.225-7021-alternateii-a,PROV-252.225-7021-alternateii-a-4,HAS_SUBPROVISION
PROV-252.225-7021-alternateii-a,PROV-252.225-7021-def-Designatedcountryendproduct~2,HAS_SUBPROVISION
PROV-252.225-7021-alternateii-a,PROV-252.225-7021-def-Endproduct~2,HAS_SUBPROVISION
PROV-252.225-7021-alternateii-a,PROV-252.225-7021-def-FreeTradeAgreementcountryendproduct~2,HAS_SUBPROVISION
PROV-252.225-7021-alternateii-a,PROV-252.225-7021-alternateii-a-1~4,HAS_SUBPROVISION
PROV-252.225-7021-alternateii-a,PROV-252.225-7021-alternateii-a-2~4,HAS_SUBPROVISION
PROV-252.225-7021-alternateii-a,PROV-252.225-7021-def-Leastdevelopedcountryendproduct~2,HAS_SUBPROVISION
PROV-252.225-7021-def-Leastdevelopedcountryendproduct~2,PROV-252.225-7021-alternateii-a-“Least developed country end product”-1,HAS_SUBPROVISION
PROV-252.225-7021-def-Leastdevelopedcountryendproduct~2,PROV-252.225-7021-alternateii-a-“Least developed country end product”-2,HAS_SUBPROVISION
PROV-252.225-7021-alternateii-a,PROV-252.225-7021-def-Nondesignatedcountryendproduct~2,HAS_SUBPROVISION
PROV-252.225-7021-alternateii-a,PROV-252.225-7021-def-Qualifyingcountry~2,HAS_SUBPROVISION
PROV-252.225-7021-alternateii-a,PROV-252.225-7021-def-Qualifyingcountryendproduct~2,HAS_SUBPROVISION
PROV-252.225-7021-def-Qualifyingcountryendproduct~2,PROV-252.225-7021-alternateii-a-“Qualifying country end product”-1,HAS_SUBPROVISION
PROV-252.225-7021-def-Qualifyingcountryendproduct~2,PROV-252.225-7021-alternateii-a-“Qualifying country end product”-2,HAS_SUBPROVISION
PROV-252.225-7021-alternateii-a-“Qualifying country end product”-2,PROV-252.225-7021-alternateii-a-“Qualifying country end product”-2-i,HAS_SUBPROVISION
PROV-252.225-7021-alternateii-a-“Qualifying country end product”-2-i,PROV-252.225-7021-alternateii-a-“Qualifying country end product”-2-i-A,HAS_SUBPROVISION
PROV-252.225-7021-alternateii-a-“Qualifying country end product”-2-i,PROV-252.225-7021-alternateii-a-“Qualifying country end product”-2-i-B,HAS_SUBPROVISION
PROV-252.225-7021-alternateii-a-“Qualifying country end product”-2-i,PROV-252.225-7021-alternateii-a-“Qualifying country end product”-2-i-C,HAS_SUBPROVISION
PROV-252.225-7021-alternateii-a-“Qualifying country end product”-2,PROV-252.225-7021-alternateii-a-“Qualifying country end product”-2-ii,HAS_SUBPROVISION
PROV-252.225-7021-alternateii-a,PROV-252.225-7021-def-SouthCaucasusCentralandSouthAsianSCCASAs,HAS_SUBPROVISION
PROV-252.225-7021-alternateii-a,PROV-252.225-7021-def-SouthCaucasusCentralandSouthAsianSCCASAs~2,HAS_SUBPROVISION
PROV-252.225-7021-def-SouthCaucasusCentralandSouthAsianSCCASAs~2,PROV-252.225-7021-alternateii-a-“South Caucasus/Central and South Asian (SC/CASA) state end product”-1,HAS_SUBPROVISION
PROV-252.225-7021-def-SouthCaucasusCentralandSouthAsianSCCASAs~2,PROV-252.225-7021-alternateii-a-“South Caucasus/Central and South Asian (SC/CASA) state end product”-2,HAS_SUBPROVISION
PROV-252.225-7021-alternateii-a,PROV-252.225-7021-def-UnitedStates~2,HAS_SUBPROVISION
PROV-252.225-7021-alternateii-a,PROV-252.225-7021-def-USmadeendproduct~2,HAS_SUBPROVISION
PROV-252.225-7021-def-USmadeendproduct~2,PROV-252.225-7021-alternateii-a-“U.S.-made end product”-1,HAS_SUBPROVISION
PROV-252.225-7021-def-USmadeendproduct~2,PROV-252.225-7021-alternateii-a-“U.S.-made end product”-2,HAS_SUBPROVISION
PROV-252.225-7021-alternateii-a,PROV-252.225-7021-def-WTOGPAcountryendproduct~2,HAS_SUBPROVISION
PROV-252.225-7021-def-WTOGPAcountryendproduct~2,PROV-252.225-7021-alternateii-a-“WTO GPA country end product”-1,HAS_SUBPROVISION
PROV-252.225-7021-def-WTOGPAcountryendproduct~2,PROV-252.225-7021-alternateii-a-“WTO GPA country end product”-2,HAS_SUBPROVISION
PROV-252.225-7021-alternateii,PROV-252.225-7021-alternateii-b,HAS_SUBPROVISION
PROV-252.225-7021-alternateii,PROV-252.225-7021-alternateii-c,HAS_SUBPROVISION
PROV-252.225-7021-alternateii-c,PROV-252.225-7021-alternateii-c-1,HAS_SUBPROVISION
PROV-252.225-7021-alternateii-c-1,PROV-252.225-7021-alternateii-c-1-ii,HAS_SUBPROVISION
PROV-252.225-7021-alternateii,PROV-252.225-7021-alternateii-d,HAS_SUBPROVISION
PROV-252.225-7021-alternateii,PROV-252.225-7021-alternateii-e,HAS_SUBPROVISION
PROV-252.225-7021-alternateii,PROV-252.225-7021-alternateii-f,HAS_SUBPROVISION
PROV-252.225-7021-alternateii-f,PROV-252.225-7021-alternateii-f-1,HAS_SUBPROVISION
PROV-252.225-7021-alternateii-f,PROV-252.225-7021-alternateii-f-2,HAS_SUBPROVISION
PROV-252.225-7021-alternateii-f,PROV-252.225-7021-alternateii-f-3,HAS_SUBPROVISION
PROV-252.225-7021-alternateii-f,PROV-252.225-7021-alternateii-f-4,HAS_SUBPROVISION
SEC-252.225-7021,PROV-252.225-7021-alternateiii,HAS_PROVISION
PROV-252.225-7021-alternateiii,PROV-252.225-7021-alternateiii-a,HAS_SUBPROVISION
PROV-252.225-7021-alternateiii-a,PROV-252.225-7021-def-CaribbeanBasincountryendproduct~3,HAS_SUBPROVISION
PROV-252.225-7021-alternateiii-a,PROV-252.225-7021-alternateiii-a-1,HAS_SUBPROVISION
PROV-252.225-7021-alternateiii-a-1,PROV-252.225-7021-alternateiii-a-1-i,HAS_SUBPROVISION
PROV-252.225-7021-alternateiii-a-1,PROV-252.225-7021-alternateiii-a-1-ii,HAS_SUBPROVISION
PROV-252.225-7021-alternateiii-a,PROV-252.225-7021-alternateiii-a-2,HAS_SUBPROVISION
PROV-252.225-7021-alternateiii-a-2,PROV-252.225-7021-alternateiii-a-2-i,HAS_SUBPROVISION
PROV-252.225-7021-alternateiii-a-2,PROV-252.225-7021-alternateiii-a-2-ii,HAS_SUBPROVISION
PROV-252.225-7021-alternateiii-a-2,PROV-252.225-7021-alternateiii-a-2-iii,HAS_SUBPROVISION
PROV-252.225-7021-alternateiii-a,PROV-252.225-7021-def-CommerciallyavailableofftheshelfCOTSitem~3,HAS_SUBPROVISION
PROV-252.225-7021-alternateiii-a,PROV-252.225-7021-alternateiii-a-1~2,HAS_SUBPROVISION
PROV-252.225-7021-alternateiii-a-1~2,PROV-252.225-7021-alternateiii-a-1-i~2,HAS_SUBPROVISION
PROV-252.225-7021-alternateiii-a-1~2,PROV-252.225-7021-alternateiii-a-1-ii~2,HAS_SUBPROVISION
PROV-252.225-7021-alternateiii-a-1~2,PROV-252.225-7021-alternateiii-a-1-iii,HAS_SUBPROVISION
PROV-252.225-7021-alternateiii-a,PROV-252.225-7021-alternateiii-a-2~2,HAS_SUBPROVISION
PROV-252.225-7021-alternateiii-a,PROV-252.225-7021-def-Component~3,HAS_SUBPROVISION
PROV-252.225-7021-alternateiii-a,PROV-252.225-7021-def-Designatedcountry~3,HAS_SUBPROVISION
PROV-252.225-7021-alternateiii-a,PROV-252.225-7021-alternateiii-a-1~3,HAS_SUBPROVISION
PROV-252.225-7021-alternateiii-a,PROV-252.225-7021-alternateiii-a-2~3,HAS_SUBPROVISION
PROV-252.225-7021-alternateiii-a,PROV-252.225-7021-alternateiii-a-3,HAS_SUBPROVISION
PROV-252.225-7021-alternateiii-a,PROV-252.225-7021-alternateiii-a-4,HAS_SUBPROVISION
PROV-252.225-7021-alternateiii-a,PROV-252.225-7021-def-Designatedcountryendproduct~3,HAS_SUBPROVISION
PROV-252.225-7021-alternateiii-a,PROV-252.225-7021-def-Endproduct~3,HAS_SUBPROVISION
PROV-252.225-7021-alternateiii-a,PROV-252.225-7021-def-FreeTradeAgreementcountryendproduct~3,HAS_SUBPROVISION
PROV-252.225-7021-def-FreeTradeAgreementcountryendproduct~3,PROV-252.225-7021-alternateiii-a-“Free Trade Agreement country end product”-1,HAS_SUBPROVISION
PROV-252.225-7021-def-FreeTradeAgreementcountryendproduct~3,PROV-252.225-7021-alternateiii-a-“Free Trade Agreement country end product”-2,HAS_SUBPROVISION
PROV-252.225-7021-alternateiii-a,PROV-252.225-7021-def-Leastdevelopedcountryendproduct~3,HAS_SUBPROVISION
PROV-252.225-7021-def-Leastdevelopedcountryendproduct~3,PROV-252.225-7021-alternateiii-a-“Least developed country end product”-1,HAS_SUBPROVISION
PROV-252.225-7021-def-Leastdevelopedcountryendproduct~3,PROV-252.225-7021-alternateiii-a-“Least developed country end product”-2,HAS_SUBPROVISION
PROV-252.225-7021-alternateiii-a,PROV-252.225-7021-def-Nondesignatedcountryendproduct~3,HAS_SUBPROVISION
PROV-252.225-7021-alternateiii-a,PROV-252.225-7021-def-Qualifyingcountry~3,HAS_SUBPROVISION
PROV-252.225-7021-alternateiii-a,PROV-252.225-7021-def-Qualifyingcountryendproduct~3,HAS_SUBPROVISION
PROV-252.225-7021-def-Qualifyingcountryendproduct~3,PROV-252.225-7021-alternateiii-a-“Qualifying country end product”-1,HAS_SUBPROVISION
PROV-252.225-7021-def-Qualifyingcountryendproduct~3,PROV-252.225-7021-alternateiii-a-“Qualifying country end product”-2,HAS_SUBPROVISION
PROV-252.225-7021-alternateiii-a-“Qualifying country end product”-2,PROV-252.225-7021-alternateiii-a-“Qualifying country end product”-2-i,HAS_SUBPROVISION
PROV-252.225-7021-alternateiii-a-“Qualifying country end product”-2-i,PROV-252.225-7021-alternateiii-a-“Qualifying country end product”-2-i-A,HAS_SUBPROVISION
PROV-252.225-7021-alternateiii-a-“Qualifying country end product”-2-i,PROV-252.225-7021-alternateiii-a-“Qualifying country end product”-2-i-B,HAS_SUBPROVISION
PROV-252.225-7021-alternateiii-a-“Qualifying country end product”-2-i,PROV-252.225-7021-alternateiii-a-“Qualifying country end product”-2-i-C,HAS_SUBPROVISION
PROV-252.225-7021-alternateiii-a-“Qualifying country end product”-2,PROV-252.225-7021-alternateiii-a-“Qualifying country end product”-2-ii,HAS_SUBPROVISION
PROV-252.225-7021-alternateiii-a,PROV-252.225-7021-def-UnitedStates~3,HAS_SUBPROVISION
PROV-252.225-7021-alternateiii-a,PROV-252.225-7021-def-USmadeendproduct~3,HAS_SUBPROVISION
PROV-252.225-7021-def-USmadeendproduct~3,PROV-252.225-7021-alternateiii-a-“U.S.-made end product”-1,HAS_SUBPROVISION
PROV-252.225-7021-def-USmadeendproduct~3,PROV-252.225-7021-alternateiii-a-“U.S.-made end product”-2,HAS_SUBPROVISION
PROV-252.225-7021-alternateiii-a,PROV-252.225-7021-def-WTOGPAcountryendproduct~3,HAS_SUBPROVISION
PROV-252.225-7021-def-WTOGPAcountryendproduct~3,PROV-252.225-7021-alternateiii-a-“WTO GPA country end product”-1,HAS_SUBPROVISION
PROV-252.225-7021-def-WTOGPAcountryendproduct~3,PROV-252.225-7021-alternateiii-a-“WTO GPA country end product”-2,HAS_SUBPROVISION
PROV-252.225-7021-alternateiii,PROV-252.225-7021-alternateiii-b,HAS_SUBPROVISION
PROV-252.225-7021-alternateiii,PROV-252.225-7021-alternateiii-c,HAS_SUBPROVISION
PROV-252.225-7021-alternateiii-c,PROV-252.225-7021-alternateiii-c-1,HAS_SUBPROVISION
PROV-252.225-7021-alternateiii-c-1,PROV-252.225-7021-alternateiii-c-1-ii,HAS_SUBPROVISION
PROV-252.225-7021-alternateiii,PROV-252.225-7021-alternateiii-d,HAS_SUBPROVISION
PROV-252.225-7021-alternateiii,PROV-252.225-7021-alternateiii-e,HAS_SUBPROVISION
PROV-252.225-7021-alternateiii-e,PROV-252.225-7021-alternateiii-e-1,HAS_SUBPROVISION
PROV-252.225-7021-alternateiii-e,PROV-252.225-7021-alternateiii-e-2,HAS_SUBPROVISION
PROV-252.225-7021-alternateiii-e,PROV-252.225-7021-alternateiii-e-3,HAS_SUBPROVISION
PROV-252.225-7021-alternateiii-e,PROV-252.225-7021-alternateiii-e-4,HAS_SUBPROVISION
SEC-252.225-7021,PROV-252.225-7021-alternateiv,HAS_PROVISION
PROV-252.225-7021-alternateiv,PROV-252.225-7021-alternateiv-iv,HAS_SUBPROVISION
PROV-252.225-7021-alternateiv-iv,PROV-252.225-7021-alternateiv-iv-a,HAS_SUBPROVISION
PROV-252.225-7021-alternateiv-iv-a,PROV-252.225-7021-def-CaribbeanBasincountryendproduct~4,HAS_SUBPROVISION
PROV-252.225-7021-alternateiv-iv-a,PROV-252.225-7021-alternateiv-iv-a-1,HAS_SUBPROVISION
PROV-252.225-7021-alternateiv-iv-a-1,PROV-252.225-7021-alternateiv-iv-a-1-i,HAS_SUBPROVISION
PROV-252.225-7021-alternateiv-iv-a-1,PROV-252.225-7021-alternateiv-iv-a-1-ii,HAS_SUBPROVISION
PROV-252.225-7021-alternateiv-iv-a,PROV-252.225-7021-alternateiv-iv-a-2,HAS_SUBPROVISION
PROV-252.225-7021-alternateiv-iv-a-2,PROV-252.225-7021-alternateiv-iv-a-2-i,HAS_SUBPROVISION
PROV-252.225-7021-alternateiv-iv-a-2,PROV-252.225-7021-alternateiv-iv-a-2-ii,HAS_SUBPROVISION
PROV-252.225-7021-alternateiv-iv-a-2,PROV-252.225-7021-alternateiv-iv-a-2-iii,HAS_SUBPROVISION
PROV-252.225-7021-alternateiv-iv-a,PROV-252.225-7021-def-CommerciallyavailableofftheshelfCOTSitem~4,HAS_SUBPROVISION
PROV-252.225-7021-alternateiv-iv-a,PROV-252.225-7021-alternateiv-iv-a-1~2,HAS_SUBPROVISION
PROV-252.225-7021-alternateiv-iv-a-1~2,PROV-252.225-7021-alternateiv-iv-a-1-i~2,HAS_SUBPROVISION
PROV-252.225-7021-alternateiv-iv-a-1~2,PROV-252.225-7021-alternateiv-iv-a-1-ii~2,HAS_SUBPROVISION
PROV-252.225-7021-alternateiv-iv-a-1~2,PROV-252.225-7021-alternateiv-iv-a-1-iii,HAS_SUBPROVISION
PROV-252.225-7021-alternateiv-iv-a,PROV-252.225-7021-alternateiv-iv-a-2~2,HAS_SUBPROVISION
PROV-252.225-7021-alternateiv-iv-a,PROV-252.225-7021-def-Component~4,HAS_SUBPROVISION
PROV-252.225-7021-alternateiv-iv-a,PROV-252.225-7021-def-Designatedcountry~4,HAS_SUBPROVISION
PROV-252.225-7021-alternateiv-iv-a,PROV-252.225-7021-alternateiv-iv-a-1~3,HAS_SUBPROVISION
PROV-252.225-7021-alternateiv-iv-a,PROV-252.225-7021-alternateiv-iv-a-2~3,HAS_SUBPROVISION
PROV-252.225-7021-alternateiv-iv-a,PROV-252.225-7021-alternateiv-iv-a-3,HAS_SUBPROVISION
PROV-252.225-7021-alternateiv-iv-a,PROV-252.225-7021-alternateiv-iv-a-4,HAS_SUBPROVISION
PROV-252.225-7021-alternateiv-iv-a,PROV-252.225-7021-def-Designatedcountryendproduct~4,HAS_SUBPROVISION
PROV-252.225-7021-alternateiv-iv-a,PROV-252.225-7021-def-Endproduct~4,HAS_SUBPROVISION
PROV-252.225-7021-alternateiv-iv-a,PROV-252.225-7021-def-FreeTradeAgreementcountryendproduct~4,HAS_SUBPROVISION
PROV-252.225-7021-alternateiv-iv-a,PROV-252.225-7021-alternateiv-iv-a-1~4,HAS_SUBPROVISION
PROV-252.225-7021-alternateiv-iv-a-1~4,PROV-252.225-7021-alternateiv-iv-a-1-2,HAS_SUBPROVISION
PROV-252.225-7021-alternateiv-iv-a,PROV-252.225-7021-def-Leastdevelopedcountryendproduct~4,HAS_SUBPROVISION
PROV-252.225-7021-def-Leastdevelopedcountryendproduct~4,PROV-252.225-7021-alternateiv-iv-a-“Least developed country end product”-1,HAS_SUBPROVISION
PROV-252.225-7021-def-Leastdevelopedcountryendproduct~4,PROV-252.225-7021-alternateiv-iv-a-“Least developed country end product”-2,HAS_SUBPROVISION
PROV-252.225-7021-alternateiv-iv-a,PROV-252.225-7021-def-Nondesignatedcountryendproduct~4,HAS_SUBPROVISION
PROV-252.225-7021-alternateiv-iv-a,PROV-252.225-7021-def-Qualifyingcountry~4,HAS_SUBPROVISION
PROV-252.225-7021-alternateiv-iv-a,PROV-252.225-7021-def-Qualifyingcountryendproduct~4,HAS_SUBPROVISION
PROV-252.225-7021-def-Qualifyingcountryendproduct~4,PROV-252.225-7021-alternateiv-iv-a-“Qualifying country end product”-1,HAS_SUBPROVISION
PROV-252.225-7021-def-Qualifyingcountryendproduct~4,PROV-252.225-7021-alternateiv-iv-a-“Qualifying country end product”-2,HAS_SUBPROVISION
PROV-252.225-7021-alternateiv-iv-a-“Qualifying country end product”-2,PROV-252.225-7021-alternateiv-iv-a-“Qualifying country end product”-2-i,HAS_SUBPROVISION
PROV-252.225-7021-alternateiv-iv-a-“Qualifying country end product”-2-i,PROV-252.225-7021-alternateiv-iv-a-“Qualifying country end product”-2-i-A,HAS_SUBPROVISION
PROV-252.225-7021-alternateiv-iv-a-“Qualifying country end product”-2-i,PROV-252.225-7021-alternateiv-iv-a-“Qualifying country end product”-2-i-B,HAS_SUBPROVISION
PROV-252.225-7021-alternateiv-iv-a-“Qualifying country end product”-2-i,PROV-252.225-7021-alternateiv-iv-a-“Qualifying country end product”-2-i-C,HAS_SUBPROVISION
PROV-252.225-7021-alternateiv-iv-a-“Qualifying country end product”-2,PROV-252.225-7021-alternateiv-iv-a-“Qualifying country end product”-2-ii,HAS_SUBPROVISION
PROV-252.225-7021-alternateiv-iv,PROV-252.225-7021-def-SouthCaucasusCentralandSouthAsianSCCASAs~3,HAS_SUBPROVISION
PROV-252.225-7021-alternateiv-iv,PROV-252.225-7021-def-SouthCaucasusCentralandSouthAsianSCCASAs~4,HAS_SUBPROVISION
PROV-252.225-7021-def-SouthCaucasusCentralandSouthAsianSCCASAs~4,PROV-252.225-7021-alternateiv-iv-“South Caucasus/Central and South Asian (SC/CASA) state end product”-1,HAS_SUBPROVISION
PROV-252.225-7021-def-SouthCaucasusCentralandSouthAsianSCCASAs~4,PROV-252.225-7021-alternateiv-iv-“South Caucasus/Central and South Asian (SC/CASA) state end product”-2,HAS_SUBPROVISION
PROV-252.225-7021-alternateiv-iv,PROV-252.225-7021-def-UnitedStates~4,HAS_SUBPROVISION
PROV-252.225-7021-alternateiv-iv,PROV-252.225-7021-def-USmadeendproduct~4,HAS_SUBPROVISION
PROV-252.225-7021-def-USmadeendproduct~4,PROV-252.225-7021-alternateiv-iv-“U.S.-made end product”-1,HAS_SUBPROVISION
PROV-252.225-7021-def-USmadeendproduct~4,PROV-252.225-7021-alternateiv-iv-“U.S.-made end product”-2,HAS_SUBPROVISION
PROV-252.225-7021-alternateiv-iv,PROV-252.225-7021-def-WTOGPAcountryendproduct~4,HAS_SUBPROVISION
PROV-252.225-7021-def-WTOGPAcountryendproduct~4,PROV-252.225-7021-alternateiv-iv-“WTO GPA country end product”-1,HAS_SUBPROVISION
PROV-252.225-7021-def-WTOGPAcountryendproduct~4,PROV-252.225-7021-alternateiv-iv-“WTO GPA country end product”-2,HAS_SUBPROVISION
PROV-252.225-7021-alternateiv-iv,PROV-252.225-7021-alternateiv-iv-b,HAS_SUBPROVISION
PROV-252.225-7021-alternateiv-iv,PROV-252.225-7021-alternateiv-iv-c,HAS_SUBPROVISION
PROV-252.225-7021-alternateiv-iv-c,PROV-252.225-7021-alternateiv-iv-c-1,HAS_SUBPROVISION
PROV-252.225-7021-alternateiv-iv-c-1,PROV-252.225-7021-alternateiv-iv-c-1-ii,HAS_SUBPROVISION
PROV-252.225-7021-alternateiv-iv,PROV-252.225-7021-alternateiv-iv-d,HAS_SUBPROVISION
PROV-252.225-7021-alternateiv-iv,PROV-252.225-7021-alternateiv-iv-e,HAS_SUBPROVISION
PROV-252.225-7021-alternateiv-iv,PROV-252.225-7021-alternateiv-iv-f,HAS_SUBPROVISION
PROV-252.225-7021-alternateiv-iv-f,PROV-252.225-7021-alternateiv-iv-f-1,HAS_SUBPROVISION
PROV-252.225-7021-alternateiv-iv-f,PROV-252.225-7021-alternateiv-iv-f-2,HAS_SUBPROVISION
PROV-252.225-7021-alternateiv-iv-f,PROV-252.225-7021-alternateiv-iv-f-3,HAS_SUBPROVISION
PROV-252.225-7021-alternateiv-iv-f,PROV-252.225-7021-alternateiv-iv-f-4,HAS_SUBPROVISION
SUBPART-252.2,SEC-252.225-7021,HAS_SECTION
SUBPART-252.2,SEC-252.225-7022,HAS_SECTION
SEC-252.225-7023,PROV-252.225-7023-a,HAS_PROVISION
SEC-252.225-7023,PROV-252.225-7023-b,HAS_PROVISION
PROV-252.225-7023-b,PROV-252.225-7023-b-1,HAS_SUBPROVISION
PROV-252.225-7023-b,PROV-252.225-7023-b-2,HAS_SUBPROVISION
SEC-252.225-7023,PROV-252.225-7023-c,HAS_PROVISION
SEC-252.225-7023,PROV-252.225-7023-d,HAS_PROVISION
SUBPART-252.2,SEC-252.225-7023,HAS_SECTION
SEC-252.225-7024,PROV-252.225-7024-a,HAS_PROVISION
PROV-252.225-7024-a,PROV-252.225-7024-a-1,HAS_SUBPROVISION
PROV-252.225-7024-a,PROV-252.225-7024-a-2,HAS_SUBPROVISION
SEC-252.225-7024,PROV-252.225-7024-b,HAS_PROVISION
SUBPART-252.2,SEC-252.225-7024,HAS_SECTION
SEC-252.225-7025,PROV-252.225-7025-a,HAS_PROVISION
PROV-252.225-7025-a,PROV-252.225-7025-a-1,HAS_SUBPROVISION
PROV-252.225-7025-a,PROV-252.225-7025-a-2,HAS_SUBPROVISION
PROV-252.225-7025-a,PROV-252.225-7025-a-3,HAS_SUBPROVISION
SEC-252.225-7025,PROV-252.225-7025-b,HAS_PROVISION
SEC-252.225-7025,PROV-252.225-7025-c,HAS_PROVISION
SEC-252.225-7025,PROV-252.225-7025-d,HAS_PROVISION
SEC-252.225-7025,PROV-252.225-7025-e,HAS_PROVISION
SUBPART-252.2,SEC-252.225-7025,HAS_SECTION
SEC-252.225-7026,PROV-252.225-7026-a,HAS_PROVISION
PROV-252.225-7026-a,PROV-252.225-7026-a-1,HAS_SUBPROVISION
PROV-252.225-7026-a,PROV-252.225-7026-a-2,HAS_SUBPROVISION
SEC-252.225-7026,PROV-252.225-7026-b,HAS_PROVISION
SUBPART-252.2,SEC-252.225-7026,HAS_SECTION
SEC-252.225-7027,PROV-252.225-7027-a,HAS_PROVISION
PROV-252.225-7027-a,PROV-252.225-7027-a-1,HAS_SUBPROVISION
PROV-252.225-7027-a,PROV-252.225-7027-a-2,HAS_SUBPROVISION
SEC-252.225-7027,PROV-252.225-7027-b,HAS_PROVISION
PROV-252.225-7027-b,PROV-252.225-7027-b-1,HAS_SUBPROVISION
PROV-252.225-7027-b,PROV-252.225-7027-b-2,HAS_SUBPROVISION
SUBPART-252.2,SEC-252.225-7027,HAS_SECTION
SEC-252.225-7028,PROV-252.225-7028-a,HAS_PROVISION
SEC-252.225-7028,PROV-252.225-7028-b,HAS_PROVISION
SUBPART-252.2,SEC-252.225-7028,HAS_SECTION
SEC-252.225-7029,PROV-252.225-7029-a,HAS_PROVISION
PROV-252.225-7029-a,PROV-252.225-7029-def-Textilecomponent,HAS_SUBPROVISION
PROV-252.225-7029-a,PROV-252.225-7029-def-UnitedStates,HAS_SUBPROVISION
SEC-252.225-7029,PROV-252.225-7029-b,HAS_PROVISION
SEC-252.225-7029,PROV-252.225-7029-c,HAS_PROVISION
SUBPART-252.2,SEC-252.225-7029,HAS_SECTION
SEC-252.225-7030,PROV-252.225-7030-a,HAS_PROVISION
PROV-252.225-7030-a,PROV-252.225-7030-a-1,HAS_SUBPROVISION
PROV-252.225-7030-a-1,PROV-252.225-7030-a-1-ii,HAS_SUBPROVISION
SEC-252.225-7030,PROV-252.225-7030-b,HAS_PROVISION
PROV-252.225-7030-b,PROV-252.225-7030-b-1,HAS_SUBPROVISION
PROV-252.225-7030-b,PROV-252.225-7030-b-2,HAS_SUBPROVISION
SUBPART-252.2,SEC-252.225-7030,HAS_SECTION
SEC-252.225-7031,PROV-252.225-7031-a,HAS_PROVISION
PROV-252.225-7031-a,PROV-252.225-7031-a-1,HAS_SUBPROVISION
PROV-252.225-7031-a-1,PROV-252.225-7031-a-1-2,HAS_SUBPROVISION
PROV-252.225-7031-a-1,PROV-252.225-7031-a-1-3,HAS_SUBPROVISION
PROV-252.225-7031-a-1-3,PROV-252.225-7031-a-1-3-i,HAS_SUBPROVISION
PROV-252.225-7031-a-1-3,PROV-252.225-7031-a-1-3-ii,HAS_SUBPROVISION
PROV-252.225-7031-a-1-3,PROV-252.225-7031-a-1-3-iii,HAS_SUBPROVISION
SEC-252.225-7031,PROV-252.225-7031-b,HAS_PROVISION
PROV-252.225-7031-b,PROV-252.225-7031-b-1,HAS_SUBPROVISION
PROV-252.225-7031-b,PROV-252.225-7031-b-2,HAS_SUBPROVISION
SUBPART-252.2,SEC-252.225-7031,HAS_SECTION
SEC-252.225-7032,PROV-252.225-7032-a,HAS_PROVISION
PROV-252.225-7032-a,PROV-252.225-7032-a-1,HAS_SUBPROVISION
PROV-252.225-7032-a,PROV-252.225-7032-a-2,HAS_SUBPROVISION
PROV-252.225-7032-a,PROV-252.225-7032-a-3,HAS_SUBPROVISION
SEC-252.225-7032,PROV-252.225-7032-b,HAS_PROVISION
SEC-252.225-7032,PROV-252.225-7032-c,HAS_PROVISION
PROV-252.225-7032-c,PROV-252.225-7032-c-1,HAS_SUBPROVISION
PROV-252.225-7032-c,PROV-252.225-7032-c-2,HAS_SUBPROVISION
PROV-252.225-7032-c,PROV-252.225-7032-c-3,HAS_SUBPROVISION
SUBPART-252.2,SEC-252.225-7032,HAS_SECTION
SEC-252.225-7033,PROV-252.225-7033-a,HAS_PROVISION
SEC-252.225-7033,PROV-252.225-7033-b,HAS_PROVISION
PROV-252.225-7033-b,PROV-252.225-7033-b-1,HAS_SUBPROVISION
PROV-252.225-7033-b,PROV-252.225-7033-b-2,HAS_SUBPROVISION
PROV-252.225-7033-b,PROV-252.225-7033-b-3,HAS_SUBPROVISION
PROV-252.225-7033-b,PROV-252.225-7033-b-4,HAS_SUBPROVISION
PROV-252.225-7033-b,PROV-252.225-7033-b-5,HAS_SUBPROVISION
SEC-252.225-7033,PROV-252.225-7033-c,HAS_PROVISION
SEC-252.225-7033,PROV-252.225-7033-d,HAS_PROVISION
SUBPART-252.2,SEC-252.225-7033,HAS_SECTION
SUBPART-252.2,SEC-252.225-7034,HAS_SECTION
SEC-252.225-7035,PROV-252.225-7035-basic,HAS_PROVISION
PROV-252.225-7035-basic,PROV-252.225-7035-basic-a,HAS_SUBPROVISION
PROV-252.225-7035-basic,PROV-252.225-7035-basic-b,HAS_SUBPROVISION
PROV-252.225-7035-basic-b,PROV-252.225-7035-basic-b-1,HAS_SUBPROVISION
PROV-252.225-7035-basic-b,PROV-252.225-7035-basic-b-2,HAS_SUBPROVISION
PROV-252.225-7035-basic,PROV-252.225-7035-basic-c,HAS_SUBPROVISION
PROV-252.225-7035-basic-c,PROV-252.225-7035-basic-c-1,HAS_SUBPROVISION
PROV-252.225-7035-basic-c-1,PROV-252.225-7035-basic-c-1-i,HAS_SUBPROVISION
PROV-252.225-7035-basic-c-1,PROV-252.225-7035-basic-c-1-ii,HAS_SUBPROVISION
PROV-252.225-7035-basic-c-1,PROV-252.225-7035-basic-c-1-iii,HAS_SUBPROVISION
PROV-252.225-7035-basic-c,PROV-252.225-7035-basic-c-2,HAS_SUBPROVISION
PROV-252.225-7035-basic-c-2,PROV-252.225-7035-basic-c-2-ii,HAS_SUBPROVISION
PROV-252.225-7035-basic-c-2,PROV-252.225-7035-basic-c-2-iii,HAS_SUBPROVISION
PROV-252.225-7035-basic,PROV-252.225-7035-basic-3,HAS_SUBPROVISION
SEC-252.225-7035,PROV-252.225-7035-alternatei,HAS_PROVISION
PROV-252.225-7035-alternatei,PROV-252.225-7035-alternatei-a,HAS_SUBPROVISION
PROV-252.225-7035-alternatei,PROV-252.225-7035-alternatei-b,HAS_SUBPROVISION
PROV-252.225-7035-alternatei-b,PROV-252.225-7035-alternatei-b-1,HAS_SUBPROVISION
PROV-252.225-7035-alternatei-b,PROV-252.225-7035-alternatei-b-2,HAS_SUBPROVISION
PROV-252.225-7035-alternatei,PROV-252.225-7035-alternatei-c,HAS_SUBPROVISION
PROV-252.225-7035-alternatei-c,PROV-252.225-7035-alternatei-c-1,HAS_SUBPROVISION
PROV-252.225-7035-alternatei-c-1,PROV-252.225-7035-alternatei-c-1-i,HAS_SUBPROVISION
PROV-252.225-7035-alternatei-c-1,PROV-252.225-7035-alternatei-c-1-ii,HAS_SUBPROVISION
PROV-252.225-7035-alternatei-c-1,PROV-252.225-7035-alternatei-c-1-iii,HAS_SUBPROVISION
PROV-252.225-7035-alternatei-c,PROV-252.225-7035-alternatei-c-2,HAS_SUBPROVISION
PROV-252.225-7035-alternatei-c-2,PROV-252.225-7035-alternatei-c-2-i,HAS_SUBPROVISION
PROV-252.225-7035-alternatei-c-2,PROV-252.225-7035-alternatei-c-2-ii,HAS_SUBPROVISION
PROV-252.225-7035-alternatei,PROV-252.225-7035-alternatei-3,HAS_SUBPROVISION
SEC-252.225-7035,PROV-252.225-7035-alternateii,HAS_PROVISION
PROV-252.225-7035-alternateii,PROV-252.225-7035-alternateii-a,HAS_SUBPROVISION
PROV-252.225-7035-alternateii,PROV-252.225-7035-alternateii-b,HAS_SUBPROVISION
PROV-252.225-7035-alternateii-b,PROV-252.225-7035-alternateii-b-1,HAS_SUBPROVISION
PROV-252.225-7035-alternateii-b,PROV-252.225-7035-alternateii-b-2,HAS_SUBPROVISION
PROV-252.225-7035-alternateii,PROV-252.225-7035-alternateii-c,HAS_SUBPROVISION
PROV-252.225-7035-alternateii-c,PROV-252.225-7035-alternateii-c-1,HAS_SUBPROVISION
PROV-252.225-7035-alternateii-c-1,PROV-252.225-7035-alternateii-c-1-i,HAS_SUBPROVISION
PROV-252.225-7035-alternateii-c-1,PROV-252.225-7035-alternateii-c-1-ii,HAS_SUBPROVISION
PROV-252.225-7035-alternateii-c-1,PROV-252.225-7035-alternateii-c-1-iii,HAS_SUBPROVISION
PROV-252.225-7035-alternateii-c,PROV-252.225-7035-alternateii-c-2,HAS_SUBPROVISION
PROV-252.225-7035-alternateii-c-2,PROV-252.225-7035-alternateii-c-2-i,HAS_SUBPROVISION
PROV-252.225-7035-alternateii-c-2,PROV-252.225-7035-alternateii-c-2-ii,HAS_SUBPROVISION
PROV-252.225-7035-alternateii-c-2,PROV-252.225-7035-alternateii-c-2-iii,HAS_SUBPROVISION
PROV-252.225-7035-alternateii,PROV-252.225-7035-alternateii-3,HAS_SUBPROVISION
SEC-252.225-7035,PROV-252.225-7035-alternateiii,HAS_PROVISION
PROV-252.225-7035-alternateiii,PROV-252.225-7035-alternateiii-a,HAS_SUBPROVISION
PROV-252.225-7035-alternateiii,PROV-252.225-7035-alternateiii-b,HAS_SUBPROVISION
PROV-252.225-7035-alternateiii-b,PROV-252.225-7035-alternateiii-b-1,HAS_SUBPROVISION
PROV-252.225-7035-alternateiii-b,PROV-252.225-7035-alternateiii-b-2,HAS_SUBPROVISION
PROV-252.225-7035-alternateiii,PROV-252.225-7035-alternateiii-c,HAS_SUBPROVISION
PROV-252.225-7035-alternateiii-c,PROV-252.225-7035-alternateiii-c-1,HAS_SUBPROVISION
PROV-252.225-7035-alternateiii-c-1,PROV-252.225-7035-alternateiii-c-1-i,HAS_SUBPROVISION
PROV-252.225-7035-alternateiii-c-1,PROV-252.225-7035-alternateiii-c-1-ii,HAS_SUBPROVISION
PROV-252.225-7035-alternateiii-c-1,PROV-252.225-7035-alternateiii-c-1-iii,HAS_SUBPROVISION
PROV-252.225-7035-alternateiii-c,PROV-252.225-7035-alternateiii-c-2,HAS_SUBPROVISION
PROV-252.225-7035-alternateiii-c-2,PROV-252.225-7035-alternateiii-c-2-i,HAS_SUBPROVISION
PROV-252.225-7035-alternateiii-c-2,PROV-252.225-7035-alternateiii-c-2-ii,HAS_SUBPROVISION
PROV-252.225-7035-alternateiii-c-2,PROV-252.225-7035-alternateiii-c-2-iii,HAS_SUBPROVISION
PROV-252.225-7035-alternateiii,PROV-252.225-7035-alternateiii-3,HAS_SUBPROVISION
SEC-252.225-7035,PROV-252.225-7035-alternateiv,HAS_PROVISION
PROV-252.225-7035-alternateiv,PROV-252.225-7035-alternateiv-a,HAS_SUBPROVISION
PROV-252.225-7035-alternateiv,PROV-252.225-7035-alternateiv-b,HAS_SUBPROVISION
PROV-252.225-7035-alternateiv-b,PROV-252.225-7035-alternateiv-b-1,HAS_SUBPROVISION
PROV-252.225-7035-alternateiv-b,PROV-252.225-7035-alternateiv-b-2,HAS_SUBPROVISION
PROV-252.225-7035-alternateiv,PROV-252.225-7035-alternateiv-c,HAS_SUBPROVISION
PROV-252.225-7035-alternateiv-c,PROV-252.225-7035-alternateiv-c-1,HAS_SUBPROVISION
PROV-252.225-7035-alternateiv-c-1,PROV-252.225-7035-alternateiv-c-1-i,HAS_SUBPROVISION
PROV-252.225-7035-alternateiv-c-1,PROV-252.225-7035-alternateiv-c-1-ii,HAS_SUBPROVISION
PROV-252.225-7035-alternateiv-c-1,PROV-252.225-7035-alternateiv-c-1-iii,HAS_SUBPROVISION
PROV-252.225-7035-alternateiv-c,PROV-252.225-7035-alternateiv-c-2,HAS_SUBPROVISION
PROV-252.225-7035-alternateiv-c-2,PROV-252.225-7035-alternateiv-c-2-i,HAS_SUBPROVISION
PROV-252.225-7035-alternateiv-c-2,PROV-252.225-7035-alternateiv-c-2-ii,HAS_SUBPROVISION
PROV-252.225-7035-alternateiv-c-2,PROV-252.225-7035-alternateiv-c-2-iii,HAS_SUBPROVISION
PROV-252.225-7035-alternateiv,PROV-252.225-7035-alternateiv-3,HAS_SUBPROVISION
SEC-252.225-7035,PROV-252.225-7035-alternatev,HAS_PROVISION
PROV-252.225-7035-alternatev,PROV-252.225-7035-alternatev-a,HAS_SUBPROVISION
PROV-252.225-7035-alternatev,PROV-252.225-7035-alternatev-b,HAS_SUBPROVISION
PROV-252.225-7035-alternatev-b,PROV-252.225-7035-alternatev-b-1,HAS_SUBPROVISION
PROV-252.225-7035-alternatev-b,PROV-252.225-7035-alternatev-b-2,HAS_SUBPROVISION
PROV-252.225-7035-alternatev,PROV-252.225-7035-alternatev-c,HAS_SUBPROVISION
PROV-252.225-7035-alternatev-c,PROV-252.225-7035-alternatev-c-1,HAS_SUBPROVISION
PROV-252.225-7035-alternatev-c-1,PROV-252.225-7035-alternatev-c-1-i,HAS_SUBPROVISION
PROV-252.225-7035-alternatev-c-1,PROV-252.225-7035-alternatev-c-1-ii,HAS_SUBPROVISION
PROV-252.225-7035-alternatev-c-1,PROV-252.225-7035-alternatev-c-1-iii,HAS_SUBPROVISION
PROV-252.225-7035-alternatev-c,PROV-252.225-7035-alternatev-c-2,HAS_SUBPROVISION
PROV-252.225-7035-alternatev-c-2,PROV-252.225-7035-alternatev-c-2-i,HAS_SUBPROVISION
PROV-252.225-7035-alternatev-c-2,PROV-252.225-7035-alternatev-c-2-ii,HAS_SUBPROVISION
PROV-252.225-7035-alternatev-c-2,PROV-252.225-7035-alternatev-c-2-iii,HAS_SUBPROVISION
PROV-252.225-7035-alternatev,PROV-252.225-7035-alternatev-3,HAS_SUBPROVISION
SUBPART-252.2,SEC-252.225-7035,HAS_SECTION
SEC-252.225-7036,PROV-252.225-7036-basic,HAS_PROVISION
PROV-252.225-7036-basic,PROV-252.225-7036-basic-a,HAS_SUBPROVISION
PROV-252.225-7036-basic-a,PROV-252.225-7036-basic-a-1,HAS_SUBPROVISION
PROV-252.225-7036-basic-a,PROV-252.225-7036-basic-a-2,HAS_SUBPROVISION
PROV-252.225-7036-basic-a,PROV-252.225-7036-def-CommerciallyavailableofftheshelfCOTSitem,HAS_SUBPROVISION
PROV-252.225-7036-basic-a,PROV-252.225-7036-basic-a-1~2,HAS_SUBPROVISION
PROV-252.225-7036-basic-a-1~2,PROV-252.225-7036-basic-a-1-i,HAS_SUBPROVISION
PROV-252.225-7036-basic-a-1~2,PROV-252.225-7036-basic-a-1-ii,HAS_SUBPROVISION
PROV-252.225-7036-basic-a-1~2,PROV-252.225-7036-basic-a-1-iii,HAS_SUBPROVISION
PROV-252.225-7036-basic-a,PROV-252.225-7036-basic-a-2~2,HAS_SUBPROVISION
PROV-252.225-7036-basic-a,PROV-252.225-7036-def-Component,HAS_SUBPROVISION
PROV-252.225-7036-basic-a,PROV-252.225-7036-def-Criticalcomponent,HAS_SUBPROVISION
PROV-252.225-7036-basic-a,PROV-252.225-7036-def-Criticalitem,HAS_SUBPROVISION
PROV-252.225-7036-basic-a,PROV-252.225-7036-def-Domesticendproduct,HAS_SUBPROVISION
PROV-252.225-7036-basic-a,PROV-252.225-7036-basic-a-1~3,HAS_SUBPROVISION
PROV-252.225-7036-basic-a-1~3,PROV-252.225-7036-basic-a-1-i~2,HAS_SUBPROVISION
PROV-252.225-7036-basic-a-1~3,PROV-252.225-7036-basic-a-1-ii~2,HAS_SUBPROVISION
PROV-252.225-7036-basic-a-1-ii~2,PROV-252.225-7036-basic-a-1-ii-A,HAS_SUBPROVISION
PROV-252.225-7036-basic,PROV-252.225-7036-basic-DFARS,HAS_SUBPROVISION
PROV-252.225-7036-basic-DFARS,PROV-252.225-7036-basic-DFARS-1,HAS_SUBPROVISION
PROV-252.225-7036-basic-DFARS,PROV-252.225-7036-basic-DFARS-2,HAS_SUBPROVISION
PROV-252.225-7036-basic-DFARS,PROV-252.225-7036-basic-DFARS-B,HAS_SUBPROVISION
PROV-252.225-7036-basic-DFARS,PROV-252.225-7036-basic-DFARS-2~2,HAS_SUBPROVISION
PROV-252.225-7036-basic-DFARS,PROV-252.225-7036-def-Endproduct,HAS_SUBPROVISION
PROV-252.225-7036-basic-DFARS,PROV-252.225-7036-def-Foreignendproduct,HAS_SUBPROVISION
PROV-252.225-7036-basic-DFARS,PROV-252.225-7036-def-FreeTradeAgreementcountry,HAS_SUBPROVISION
PROV-252.225-7036-basic-DFARS,PROV-252.225-7036-def-FreeTradeAgreementcountryendproduct,HAS_SUBPROVISION
PROV-252.225-7036-def-FreeTradeAgreementcountryendproduct,PROV-252.225-7036-basic-DFARS-“Free Trade Agreement country end product”-1,HAS_SUBPROVISION
PROV-252.225-7036-def-FreeTradeAgreementcountryendproduct,PROV-252.225-7036-basic-DFARS-“Free Trade Agreement country end product”-2,HAS_SUBPROVISION
PROV-252.225-7036-basic-DFARS,PROV-252.225-7036-def-Moroccanendproduct,HAS_SUBPROVISION
PROV-252.225-7036-def-Moroccanendproduct,PROV-252.225-7036-basic-DFARS-“Moroccan end product”-1,HAS_SUBPROVISION
PROV-252.225-7036-def-Moroccanendproduct,PROV-252.225-7036-basic-DFARS-“Moroccan end product”-2,HAS_SUBPROVISION
PROV-252.225-7036-basic-DFARS,PROV-252.225-7036-def-Panamanianendproduct,HAS_SUBPROVISION
PROV-252.225-7036-def-Panamanianendproduct,PROV-252.225-7036-basic-DFARS-“Panamanian end product”-1,HAS_SUBPROVISION
PROV-252.225-7036-def-Panamanianendproduct,PROV-252.225-7036-basic-DFARS-“Panamanian end product”-2,HAS_SUBPROVISION
PROV-252.225-7036-basic-DFARS,PROV-252.225-7036-def-Peruvianendproduct,HAS_SUBPROVISION
PROV-252.225-7036-def-Peruvianendproduct,PROV-252.225-7036-basic-DFARS-“Peruvian end product”-1,HAS_SUBPROVISION
PROV-252.225-7036-def-Peruvianendproduct,PROV-252.225-7036-basic-DFARS-“Peruvian end product”-2,HAS_SUBPROVISION
PROV-252.225-7036-basic-DFARS,PROV-252.225-7036-def-Predominantlyofironorsteeloracombination,HAS_SUBPROVISION
PROV-252.225-7036-basic-DFARS,PROV-252.225-7036-def-Qualifyingcountry,HAS_SUBPROVISION
PROV-252.225-7036-basic-DFARS,PROV-252.225-7036-def-Qualifyingcountrycomponent,HAS_SUBPROVISION
PROV-252.225-7036-basic-DFARS,PROV-252.225-7036-def-Qualifyingcountryendproduct,HAS_SUBPROVISION
PROV-252.225-7036-def-Qualifyingcountryendproduct,PROV-252.225-7036-basic-DFARS-“Qualifying country end product”-1,HAS_SUBPROVISION
PROV-252.225-7036-def-Qualifyingcountryendproduct,PROV-252.225-7036-basic-DFARS-“Qualifying country end product”-2,HAS_SUBPROVISION
PROV-252.225-7036-basic-DFARS-“Qualifying country end product”-2,PROV-252.225-7036-basic-DFARS-“Qualifying country end product”-2-i,HAS_SUBPROVISION
PROV-252.225-7036-basic-DFARS-“Qualifying country end product”-2-i,PROV-252.225-7036-basic-DFARS-“Qualifying country end product”-2-i-A,HAS_SUBPROVISION
PROV-252.225-7036-basic-DFARS-“Qualifying country end product”-2-i,PROV-252.225-7036-basic-DFARS-“Qualifying country end product”-2-i-B,HAS_SUBPROVISION
PROV-252.225-7036-basic-DFARS-“Qualifying country end product”-2-i,PROV-252.225-7036-basic-DFARS-“Qualifying country end product”-2-i-C,HAS_SUBPROVISION
PROV-252.225-7036-basic-DFARS-“Qualifying country end product”-2,PROV-252.225-7036-basic-DFARS-“Qualifying country end product”-2-ii,HAS_SUBPROVISION
PROV-252.225-7036-basic-DFARS,PROV-252.225-7036-def-Steel,HAS_SUBPROVISION
PROV-252.225-7036-basic-DFARS,PROV-252.225-7036-def-UnitedStates,HAS_SUBPROVISION
PROV-252.225-7036-basic-DFARS,PROV-252.225-7036-basic-DFARS-b,HAS_SUBPROVISION
PROV-252.225-7036-basic-DFARS,PROV-252.225-7036-basic-DFARS-c,HAS_SUBPROVISION
PROV-252.225-7036-basic-DFARS-c,PROV-252.225-7036-basic-DFARS-c-d,HAS_SUBPROVISION
SEC-252.225-7036,PROV-252.225-7036-alternatei,HAS_PROVISION
PROV-252.225-7036-alternatei,PROV-252.225-7036-alternatei-a,HAS_SUBPROVISION
PROV-252.225-7036-alternatei-a,PROV-252.225-7036-alternatei-a-1,HAS_SUBPROVISION
PROV-252.225-7036-alternatei-a,PROV-252.225-7036-alternatei-a-2,HAS_SUBPROVISION
PROV-252.225-7036-alternatei-a,PROV-252.225-7036-def-CommerciallyavailableofftheshelfCOTSitem~2,HAS_SUBPROVISION
PROV-252.225-7036-alternatei-a,PROV-252.225-7036-alternatei-a-1~2,HAS_SUBPROVISION
PROV-252.225-7036-alternatei-a-1~2,PROV-252.225-7036-alternatei-a-1-i,HAS_SUBPROVISION
PROV-252.225-7036-alternatei-a-1~2,PROV-252.225-7036-alternatei-a-1-ii,HAS_SUBPROVISION
PROV-252.225-7036-alternatei-a-1~2,PROV-252.225-7036-alternatei-a-1-iii,HAS_SUBPROVISION
PROV-252.225-7036-alternatei-a,PROV-252.225-7036-alternatei-a-2~2,HAS_SUBPROVISION
PROV-252.225-7036-alternatei-a,PROV-252.225-7036-def-Component~2,HAS_SUBPROVISION
PROV-252.225-7036-alternatei-a,PROV-252.225-7036-def-Criticalcomponent~2,HAS_SUBPROVISION
PROV-252.225-7036-alternatei-a,PROV-252.225-7036-def-Criticalitem~2,HAS_SUBPROVISION
PROV-252.225-7036-alternatei-a,PROV-252.225-7036-def-Domesticendproduct~2,HAS_SUBPROVISION
PROV-252.225-7036-alternatei-a,PROV-252.225-7036-alternatei-a-1~3,HAS_SUBPROVISION
PROV-252.225-7036-alternatei-a-1~3,PROV-252.225-7036-alternatei-a-1-i~2,HAS_SUBPROVISION
PROV-252.225-7036-alternatei-a-1~3,PROV-252.225-7036-alternatei-a-1-ii~2,HAS_SUBPROVISION
PROV-252.225-7036-alternatei-a-1-ii~2,PROV-252.225-7036-alternatei-a-1-ii-A,HAS_SUBPROVISION
PROV-252.225-7036-alternatei,PROV-252.225-7036-alternatei-DFARS,HAS_SUBPROVISION
PROV-252.225-7036-alternatei-DFARS,PROV-252.225-7036-alternatei-DFARS-1,HAS_SUBPROVISION
PROV-252.225-7036-alternatei-DFARS,PROV-252.225-7036-alternatei-DFARS-2,HAS_SUBPROVISION
PROV-252.225-7036-alternatei-DFARS,PROV-252.225-7036-alternatei-DFARS-B,HAS_SUBPROVISION
PROV-252.225-7036-alternatei-DFARS,PROV-252.225-7036-alternatei-DFARS-2~2,HAS_SUBPROVISION
PROV-252.225-7036-alternatei-DFARS,PROV-252.225-7036-def-Endproduct~2,HAS_SUBPROVISION
PROV-252.225-7036-alternatei-DFARS,PROV-252.225-7036-def-Foreignendproduct~2,HAS_SUBPROVISION
PROV-252.225-7036-alternatei-DFARS,PROV-252.225-7036-def-FreeTradeAgreementcountry~2,HAS_SUBPROVISION
PROV-252.225-7036-alternatei-DFARS,PROV-252.225-7036-def-FreeTradeAgreementcountryendproduct~2,HAS_SUBPROVISION
PROV-252.225-7036-def-FreeTradeAgreementcountryendproduct~2,PROV-252.225-7036-alternatei-DFARS-“Free Trade Agreement country end product”-1,HAS_SUBPROVISION
PROV-252.225-7036-def-FreeTradeAgreementcountryendproduct~2,PROV-252.225-7036-alternatei-DFARS-“Free Trade Agreement country end product”-2,HAS_SUBPROVISION
PROV-252.225-7036-alternatei-DFARS,PROV-252.225-7036-def-Moroccanendproduct~2,HAS_SUBPROVISION
PROV-252.225-7036-def-Moroccanendproduct~2,PROV-252.225-7036-alternatei-DFARS-“Moroccan end product”-1,HAS_SUBPROVISION
PROV-252.225-7036-def-Moroccanendproduct~2,PROV-252.225-7036-alternatei-DFARS-“Moroccan end product”-2,HAS_SUBPROVISION
PROV-252.225-7036-alternatei-DFARS,PROV-252.225-7036-def-Panamanianendproduct~2,HAS_SUBPROVISION
PROV-252.225-7036-def-Panamanianendproduct~2,PROV-252.225-7036-alternatei-DFARS-“Panamanian end product”-1,HAS_SUBPROVISION
PROV-252.225-7036-def-Panamanianendproduct~2,PROV-252.225-7036-alternatei-DFARS-“Panamanian end product”-2,HAS_SUBPROVISION
PROV-252.225-7036-alternatei-DFARS,PROV-252.225-7036-def-Peruvianendproduct~2,HAS_SUBPROVISION
PROV-252.225-7036-def-Peruvianendproduct~2,PROV-252.225-7036-alternatei-DFARS-“Peruvian end product”-1,HAS_SUBPROVISION
PROV-252.225-7036-def-Peruvianendproduct~2,PROV-252.225-7036-alternatei-DFARS-“Peruvian end product”-2,HAS_SUBPROVISION
PROV-252.225-7036-alternatei-DFARS,PROV-252.225-7036-def-Predominantlyofironorsteeloracombination~2,HAS_SUBPROVISION
PROV-252.225-7036-alternatei-DFARS,PROV-252.225-7036-def-Qualifyingcountry~2,HAS_SUBPROVISION
PROV-252.225-7036-alternatei-DFARS,PROV-252.225-7036-def-Qualifyingcountrycomponent~2,HAS_SUBPROVISION
PROV-252.225-7036-alternatei-DFARS,PROV-252.225-7036-def-Qualifyingcountryendproduct~2,HAS_SUBPROVISION
PROV-252.225-7036-def-Qualifyingcountryendproduct~2,PROV-252.225-7036-alternatei-DFARS-“Qualifying country end product”-1,HAS_SUBPROVISION
PROV-252.225-7036-def-Qualifyingcountryendproduct~2,PROV-252.225-7036-alternatei-DFARS-“Qualifying country end product”-2,HAS_SUBPROVISION
PROV-252.225-7036-alternatei-DFARS-“Qualifying country end product”-2,PROV-252.225-7036-alternatei-DFARS-“Qualifying country end product”-2-i,HAS_SUBPROVISION
PROV-252.225-7036-alternatei-DFARS-“Qualifying country end product”-2-i,PROV-252.225-7036-alternatei-DFARS-“Qualifying country end product”-2-i-A,HAS_SUBPROVISION
PROV-252.225-7036-alternatei-DFARS-“Qualifying country end product”-2-i,PROV-252.225-7036-alternatei-DFARS-“Qualifying country end product”-2-i-B,HAS_SUBPROVISION
PROV-252.225-7036-alternatei-DFARS-“Qualifying country end product”-2-i,PROV-252.225-7036-alternatei-DFARS-“Qualifying country end product”-2-i-C,HAS_SUBPROVISION
PROV-252.225-7036-alternatei-DFARS-“Qualifying country end product”-2,PROV-252.225-7036-alternatei-DFARS-“Qualifying country end product”-2-ii,HAS_SUBPROVISION
PROV-252.225-7036-alternatei-DFARS,PROV-252.225-7036-def-Steel~2,HAS_SUBPROVISION
PROV-252.225-7036-alternatei-DFARS,PROV-252.225-7036-def-UnitedStates~2,HAS_SUBPROVISION
PROV-252.225-7036-alternatei-DFARS,PROV-252.225-7036-alternatei-DFARS-b,HAS_SUBPROVISION
PROV-252.225-7036-alternatei-DFARS,PROV-252.225-7036-alternatei-DFARS-c,HAS_SUBPROVISION
PROV-252.225-7036-alternatei-DFARS,PROV-252.225-7036-alternatei-DFARS-d,HAS_SUBPROVISION
SEC-252.225-7036,PROV-252.225-7036-alternateii,HAS_PROVISION
PROV-252.225-7036-alternateii,PROV-252.225-7036-alternateii-a,HAS_SUBPROVISION
PROV-252.225-7036-alternateii-a,PROV-252.225-7036-alternateii-a-1,HAS_SUBPROVISION
PROV-252.225-7036-alternateii-a,PROV-252.225-7036-alternateii-a-2,HAS_SUBPROVISION
PROV-252.225-7036-alternateii-a,PROV-252.225-7036-def-CommerciallyavailableofftheshelfCOTSitem~3,HAS_SUBPROVISION
PROV-252.225-7036-alternateii-a,PROV-252.225-7036-alternateii-a-1~2,HAS_SUBPROVISION
PROV-252.225-7036-alternateii-a-1~2,PROV-252.225-7036-alternateii-a-1-i,HAS_SUBPROVISION
PROV-252.225-7036-alternateii-a-1~2,PROV-252.225-7036-alternateii-a-1-ii,HAS_SUBPROVISION
PROV-252.225-7036-alternateii-a-1~2,PROV-252.225-7036-alternateii-a-1-iii,HAS_SUBPROVISION
PROV-252.225-7036-alternateii-a,PROV-252.225-7036-alternateii-a-2~2,HAS_SUBPROVISION
PROV-252.225-7036-alternateii-a,PROV-252.225-7036-def-Component~3,HAS_SUBPROVISION
PROV-252.225-7036-alternateii-a,PROV-252.225-7036-def-Criticalcomponent~3,HAS_SUBPROVISION
PROV-252.225-7036-alternateii-a,PROV-252.225-7036-def-Criticalitem~3,HAS_SUBPROVISION
PROV-252.225-7036-alternateii-a,PROV-252.225-7036-def-Domesticendproduct~3,HAS_SUBPROVISION
PROV-252.225-7036-alternateii-a,PROV-252.225-7036-alternateii-a-1~3,HAS_SUBPROVISION
PROV-252.225-7036-alternateii-a-1~3,PROV-252.225-7036-alternateii-a-1-i~2,HAS_SUBPROVISION
PROV-252.225-7036-alternateii-a-1~3,PROV-252.225-7036-alternateii-a-1-ii~2,HAS_SUBPROVISION
PROV-252.225-7036-alternateii-a-1-ii~2,PROV-252.225-7036-alternateii-a-1-ii-A,HAS_SUBPROVISION
PROV-252.225-7036-alternateii,PROV-252.225-7036-alternateii-DFARS,HAS_SUBPROVISION
PROV-252.225-7036-alternateii-DFARS,PROV-252.225-7036-alternateii-DFARS-1,HAS_SUBPROVISION
PROV-252.225-7036-alternateii-DFARS,PROV-252.225-7036-alternateii-DFARS-2,HAS_SUBPROVISION
PROV-252.225-7036-alternateii-DFARS,PROV-252.225-7036-alternateii-DFARS-B,HAS_SUBPROVISION
PROV-252.225-7036-alternateii-DFARS,PROV-252.225-7036-alternateii-DFARS-2~2,HAS_SUBPROVISION
PROV-252.225-7036-alternateii-DFARS,PROV-252.225-7036-def-Endproduct~3,HAS_SUBPROVISION
PROV-252.225-7036-alternateii-DFARS,PROV-252.225-7036-def-Foreignendproduct~3,HAS_SUBPROVISION
PROV-252.225-7036-alternateii-DFARS,PROV-252.225-7036-def-FreeTradeAgreementcountry~3,HAS_SUBPROVISION
PROV-252.225-7036-alternateii-DFARS,PROV-252.225-7036-def-FreeTradeAgreementcountryendproduct~3,HAS_SUBPROVISION
PROV-252.225-7036-def-FreeTradeAgreementcountryendproduct~3,PROV-252.225-7036-alternateii-DFARS-“Free Trade Agreement country end product”-1,HAS_SUBPROVISION
PROV-252.225-7036-def-FreeTradeAgreementcountryendproduct~3,PROV-252.225-7036-alternateii-DFARS-“Free Trade Agreement country end product”-2,HAS_SUBPROVISION
PROV-252.225-7036-alternateii-DFARS,PROV-252.225-7036-def-Moroccanendproduct~3,HAS_SUBPROVISION
PROV-252.225-7036-def-Moroccanendproduct~3,PROV-252.225-7036-alternateii-DFARS-“Moroccan end product”-1,HAS_SUBPROVISION
PROV-252.225-7036-def-Moroccanendproduct~3,PROV-252.225-7036-alternateii-DFARS-“Moroccan end product”-2,HAS_SUBPROVISION
PROV-252.225-7036-alternateii-DFARS,PROV-252.225-7036-def-Panamanianendproduct~3,HAS_SUBPROVISION
PROV-252.225-7036-def-Panamanianendproduct~3,PROV-252.225-7036-alternateii-DFARS-“Panamanian end product”-1,HAS_SUBPROVISION
PROV-252.225-7036-def-Panamanianendproduct~3,PROV-252.225-7036-alternateii-DFARS-“Panamanian end product”-2,HAS_SUBPROVISION
PROV-252.225-7036-alternateii-DFARS,PROV-252.225-7036-def-Peruvianendproduct~3,HAS_SUBPROVISION
PROV-252.225-7036-def-Peruvianendproduct~3,PROV-252.225-7036-alternateii-DFARS-“Peruvian end product”-1,HAS_SUBPROVISION
PROV-252.225-7036-def-Peruvianendproduct~3,PROV-252.225-7036-alternateii-DFARS-“Peruvian end product”-2,HAS_SUBPROVISION
PROV-252.225-7036-alternateii-DFARS,PROV-252.225-7036-def-Predominantlyofironorsteeloracombination~3,HAS_SUBPROVISION
PROV-252.225-7036-alternateii-DFARS,PROV-252.225-7036-def-Qualifyingcountry~3,HAS_SUBPROVISION
PROV-252.225-7036-alternateii-DFARS,PROV-252.225-7036-def-Qualifyingcountrycomponent~3,HAS_SUBPROVISION
PROV-252.225-7036-alternateii-DFARS,PROV-252.225-7036-def-Qualifyingcountryendproduct~3,HAS_SUBPROVISION
PROV-252.225-7036-def-Qualifyingcountryendproduct~3,PROV-252.225-7036-alternateii-DFARS-“Qualifying country end product”-1,HAS_SUBPROVISION
PROV-252.225-7036-def-Qualifyingcountryendproduct~3,PROV-252.225-7036-alternateii-DFARS-“Qualifying country end product”-2,HAS_SUBPROVISION
PROV-252.225-7036-alternateii-DFARS-“Qualifying country end product”-2,PROV-252.225-7036-alternateii-DFARS-“Qualifying country end product”-2-i,HAS_SUBPROVISION
PROV-252.225-7036-alternateii-DFARS-“Qualifying country end product”-2-i,PROV-252.225-7036-alternateii-DFARS-“Qualifying country end product”-2-i-A,HAS_SUBPROVISION
PROV-252.225-7036-alternateii-DFARS-“Qualifying country end product”-2-i,PROV-252.225-7036-alternateii-DFARS-“Qualifying country end product”-2-i-B,HAS_SUBPROVISION
PROV-252.225-7036-alternateii-DFARS-“Qualifying country end product”-2-i,PROV-252.225-7036-alternateii-DFARS-“Qualifying country end product”-2-i-C,HAS_SUBPROVISION
PROV-252.225-7036-alternateii-DFARS-“Qualifying country end product”-2,PROV-252.225-7036-alternateii-DFARS-“Qualifying country end product”-2-ii,HAS_SUBPROVISION
PROV-252.225-7036-alternateii-DFARS,PROV-252.225-7036-def-SouthCaucasusCentralandSouthAsianSCCASAs,HAS_SUBPROVISION
PROV-252.225-7036-alternateii-DFARS,PROV-252.225-7036-def-SouthCaucasusCentralandSouthAsianSCCASAs~2,HAS_SUBPROVISION
PROV-252.225-7036-def-SouthCaucasusCentralandSouthAsianSCCASAs~2,PROV-252.225-7036-alternateii-DFARS-“South Caucasus/Central and South Asian (SC/CASA) state end product”-1,HAS_SUBPROVISION
PROV-252.225-7036-def-SouthCaucasusCentralandSouthAsianSCCASAs~2,PROV-252.225-7036-alternateii-DFARS-“South Caucasus/Central and South Asian (SC/CASA) state end product”-2,HAS_SUBPROVISION
PROV-252.225-7036-alternateii-DFARS,PROV-252.225-7036-def-Steel~3,HAS_SUBPROVISION
PROV-252.225-7036-alternateii-DFARS,PROV-252.225-7036-def-UnitedStates~3,HAS_SUBPROVISION
PROV-252.225-7036-alternateii-DFARS,PROV-252.225-7036-alternateii-DFARS-b,HAS_SUBPROVISION
PROV-252.225-7036-alternateii-DFARS,PROV-252.225-7036-alternateii-DFARS-c,HAS_SUBPROVISION
PROV-252.225-7036-alternateii-DFARS,PROV-252.225-7036-alternateii-DFARS-d,HAS_SUBPROVISION
SEC-252.225-7036,PROV-252.225-7036-alternateiii,HAS_PROVISION
PROV-252.225-7036-alternateiii,PROV-252.225-7036-alternateiii-a,HAS_SUBPROVISION
PROV-252.225-7036-alternateiii-a,PROV-252.225-7036-alternateiii-a-1,HAS_SUBPROVISION
PROV-252.225-7036-alternateiii-a,PROV-252.225-7036-alternateiii-a-2,HAS_SUBPROVISION
PROV-252.225-7036-alternateiii-a,PROV-252.225-7036-def-CommerciallyavailableofftheshelfCOTSitem~4,HAS_SUBPROVISION
PROV-252.225-7036-alternateiii-a,PROV-252.225-7036-alternateiii-a-1~2,HAS_SUBPROVISION
PROV-252.225-7036-alternateiii-a-1~2,PROV-252.225-7036-alternateiii-a-1-i,HAS_SUBPROVISION
PROV-252.225-7036-alternateiii-a-1~2,PROV-252.225-7036-alternateiii-a-1-ii,HAS_SUBPROVISION
PROV-252.225-7036-alternateiii-a-1~2,PROV-252.225-7036-alternateiii-a-1-iii,HAS_SUBPROVISION
PROV-252.225-7036-alternateiii-a,PROV-252.225-7036-alternateiii-a-2~2,HAS_SUBPROVISION
PROV-252.225-7036-alternateiii-a,PROV-252.225-7036-def-Component~4,HAS_SUBPROVISION
PROV-252.225-7036-alternateiii-a,PROV-252.225-7036-def-Criticalcomponent~4,HAS_SUBPROVISION
PROV-252.225-7036-alternateiii-a,PROV-252.225-7036-def-Criticalitem~4,HAS_SUBPROVISION
PROV-252.225-7036-alternateiii-a,PROV-252.225-7036-def-Domesticendproduct~4,HAS_SUBPROVISION
PROV-252.225-7036-alternateiii-a,PROV-252.225-7036-alternateiii-a-1~3,HAS_SUBPROVISION
PROV-252.225-7036-alternateiii-a-1~3,PROV-252.225-7036-alternateiii-a-1-i~2,HAS_SUBPROVISION
PROV-252.225-7036-alternateiii-a-1~3,PROV-252.225-7036-alternateiii-a-1-ii~2,HAS_SUBPROVISION
PROV-252.225-7036-alternateiii-a-1-ii~2,PROV-252.225-7036-alternateiii-a-1-ii-A,HAS_SUBPROVISION
PROV-252.225-7036-alternateiii,PROV-252.225-7036-alternateiii-DFARS,HAS_SUBPROVISION
PROV-252.225-7036-alternateiii-DFARS,PROV-252.225-7036-alternateiii-DFARS-1,HAS_SUBPROVISION
PROV-252.225-7036-alternateiii-DFARS,PROV-252.225-7036-alternateiii-DFARS-2,HAS_SUBPROVISION
PROV-252.225-7036-alternateiii-DFARS,PROV-252.225-7036-alternateiii-DFARS-B,HAS_SUBPROVISION
PROV-252.225-7036-alternateiii-DFARS,PROV-252.225-7036-alternateiii-DFARS-2~2,HAS_SUBPROVISION
PROV-252.225-7036-alternateiii-DFARS,PROV-252.225-7036-def-Endproduct~4,HAS_SUBPROVISION
PROV-252.225-7036-alternateiii-DFARS,PROV-252.225-7036-def-Foreignendproduct~4,HAS_SUBPROVISION
PROV-252.225-7036-alternateiii-DFARS,PROV-252.225-7036-def-FreeTradeAgreementcountry~4,HAS_SUBPROVISION
PROV-252.225-7036-alternateiii-DFARS,PROV-252.225-7036-def-FreeTradeAgreementcountryendproduct~4,HAS_SUBPROVISION
PROV-252.225-7036-def-FreeTradeAgreementcountryendproduct~4,PROV-252.225-7036-alternateiii-DFARS-“Free Trade Agreement country end product”-i,HAS_SUBPROVISION
PROV-252.225-7036-def-FreeTradeAgreementcountryendproduct~4,PROV-252.225-7036-alternateiii-DFARS-“Free Trade Agreement country end product”-ii,HAS_SUBPROVISION
PROV-252.225-7036-alternateiii-DFARS,PROV-252.225-7036-def-Moroccanendproduct~4,HAS_SUBPROVISION
PROV-252.225-7036-def-Moroccanendproduct~4,PROV-252.225-7036-alternateiii-DFARS-“Moroccan end product”-1,HAS_SUBPROVISION
PROV-252.225-7036-def-Moroccanendproduct~4,PROV-252.225-7036-alternateiii-DFARS-“Moroccan end product”-2,HAS_SUBPROVISION
PROV-252.225-7036-alternateiii-DFARS,PROV-252.225-7036-def-Panamanianendproduct~4,HAS_SUBPROVISION
PROV-252.225-7036-def-Panamanianendproduct~4,PROV-252.225-7036-alternateiii-DFARS-“Panamanian end product”-1,HAS_SUBPROVISION
PROV-252.225-7036-def-Panamanianendproduct~4,PROV-252.225-7036-alternateiii-DFARS-“Panamanian end product”-2,HAS_SUBPROVISION
PROV-252.225-7036-alternateiii-DFARS,PROV-252.225-7036-def-Peruvianendproduct~4,HAS_SUBPROVISION
PROV-252.225-7036-def-Peruvianendproduct~4,PROV-252.225-7036-alternateiii-DFARS-“Peruvian end product”-1,HAS_SUBPROVISION
PROV-252.225-7036-def-Peruvianendproduct~4,PROV-252.225-7036-alternateiii-DFARS-“Peruvian end product”-2,HAS_SUBPROVISION
PROV-252.225-7036-alternateiii-DFARS,PROV-252.225-7036-def-Predominantlyofironorsteeloracombination~4,HAS_SUBPROVISION
PROV-252.225-7036-alternateiii-DFARS,PROV-252.225-7036-def-Qualifyingcountry~4,HAS_SUBPROVISION
PROV-252.225-7036-alternateiii-DFARS,PROV-252.225-7036-def-Qualifyingcountrycomponent~4,HAS_SUBPROVISION
PROV-252.225-7036-alternateiii-DFARS,PROV-252.225-7036-def-Qualifyingcountryendproduct~4,HAS_SUBPROVISION
PROV-252.225-7036-def-Qualifyingcountryendproduct~4,PROV-252.225-7036-alternateiii-DFARS-“Qualifying country end product”-1,HAS_SUBPROVISION
PROV-252.225-7036-def-Qualifyingcountryendproduct~4,PROV-252.225-7036-alternateiii-DFARS-“Qualifying country end product”-2,HAS_SUBPROVISION
PROV-252.225-7036-alternateiii-DFARS-“Qualifying country end product”-2,PROV-252.225-7036-alternateiii-DFARS-“Qualifying country end product”-2-i,HAS_SUBPROVISION
PROV-252.225-7036-alternateiii-DFARS-“Qualifying country end product”-2-i,PROV-252.225-7036-alternateiii-DFARS-“Qualifying country end product”-2-i-A,HAS_SUBPROVISION
PROV-252.225-7036-alternateiii-DFARS-“Qualifying country end product”-2-i,PROV-252.225-7036-alternateiii-DFARS-“Qualifying country end product”-2-i-C,HAS_SUBPROVISION
PROV-252.225-7036-alternateiii-DFARS-“Qualifying country end product”-2-i,PROV-252.225-7036-alternateiii-DFARS-“Qualifying country end product”-2-i-B,HAS_SUBPROVISION
PROV-252.225-7036-alternateiii-DFARS-“Qualifying country end product”-2,PROV-252.225-7036-alternateiii-DFARS-“Qualifying country end product”-2-ii,HAS_SUBPROVISION
PROV-252.225-7036-alternateiii-DFARS,PROV-252.225-7036-def-SouthCaucasusCentralandSouthAsianSCCASAs~3,HAS_SUBPROVISION
PROV-252.225-7036-alternateiii-DFARS,PROV-252.225-7036-def-SouthCaucasusCentralandSouthAsianSCCASAs~4,HAS_SUBPROVISION
PROV-252.225-7036-def-SouthCaucasusCentralandSouthAsianSCCASAs~4,PROV-252.225-7036-alternateiii-DFARS-“South Caucasus/Central and South Asian (SC/CASA) state end product”-1,HAS_SUBPROVISION
PROV-252.225-7036-def-SouthCaucasusCentralandSouthAsianSCCASAs~4,PROV-252.225-7036-alternateiii-DFARS-“South Caucasus/Central and South Asian (SC/CASA) state end product”-2,HAS_SUBPROVISION
PROV-252.225-7036-alternateiii-DFARS,PROV-252.225-7036-def-Steel~4,HAS_SUBPROVISION
PROV-252.225-7036-alternateiii-DFARS,PROV-252.225-7036-def-UnitedStates~4,HAS_SUBPROVISION
PROV-252.225-7036-alternateiii-DFARS,PROV-252.225-7036-alternateiii-DFARS-b,HAS_SUBPROVISION
PROV-252.225-7036-alternateiii-DFARS,PROV-252.225-7036-alternateiii-DFARS-c,HAS_SUBPROVISION
PROV-252.225-7036-alternateiii-DFARS,PROV-252.225-7036-alternateiii-DFARS-d,HAS_SUBPROVISION
SEC-252.225-7036,PROV-252.225-7036-alternateiv,HAS_PROVISION
PROV-252.225-7036-alternateiv,PROV-252.225-7036-alternateiv-a,HAS_SUBPROVISION
PROV-252.225-7036-alternateiv-a,PROV-252.225-7036-alternateiv-a-1,HAS_SUBPROVISION
PROV-252.225-7036-alternateiv-a,PROV-252.225-7036-alternateiv-a-2,HAS_SUBPROVISION
PROV-252.225-7036-alternateiv-a,PROV-252.225-7036-def-CommerciallyavailableofftheshelfCOTSitem~5,HAS_SUBPROVISION
PROV-252.225-7036-alternateiv-a,PROV-252.225-7036-alternateiv-a-1~2,HAS_SUBPROVISION
PROV-252.225-7036-alternateiv-a-1~2,PROV-252.225-7036-alternateiv-a-1-i,HAS_SUBPROVISION
PROV-252.225-7036-alternateiv-a-1~2,PROV-252.225-7036-alternateiv-a-1-ii,HAS_SUBPROVISION
PROV-252.225-7036-alternateiv-a-1~2,PROV-252.225-7036-alternateiv-a-1-iii,HAS_SUBPROVISION
PROV-252.225-7036-alternateiv-a,PROV-252.225-7036-alternateiv-a-2~2,HAS_SUBPROVISION
PROV-252.225-7036-alternateiv-a,PROV-252.225-7036-def-Component~5,HAS_SUBPROVISION
PROV-252.225-7036-alternateiv-a,PROV-252.225-7036-def-Criticalcomponent~5,HAS_SUBPROVISION
PROV-252.225-7036-alternateiv-a,PROV-252.225-7036-def-Criticalitem~5,HAS_SUBPROVISION
PROV-252.225-7036-alternateiv-a,PROV-252.225-7036-def-Domesticendproduct~5,HAS_SUBPROVISION
PROV-252.225-7036-def-Domesticendproduct~5,PROV-252.225-7036-alternateiv-a-“Domestic end product”-1,HAS_SUBPROVISION
PROV-252.225-7036-alternateiv-a-“Domestic end product”-1,PROV-252.225-7036-alternateiv-a-“Domestic end product”-1-i,HAS_SUBPROVISION
PROV-252.225-7036-alternateiv-a-“Domestic end product”-1,PROV-252.225-7036-alternateiv-a-“Domestic end product”-1-ii,HAS_SUBPROVISION
PROV-252.225-7036-alternateiv-a-“Domestic end product”-1-ii,PROV-252.225-7036-alternateiv-a-“Domestic end product”-1-ii-A,HAS_SUBPROVISION
PROV-252.225-7036-alternateiv,PROV-252.225-7036-alternateiv-DFARS,HAS_SUBPROVISION
PROV-252.225-7036-alternateiv-DFARS,PROV-252.225-7036-alternateiv-DFARS-1,HAS_SUBPROVISION
PROV-252.225-7036-alternateiv-DFARS,PROV-252.225-7036-alternateiv-DFARS-2,HAS_SUBPROVISION
PROV-252.225-7036-alternateiv-DFARS,PROV-252.225-7036-alternateiv-DFARS-B,HAS_SUBPROVISION
PROV-252.225-7036-alternateiv-DFARS,PROV-252.225-7036-alternateiv-DFARS-2~2,HAS_SUBPROVISION
PROV-252.225-7036-alternateiv-DFARS,PROV-252.225-7036-def-Endproduct~5,HAS_SUBPROVISION
PROV-252.225-7036-alternateiv-DFARS,PROV-252.225-7036-def-Foreignendproduct~5,HAS_SUBPROVISION
PROV-252.225-7036-alternateiv-DFARS,PROV-252.225-7036-def-FreeTradeAgreementcountry~5,HAS_SUBPROVISION
PROV-252.225-7036-alternateiv-DFARS,PROV-252.225-7036-def-FreeTradeAgreementcountryendproduct~5,HAS_SUBPROVISION
PROV-252.225-7036-def-FreeTradeAgreementcountryendproduct~5,PROV-252.225-7036-alternateiv-DFARS-“Free Trade Agreement country end product”-1,HAS_SUBPROVISION
PROV-252.225-7036-def-FreeTradeAgreementcountryendproduct~5,PROV-252.225-7036-alternateiv-DFARS-“Free Trade Agreement country end product”-2,HAS_SUBPROVISION
PROV-252.225-7036-alternateiv-DFARS,PROV-252.225-7036-def-Koreanendproduct,HAS_SUBPROVISION
PROV-252.225-7036-def-Koreanendproduct,PROV-252.225-7036-alternateiv-DFARS-“Korean end product”-1,HAS_SUBPROVISION
PROV-252.225-7036-def-Koreanendproduct,PROV-252.225-7036-alternateiv-DFARS-“Korean end product”-2,HAS_SUBPROVISION
PROV-252.225-7036-alternateiv-DFARS,PROV-252.225-7036-def-Moroccanendproduct~5,HAS_SUBPROVISION
PROV-252.225-7036-def-Moroccanendproduct~5,PROV-252.225-7036-alternateiv-DFARS-“Moroccan end product”-1,HAS_SUBPROVISION
PROV-252.225-7036-def-Moroccanendproduct~5,PROV-252.225-7036-alternateiv-DFARS-“Moroccan end product”-2,HAS_SUBPROVISION
PROV-252.225-7036-alternateiv-DFARS,PROV-252.225-7036-def-Panamanianendproduct~5,HAS_SUBPROVISION
PROV-252.225-7036-def-Panamanianendproduct~5,PROV-252.225-7036-alternateiv-DFARS-“Panamanian end product”-1,HAS_SUBPROVISION
PROV-252.225-7036-def-Panamanianendproduct~5,PROV-252.225-7036-alternateiv-DFARS-“Panamanian end product”-2,HAS_SUBPROVISION
PROV-252.225-7036-alternateiv-DFARS,PROV-252.225-7036-def-Peruvianendproduct~5,HAS_SUBPROVISION
PROV-252.225-7036-def-Peruvianendproduct~5,PROV-252.225-7036-alternateiv-DFARS-“Peruvian end product”-1,HAS_SUBPROVISION
PROV-252.225-7036-def-Peruvianendproduct~5,PROV-252.225-7036-alternateiv-DFARS-“Peruvian end product”-2,HAS_SUBPROVISION
PROV-252.225-7036-alternateiv-DFARS,PROV-252.225-7036-def-Predominantlyofironorsteeloracombination~5,HAS_SUBPROVISION
PROV-252.225-7036-alternateiv-DFARS,PROV-252.225-7036-def-Qualifyingcountry~5,HAS_SUBPROVISION
PROV-252.225-7036-alternateiv-DFARS,PROV-252.225-7036-def-Qualifyingcountrycomponent~5,HAS_SUBPROVISION
PROV-252.225-7036-alternateiv-DFARS,PROV-252.225-7036-def-Qualifyingcountryendproduct~5,HAS_SUBPROVISION
PROV-252.225-7036-alternateiv-DFARS,PROV-252.225-7036-alternateiv-DFARS-1~2,HAS_SUBPROVISION
PROV-252.225-7036-alternateiv-DFARS,PROV-252.225-7036-alternateiv-DFARS-2~3,HAS_SUBPROVISION
PROV-252.225-7036-alternateiv-DFARS-2~3,PROV-252.225-7036-alternateiv-DFARS-2-i,HAS_SUBPROVISION
PROV-252.225-7036-alternateiv-DFARS-2-i,PROV-252.225-7036-alternateiv-DFARS-2-i-A,HAS_SUBPROVISION
PROV-252.225-7036-alternateiv-DFARS-2-i,PROV-252.225-7036-alternateiv-DFARS-2-i-B,HAS_SUBPROVISION
PROV-252.225-7036-alternateiv-DFARS-2-i,PROV-252.225-7036-alternateiv-DFARS-2-i-C,HAS_SUBPROVISION
PROV-252.225-7036-alternateiv-DFARS-2~3,PROV-252.225-7036-alternateiv-DFARS-2-ii,HAS_SUBPROVISION
PROV-252.225-7036-alternateiv-DFARS,PROV-252.225-7036-def-Steel~5,HAS_SUBPROVISION
PROV-252.225-7036-alternateiv-DFARS,PROV-252.225-7036-def-UnitedStates~5,HAS_SUBPROVISION
PROV-252.225-7036-alternateiv-DFARS,PROV-252.225-7036-alternateiv-DFARS-b,HAS_SUBPROVISION
PROV-252.225-7036-alternateiv-DFARS,PROV-252.225-7036-alternateiv-DFARS-c,HAS_SUBPROVISION
PROV-252.225-7036-alternateiv-DFARS,PROV-252.225-7036-alternateiv-DFARS-d,HAS_SUBPROVISION
SEC-252.225-7036,PROV-252.225-7036-alternatev,HAS_PROVISION
PROV-252.225-7036-alternatev,PROV-252.225-7036-alternatev-a,HAS_SUBPROVISION
PROV-252.225-7036-alternatev-a,PROV-252.225-7036-alternatev-a-1,HAS_SUBPROVISION
PROV-252.225-7036-alternatev-a,PROV-252.225-7036-alternatev-a-2,HAS_SUBPROVISION
PROV-252.225-7036-alternatev-a,PROV-252.225-7036-def-CommerciallyavailableofftheshelfCOTSitem~6,HAS_SUBPROVISION
PROV-252.225-7036-alternatev-a,PROV-252.225-7036-alternatev-a-1~2,HAS_SUBPROVISION
PROV-252.225-7036-alternatev-a-1~2,PROV-252.225-7036-alternatev-a-1-i,HAS_SUBPROVISION
PROV-252.225-7036-alternatev-a-1~2,PROV-252.225-7036-alternatev-a-1-ii,HAS_SUBPROVISION
PROV-252.225-7036-alternatev-a-1~2,PROV-252.225-7036-alternatev-a-1-iii,HAS_SUBPROVISION
PROV-252.225-7036-alternatev-a,PROV-252.225-7036-alternatev-a-2~2,HAS_SUBPROVISION
PROV-252.225-7036-alternatev-a,PROV-252.225-7036-def-Component~6,HAS_SUBPROVISION
PROV-252.225-7036-alternatev-a,PROV-252.225-7036-def-Criticalcomponent~6,HAS_SUBPROVISION
PROV-252.225-7036-alternatev-a,PROV-252.225-7036-def-Criticalitem~6,HAS_SUBPROVISION
PROV-252.225-7036-alternatev-a,PROV-252.225-7036-def-Domesticendproduct~6,HAS_SUBPROVISION
PROV-252.225-7036-alternatev-a,PROV-252.225-7036-alternatev-a-1~3,HAS_SUBPROVISION
PROV-252.225-7036-alternatev-a-1~3,PROV-252.225-7036-alternatev-a-1-i~2,HAS_SUBPROVISION
PROV-252.225-7036-alternatev-a-1~3,PROV-252.225-7036-alternatev-a-1-ii~2,HAS_SUBPROVISION
PROV-252.225-7036-alternatev-a-1-ii~2,PROV-252.225-7036-alternatev-a-1-ii-A,HAS_SUBPROVISION
PROV-252.225-7036-alternatev,PROV-252.225-7036-alternatev-DFARS,HAS_SUBPROVISION
PROV-252.225-7036-alternatev-DFARS,PROV-252.225-7036-alternatev-DFARS-1,HAS_SUBPROVISION
PROV-252.225-7036-alternatev-DFARS,PROV-252.225-7036-alternatev-DFARS-2,HAS_SUBPROVISION
PROV-252.225-7036-alternatev-DFARS,PROV-252.225-7036-alternatev-DFARS-B,HAS_SUBPROVISION
PROV-252.225-7036-alternatev-DFARS,PROV-252.225-7036-alternatev-DFARS-2~2,HAS_SUBPROVISION
PROV-252.225-7036-alternatev-DFARS,PROV-252.225-7036-def-Endproduct~6,HAS_SUBPROVISION
PROV-252.225-7036-alternatev-DFARS,PROV-252.225-7036-def-Foreignendproduct~6,HAS_SUBPROVISION
PROV-252.225-7036-alternatev-DFARS,PROV-252.225-7036-def-FreeTradeAgreementcountry~6,HAS_SUBPROVISION
PROV-252.225-7036-alternatev-DFARS,PROV-252.225-7036-def-FreeTradeAgreementcountryendproduct~6,HAS_SUBPROVISION
PROV-252.225-7036-def-FreeTradeAgreementcountryendproduct~6,PROV-252.225-7036-alternatev-DFARS-“Free Trade Agreement country end product”-i,HAS_SUBPROVISION
PROV-252.225-7036-def-FreeTradeAgreementcountryendproduct~6,PROV-252.225-7036-alternatev-DFARS-“Free Trade Agreement country end product”-ii,HAS_SUBPROVISION
PROV-252.225-7036-alternatev-DFARS,PROV-252.225-7036-def-Koreanendproduct~2,HAS_SUBPROVISION
PROV-252.225-7036-def-Koreanendproduct~2,PROV-252.225-7036-alternatev-DFARS-“Korean end product”-1,HAS_SUBPROVISION
PROV-252.225-7036-def-Koreanendproduct~2,PROV-252.225-7036-alternatev-DFARS-“Korean end product”-2,HAS_SUBPROVISION
PROV-252.225-7036-alternatev-DFARS,PROV-252.225-7036-def-Moroccanendproduct~6,HAS_SUBPROVISION
PROV-252.225-7036-def-Moroccanendproduct~6,PROV-252.225-7036-alternatev-DFARS-“Moroccan end product”-1,HAS_SUBPROVISION
PROV-252.225-7036-def-Moroccanendproduct~6,PROV-252.225-7036-alternatev-DFARS-“Moroccan end product”-2,HAS_SUBPROVISION
PROV-252.225-7036-alternatev-DFARS,PROV-252.225-7036-def-Panamanianendproduct~6,HAS_SUBPROVISION
PROV-252.225-7036-def-Panamanianendproduct~6,PROV-252.225-7036-alternatev-DFARS-“Panamanian end product”-1,HAS_SUBPROVISION
PROV-252.225-7036-def-Panamanianendproduct~6,PROV-252.225-7036-alternatev-DFARS-“Panamanian end product”-2,HAS_SUBPROVISION
PROV-252.225-7036-alternatev-DFARS,PROV-252.225-7036-def-Peruvianendproduct~6,HAS_SUBPROVISION
PROV-252.225-7036-def-Peruvianendproduct~6,PROV-252.225-7036-alternatev-DFARS-“Peruvian end product”-1,HAS_SUBPROVISION
PROV-252.225-7036-def-Peruvianendproduct~6,PROV-252.225-7036-alternatev-DFARS-“Peruvian end product”-2,HAS_SUBPROVISION
PROV-252.225-7036-alternatev-DFARS,PROV-252.225-7036-def-Predominantlyofironorsteeloracombination~6,HAS_SUBPROVISION
PROV-252.225-7036-alternatev-DFARS,PROV-252.225-7036-def-Qualifyingcountry~6,HAS_SUBPROVISION
PROV-252.225-7036-alternatev-DFARS,PROV-252.225-7036-def-Qualifyingcountrycomponent~6,HAS_SUBPROVISION
PROV-252.225-7036-alternatev-DFARS,PROV-252.225-7036-def-Qualifyingcountryendproduct~6,HAS_SUBPROVISION
PROV-252.225-7036-def-Qualifyingcountryendproduct~6,PROV-252.225-7036-alternatev-DFARS-“Qualifying country end product”-1,HAS_SUBPROVISION
PROV-252.225-7036-def-Qualifyingcountryendproduct~6,PROV-252.225-7036-alternatev-DFARS-“Qualifying country end product”-2,HAS_SUBPROVISION
PROV-252.225-7036-alternatev-DFARS-“Qualifying country end product”-2,PROV-252.225-7036-alternatev-DFARS-“Qualifying country end product”-2-i,HAS_SUBPROVISION
PROV-252.225-7036-alternatev-DFARS-“Qualifying country end product”-2-i,PROV-252.225-7036-alternatev-DFARS-“Qualifying country end product”-2-i-A,HAS_SUBPROVISION
PROV-252.225-7036-alternatev-DFARS-“Qualifying country end product”-2-i,PROV-252.225-7036-alternatev-DFARS-“Qualifying country end product”-2-i-B,HAS_SUBPROVISION
PROV-252.225-7036-alternatev-DFARS-“Qualifying country end product”-2-i,PROV-252.225-7036-alternatev-DFARS-“Qualifying country end product”-2-i-C,HAS_SUBPROVISION
PROV-252.225-7036-alternatev-DFARS-“Qualifying country end product”-2,PROV-252.225-7036-alternatev-DFARS-“Qualifying country end product”-2-ii,HAS_SUBPROVISION
PROV-252.225-7036-alternatev-DFARS,PROV-252.225-7036-def-SouthCaucasusCentralandSouthAsianSCCASAs~5,HAS_SUBPROVISION
PROV-252.225-7036-alternatev-DFARS,PROV-252.225-7036-def-SouthCaucasusCentralandSouthAsianSCCASAs~6,HAS_SUBPROVISION
PROV-252.225-7036-def-SouthCaucasusCentralandSouthAsianSCCASAs~6,PROV-252.225-7036-alternatev-DFARS-“South Caucasus/Central and South Asian (SC/CASA) state end product”-1,HAS_SUBPROVISION
PROV-252.225-7036-def-SouthCaucasusCentralandSouthAsianSCCASAs~6,PROV-252.225-7036-alternatev-DFARS-“South Caucasus/Central and South Asian (SC/CASA) state end product”-2,HAS_SUBPROVISION
PROV-252.225-7036-alternatev-DFARS,PROV-252.225-7036-def-Steel~6,HAS_SUBPROVISION
PROV-252.225-7036-alternatev-DFARS,PROV-252.225-7036-def-UnitedStates~6,HAS_SUBPROVISION
PROV-252.225-7036-alternatev-DFARS,PROV-252.225-7036-alternatev-DFARS-b,HAS_SUBPROVISION
PROV-252.225-7036-alternatev-DFARS,PROV-252.225-7036-alternatev-DFARS-c,HAS_SUBPROVISION
PROV-252.225-7036-alternatev-DFARS,PROV-252.225-7036-alternatev-DFARS-d,HAS_SUBPROVISION
SEC-252.225-7036,PROV-252.225-7036-alternatevi,HAS_PROVISION
PROV-252.225-7036-alternatevi,PROV-252.225-7036-alternatevi-a,HAS_SUBPROVISION
PROV-252.225-7036-alternatevi-a,PROV-252.225-7036-def-Bahrainiendproduct,HAS_SUBPROVISION
PROV-252.225-7036-alternatevi-a,PROV-252.225-7036-alternatevi-a-1,HAS_SUBPROVISION
PROV-252.225-7036-alternatevi-a,PROV-252.225-7036-alternatevi-a-2,HAS_SUBPROVISION
PROV-252.225-7036-alternatevi-a,PROV-252.225-7036-def-CommerciallyavailableofftheshelfCOTSitem~7,HAS_SUBPROVISION
PROV-252.225-7036-alternatevi-a,PROV-252.225-7036-alternatevi-a-1~2,HAS_SUBPROVISION
PROV-252.225-7036-alternatevi-a-1~2,PROV-252.225-7036-alternatevi-a-1-i,HAS_SUBPROVISION
PROV-252.225-7036-alternatevi-a-1~2,PROV-252.225-7036-alternatevi-a-1-ii,HAS_SUBPROVISION
PROV-252.225-7036-alternatevi-a-1~2,PROV-252.225-7036-alternatevi-a-1-iii,HAS_SUBPROVISION
PROV-252.225-7036-alternatevi-a,PROV-252.225-7036-alternatevi-a-2~2,HAS_SUBPROVISION
PROV-252.225-7036-alternatevi-a,PROV-252.225-7036-def-Component~7,HAS_SUBPROVISION
PROV-252.225-7036-alternatevi-a,PROV-252.225-7036-def-Criticalcomponent~7,HAS_SUBPROVISION
PROV-252.225-7036-alternatevi-a,PROV-252.225-7036-def-Criticalitem~7,HAS_SUBPROVISION
PROV-252.225-7036-alternatevi-a,PROV-252.225-7036-def-Domesticendproduct~7,HAS_SUBPROVISION
PROV-252.225-7036-alternatevi-a,PROV-252.225-7036-alternatevi-a-1~3,HAS_SUBPROVISION
PROV-252.225-7036-alternatevi-a-1~3,PROV-252.225-7036-alternatevi-a-1-i~2,HAS_SUBPROVISION
PROV-252.225-7036-alternatevi-a-1~3,PROV-252.225-7036-alternatevi-a-1-ii~2,HAS_SUBPROVISION
PROV-252.225-7036-alternatevi-a-1-ii~2,PROV-252.225-7036-alternatevi-a-1-ii-A,HAS_SUBPROVISION
PROV-252.225-7036-alternatevi-a-1-ii-A,PROV-252.225-7036-alternatevi-a-1-ii-A-1,HAS_SUBPROVISION
PROV-252.225-7036-alternatevi-a-1-ii-A,PROV-252.225-7036-alternatevi-a-1-ii-A-2,HAS_SUBPROVISION
PROV-252.225-7036-alternatevi-a-1-ii~2,PROV-252.225-7036-alternatevi-a-1-ii-B,HAS_SUBPROVISION
PROV-252.225-7036-alternatevi-a,PROV-252.225-7036-alternatevi-a-2~3,HAS_SUBPROVISION
PROV-252.225-7036-alternatevi-a,PROV-252.225-7036-def-Endproduct~7,HAS_SUBPROVISION
PROV-252.225-7036-alternatevi-a,PROV-252.225-7036-def-Foreignendproduct~7,HAS_SUBPROVISION
PROV-252.225-7036-alternatevi-a,PROV-252.225-7036-def-FreeTradeAgreementcountry~7,HAS_SUBPROVISION
PROV-252.225-7036-alternatevi-a,PROV-252.225-7036-def-FreeTradeAgreementcountryendproduct~7,HAS_SUBPROVISION
PROV-252.225-7036-def-FreeTradeAgreementcountryendproduct~7,PROV-252.225-7036-alternatevi-a-“Free Trade Agreement country end product”-1,HAS_SUBPROVISION
PROV-252.225-7036-def-FreeTradeAgreementcountryendproduct~7,PROV-252.225-7036-alternatevi-a-“Free Trade Agreement country end product”-2,HAS_SUBPROVISION
PROV-252.225-7036-alternatevi-a,PROV-252.225-7036-def-Moroccanendproduct~7,HAS_SUBPROVISION
PROV-252.225-7036-def-Moroccanendproduct~7,PROV-252.225-7036-alternatevi-a-“Moroccan end product”-1,HAS_SUBPROVISION
PROV-252.225-7036-def-Moroccanendproduct~7,PROV-252.225-7036-alternatevi-a-“Moroccan end product”-2,HAS_SUBPROVISION
PROV-252.225-7036-alternatevi-a,PROV-252.225-7036-def-Panamanianendproduct~7,HAS_SUBPROVISION
PROV-252.225-7036-def-Panamanianendproduct~7,PROV-252.225-7036-alternatevi-a-“Panamanian end product”-1,HAS_SUBPROVISION
PROV-252.225-7036-def-Panamanianendproduct~7,PROV-252.225-7036-alternatevi-a-“Panamanian end product”-2,HAS_SUBPROVISION
PROV-252.225-7036-alternatevi-a,PROV-252.225-7036-def-Peruvianendproduct~7,HAS_SUBPROVISION
PROV-252.225-7036-def-Peruvianendproduct~7,PROV-252.225-7036-alternatevi-a-“Peruvian end product”-1,HAS_SUBPROVISION
PROV-252.225-7036-def-Peruvianendproduct~7,PROV-252.225-7036-alternatevi-a-“Peruvian end product”-2,HAS_SUBPROVISION
PROV-252.225-7036-alternatevi-a,PROV-252.225-7036-def-Predominantlyofironorsteeloracombination~7,HAS_SUBPROVISION
PROV-252.225-7036-alternatevi-a,PROV-252.225-7036-def-Qualifyingcountry~7,HAS_SUBPROVISION
PROV-252.225-7036-alternatevi-a,PROV-252.225-7036-def-Qualifyingcountrycomponent~7,HAS_SUBPROVISION
PROV-252.225-7036-alternatevi-a,PROV-252.225-7036-def-Qualifyingcountryendproduct~7,HAS_SUBPROVISION
PROV-252.225-7036-def-Qualifyingcountryendproduct~7,PROV-252.225-7036-alternatevi-a-“Qualifying country end product”-1,HAS_SUBPROVISION
PROV-252.225-7036-def-Qualifyingcountryendproduct~7,PROV-252.225-7036-alternatevi-a-“Qualifying country end product”-2,HAS_SUBPROVISION
PROV-252.225-7036-alternatevi-a-“Qualifying country end product”-2,PROV-252.225-7036-alternatevi-a-“Qualifying country end product”-2-i,HAS_SUBPROVISION
PROV-252.225-7036-alternatevi-a-“Qualifying country end product”-2-i,PROV-252.225-7036-alternatevi-a-“Qualifying country end product”-2-i-A,HAS_SUBPROVISION
PROV-252.225-7036-alternatevi-a-“Qualifying country end product”-2-i,PROV-252.225-7036-alternatevi-a-“Qualifying country end product”-2-i-B,HAS_SUBPROVISION
PROV-252.225-7036-alternatevi-a-“Qualifying country end product”-2-i,PROV-252.225-7036-alternatevi-a-“Qualifying country end product”-2-i-C,HAS_SUBPROVISION
PROV-252.225-7036-alternatevi-a-“Qualifying country end product”-2,PROV-252.225-7036-alternatevi-a-“Qualifying country end product”-2-ii,HAS_SUBPROVISION
PROV-252.225-7036-alternatevi-a,PROV-252.225-7036-def-Steel~7,HAS_SUBPROVISION
PROV-252.225-7036-alternatevi-a,PROV-252.225-7036-def-UnitedStates~7,HAS_SUBPROVISION
PROV-252.225-7036-alternatevi,PROV-252.225-7036-alternatevi-b,HAS_SUBPROVISION
PROV-252.225-7036-alternatevi,PROV-252.225-7036-alternatevi-c,HAS_SUBPROVISION
PROV-252.225-7036-alternatevi,PROV-252.225-7036-alternatevi-d,HAS_SUBPROVISION
SEC-252.225-7036,PROV-252.225-7036-alternatevii,HAS_PROVISION
PROV-252.225-7036-alternatevii,PROV-252.225-7036-alternatevii-a,HAS_SUBPROVISION
PROV-252.225-7036-alternatevii-a,PROV-252.225-7036-def-Bahrainiendproduct~2,HAS_SUBPROVISION
PROV-252.225-7036-alternatevii-a,PROV-252.225-7036-alternatevii-a-1,HAS_SUBPROVISION
PROV-252.225-7036-alternatevii-a,PROV-252.225-7036-alternatevii-a-2,HAS_SUBPROVISION
PROV-252.225-7036-alternatevii-a,PROV-252.225-7036-def-CommerciallyavailableofftheshelfCOTSitem~8,HAS_SUBPROVISION
PROV-252.225-7036-alternatevii-a,PROV-252.225-7036-alternatevii-a-1~2,HAS_SUBPROVISION
PROV-252.225-7036-alternatevii-a-1~2,PROV-252.225-7036-alternatevii-a-1-i,HAS_SUBPROVISION
PROV-252.225-7036-alternatevii-a-1~2,PROV-252.225-7036-alternatevii-a-1-ii,HAS_SUBPROVISION
PROV-252.225-7036-alternatevii-a-1~2,PROV-252.225-7036-alternatevii-a-1-iii,HAS_SUBPROVISION
PROV-252.225-7036-alternatevii-a,PROV-252.225-7036-alternatevii-a-2~2,HAS_SUBPROVISION
PROV-252.225-7036-alternatevii-a,PROV-252.225-7036-def-Component~8,HAS_SUBPROVISION
PROV-252.225-7036-alternatevii-a,PROV-252.225-7036-def-Criticalcomponent~8,HAS_SUBPROVISION
PROV-252.225-7036-alternatevii-a,PROV-252.225-7036-def-Criticalitem~8,HAS_SUBPROVISION
PROV-252.225-7036-alternatevii-a,PROV-252.225-7036-def-Domesticendproduct~8,HAS_SUBPROVISION
PROV-252.225-7036-alternatevii-a,PROV-252.225-7036-alternatevii-a-1~3,HAS_SUBPROVISION
PROV-252.225-7036-alternatevii-a-1~3,PROV-252.225-7036-alternatevii-a-1-i~2,HAS_SUBPROVISION
PROV-252.225-7036-alternatevii-a-1~3,PROV-252.225-7036-alternatevii-a-1-ii~2,HAS_SUBPROVISION
PROV-252.225-7036-alternatevii-a-1-ii~2,PROV-252.225-7036-alternatevii-a-1-ii-A,HAS_SUBPROVISION
PROV-252.225-7036-alternatevii-a-1-ii-A,PROV-252.225-7036-alternatevii-a-1-ii-A-1,HAS_SUBPROVISION
PROV-252.225-7036-alternatevii-a-1-ii-A,PROV-252.225-7036-alternatevii-a-1-ii-A-2,HAS_SUBPROVISION
PROV-252.225-7036-alternatevii-a-1-ii~2,PROV-252.225-7036-alternatevii-a-1-ii-B,HAS_SUBPROVISION
PROV-252.225-7036-alternatevii-a-1~3,PROV-252.225-7036-alternatevii-a-1-2,HAS_SUBPROVISION
PROV-252.225-7036-alternatevii-a,PROV-252.225-7036-def-Endproduct~8,HAS_SUBPROVISION
PROV-252.225-7036-alternatevii-a,PROV-252.225-7036-def-Foreignendproduct~8,HAS_SUBPROVISION
PROV-252.225-7036-alternatevii-a,PROV-252.225-7036-def-FreeTradeAgreementcountry~8,HAS_SUBPROVISION
PROV-252.225-7036-alternatevii-a,PROV-252.225-7036-def-FreeTradeAgreementcountryendproduct~8,HAS_SUBPROVISION
PROV-252.225-7036-def-FreeTradeAgreementcountryendproduct~8,PROV-252.225-7036-alternatevii-a-“Free Trade Agreement country end product”-1,HAS_SUBPROVISION
PROV-252.225-7036-def-FreeTradeAgreementcountryendproduct~8,PROV-252.225-7036-alternatevii-a-“Free Trade Agreement country end product”-2,HAS_SUBPROVISION
PROV-252.225-7036-alternatevii-a,PROV-252.225-7036-def-Moroccanendproduct~8,HAS_SUBPROVISION
PROV-252.225-7036-def-Moroccanendproduct~8,PROV-252.225-7036-alternatevii-a-“Moroccan end product”-1,HAS_SUBPROVISION
PROV-252.225-7036-def-Moroccanendproduct~8,PROV-252.225-7036-alternatevii-a-“Moroccan end product”-2,HAS_SUBPROVISION
PROV-252.225-7036-alternatevii-a,PROV-252.225-7036-def-Panamanianendproduct~8,HAS_SUBPROVISION
PROV-252.225-7036-def-Panamanianendproduct~8,PROV-252.225-7036-alternatevii-a-“Panamanian end product”-1,HAS_SUBPROVISION
PROV-252.225-7036-def-Panamanianendproduct~8,PROV-252.225-7036-alternatevii-a-“Panamanian end product”-2,HAS_SUBPROVISION
PROV-252.225-7036-alternatevii-a,PROV-252.225-7036-def-Peruvianendproduct~8,HAS_SUBPROVISION
PROV-252.225-7036-def-Peruvianendproduct~8,PROV-252.225-7036-alternatevii-a-“Peruvian end product”-1,HAS_SUBPROVISION
PROV-252.225-7036-def-Peruvianendproduct~8,PROV-252.225-7036-alternatevii-a-“Peruvian end product”-2,HAS_SUBPROVISION
PROV-252.225-7036-alternatevii-a,PROV-252.225-7036-def-Predominantlyofironorsteeloracombination~8,HAS_SUBPROVISION
PROV-252.225-7036-alternatevii-a,PROV-252.225-7036-def-Qualifyingcountry~8,HAS_SUBPROVISION
PROV-252.225-7036-alternatevii,PROV-252.225-7036-def-Qualifyingcountrycomponent~8,HAS_SUBPROVISION
PROV-252.225-7036-alternatevii,PROV-252.225-7036-def-Qualifyingcountryendproduct~8,HAS_SUBPROVISION
PROV-252.225-7036-def-Qualifyingcountryendproduct~8,PROV-252.225-7036-alternatevii-“Qualifying country end product”-1,HAS_SUBPROVISION
PROV-252.225-7036-def-Qualifyingcountryendproduct~8,PROV-252.225-7036-alternatevii-“Qualifying country end product”-2,HAS_SUBPROVISION
PROV-252.225-7036-alternatevii-“Qualifying country end product”-2,PROV-252.225-7036-alternatevii-“Qualifying country end product”-2-i,HAS_SUBPROVISION
PROV-252.225-7036-alternatevii-“Qualifying country end product”-2-i,PROV-252.225-7036-alternatevii-“Qualifying country end product”-2-i-A,HAS_SUBPROVISION
PROV-252.225-7036-alternatevii-“Qualifying country end product”-2-i,PROV-252.225-7036-alternatevii-“Qualifying country end product”-2-i-B,HAS_SUBPROVISION
PROV-252.225-7036-alternatevii-“Qualifying country end product”-2-i,PROV-252.225-7036-alternatevii-“Qualifying country end product”-2-i-C,HAS_SUBPROVISION
PROV-252.225-7036-alternatevii-“Qualifying country end product”-2,PROV-252.225-7036-alternatevii-“Qualifying country end product”-2-ii,HAS_SUBPROVISION
PROV-252.225-7036-alternatevii,PROV-252.225-7036-def-Steel~8,HAS_SUBPROVISION
PROV-252.225-7036-alternatevii,PROV-252.225-7036-def-UnitedStates~8,HAS_SUBPROVISION
PROV-252.225-7036-alternatevii,PROV-252.225-7036-alternatevii-b,HAS_SUBPROVISION
PROV-252.225-7036-alternatevii,PROV-252.225-7036-alternatevii-c,HAS_SUBPROVISION
PROV-252.225-7036-alternatevii,PROV-252.225-7036-alternatevii-d,HAS_SUBPROVISION
SEC-252.225-7036,PROV-252.225-7036-alternateviii,HAS_PROVISION
PROV-252.225-7036-alternateviii,PROV-252.225-7036-alternateviii-a,HAS_SUBPROVISION
PROV-252.225-7036-alternateviii-a,PROV-252.225-7036-def-Bahrainiendproduct~3,HAS_SUBPROVISION
PROV-252.225-7036-alternateviii-a,PROV-252.225-7036-alternateviii-a-1,HAS_SUBPROVISION
PROV-252.225-7036-alternateviii-a,PROV-252.225-7036-alternateviii-a-2,HAS_SUBPROVISION
PROV-252.225-7036-alternateviii-a,PROV-252.225-7036-def-CommerciallyavailableofftheshelfCOTSitem~9,HAS_SUBPROVISION
PROV-252.225-7036-alternateviii-a,PROV-252.225-7036-alternateviii-a-1~2,HAS_SUBPROVISION
PROV-252.225-7036-alternateviii-a-1~2,PROV-252.225-7036-alternateviii-a-1-i,HAS_SUBPROVISION
PROV-252.225-7036-alternateviii-a-1~2,PROV-252.225-7036-alternateviii-a-1-ii,HAS_SUBPROVISION
PROV-252.225-7036-alternateviii-a-1~2,PROV-252.225-7036-alternateviii-a-1-iii,HAS_SUBPROVISION
PROV-252.225-7036-alternateviii-a,PROV-252.225-7036-alternateviii-a-2~2,HAS_SUBPROVISION
PROV-252.225-7036-alternateviii-a,PROV-252.225-7036-def-Component~9,HAS_SUBPROVISION
PROV-252.225-7036-alternateviii-a,PROV-252.225-7036-def-Criticalcomponent~9,HAS_SUBPROVISION
PROV-252.225-7036-alternateviii-a,PROV-252.225-7036-def-Criticalitem~9,HAS_SUBPROVISION
PROV-252.225-7036-alternateviii-a,PROV-252.225-7036-def-Domesticendproduct~9,HAS_SUBPROVISION
PROV-252.225-7036-alternateviii-a,PROV-252.225-7036-alternateviii-a-1~3,HAS_SUBPROVISION
PROV-252.225-7036-alternateviii-a-1~3,PROV-252.225-7036-alternateviii-a-1-i~2,HAS_SUBPROVISION
PROV-252.225-7036-alternateviii-a-1~3,PROV-252.225-7036-alternateviii-a-1-ii~2,HAS_SUBPROVISION
PROV-252.225-7036-alternateviii-a-1-ii~2,PROV-252.225-7036-alternateviii-a-1-ii-A,HAS_SUBPROVISION
PROV-252.225-7036-alternateviii-a-1-ii-A,PROV-252.225-7036-alternateviii-a-1-ii-A-1,HAS_SUBPROVISION
PROV-252.225-7036-alternateviii-a-1-ii-A,PROV-252.225-7036-alternateviii-a-1-ii-A-2,HAS_SUBPROVISION
PROV-252.225-7036-alternateviii-a-1-ii~2,PROV-252.225-7036-alternateviii-a-1-ii-B,HAS_SUBPROVISION
PROV-252.225-7036-alternateviii-a-1~3,PROV-252.225-7036-alternateviii-a-1-2,HAS_SUBPROVISION
PROV-252.225-7036-alternateviii-a,PROV-252.225-7036-def-Endproduct~9,HAS_SUBPROVISION
PROV-252.225-7036-alternateviii-a,PROV-252.225-7036-def-Foreignendproduct~9,HAS_SUBPROVISION
PROV-252.225-7036-alternateviii-a,PROV-252.225-7036-def-FreeTradeAgreementcountry~9,HAS_SUBPROVISION
PROV-252.225-7036-alternateviii-a,PROV-252.225-7036-def-FreeTradeAgreementcountryendproduct~9,HAS_SUBPROVISION
PROV-252.225-7036-def-FreeTradeAgreementcountryendproduct~9,PROV-252.225-7036-alternateviii-a-“Free Trade Agreement country end product”-1,HAS_SUBPROVISION
PROV-252.225-7036-def-FreeTradeAgreementcountryendproduct~9,PROV-252.225-7036-alternateviii-a-“Free Trade Agreement country end product”-2,HAS_SUBPROVISION
PROV-252.225-7036-alternateviii-a,PROV-252.225-7036-def-Moroccanendproduct~9,HAS_SUBPROVISION
PROV-252.225-7036-def-Moroccanendproduct~9,PROV-252.225-7036-alternateviii-a-“Moroccan end product”-1,HAS_SUBPROVISION
PROV-252.225-7036-def-Moroccanendproduct~9,PROV-252.225-7036-alternateviii-a-“Moroccan end product”-2,HAS_SUBPROVISION
PROV-252.225-7036-alternateviii-a,PROV-252.225-7036-def-Panamanianendproduct~9,HAS_SUBPROVISION
PROV-252.225-7036-def-Panamanianendproduct~9,PROV-252.225-7036-alternateviii-a-“Panamanian end product”-1,HAS_SUBPROVISION
PROV-252.225-7036-def-Panamanianendproduct~9,PROV-252.225-7036-alternateviii-a-“Panamanian end product”-2,HAS_SUBPROVISION
PROV-252.225-7036-alternateviii-a,PROV-252.225-7036-def-Peruvianendproduct~9,HAS_SUBPROVISION
PROV-252.225-7036-def-Peruvianendproduct~9,PROV-252.225-7036-alternateviii-a-“Peruvian end product”-1,HAS_SUBPROVISION
PROV-252.225-7036-def-Peruvianendproduct~9,PROV-252.225-7036-alternateviii-a-“Peruvian end product”-2,HAS_SUBPROVISION
PROV-252.225-7036-alternateviii-a,PROV-252.225-7036-def-Predominantlyofironorsteeloracombination~9,HAS_SUBPROVISION
PROV-252.225-7036-alternateviii-a,PROV-252.225-7036-def-Qualifyingcountry~9,HAS_SUBPROVISION
PROV-252.225-7036-alternateviii,PROV-252.225-7036-def-Qualifyingcountrycomponent~9,HAS_SUBPROVISION
PROV-252.225-7036-alternateviii,PROV-252.225-7036-def-Qualifyingcountryendproduct~9,HAS_SUBPROVISION
PROV-252.225-7036-def-Qualifyingcountryendproduct~9,PROV-252.225-7036-alternateviii-“Qualifying country end product”-1,HAS_SUBPROVISION
PROV-252.225-7036-def-Qualifyingcountryendproduct~9,PROV-252.225-7036-alternateviii-“Qualifying country end product”-2,HAS_SUBPROVISION
PROV-252.225-7036-alternateviii-“Qualifying country end product”-2,PROV-252.225-7036-alternateviii-“Qualifying country end product”-2-i,HAS_SUBPROVISION
PROV-252.225-7036-alternateviii-“Qualifying country end product”-2-i,PROV-252.225-7036-alternateviii-“Qualifying country end product”-2-i-A,HAS_SUBPROVISION
PROV-252.225-7036-alternateviii-“Qualifying country end product”-2-i,PROV-252.225-7036-alternateviii-“Qualifying country end product”-2-i-B,HAS_SUBPROVISION
PROV-252.225-7036-alternateviii-“Qualifying country end product”-2-i,PROV-252.225-7036-alternateviii-“Qualifying country end product”-2-i-C,HAS_SUBPROVISION
PROV-252.225-7036-alternateviii-“Qualifying country end product”-2,PROV-252.225-7036-alternateviii-“Qualifying country end product”-2-ii,HAS_SUBPROVISION
PROV-252.225-7036-alternateviii,PROV-252.225-7036-def-SouthCaucasusCentralandSouthAsianSCCASAs~7,HAS_SUBPROVISION
PROV-252.225-7036-alternateviii,PROV-252.225-7036-def-SouthCaucasusCentralandSouthAsianSCCASAs~8,HAS_SUBPROVISION
PROV-252.225-7036-def-SouthCaucasusCentralandSouthAsianSCCASAs~8,PROV-252.225-7036-alternateviii-“South Caucasus/Central and South Asian (SC/CASA) state end product”-1,HAS_SUBPROVISION
PROV-252.225-7036-def-SouthCaucasusCentralandSouthAsianSCCASAs~8,PROV-252.225-7036-alternateviii-“South Caucasus/Central and South Asian (SC/CASA) state end product”-2,HAS_SUBPROVISION
PROV-252.225-7036-alternateviii,PROV-252.225-7036-def-Steel~9,HAS_SUBPROVISION
PROV-252.225-7036-alternateviii,PROV-252.225-7036-def-UnitedStates~9,HAS_SUBPROVISION
PROV-252.225-7036-alternateviii,PROV-252.225-7036-alternateviii-b,HAS_SUBPROVISION
PROV-252.225-7036-alternateviii,PROV-252.225-7036-alternateviii-c,HAS_SUBPROVISION
PROV-252.225-7036-alternateviii,PROV-252.225-7036-alternateviii-d,HAS_SUBPROVISION
SEC-252.225-7036,PROV-252.225-7036-alternateix,HAS_PROVISION
PROV-252.225-7036-alternateix,PROV-252.225-7036-alternateix-a,HAS_SUBPROVISION
PROV-252.225-7036-alternateix-a,PROV-252.225-7036-def-Bahrainiendproduct~4,HAS_SUBPROVISION
PROV-252.225-7036-alternateix-a,PROV-252.225-7036-alternateix-a-1,HAS_SUBPROVISION
PROV-252.225-7036-alternateix-a,PROV-252.225-7036-alternateix-a-2,HAS_SUBPROVISION
PROV-252.225-7036-alternateix-a,PROV-252.225-7036-def-CommerciallyavailableofftheshelfCOTSitem~10,HAS_SUBPROVISION
PROV-252.225-7036-alternateix-a,PROV-252.225-7036-alternateix-a-1~2,HAS_SUBPROVISION
PROV-252.225-7036-alternateix-a-1~2,PROV-252.225-7036-alternateix-a-1-i,HAS_SUBPROVISION
PROV-252.225-7036-alternateix-a-1~2,PROV-252.225-7036-alternateix-a-1-ii,HAS_SUBPROVISION
PROV-252.225-7036-alternateix-a-1~2,PROV-252.225-7036-alternateix-a-1-iii,HAS_SUBPROVISION
PROV-252.225-7036-alternateix-a,PROV-252.225-7036-alternateix-a-2~2,HAS_SUBPROVISION
PROV-252.225-7036-alternateix-a,PROV-252.225-7036-def-Component~10,HAS_SUBPROVISION
PROV-252.225-7036-alternateix-a,PROV-252.225-7036-def-Criticalcomponent~10,HAS_SUBPROVISION
PROV-252.225-7036-alternateix-a,PROV-252.225-7036-def-Criticalitem~10,HAS_SUBPROVISION
PROV-252.225-7036-alternateix-a,PROV-252.225-7036-def-Domesticendproduct~10,HAS_SUBPROVISION
PROV-252.225-7036-alternateix-a,PROV-252.225-7036-alternateix-a-1~3,HAS_SUBPROVISION
PROV-252.225-7036-alternateix-a-1~3,PROV-252.225-7036-alternateix-a-1-i~2,HAS_SUBPROVISION
PROV-252.225-7036-alternateix-a-1~3,PROV-252.225-7036-alternateix-a-1-ii~2,HAS_SUBPROVISION
PROV-252.225-7036-alternateix-a-1-ii~2,PROV-252.225-7036-alternateix-a-1-ii-A,HAS_SUBPROVISION
PROV-252.225-7036-alternateix-a-1-ii-A,PROV-252.225-7036-alternateix-a-1-ii-A-1,HAS_SUBPROVISION
PROV-252.225-7036-alternateix-a-1-ii-A,PROV-252.225-7036-alternateix-a-1-ii-A-2,HAS_SUBPROVISION
PROV-252.225-7036-alternateix-a-1-ii~2,PROV-252.225-7036-alternateix-a-1-ii-B,HAS_SUBPROVISION
PROV-252.225-7036-alternateix-a-1~3,PROV-252.225-7036-alternateix-a-1-2,HAS_SUBPROVISION
PROV-252.225-7036-alternateix-a,PROV-252.225-7036-def-Endproduct~10,HAS_SUBPROVISION
PROV-252.225-7036-alternateix-a,PROV-252.225-7036-def-Foreignendproduct~10,HAS_SUBPROVISION
PROV-252.225-7036-alternateix-a,PROV-252.225-7036-def-FreeTradeAgreementcountry~10,HAS_SUBPROVISION
PROV-252.225-7036-alternateix-a,PROV-252.225-7036-def-FreeTradeAgreementcountryendproduct~10,HAS_SUBPROVISION
PROV-252.225-7036-def-FreeTradeAgreementcountryendproduct~10,PROV-252.225-7036-alternateix-a-“Free Trade Agreement country end product”-1,HAS_SUBPROVISION
PROV-252.225-7036-def-FreeTradeAgreementcountryendproduct~10,PROV-252.225-7036-alternateix-a-“Free Trade Agreement country end product”-2,HAS_SUBPROVISION
PROV-252.225-7036-alternateix-a,PROV-252.225-7036-def-Moroccanendproduct~10,HAS_SUBPROVISION
PROV-252.225-7036-def-Moroccanendproduct~10,PROV-252.225-7036-alternateix-a-“Moroccan end product”-1,HAS_SUBPROVISION
PROV-252.225-7036-def-Moroccanendproduct~10,PROV-252.225-7036-alternateix-a-“Moroccan end product”-2,HAS_SUBPROVISION
PROV-252.225-7036-alternateix-a,PROV-252.225-7036-def-Panamanianendproduct~10,HAS_SUBPROVISION
PROV-252.225-7036-def-Panamanianendproduct~10,PROV-252.225-7036-alternateix-a-“Panamanian end product”-1,HAS_SUBPROVISION
PROV-252.225-7036-def-Panamanianendproduct~10,PROV-252.225-7036-alternateix-a-“Panamanian end product”-2,HAS_SUBPROVISION
PROV-252.225-7036-alternateix-a,PROV-252.225-7036-def-Peruvianendproduct~10,HAS_SUBPROVISION
PROV-252.225-7036-def-Peruvianendproduct~10,PROV-252.225-7036-alternateix-a-“Peruvian end product”-1,HAS_SUBPROVISION
PROV-252.225-7036-def-Peruvianendproduct~10,PROV-252.225-7036-alternateix-a-“Peruvian end product”-2,HAS_SUBPROVISION
PROV-252.225-7036-alternateix,PROV-252.225-7036-def-Predominantlyofironorsteeloracombination~10,HAS_SUBPROVISION
PROV-252.225-7036-alternateix,PROV-252.225-7036-def-Qualifyingcountry~10,HAS_SUBPROVISION
PROV-252.225-7036-alternateix,PROV-252.225-7036-def-Qualifyingcountrycomponent~10,HAS_SUBPROVISION
PROV-252.225-7036-alternateix,PROV-252.225-7036-def-Qualifyingcountryendproduct~10,HAS_SUBPROVISION
PROV-252.225-7036-def-Qualifyingcountryendproduct~10,PROV-252.225-7036-alternateix-“Qualifying country end product”-1,HAS_SUBPROVISION
PROV-252.225-7036-def-Qualifyingcountryendproduct~10,PROV-252.225-7036-alternateix-“Qualifying country end product”-2,HAS_SUBPROVISION
PROV-252.225-7036-alternateix-“Qualifying country end product”-2,PROV-252.225-7036-alternateix-“Qualifying country end product”-2-i,HAS_SUBPROVISION
PROV-252.225-7036-alternateix-“Qualifying country end product”-2-i,PROV-252.225-7036-alternateix-“Qualifying country end product”-2-i-A,HAS_SUBPROVISION
PROV-252.225-7036-alternateix-“Qualifying country end product”-2-i,PROV-252.225-7036-alternateix-“Qualifying country end product”-2-i-B,HAS_SUBPROVISION
PROV-252.225-7036-alternateix-“Qualifying country end product”-2-i,PROV-252.225-7036-alternateix-“Qualifying country end product”-2-i-C,HAS_SUBPROVISION
PROV-252.225-7036-alternateix-“Qualifying country end product”-2,PROV-252.225-7036-alternateix-“Qualifying country end product”-2-ii,HAS_SUBPROVISION
PROV-252.225-7036-alternateix,PROV-252.225-7036-def-SouthCaucasusCentralandSouthAsianSCCASAs~9,HAS_SUBPROVISION
PROV-252.225-7036-alternateix,PROV-252.225-7036-def-SouthCaucasusCentralandSouthAsianSCCASAs~10,HAS_SUBPROVISION
PROV-252.225-7036-def-SouthCaucasusCentralandSouthAsianSCCASAs~10,PROV-252.225-7036-alternateix-“South Caucasus/Central and South Asian (SC/CASA) state end product”-1,HAS_SUBPROVISION
PROV-252.225-7036-def-SouthCaucasusCentralandSouthAsianSCCASAs~10,PROV-252.225-7036-alternateix-“South Caucasus/Central and South Asian (SC/CASA) state end product”-2,HAS_SUBPROVISION
PROV-252.225-7036-alternateix,PROV-252.225-7036-def-Steel~10,HAS_SUBPROVISION
PROV-252.225-7036-alternateix,PROV-252.225-7036-def-UnitedStates~10,HAS_SUBPROVISION
PROV-252.225-7036-alternateix,PROV-252.225-7036-alternateix-b,HAS_SUBPROVISION
PROV-252.225-7036-alternateix,PROV-252.225-7036-alternateix-c,HAS_SUBPROVISION
PROV-252.225-7036-alternateix,PROV-252.225-7036-alternateix-d,HAS_SUBPROVISION
SEC-252.225-7036,PROV-252.225-7036-alternatex,HAS_PROVISION
PROV-252.225-7036-alternatex,PROV-252.225-7036-alternatex-a,HAS_SUBPROVISION
PROV-252.225-7036-alternatex-a,PROV-252.225-7036-def-Bahrainiendproduct~5,HAS_SUBPROVISION
PROV-252.225-7036-alternatex-a,PROV-252.225-7036-alternatex-a-1,HAS_SUBPROVISION
PROV-252.225-7036-alternatex-a,PROV-252.225-7036-alternatex-a-2,HAS_SUBPROVISION
PROV-252.225-7036-alternatex-a,PROV-252.225-7036-def-CommerciallyavailableofftheshelfCOTSitem~11,HAS_SUBPROVISION
PROV-252.225-7036-alternatex-a,PROV-252.225-7036-alternatex-a-1~2,HAS_SUBPROVISION
PROV-252.225-7036-alternatex-a-1~2,PROV-252.225-7036-alternatex-a-1-i,HAS_SUBPROVISION
PROV-252.225-7036-alternatex-a-1~2,PROV-252.225-7036-alternatex-a-1-ii,HAS_SUBPROVISION
PROV-252.225-7036-alternatex-a-1~2,PROV-252.225-7036-alternatex-a-1-iii,HAS_SUBPROVISION
PROV-252.225-7036-alternatex-a,PROV-252.225-7036-alternatex-a-2~2,HAS_SUBPROVISION
PROV-252.225-7036-alternatex-a,PROV-252.225-7036-def-Component~11,HAS_SUBPROVISION
PROV-252.225-7036-alternatex-a,PROV-252.225-7036-def-Criticalcomponent~11,HAS_SUBPROVISION
PROV-252.225-7036-alternatex-a,PROV-252.225-7036-def-Criticalitem~11,HAS_SUBPROVISION
PROV-252.225-7036-alternatex-a,PROV-252.225-7036-def-Domesticendproduct~11,HAS_SUBPROVISION
PROV-252.225-7036-def-Domesticendproduct~11,PROV-252.225-7036-alternatex-a-“Domestic end product”-1,HAS_SUBPROVISION
PROV-252.225-7036-alternatex-a-“Domestic end product”-1,PROV-252.225-7036-alternatex-a-“Domestic end product”-1-i,HAS_SUBPROVISION
PROV-252.225-7036-alternatex-a-“Domestic end product”-1,PROV-252.225-7036-alternatex-a-“Domestic end product”-1-ii,HAS_SUBPROVISION
PROV-252.225-7036-alternatex-a-“Domestic end product”-1-ii,PROV-252.225-7036-alternatex-a-“Domestic end product”-1-ii-A,HAS_SUBPROVISION
PROV-252.225-7036-alternatex-a-“Domestic end product”-1-ii-A,PROV-252.225-7036-alternatex-a-“Domestic end product”-1-ii-A-1,HAS_SUBPROVISION
PROV-252.225-7036-alternatex-a-“Domestic end product”-1-ii-A,PROV-252.225-7036-alternatex-a-“Domestic end product”-1-ii-A-2,HAS_SUBPROVISION
PROV-252.225-7036-alternatex-a-“Domestic end product”-1-ii,PROV-252.225-7036-alternatex-a-“Domestic end product”-1-ii-B,HAS_SUBPROVISION
PROV-252.225-7036-def-Domesticendproduct~11,PROV-252.225-7036-alternatex-a-“Domestic end product”-2,HAS_SUBPROVISION
PROV-252.225-7036-alternatex-a,PROV-252.225-7036-def-Endproduct~11,HAS_SUBPROVISION
PROV-252.225-7036-alternatex-a,PROV-252.225-7036-def-Foreignendproduct~11,HAS_SUBPROVISION
PROV-252.225-7036-alternatex-a,PROV-252.225-7036-def-FreeTradeAgreementcountry~11,HAS_SUBPROVISION
PROV-252.225-7036-alternatex-a,PROV-252.225-7036-def-FreeTradeAgreementcountryendproduct~11,HAS_SUBPROVISION
PROV-252.225-7036-def-FreeTradeAgreementcountryendproduct~11,PROV-252.225-7036-alternatex-a-“Free Trade Agreement country end product”-1,HAS_SUBPROVISION
PROV-252.225-7036-def-FreeTradeAgreementcountryendproduct~11,PROV-252.225-7036-alternatex-a-“Free Trade Agreement country end product”-2,HAS_SUBPROVISION
PROV-252.225-7036-alternatex-a,PROV-252.225-7036-def-Koreanendproduct~3,HAS_SUBPROVISION
PROV-252.225-7036-def-Koreanendproduct~3,PROV-252.225-7036-alternatex-a-“Korean end product”-1,HAS_SUBPROVISION
PROV-252.225-7036-def-Koreanendproduct~3,PROV-252.225-7036-alternatex-a-“Korean end product”-2,HAS_SUBPROVISION
PROV-252.225-7036-alternatex-a,PROV-252.225-7036-def-Moroccanendproduct~11,HAS_SUBPROVISION
PROV-252.225-7036-def-Moroccanendproduct~11,PROV-252.225-7036-alternatex-a-“Moroccan end product”-1,HAS_SUBPROVISION
PROV-252.225-7036-def-Moroccanendproduct~11,PROV-252.225-7036-alternatex-a-“Moroccan end product”-2,HAS_SUBPROVISION
PROV-252.225-7036-alternatex-a,PROV-252.225-7036-def-Panamanianendproduct~11,HAS_SUBPROVISION
PROV-252.225-7036-def-Panamanianendproduct~11,PROV-252.225-7036-alternatex-a-“Panamanian end product”-1,HAS_SUBPROVISION
PROV-252.225-7036-def-Panamanianendproduct~11,PROV-252.225-7036-alternatex-a-“Panamanian end product”-2,HAS_SUBPROVISION
PROV-252.225-7036-alternatex-a,PROV-252.225-7036-def-Peruvianendproduct~11,HAS_SUBPROVISION
PROV-252.225-7036-def-Peruvianendproduct~11,PROV-252.225-7036-alternatex-a-“Peruvian end product”-1,HAS_SUBPROVISION
PROV-252.225-7036-def-Peruvianendproduct~11,PROV-252.225-7036-alternatex-a-“Peruvian end product”-2,HAS_SUBPROVISION
PROV-252.225-7036-alternatex-a,PROV-252.225-7036-def-Predominantlyofironorsteeloracombination~11,HAS_SUBPROVISION
PROV-252.225-7036-alternatex-a,PROV-252.225-7036-def-Qualifyingcountry~11,HAS_SUBPROVISION
PROV-252.225-7036-alternatex-a,PROV-252.225-7036-def-Qualifyingcountrycomponent~11,HAS_SUBPROVISION
PROV-252.225-7036-alternatex-a,PROV-252.225-7036-def-Qualifyingcountryendproduct~11,HAS_SUBPROVISION
PROV-252.225-7036-alternatex-a,PROV-252.225-7036-alternatex-a-1~3,HAS_SUBPROVISION
PROV-252.225-7036-alternatex-a,PROV-252.225-7036-alternatex-a-2~3,HAS_SUBPROVISION
PROV-252.225-7036-alternatex-a-2~3,PROV-252.225-7036-alternatex-a-2-i,HAS_SUBPROVISION
PROV-252.225-7036-alternatex-a-2-i,PROV-252.225-7036-alternatex-a-2-i-A,HAS_SUBPROVISION
PROV-252.225-7036-alternatex-a-2-i,PROV-252.225-7036-alternatex-a-2-i-B,HAS_SUBPROVISION
PROV-252.225-7036-alternatex-a-2-i,PROV-252.225-7036-alternatex-a-2-i-C,HAS_SUBPROVISION
PROV-252.225-7036-alternatex-a-2~3,PROV-252.225-7036-alternatex-a-2-ii,HAS_SUBPROVISION
PROV-252.225-7036-alternatex-a,PROV-252.225-7036-def-Steel~11,HAS_SUBPROVISION
PROV-252.225-7036-alternatex-a,PROV-252.225-7036-def-UnitedStates~11,HAS_SUBPROVISION
PROV-252.225-7036-alternatex,PROV-252.225-7036-alternatex-b,HAS_SUBPROVISION
PROV-252.225-7036-alternatex,PROV-252.225-7036-alternatex-c,HAS_SUBPROVISION
PROV-252.225-7036-alternatex,PROV-252.225-7036-alternatex-d,HAS_SUBPROVISION
SEC-252.225-7036,PROV-252.225-7036-alternatexi,HAS_PROVISION
PROV-252.225-7036-alternatexi,PROV-252.225-7036-alternatexi-a,HAS_SUBPROVISION
PROV-252.225-7036-alternatexi-a,PROV-252.225-7036-def-Bahrainiendproduct~6,HAS_SUBPROVISION
PROV-252.225-7036-alternatexi-a,PROV-252.225-7036-alternatexi-a-1,HAS_SUBPROVISION
PROV-252.225-7036-alternatexi-a,PROV-252.225-7036-alternatexi-a-2,HAS_SUBPROVISION
PROV-252.225-7036-alternatexi-a,PROV-252.225-7036-def-CommerciallyavailableofftheshelfCOTSitem~12,HAS_SUBPROVISION
PROV-252.225-7036-alternatexi-a,PROV-252.225-7036-alternatexi-a-1~2,HAS_SUBPROVISION
PROV-252.225-7036-alternatexi-a-1~2,PROV-252.225-7036-alternatexi-a-1-i,HAS_SUBPROVISION
PROV-252.225-7036-alternatexi-a-1-i,PROV-252.225-7036-alternatexi-a-1-i-ii,HAS_SUBPROVISION
PROV-252.225-7036-alternatexi-a-1-i,PROV-252.225-7036-alternatexi-a-1-i-iii,HAS_SUBPROVISION
PROV-252.225-7036-alternatexi-a-1~2,PROV-252.225-7036-alternatexi-a-1-2,HAS_SUBPROVISION
PROV-252.225-7036-alternatexi-a,PROV-252.225-7036-def-Component~12,HAS_SUBPROVISION
PROV-252.225-7036-alternatexi-a,PROV-252.225-7036-def-Criticalcomponent~12,HAS_SUBPROVISION
PROV-252.225-7036-alternatexi-a,PROV-252.225-7036-def-Criticalitem~12,HAS_SUBPROVISION
PROV-252.225-7036-alternatexi-a,PROV-252.225-7036-def-Domesticendproduct~12,HAS_SUBPROVISION
PROV-252.225-7036-def-Domesticendproduct~12,PROV-252.225-7036-alternatexi-a-“Domestic end product”-1,HAS_SUBPROVISION
PROV-252.225-7036-alternatexi-a-“Domestic end product”-1,PROV-252.225-7036-alternatexi-a-“Domestic end product”-1-i,HAS_SUBPROVISION
PROV-252.225-7036-alternatexi-a-“Domestic end product”-1,PROV-252.225-7036-alternatexi-a-“Domestic end product”-1-ii,HAS_SUBPROVISION
PROV-252.225-7036-alternatexi-a-“Domestic end product”-1-ii,PROV-252.225-7036-alternatexi-a-“Domestic end product”-1-ii-A,HAS_SUBPROVISION
PROV-252.225-7036-alternatexi-a-“Domestic end product”-1-ii-A,PROV-252.225-7036-alternatexi-a-“Domestic end product”-1-ii-A-1,HAS_SUBPROVISION
PROV-252.225-7036-alternatexi-a-“Domestic end product”-1-ii-A,PROV-252.225-7036-alternatexi-a-“Domestic end product”-1-ii-A-2,HAS_SUBPROVISION
PROV-252.225-7036-alternatexi-a-“Domestic end product”-1-ii,PROV-252.225-7036-alternatexi-a-“Domestic end product”-1-ii-B,HAS_SUBPROVISION
PROV-252.225-7036-def-Domesticendproduct~12,PROV-252.225-7036-alternatexi-a-“Domestic end product”-2,HAS_SUBPROVISION
PROV-252.225-7036-alternatexi-a,PROV-252.225-7036-def-Endproduct~12,HAS_SUBPROVISION
PROV-252.225-7036-alternatexi-a,PROV-252.225-7036-def-Foreignendproduct~12,HAS_SUBPROVISION
PROV-252.225-7036-alternatexi-a,PROV-252.225-7036-def-FreeTradeAgreementcountry~12,HAS_SUBPROVISION
PROV-252.225-7036-alternatexi-a,PROV-252.225-7036-def-FreeTradeAgreementcountryendproduct~12,HAS_SUBPROVISION
PROV-252.225-7036-def-FreeTradeAgreementcountryendproduct~12,PROV-252.225-7036-alternatexi-a-“Free Trade Agreement country end product”-1,HAS_SUBPROVISION
PROV-252.225-7036-def-FreeTradeAgreementcountryendproduct~12,PROV-252.225-7036-alternatexi-a-“Free Trade Agreement country end product”-2,HAS_SUBPROVISION
PROV-252.225-7036-alternatexi-a,PROV-252.225-7036-def-Koreanendproduct~4,HAS_SUBPROVISION
PROV-252.225-7036-def-Koreanendproduct~4,PROV-252.225-7036-alternatexi-a-“Korean end product”-1,HAS_SUBPROVISION
PROV-252.225-7036-def-Koreanendproduct~4,PROV-252.225-7036-alternatexi-a-“Korean end product”-2,HAS_SUBPROVISION
PROV-252.225-7036-alternatexi-a,PROV-252.225-7036-def-Moroccanendproduct~12,HAS_SUBPROVISION
PROV-252.225-7036-def-Moroccanendproduct~12,PROV-252.225-7036-alternatexi-a-“Moroccan end product”-1,HAS_SUBPROVISION
PROV-252.225-7036-def-Moroccanendproduct~12,PROV-252.225-7036-alternatexi-a-“Moroccan end product”-2,HAS_SUBPROVISION
PROV-252.225-7036-alternatexi-a,PROV-252.225-7036-def-Panamanianendproduct~12,HAS_SUBPROVISION
PROV-252.225-7036-def-Panamanianendproduct~12,PROV-252.225-7036-alternatexi-a-“Panamanian end product”-1,HAS_SUBPROVISION
PROV-252.225-7036-def-Panamanianendproduct~12,PROV-252.225-7036-alternatexi-a-“Panamanian end product”-2,HAS_SUBPROVISION
PROV-252.225-7036-alternatexi-a,PROV-252.225-7036-def-Peruvianendproduct~12,HAS_SUBPROVISION
PROV-252.225-7036-def-Peruvianendproduct~12,PROV-252.225-7036-alternatexi-a-“Peruvian end product”-1,HAS_SUBPROVISION
PROV-252.225-7036-def-Peruvianendproduct~12,PROV-252.225-7036-alternatexi-a-“Peruvian end product”-2,HAS_SUBPROVISION
PROV-252.225-7036-alternatexi-a,PROV-252.225-7036-def-Predominantlyofironorsteeloracombination~12,HAS_SUBPROVISION
PROV-252.225-7036-alternatexi-a,PROV-252.225-7036-def-Qualifyingcountry~12,HAS_SUBPROVISION
PROV-252.225-7036-alternatexi,PROV-252.225-7036-def-Qualifyingcountrycomponent~12,HAS_SUBPROVISION
PROV-252.225-7036-alternatexi,PROV-252.225-7036-def-Qualifyingcountryendproduct~12,HAS_SUBPROVISION
PROV-252.225-7036-def-Qualifyingcountryendproduct~12,PROV-252.225-7036-alternatexi-“Qualifying country end product”-1,HAS_SUBPROVISION
PROV-252.225-7036-def-Qualifyingcountryendproduct~12,PROV-252.225-7036-alternatexi-“Qualifying country end product”-2,HAS_SUBPROVISION
PROV-252.225-7036-alternatexi-“Qualifying country end product”-2,PROV-252.225-7036-alternatexi-“Qualifying country end product”-2-i,HAS_SUBPROVISION
PROV-252.225-7036-alternatexi-“Qualifying country end product”-2-i,PROV-252.225-7036-alternatexi-“Qualifying country end product”-2-i-A,HAS_SUBPROVISION
PROV-252.225-7036-alternatexi-“Qualifying country end product”-2-i,PROV-252.225-7036-alternatexi-“Qualifying country end product”-2-i-B,HAS_SUBPROVISION
PROV-252.225-7036-alternatexi-“Qualifying country end product”-2-i,PROV-252.225-7036-alternatexi-“Qualifying country end product”-2-i-C,HAS_SUBPROVISION
PROV-252.225-7036-alternatexi-“Qualifying country end product”-2,PROV-252.225-7036-alternatexi-“Qualifying country end product”-2-ii,HAS_SUBPROVISION
PROV-252.225-7036-alternatexi,PROV-252.225-7036-def-SouthCaucasusCentralandSouthAsianSCCASAs~11,HAS_SUBPROVISION
PROV-252.225-7036-alternatexi,PROV-252.225-7036-def-SouthCaucasusCentralandSouthAsianSCCASAs~12,HAS_SUBPROVISION
PROV-252.225-7036-def-SouthCaucasusCentralandSouthAsianSCCASAs~12,PROV-252.225-7036-alternatexi-“South Caucasus/Central and South Asian (SC/CASA) state end product”-1,HAS_SUBPROVISION
PROV-252.225-7036-def-SouthCaucasusCentralandSouthAsianSCCASAs~12,PROV-252.225-7036-alternatexi-“South Caucasus/Central and South Asian (SC/CASA) state end product”-2,HAS_SUBPROVISION
PROV-252.225-7036-alternatexi,PROV-252.225-7036-def-Steel~12,HAS_SUBPROVISION
PROV-252.225-7036-alternatexi,PROV-252.225-7036-def-UnitedStates~12,HAS_SUBPROVISION
PROV-252.225-7036-alternatexi,PROV-252.225-7036-alternatexi-b,HAS_SUBPROVISION
PROV-252.225-7036-alternatexi,PROV-252.225-7036-alternatexi-c,HAS_SUBPROVISION
PROV-252.225-7036-alternatexi,PROV-252.225-7036-alternatexi-d,HAS_SUBPROVISION
SUBPART-252.2,SEC-252.225-7036,HAS_SECTION
SUBPART-252.2,SEC-252.225-7037,HAS_SECTION
SUBPART-252.2,SEC-252.225-7038,HAS_SECTION
SEC-252.225-7039,PROV-252.225-7039-a,HAS_PROVISION
PROV-252.225-7039-a,PROV-252.225-7039-def-Fullcooperation,HAS_SUBPROVISION
PROV-252.225-7039-def-Fullcooperation,PROV-252.225-7039-a-“Full cooperation”-1,HAS_SUBPROVISION
PROV-252.225-7039-def-Fullcooperation,PROV-252.225-7039-a-“Full cooperation”-2,HAS_SUBPROVISION
PROV-252.225-7039-a-“Full cooperation”-2,PROV-252.225-7039-a-“Full cooperation”-2-i,HAS_SUBPROVISION
PROV-252.225-7039-a-“Full cooperation”-2,PROV-252.225-7039-a-“Full cooperation”-2-ii,HAS_SUBPROVISION
PROV-252.225-7039-def-Fullcooperation,PROV-252.225-7039-a-“Full cooperation”-3,HAS_SUBPROVISION
PROV-252.225-7039-a-“Full cooperation”-3,PROV-252.225-7039-a-“Full cooperation”-3-i,HAS_SUBPROVISION
PROV-252.225-7039-a-“Full cooperation”-3,PROV-252.225-7039-a-“Full cooperation”-3-ii,HAS_SUBPROVISION
PROV-252.225-7039-a,PROV-252.225-7039-def-Privatesecurityfunctions,HAS_SUBPROVISION
PROV-252.225-7039-def-Privatesecurityfunctions,PROV-252.225-7039-a-“Private security functions”-1,HAS_SUBPROVISION
PROV-252.225-7039-def-Privatesecurityfunctions,PROV-252.225-7039-a-“Private security functions”-2,HAS_SUBPROVISION
SEC-252.225-7039,PROV-252.225-7039-b,HAS_PROVISION
PROV-252.225-7039-b,PROV-252.225-7039-b-1,HAS_SUBPROVISION
PROV-252.225-7039-b,PROV-252.225-7039-b-2,HAS_SUBPROVISION
PROV-252.225-7039-b,PROV-252.225-7039-b-3,HAS_SUBPROVISION
PROV-252.225-7039-b,PROV-252.225-7039-b-4,HAS_SUBPROVISION
PROV-252.225-7039-b,PROV-252.225-7039-b-5,HAS_SUBPROVISION
SEC-252.225-7039,PROV-252.225-7039-c,HAS_PROVISION
PROV-252.225-7039-c,PROV-252.225-7039-c-1,HAS_SUBPROVISION
PROV-252.225-7039-c-1,PROV-252.225-7039-c-1-i,HAS_SUBPROVISION
PROV-252.225-7039-c-1,PROV-252.225-7039-c-1-ii,HAS_SUBPROVISION
PROV-252.225-7039-c-1,PROV-252.225-7039-c-1-iii,HAS_SUBPROVISION
PROV-252.225-7039-c-1,PROV-252.225-7039-c-1-iv,HAS_SUBPROVISION
PROV-252.225-7039-c-1-iv,PROV-252.225-7039-c-1-iv-A,HAS_SUBPROVISION
PROV-252.225-7039-c-1-iv,PROV-252.225-7039-c-1-iv-B,HAS_SUBPROVISION
PROV-252.225-7039-c-1-iv,PROV-252.225-7039-c-1-iv-C,HAS_SUBPROVISION
PROV-252.225-7039-c-1-iv,PROV-252.225-7039-c-1-iv-D,HAS_SUBPROVISION
PROV-252.225-7039-c-1-iv,PROV-252.225-7039-c-1-iv-E,HAS_SUBPROVISION
PROV-252.225-7039-c,PROV-252.225-7039-c-2,HAS_SUBPROVISION
PROV-252.225-7039-c-2,PROV-252.225-7039-c-2-i,HAS_SUBPROVISION
PROV-252.225-7039-c-2,PROV-252.225-7039-c-2-ii,HAS_SUBPROVISION
PROV-252.225-7039-c-2,PROV-252.225-7039-c-2-iii,HAS_SUBPROVISION
PROV-252.225-7039-c-2,PROV-252.225-7039-c-2-iv,HAS_SUBPROVISION
PROV-252.225-7039-c,PROV-252.225-7039-c-3,HAS_SUBPROVISION
PROV-252.225-7039-c-3,PROV-252.225-7039-c-3-i,HAS_SUBPROVISION
PROV-252.225-7039-c-3,PROV-252.225-7039-c-3-ii,HAS_SUBPROVISION
PROV-252.225-7039-c,PROV-252.225-7039-c-4,HAS_SUBPROVISION
SEC-252.225-7039,PROV-252.225-7039-d,HAS_PROVISION
PROV-252.225-7039-d,PROV-252.225-7039-d-1,HAS_SUBPROVISION
PROV-252.225-7039-d,PROV-252.225-7039-d-2,HAS_SUBPROVISION
PROV-252.225-7039-d,PROV-252.225-7039-d-3,HAS_SUBPROVISION
SEC-252.225-7039,PROV-252.225-7039-e,HAS_PROVISION
SEC-252.225-7039,PROV-252.225-7039-f,HAS_PROVISION
PROV-252.225-7039-f,PROV-252.225-7039-f-1,HAS_SUBPROVISION
PROV-252.225-7039-f,PROV-252.225-7039-f-2,HAS_SUBPROVISION
PROV-252.225-7039-f,PROV-252.225-7039-f-3,HAS_SUBPROVISION
PROV-252.225-7039-f,PROV-252.225-7039-f-4,HAS_SUBPROVISION
PROV-252.225-7039-f,PROV-252.225-7039-f-5,HAS_SUBPROVISION
SUBPART-252.2,SEC-252.225-7039,HAS_SECTION
SEC-252.225-7040,PROV-252.225-7040-a,HAS_PROVISION
PROV-252.225-7040-a,PROV-252.225-7040-def-CombatantCommander,HAS_SUBPROVISION
PROV-252.225-7040-a,PROV-252.225-7040-def-Designatedoperationalarea,HAS_SUBPROVISION
PROV-252.225-7040-a,PROV-252.225-7040-def-Designatedreceptionsite,HAS_SUBPROVISION
PROV-252.225-7040-a,PROV-252.225-7040-def-Lawofwar,HAS_SUBPROVISION
PROV-252.225-7040-a,PROV-252.225-7040-def-NonCAAF,HAS_SUBPROVISION
PROV-252.225-7040-a,PROV-252.225-7040-def-Subordinatejointforcecommander,HAS_SUBPROVISION
SEC-252.225-7040,PROV-252.225-7040-b,HAS_PROVISION
PROV-252.225-7040-b,PROV-252.225-7040-b-1,HAS_SUBPROVISION
PROV-252.225-7040-b-1,PROV-252.225-7040-b-1-i,HAS_SUBPROVISION
PROV-252.225-7040-b-1,PROV-252.225-7040-b-1-ii,HAS_SUBPROVISION
PROV-252.225-7040-b-1,PROV-252.225-7040-b-1-iii,HAS_SUBPROVISION
PROV-252.225-7040-b,PROV-252.225-7040-b-2,HAS_SUBPROVISION
PROV-252.225-7040-b,PROV-252.225-7040-b-3,HAS_SUBPROVISION
PROV-252.225-7040-b,PROV-252.225-7040-b-4,HAS_SUBPROVISION
PROV-252.225-7040-b,PROV-252.225-7040-b-5,HAS_SUBPROVISION
SEC-252.225-7040,PROV-252.225-7040-c,HAS_PROVISION
PROV-252.225-7040-c,PROV-252.225-7040-c-A,HAS_SUBPROVISION
PROV-252.225-7040-c,PROV-252.225-7040-c-B,HAS_SUBPROVISION
PROV-252.225-7040-c-B,PROV-252.225-7040-c-B-C,HAS_SUBPROVISION
PROV-252.225-7040-c,PROV-252.225-7040-c-ii,HAS_SUBPROVISION
PROV-252.225-7040-c,PROV-252.225-7040-c-ii~2,HAS_SUBPROVISION
PROV-252.225-7040-c,PROV-252.225-7040-c-iii,HAS_SUBPROVISION
PROV-252.225-7040-c,PROV-252.225-7040-c-3,HAS_SUBPROVISION
PROV-252.225-7040-c,PROV-252.225-7040-c-4,HAS_SUBPROVISION
PROV-252.225-7040-c,PROV-252.225-7040-c-d,HAS_SUBPROVISION
PROV-252.225-7040-c-d,PROV-252.225-7040-c-d-1,HAS_SUBPROVISION
PROV-252.225-7040-c-d-1,PROV-252.225-7040-c-d-1-i,HAS_SUBPROVISION
PROV-252.225-7040-c-d-1,PROV-252.225-7040-c-d-1-ii,HAS_SUBPROVISION
PROV-252.225-7040-c-d-1,PROV-252.225-7040-c-d-1-iii,HAS_SUBPROVISION
PROV-252.225-7040-c-d-1,PROV-252.225-7040-c-d-1-iv,HAS_SUBPROVISION
PROV-252.225-7040-c-d,PROV-252.225-7040-c-d-2,HAS_SUBPROVISION
PROV-252.225-7040-c-d,PROV-252.225-7040-c-d-3,HAS_SUBPROVISION
PROV-252.225-7040-c-d-3,PROV-252.225-7040-c-d-3-i,HAS_SUBPROVISION
PROV-252.225-7040-c-d-3,PROV-252.225-7040-c-d-3-ii,HAS_SUBPROVISION
PROV-252.225-7040-c-d-3,PROV-252.225-7040-c-d-3-iii,HAS_SUBPROVISION
PROV-252.225-7040-c-d,PROV-252.225-7040-c-d-4,HAS_SUBPROVISION
PROV-252.225-7040-c-d-4,PROV-252.225-7040-c-d-4-i,HAS_SUBPROVISION
PROV-252.225-7040-c-d-4,PROV-252.225-7040-c-d-4-ii,HAS_SUBPROVISION
PROV-252.225-7040-c-d,PROV-252.225-7040-c-d-5,HAS_SUBPROVISION
PROV-252.225-7040-c-d-5,PROV-252.225-7040-c-d-5-i,HAS_SUBPROVISION
PROV-252.225-7040-c-d-5,PROV-252.225-7040-c-d-5-ii,HAS_SUBPROVISION
PROV-252.225-7040-c-d-5,PROV-252.225-7040-c-d-5-iii,HAS_SUBPROVISION
PROV-252.225-7040-c-d,PROV-252.225-7040-c-d-6,HAS_SUBPROVISION
PROV-252.225-7040-c-d-6,PROV-252.225-7040-c-d-6-i,HAS_SUBPROVISION
PROV-252.225-7040-c-d-6,PROV-252.225-7040-c-d-6-ii,HAS_SUBPROVISION
PROV-252.225-7040-c-d-6,PROV-252.225-7040-c-d-6-iii,HAS_SUBPROVISION
PROV-252.225-7040-c-d-6,PROV-252.225-7040-c-d-6-iv,HAS_SUBPROVISION
PROV-252.225-7040-c-d-6,PROV-252.225-7040-c-d-6-v,HAS_SUBPROVISION
PROV-252.225-7040-c-d,PROV-252.225-7040-c-d-7,HAS_SUBPROVISION
PROV-252.225-7040-c-d-7,PROV-252.225-7040-c-d-7-A,HAS_SUBPROVISION
PROV-252.225-7040-c-d-7,PROV-252.225-7040-c-d-7-B,HAS_SUBPROVISION
PROV-252.225-7040-c-d-7,PROV-252.225-7040-c-d-7-C,HAS_SUBPROVISION
PROV-252.225-7040-c-d-7,PROV-252.225-7040-c-d-7-D,HAS_SUBPROVISION
PROV-252.225-7040-c-d-7,PROV-252.225-7040-c-d-7-E,HAS_SUBPROVISION
PROV-252.225-7040-c-d-7,PROV-252.225-7040-c-d-7-F,HAS_SUBPROVISION
PROV-252.225-7040-c-d-7,PROV-252.225-7040-c-d-7-G,HAS_SUBPROVISION
PROV-252.225-7040-c-d-7,PROV-252.225-7040-c-d-7-H,HAS_SUBPROVISION
PROV-252.225-7040-c-d-7,PROV-252.225-7040-c-d-7-I,HAS_SUBPROVISION
PROV-252.225-7040-c-d-7,PROV-252.225-7040-c-d-7-ii,HAS_SUBPROVISION
PROV-252.225-7040-c-d-7,PROV-252.225-7040-c-d-7-iii,HAS_SUBPROVISION
SEC-252.225-7040,PROV-252.225-7040-e,HAS_PROVISION
PROV-252.225-7040-e,PROV-252.225-7040-e-1,HAS_SUBPROVISION
PROV-252.225-7040-e-1,PROV-252.225-7040-e-1-i,HAS_SUBPROVISION
PROV-252.225-7040-e-1,PROV-252.225-7040-e-1-ii,HAS_SUBPROVISION
PROV-252.225-7040-e-1-ii,PROV-252.225-7040-e-1-ii-A,HAS_SUBPROVISION
PROV-252.225-7040-e-1-ii,PROV-252.225-7040-e-1-ii-B,HAS_SUBPROVISION
PROV-252.225-7040-e-1-ii,PROV-252.225-7040-e-1-ii-C,HAS_SUBPROVISION
PROV-252.225-7040-e-1-ii-C,PROV-252.225-7040-e-1-ii-C-1,HAS_SUBPROVISION
PROV-252.225-7040-e-1,PROV-252.225-7040-e-1-iii,HAS_SUBPROVISION
PROV-252.225-7040-e-1,PROV-252.225-7040-e-1-iv,HAS_SUBPROVISION
PROV-252.225-7040-e-1,PROV-252.225-7040-e-1-v,HAS_SUBPROVISION
PROV-252.225-7040-e-1-v,PROV-252.225-7040-e-1-v-A,HAS_SUBPROVISION
PROV-252.225-7040-e-1-v,PROV-252.225-7040-e-1-v-B,HAS_SUBPROVISION
PROV-252.225-7040-e-1-v,PROV-252.225-7040-e-1-v-C,HAS_SUBPROVISION
PROV-252.225-7040-e-1,PROV-252.225-7040-e-1-vi,HAS_SUBPROVISION
PROV-252.225-7040-e-1,PROV-252.225-7040-e-1-vii,HAS_SUBPROVISION
PROV-252.225-7040-e-1-vii,PROV-252.225-7040-e-1-vii-A,HAS_SUBPROVISION
PROV-252.225-7040-e-1-vii-A,PROV-252.225-7040-e-1-vii-A-1,HAS_SUBPROVISION
PROV-252.225-7040-e-1-vii-A,PROV-252.225-7040-e-1-vii-A-2,HAS_SUBPROVISION
PROV-252.225-7040-e-1-vii,PROV-252.225-7040-e-1-vii-B,HAS_SUBPROVISION
PROV-252.225-7040-e,PROV-252.225-7040-e-2,HAS_SUBPROVISION
PROV-252.225-7040-e-2,PROV-252.225-7040-e-2-i,HAS_SUBPROVISION
PROV-252.225-7040-e-2,PROV-252.225-7040-e-2-ii,HAS_SUBPROVISION
PROV-252.225-7040-e-2,PROV-252.225-7040-e-2-iii,HAS_SUBPROVISION
PROV-252.225-7040-e-2,PROV-252.225-7040-e-2-iv,HAS_SUBPROVISION
PROV-252.225-7040-e-2,PROV-252.225-7040-e-2-v,HAS_SUBPROVISION
PROV-252.225-7040-e-2,PROV-252.225-7040-e-2-vi,HAS_SUBPROVISION
SEC-252.225-7040,PROV-252.225-7040-f,HAS_PROVISION
PROV-252.225-7040-f,PROV-252.225-7040-f-1,HAS_SUBPROVISION
PROV-252.225-7040-f,PROV-252.225-7040-f-2,HAS_SUBPROVISION
PROV-252.225-7040-f,PROV-252.225-7040-f-3,HAS_SUBPROVISION
SEC-252.225-7040,PROV-252.225-7040-g,HAS_PROVISION
PROV-252.225-7040-g,PROV-252.225-7040-g-1,HAS_SUBPROVISION
PROV-252.225-7040-g,PROV-252.225-7040-g-2,HAS_SUBPROVISION
SEC-252.225-7040,PROV-252.225-7040-h,HAS_PROVISION
PROV-252.225-7040-h,PROV-252.225-7040-h-1,HAS_SUBPROVISION
PROV-252.225-7040-h,PROV-252.225-7040-h-2,HAS_SUBPROVISION
PROV-252.225-7040-h,PROV-252.225-7040-h-3,HAS_SUBPROVISION
PROV-252.225-7040-h,PROV-252.225-7040-h-4,HAS_SUBPROVISION
PROV-252.225-7040-h-4,PROV-252.225-7040-h-4-i,HAS_SUBPROVISION
PROV-252.225-7040-h,PROV-252.225-7040-h-1~2,HAS_SUBPROVISION
PROV-252.225-7040-h-1~2,PROV-252.225-7040-h-1-i,HAS_SUBPROVISION
PROV-252.225-7040-h-1~2,PROV-252.225-7040-h-1-ii,HAS_SUBPROVISION
PROV-252.225-7040-h,PROV-252.225-7040-h-2~2,HAS_SUBPROVISION
PROV-252.225-7040-h,PROV-252.225-7040-h-3~2,HAS_SUBPROVISION
PROV-252.225-7040-h,PROV-252.225-7040-h-4~2,HAS_SUBPROVISION
SEC-252.225-7040,PROV-252.225-7040-j,HAS_PROVISION
PROV-252.225-7040-j,PROV-252.225-7040-j-1,HAS_SUBPROVISION
PROV-252.225-7040-j,PROV-252.225-7040-j-2,HAS_SUBPROVISION
PROV-252.225-7040-j,PROV-252.225-7040-j-3,HAS_SUBPROVISION
PROV-252.225-7040-j-3,PROV-252.225-7040-j-3-i,HAS_SUBPROVISION
PROV-252.225-7040-j-3-i,PROV-252.225-7040-j-3-i-A,HAS_SUBPROVISION
PROV-252.225-7040-j-3-i,PROV-252.225-7040-j-3-i-B,HAS_SUBPROVISION
PROV-252.225-7040-j-3-i,PROV-252.225-7040-j-3-i-C,HAS_SUBPROVISION
PROV-252.225-7040-j-3,PROV-252.225-7040-j-3-ii,HAS_SUBPROVISION
PROV-252.225-7040-j-3,PROV-252.225-7040-j-3-iii,HAS_SUBPROVISION
PROV-252.225-7040-j-3,PROV-252.225-7040-j-3-iv,HAS_SUBPROVISION
PROV-252.225-7040-j-3,PROV-252.225-7040-j-3-v,HAS_SUBPROVISION
PROV-252.225-7040-j,PROV-252.225-7040-j-4,HAS_SUBPROVISION
PROV-252.225-7040-j,PROV-252.225-7040-j-5,HAS_SUBPROVISION
SEC-252.225-7040,PROV-252.225-7040-k,HAS_PROVISION
SEC-252.225-7040,PROV-252.225-7040-l,HAS_PROVISION
SEC-252.225-7040,PROV-252.225-7040-m,HAS_PROVISION
PROV-252.225-7040-m,PROV-252.225-7040-m-1,HAS_SUBPROVISION
PROV-252.225-7040-m,PROV-252.225-7040-m-2,HAS_SUBPROVISION
SEC-252.225-7040,PROV-252.225-7040-n,HAS_PROVISION
PROV-252.225-7040-n,PROV-252.225-7040-n-1,HAS_SUBPROVISION
PROV-252.225-7040-n,PROV-252.225-7040-n-2,HAS_SUBPROVISION
SEC-252.225-7040,PROV-252.225-7040-o,HAS_PROVISION
SEC-252.225-7040,PROV-252.225-7040-p,HAS_PROVISION
SEC-252.225-7040,PROV-252.225-7040-q,HAS_PROVISION
PROV-252.225-7040-q,PROV-252.225-7040-q-1,HAS_SUBPROVISION
PROV-252.225-7040-q,PROV-252.225-7040-q-2,HAS_SUBPROVISION
PROV-252.225-7040-q,PROV-252.225-7040-q-3,HAS_SUBPROVISION
SUBPART-252.2,SEC-252.225-7040,HAS_SECTION
SUBPART-252.2,SEC-252.225-7041,HAS_SECTION
SUBPART-252.2,SEC-252.225-7042,HAS_SECTION
SEC-252.225-7043,PROV-252.225-7043-a,HAS_PROVISION
SEC-252.225-7043,PROV-252.225-7043-b,HAS_PROVISION
PROV-252.225-7043-b,PROV-252.225-7043-b-1,HAS_SUBPROVISION
PROV-252.225-7043-b,PROV-252.225-7043-b-2,HAS_SUBPROVISION
PROV-252.225-7043-b,PROV-252.225-7043-b-3,HAS_SUBPROVISION
PROV-252.225-7043-b,PROV-252.225-7043-b-4,HAS_SUBPROVISION
PROV-252.225-7043-b,PROV-252.225-7043-b-c,HAS_SUBPROVISION
PROV-252.225-7043-b-c,PROV-252.225-7043-b-c-1,HAS_SUBPROVISION
PROV-252.225-7043-b-c,PROV-252.225-7043-b-c-2,HAS_SUBPROVISION
PROV-252.225-7043-b-c,PROV-252.225-7043-b-c-3,HAS_SUBPROVISION
PROV-252.225-7043-b,PROV-252.225-7043-b-d,HAS_SUBPROVISION
SUBPART-252.2,SEC-252.225-7043,HAS_SECTION
DFARS-PART-252,DFARS-SUBPART-252.2,HAS_SUBPART
DFARS-SUBPART-252.2,DFARS-252.225-7045,HAS_SECTION
DFARS-252.225-7045,DFARS-252.225-7045-P1,HAS_PROVISION
DFARS-252.225-7045,DFARS-252.225-7045-P2,HAS_PROVISION
DFARS-252.225-7045-P2,DFARS-252.225-7045-P3,HAS_PROVISION
DFARS-252.225-7045-P2,DFARS-252.225-7045-P4,HAS_PROVISION
DFARS-252.225-7045-P2,DFARS-252.225-7045-P5,HAS_PROVISION
DFARS-252.225-7045-P5,DFARS-252.225-7045-P6,HAS_PROVISION
DFARS-252.225-7045-P5,DFARS-252.225-7045-P7,HAS_PROVISION
DFARS-252.225-7045-P5,DFARS-252.225-7045-P8,HAS_PROVISION
DFARS-252.225-7045-P2,DFARS-252.225-7045-P9,HAS_PROVISION
DFARS-252.225-7045,DFARS-252.225-7045-P10,HAS_PROVISION
DFARS-252.225-7045,DFARS-252.225-7045-P11,HAS_PROVISION
DFARS-252.225-7045,DFARS-252.225-7045-P12,HAS_PROVISION
DFARS-252.225-7045-P12,DFARS-252.225-7045-P13,HAS_PROVISION
DFARS-252.225-7045-P12,DFARS-252.225-7045-P14,HAS_PROVISION
DFARS-252.225-7045,DFARS-252.225-7045-P15,HAS_PROVISION
DFARS-252.225-7045,DFARS-252.225-7045-P16,HAS_PROVISION
DFARS-252.225-7045,DFARS-252.225-7045-P17,HAS_PROVISION
DFARS-252.225-7045-P17,DFARS-252.225-7045-P18,HAS_PROVISION
DFARS-252.225-7045-P17,DFARS-252.225-7045-P19,HAS_PROVISION
DFARS-252.225-7045-P17,DFARS-252.225-7045-P20,HAS_PROVISION
DFARS-252.225-7045-P17,DFARS-252.225-7045-P21,HAS_PROVISION
DFARS-252.225-7045,DFARS-252.225-7045-P22,HAS_PROVISION
DFARS-252.225-7045,DFARS-252.225-7045-P23,HAS_PROVISION
DFARS-252.225-7045-P23,DFARS-252.225-7045-P24,HAS_PROVISION
DFARS-252.225-7045-P24,DFARS-252.225-7045-P25,HAS_PROVISION
DFARS-252.225-7045-P24,DFARS-252.225-7045-P26,HAS_PROVISION
DFARS-252.225-7045-P26,DFARS-252.225-7045-P27,HAS_PROVISION
DFARS-252.225-7045-P26,DFARS-252.225-7045-P28,HAS_PROVISION
DFARS-252.225-7045-P23,DFARS-252.225-7045-P29,HAS_PROVISION
DFARS-252.225-7045,DFARS-252.225-7045-P30,HAS_PROVISION
DFARS-252.225-7045-P30,DFARS-252.225-7045-P31,HAS_PROVISION
DFARS-252.225-7045-P30,DFARS-252.225-7045-P32,HAS_PROVISION
DFARS-252.225-7045,DFARS-252.225-7045-P33,HAS_PROVISION
DFARS-252.225-7045-P33,DFARS-252.225-7045-P34,HAS_PROVISION
DFARS-252.225-7045-P33,DFARS-252.225-7045-P35,HAS_PROVISION
DFARS-252.225-7045,DFARS-252.225-7045-P36,HAS_PROVISION
DFARS-252.225-7045,DFARS-252.225-7045-P37,HAS_PROVISION
DFARS-252.225-7045,DFARS-252.225-7045-P38,HAS_PROVISION
DFARS-252.225-7045,DFARS-252.225-7045-P39,HAS_PROVISION
DFARS-252.225-7045-P39,DFARS-252.225-7045-P40,HAS_PROVISION
DFARS-252.225-7045-P39,DFARS-252.225-7045-P41,HAS_PROVISION
DFARS-252.225-7045,DFARS-252.225-7045-P42,HAS_PROVISION
DFARS-252.225-7045,DFARS-252.225-7045-P43,HAS_PROVISION
DFARS-252.225-7045-P43,DFARS-252.225-7045-P44,HAS_PROVISION
DFARS-252.225-7045-P43,DFARS-252.225-7045-P45,HAS_PROVISION
DFARS-252.225-7045-P43,DFARS-252.225-7045-P46,HAS_PROVISION
DFARS-252.225-7045,DFARS-252.225-7045-P47,HAS_PROVISION
DFARS-252.225-7045-P47,DFARS-252.225-7045-P48,HAS_PROVISION
DFARS-252.225-7045-P47,DFARS-252.225-7045-P49,HAS_PROVISION
DFARS-252.225-7045,DFARS-252.225-7045-P50,HAS_PROVISION
DFARS-252.225-7045-P50,DFARS-252.225-7045-P51,HAS_PROVISION
DFARS-252.225-7045-P50,DFARS-252.225-7045-P52,HAS_PROVISION
DFARS-252.225-7045-P50,DFARS-252.225-7045-P53,HAS_PROVISION
DFARS-252.225-7045-P53,DFARS-252.225-7045-P54,HAS_PROVISION
DFARS-252.225-7045-P53,DFARS-252.225-7045-P55,HAS_PROVISION
DFARS-252.225-7045-P50,DFARS-252.225-7045-P56,HAS_PROVISION
DFARS-252.225-7045-P50,DFARS-252.225-7045-P57,HAS_PROVISION
DFARS-252.225-7045,DFARS-252.225-7045-P58,HAS_PROVISION
DFARS-252.225-7045-P58,DFARS-252.225-7045-P59,HAS_PROVISION
DFARS-252.225-7045-P58,DFARS-252.225-7045-P60,HAS_PROVISION
DFARS-252.225-7045-P60,DFARS-252.225-7045-P61,HAS_PROVISION
DFARS-252.225-7045-P60,DFARS-252.225-7045-P62,HAS_PROVISION
DFARS-252.225-7045-P58,DFARS-252.225-7045-P63,HAS_PROVISION
DFARS-252.225-7045-P58,DFARS-252.225-7045-P64,HAS_PROVISION
DFARS-252.225-7045-P58,DFARS-252.225-7045-P65,HAS_PROVISION
DFARS-252.225-7045-P65,DFARS-252.225-7045-P66,HAS_PROVISION
DFARS-252.225-7045-P65,DFARS-252.225-7045-P67,HAS_PROVISION
DFARS-252.225-7045-P65,DFARS-252.225-7045-P68,HAS_PROVISION
DFARS-252.225-7045-P65,DFARS-252.225-7045-P69,HAS_PROVISION
DFARS-252.225-7045-P58,DFARS-252.225-7045-P70,HAS_PROVISION
DFARS-252.225-7045-P58,DFARS-252.225-7045-P71,HAS_PROVISION
DFARS-252.225-7045-P71,DFARS-252.225-7045-P72,HAS_PROVISION
DFARS-252.225-7045-P72,DFARS-252.225-7045-P73,HAS_PROVISION
DFARS-252.225-7045-P72,DFARS-252.225-7045-P74,HAS_PROVISION
DFARS-252.225-7045-P74,DFARS-252.225-7045-P75,HAS_PROVISION
DFARS-252.225-7045-P74,DFARS-252.225-7045-P76,HAS_PROVISION
DFARS-252.225-7045-P71,DFARS-252.225-7045-P77,HAS_PROVISION
DFARS-252.225-7045-P58,DFARS-252.225-7045-P78,HAS_PROVISION
DFARS-252.225-7045-P78,DFARS-252.225-7045-P79,HAS_PROVISION
DFARS-252.225-7045-P78,DFARS-252.225-7045-P80,HAS_PROVISION
DFARS-252.225-7045-P58,DFARS-252.225-7045-P81,HAS_PROVISION
DFARS-252.225-7045-P81,DFARS-252.225-7045-P82,HAS_PROVISION
DFARS-252.225-7045-P81,DFARS-252.225-7045-P83,HAS_PROVISION
DFARS-252.225-7045-P58,DFARS-252.225-7045-P84,HAS_PROVISION
DFARS-252.225-7045-P58,DFARS-252.225-7045-P85,HAS_PROVISION
DFARS-252.225-7045-P58,DFARS-252.225-7045-P86,HAS_PROVISION
DFARS-252.225-7045-P58,DFARS-252.225-7045-P87,HAS_PROVISION
DFARS-252.225-7045-P87,DFARS-252.225-7045-P88,HAS_PROVISION
DFARS-252.225-7045-P87,DFARS-252.225-7045-P89,HAS_PROVISION
DFARS-252.225-7045-P58,DFARS-252.225-7045-P90,HAS_PROVISION
DFARS-252.225-7045-P58,DFARS-252.225-7045-P91,HAS_PROVISION
DFARS-252.225-7045-P91,DFARS-252.225-7045-P92,HAS_PROVISION
DFARS-252.225-7045-P91,DFARS-252.225-7045-P93,HAS_PROVISION
DFARS-252.225-7045-P91,DFARS-252.225-7045-P94,HAS_PROVISION
DFARS-252.225-7045,DFARS-252.225-7045-P95,HAS_PROVISION
DFARS-252.225-7045-P95,DFARS-252.225-7045-P96,HAS_PROVISION
DFARS-252.225-7045-P96,DFARS-252.225-7045-P97,HAS_PROVISION
DFARS-252.225-7045-P96,DFARS-252.225-7045-P98,HAS_PROVISION
DFARS-252.225-7045-P96,DFARS-252.225-7045-P99,HAS_PROVISION
DFARS-252.225-7045-P99,DFARS-252.225-7045-P100,HAS_PROVISION
DFARS-252.225-7045-P99,DFARS-252.225-7045-P101,HAS_PROVISION
DFARS-252.225-7045-P99,DFARS-252.225-7045-P102,HAS_PROVISION
DFARS-252.225-7045-P96,DFARS-252.225-7045-P103,HAS_PROVISION
DFARS-252.225-7045-P95,DFARS-252.225-7045-P104,HAS_PROVISION
DFARS-252.225-7045-P95,DFARS-252.225-7045-P105,HAS_PROVISION
DFARS-252.225-7045-P95,DFARS-252.225-7045-P106,HAS_PROVISION
DFARS-252.225-7045-P106,DFARS-252.225-7045-P107,HAS_PROVISION
DFARS-252.225-7045-P106,DFARS-252.225-7045-P108,HAS_PROVISION
DFARS-252.225-7045-P95,DFARS-252.225-7045-P109,HAS_PROVISION
DFARS-252.225-7045-P95,DFARS-252.225-7045-P110,HAS_PROVISION
DFARS-252.225-7045-P95,DFARS-252.225-7045-P111,HAS_PROVISION
DFARS-252.225-7045-P111,DFARS-252.225-7045-P112,HAS_PROVISION
DFARS-252.225-7045-P111,DFARS-252.225-7045-P113,HAS_PROVISION
DFARS-252.225-7045-P111,DFARS-252.225-7045-P114,HAS_PROVISION
DFARS-252.225-7045-P111,DFARS-252.225-7045-P115,HAS_PROVISION
DFARS-252.225-7045-P95,DFARS-252.225-7045-P116,HAS_PROVISION
DFARS-252.225-7045-P95,DFARS-252.225-7045-P117,HAS_PROVISION
DFARS-252.225-7045-P117,DFARS-252.225-7045-P118,HAS_PROVISION
DFARS-252.225-7045-P118,DFARS-252.225-7045-P119,HAS_PROVISION
DFARS-252.225-7045-P118,DFARS-252.225-7045-P120,HAS_PROVISION
DFARS-252.225-7045-P120,DFARS-252.225-7045-P121,HAS_PROVISION
DFARS-252.225-7045-P120,DFARS-252.225-7045-P122,HAS_PROVISION
DFARS-252.225-7045-P117,DFARS-252.225-7045-P123,HAS_PROVISION
DFARS-252.225-7045-P95,DFARS-252.225-7045-P124,HAS_PROVISION
DFARS-252.225-7045-P124,DFARS-252.225-7045-P125,HAS_PROVISION
DFARS-252.225-7045-P124,DFARS-252.225-7045-P126,HAS_PROVISION
DFARS-252.225-7045-P95,DFARS-252.225-7045-P127,HAS_PROVISION
DFARS-252.225-7045-P127,DFARS-252.225-7045-P128,HAS_PROVISION
DFARS-252.225-7045-P127,DFARS-252.225-7045-P129,HAS_PROVISION
DFARS-252.225-7045-P95,DFARS-252.225-7045-P130,HAS_PROVISION
DFARS-252.225-7045-P95,DFARS-252.225-7045-P131,HAS_PROVISION
DFARS-252.225-7045-P95,DFARS-252.225-7045-P132,HAS_PROVISION
DFARS-252.225-7045-P132,DFARS-252.225-7045-P133,HAS_PROVISION
DFARS-252.225-7045-P132,DFARS-252.225-7045-P134,HAS_PROVISION
DFARS-252.225-7045-P95,DFARS-252.225-7045-P135,HAS_PROVISION
DFARS-252.225-7045-P95,DFARS-252.225-7045-P136,HAS_PROVISION
DFARS-252.225-7045-P95,DFARS-252.225-7045-P137,HAS_PROVISION
DFARS-252.225-7045-P137,DFARS-252.225-7045-P138,HAS_PROVISION
DFARS-252.225-7045-P137,DFARS-252.225-7045-P139,HAS_PROVISION
DFARS-252.225-7045,DFARS-252.225-7045-P140,HAS_PROVISION
DFARS-252.225-7045,DFARS-252.225-7045-P141,HAS_PROVISION
DFARS-252.225-7045-P141,DFARS-252.225-7045-P142,HAS_PROVISION
DFARS-252.225-7045-P141,DFARS-252.225-7045-P143,HAS_PROVISION
DFARS-252.225-7045-P141,DFARS-252.225-7045-P144,HAS_PROVISION
DFARS-252.225-7045,DFARS-252.225-7045-P145,HAS_PROVISION
DFARS-252.225-7045,DFARS-252.225-7045-P146,HAS_PROVISION
DFARS-252.225-7045,DFARS-252.225-7045-P147,HAS_PROVISION
DFARS-252.225-7045-P147,DFARS-252.225-7045-P148,HAS_PROVISION
DFARS-252.225-7045-P147,DFARS-252.225-7045-P149,HAS_PROVISION
DFARS-252.225-7045-P147,DFARS-252.225-7045-P150,HAS_PROVISION
DFARS-252.225-7045-P150,DFARS-252.225-7045-P151,HAS_PROVISION
DFARS-252.225-7045-P150,DFARS-252.225-7045-P152,HAS_PROVISION
DFARS-252.225-7045-P150,DFARS-252.225-7045-P153,HAS_PROVISION
DFARS-252.225-7045-P147,DFARS-252.225-7045-P154,HAS_PROVISION
DFARS-252.225-7045,DFARS-252.225-7045-P155,HAS_PROVISION
DFARS-252.225-7045,DFARS-252.225-7045-P156,HAS_PROVISION
DFARS-252.225-7045,DFARS-252.225-7045-P157,HAS_PROVISION
DFARS-252.225-7045-P157,DFARS-252.225-7045-P158,HAS_PROVISION
DFARS-252.225-7045-P158,DFARS-252.225-7045-P159,HAS_PROVISION
DFARS-252.225-7045-P157,DFARS-252.225-7045-P160,HAS_PROVISION
DFARS-252.225-7045-P157,DFARS-252.225-7045-P161,HAS_PROVISION
DFARS-252.225-7045-P157,DFARS-252.225-7045-P162,HAS_PROVISION
DFARS-252.225-7045-P162,DFARS-252.225-7045-P163,HAS_PROVISION
DFARS-252.225-7045-P162,DFARS-252.225-7045-P164,HAS_PROVISION
DFARS-252.225-7045-P162,DFARS-252.225-7045-P165,HAS_PROVISION
DFARS-252.225-7045-P162,DFARS-252.225-7045-P166,HAS_PROVISION
DFARS-252.225-7045-P157,DFARS-252.225-7045-P167,HAS_PROVISION
DFARS-252.225-7045-P157,DFARS-252.225-7045-P168,HAS_PROVISION
DFARS-252.225-7045-P168,DFARS-252.225-7045-P169,HAS_PROVISION
DFARS-252.225-7045-P169,DFARS-252.225-7045-P170,HAS_PROVISION
DFARS-252.225-7045-P169,DFARS-252.225-7045-P171,HAS_PROVISION
DFARS-252.225-7045-P171,DFARS-252.225-7045-P172,HAS_PROVISION
DFARS-252.225-7045-P171,DFARS-252.225-7045-P173,HAS_PROVISION
DFARS-252.225-7045-P168,DFARS-252.225-7045-P174,HAS_PROVISION
DFARS-252.225-7045-P157,DFARS-252.225-7045-P175,HAS_PROVISION
DFARS-252.225-7045-P175,DFARS-252.225-7045-P176,HAS_PROVISION
DFARS-252.225-7045-P175,DFARS-252.225-7045-P177,HAS_PROVISION
DFARS-252.225-7045,DFARS-252.225-7045-P178,HAS_PROVISION
DFARS-252.225-7045-P178,DFARS-252.225-7045-P179,HAS_PROVISION
DFARS-252.225-7045-P178,DFARS-252.225-7045-P180,HAS_PROVISION
DFARS-252.225-7045,DFARS-252.225-7045-P181,HAS_PROVISION
DFARS-252.225-7045,DFARS-252.225-7045-P182,HAS_PROVISION
DFARS-252.225-7045,DFARS-252.225-7045-P183,HAS_PROVISION
DFARS-252.225-7045-P183,DFARS-252.225-7045-P184,HAS_PROVISION
DFARS-252.225-7045-P183,DFARS-252.225-7045-P185,HAS_PROVISION
DFARS-252.225-7045,DFARS-252.225-7045-P186,HAS_PROVISION
DFARS-252.225-7045,DFARS-252.225-7045-P187,HAS_PROVISION
DFARS-252.225-7045,DFARS-252.225-7045-P188,HAS_PROVISION
DFARS-252.225-7045-P188,DFARS-252.225-7045-P189,HAS_PROVISION
DFARS-252.225-7045-P188,DFARS-252.225-7045-P190,HAS_PROVISION
DFARS-252.225-7045,DFARS-252.225-7045-P191,HAS_PROVISION
DFARS-252.225-7045,DFARS-252.225-7045-P192,HAS_PROVISION
DFARS-252.225-7045-P192,DFARS-252.225-7045-P193,HAS_PROVISION
DFARS-252.225-7045-P192,DFARS-252.225-7045-P194,HAS_PROVISION
DFARS-252.225-7045-P192,DFARS-252.225-7045-P195,HAS_PROVISION
DFARS-252.225-7045,DFARS-252.225-7045-P196,HAS_PROVISION
DFARS-252.225-7045-P196,DFARS-252.225-7045-P197,HAS_PROVISION
DFARS-252.225-7045-P196,DFARS-252.225-7045-P198,HAS_PROVISION
DFARS-252.225-7045-P198,DFARS-252.225-7045-P199,HAS_PROVISION
DFARS-252.225-7045-P198,DFARS-252.225-7045-P200,HAS_PROVISION
DFARS-252.225-7045-P198,DFARS-252.225-7045-P201,HAS_PROVISION
DFARS-252.225-7045-P201,DFARS-252.225-7045-P202,HAS_PROVISION
DFARS-252.225-7045-P201,DFARS-252.225-7045-P203,HAS_PROVISION
DFARS-252.225-7045-P201,DFARS-252.225-7045-P204,HAS_PROVISION
DFARS-252.225-7045-P198,DFARS-252.225-7045-P205,HAS_PROVISION
DFARS-252.225-7045-P196,DFARS-252.225-7045-P206,HAS_PROVISION
DFARS-252.225-7045-P196,DFARS-252.225-7045-P207,HAS_PROVISION
DFARS-252.225-7045-P196,DFARS-252.225-7045-P208,HAS_PROVISION
DFARS-252.225-7045-P208,DFARS-252.225-7045-P209,HAS_PROVISION
DFARS-252.225-7045-P208,DFARS-252.225-7045-P210,HAS_PROVISION
DFARS-252.225-7045-P196,DFARS-252.225-7045-P211,HAS_PROVISION
DFARS-252.225-7045-P196,DFARS-252.225-7045-P212,HAS_PROVISION
DFARS-252.225-7045-P196,DFARS-252.225-7045-P213,HAS_PROVISION
DFARS-252.225-7045-P213,DFARS-252.225-7045-P214,HAS_PROVISION
DFARS-252.225-7045-P213,DFARS-252.225-7045-P215,HAS_PROVISION
DFARS-252.225-7045-P213,DFARS-252.225-7045-P216,HAS_PROVISION
DFARS-252.225-7045-P213,DFARS-252.225-7045-P217,HAS_PROVISION
DFARS-252.225-7045-P196,DFARS-252.225-7045-P218,HAS_PROVISION
DFARS-252.225-7045-P196,DFARS-252.225-7045-P219,HAS_PROVISION
DFARS-252.225-7045-P219,DFARS-252.225-7045-P220,HAS_PROVISION
DFARS-252.225-7045-P220,DFARS-252.225-7045-P221,HAS_PROVISION
DFARS-252.225-7045-P220,DFARS-252.225-7045-P222,HAS_PROVISION
DFARS-252.225-7045-P222,DFARS-252.225-7045-P223,HAS_PROVISION
DFARS-252.225-7045-P222,DFARS-252.225-7045-P224,HAS_PROVISION
DFARS-252.225-7045-P219,DFARS-252.225-7045-P225,HAS_PROVISION
DFARS-252.225-7045-P196,DFARS-252.225-7045-P226,HAS_PROVISION
DFARS-252.225-7045-P226,DFARS-252.225-7045-P227,HAS_PROVISION
DFARS-252.225-7045-P226,DFARS-252.225-7045-P228,HAS_PROVISION
DFARS-252.225-7045-P196,DFARS-252.225-7045-P229,HAS_PROVISION
DFARS-252.225-7045-P229,DFARS-252.225-7045-P230,HAS_PROVISION
DFARS-252.225-7045-P229,DFARS-252.225-7045-P231,HAS_PROVISION
DFARS-252.225-7045-P196,DFARS-252.225-7045-P232,HAS_PROVISION
DFARS-252.225-7045-P196,DFARS-252.225-7045-P233,HAS_PROVISION
DFARS-252.225-7045-P196,DFARS-252.225-7045-P234,HAS_PROVISION
DFARS-252.225-7045-P196,DFARS-252.225-7045-P235,HAS_PROVISION
DFARS-252.225-7045-P235,DFARS-252.225-7045-P236,HAS_PROVISION
DFARS-252.225-7045-P235,DFARS-252.225-7045-P237,HAS_PROVISION
DFARS-252.225-7045-P196,DFARS-252.225-7045-P238,HAS_PROVISION
DFARS-252.225-7045-P196,DFARS-252.225-7045-P239,HAS_PROVISION
DFARS-252.225-7045-P239,DFARS-252.225-7045-P240,HAS_PROVISION
DFARS-252.225-7045-P239,DFARS-252.225-7045-P241,HAS_PROVISION
DFARS-252.225-7045-P239,DFARS-252.225-7045-P242,HAS_PROVISION
DFARS-252.225-7045-P196,DFARS-252.225-7045-P243,HAS_PROVISION
DFARS-252.225-7045-P196,DFARS-252.225-7045-P244,HAS_PROVISION
DFARS-252.225-7045-P244,DFARS-252.225-7045-P245,HAS_PROVISION
DFARS-252.225-7045-P244,DFARS-252.225-7045-P246,HAS_PROVISION
DFARS-252.225-7045-P196,DFARS-252.225-7045-P247,HAS_PROVISION
DFARS-252.225-7045-P247,DFARS-252.225-7045-P248,HAS_PROVISION
DFARS-252.225-7045-P247,DFARS-252.225-7045-P249,HAS_PROVISION
DFARS-252.225-7045-P247,DFARS-252.225-7045-P250,HAS_PROVISION
DFARS-252.225-7045-P250,DFARS-252.225-7045-P251,HAS_PROVISION
DFARS-252.225-7045-P250,DFARS-252.225-7045-P252,HAS_PROVISION
DFARS-252.225-7045-P250,DFARS-252.225-7045-P253,HAS_PROVISION
DFARS-252.225-7045-P247,DFARS-252.225-7045-P254,HAS_PROVISION
DFARS-252.225-7045-P196,DFARS-252.225-7045-P255,HAS_PROVISION
DFARS-252.225-7045-P196,DFARS-252.225-7045-P256,HAS_PROVISION
DFARS-252.225-7045-P196,DFARS-252.225-7045-P257,HAS_PROVISION
DFARS-252.225-7045-P257,DFARS-252.225-7045-P258,HAS_PROVISION
DFARS-252.225-7045-P257,DFARS-252.225-7045-P259,HAS_PROVISION
DFARS-252.225-7045-P196,DFARS-252.225-7045-P260,HAS_PROVISION
DFARS-252.225-7045-P196,DFARS-252.225-7045-P261,HAS_PROVISION
DFARS-252.225-7045-P196,DFARS-252.225-7045-P262,HAS_PROVISION
DFARS-252.225-7045-P262,DFARS-252.225-7045-P263,HAS_PROVISION
DFARS-252.225-7045-P262,DFARS-252.225-7045-P264,HAS_PROVISION
DFARS-252.225-7045-P262,DFARS-252.225-7045-P265,HAS_PROVISION
DFARS-252.225-7045-P262,DFARS-252.225-7045-P266,HAS_PROVISION
DFARS-252.225-7045-P196,DFARS-252.225-7045-P267,HAS_PROVISION
DFARS-252.225-7045-P196,DFARS-252.225-7045-P268,HAS_PROVISION
DFARS-252.225-7045-P268,DFARS-252.225-7045-P269,HAS_PROVISION
DFARS-252.225-7045-P269,DFARS-252.225-7045-P270,HAS_PROVISION
DFARS-252.225-7045-P269,DFARS-252.225-7045-P271,HAS_PROVISION
DFARS-252.225-7045-P271,DFARS-252.225-7045-P272,HAS_PROVISION
DFARS-252.225-7045-P271,DFARS-252.225-7045-P273,HAS_PROVISION
DFARS-252.225-7045-P268,DFARS-252.225-7045-P274,HAS_PROVISION
DFARS-252.225-7045-P196,DFARS-252.225-7045-P275,HAS_PROVISION
DFARS-252.225-7045-P275,DFARS-252.225-7045-P276,HAS_PROVISION
DFARS-252.225-7045-P275,DFARS-252.225-7045-P277,HAS_PROVISION
DFARS-252.225-7045-P196,DFARS-252.225-7045-P278,HAS_PROVISION
DFARS-252.225-7045-P278,DFARS-252.225-7045-P279,HAS_PROVISION
DFARS-252.225-7045-P278,DFARS-252.225-7045-P280,HAS_PROVISION
DFARS-252.225-7045,DFARS-252.225-7045-P281,HAS_PROVISION
DFARS-252.225-7045,DFARS-252.225-7045-P282,HAS_PROVISION
DFARS-252.225-7045,DFARS-252.225-7045-P283,HAS_PROVISION
DFARS-252.225-7045,DFARS-252.225-7045-P284,HAS_PROVISION
DFARS-252.225-7045-P284,DFARS-252.225-7045-P285,HAS_PROVISION
DFARS-252.225-7045-P284,DFARS-252.225-7045-P286,HAS_PROVISION
DFARS-252.225-7045,DFARS-252.225-7045-P287,HAS_PROVISION
DFARS-252.225-7045,DFARS-252.225-7045-P288,HAS_PROVISION
DFARS-252.225-7045-P288,DFARS-252.225-7045-P289,HAS_PROVISION
DFARS-252.225-7045-P288,DFARS-252.225-7045-P290,HAS_PROVISION
DFARS-252.225-7045-P288,DFARS-252.225-7045-P291,HAS_PROVISION
DFARS-252.225-7045,DFARS-252.225-7045-P292,HAS_PROVISION
DFARS-252.225-7045,DFARS-252.225-7045-P293,HAS_PROVISION
DFARS-252.225-7045-P293,DFARS-252.225-7045-P294,HAS_PROVISION
DFARS-252.225-7045-P293,DFARS-252.225-7045-P295,HAS_PROVISION
DFARS-252.225-7045-P293,DFARS-252.225-7045-P296,HAS_PROVISION
DFARS-252.225-7045-P296,DFARS-252.225-7045-P297,HAS_PROVISION
DFARS-252.225-7045-P296,DFARS-252.225-7045-P298,HAS_PROVISION
DFARS-252.225-7045-P296,DFARS-252.225-7045-P299,HAS_PROVISION
DFARS-252.225-7045-P293,DFARS-252.225-7045-P300,HAS_PROVISION
DFARS-252.225-7045,DFARS-252.225-7045-P301,HAS_PROVISION
DFARS-252.225-7045,DFARS-252.225-7045-P302,HAS_PROVISION
DFARS-252.225-7045-P302,DFARS-252.225-7045-P303,HAS_PROVISION
DFARS-252.225-7045-P303,DFARS-252.225-7045-P304,HAS_PROVISION
DFARS-252.225-7045-P303,DFARS-252.225-7045-P305,HAS_PROVISION
DFARS-252.225-7045-P302,DFARS-252.225-7045-P306,HAS_PROVISION
DFARS-252.225-7045-P302,DFARS-252.225-7045-P307,HAS_PROVISION
DFARS-252.225-7045-P302,DFARS-252.225-7045-P308,HAS_PROVISION
DFARS-252.225-7045-P308,DFARS-252.225-7045-P309,HAS_PROVISION
DFARS-252.225-7045-P308,DFARS-252.225-7045-P310,HAS_PROVISION
DFARS-252.225-7045-P308,DFARS-252.225-7045-P311,HAS_PROVISION
DFARS-252.225-7045-P308,DFARS-252.225-7045-P312,HAS_PROVISION
DFARS-252.225-7045-P302,DFARS-252.225-7045-P313,HAS_PROVISION
DFARS-252.225-7045-P302,DFARS-252.225-7045-P314,HAS_PROVISION
DFARS-252.225-7045-P314,DFARS-252.225-7045-P315,HAS_PROVISION
DFARS-252.225-7045-P315,DFARS-252.225-7045-P316,HAS_PROVISION
DFARS-252.225-7045-P315,DFARS-252.225-7045-P317,HAS_PROVISION
DFARS-252.225-7045-P317,DFARS-252.225-7045-P318,HAS_PROVISION
DFARS-252.225-7045-P317,DFARS-252.225-7045-P319,HAS_PROVISION
DFARS-252.225-7045-P314,DFARS-252.225-7045-P320,HAS_PROVISION
DFARS-252.225-7045-P302,DFARS-252.225-7045-P321,HAS_PROVISION
DFARS-252.225-7045-P321,DFARS-252.225-7045-P322,HAS_PROVISION
DFARS-252.225-7045-P321,DFARS-252.225-7045-P323,HAS_PROVISION
DFARS-252.225-7045-P302,DFARS-252.225-7045-P324,HAS_PROVISION
DFARS-252.225-7045-P324,DFARS-252.225-7045-P325,HAS_PROVISION
DFARS-252.225-7045-P324,DFARS-252.225-7045-P326,HAS_PROVISION
DFARS-252.225-7045-P302,DFARS-252.225-7045-P327,HAS_PROVISION
DFARS-252.225-7045-P302,DFARS-252.225-7045-P328,HAS_PROVISION
DFARS-252.225-7045-P302,DFARS-252.225-7045-P329,HAS_PROVISION
DFARS-252.225-7045-P329,DFARS-252.225-7045-P330,HAS_PROVISION
DFARS-252.225-7045-P329,DFARS-252.225-7045-P331,HAS_PROVISION
DFARS-252.225-7045-P302,DFARS-252.225-7045-P332,HAS_PROVISION
DFARS-252.225-7045-P302,DFARS-252.225-7045-P333,HAS_PROVISION
DFARS-252.225-7045-P302,DFARS-252.225-7045-P334,HAS_PROVISION
DFARS-252.225-7045-P334,DFARS-252.225-7045-P335,HAS_PROVISION
DFARS-252.225-7045-P334,DFARS-252.225-7045-P336,HAS_PROVISION
DFARS-252.225-7045-P302,DFARS-252.225-7045-P337,HAS_PROVISION
DFARS-252.225-7045-P302,DFARS-252.225-7045-P338,HAS_PROVISION
DFARS-252.225-7045-P338,DFARS-252.225-7045-P339,HAS_PROVISION
DFARS-252.225-7045-P338,DFARS-252.225-7045-P340,HAS_PROVISION
DFARS-252.225-7045-P338,DFARS-252.225-7045-P341,HAS_PROVISION
DFARS-252.225-7045-P302,DFARS-252.225-7045-P342,HAS_PROVISION
DFARS-252.225-7045-P302,DFARS-252.225-7045-P343,HAS_PROVISION
DFARS-252.225-7045-P302,DFARS-252.225-7045-P344,HAS_PROVISION
DFARS-252.225-7045-P344,DFARS-252.225-7045-P345,HAS_PROVISION
DFARS-252.225-7045-P344,DFARS-252.225-7045-P346,HAS_PROVISION
DFARS-252.225-7045-P344,DFARS-252.225-7045-P347,HAS_PROVISION
DFARS-252.225-7045-P347,DFARS-252.225-7045-P348,HAS_PROVISION
DFARS-252.225-7045-P347,DFARS-252.225-7045-P349,HAS_PROVISION
DFARS-252.225-7045-P347,DFARS-252.225-7045-P350,HAS_PROVISION
DFARS-252.225-7045-P344,DFARS-252.225-7045-P351,HAS_PROVISION
DFARS-252.225-7045-P302,DFARS-252.225-7045-P352,HAS_PROVISION
DFARS-252.225-7045-P302,DFARS-252.225-7045-P353,HAS_PROVISION
DFARS-252.225-7045-P302,DFARS-252.225-7045-P354,HAS_PROVISION
DFARS-252.225-7045-P354,DFARS-252.225-7045-P355,HAS_PROVISION
DFARS-252.225-7045-P354,DFARS-252.225-7045-P356,HAS_PROVISION
DFARS-252.225-7045-P302,DFARS-252.225-7045-P357,HAS_PROVISION
DFARS-252.225-7045-P302,DFARS-252.225-7045-P358,HAS_PROVISION
DFARS-252.225-7045-P302,DFARS-252.225-7045-P359,HAS_PROVISION
DFARS-252.225-7045-P359,DFARS-252.225-7045-P360,HAS_PROVISION
DFARS-252.225-7045-P359,DFARS-252.225-7045-P361,HAS_PROVISION
DFARS-252.225-7045-P359,DFARS-252.225-7045-P362,HAS_PROVISION
DFARS-252.225-7045-P359,DFARS-252.225-7045-P363,HAS_PROVISION
DFARS-252.225-7045-P302,DFARS-252.225-7045-P364,HAS_PROVISION
DFARS-252.225-7045-P302,DFARS-252.225-7045-P365,HAS_PROVISION
DFARS-252.225-7045-P365,DFARS-252.225-7045-P366,HAS_PROVISION
DFARS-252.225-7045-P366,DFARS-252.225-7045-P367,HAS_PROVISION
DFARS-252.225-7045-P366,DFARS-252.225-7045-P368,HAS_PROVISION
DFARS-252.225-7045-P368,DFARS-252.225-7045-P369,HAS_PROVISION
DFARS-252.225-7045-P368,DFARS-252.225-7045-P370,HAS_PROVISION
DFARS-252.225-7045-P365,DFARS-252.225-7045-P371,HAS_PROVISION
DFARS-252.225-7045-P302,DFARS-252.225-7045-P372,HAS_PROVISION
DFARS-252.225-7045-P372,DFARS-252.225-7045-P373,HAS_PROVISION
DFARS-252.225-7045-P372,DFARS-252.225-7045-P374,HAS_PROVISION
DFARS-252.225-7045-P302,DFARS-252.225-7045-P375,HAS_PROVISION
DFARS-252.225-7045-P375,DFARS-252.225-7045-P376,HAS_PROVISION
DFARS-252.225-7045-P375,DFARS-252.225-7045-P377,HAS_PROVISION
DFARS-252.225-7045-P302,DFARS-252.225-7045-P378,HAS_PROVISION
DFARS-252.225-7045-P302,DFARS-252.225-7045-P379,HAS_PROVISION
DFARS-252.225-7045-P302,DFARS-252.225-7045-P380,HAS_PROVISION
DFARS-252.225-7045-P380,DFARS-252.225-7045-P381,HAS_PROVISION
DFARS-252.225-7045-P380,DFARS-252.225-7045-P382,HAS_PROVISION
DFARS-252.225-7045-P302,DFARS-252.225-7045-P383,HAS_PROVISION
DFARS-252.225-7045-P302,DFARS-252.225-7045-P384,HAS_PROVISION
DFARS-252.225-7045,DFARS-252.225-7045-P385,HAS_PROVISION
DFARS-252.225-7045-P385,DFARS-252.225-7045-P386,HAS_PROVISION
DFARS-252.225-7045-P385,DFARS-252.225-7045-P387,HAS_PROVISION
DFARS-252.225-7045,DFARS-252.225-7045-P388,HAS_PROVISION
DFARS-252.225-7045,DFARS-252.225-7045-P389,HAS_PROVISION
DFARS-252.225-7045-P389,DFARS-252.225-7045-P390,HAS_PROVISION
DFARS-252.225-7045-P389,DFARS-252.225-7045-P391,HAS_PROVISION
DFARS-252.225-7045-P389,DFARS-252.225-7045-P392,HAS_PROVISION
DFARS-252.225-7045,DFARS-252.225-7045-P393,HAS_PROVISION
DFARS-SUBPART-252.2,DFARS-252.225-7046,HAS_SECTION
DFARS-252.225-7046,DFARS-252.225-7046-P1,HAS_PROVISION
DFARS-252.225-7046,DFARS-252.225-7046-P2,HAS_PROVISION
DFARS-252.225-7046,DFARS-252.225-7046-P3,HAS_PROVISION
DFARS-252.225-7046,DFARS-252.225-7046-P4,HAS_PROVISION
DFARS-252.225-7046,DFARS-252.225-7046-P5,HAS_PROVISION
DFARS-252.225-7046,DFARS-252.225-7046-P6,HAS_PROVISION
DFARS-252.225-7046-P6,DFARS-252.225-7046-P7,HAS_PROVISION
DFARS-252.225-7046-P6,DFARS-252.225-7046-P8,HAS_PROVISION
DFARS-252.225-7046-P8,DFARS-252.225-7046-P9,HAS_PROVISION
DFARS-252.225-7046-P8,DFARS-252.225-7046-P10,HAS_PROVISION
DFARS-252.225-7046-P8,DFARS-252.225-7046-P11,HAS_PROVISION
DFARS-252.225-7046-P6,DFARS-252.225-7046-P12,HAS_PROVISION
DFARS-252.225-7046-P6,DFARS-252.225-7046-P13,HAS_PROVISION
DFARS-SUBPART-252.2,DFARS-252.225-7047,HAS_SECTION
DFARS-252.225-7047,DFARS-252.225-7047-P1,HAS_PROVISION
DFARS-252.225-7047,DFARS-252.225-7047-P2,HAS_PROVISION
DFARS-252.225-7047-P2,DFARS-252.225-7047-P3,HAS_PROVISION
DFARS-252.225-7047-P2,DFARS-252.225-7047-P4,HAS_PROVISION
DFARS-252.225-7047-P2,DFARS-252.225-7047-P5,HAS_PROVISION
DFARS-252.225-7047-P2,DFARS-252.225-7047-P6,HAS_PROVISION
DFARS-252.225-7047,DFARS-252.225-7047-P7,HAS_PROVISION
DFARS-252.225-7047,DFARS-252.225-7047-P8,HAS_PROVISION
DFARS-252.225-7047-P8,DFARS-252.225-7047-P9,HAS_PROVISION
DFARS-252.225-7047-P8,DFARS-252.225-7047-P10,HAS_PROVISION
DFARS-252.225-7047,DFARS-252.225-7047-P11,HAS_PROVISION
DFARS-252.225-7047,DFARS-252.225-7047-P12,HAS_PROVISION
DFARS-252.225-7047,DFARS-252.225-7047-P13,HAS_PROVISION
DFARS-252.225-7047,DFARS-252.225-7047-P14,HAS_PROVISION
DFARS-252.225-7047-P14,DFARS-252.225-7047-P15,HAS_PROVISION
DFARS-252.225-7047-P14,DFARS-252.225-7047-P16,HAS_PROVISION
DFARS-252.225-7047-P16,DFARS-252.225-7047-P17,HAS_PROVISION
DFARS-252.225-7047-P16,DFARS-252.225-7047-P18,HAS_PROVISION
DFARS-252.225-7047-P16,DFARS-252.225-7047-P19,HAS_PROVISION
DFARS-252.225-7047,DFARS-252.225-7047-P20,HAS_PROVISION
DFARS-SUBPART-252.2,DFARS-252.225-7048,HAS_SECTION
DFARS-252.225-7048,DFARS-252.225-7048-P1,HAS_PROVISION
DFARS-252.225-7048-P1,DFARS-252.225-7048-P2,HAS_PROVISION
DFARS-252.225-7048-P1,DFARS-252.225-7048-P3,HAS_PROVISION
DFARS-252.225-7048,DFARS-252.225-7048-P4,HAS_PROVISION
DFARS-252.225-7048,DFARS-252.225-7048-P5,HAS_PROVISION
DFARS-252.225-7048,DFARS-252.225-7048-P6,HAS_PROVISION
DFARS-252.225-7048-P6,DFARS-252.225-7048-P7,HAS_PROVISION
DFARS-252.225-7048-P6,DFARS-252.225-7048-P8,HAS_PROVISION
DFARS-252.225-7048-P6,DFARS-252.225-7048-P9,HAS_PROVISION
DFARS-252.225-7048-P6,DFARS-252.225-7048-P10,HAS_PROVISION
DFARS-252.225-7048-P6,DFARS-252.225-7048-P11,HAS_PROVISION
DFARS-252.225-7048-P6,DFARS-252.225-7048-P12,HAS_PROVISION
DFARS-252.225-7048,DFARS-252.225-7048-P13,HAS_PROVISION
DFARS-SUBPART-252.2,DFARS-252.225-7049,HAS_SECTION
DFARS-252.225-7049,DFARS-252.225-7049-P1,HAS_PROVISION
DFARS-252.225-7049,DFARS-252.225-7049-P2,HAS_PROVISION
DFARS-252.225-7049-P2,DFARS-252.225-7049-P3,HAS_PROVISION
DFARS-252.225-7049-P2,DFARS-252.225-7049-P4,HAS_PROVISION
DFARS-252.225-7049-P2,DFARS-252.225-7049-P5,HAS_PROVISION
DFARS-252.225-7049-P2,DFARS-252.225-7049-P6,HAS_PROVISION
DFARS-252.225-7049-P6,DFARS-252.225-7049-P7,HAS_PROVISION
DFARS-252.225-7049-P7,DFARS-252.225-7049-P8,HAS_PROVISION
DFARS-252.225-7049-P7,DFARS-252.225-7049-P9,HAS_PROVISION
DFARS-252.225-7049-P6,DFARS-252.225-7049-P10,HAS_PROVISION
DFARS-252.225-7049-P10,DFARS-252.225-7049-P11,HAS_PROVISION
DFARS-252.225-7049-P10,DFARS-252.225-7049-P12,HAS_PROVISION
DFARS-252.225-7049-P12,DFARS-252.225-7049-P13,HAS_PROVISION
DFARS-252.225-7049-P12,DFARS-252.225-7049-P14,HAS_PROVISION
DFARS-252.225-7049-P2,DFARS-252.225-7049-P15,HAS_PROVISION
DFARS-252.225-7049,DFARS-252.225-7049-P16,HAS_PROVISION
DFARS-252.225-7049-P16,DFARS-252.225-7049-P17,HAS_PROVISION
DFARS-252.225-7049-P16,DFARS-252.225-7049-P18,HAS_PROVISION
DFARS-252.225-7049-P16,DFARS-252.225-7049-P19,HAS_PROVISION
DFARS-252.225-7049-P16,DFARS-252.225-7049-P20,HAS_PROVISION
DFARS-252.225-7049-P16,DFARS-252.225-7049-P21,HAS_PROVISION
DFARS-252.225-7049-P16,DFARS-252.225-7049-P22,HAS_PROVISION
DFARS-252.225-7049-P16,DFARS-252.225-7049-P23,HAS_PROVISION
DFARS-252.225-7049-P16,DFARS-252.225-7049-P24,HAS_PROVISION
DFARS-252.225-7049-P16,DFARS-252.225-7049-P25,HAS_PROVISION
DFARS-252.225-7049,DFARS-252.225-7049-P26,HAS_PROVISION
DFARS-252.225-7049-P26,DFARS-252.225-7049-P27,HAS_PROVISION
DFARS-252.225-7049-P26,DFARS-252.225-7049-P28,HAS_PROVISION
DFARS-252.225-7049-P26,DFARS-252.225-7049-P29,HAS_PROVISION
DFARS-252.225-7049,DFARS-252.225-7049-P30,HAS_PROVISION
DFARS-SUBPART-252.2,DFARS-252.225-7050,HAS_SECTION
DFARS-252.225-7050,DFARS-252.225-7050-P1,HAS_PROVISION
DFARS-252.225-7050,DFARS-252.225-7050-P2,HAS_PROVISION
DFARS-252.225-7050-P2,DFARS-252.225-7050-P3,HAS_PROVISION
DFARS-252.225-7050-P2,DFARS-252.225-7050-P4,HAS_PROVISION
DFARS-252.225-7050-P2,DFARS-252.225-7050-P5,HAS_PROVISION
DFARS-252.225-7050-P2,DFARS-252.225-7050-P6,HAS_PROVISION
DFARS-252.225-7050-P2,DFARS-252.225-7050-P7,HAS_PROVISION
DFARS-252.225-7050,DFARS-252.225-7050-P8,HAS_PROVISION
DFARS-252.225-7050,DFARS-252.225-7050-P9,HAS_PROVISION
DFARS-252.225-7050-P9,DFARS-252.225-7050-P10,HAS_PROVISION
DFARS-252.225-7050-P9,DFARS-252.225-7050-P11,HAS_PROVISION
DFARS-252.225-7050-P9,DFARS-252.225-7050-P12,HAS_PROVISION
DFARS-252.225-7050,DFARS-252.225-7050-P13,HAS_PROVISION
DFARS-252.225-7050-P13,DFARS-252.225-7050-P14,HAS_PROVISION
DFARS-252.225-7050-P13,DFARS-252.225-7050-P15,HAS_PROVISION
DFARS-252.225-7050-P13,DFARS-252.225-7050-P16,HAS_PROVISION
DFARS-252.225-7050,DFARS-252.225-7050-P17,HAS_PROVISION
DFARS-252.225-7050-P17,DFARS-252.225-7050-P18,HAS_PROVISION
DFARS-252.225-7050-P17,DFARS-252.225-7050-P19,HAS_PROVISION
DFARS-252.225-7050-P19,DFARS-252.225-7050-P20,HAS_PROVISION
DFARS-252.225-7050-P19,DFARS-252.225-7050-P21,HAS_PROVISION
DFARS-SUBPART-252.2,DFARS-252.225-7051,HAS_SECTION
DFARS-252.225-7051,DFARS-252.225-7051-P1,HAS_PROVISION
DFARS-252.225-7051,DFARS-252.225-7051-P2,HAS_PROVISION
DFARS-252.225-7051-P2,DFARS-252.225-7051-P3,HAS_PROVISION
DFARS-252.225-7051-P2,DFARS-252.225-7051-P4,HAS_PROVISION
DFARS-252.225-7051-P2,DFARS-252.225-7051-P5,HAS_PROVISION
DFARS-252.225-7051-P2,DFARS-252.225-7051-P6,HAS_PROVISION
DFARS-252.225-7051,DFARS-252.225-7051-P7,HAS_PROVISION
DFARS-252.225-7051-P7,DFARS-252.225-7051-P8,HAS_PROVISION
DFARS-252.225-7051-P7,DFARS-252.225-7051-P9,HAS_PROVISION
DFARS-252.225-7051,DFARS-252.225-7051-P10,HAS_PROVISION
DFARS-252.225-7051,DFARS-252.225-7051-P11,HAS_PROVISION
DFARS-252.225-7051,DFARS-252.225-7051-P12,HAS_PROVISION
DFARS-252.225-7051,DFARS-252.225-7051-P13,HAS_PROVISION
DFARS-252.225-7051-P13,DFARS-252.225-7051-P14,HAS_PROVISION
DFARS-252.225-7051-P13,DFARS-252.225-7051-P15,HAS_PROVISION
DFARS-252.225-7051-P15,DFARS-252.225-7051-P16,HAS_PROVISION
DFARS-252.225-7051-P16,DFARS-252.225-7051-P17,HAS_PROVISION
DFARS-252.225-7051-P16,DFARS-252.225-7051-P18,HAS_PROVISION
DFARS-252.225-7051-P15,DFARS-252.225-7051-P19,HAS_PROVISION
DFARS-252.225-7051-P19,DFARS-252.225-7051-P20,HAS_PROVISION
DFARS-252.225-7051-P19,DFARS-252.225-7051-P21,HAS_PROVISION
DFARS-252.225-7051-P21,DFARS-252.225-7051-P22,HAS_PROVISION
DFARS-252.225-7051-P21,DFARS-252.225-7051-P23,HAS_PROVISION
DFARS-252.225-7051,DFARS-252.225-7051-P24,HAS_PROVISION
DFARS-252.225-7051-P24,DFARS-252.225-7051-P25,HAS_PROVISION
DFARS-252.225-7051-P24,DFARS-252.225-7051-P26,HAS_PROVISION
DFARS-SUBPART-252.2,DFARS-252.225-7052,HAS_SECTION
DFARS-252.225-7052,DFARS-252.225-7052-P1,HAS_PROVISION
DFARS-252.225-7052,DFARS-252.225-7052-P2,HAS_PROVISION
DFARS-252.225-7052-P2,DFARS-252.225-7052-P3,HAS_PROVISION
DFARS-252.225-7052-P2,DFARS-252.225-7052-P4,HAS_PROVISION
DFARS-252.225-7052-P2,DFARS-252.225-7052-P5,HAS_PROVISION
DFARS-252.225-7052-P5,DFARS-252.225-7052-P6,HAS_PROVISION
DFARS-252.225-7052-P5,DFARS-252.225-7052-P7,HAS_PROVISION
DFARS-252.225-7052-P5,DFARS-252.225-7052-P8,HAS_PROVISION
DFARS-252.225-7052-P2,DFARS-252.225-7052-P9,HAS_PROVISION
DFARS-252.225-7052,DFARS-252.225-7052-P10,HAS_PROVISION
DFARS-252.225-7052,DFARS-252.225-7052-P11,HAS_PROVISION
DFARS-252.225-7052-P11,DFARS-252.225-7052-P12,HAS_PROVISION
DFARS-252.225-7052-P11,DFARS-252.225-7052-P13,HAS_PROVISION
DFARS-252.225-7052-P11,DFARS-252.225-7052-P14,HAS_PROVISION
DFARS-252.225-7052-P11,DFARS-252.225-7052-P15,HAS_PROVISION
DFARS-252.225-7052,DFARS-252.225-7052-P16,HAS_PROVISION
DFARS-252.225-7052-P16,DFARS-252.225-7052-P17,HAS_PROVISION
DFARS-252.225-7052-P16,DFARS-252.225-7052-P18,HAS_PROVISION
DFARS-252.225-7052-P16,DFARS-252.225-7052-P19,HAS_PROVISION
DFARS-252.225-7052,DFARS-252.225-7052-P20,HAS_PROVISION
DFARS-252.225-7052,DFARS-252.225-7052-P21,HAS_PROVISION
DFARS-252.225-7052,DFARS-252.225-7052-P22,HAS_PROVISION
DFARS-252.225-7052,DFARS-252.225-7052-P23,HAS_PROVISION
DFARS-252.225-7052-P23,DFARS-252.225-7052-P24,HAS_PROVISION
DFARS-252.225-7052-P23,DFARS-252.225-7052-P25,HAS_PROVISION
DFARS-252.225-7052,DFARS-252.225-7052-P26,HAS_PROVISION
DFARS-252.225-7052-P26,DFARS-252.225-7052-P27,HAS_PROVISION
DFARS-252.225-7052-P27,DFARS-252.225-7052-P28,HAS_PROVISION
DFARS-252.225-7052-P27,DFARS-252.225-7052-P29,HAS_PROVISION
DFARS-252.225-7052-P26,DFARS-252.225-7052-P30,HAS_PROVISION
DFARS-252.225-7052-P30,DFARS-252.225-7052-P31,HAS_PROVISION
DFARS-252.225-7052-P26,DFARS-252.225-7052-P32,HAS_PROVISION
DFARS-252.225-7052-P32,DFARS-252.225-7052-P33,HAS_PROVISION
DFARS-252.225-7052-P32,DFARS-252.225-7052-P34,HAS_PROVISION
DFARS-252.225-7052-P32,DFARS-252.225-7052-P35,HAS_PROVISION
DFARS-252.225-7052-P32,DFARS-252.225-7052-P36,HAS_PROVISION
DFARS-252.225-7052-P32,DFARS-252.225-7052-P37,HAS_PROVISION
DFARS-252.225-7052-P32,DFARS-252.225-7052-P38,HAS_PROVISION
DFARS-252.225-7052,DFARS-252.225-7052-P39,HAS_PROVISION
DFARS-252.225-7052-P39,DFARS-252.225-7052-P40,HAS_PROVISION
DFARS-252.225-7052-P40,DFARS-252.225-7052-P41,HAS_PROVISION
DFARS-252.225-7052-P41,DFARS-252.225-7052-P42,HAS_PROVISION
DFARS-252.225-7052-P42,DFARS-252.225-7052-P43,HAS_PROVISION
DFARS-252.225-7052-P42,DFARS-252.225-7052-P44,HAS_PROVISION
DFARS-252.225-7052-P41,DFARS-252.225-7052-P45,HAS_PROVISION
DFARS-252.225-7052-P40,DFARS-252.225-7052-P46,HAS_PROVISION
DFARS-252.225-7052-P40,DFARS-252.225-7052-P47,HAS_PROVISION
DFARS-252.225-7052-P39,DFARS-252.225-7052-P48,HAS_PROVISION
DFARS-252.225-7052-P48,DFARS-252.225-7052-P49,HAS_PROVISION
DFARS-252.225-7052,DFARS-252.225-7052-P50,HAS_PROVISION
DFARS-SUBPART-252.2,DFARS-252.225-7053,HAS_SECTION
DFARS-252.225-7053,DFARS-252.225-7053-P1,HAS_PROVISION
DFARS-252.225-7053,DFARS-252.225-7053-P2,HAS_PROVISION
DFARS-252.225-7053-P2,DFARS-252.225-7053-P3,HAS_PROVISION
DFARS-252.225-7053-P2,DFARS-252.225-7053-P4,HAS_PROVISION
DFARS-252.225-7053,DFARS-252.225-7053-P5,HAS_PROVISION
DFARS-SUBPART-252.2,DFARS-252.225-7054,HAS_SECTION
DFARS-252.225-7054,DFARS-252.225-7054-P1,HAS_PROVISION
DFARS-252.225-7054,DFARS-252.225-7054-P2,HAS_PROVISION
DFARS-252.225-7054-P2,DFARS-252.225-7054-P3,HAS_PROVISION
DFARS-252.225-7054-P2,DFARS-252.225-7054-P4,HAS_PROVISION
DFARS-252.225-7054,DFARS-252.225-7054-P5,HAS_PROVISION
DFARS-SUBPART-252.2,DFARS-252.225-7055,HAS_SECTION
DFARS-252.225-7055,DFARS-252.225-7055-P1,HAS_PROVISION
DFARS-252.225-7055,DFARS-252.225-7055-P2,HAS_PROVISION
DFARS-252.225-7055,DFARS-252.225-7055-P3,HAS_PROVISION
DFARS-252.225-7055-P3,DFARS-252.225-7055-P4,HAS_PROVISION
DFARS-252.225-7055-P3,DFARS-252.225-7055-P5,HAS_PROVISION
DFARS-SUBPART-252.2,DFARS-252.225-7056,HAS_SECTION
DFARS-252.225-7056,DFARS-252.225-7056-P1,HAS_PROVISION
DFARS-252.225-7056-P1,DFARS-252.225-7056-P2,HAS_PROVISION
DFARS-252.225-7056-P1,DFARS-252.225-7056-P3,HAS_PROVISION
DFARS-252.225-7056-P1,DFARS-252.225-7056-P4,HAS_PROVISION
DFARS-252.225-7056,DFARS-252.225-7056-P5,HAS_PROVISION
DFARS-252.225-7056,DFARS-252.225-7056-P6,HAS_PROVISION
DFARS-252.225-7056-P6,DFARS-252.225-7056-P7,HAS_PROVISION
DFARS-252.225-7056-P6,DFARS-252.225-7056-P8,HAS_PROVISION
DFARS-252.225-7056,DFARS-252.225-7056-P9,HAS_PROVISION
DFARS-SUBPART-252.2,DFARS-252.225-7057,HAS_SECTION
DFARS-252.225-7057,DFARS-252.225-7057-P1,HAS_PROVISION
DFARS-252.225-7057,DFARS-252.225-7057-P2,HAS_PROVISION
DFARS-252.225-7057,DFARS-252.225-7057-P3,HAS_PROVISION
DFARS-252.225-7057-P3,DFARS-252.225-7057-P4,HAS_PROVISION
DFARS-252.225-7057-P3,DFARS-252.225-7057-P5,HAS_PROVISION
DFARS-252.225-7057-P3,DFARS-252.225-7057-P6,HAS_PROVISION
DFARS-SUBPART-252.2,DFARS-252.225-7058,HAS_SECTION
DFARS-252.225-7058,DFARS-252.225-7058-P1,HAS_PROVISION
DFARS-252.225-7058,DFARS-252.225-7058-P2,HAS_PROVISION
DFARS-252.225-7058,DFARS-252.225-7058-P3,HAS_PROVISION
DFARS-252.225-7058-P3,DFARS-252.225-7058-P4,HAS_PROVISION
DFARS-252.225-7058-P3,DFARS-252.225-7058-P5,HAS_PROVISION
DFARS-252.225-7058-P5,DFARS-252.225-7058-P6,HAS_PROVISION
DFARS-252.225-7058-P5,DFARS-252.225-7058-P7,HAS_PROVISION
DFARS-252.225-7058,DFARS-252.225-7058-P8,HAS_PROVISION
DFARS-SUBPART-252.2,DFARS-252.225-7059,HAS_SECTION
DFARS-252.225-7059,DFARS-252.225-7059-P1,HAS_PROVISION
DFARS-252.225-7059,DFARS-252.225-7059-P2,HAS_PROVISION
DFARS-252.225-7059,DFARS-252.225-7059-P3,HAS_PROVISION
DFARS-SUBPART-252.2,DFARS-252.225-7060,HAS_SECTION
DFARS-252.225-7060,DFARS-252.225-7060-P1,HAS_PROVISION
DFARS-252.225-7060,DFARS-252.225-7060-P2,HAS_PROVISION
DFARS-252.225-7060,DFARS-252.225-7060-P3,HAS_PROVISION
DFARS-252.225-7060,DFARS-252.225-7060-P4,HAS_PROVISION
DFARS-252.225-7060,DFARS-252.225-7060-P5,HAS_PROVISION
DFARS-SUBPART-252.2,DFARS-252.225-7061,HAS_SECTION
DFARS-252.225-7061,DFARS-252.225-7061-P1,HAS_PROVISION
DFARS-252.225-7061,DFARS-252.225-7061-P2,HAS_PROVISION
DFARS-252.225-7061-P2,DFARS-252.225-7061-P3,HAS_PROVISION
DFARS-252.225-7061-P2,DFARS-252.225-7061-P4,HAS_PROVISION
DFARS-252.225-7061-P2,DFARS-252.225-7061-P5,HAS_PROVISION
DFARS-252.225-7061-P2,DFARS-252.225-7061-P6,HAS_PROVISION
DFARS-252.225-7061,DFARS-252.225-7061-P7,HAS_PROVISION
DFARS-252.225-7061-P7,DFARS-252.225-7061-P8,HAS_PROVISION
DFARS-252.225-7061-P8,DFARS-252.225-7061-P9,HAS_PROVISION
DFARS-252.225-7061-P8,DFARS-252.225-7061-P10,HAS_PROVISION
DFARS-252.225-7061-P8,DFARS-252.225-7061-P11,HAS_PROVISION
DFARS-252.225-7061-P8,DFARS-252.225-7061-P12,HAS_PROVISION
DFARS-252.225-7061-P8,DFARS-252.225-7061-P13,HAS_PROVISION
DFARS-252.225-7061-P8,DFARS-252.225-7061-P14,HAS_PROVISION
DFARS-252.225-7061-P8,DFARS-252.225-7061-P15,HAS_PROVISION
DFARS-252.225-7061-P7,DFARS-252.225-7061-P16,HAS_PROVISION
DFARS-252.225-7061,DFARS-252.225-7061-P17,HAS_PROVISION
DFARS-252.225-7061,DFARS-252.225-7061-P18,HAS_PROVISION
DFARS-SUBPART-252.2,DFARS-252.225-7062,HAS_SECTION
DFARS-252.225-7062,DFARS-252.225-7062-P1,HAS_PROVISION
DFARS-252.225-7062,DFARS-252.225-7062-P2,HAS_PROVISION
DFARS-252.225-7062,DFARS-252.225-7062-P3,HAS_PROVISION
DFARS-252.225-7062,DFARS-252.225-7062-P4,HAS_PROVISION
DFARS-SUBPART-252.2,DFARS-252.225-7063,HAS_SECTION
DFARS-252.225-7063,DFARS-252.225-7063-P1,HAS_PROVISION
DFARS-252.225-7063-P1,DFARS-252.225-7063-P2,HAS_PROVISION
DFARS-252.225-7063-P2,DFARS-252.225-7063-P3,HAS_PROVISION
DFARS-252.225-7063-P2,DFARS-252.225-7063-P4,HAS_PROVISION
DFARS-252.225-7063-P2,DFARS-252.225-7063-P5,HAS_PROVISION
DFARS-252.225-7063-P2,DFARS-252.225-7063-P6,HAS_PROVISION
DFARS-252.225-7063-P1,DFARS-252.225-7063-P7,HAS_PROVISION
DFARS-252.225-7063,DFARS-252.225-7063-P8,HAS_PROVISION
DFARS-SUBPART-252.2,DFARS-252.225-7064,HAS_SECTION
DFARS-252.225-7064,DFARS-252.225-7064-P1,HAS_PROVISION
DFARS-252.225-7064,DFARS-252.225-7064-P2,HAS_PROVISION
DFARS-252.225-7064,DFARS-252.225-7064-P3,HAS_PROVISION
DFARS-252.225-7064,DFARS-252.225-7064-P4,HAS_PROVISION
DFARS-SUBPART-252.2,DFARS-252.225-7065,HAS_SECTION
DFARS-252.225-7065,DFARS-252.225-7065-P1,HAS_PROVISION
DFARS-252.225-7065,DFARS-252.225-7065-P2,HAS_PROVISION
DFARS-252.225-7065-P2,DFARS-252.225-7065-P3,HAS_PROVISION
DFARS-252.225-7065-P2,DFARS-252.225-7065-P4,HAS_PROVISION
DFARS-252.225-7065,DFARS-252.225-7065-P5,HAS_PROVISION
DFARS-252.225-7065-P5,DFARS-252.225-7065-P6,HAS_PROVISION
DFARS-252.225-7065-P6,DFARS-252.225-7065-P7,HAS_PROVISION
DFARS-252.225-7065-P6,DFARS-252.225-7065-P8,HAS_PROVISION
DFARS-252.225-7065-P6,DFARS-252.225-7065-P9,HAS_PROVISION
DFARS-252.225-7065-P6,DFARS-252.225-7065-P10,HAS_PROVISION
DFARS-252.225-7065-P5,DFARS-252.225-7065-P11,HAS_PROVISION
DFARS-252.225-7065,DFARS-252.225-7065-P12,HAS_PROVISION
DFARS-SUBPART-252.2,DFARS-252.226-7001,HAS_SECTION
DFARS-252.226-7001,DFARS-252.226-7001-P1,HAS_PROVISION
DFARS-252.226-7001,DFARS-252.226-7001-P2,HAS_PROVISION
DFARS-252.226-7001-P2,DFARS-252.226-7001-P3,HAS_PROVISION
DFARS-252.226-7001-P2,DFARS-252.226-7001-P4,HAS_PROVISION
DFARS-252.226-7001,DFARS-252.226-7001-P5,HAS_PROVISION
DFARS-252.226-7001,DFARS-252.226-7001-P6,HAS_PROVISION
DFARS-252.226-7001,DFARS-252.226-7001-P7,HAS_PROVISION
DFARS-252.226-7001,DFARS-252.226-7001-P8,HAS_PROVISION
DFARS-252.226-7001,DFARS-252.226-7001-P9,HAS_PROVISION
DFARS-252.226-7001-P9,DFARS-252.226-7001-P10,HAS_PROVISION
DFARS-252.226-7001-P9,DFARS-252.226-7001-P11,HAS_PROVISION
DFARS-252.226-7001,DFARS-252.226-7001-P12,HAS_PROVISION
DFARS-252.226-7001,DFARS-252.226-7001-P13,HAS_PROVISION
DFARS-252.226-7001,DFARS-252.226-7001-P14,HAS_PROVISION
DFARS-252.226-7001-P14,DFARS-252.226-7001-P15,HAS_PROVISION
DFARS-252.226-7001-P14,DFARS-252.226-7001-P16,HAS_PROVISION
DFARS-252.226-7001,DFARS-252.226-7001-P17,HAS_PROVISION
DFARS-252.226-7001-P17,DFARS-252.226-7001-P18,HAS_PROVISION
DFARS-252.226-7001-P17,DFARS-252.226-7001-P19,HAS_PROVISION
DFARS-252.226-7001-P17,DFARS-252.226-7001-P20,HAS_PROVISION
DFARS-252.226-7001-P17,DFARS-252.226-7001-P21,HAS_PROVISION
DFARS-252.226-7001-P17,DFARS-252.226-7001-P22,HAS_PROVISION
DFARS-252.226-7001-P17,DFARS-252.226-7001-P23,HAS_PROVISION
DFARS-252.226-7001-P17,DFARS-252.226-7001-P24,HAS_PROVISION
DFARS-252.226-7001,DFARS-252.226-7001-P25,HAS_PROVISION
DFARS-SUBPART-252.2,DFARS-252.226-7002,HAS_SECTION
DFARS-252.226-7002,DFARS-252.226-7002-P1,HAS_PROVISION
DFARS-252.226-7002,DFARS-252.226-7002-P2,HAS_PROVISION
DFARS-252.226-7002-P2,DFARS-252.226-7002-P3,HAS_PROVISION
DFARS-252.226-7002-P3,DFARS-252.226-7002-P4,HAS_PROVISION
DFARS-252.226-7002-P3,DFARS-252.226-7002-P5,HAS_PROVISION
DFARS-252.226-7002,DFARS-252.226-7002-P6,HAS_PROVISION
DFARS-252.226-7002,DFARS-252.226-7002-P7,HAS_PROVISION
DFARS-252.226-7002,DFARS-252.226-7002-P8,HAS_PROVISION
DFARS-SUBPART-252.2,DFARS-252.226-7003,HAS_SECTION
DFARS-252.226-7003,DFARS-252.226-7003-P1,HAS_PROVISION
DFARS-252.226-7003,DFARS-252.226-7003-P2,HAS_PROVISION
DFARS-252.226-7003,DFARS-252.226-7003-P3,HAS_PROVISION
DFARS-252.226-7003-P3,DFARS-252.226-7003-P4,HAS_PROVISION
DFARS-252.226-7003-P3,DFARS-252.226-7003-P5,HAS_PROVISION
DFARS-252.226-7003-P3,DFARS-252.226-7003-P6,HAS_PROVISION
DFARS-252.226-7003-P3,DFARS-252.226-7003-P7,HAS_PROVISION
DFARS-252.226-7003-P7,DFARS-252.226-7003-P8,HAS_PROVISION
DFARS-252.226-7003-P7,DFARS-252.226-7003-P9,HAS_PROVISION
DFARS-252.226-7003-P9,DFARS-252.226-7003-P10,HAS_PROVISION
DFARS-252.226-7003-P9,DFARS-252.226-7003-P11,HAS_PROVISION
DFARS-252.226-7003-P9,DFARS-252.226-7003-P12,HAS_PROVISION
DFARS-252.226-7003-P9,DFARS-252.226-7003-P13,HAS_PROVISION
DFARS-252.226-7003-P7,DFARS-252.226-7003-P14,HAS_PROVISION
DFARS-252.226-7003-P7,DFARS-252.226-7003-P15,HAS_PROVISION
DFARS-252.226-7003-P3,DFARS-252.226-7003-P16,HAS_PROVISION
DFARS-252.226-7003-P3,DFARS-252.226-7003-P17,HAS_PROVISION
DFARS-SUBPART-252.2,DFARS-252.227-7000,HAS_SECTION
DFARS-SUBPART-252.2,DFARS-252.227-7001,HAS_SECTION
DFARS-SUBPART-252.2,DFARS-252.227-7002,HAS_SECTION
DFARS-252.227-7002,DFARS-252.227-7002-P1,HAS_PROVISION
DFARS-252.227-7002,DFARS-252.227-7002-P2,HAS_PROVISION
DFARS-SUBPART-252.2,DFARS-252.227-7003,HAS_SECTION
DFARS-SUBPART-252.2,DFARS-252.227-7004,HAS_SECTION
DFARS-252.227-7004,DFARS-252.227-7004-P1,HAS_PROVISION
DFARS-252.227-7004-P1,DFARS-252.227-7004-P2,HAS_PROVISION
DFARS-252.227-7004-P1,DFARS-252.227-7004-P3,HAS_PROVISION
DFARS-SUBPART-252.2,DFARS-252.227-7005,HAS_SECTION
DFARS-SUBPART-252.2,DFARS-252.227-7006,HAS_SECTION
DFARS-252.227-7006,DFARS-252.227-7006-P1,HAS_PROVISION
DFARS-252.227-7006,DFARS-252.227-7006-P2,HAS_PROVISION
DFARS-252.227-7006,DFARS-252.227-7006-P3,HAS_PROVISION
DFARS-SUBPART-252.2,DFARS-252.227-7007,HAS_SECTION
DFARS-SUBPART-252.2,DFARS-252.227-7008,HAS_SECTION
DFARS-SUBPART-252.2,DFARS-252.227-7009,HAS_SECTION
DFARS-252.227-7009,DFARS-252.227-7009-P1,HAS_PROVISION
DFARS-252.227-7009,DFARS-252.227-7009-P2,HAS_PROVISION
DFARS-SUBPART-252.2,DFARS-252.227-7010,HAS_SECTION
DFARS-SUBPART-252.2,DFARS-252.227-7011,HAS_SECTION
DFARS-SUBPART-252.2,DFARS-252.227-7012,HAS_SECTION
DFARS-SUBPART-252.2,DFARS-252.227-7013,HAS_SECTION
DFARS-252.227-7013,DFARS-252.227-7013-P1,HAS_PROVISION
DFARS-252.227-7013-P1,DFARS-252.227-7013-P2,HAS_PROVISION
DFARS-252.227-7013-P1,DFARS-252.227-7013-P3,HAS_PROVISION
DFARS-252.227-7013-P1,DFARS-252.227-7013-P4,HAS_PROVISION
DFARS-252.227-7013-P1,DFARS-252.227-7013-P5,HAS_PROVISION
DFARS-252.227-7013-P5,DFARS-252.227-7013-P6,HAS_PROVISION
DFARS-252.227-7013-P5,DFARS-252.227-7013-P7,HAS_PROVISION
DFARS-252.227-7013-P1,DFARS-252.227-7013-P8,HAS_PROVISION
DFARS-252.227-7013-P1,DFARS-252.227-7013-P9,HAS_PROVISION
DFARS-252.227-7013-P1,DFARS-252.227-7013-P10,HAS_PROVISION
DFARS-252.227-7013-P10,DFARS-252.227-7013-P11,HAS_PROVISION
DFARS-252.227-7013-P10,DFARS-252.227-7013-P12,HAS_PROVISION
DFARS-252.227-7013-P1,DFARS-252.227-7013-P13,HAS_PROVISION
DFARS-252.227-7013-P1,DFARS-252.227-7013-P14,HAS_PROVISION
DFARS-252.227-7013-P1,DFARS-252.227-7013-P15,HAS_PROVISION
DFARS-252.227-7013-P1,DFARS-252.227-7013-P16,HAS_PROVISION
DFARS-252.227-7013-P1,DFARS-252.227-7013-P17,HAS_PROVISION
DFARS-252.227-7013-P1,DFARS-252.227-7013-P18,HAS_PROVISION
DFARS-252.227-7013-P18,DFARS-252.227-7013-P19,HAS_PROVISION
DFARS-252.227-7013-P18,DFARS-252.227-7013-P20,HAS_PROVISION
DFARS-252.227-7013-P1,DFARS-252.227-7013-P21,HAS_PROVISION
DFARS-252.227-7013-P21,DFARS-252.227-7013-P22,HAS_PROVISION
DFARS-252.227-7013-P22,DFARS-252.227-7013-P23,HAS_PROVISION
DFARS-252.227-7013-P22,DFARS-252.227-7013-P24,HAS_PROVISION
DFARS-252.227-7013-P24,DFARS-252.227-7013-P25,HAS_PROVISION
DFARS-252.227-7013-P24,DFARS-252.227-7013-P26,HAS_PROVISION
DFARS-252.227-7013-P21,DFARS-252.227-7013-P27,HAS_PROVISION
DFARS-252.227-7013-P21,DFARS-252.227-7013-P28,HAS_PROVISION
DFARS-252.227-7013-P1,DFARS-252.227-7013-P29,HAS_PROVISION
DFARS-252.227-7013-P1,DFARS-252.227-7013-P30,HAS_PROVISION
DFARS-252.227-7013-P1,DFARS-252.227-7013-P31,HAS_PROVISION
DFARS-252.227-7013-P31,DFARS-252.227-7013-P32,HAS_PROVISION
DFARS-252.227-7013-P32,DFARS-252.227-7013-P33,HAS_PROVISION
DFARS-252.227-7013-P32,DFARS-252.227-7013-P34,HAS_PROVISION
DFARS-252.227-7013-P31,DFARS-252.227-7013-P35,HAS_PROVISION
DFARS-252.227-7013-P1,DFARS-252.227-7013-P36,HAS_PROVISION
DFARS-252.227-7013-P36,DFARS-252.227-7013-P37,HAS_PROVISION
DFARS-252.227-7013-P37,DFARS-252.227-7013-P38,HAS_PROVISION
DFARS-252.227-7013-P37,DFARS-252.227-7013-P39,HAS_PROVISION
DFARS-252.227-7013-P37,DFARS-252.227-7013-P40,HAS_PROVISION
DFARS-252.227-7013-P37,DFARS-252.227-7013-P41,HAS_PROVISION
DFARS-252.227-7013-P37,DFARS-252.227-7013-P42,HAS_PROVISION
DFARS-252.227-7013-P37,DFARS-252.227-7013-P43,HAS_PROVISION
DFARS-252.227-7013-P37,DFARS-252.227-7013-P44,HAS_PROVISION
DFARS-252.227-7013-P37,DFARS-252.227-7013-P45,HAS_PROVISION
DFARS-252.227-7013-P45,DFARS-252.227-7013-P46,HAS_PROVISION
DFARS-252.227-7013-P45,DFARS-252.227-7013-P47,HAS_PROVISION
DFARS-252.227-7013-P36,DFARS-252.227-7013-P48,HAS_PROVISION
DFARS-252.227-7013-P48,DFARS-252.227-7013-P49,HAS_PROVISION
DFARS-252.227-7013-P49,DFARS-252.227-7013-P50,HAS_PROVISION
DFARS-252.227-7013-P49,DFARS-252.227-7013-P51,HAS_PROVISION
DFARS-252.227-7013-P48,DFARS-252.227-7013-P52,HAS_PROVISION
DFARS-252.227-7013-P48,DFARS-252.227-7013-P53,HAS_PROVISION
DFARS-252.227-7013-P53,DFARS-252.227-7013-P54,HAS_PROVISION
DFARS-252.227-7013-P53,DFARS-252.227-7013-P55,HAS_PROVISION
DFARS-252.227-7013-P48,DFARS-252.227-7013-P56,HAS_PROVISION
DFARS-252.227-7013-P36,DFARS-252.227-7013-P57,HAS_PROVISION
DFARS-252.227-7013-P57,DFARS-252.227-7013-P58,HAS_PROVISION
DFARS-252.227-7013-P58,DFARS-252.227-7013-P59,HAS_PROVISION
DFARS-252.227-7013-P58,DFARS-252.227-7013-P60,HAS_PROVISION
DFARS-252.227-7013-P57,DFARS-252.227-7013-P61,HAS_PROVISION
DFARS-252.227-7013-P57,DFARS-252.227-7013-P62,HAS_PROVISION
DFARS-252.227-7013-P57,DFARS-252.227-7013-P63,HAS_PROVISION
DFARS-252.227-7013-P63,DFARS-252.227-7013-P64,HAS_PROVISION
DFARS-252.227-7013-P63,DFARS-252.227-7013-P65,HAS_PROVISION
DFARS-252.227-7013-P63,DFARS-252.227-7013-P66,HAS_PROVISION
DFARS-252.227-7013-P63,DFARS-252.227-7013-P67,HAS_PROVISION
DFARS-252.227-7013-P36,DFARS-252.227-7013-P68,HAS_PROVISION
DFARS-252.227-7013,DFARS-252.227-7013-P69,HAS_PROVISION
DFARS-252.227-7013-P69,DFARS-252.227-7013-P70,HAS_PROVISION
DFARS-252.227-7013-P70,DFARS-252.227-7013-P71,HAS_PROVISION
DFARS-252.227-7013-P70,DFARS-252.227-7013-P72,HAS_PROVISION
DFARS-252.227-7013-P70,DFARS-252.227-7013-P73,HAS_PROVISION
DFARS-252.227-7013-P69,DFARS-252.227-7013-P74,HAS_PROVISION
DFARS-252.227-7013-P69,DFARS-252.227-7013-P75,HAS_PROVISION
DFARS-252.227-7013-P69,DFARS-252.227-7013-P76,HAS_PROVISION
DFARS-252.227-7013-P76,DFARS-252.227-7013-P77,HAS_PROVISION
DFARS-252.227-7013-P76,DFARS-252.227-7013-P78,HAS_PROVISION
DFARS-252.227-7013-P76,DFARS-252.227-7013-P79,HAS_PROVISION
DFARS-252.227-7013-P76,DFARS-252.227-7013-P80,HAS_PROVISION
DFARS-252.227-7013-P69,DFARS-252.227-7013-P81,HAS_PROVISION
DFARS-252.227-7013-P81,DFARS-252.227-7013-P82,HAS_PROVISION
DFARS-252.227-7013-P81,DFARS-252.227-7013-P83,HAS_PROVISION
DFARS-252.227-7013-P83,DFARS-252.227-7013-P84,HAS_PROVISION
DFARS-252.227-7013-P83,DFARS-252.227-7013-P85,HAS_PROVISION
DFARS-252.227-7013-P85,DFARS-252.227-7013-P86,HAS_PROVISION
DFARS-252.227-7013-P85,DFARS-252.227-7013-P87,HAS_PROVISION
DFARS-252.227-7013-P85,DFARS-252.227-7013-P88,HAS_PROVISION
DFARS-252.227-7013-P81,DFARS-252.227-7013-P89,HAS_PROVISION
DFARS-252.227-7013-P81,DFARS-252.227-7013-P90,HAS_PROVISION
DFARS-252.227-7013-P81,DFARS-252.227-7013-P91,HAS_PROVISION
DFARS-252.227-7013-P91,DFARS-252.227-7013-P92,HAS_PROVISION
DFARS-252.227-7013-P92,DFARS-252.227-7013-P93,HAS_PROVISION
DFARS-252.227-7013-P91,DFARS-252.227-7013-P94,HAS_PROVISION
DFARS-252.227-7013-P81,DFARS-252.227-7013-P95,HAS_PROVISION
DFARS-252.227-7013-P95,DFARS-252.227-7013-P96,HAS_PROVISION
DFARS-252.227-7013-P95,DFARS-252.227-7013-P97,HAS_PROVISION
DFARS-252.227-7013-P81,DFARS-252.227-7013-P98,HAS_PROVISION
DFARS-252.227-7013-P98,DFARS-252.227-7013-P99,HAS_PROVISION
DFARS-252.227-7013-P98,DFARS-252.227-7013-P100,HAS_PROVISION
DFARS-252.227-7013-P81,DFARS-252.227-7013-P101,HAS_PROVISION
DFARS-252.227-7013-P81,DFARS-252.227-7013-P102,HAS_PROVISION
DFARS-252.227-7013-P102,DFARS-252.227-7013-P103,HAS_PROVISION
DFARS-252.227-7013-P103,DFARS-252.227-7013-P104,HAS_PROVISION
DFARS-252.227-7013-P103,DFARS-252.227-7013-P105,HAS_PROVISION
DFARS-252.227-7013-P102,DFARS-252.227-7013-P106,HAS_PROVISION
DFARS-252.227-7013-P106,DFARS-252.227-7013-P107,HAS_PROVISION
DFARS-252.227-7013-P106,DFARS-252.227-7013-P108,HAS_PROVISION
DFARS-252.227-7013-P81,DFARS-252.227-7013-P109,HAS_PROVISION
DFARS-252.227-7013-P109,DFARS-252.227-7013-P110,HAS_PROVISION
DFARS-252.227-7013,DFARS-252.227-7013-P111,HAS_PROVISION
DFARS-252.227-7013-P111,DFARS-252.227-7013-P112,HAS_PROVISION
DFARS-252.227-7013-P112,DFARS-252.227-7013-P113,HAS_PROVISION
DFARS-252.227-7013-P112,DFARS-252.227-7013-P114,HAS_PROVISION
DFARS-252.227-7013-P111,DFARS-252.227-7013-P115,HAS_PROVISION
DFARS-252.227-7013-P111,DFARS-252.227-7013-P116,HAS_PROVISION
DFARS-252.227-7013-P111,DFARS-252.227-7013-P117,HAS_PROVISION
DFARS-252.227-7013-P111,DFARS-252.227-7013-P118,HAS_PROVISION
DFARS-252.227-7013-P111,DFARS-252.227-7013-P119,HAS_PROVISION
DFARS-252.227-7013-P119,DFARS-252.227-7013-P120,HAS_PROVISION
DFARS-252.227-7013-P119,DFARS-252.227-7013-P121,HAS_PROVISION
DFARS-252.227-7013-P119,DFARS-252.227-7013-P122,HAS_PROVISION
DFARS-252.227-7013-P111,DFARS-252.227-7013-P123,HAS_PROVISION
DFARS-SUBPART-252.2,DFARS-252.227-7014,HAS_SECTION
DFARS-252.227-7014,DFARS-252.227-7014-P1,HAS_PROVISION
DFARS-252.227-7014-P1,DFARS-252.227-7014-P2,HAS_PROVISION
DFARS-252.227-7014-P1,DFARS-252.227-7014-P3,HAS_PROVISION
DFARS-252.227-7014-P1,DFARS-252.227-7014-P4,HAS_PROVISION
DFARS-252.227-7014-P1,DFARS-252.227-7014-P5,HAS_PROVISION
DFARS-252.227-7014-P1,DFARS-252.227-7014-P6,HAS_PROVISION
DFARS-252.227-7014-P1,DFARS-252.227-7014-P7,HAS_PROVISION
DFARS-252.227-7014-P1,DFARS-252.227-7014-P8,HAS_PROVISION
DFARS-252.227-7014-P1,DFARS-252.227-7014-P9,HAS_PROVISION
DFARS-252.227-7014-P1,DFARS-252.227-7014-P10,HAS_PROVISION
DFARS-252.227-7014-P1,DFARS-252.227-7014-P11,HAS_PROVISION
DFARS-252.227-7014-P1,DFARS-252.227-7014-P12,HAS_PROVISION
DFARS-252.227-7014-P1,DFARS-252.227-7014-P13,HAS_PROVISION
DFARS-252.227-7014-P1,DFARS-252.227-7014-P14,HAS_PROVISION
DFARS-252.227-7014-P1,DFARS-252.227-7014-P15,HAS_PROVISION
DFARS-252.227-7014-P1,DFARS-252.227-7014-P16,HAS_PROVISION
DFARS-252.227-7014-P1,DFARS-252.227-7014-P17,HAS_PROVISION
DFARS-252.227-7014-P1,DFARS-252.227-7014-P18,HAS_PROVISION
DFARS-252.227-7014-P1,DFARS-252.227-7014-P19,HAS_PROVISION
DFARS-252.227-7014-P1,DFARS-252.227-7014-P20,HAS_PROVISION
DFARS-252.227-7014-P1,DFARS-252.227-7014-P21,HAS_PROVISION
DFARS-252.227-7014-P1,DFARS-252.227-7014-P22,HAS_PROVISION
DFARS-252.227-7014-P1,DFARS-252.227-7014-P23,HAS_PROVISION
DFARS-252.227-7014-P1,DFARS-252.227-7014-P24,HAS_PROVISION
DFARS-252.227-7014-P1,DFARS-252.227-7014-P25,HAS_PROVISION
DFARS-252.227-7014-P1,DFARS-252.227-7014-P26,HAS_PROVISION
DFARS-252.227-7014-P1,DFARS-252.227-7014-P27,HAS_PROVISION
DFARS-252.227-7014-P1,DFARS-252.227-7014-P28,HAS_PROVISION
DFARS-252.227-7014-P1,DFARS-252.227-7014-P29,HAS_PROVISION
DFARS-252.227-7014-P1,DFARS-252.227-7014-P30,HAS_PROVISION
DFARS-252.227-7014-P1,DFARS-252.227-7014-P31,HAS_PROVISION
DFARS-252.227-7014-P1,DFARS-252.227-7014-P32,HAS_PROVISION
DFARS-252.227-7014-P32,DFARS-252.227-7014-P33,HAS_PROVISION
DFARS-252.227-7014-P32,DFARS-252.227-7014-P34,HAS_PROVISION
DFARS-252.227-7014-P1,DFARS-252.227-7014-P35,HAS_PROVISION
DFARS-252.227-7014-P35,DFARS-252.227-7014-P36,HAS_PROVISION
DFARS-252.227-7014-P35,DFARS-252.227-7014-P37,HAS_PROVISION
DFARS-252.227-7014-P35,DFARS-252.227-7014-P38,HAS_PROVISION
DFARS-252.227-7014-P35,DFARS-252.227-7014-P39,HAS_PROVISION
DFARS-252.227-7014-P1,DFARS-252.227-7014-P40,HAS_PROVISION
DFARS-252.227-7014-P40,DFARS-252.227-7014-P41,HAS_PROVISION
DFARS-252.227-7014-P40,DFARS-252.227-7014-P42,HAS_PROVISION
DFARS-252.227-7014-P40,DFARS-252.227-7014-P43,HAS_PROVISION
DFARS-252.227-7014-P40,DFARS-252.227-7014-P44,HAS_PROVISION
DFARS-252.227-7014-P44,DFARS-252.227-7014-P45,HAS_PROVISION
DFARS-252.227-7014-P44,DFARS-252.227-7014-P46,HAS_PROVISION
DFARS-252.227-7014-P40,DFARS-252.227-7014-P47,HAS_PROVISION
DFARS-252.227-7014-P40,DFARS-252.227-7014-P48,HAS_PROVISION
DFARS-252.227-7014,DFARS-252.227-7014-P49,HAS_PROVISION
DFARS-252.227-7014,DFARS-252.227-7014-P50,HAS_PROVISION
DFARS-252.227-7014-P50,DFARS-252.227-7014-P51,HAS_PROVISION
DFARS-252.227-7014-P51,DFARS-252.227-7014-P52,HAS_PROVISION
DFARS-252.227-7014-P51,DFARS-252.227-7014-P53,HAS_PROVISION
DFARS-252.227-7014-P51,DFARS-252.227-7014-P54,HAS_PROVISION
DFARS-252.227-7014-P51,DFARS-252.227-7014-P55,HAS_PROVISION
DFARS-252.227-7014-P51,DFARS-252.227-7014-P56,HAS_PROVISION
DFARS-252.227-7014-P51,DFARS-252.227-7014-P57,HAS_PROVISION
DFARS-252.227-7014-P57,DFARS-252.227-7014-P58,HAS_PROVISION
DFARS-252.227-7014-P57,DFARS-252.227-7014-P59,HAS_PROVISION
DFARS-252.227-7014-P50,DFARS-252.227-7014-P60,HAS_PROVISION
DFARS-252.227-7014-P60,DFARS-252.227-7014-P61,HAS_PROVISION
DFARS-252.227-7014-P60,DFARS-252.227-7014-P62,HAS_PROVISION
DFARS-252.227-7014-P60,DFARS-252.227-7014-P63,HAS_PROVISION
DFARS-252.227-7014-P63,DFARS-252.227-7014-P64,HAS_PROVISION
DFARS-252.227-7014-P63,DFARS-252.227-7014-P65,HAS_PROVISION
DFARS-252.227-7014-P50,DFARS-252.227-7014-P66,HAS_PROVISION
DFARS-252.227-7014-P66,DFARS-252.227-7014-P67,HAS_PROVISION
DFARS-252.227-7014-P66,DFARS-252.227-7014-P68,HAS_PROVISION
DFARS-252.227-7014-P66,DFARS-252.227-7014-P69,HAS_PROVISION
DFARS-252.227-7014-P69,DFARS-252.227-7014-P70,HAS_PROVISION
DFARS-252.227-7014-P69,DFARS-252.227-7014-P71,HAS_PROVISION
DFARS-252.227-7014-P69,DFARS-252.227-7014-P72,HAS_PROVISION
DFARS-252.227-7014-P69,DFARS-252.227-7014-P73,HAS_PROVISION
DFARS-252.227-7014-P50,DFARS-252.227-7014-P74,HAS_PROVISION
DFARS-252.227-7014-P74,DFARS-252.227-7014-P75,HAS_PROVISION
DFARS-252.227-7014-P74,DFARS-252.227-7014-P76,HAS_PROVISION
DFARS-252.227-7014-P50,DFARS-252.227-7014-P77,HAS_PROVISION
DFARS-252.227-7014-P77,DFARS-252.227-7014-P78,HAS_PROVISION
DFARS-252.227-7014-P77,DFARS-252.227-7014-P79,HAS_PROVISION
DFARS-252.227-7014-P50,DFARS-252.227-7014-P80,HAS_PROVISION
DFARS-252.227-7014,DFARS-252.227-7014-P81,HAS_PROVISION
DFARS-252.227-7014,DFARS-252.227-7014-P82,HAS_PROVISION
DFARS-252.227-7014-P82,DFARS-252.227-7014-P83,HAS_PROVISION
DFARS-252.227-7014-P82,DFARS-252.227-7014-P84,HAS_PROVISION
DFARS-252.227-7014,DFARS-252.227-7014-P85,HAS_PROVISION
DFARS-252.227-7014-P85,DFARS-252.227-7014-P86,HAS_PROVISION
DFARS-252.227-7014-P85,DFARS-252.227-7014-P87,HAS_PROVISION
DFARS-252.227-7014-P85,DFARS-252.227-7014-P88,HAS_PROVISION
DFARS-252.227-7014-P85,DFARS-252.227-7014-P89,HAS_PROVISION
DFARS-252.227-7014,DFARS-252.227-7014-P90,HAS_PROVISION
DFARS-252.227-7014-P90,DFARS-252.227-7014-P91,HAS_PROVISION
DFARS-252.227-7014-P90,DFARS-252.227-7014-P92,HAS_PROVISION
DFARS-252.227-7014-P92,DFARS-252.227-7014-P93,HAS_PROVISION
DFARS-252.227-7014-P92,DFARS-252.227-7014-P94,HAS_PROVISION
DFARS-252.227-7014-P94,DFARS-252.227-7014-P95,HAS_PROVISION
DFARS-252.227-7014-P94,DFARS-252.227-7014-P96,HAS_PROVISION
DFARS-252.227-7014-P94,DFARS-252.227-7014-P97,HAS_PROVISION
DFARS-252.227-7014-P90,DFARS-252.227-7014-P98,HAS_PROVISION
DFARS-252.227-7014-P90,DFARS-252.227-7014-P99,HAS_PROVISION
DFARS-252.227-7014-P99,DFARS-252.227-7014-P100,HAS_PROVISION
DFARS-252.227-7014-P100,DFARS-252.227-7014-P101,HAS_PROVISION
DFARS-252.227-7014-P100,DFARS-252.227-7014-P102,HAS_PROVISION
DFARS-252.227-7014-P99,DFARS-252.227-7014-P103,HAS_PROVISION
DFARS-252.227-7014-P90,DFARS-252.227-7014-P104,HAS_PROVISION
DFARS-252.227-7014-P104,DFARS-252.227-7014-P105,HAS_PROVISION
DFARS-252.227-7014-P104,DFARS-252.227-7014-P106,HAS_PROVISION
DFARS-252.227-7014-P90,DFARS-252.227-7014-P107,HAS_PROVISION
DFARS-252.227-7014-P107,DFARS-252.227-7014-P108,HAS_PROVISION
DFARS-252.227-7014-P107,DFARS-252.227-7014-P109,HAS_PROVISION
DFARS-252.227-7014-P90,DFARS-252.227-7014-P110,HAS_PROVISION
DFARS-252.227-7014-P90,DFARS-252.227-7014-P111,HAS_PROVISION
DFARS-252.227-7014-P111,DFARS-252.227-7014-P112,HAS_PROVISION
DFARS-252.227-7014-P112,DFARS-252.227-7014-P113,HAS_PROVISION
DFARS-252.227-7014-P112,DFARS-252.227-7014-P114,HAS_PROVISION
DFARS-252.227-7014-P111,DFARS-252.227-7014-P115,HAS_PROVISION
DFARS-252.227-7014-P115,DFARS-252.227-7014-P116,HAS_PROVISION
DFARS-252.227-7014-P115,DFARS-252.227-7014-P117,HAS_PROVISION
DFARS-252.227-7014,DFARS-252.227-7014-P118,HAS_PROVISION
DFARS-252.227-7014-P118,DFARS-252.227-7014-P119,HAS_PROVISION
DFARS-252.227-7014-P118,DFARS-252.227-7014-P120,HAS_PROVISION
DFARS-252.227-7014-P118,DFARS-252.227-7014-P121,HAS_PROVISION
DFARS-252.227-7014-P118,DFARS-252.227-7014-P122,HAS_PROVISION
DFARS-252.227-7014-P118,DFARS-252.227-7014-P123,HAS_PROVISION
DFARS-252.227-7014,DFARS-252.227-7014-P124,HAS_PROVISION
DFARS-252.227-7014-P124,DFARS-252.227-7014-P125,HAS_PROVISION
DFARS-252.227-7014-P124,DFARS-252.227-7014-P126,HAS_PROVISION
DFARS-252.227-7014-P124,DFARS-252.227-7014-P127,HAS_PROVISION
DFARS-SUBPART-252.2,DFARS-252.227-7015,HAS_SECTION
DFARS-252.227-7015,DFARS-252.227-7015-P1,HAS_PROVISION
DFARS-252.227-7015,DFARS-252.227-7015-P2,HAS_PROVISION
DFARS-252.227-7015-P2,DFARS-252.227-7015-P3,HAS_PROVISION
DFARS-252.227-7015-P2,DFARS-252.227-7015-P4,HAS_PROVISION
DFARS-252.227-7015,DFARS-252.227-7015-P5,HAS_PROVISION
DFARS-252.227-7015,DFARS-252.227-7015-P6,HAS_PROVISION
DFARS-252.227-7015,DFARS-252.227-7015-P7,HAS_PROVISION
DFARS-252.227-7015-P7,DFARS-252.227-7015-P8,HAS_PROVISION
DFARS-252.227-7015-P7,DFARS-252.227-7015-P9,HAS_PROVISION
DFARS-252.227-7015,DFARS-252.227-7015-P10,HAS_PROVISION
DFARS-252.227-7015-P10,DFARS-252.227-7015-P11,HAS_PROVISION
DFARS-252.227-7015-P11,DFARS-252.227-7015-P12,HAS_PROVISION
DFARS-252.227-7015-P11,DFARS-252.227-7015-P13,HAS_PROVISION
DFARS-252.227-7015-P11,DFARS-252.227-7015-P14,HAS_PROVISION
DFARS-252.227-7015-P11,DFARS-252.227-7015-P15,HAS_PROVISION
DFARS-252.227-7015-P11,DFARS-252.227-7015-P16,HAS_PROVISION
DFARS-252.227-7015-P10,DFARS-252.227-7015-P17,HAS_PROVISION
DFARS-252.227-7015-P17,DFARS-252.227-7015-P18,HAS_PROVISION
DFARS-252.227-7015-P17,DFARS-252.227-7015-P19,HAS_PROVISION
DFARS-252.227-7015-P10,DFARS-252.227-7015-P20,HAS_PROVISION
DFARS-252.227-7015-P20,DFARS-252.227-7015-P21,HAS_PROVISION
DFARS-252.227-7015-P20,DFARS-252.227-7015-P22,HAS_PROVISION
DFARS-252.227-7015-P20,DFARS-252.227-7015-P23,HAS_PROVISION
DFARS-252.227-7015-P20,DFARS-252.227-7015-P24,HAS_PROVISION
DFARS-252.227-7015,DFARS-252.227-7015-P25,HAS_PROVISION
DFARS-252.227-7015,DFARS-252.227-7015-P26,HAS_PROVISION
DFARS-252.227-7015,DFARS-252.227-7015-P27,HAS_PROVISION
DFARS-252.227-7015-P27,DFARS-252.227-7015-P28,HAS_PROVISION
DFARS-252.227-7015-P27,DFARS-252.227-7015-P29,HAS_PROVISION
DFARS-252.227-7015-P29,DFARS-252.227-7015-P30,HAS_PROVISION
DFARS-252.227-7015-P29,DFARS-252.227-7015-P31,HAS_PROVISION
DFARS-252.227-7015,DFARS-252.227-7015-P32,HAS_PROVISION
DFARS-SUBPART-252.2,DFARS-252.227-7016,HAS_SECTION
DFARS-252.227-7016,DFARS-252.227-7016-P1,HAS_PROVISION
DFARS-252.227-7016-P1,DFARS-252.227-7016-P2,HAS_PROVISION
DFARS-252.227-7016-P1,DFARS-252.227-7016-P3,HAS_PROVISION
DFARS-252.227-7016-P1,DFARS-252.227-7016-P4,HAS_PROVISION
DFARS-252.227-7016-P1,DFARS-252.227-7016-P5,HAS_PROVISION
DFARS-252.227-7016,DFARS-252.227-7016-P6,HAS_PROVISION
DFARS-252.227-7016-P6,DFARS-252.227-7016-P7,HAS_PROVISION
DFARS-252.227-7016-P6,DFARS-252.227-7016-P8,HAS_PROVISION
DFARS-252.227-7016,DFARS-252.227-7016-P9,HAS_PROVISION
DFARS-252.227-7016-P9,DFARS-252.227-7016-P10,HAS_PROVISION
DFARS-252.227-7016-P9,DFARS-252.227-7016-P11,HAS_PROVISION
DFARS-252.227-7016,DFARS-252.227-7016-P12,HAS_PROVISION
DFARS-252.227-7016,DFARS-252.227-7016-P13,HAS_PROVISION
DFARS-252.227-7016,DFARS-252.227-7016-P14,HAS_PROVISION
DFARS-SUBPART-252.2,DFARS-252.227-7017,HAS_SECTION
DFARS-252.227-7017,DFARS-252.227-7017-P1,HAS_PROVISION
DFARS-252.227-7017-P1,DFARS-252.227-7017-P2,HAS_PROVISION
DFARS-252.227-7017-P1,DFARS-252.227-7017-P3,HAS_PROVISION
DFARS-252.227-7017-P1,DFARS-252.227-7017-P4,HAS_PROVISION
DFARS-252.227-7017-P1,DFARS-252.227-7017-P5,HAS_PROVISION
DFARS-252.227-7017,DFARS-252.227-7017-P6,HAS_PROVISION
DFARS-252.227-7017,DFARS-252.227-7017-P7,HAS_PROVISION
DFARS-252.227-7017,DFARS-252.227-7017-P8,HAS_PROVISION
DFARS-252.227-7017,DFARS-252.227-7017-P9,HAS_PROVISION
DFARS-252.227-7017,DFARS-252.227-7017-P10,HAS_PROVISION
DFARS-SUBPART-252.2,DFARS-252.227-7018,HAS_SECTION
DFARS-252.227-7018,DFARS-252.227-7018-P1,HAS_PROVISION
DFARS-252.227-7018,DFARS-252.227-7018-P2,HAS_PROVISION
DFARS-252.227-7018-P2,DFARS-252.227-7018-P3,HAS_PROVISION
DFARS-252.227-7018-P2,DFARS-252.227-7018-P4,HAS_PROVISION
DFARS-252.227-7018-P2,DFARS-252.227-7018-P5,HAS_PROVISION
DFARS-252.227-7018-P2,DFARS-252.227-7018-P6,HAS_PROVISION
DFARS-252.227-7018,DFARS-252.227-7018-P7,HAS_PROVISION
DFARS-252.227-7018,DFARS-252.227-7018-P8,HAS_PROVISION
DFARS-252.227-7018,DFARS-252.227-7018-P9,HAS_PROVISION
DFARS-252.227-7018,DFARS-252.227-7018-P10,HAS_PROVISION
DFARS-252.227-7018,DFARS-252.227-7018-P11,HAS_PROVISION
DFARS-252.227-7018-P11,DFARS-252.227-7018-P12,HAS_PROVISION
DFARS-252.227-7018-P11,DFARS-252.227-7018-P13,HAS_PROVISION
DFARS-252.227-7018-P11,DFARS-252.227-7018-P14,HAS_PROVISION
DFARS-252.227-7018-P11,DFARS-252.227-7018-P15,HAS_PROVISION
DFARS-252.227-7018-P15,DFARS-252.227-7018-P16,HAS_PROVISION
DFARS-252.227-7018-P15,DFARS-252.227-7018-P17,HAS_PROVISION
DFARS-252.227-7018-P15,DFARS-252.227-7018-P18,HAS_PROVISION
DFARS-252.227-7018-P15,DFARS-252.227-7018-P19,HAS_PROVISION
DFARS-252.227-7018-P11,DFARS-252.227-7018-P20,HAS_PROVISION
DFARS-252.227-7018-P20,DFARS-252.227-7018-P21,HAS_PROVISION
DFARS-252.227-7018-P20,DFARS-252.227-7018-P22,HAS_PROVISION
DFARS-252.227-7018-P11,DFARS-252.227-7018-P23,HAS_PROVISION
DFARS-252.227-7018-P11,DFARS-252.227-7018-P24,HAS_PROVISION
DFARS-252.227-7018-P11,DFARS-252.227-7018-P25,HAS_PROVISION
DFARS-252.227-7018-P11,DFARS-252.227-7018-P26,HAS_PROVISION
DFARS-252.227-7018-P11,DFARS-252.227-7018-P27,HAS_PROVISION
DFARS-252.227-7018-P11,DFARS-252.227-7018-P28,HAS_PROVISION
DFARS-252.227-7018-P28,DFARS-252.227-7018-P29,HAS_PROVISION
DFARS-252.227-7018-P28,DFARS-252.227-7018-P30,HAS_PROVISION
DFARS-252.227-7018-P11,DFARS-252.227-7018-P31,HAS_PROVISION
DFARS-252.227-7018-P31,DFARS-252.227-7018-P32,HAS_PROVISION
DFARS-252.227-7018-P32,DFARS-252.227-7018-P33,HAS_PROVISION
DFARS-252.227-7018-P32,DFARS-252.227-7018-P34,HAS_PROVISION
DFARS-252.227-7018-P34,DFARS-252.227-7018-P35,HAS_PROVISION
DFARS-252.227-7018-P34,DFARS-252.227-7018-P36,HAS_PROVISION
DFARS-252.227-7018-P32,DFARS-252.227-7018-P37,HAS_PROVISION
DFARS-252.227-7018-P32,DFARS-252.227-7018-P38,HAS_PROVISION
DFARS-252.227-7018,DFARS-252.227-7018-P39,HAS_PROVISION
DFARS-252.227-7018,DFARS-252.227-7018-P40,HAS_PROVISION
DFARS-252.227-7018-P40,DFARS-252.227-7018-P41,HAS_PROVISION
DFARS-252.227-7018-P40,DFARS-252.227-7018-P42,HAS_PROVISION
DFARS-252.227-7018-P40,DFARS-252.227-7018-P43,HAS_PROVISION
DFARS-252.227-7018-P40,DFARS-252.227-7018-P44,HAS_PROVISION
DFARS-252.227-7018-P44,DFARS-252.227-7018-P45,HAS_PROVISION
DFARS-252.227-7018-P44,DFARS-252.227-7018-P46,HAS_PROVISION
DFARS-252.227-7018-P40,DFARS-252.227-7018-P47,HAS_PROVISION
DFARS-252.227-7018-P47,DFARS-252.227-7018-P48,HAS_PROVISION
DFARS-252.227-7018-P47,DFARS-252.227-7018-P49,HAS_PROVISION
DFARS-252.227-7018-P47,DFARS-252.227-7018-P50,HAS_PROVISION
DFARS-252.227-7018-P47,DFARS-252.227-7018-P51,HAS_PROVISION
DFARS-252.227-7018-P40,DFARS-252.227-7018-P52,HAS_PROVISION
DFARS-252.227-7018-P52,DFARS-252.227-7018-P53,HAS_PROVISION
DFARS-252.227-7018-P53,DFARS-252.227-7018-P54,HAS_PROVISION
DFARS-252.227-7018-P53,DFARS-252.227-7018-P55,HAS_PROVISION
DFARS-252.227-7018-P52,DFARS-252.227-7018-P56,HAS_PROVISION
DFARS-252.227-7018-P56,DFARS-252.227-7018-P57,HAS_PROVISION
DFARS-252.227-7018-P56,DFARS-252.227-7018-P58,HAS_PROVISION
DFARS-252.227-7018-P40,DFARS-252.227-7018-P59,HAS_PROVISION
DFARS-252.227-7018-P40,DFARS-252.227-7018-P60,HAS_PROVISION
DFARS-252.227-7018-P40,DFARS-252.227-7018-P61,HAS_PROVISION
DFARS-252.227-7018-P61,DFARS-252.227-7018-P62,HAS_PROVISION
DFARS-252.227-7018-P61,DFARS-252.227-7018-P63,HAS_PROVISION
DFARS-252.227-7018-P61,DFARS-252.227-7018-P64,HAS_PROVISION
DFARS-252.227-7018-P61,DFARS-252.227-7018-P65,HAS_PROVISION
DFARS-252.227-7018-P40,DFARS-252.227-7018-P66,HAS_PROVISION
DFARS-252.227-7018-P66,DFARS-252.227-7018-P67,HAS_PROVISION
DFARS-252.227-7018-P66,DFARS-252.227-7018-P68,HAS_PROVISION
DFARS-252.227-7018-P66,DFARS-252.227-7018-P69,HAS_PROVISION
DFARS-252.227-7018-P40,DFARS-252.227-7018-P70,HAS_PROVISION
DFARS-252.227-7018-P70,DFARS-252.227-7018-P71,HAS_PROVISION
DFARS-252.227-7018-P71,DFARS-252.227-7018-P72,HAS_PROVISION
DFARS-252.227-7018-P71,DFARS-252.227-7018-P73,HAS_PROVISION
DFARS-252.227-7018-P71,DFARS-252.227-7018-P74,HAS_PROVISION
DFARS-252.227-7018-P71,DFARS-252.227-7018-P75,HAS_PROVISION
DFARS-252.227-7018-P71,DFARS-252.227-7018-P76,HAS_PROVISION
DFARS-252.227-7018-P71,DFARS-252.227-7018-P77,HAS_PROVISION
DFARS-252.227-7018-P71,DFARS-252.227-7018-P78,HAS_PROVISION
DFARS-252.227-7018-P70,DFARS-252.227-7018-P79,HAS_PROVISION
DFARS-252.227-7018-P79,DFARS-252.227-7018-P80,HAS_PROVISION
DFARS-252.227-7018-P80,DFARS-252.227-7018-P81,HAS_PROVISION
DFARS-252.227-7018-P81,DFARS-252.227-7018-P82,HAS_PROVISION
DFARS-252.227-7018-P81,DFARS-252.227-7018-P83,HAS_PROVISION
DFARS-252.227-7018-P80,DFARS-252.227-7018-P84,HAS_PROVISION
DFARS-252.227-7018-P80,DFARS-252.227-7018-P85,HAS_PROVISION
DFARS-252.227-7018-P79,DFARS-252.227-7018-P86,HAS_PROVISION
DFARS-252.227-7018-P86,DFARS-252.227-7018-P87,HAS_PROVISION
DFARS-252.227-7018-P86,DFARS-252.227-7018-P88,HAS_PROVISION
DFARS-252.227-7018-P79,DFARS-252.227-7018-P89,HAS_PROVISION
DFARS-252.227-7018-P70,DFARS-252.227-7018-P90,HAS_PROVISION
DFARS-252.227-7018-P70,DFARS-252.227-7018-P91,HAS_PROVISION
DFARS-252.227-7018-P70,DFARS-252.227-7018-P92,HAS_PROVISION
DFARS-252.227-7018-P70,DFARS-252.227-7018-P93,HAS_PROVISION
DFARS-252.227-7018-P70,DFARS-252.227-7018-P94,HAS_PROVISION
DFARS-252.227-7018-P94,DFARS-252.227-7018-P95,HAS_PROVISION
DFARS-252.227-7018-P94,DFARS-252.227-7018-P96,HAS_PROVISION
DFARS-252.227-7018-P70,DFARS-252.227-7018-P97,HAS_PROVISION
DFARS-252.227-7018-P70,DFARS-252.227-7018-P98,HAS_PROVISION
DFARS-252.227-7018-P98,DFARS-252.227-7018-P99,HAS_PROVISION
DFARS-252.227-7018-P98,DFARS-252.227-7018-P100,HAS_PROVISION
DFARS-252.227-7018-P98,DFARS-252.227-7018-P101,HAS_PROVISION
DFARS-252.227-7018-P98,DFARS-252.227-7018-P102,HAS_PROVISION
DFARS-252.227-7018,DFARS-252.227-7018-P103,HAS_PROVISION
DFARS-252.227-7018,DFARS-252.227-7018-P104,HAS_PROVISION
DFARS-252.227-7018-P104,DFARS-252.227-7018-P105,HAS_PROVISION
DFARS-252.227-7018-P104,DFARS-252.227-7018-P106,HAS_PROVISION
DFARS-252.227-7018,DFARS-252.227-7018-P107,HAS_PROVISION
DFARS-252.227-7018-P107,DFARS-252.227-7018-P108,HAS_PROVISION
DFARS-252.227-7018-P107,DFARS-252.227-7018-P109,HAS_PROVISION
DFARS-252.227-7018-P107,DFARS-252.227-7018-P110,HAS_PROVISION
DFARS-252.227-7018-P107,DFARS-252.227-7018-P111,HAS_PROVISION
DFARS-252.227-7018,DFARS-252.227-7018-P112,HAS_PROVISION
DFARS-252.227-7018-P112,DFARS-252.227-7018-P113,HAS_PROVISION
DFARS-252.227-7018-P112,DFARS-252.227-7018-P114,HAS_PROVISION
DFARS-252.227-7018-P114,DFARS-252.227-7018-P115,HAS_PROVISION
DFARS-252.227-7018-P114,DFARS-252.227-7018-P116,HAS_PROVISION
DFARS-252.227-7018-P116,DFARS-252.227-7018-P117,HAS_PROVISION
DFARS-252.227-7018-P116,DFARS-252.227-7018-P118,HAS_PROVISION
DFARS-252.227-7018-P116,DFARS-252.227-7018-P119,HAS_PROVISION
DFARS-252.227-7018-P112,DFARS-252.227-7018-P120,HAS_PROVISION
DFARS-252.227-7018-P112,DFARS-252.227-7018-P121,HAS_PROVISION
DFARS-252.227-7018-P112,DFARS-252.227-7018-P122,HAS_PROVISION
DFARS-252.227-7018-P122,DFARS-252.227-7018-P123,HAS_PROVISION
DFARS-252.227-7018-P122,DFARS-252.227-7018-P124,HAS_PROVISION
DFARS-252.227-7018-P124,DFARS-252.227-7018-P125,HAS_PROVISION
DFARS-252.227-7018-P124,DFARS-252.227-7018-P126,HAS_PROVISION
DFARS-252.227-7018-P122,DFARS-252.227-7018-P127,HAS_PROVISION
DFARS-252.227-7018-P112,DFARS-252.227-7018-P128,HAS_PROVISION
DFARS-252.227-7018-P128,DFARS-252.227-7018-P129,HAS_PROVISION
DFARS-252.227-7018-P128,DFARS-252.227-7018-P130,HAS_PROVISION
DFARS-252.227-7018-P112,DFARS-252.227-7018-P131,HAS_PROVISION
DFARS-252.227-7018-P131,DFARS-252.227-7018-P132,HAS_PROVISION
DFARS-252.227-7018-P131,DFARS-252.227-7018-P133,HAS_PROVISION
DFARS-252.227-7018-P112,DFARS-252.227-7018-P134,HAS_PROVISION
DFARS-252.227-7018-P112,DFARS-252.227-7018-P135,HAS_PROVISION
DFARS-252.227-7018-P135,DFARS-252.227-7018-P136,HAS_PROVISION
DFARS-252.227-7018-P135,DFARS-252.227-7018-P137,HAS_PROVISION
DFARS-252.227-7018-P135,DFARS-252.227-7018-P138,HAS_PROVISION
DFARS-252.227-7018-P138,DFARS-252.227-7018-P139,HAS_PROVISION
DFARS-252.227-7018-P138,DFARS-252.227-7018-P140,HAS_PROVISION
DFARS-252.227-7018-P112,DFARS-252.227-7018-P141,HAS_PROVISION
DFARS-252.227-7018-P141,DFARS-252.227-7018-P142,HAS_PROVISION
DFARS-252.227-7018-P141,DFARS-252.227-7018-P143,HAS_PROVISION
DFARS-252.227-7018-P143,DFARS-252.227-7018-P144,HAS_PROVISION
DFARS-252.227-7018-P143,DFARS-252.227-7018-P145,HAS_PROVISION
DFARS-252.227-7018-P145,DFARS-252.227-7018-P146,HAS_PROVISION
DFARS-252.227-7018-P145,DFARS-252.227-7018-P147,HAS_PROVISION
DFARS-252.227-7018-P145,DFARS-252.227-7018-P148,HAS_PROVISION
DFARS-252.227-7018-P143,DFARS-252.227-7018-P149,HAS_PROVISION
DFARS-252.227-7018-P141,DFARS-252.227-7018-P150,HAS_PROVISION
DFARS-252.227-7018-P141,DFARS-252.227-7018-P151,HAS_PROVISION
DFARS-252.227-7018-P141,DFARS-252.227-7018-P152,HAS_PROVISION
DFARS-SUBPART-252.2,DFARS-252.227-7019,HAS_SECTION
DFARS-252.227-7019,DFARS-252.227-7019-P1,HAS_PROVISION
DFARS-252.227-7019,DFARS-252.227-7019-P2,HAS_PROVISION
DFARS-252.227-7019,DFARS-252.227-7019-P3,HAS_PROVISION
DFARS-252.227-7019,DFARS-252.227-7019-P4,HAS_PROVISION
DFARS-252.227-7019-P4,DFARS-252.227-7019-P5,HAS_PROVISION
DFARS-252.227-7019-P4,DFARS-252.227-7019-P6,HAS_PROVISION
DFARS-252.227-7019-P6,DFARS-252.227-7019-P7,HAS_PROVISION
DFARS-252.227-7019-P7,DFARS-252.227-7019-P8,HAS_PROVISION
DFARS-252.227-7019-P7,DFARS-252.227-7019-P9,HAS_PROVISION
DFARS-252.227-7019-P6,DFARS-252.227-7019-P10,HAS_PROVISION
DFARS-252.227-7019-P4,DFARS-252.227-7019-P11,HAS_PROVISION
DFARS-252.227-7019,DFARS-252.227-7019-P12,HAS_PROVISION
DFARS-252.227-7019-P12,DFARS-252.227-7019-P13,HAS_PROVISION
DFARS-252.227-7019-P13,DFARS-252.227-7019-P14,HAS_PROVISION
DFARS-252.227-7019,DFARS-252.227-7019-P15,HAS_PROVISION
DFARS-252.227-7019-P15,DFARS-252.227-7019-P16,HAS_PROVISION
DFARS-252.227-7019-P16,DFARS-252.227-7019-P17,HAS_PROVISION
DFARS-252.227-7019-P16,DFARS-252.227-7019-P18,HAS_PROVISION
DFARS-252.227-7019-P16,DFARS-252.227-7019-P19,HAS_PROVISION
DFARS-252.227-7019-P16,DFARS-252.227-7019-P20,HAS_PROVISION
DFARS-252.227-7019-P15,DFARS-252.227-7019-P21,HAS_PROVISION
DFARS-252.227-7019-P15,DFARS-252.227-7019-P22,HAS_PROVISION
DFARS-252.227-7019-P15,DFARS-252.227-7019-P23,HAS_PROVISION
DFARS-252.227-7019-P15,DFARS-252.227-7019-P24,HAS_PROVISION
DFARS-252.227-7019-P15,DFARS-252.227-7019-P25,HAS_PROVISION
DFARS-252.227-7019-P25,DFARS-252.227-7019-P26,HAS_PROVISION
DFARS-252.227-7019-P25,DFARS-252.227-7019-P27,HAS_PROVISION
DFARS-252.227-7019-P15,DFARS-252.227-7019-P28,HAS_PROVISION
DFARS-252.227-7019,DFARS-252.227-7019-P29,HAS_PROVISION
DFARS-252.227-7019-P29,DFARS-252.227-7019-P30,HAS_PROVISION
DFARS-252.227-7019-P30,DFARS-252.227-7019-P31,HAS_PROVISION
DFARS-252.227-7019-P30,DFARS-252.227-7019-P32,HAS_PROVISION
DFARS-252.227-7019-P30,DFARS-252.227-7019-P33,HAS_PROVISION
DFARS-252.227-7019-P33,DFARS-252.227-7019-P34,HAS_PROVISION
DFARS-252.227-7019-P33,DFARS-252.227-7019-P35,HAS_PROVISION
DFARS-252.227-7019-P29,DFARS-252.227-7019-P36,HAS_PROVISION
DFARS-252.227-7019-P36,DFARS-252.227-7019-P37,HAS_PROVISION
DFARS-252.227-7019-P36,DFARS-252.227-7019-P38,HAS_PROVISION
DFARS-252.227-7019-P36,DFARS-252.227-7019-P39,HAS_PROVISION
DFARS-252.227-7019-P39,DFARS-252.227-7019-P40,HAS_PROVISION
DFARS-252.227-7019-P39,DFARS-252.227-7019-P41,HAS_PROVISION
DFARS-252.227-7019-P36,DFARS-252.227-7019-P42,HAS_PROVISION
DFARS-252.227-7019,DFARS-252.227-7019-P43,HAS_PROVISION
DFARS-252.227-7019-P43,DFARS-252.227-7019-P44,HAS_PROVISION
DFARS-252.227-7019-P44,DFARS-252.227-7019-P45,HAS_PROVISION
DFARS-252.227-7019-P44,DFARS-252.227-7019-P46,HAS_PROVISION
DFARS-252.227-7019-P43,DFARS-252.227-7019-P47,HAS_PROVISION
DFARS-252.227-7019-P47,DFARS-252.227-7019-P48,HAS_PROVISION
DFARS-252.227-7019-P47,DFARS-252.227-7019-P49,HAS_PROVISION
DFARS-252.227-7019-P47,DFARS-252.227-7019-P50,HAS_PROVISION
DFARS-SUBPART-252.2,DFARS-252.227-7020,HAS_SECTION
DFARS-252.227-7020,DFARS-252.227-7020-P1,HAS_PROVISION
DFARS-252.227-7020,DFARS-252.227-7020-P2,HAS_PROVISION
DFARS-252.227-7020-P2,DFARS-252.227-7020-P3,HAS_PROVISION
DFARS-252.227-7020-P2,DFARS-252.227-7020-P4,HAS_PROVISION
DFARS-252.227-7020-P4,DFARS-252.227-7020-P5,HAS_PROVISION
DFARS-252.227-7020-P4,DFARS-252.227-7020-P6,HAS_PROVISION
DFARS-252.227-7020-P4,DFARS-252.227-7020-P7,HAS_PROVISION
DFARS-252.227-7020-P4,DFARS-252.227-7020-P8,HAS_PROVISION
DFARS-252.227-7020-P2,DFARS-252.227-7020-P9,HAS_PROVISION
DFARS-252.227-7020-P9,DFARS-252.227-7020-P10,HAS_PROVISION
DFARS-252.227-7020-P9,DFARS-252.227-7020-P11,HAS_PROVISION
DFARS-252.227-7020-P9,DFARS-252.227-7020-P12,HAS_PROVISION
DFARS-252.227-7020-P2,DFARS-252.227-7020-P13,HAS_PROVISION
DFARS-252.227-7020-P13,DFARS-252.227-7020-P14,HAS_PROVISION
DFARS-252.227-7020-P13,DFARS-252.227-7020-P15,HAS_PROVISION
DFARS-252.227-7020-P2,DFARS-252.227-7020-P16,HAS_PROVISION
DFARS-252.227-7020-P2,DFARS-252.227-7020-P17,HAS_PROVISION
DFARS-SUBPART-252.2,DFARS-252.227-7021,HAS_SECTION
DFARS-252.227-7021,DFARS-252.227-7021-P1,HAS_PROVISION
DFARS-252.227-7021,DFARS-252.227-7021-P2,HAS_PROVISION
DFARS-252.227-7021,DFARS-252.227-7021-P3,HAS_PROVISION
DFARS-SUBPART-252.2,DFARS-252.227-7022,HAS_SECTION
DFARS-SUBPART-252.2,DFARS-252.227-7023,HAS_SECTION
DFARS-SUBPART-252.2,DFARS-252.227-7024,HAS_SECTION
DFARS-SUBPART-252.2,DFARS-252.227-7025,HAS_SECTION
DFARS-252.227-7025,DFARS-252.227-7025-P1,HAS_PROVISION
DFARS-252.227-7025,DFARS-252.227-7025-P2,HAS_PROVISION
DFARS-252.227-7025-P2,DFARS-252.227-7025-P3,HAS_PROVISION
DFARS-252.227-7025-P2,DFARS-252.227-7025-P4,HAS_PROVISION
DFARS-252.227-7025,DFARS-252.227-7025-P5,HAS_PROVISION
DFARS-252.227-7025-P5,DFARS-252.227-7025-P6,HAS_PROVISION
DFARS-252.227-7025-P6,DFARS-252.227-7025-P7,HAS_PROVISION
DFARS-252.227-7025-P6,DFARS-252.227-7025-P8,HAS_PROVISION
DFARS-252.227-7025-P5,DFARS-252.227-7025-P9,HAS_PROVISION
DFARS-252.227-7025-P5,DFARS-252.227-7025-P10,HAS_PROVISION
DFARS-252.227-7025-P10,DFARS-252.227-7025-P11,HAS_PROVISION
DFARS-252.227-7025-P10,DFARS-252.227-7025-P12,HAS_PROVISION
DFARS-252.227-7025-P5,DFARS-252.227-7025-P13,HAS_PROVISION
DFARS-252.227-7025-P13,DFARS-252.227-7025-P14,HAS_PROVISION
DFARS-252.227-7025-P13,DFARS-252.227-7025-P15,HAS_PROVISION
DFARS-252.227-7025-P5,DFARS-252.227-7025-P16,HAS_PROVISION
DFARS-252.227-7025-P16,DFARS-252.227-7025-P17,HAS_PROVISION
DFARS-252.227-7025-P16,DFARS-252.227-7025-P18,HAS_PROVISION
DFARS-252.227-7025-P16,DFARS-252.227-7025-P19,HAS_PROVISION
DFARS-252.227-7025-P16,DFARS-252.227-7025-P20,HAS_PROVISION
DFARS-252.227-7025-P16,DFARS-252.227-7025-P21,HAS_PROVISION
DFARS-252.227-7025-P21,DFARS-252.227-7025-P22,HAS_PROVISION
DFARS-252.227-7025-P21,DFARS-252.227-7025-P23,HAS_PROVISION
DFARS-252.227-7025,DFARS-252.227-7025-P24,HAS_PROVISION
DFARS-252.227-7025-P24,DFARS-252.227-7025-P25,HAS_PROVISION
DFARS-252.227-7025-P24,DFARS-252.227-7025-P26,HAS_PROVISION
DFARS-252.227-7025,DFARS-252.227-7025-P27,HAS_PROVISION
DFARS-SUBPART-252.2,DFARS-252.227-7026,HAS_SECTION
DFARS-SUBPART-252.2,DFARS-252.227-7027,HAS_SECTION
DFARS-SUBPART-252.2,DFARS-252.227-7028,HAS_SECTION
DFARS-252.227-7028,DFARS-252.227-7028-P1,HAS_PROVISION
DFARS-252.227-7028,DFARS-252.227-7028-P2,HAS_PROVISION
DFARS-252.227-7028,DFARS-252.227-7028-P3,HAS_PROVISION
DFARS-SUBPART-252.2,DFARS-252.227-7029,HAS_SECTION
DFARS-SUBPART-252.2,DFARS-252.227-7030,HAS_SECTION
DFARS-252.227-7030,DFARS-252.227-7030-P1,HAS_PROVISION
DFARS-252.227-7030,DFARS-252.227-7030-P2,HAS_PROVISION
DFARS-SUBPART-252.2,DFARS-252.227-7031,HAS_SECTION
DFARS-SUBPART-252.2,DFARS-252.227-7032,HAS_SECTION
DFARS-SUBPART-252.2,DFARS-252.227-7033,HAS_SECTION
DFARS-252.227-7033,DFARS-252.227-7033-P1,HAS_PROVISION
DFARS-252.227-7033,DFARS-252.227-7033-P2,HAS_PROVISION
DFARS-SUBPART-252.2,DFARS-252.227-7034,HAS_SECTION
DFARS-SUBPART-252.2,DFARS-252.227-7035,HAS_SECTION
DFARS-SUBPART-252.2,DFARS-252.227-7036,HAS_SECTION
DFARS-SUBPART-252.2,DFARS-252.227-7037,HAS_SECTION
DFARS-252.227-7037,DFARS-252.227-7037-P1,HAS_PROVISION
DFARS-252.227-7037,DFARS-252.227-7037-P2,HAS_PROVISION
DFARS-252.227-7037,DFARS-252.227-7037-P3,HAS_PROVISION
DFARS-252.227-7037,DFARS-252.227-7037-P4,HAS_PROVISION
DFARS-252.227-7037-P4,DFARS-252.227-7037-P5,HAS_PROVISION
DFARS-252.227-7037-P4,DFARS-252.227-7037-P6,HAS_PROVISION
DFARS-252.227-7037-P4,DFARS-252.227-7037-P7,HAS_PROVISION
DFARS-252.227-7037,DFARS-252.227-7037-P8,HAS_PROVISION
DFARS-252.227-7037-P8,DFARS-252.227-7037-P9,HAS_PROVISION
DFARS-252.227-7037-P9,DFARS-252.227-7037-P10,HAS_PROVISION
DFARS-252.227-7037-P9,DFARS-252.227-7037-P11,HAS_PROVISION
DFARS-252.227-7037-P9,DFARS-252.227-7037-P12,HAS_PROVISION
DFARS-252.227-7037-P9,DFARS-252.227-7037-P13,HAS_PROVISION
DFARS-252.227-7037-P8,DFARS-252.227-7037-P14,HAS_PROVISION
DFARS-252.227-7037-P8,DFARS-252.227-7037-P15,HAS_PROVISION
DFARS-252.227-7037-P8,DFARS-252.227-7037-P16,HAS_PROVISION
DFARS-252.227-7037,DFARS-252.227-7037-P17,HAS_PROVISION
DFARS-252.227-7037-P17,DFARS-252.227-7037-P18,HAS_PROVISION
DFARS-252.227-7037-P18,DFARS-252.227-7037-P19,HAS_PROVISION
DFARS-252.227-7037-P19,DFARS-252.227-7037-P20,HAS_PROVISION
DFARS-252.227-7037-P19,DFARS-252.227-7037-P21,HAS_PROVISION
DFARS-252.227-7037-P19,DFARS-252.227-7037-P22,HAS_PROVISION
DFARS-252.227-7037-P17,DFARS-252.227-7037-P23,HAS_PROVISION
DFARS-252.227-7037-P23,DFARS-252.227-7037-P24,HAS_PROVISION
DFARS-252.227-7037-P24,DFARS-252.227-7037-P25,HAS_PROVISION
DFARS-252.227-7037-P24,DFARS-252.227-7037-P26,HAS_PROVISION
DFARS-252.227-7037-P23,DFARS-252.227-7037-P27,HAS_PROVISION
DFARS-252.227-7037-P27,DFARS-252.227-7037-P28,HAS_PROVISION
DFARS-252.227-7037-P27,DFARS-252.227-7037-P29,HAS_PROVISION
DFARS-252.227-7037,DFARS-252.227-7037-P30,HAS_PROVISION
DFARS-252.227-7037-P30,DFARS-252.227-7037-P31,HAS_PROVISION
DFARS-252.227-7037-P31,DFARS-252.227-7037-P32,HAS_PROVISION
DFARS-252.227-7037-P31,DFARS-252.227-7037-P33,HAS_PROVISION
DFARS-252.227-7037-P31,DFARS-252.227-7037-P34,HAS_PROVISION
DFARS-252.227-7037-P31,DFARS-252.227-7037-P35,HAS_PROVISION
DFARS-252.227-7037-P30,DFARS-252.227-7037-P36,HAS_PROVISION
DFARS-252.227-7037,DFARS-252.227-7037-P37,HAS_PROVISION
DFARS-252.227-7037,DFARS-252.227-7037-P38,HAS_PROVISION
DFARS-252.227-7037,DFARS-252.227-7037-P39,HAS_PROVISION
DFARS-SUBPART-252.2,DFARS-252.227-7038,HAS_SECTION
DFARS-252.227-7038,DFARS-252.227-7038-P1,HAS_PROVISION
DFARS-252.227-7038,DFARS-252.227-7038-P2,HAS_PROVISION
DFARS-252.227-7038-P2,DFARS-252.227-7038-P3,HAS_PROVISION
DFARS-252.227-7038-P2,DFARS-252.227-7038-P4,HAS_PROVISION
DFARS-252.227-7038-P2,DFARS-252.227-7038-P5,HAS_PROVISION
DFARS-252.227-7038-P2,DFARS-252.227-7038-P6,HAS_PROVISION
DFARS-252.227-7038,DFARS-252.227-7038-P7,HAS_PROVISION
DFARS-252.227-7038-P7,DFARS-252.227-7038-P8,HAS_PROVISION
DFARS-252.227-7038-P7,DFARS-252.227-7038-P9,HAS_PROVISION
DFARS-252.227-7038-P7,DFARS-252.227-7038-P10,HAS_PROVISION
DFARS-252.227-7038,DFARS-252.227-7038-P11,HAS_PROVISION
DFARS-252.227-7038-P11,DFARS-252.227-7038-P12,HAS_PROVISION
DFARS-252.227-7038-P11,DFARS-252.227-7038-P13,HAS_PROVISION
DFARS-252.227-7038-P11,DFARS-252.227-7038-P14,HAS_PROVISION
DFARS-252.227-7038-P14,DFARS-252.227-7038-P15,HAS_PROVISION
DFARS-252.227-7038-P14,DFARS-252.227-7038-P16,HAS_PROVISION
DFARS-252.227-7038-P11,DFARS-252.227-7038-P17,HAS_PROVISION
DFARS-252.227-7038-P11,DFARS-252.227-7038-P18,HAS_PROVISION
DFARS-252.227-7038-P18,DFARS-252.227-7038-P19,HAS_PROVISION
DFARS-252.227-7038-P18,DFARS-252.227-7038-P20,HAS_PROVISION
DFARS-252.227-7038-P20,DFARS-252.227-7038-P21,HAS_PROVISION
DFARS-252.227-7038-P21,DFARS-252.227-7038-P22,HAS_PROVISION
DFARS-252.227-7038-P21,DFARS-252.227-7038-P23,HAS_PROVISION
DFARS-252.227-7038-P21,DFARS-252.227-7038-P24,HAS_PROVISION
DFARS-252.227-7038-P20,DFARS-252.227-7038-P25,HAS_PROVISION
DFARS-252.227-7038-P25,DFARS-252.227-7038-P26,HAS_PROVISION
DFARS-252.227-7038-P25,DFARS-252.227-7038-P27,HAS_PROVISION
DFARS-252.227-7038-P25,DFARS-252.227-7038-P28,HAS_PROVISION
DFARS-252.227-7038-P20,DFARS-252.227-7038-P29,HAS_PROVISION
DFARS-252.227-7038-P29,DFARS-252.227-7038-P30,HAS_PROVISION
DFARS-252.227-7038-P29,DFARS-252.227-7038-P31,HAS_PROVISION
DFARS-252.227-7038-P20,DFARS-252.227-7038-P32,HAS_PROVISION
DFARS-252.227-7038-P11,DFARS-252.227-7038-P33,HAS_PROVISION
DFARS-252.227-7038-P33,DFARS-252.227-7038-P34,HAS_PROVISION
DFARS-252.227-7038-P34,DFARS-252.227-7038-P35,HAS_PROVISION
DFARS-252.227-7038-P34,DFARS-252.227-7038-P36,HAS_PROVISION
DFARS-252.227-7038-P36,DFARS-252.227-7038-P37,HAS_PROVISION
DFARS-252.227-7038-P36,DFARS-252.227-7038-P38,HAS_PROVISION
DFARS-252.227-7038-P36,DFARS-252.227-7038-P39,HAS_PROVISION
DFARS-252.227-7038-P34,DFARS-252.227-7038-P40,HAS_PROVISION
DFARS-252.227-7038-P33,DFARS-252.227-7038-P41,HAS_PROVISION
DFARS-252.227-7038-P33,DFARS-252.227-7038-P42,HAS_PROVISION
DFARS-252.227-7038-P42,DFARS-252.227-7038-P43,HAS_PROVISION
DFARS-252.227-7038-P42,DFARS-252.227-7038-P44,HAS_PROVISION
DFARS-252.227-7038-P42,DFARS-252.227-7038-P45,HAS_PROVISION
DFARS-252.227-7038-P42,DFARS-252.227-7038-P46,HAS_PROVISION
DFARS-252.227-7038,DFARS-252.227-7038-P47,HAS_PROVISION
DFARS-252.227-7038-P47,DFARS-252.227-7038-P48,HAS_PROVISION
DFARS-252.227-7038-P48,DFARS-252.227-7038-P49,HAS_PROVISION
DFARS-252.227-7038-P49,DFARS-252.227-7038-P50,HAS_PROVISION
DFARS-252.227-7038-P49,DFARS-252.227-7038-P51,HAS_PROVISION
DFARS-252.227-7038-P49,DFARS-252.227-7038-P52,HAS_PROVISION
DFARS-252.227-7038,DFARS-252.227-7038-P53,HAS_PROVISION
DFARS-252.227-7038-P53,DFARS-252.227-7038-P54,HAS_PROVISION
DFARS-252.227-7038-P53,DFARS-252.227-7038-P55,HAS_PROVISION
DFARS-252.227-7038-P53,DFARS-252.227-7038-P56,HAS_PROVISION
DFARS-252.227-7038-P56,DFARS-252.227-7038-P57,HAS_PROVISION
DFARS-252.227-7038-P57,DFARS-252.227-7038-P58,HAS_PROVISION
DFARS-252.227-7038-P57,DFARS-252.227-7038-P59,HAS_PROVISION
DFARS-252.227-7038-P56,DFARS-252.227-7038-P60,HAS_PROVISION
DFARS-252.227-7038-P60,DFARS-252.227-7038-P61,HAS_PROVISION
DFARS-252.227-7038-P61,DFARS-252.227-7038-P62,HAS_PROVISION
DFARS-252.227-7038-P61,DFARS-252.227-7038-P63,HAS_PROVISION
DFARS-252.227-7038-P60,DFARS-252.227-7038-P64,HAS_PROVISION
DFARS-252.227-7038-P60,DFARS-252.227-7038-P65,HAS_PROVISION
DFARS-252.227-7038-P56,DFARS-252.227-7038-P66,HAS_PROVISION
DFARS-252.227-7038-P56,DFARS-252.227-7038-P67,HAS_PROVISION
DFARS-252.227-7038-P56,DFARS-252.227-7038-P68,HAS_PROVISION
DFARS-252.227-7038-P68,DFARS-252.227-7038-P69,HAS_PROVISION
DFARS-252.227-7038-P68,DFARS-252.227-7038-P70,HAS_PROVISION
DFARS-252.227-7038-P70,DFARS-252.227-7038-P71,HAS_PROVISION
DFARS-252.227-7038-P70,DFARS-252.227-7038-P72,HAS_PROVISION
DFARS-252.227-7038-P68,DFARS-252.227-7038-P73,HAS_PROVISION
DFARS-252.227-7038-P56,DFARS-252.227-7038-P74,HAS_PROVISION
DFARS-252.227-7038-P74,DFARS-252.227-7038-P75,HAS_PROVISION
DFARS-252.227-7038-P74,DFARS-252.227-7038-P76,HAS_PROVISION
DFARS-252.227-7038-P74,DFARS-252.227-7038-P77,HAS_PROVISION
DFARS-252.227-7038-P56,DFARS-252.227-7038-P78,HAS_PROVISION
DFARS-252.227-7038-P78,DFARS-252.227-7038-P79,HAS_PROVISION
DFARS-252.227-7038-P78,DFARS-252.227-7038-P80,HAS_PROVISION
DFARS-252.227-7038-P80,DFARS-252.227-7038-P81,HAS_PROVISION
DFARS-252.227-7038-P80,DFARS-252.227-7038-P82,HAS_PROVISION
DFARS-252.227-7038-P80,DFARS-252.227-7038-P83,HAS_PROVISION
DFARS-252.227-7038-P80,DFARS-252.227-7038-P84,HAS_PROVISION
DFARS-252.227-7038-P78,DFARS-252.227-7038-P85,HAS_PROVISION
DFARS-252.227-7038-P56,DFARS-252.227-7038-P86,HAS_PROVISION
DFARS-252.227-7038-P86,DFARS-252.227-7038-P87,HAS_PROVISION
DFARS-252.227-7038-P86,DFARS-252.227-7038-P88,HAS_PROVISION
DFARS-252.227-7038-P56,DFARS-252.227-7038-P89,HAS_PROVISION
DFARS-252.227-7038-P89,DFARS-252.227-7038-P90,HAS_PROVISION
DFARS-252.227-7038-P89,DFARS-252.227-7038-P91,HAS_PROVISION
DFARS-252.227-7038-P89,DFARS-252.227-7038-P92,HAS_PROVISION
DFARS-252.227-7038-P89,DFARS-252.227-7038-P93,HAS_PROVISION
DFARS-252.227-7038-P56,DFARS-252.227-7038-P94,HAS_PROVISION
DFARS-252.227-7038-P53,DFARS-252.227-7038-P95,HAS_PROVISION
DFARS-252.227-7038-P95,DFARS-252.227-7038-P96,HAS_PROVISION
DFARS-252.227-7038-P96,DFARS-252.227-7038-P97,HAS_PROVISION
DFARS-252.227-7038-P96,DFARS-252.227-7038-P98,HAS_PROVISION
DFARS-252.227-7038-P96,DFARS-252.227-7038-P99,HAS_PROVISION
DFARS-252.227-7038-P95,DFARS-252.227-7038-P100,HAS_PROVISION
DFARS-252.227-7038-P53,DFARS-252.227-7038-P101,HAS_PROVISION
DFARS-252.227-7038-P101,DFARS-252.227-7038-P102,HAS_PROVISION
DFARS-252.227-7038-P101,DFARS-252.227-7038-P103,HAS_PROVISION
DFARS-252.227-7038-P53,DFARS-252.227-7038-P104,HAS_PROVISION
DFARS-252.227-7038-P104,DFARS-252.227-7038-P105,HAS_PROVISION
DFARS-252.227-7038-P53,DFARS-252.227-7038-P106,HAS_PROVISION
DFARS-252.227-7038-P106,DFARS-252.227-7038-P107,HAS_PROVISION
DFARS-252.227-7038-P107,DFARS-252.227-7038-P108,HAS_PROVISION
DFARS-252.227-7038-P107,DFARS-252.227-7038-P109,HAS_PROVISION
DFARS-252.227-7038-P107,DFARS-252.227-7038-P110,HAS_PROVISION
DFARS-252.227-7038-P106,DFARS-252.227-7038-P111,HAS_PROVISION
DFARS-252.227-7038-P106,DFARS-252.227-7038-P112,HAS_PROVISION
DFARS-252.227-7038-P53,DFARS-252.227-7038-P113,HAS_PROVISION
DFARS-252.227-7038-P113,DFARS-252.227-7038-P114,HAS_PROVISION
DFARS-252.227-7038-P114,DFARS-252.227-7038-P115,HAS_PROVISION
DFARS-252.227-7038-P114,DFARS-252.227-7038-P116,HAS_PROVISION
DFARS-252.227-7038-P114,DFARS-252.227-7038-P117,HAS_PROVISION
DFARS-252.227-7038-P114,DFARS-252.227-7038-P118,HAS_PROVISION
DFARS-252.227-7038-P113,DFARS-252.227-7038-P119,HAS_PROVISION
DFARS-252.227-7038-P113,DFARS-252.227-7038-P120,HAS_PROVISION
DFARS-252.227-7038-P120,DFARS-252.227-7038-P121,HAS_PROVISION
DFARS-252.227-7038-P120,DFARS-252.227-7038-P122,HAS_PROVISION
DFARS-252.227-7038-P120,DFARS-252.227-7038-P123,HAS_PROVISION
DFARS-252.227-7038-P113,DFARS-252.227-7038-P124,HAS_PROVISION
DFARS-252.227-7038-P53,DFARS-252.227-7038-P125,HAS_PROVISION
DFARS-252.227-7038-P125,DFARS-252.227-7038-P126,HAS_PROVISION
DFARS-252.227-7038-P126,DFARS-252.227-7038-P127,HAS_PROVISION
DFARS-252.227-7038-P126,DFARS-252.227-7038-P128,HAS_PROVISION
DFARS-252.227-7038-P125,DFARS-252.227-7038-P129,HAS_PROVISION
DFARS-252.227-7038-P129,DFARS-252.227-7038-P130,HAS_PROVISION
DFARS-252.227-7038-P129,DFARS-252.227-7038-P131,HAS_PROVISION
DFARS-252.227-7038-P129,DFARS-252.227-7038-P132,HAS_PROVISION
DFARS-252.227-7038-P129,DFARS-252.227-7038-P133,HAS_PROVISION
DFARS-252.227-7038-P133,DFARS-252.227-7038-P134,HAS_PROVISION
DFARS-252.227-7038-P133,DFARS-252.227-7038-P135,HAS_PROVISION
DFARS-SUBPART-252.2,DFARS-252.227-7039,HAS_SECTION
DFARS-252.227-7039,DFARS-252.227-7039-P1,HAS_PROVISION
DFARS-252.227-7039,DFARS-252.227-7039-P2,HAS_PROVISION
DFARS-252.227-7039,DFARS-252.227-7039-P3,HAS_PROVISION
DFARS-252.227-7039,DFARS-252.227-7039-P4,HAS_PROVISION
DFARS-SUBPART-252.2,DFARS-252.227-7040,HAS_SECTION
DFARS-252.227-7040,DFARS-252.227-7040-P1,HAS_PROVISION
DFARS-252.227-7040,DFARS-252.227-7040-P2,HAS_PROVISION
DFARS-252.227-7040-P2,DFARS-252.227-7040-P3,HAS_PROVISION
DFARS-252.227-7040-P3,DFARS-252.227-7040-P4,HAS_PROVISION
DFARS-252.227-7040-P3,DFARS-252.227-7040-P5,HAS_PROVISION
DFARS-252.227-7040-P3,DFARS-252.227-7040-P6,HAS_PROVISION
DFARS-252.227-7040-P2,DFARS-252.227-7040-P7,HAS_PROVISION
DFARS-252.227-7040-P7,DFARS-252.227-7040-P8,HAS_PROVISION
DFARS-252.227-7040-P7,DFARS-252.227-7040-P9,HAS_PROVISION
DFARS-252.227-7040,DFARS-252.227-7040-P10,HAS_PROVISION
DFARS-252.227-7040,DFARS-252.227-7040-P11,HAS_PROVISION
DFARS-252.227-7040,DFARS-252.227-7040-P12,HAS_PROVISION
DFARS-SUBPART-252.2,DFARS-252.227-7041,HAS_SECTION
DFARS-252.227-7041,DFARS-252.227-7041-P1,HAS_PROVISION
DFARS-252.227-7041,DFARS-252.227-7041-P2,HAS_PROVISION
DFARS-252.227-7041-P2,DFARS-252.227-7041-P3,HAS_PROVISION
DFARS-252.227-7041-P2,DFARS-252.227-7041-P4,HAS_PROVISION
DFARS-252.227-7041-P2,DFARS-252.227-7041-P5,HAS_PROVISION
DFARS-252.227-7041-P5,DFARS-252.227-7041-P6,HAS_PROVISION
DFARS-252.227-7041-P5,DFARS-252.227-7041-P7,HAS_PROVISION
DFARS-252.227-7041,DFARS-252.227-7041-P8,HAS_PROVISION
DFARS-252.227-7041,DFARS-252.227-7041-P9,HAS_PROVISION
DFARS-252.227-7041-P9,DFARS-252.227-7041-P10,HAS_PROVISION
DFARS-252.227-7041-P9,DFARS-252.227-7041-P11,HAS_PROVISION
DFARS-252.227-7041,DFARS-252.227-7041-P12,HAS_PROVISION
DFARS-252.227-7041-P12,DFARS-252.227-7041-P13,HAS_PROVISION
DFARS-252.227-7041-P12,DFARS-252.227-7041-P14,HAS_PROVISION
DFARS-252.227-7041-P12,DFARS-252.227-7041-P15,HAS_PROVISION
DFARS-252.227-7041-P15,DFARS-252.227-7041-P16,HAS_PROVISION
DFARS-252.227-7041-P15,DFARS-252.227-7041-P17,HAS_PROVISION
DFARS-252.227-7041-P12,DFARS-252.227-7041-P18,HAS_PROVISION
DFARS-252.227-7041,DFARS-252.227-7041-P19,HAS_PROVISION
DFARS-SUBPART-252.2,DFARS-252.228-7000,HAS_SECTION
DFARS-252.228-7000,DFARS-252.228-7000-P1,HAS_PROVISION
DFARS-252.228-7000-P1,DFARS-252.228-7000-P2,HAS_PROVISION
DFARS-252.228-7000-P1,DFARS-252.228-7000-P3,HAS_PROVISION
DFARS-252.228-7000-P1,DFARS-252.228-7000-P4,HAS_PROVISION
DFARS-252.228-7000-P4,DFARS-252.228-7000-P5,HAS_PROVISION
DFARS-252.228-7000-P4,DFARS-252.228-7000-P6,HAS_PROVISION
DFARS-252.228-7000,DFARS-252.228-7000-P7,HAS_PROVISION
DFARS-252.228-7000,DFARS-252.228-7000-P8,HAS_PROVISION
DFARS-252.228-7000,DFARS-252.228-7000-P9,HAS_PROVISION
DFARS-252.228-7000-P9,DFARS-252.228-7000-P10,HAS_PROVISION
DFARS-252.228-7000-P9,DFARS-252.228-7000-P11,HAS_PROVISION
DFARS-252.228-7000-P9,DFARS-252.228-7000-P12,HAS_PROVISION
DFARS-SUBPART-252.2,DFARS-252.228-7001,HAS_SECTION
DFARS-252.228-7001,DFARS-252.228-7001-P1,HAS_PROVISION
DFARS-252.228-7001,DFARS-252.228-7001-P2,HAS_PROVISION
DFARS-252.228-7001,DFARS-252.228-7001-P3,HAS_PROVISION
DFARS-252.228-7001-P3,DFARS-252.228-7001-P4,HAS_PROVISION
DFARS-252.228-7001-P3,DFARS-252.228-7001-P5,HAS_PROVISION
DFARS-252.228-7001-P3,DFARS-252.228-7001-P6,HAS_PROVISION
DFARS-252.228-7001,DFARS-252.228-7001-P7,HAS_PROVISION
DFARS-252.228-7001,DFARS-252.228-7001-P8,HAS_PROVISION
DFARS-252.228-7001-P8,DFARS-252.228-7001-P9,HAS_PROVISION
DFARS-252.228-7001-P8,DFARS-252.228-7001-P10,HAS_PROVISION
DFARS-252.228-7001-P10,DFARS-252.228-7001-P11,HAS_PROVISION
DFARS-252.228-7001-P10,DFARS-252.228-7001-P12,HAS_PROVISION
DFARS-252.228-7001-P8,DFARS-252.228-7001-P13,HAS_PROVISION
DFARS-252.228-7001-P8,DFARS-252.228-7001-P14,HAS_PROVISION
DFARS-252.228-7001,DFARS-252.228-7001-P15,HAS_PROVISION
DFARS-252.228-7001,DFARS-252.228-7001-P16,HAS_PROVISION
DFARS-252.228-7001,DFARS-252.228-7001-P17,HAS_PROVISION
DFARS-252.228-7001,DFARS-252.228-7001-P18,HAS_PROVISION
DFARS-252.228-7001,DFARS-252.228-7001-P19,HAS_PROVISION
DFARS-252.228-7001-P19,DFARS-252.228-7001-P20,HAS_PROVISION
DFARS-252.228-7001-P19,DFARS-252.228-7001-P21,HAS_PROVISION
DFARS-252.228-7001-P19,DFARS-252.228-7001-P22,HAS_PROVISION
DFARS-252.228-7001-P19,DFARS-252.228-7001-P23,HAS_PROVISION
DFARS-252.228-7001-P23,DFARS-252.228-7001-P24,HAS_PROVISION
DFARS-252.228-7001-P23,DFARS-252.228-7001-P25,HAS_PROVISION
DFARS-252.228-7001,DFARS-252.228-7001-P26,HAS_PROVISION
DFARS-252.228-7001-P26,DFARS-252.228-7001-P27,HAS_PROVISION
DFARS-252.228-7001-P26,DFARS-252.228-7001-P28,HAS_PROVISION
DFARS-252.228-7001-P26,DFARS-252.228-7001-P29,HAS_PROVISION
DFARS-252.228-7001-P26,DFARS-252.228-7001-P30,HAS_PROVISION
DFARS-252.228-7001-P26,DFARS-252.228-7001-P31,HAS_PROVISION
DFARS-252.228-7001-P26,DFARS-252.228-7001-P32,HAS_PROVISION
DFARS-252.228-7001,DFARS-252.228-7001-P33,HAS_PROVISION
DFARS-252.228-7001-P33,DFARS-252.228-7001-P34,HAS_PROVISION
DFARS-252.228-7001-P33,DFARS-252.228-7001-P35,HAS_PROVISION
DFARS-252.228-7001-P33,DFARS-252.228-7001-P36,HAS_PROVISION
DFARS-252.228-7001-P33,DFARS-252.228-7001-P37,HAS_PROVISION
DFARS-252.228-7001-P37,DFARS-252.228-7001-P38,HAS_PROVISION
DFARS-252.228-7001-P37,DFARS-252.228-7001-P39,HAS_PROVISION
DFARS-252.228-7001-P37,DFARS-252.228-7001-P40,HAS_PROVISION
DFARS-252.228-7001-P33,DFARS-252.228-7001-P41,HAS_PROVISION
DFARS-252.228-7001-P33,DFARS-252.228-7001-P42,HAS_PROVISION
DFARS-252.228-7001-P33,DFARS-252.228-7001-P43,HAS_PROVISION
DFARS-252.228-7001,DFARS-252.228-7001-P44,HAS_PROVISION
DFARS-252.228-7001,DFARS-252.228-7001-P45,HAS_PROVISION
DFARS-252.228-7001-P45,DFARS-252.228-7001-P46,HAS_PROVISION
DFARS-252.228-7001-P46,DFARS-252.228-7001-P47,HAS_PROVISION
DFARS-252.228-7001-P46,DFARS-252.228-7001-P48,HAS_PROVISION
DFARS-252.228-7001-P46,DFARS-252.228-7001-P49,HAS_PROVISION
DFARS-252.228-7001-P46,DFARS-252.228-7001-P50,HAS_PROVISION
DFARS-252.228-7001-P45,DFARS-252.228-7001-P51,HAS_PROVISION
DFARS-252.228-7001-P45,DFARS-252.228-7001-P52,HAS_PROVISION
DFARS-252.228-7001-P52,DFARS-252.228-7001-P53,HAS_PROVISION
DFARS-252.228-7001-P52,DFARS-252.228-7001-P54,HAS_PROVISION
DFARS-252.228-7001-P52,DFARS-252.228-7001-P55,HAS_PROVISION
DFARS-252.228-7001-P45,DFARS-252.228-7001-P56,HAS_PROVISION
DFARS-252.228-7001-P56,DFARS-252.228-7001-P57,HAS_PROVISION
DFARS-252.228-7001-P56,DFARS-252.228-7001-P58,HAS_PROVISION
DFARS-252.228-7001-P45,DFARS-252.228-7001-P59,HAS_PROVISION
DFARS-252.228-7001,DFARS-252.228-7001-P60,HAS_PROVISION
DFARS-252.228-7001-P60,DFARS-252.228-7001-P61,HAS_PROVISION
DFARS-252.228-7001-P61,DFARS-252.228-7001-P62,HAS_PROVISION
DFARS-252.228-7001-P61,DFARS-252.228-7001-P63,HAS_PROVISION
DFARS-252.228-7001-P61,DFARS-252.228-7001-P64,HAS_PROVISION
DFARS-252.228-7001-P60,DFARS-252.228-7001-P65,HAS_PROVISION
DFARS-252.228-7001-P60,DFARS-252.228-7001-P66,HAS_PROVISION
DFARS-252.228-7001-P66,DFARS-252.228-7001-P67,HAS_PROVISION
DFARS-252.228-7001-P66,DFARS-252.228-7001-P68,HAS_PROVISION
DFARS-252.228-7001-P66,DFARS-252.228-7001-P69,HAS_PROVISION
DFARS-252.228-7001-P60,DFARS-252.228-7001-P70,HAS_PROVISION
DFARS-252.228-7001-P70,DFARS-252.228-7001-P71,HAS_PROVISION
DFARS-252.228-7001-P70,DFARS-252.228-7001-P72,HAS_PROVISION
DFARS-252.228-7001-P70,DFARS-252.228-7001-P73,HAS_PROVISION
DFARS-252.228-7001-P70,DFARS-252.228-7001-P74,HAS_PROVISION
DFARS-252.228-7001-P70,DFARS-252.228-7001-P75,HAS_PROVISION
DFARS-252.228-7001,DFARS-252.228-7001-P76,HAS_PROVISION
DFARS-252.228-7001,DFARS-252.228-7001-P77,HAS_PROVISION
DFARS-252.228-7001,DFARS-252.228-7001-P78,HAS_PROVISION
DFARS-252.228-7001-P78,DFARS-252.228-7001-P79,HAS_PROVISION
DFARS-252.228-7001-P78,DFARS-252.228-7001-P80,HAS_PROVISION
DFARS-SUBPART-252.2,DFARS-252.228-7002,HAS_SECTION
DFARS-SUBPART-252.2,DFARS-252.228-7003,HAS_SECTION
DFARS-252.228-7003,DFARS-252.228-7003-P1,HAS_PROVISION
DFARS-252.228-7003-P1,DFARS-252.228-7003-P2,HAS_PROVISION
DFARS-252.228-7003-P2,DFARS-252.228-7003-P3,HAS_PROVISION
DFARS-252.228-7003-P2,DFARS-252.228-7003-P4,HAS_PROVISION
DFARS-252.228-7003-P2,DFARS-252.228-7003-P5,HAS_PROVISION
DFARS-252.228-7003-P5,DFARS-252.228-7003-P6,HAS_PROVISION
DFARS-252.228-7003-P5,DFARS-252.228-7003-P7,HAS_PROVISION
DFARS-252.228-7003-P1,DFARS-252.228-7003-P8,HAS_PROVISION
DFARS-252.228-7003-P1,DFARS-252.228-7003-P9,HAS_PROVISION
DFARS-252.228-7003-P1,DFARS-252.228-7003-P10,HAS_PROVISION
DFARS-252.228-7003,DFARS-252.228-7003-P11,HAS_PROVISION
DFARS-252.228-7003-P11,DFARS-252.228-7003-P12,HAS_PROVISION
DFARS-252.228-7003-P11,DFARS-252.228-7003-P13,HAS_PROVISION
DFARS-252.228-7003,DFARS-252.228-7003-P14,HAS_PROVISION
DFARS-252.228-7003,DFARS-252.228-7003-P15,HAS_PROVISION
DFARS-252.228-7003,DFARS-252.228-7003-P16,HAS_PROVISION
DFARS-SUBPART-252.2,DFARS-252.228-7004,HAS_SECTION
DFARS-SUBPART-252.2,DFARS-252.228-7005,HAS_SECTION
DFARS-252.228-7005,DFARS-252.228-7005-P1,HAS_PROVISION
DFARS-252.228-7005,DFARS-252.228-7005-P2,HAS_PROVISION
DFARS-252.228-7005,DFARS-252.228-7005-P3,HAS_PROVISION
DFARS-SUBPART-252.2,DFARS-252.228-7006,HAS_SECTION
DFARS-252.228-7006,DFARS-252.228-7006-P1,HAS_PROVISION
DFARS-252.228-7006,DFARS-252.228-7006-P2,HAS_PROVISION
DFARS-252.228-7006,DFARS-252.228-7006-P3,HAS_PROVISION
DFARS-252.228-7006,DFARS-252.228-7006-P4,HAS_PROVISION
DFARS-252.228-7006-P4,DFARS-252.228-7006-P5,HAS_PROVISION
DFARS-252.228-7006-P4,DFARS-252.228-7006-P6,HAS_PROVISION
DFARS-252.228-7006-P6,DFARS-252.228-7006-P7,HAS_PROVISION
DFARS-252.228-7006-P6,DFARS-252.228-7006-P8,HAS_PROVISION
DFARS-252.228-7006-P6,DFARS-252.228-7006-P9,HAS_PROVISION
DFARS-252.228-7006-P6,DFARS-252.228-7006-P10,HAS_PROVISION
DFARS-252.228-7006-P6,DFARS-252.228-7006-P11,HAS_PROVISION
DFARS-SUBPART-252.2,DFARS-252.228-7007,HAS_SECTION
DFARS-252.228-7007,DFARS-252.228-7007-P1,HAS_PROVISION
DFARS-252.228-7007,DFARS-252.228-7007-P2,HAS_PROVISION
DFARS-252.228-7007,DFARS-252.228-7007-P3,HAS_PROVISION
DFARS-252.228-7007-P3,DFARS-252.228-7007-P4,HAS_PROVISION
DFARS-252.228-7007-P3,DFARS-252.228-7007-P5,HAS_PROVISION
DFARS-252.228-7007-P3,DFARS-252.228-7007-P6,HAS_PROVISION
DFARS-252.228-7007-P3,DFARS-252.228-7007-P7,HAS_PROVISION
DFARS-252.228-7007-P3,DFARS-252.228-7007-P8,HAS_PROVISION
DFARS-252.228-7007-P8,DFARS-252.228-7007-P9,HAS_PROVISION
DFARS-252.228-7007-P8,DFARS-252.228-7007-P10,HAS_PROVISION
DFARS-252.228-7007-P8,DFARS-252.228-7007-P11,HAS_PROVISION
DFARS-252.228-7007-P3,DFARS-252.228-7007-P12,HAS_PROVISION
DFARS-252.228-7007-P3,DFARS-252.228-7007-P13,HAS_PROVISION
DFARS-252.228-7007,DFARS-252.228-7007-P14,HAS_PROVISION
DFARS-252.228-7007,DFARS-252.228-7007-P15,HAS_PROVISION
DFARS-252.228-7007,DFARS-252.228-7007-P16,HAS_PROVISION
DFARS-252.228-7007,DFARS-252.228-7007-P17,HAS_PROVISION
DFARS-252.228-7007-P17,DFARS-252.228-7007-P18,HAS_PROVISION
DFARS-252.228-7007-P17,DFARS-252.228-7007-P19,HAS_PROVISION
DFARS-252.228-7007-P17,DFARS-252.228-7007-P20,HAS_PROVISION
DFARS-252.228-7007-P17,DFARS-252.228-7007-P21,HAS_PROVISION
DFARS-SUBPART-252.2,DFARS-252.229-7000,HAS_SECTION
DFARS-P252,DFARS-SP252_229,HAS_SUBPART
DFARS-SP252_229,DFARS-252.229-7002,HAS_SECTION
DFARS-SP252_229,DFARS-252.229-7003,HAS_SECTION
DFARS-252.229-7003,DFARS-252.229-7003-a,HAS_PROVISION
DFARS-252.229-7003,DFARS-252.229-7003-b,HAS_PROVISION
DFARS-252.229-7003-b,DFARS-252.229-7003-b-1,HAS_PROVISION
DFARS-252.229-7003-b-1,DFARS-252.229-7003-b-1-i,HAS_PROVISION
DFARS-252.229-7003-b-1,DFARS-252.229-7003-b-1-ii,HAS_PROVISION
DFARS-252.229-7003-b-1,DFARS-252.229-7003-b-1-iii,HAS_PROVISION
DFARS-252.229-7003-b,DFARS-252.229-7003-b-2-i,HAS_PROVISION
DFARS-252.229-7003-b-2-i,DFARS-252.229-7003-b-2-i-ii,HAS_PROVISION
DFARS-252.229-7003-b-2-i,DFARS-252.229-7003-b-2-i-iii,HAS_PROVISION
DFARS-252.229-7003-b,DFARS-252.229-7003-b-3,HAS_PROVISION
DFARS-252.229-7003,DFARS-252.229-7003-c,HAS_PROVISION
DFARS-252.229-7003-c,DFARS-252.229-7003-c-1,HAS_PROVISION
DFARS-252.229-7003-c,DFARS-252.229-7003-c-2,HAS_PROVISION
DFARS-252.229-7003-c,DFARS-252.229-7003-c-3,HAS_PROVISION
DFARS-252.229-7003-c,DFARS-252.229-7003-c-4,HAS_PROVISION
DFARS-252.229-7003-c,DFARS-252.229-7003-c-5,HAS_PROVISION
DFARS-252.229-7003-c,DFARS-252.229-7003-c-6,HAS_PROVISION
DFARS-252.229-7003-c,DFARS-252.229-7003-c-7,HAS_PROVISION
DFARS-SP252_229,DFARS-252.229-7004,HAS_SECTION
DFARS-252.229-7004,DFARS-252.229-7004-a,HAS_PROVISION
DFARS-252.229-7004,DFARS-252.229-7004-b,HAS_PROVISION
DFARS-252.229-7004,DFARS-252.229-7004-c,HAS_PROVISION
DFARS-252.229-7004,DFARS-252.229-7004-d,HAS_PROVISION
DFARS-252.229-7004,DFARS-252.229-7004-e,HAS_PROVISION
DFARS-252.229-7004,DFARS-252.229-7004-f,HAS_PROVISION
DFARS-252.229-7004,DFARS-252.229-7004-g,HAS_PROVISION
DFARS-252.229-7004,DFARS-252.229-7004-h,HAS_PROVISION
DFARS-SP252_229,DFARS-252.229-7005,HAS_SECTION
DFARS-252.229-7005,DFARS-252.229-7005-a,HAS_PROVISION
DFARS-252.229-7005,DFARS-252.229-7005-b,HAS_PROVISION
DFARS-252.229-7005-b,DFARS-252.229-7005-b-1,HAS_PROVISION
DFARS-252.229-7005-b,DFARS-252.229-7005-b-2,HAS_PROVISION
DFARS-252.229-7005-b,DFARS-252.229-7005-b-3,HAS_PROVISION
DFARS-252.229-7005-b,DFARS-252.229-7005-b-4,HAS_PROVISION
DFARS-252.229-7005-b,DFARS-252.229-7005-b-5,HAS_PROVISION
DFARS-252.229-7005-b,DFARS-252.229-7005-b-6,HAS_PROVISION
DFARS-252.229-7005-b,DFARS-252.229-7005-b-7,HAS_PROVISION
DFARS-252.229-7005-b,DFARS-252.229-7005-b-8,HAS_PROVISION
DFARS-252.229-7005-b,DFARS-252.229-7005-b-9,HAS_PROVISION
DFARS-252.229-7005-b,DFARS-252.229-7005-b-10,HAS_PROVISION
DFARS-252.229-7005-b,DFARS-252.229-7005-b-11,HAS_PROVISION
DFARS-252.229-7005-b,DFARS-252.229-7005-b-12,HAS_PROVISION
DFARS-252.229-7005-b,DFARS-252.229-7005-b-13,HAS_PROVISION
DFARS-252.229-7005-b,DFARS-252.229-7005-b-14,HAS_PROVISION
DFARS-252.229-7005-b,DFARS-252.229-7005-b-15,HAS_PROVISION
DFARS-252.229-7005-b,DFARS-252.229-7005-b-16,HAS_PROVISION
DFARS-252.229-7005-b,DFARS-252.229-7005-b-17,HAS_PROVISION
DFARS-SP252_229,DFARS-252.229-7006,HAS_SECTION
DFARS-SP252_229,DFARS-252.229-7007,HAS_SECTION
DFARS-SP252_229,DFARS-252.229-7008,HAS_SECTION
DFARS-SP252_229,DFARS-252.229-7009,HAS_SECTION
DFARS-252.229-7009,DFARS-252.229-7009-a,HAS_PROVISION
DFARS-252.229-7009-a,DFARS-252.229-7009-a-1,HAS_PROVISION
DFARS-252.229-7009-a,DFARS-252.229-7009-a-2,HAS_PROVISION
DFARS-252.229-7009-a,DFARS-252.229-7009-a-3,HAS_PROVISION
DFARS-252.229-7009,DFARS-252.229-7009-b,HAS_PROVISION
DFARS-SP252_229,DFARS-252.229-7010,HAS_SECTION
DFARS-252.229-7010,DFARS-252.229-7010-a,HAS_PROVISION
DFARS-252.229-7010,DFARS-252.229-7010-b,HAS_PROVISION
DFARS-252.229-7010,DFARS-252.229-7010-c,HAS_PROVISION
DFARS-252.229-7010,DFARS-252.229-7010-d,HAS_PROVISION
DFARS-SP252_229,DFARS-252.229-7011,HAS_SECTION
DFARS-252.229-7011,DFARS-252.229-7011-a,HAS_PROVISION
DFARS-252.229-7011,DFARS-252.229-7011-b,HAS_PROVISION
DFARS-252.229-7011,DFARS-252.229-7011-c,HAS_PROVISION
DFARS-252.229-7011,DFARS-252.229-7011-d,HAS_PROVISION
DFARS-252.229-7011,DFARS-252.229-7011-e,HAS_PROVISION
DFARS-SP252_229,DFARS-252.229-7012,HAS_SECTION
DFARS-252.229-7012,DFARS-252.229-7012-a,HAS_PROVISION
DFARS-252.229-7012-a,DFARS-252.229-7012-a-1,HAS_PROVISION
DFARS-252.229-7012-a,DFARS-252.229-7012-a-2,HAS_PROVISION
DFARS-252.229-7012,DFARS-252.229-7012-b,HAS_PROVISION
DFARS-SP252_229,DFARS-252.229-7013,HAS_SECTION
DFARS-252.229-7013,DFARS-252.229-7013-a,HAS_PROVISION
DFARS-252.229-7013,DFARS-252.229-7013-b,HAS_PROVISION
DFARS-SP252_229,DFARS-252.229-7014,HAS_SECTION
DFARS-252.229-7014,DFARS-252.229-7014-a,HAS_PROVISION
DFARS-252.229-7014-a,DFARS-252.229-7014-a-b,HAS_PROVISION
DFARS-P252,DFARS-SP252_231,HAS_SUBPART
DFARS-SP252_231,DFARS-252.231-7000,HAS_SECTION
DFARS-P252,DFARS-SP252_232,HAS_SUBPART
DFARS-SP252_232,DFARS-252.232-7000,HAS_SECTION
DFARS-252.232-7000,DFARS-252.232-7000-a,HAS_PROVISION
DFARS-252.232-7000,DFARS-252.232-7000-b,HAS_PROVISION
DFARS-252.232-7000,DFARS-252.232-7000-c,HAS_PROVISION
DFARS-SP252_232,DFARS-252.232-7001,HAS_SECTION
DFARS-SP252_232,DFARS-252.232-7002,HAS_SECTION
DFARS-252.232-7002,DFARS-252.232-7002-a,HAS_PROVISION
DFARS-252.232-7002,DFARS-252.232-7002-b,HAS_PROVISION
DFARS-252.232-7002,DFARS-252.232-7002-c,HAS_PROVISION
DFARS-252.232-7002,DFARS-252.232-7002-d,HAS_PROVISION
DFARS-252.232-7002,DFARS-252.232-7002-e,HAS_PROVISION
DFARS-SP252_232,DFARS-252.232-7003,HAS_SECTION
DFARS-252.232-7003,DFARS-252.232-7003-a,HAS_PROVISION
DFARS-252.232-7003-a,DFARS-252.232-7003-a-1,HAS_PROVISION
DFARS-252.232-7003-a-1,DFARS-252.232-7003-a-1-i,HAS_PROVISION
DFARS-252.232-7003-a-1,DFARS-252.232-7003-a-1-ii,HAS_PROVISION
DFARS-252.232-7003-a-1,DFARS-252.232-7003-a-1-iii,HAS_PROVISION
DFARS-252.232-7003-a-1,DFARS-252.232-7003-a-1-iv,HAS_PROVISION
DFARS-252.232-7003-a-1,DFARS-252.232-7003-a-1-v,HAS_PROVISION
DFARS-252.232-7003-a-1,DFARS-252.232-7003-a-1-vi,HAS_PROVISION
DFARS-252.232-7003-a,DFARS-252.232-7003-a-2,HAS_PROVISION
DFARS-252.232-7003-a-2,DFARS-252.232-7003-a-2-i,HAS_PROVISION
DFARS-252.232-7003-a-2,DFARS-252.232-7003-a-2-ii,HAS_PROVISION
DFARS-252.232-7003-a-2,DFARS-252.232-7003-a-2-iii,HAS_PROVISION
DFARS-252.232-7003-a,DFARS-252.232-7003-a-1_2,HAS_PROVISION
DFARS-252.232-7003-a-1_2,DFARS-252.232-7003-a-1_2-i,HAS_PROVISION
DFARS-252.232-7003-a-1_2,DFARS-252.232-7003-a-1_2-ii,HAS_PROVISION
DFARS-252.232-7003-a-1_2,DFARS-252.232-7003-a-1_2-iii,HAS_PROVISION
DFARS-252.232-7003-a-1_2,DFARS-252.232-7003-a-1_2-iv,HAS_PROVISION
DFARS-252.232-7003-a,DFARS-252.232-7003-a-2_2,HAS_PROVISION
DFARS-252.232-7003,DFARS-252.232-7003-b,HAS_PROVISION
DFARS-252.232-7003,DFARS-252.232-7003-c,HAS_PROVISION
DFARS-252.232-7003-c,DFARS-252.232-7003-c-1,HAS_PROVISION
DFARS-252.232-7003-c,DFARS-252.232-7003-c-2,HAS_PROVISION
DFARS-252.232-7003-c,DFARS-252.232-7003-c-3,HAS_PROVISION
DFARS-252.232-7003,DFARS-252.232-7003-d,HAS_PROVISION
DFARS-252.232-7003-d,DFARS-252.232-7003-d-1,HAS_PROVISION
DFARS-252.232-7003-d,DFARS-252.232-7003-d-2,HAS_PROVISION
DFARS-252.232-7003-d,DFARS-252.232-7003-d-3,HAS_PROVISION
DFARS-252.232-7003-d,DFARS-252.232-7003-d-4,HAS_PROVISION
DFARS-252.232-7003,DFARS-252.232-7003-e,HAS_PROVISION
DFARS-252.232-7003,DFARS-252.232-7003-f,HAS_PROVISION
DFARS-SP252_232,DFARS-252.232-7004,HAS_SECTION
DFARS-SP252_232,DFARS-252.232-7005,HAS_SECTION
DFARS-252.232-7005,DFARS-252.232-7005-a,HAS_PROVISION
DFARS-252.232-7005-a,DFARS-252.232-7005-a-1,HAS_PROVISION
DFARS-252.232-7005-a,DFARS-252.232-7005-a-2,HAS_PROVISION
DFARS-252.232-7005-a,DFARS-252.232-7005-a-3,HAS_PROVISION
DFARS-252.232-7005,DFARS-252.232-7005-b,HAS_PROVISION
DFARS-252.232-7005,DFARS-252.232-7005-c,HAS_PROVISION
DFARS-SP252_232,DFARS-252.232-7006,HAS_SECTION
DFARS-252.232-7006,DFARS-252.232-7006-a,HAS_PROVISION
DFARS-252.232-7006,DFARS-252.232-7006-b,HAS_PROVISION
DFARS-252.232-7006,DFARS-252.232-7006-c,HAS_PROVISION
DFARS-252.232-7006-c,DFARS-252.232-7006-c-1,HAS_PROVISION
DFARS-252.232-7006-c,DFARS-252.232-7006-c-2,HAS_PROVISION
DFARS-252.232-7006,DFARS-252.232-7006-d,HAS_PROVISION
DFARS-252.232-7006,DFARS-252.232-7006-e,HAS_PROVISION
DFARS-252.232-7006,DFARS-252.232-7006-f,HAS_PROVISION
DFARS-252.232-7006-f,DFARS-252.232-7006-f-1,HAS_PROVISION
DFARS-252.232-7006-f-1,DFARS-252.232-7006-f-1-i,HAS_PROVISION
DFARS-252.232-7006-f-1,DFARS-252.232-7006-f-1-ii,HAS_PROVISION
DFARS-252.232-7006-f-1-ii,DFARS-252.232-7006-f-1-ii-A,HAS_PROVISION
DFARS-252.232-7006-f-1-ii,DFARS-252.232-7006-f-1-ii-B,HAS_PROVISION
DFARS-252.232-7006-f-1,DFARS-252.232-7006-f-1-iii,HAS_PROVISION
DFARS-252.232-7006-f-1,DFARS-252.232-7006-f-1-iv,HAS_PROVISION
DFARS-252.232-7006-f-1,DFARS-252.232-7006-f-1-v,HAS_PROVISION
DFARS-252.232-7006-f,DFARS-252.232-7006-f-2,HAS_PROVISION
DFARS-252.232-7006-f,DFARS-252.232-7006-f-3,HAS_PROVISION
DFARS-252.232-7006-f,DFARS-252.232-7006-f-4,HAS_PROVISION
DFARS-252.232-7006-f,DFARS-252.232-7006-f-5,HAS_PROVISION
DFARS-252.232-7006,DFARS-252.232-7006-g,HAS_PROVISION
DFARS-252.232-7006-g,DFARS-252.232-7006-g-1,HAS_PROVISION
DFARS-252.232-7006-g,DFARS-252.232-7006-g-2,HAS_PROVISION
DFARS-SP252_232,DFARS-252.232-7007,HAS_SECTION
DFARS-252.232-7007,DFARS-252.232-7007-a,HAS_PROVISION
DFARS-252.232-7007,DFARS-252.232-7007-b,HAS_PROVISION
DFARS-252.232-7007,DFARS-252.232-7007-c,HAS_PROVISION
DFARS-252.232-7007,DFARS-252.232-7007-d,HAS_PROVISION
DFARS-252.232-7007,DFARS-252.232-7007-e,HAS_PROVISION
DFARS-252.232-7007,DFARS-252.232-7007-f,HAS_PROVISION
DFARS-252.232-7007,DFARS-252.232-7007-g,HAS_PROVISION
DFARS-252.232-7007,DFARS-252.232-7007-h,HAS_PROVISION
DFARS-252.232-7007-h,DFARS-252.232-7007-h-i,HAS_PROVISION
DFARS-252.232-7007,DFARS-252.232-7007-j,HAS_PROVISION
DFARS-SP252_232,DFARS-252.232-7008,HAS_SECTION
DFARS-252.232-7008,DFARS-252.232-7008-a,HAS_PROVISION
DFARS-252.232-7008-a,DFARS-252.232-7008-a-1,HAS_PROVISION
DFARS-252.232-7008-a,DFARS-252.232-7008-a-2,HAS_PROVISION
DFARS-252.232-7008-a,DFARS-252.232-7008-a-3,HAS_PROVISION
DFARS-252.232-7008,DFARS-252.232-7008-b,HAS_PROVISION
DFARS-252.232-7008,DFARS-252.232-7008-c,HAS_PROVISION
DFARS-252.232-7008-c,DFARS-252.232-7008-c-1,HAS_PROVISION
DFARS-252.232-7008-c,DFARS-252.232-7008-c-2,HAS_PROVISION
DFARS-SP252_232,DFARS-252.232-7009,HAS_SECTION
DFARS-SP252_232,DFARS-252.232-7010,HAS_SECTION
DFARS-252.232-7010,DFARS-252.232-7010-a,HAS_PROVISION
DFARS-252.232-7010,DFARS-252.232-7010-b,HAS_PROVISION
DFARS-252.232-7010-b,DFARS-252.232-7010-b-1,HAS_PROVISION
DFARS-252.232-7010-b,DFARS-252.232-7010-b-2,HAS_PROVISION
DFARS-252.232-7010-b,DFARS-252.232-7010-b-3,HAS_PROVISION
DFARS-252.232-7010,DFARS-252.232-7010-c,HAS_PROVISION
DFARS-252.232-7010-c,DFARS-252.232-7010-c-1,HAS_PROVISION
DFARS-252.232-7010-c,DFARS-252.232-7010-c-2-i,HAS_PROVISION
DFARS-252.232-7010-c-2-i,DFARS-252.232-7010-c-2-i-ii,HAS_PROVISION
DFARS-252.232-7010,DFARS-252.232-7010-d,HAS_PROVISION
DFARS-SP252_232,DFARS-252.232-7011,HAS_SECTION
DFARS-252.232-7011,DFARS-252.232-7011-a,HAS_PROVISION
DFARS-252.232-7011,DFARS-252.232-7011-b,HAS_PROVISION
DFARS-252.232-7011,DFARS-252.232-7011-c,HAS_PROVISION
DFARS-252.232-7011-c,DFARS-252.232-7011-c-1,HAS_PROVISION
DFARS-252.232-7011-c-1,DFARS-252.232-7011-c-1-i,HAS_PROVISION
DFARS-252.232-7011-c-1,DFARS-252.232-7011-c-1-ii,HAS_PROVISION
DFARS-252.232-7011-c,DFARS-252.232-7011-c-2,HAS_PROVISION
DFARS-252.232-7011-c-2,DFARS-252.232-7011-c-2-i,HAS_PROVISION
DFARS-252.232-7011-c-2,DFARS-252.232-7011-c-2-ii,HAS_PROVISION
DFARS-252.232-7011-c-2,DFARS-252.232-7011-c-2-iii,HAS_PROVISION
DFARS-252.232-7011-c-2,DFARS-252.232-7011-c-2-iv,HAS_PROVISION
DFARS-252.232-7011-c-2,DFARS-252.232-7011-c-2-v,HAS_PROVISION
DFARS-252.232-7011-c-2,DFARS-252.232-7011-c-2-vi,HAS_PROVISION
DFARS-252.232-7011-c-2,DFARS-252.232-7011-c-2-vii,HAS_PROVISION
DFARS-252.232-7011-c-2,DFARS-252.232-7011-c-2-viii,HAS_PROVISION
DFARS-252.232-7011-c-2,DFARS-252.232-7011-c-2-ix,HAS_PROVISION
DFARS-252.232-7011-c-2-ix,DFARS-252.232-7011-c-2-ix-A,HAS_PROVISION
DFARS-252.232-7011-c-2-ix,DFARS-252.232-7011-c-2-ix-B,HAS_PROVISION
DFARS-252.232-7011-c-2-ix,DFARS-252.232-7011-c-2-ix-C,HAS_PROVISION
DFARS-252.232-7011-c-2,DFARS-252.232-7011-c-2-x,HAS_PROVISION
DFARS-252.232-7011-c,DFARS-252.232-7011-c-3,HAS_PROVISION
DFARS-252.232-7011-c,DFARS-252.232-7011-c-4,HAS_PROVISION
DFARS-252.232-7011-c,DFARS-252.232-7011-c-5,HAS_PROVISION
DFARS-252.232-7011-c-5,DFARS-252.232-7011-c-5-i,HAS_PROVISION
DFARS-252.232-7011-c-5-i,DFARS-252.232-7011-c-5-i-A,HAS_PROVISION
DFARS-252.232-7011-c-5-i,DFARS-252.232-7011-c-5-i-B,HAS_PROVISION
DFARS-252.232-7011-c-5-i,DFARS-252.232-7011-c-5-i-C,HAS_PROVISION
DFARS-252.232-7011-c-5-i,DFARS-252.232-7011-c-5-i-D,HAS_PROVISION
DFARS-252.232-7011-c-5,DFARS-252.232-7011-c-5-ii,HAS_PROVISION
DFARS-252.232-7011,DFARS-252.232-7011-d,HAS_PROVISION
DFARS-SP252_232,DFARS-252.232-7012,HAS_SECTION
DFARS-252.232-7012,DFARS-252.232-7012-a,HAS_PROVISION
DFARS-252.232-7012,DFARS-252.232-7012-b,HAS_PROVISION
DFARS-252.232-7012,DFARS-252.232-7012-c-1,HAS_PROVISION
DFARS-252.232-7012,DFARS-252.232-7012-2,HAS_PROVISION
DFARS-252.232-7012-2,DFARS-252.232-7012-2-2,HAS_PROVISION
DFARS-252.232-7012-2,DFARS-252.232-7012-2-d,HAS_PROVISION
DFARS-252.232-7012-2-d,DFARS-252.232-7012-2-d-1,HAS_PROVISION
DFARS-252.232-7012-2-d,DFARS-252.232-7012-2-d-2-i,HAS_PROVISION
DFARS-252.232-7012-2-d-2-i,DFARS-252.232-7012-2-d-2-i-A,HAS_PROVISION
DFARS-252.232-7012-2-d-2-i,DFARS-252.232-7012-2-d-2-i-B,HAS_PROVISION
DFARS-252.232-7012-2-d-2-i,DFARS-252.232-7012-2-d-2-i-C,HAS_PROVISION
DFARS-252.232-7012-2-d-2-i,DFARS-252.232-7012-2-d-2-i-D,HAS_PROVISION
DFARS-252.232-7012-2-d-2-i,DFARS-252.232-7012-2-d-2-i-E,HAS_PROVISION
DFARS-252.232-7012-2-d-2-i,DFARS-252.232-7012-2-d-2-i-ii,HAS_PROVISION
DFARS-SP252_232,DFARS-252.232-7013,HAS_SECTION
DFARS-252.232-7013,DFARS-252.232-7013-a,HAS_PROVISION
DFARS-252.232-7013,DFARS-252.232-7013-b,HAS_PROVISION
DFARS-252.232-7013,DFARS-252.232-7013-c-1,HAS_PROVISION
DFARS-252.232-7013,DFARS-252.232-7013-2,HAS_PROVISION
DFARS-252.232-7013-2,DFARS-252.232-7013-2-2,HAS_PROVISION
DFARS-252.232-7013-2,DFARS-252.232-7013-2-d,HAS_PROVISION
DFARS-252.232-7013-2-d,DFARS-252.232-7013-2-d-1,HAS_PROVISION
DFARS-252.232-7013-2-d,DFARS-252.232-7013-2-d-2-i,HAS_PROVISION
DFARS-252.232-7013-2-d-2-i,DFARS-252.232-7013-2-d-2-i-A,HAS_PROVISION
DFARS-252.232-7013-2-d-2-i,DFARS-252.232-7013-2-d-2-i-B,HAS_PROVISION
DFARS-252.232-7013-2-d-2-i,DFARS-252.232-7013-2-d-2-i-C,HAS_PROVISION
DFARS-252.232-7013-2-d-2-i,DFARS-252.232-7013-2-d-2-i-D,HAS_PROVISION
DFARS-252.232-7013-2-d-2-i,DFARS-252.232-7013-2-d-2-i-E,HAS_PROVISION
DFARS-252.232-7013-2-d-2-i,DFARS-252.232-7013-2-d-2-i-ii,HAS_PROVISION
DFARS-SP252_232,DFARS-252.232-7014,HAS_SECTION
DFARS-SP252_232,DFARS-252.232-7015,HAS_SECTION
DFARS-252.232-7015,DFARS-252.232-7015-a,HAS_PROVISION
DFARS-252.232-7015,DFARS-252.232-7015-b,HAS_PROVISION
DFARS-SP252_232,DFARS-252.232-7016,HAS_SECTION
DFARS-252.232-7016,DFARS-252.232-7016-a,HAS_PROVISION
DFARS-252.232-7016,DFARS-252.232-7016-FAR,HAS_PROVISION
DFARS-252.232-7016-FAR,DFARS-252.232-7016-FAR-b,HAS_PROVISION
DFARS-252.232-7016-FAR-b,DFARS-252.232-7016-FAR-b-1,HAS_PROVISION
DFARS-252.232-7016-FAR-b-1,DFARS-252.232-7016-FAR-b-1-i,HAS_PROVISION
DFARS-252.232-7016-FAR-b-1,DFARS-252.232-7016-FAR-b-1-ii,HAS_PROVISION
DFARS-252.232-7016-FAR-b-1,DFARS-252.232-7016-FAR-b-1-iii,HAS_PROVISION
DFARS-252.232-7016-FAR-b,DFARS-252.232-7016-FAR-b-2,HAS_PROVISION
DFARS-SP252_232,DFARS-252.232-7017,HAS_SECTION
DFARS-SP252_232,DFARS-252.232-7018,HAS_SECTION
DFARS-252.232-7018,DFARS-252.232-7018-a,HAS_PROVISION
DFARS-252.232-7018,DFARS-252.232-7018-b,HAS_PROVISION
DFARS-252.232-7018,DFARS-252.232-7018-FAR,HAS_PROVISION
DFARS-252.232-7018-FAR,DFARS-252.232-7018-FAR-1,HAS_PROVISION
DFARS-252.232-7018-FAR,DFARS-252.232-7018-FAR-2,HAS_PROVISION
DFARS-252.232-7018-FAR,DFARS-252.232-7018-FAR-3,HAS_PROVISION
DFARS-252.232-7018-FAR,DFARS-252.232-7018-FAR-4,HAS_PROVISION
DFARS-252.232-7018-FAR,DFARS-252.232-7018-FAR-5,HAS_PROVISION
DFARS-252.232-7018-FAR,DFARS-252.232-7018-FAR-c,HAS_PROVISION
DFARS-P252,DFARS-SP252_233,HAS_SUBPART
DFARS-SP252_233,DFARS-252.233-7000,HAS_SECTION
DFARS-SP252_233,DFARS-252.233-7001,HAS_SECTION
DFARS-P252,DFARS-SP252_234,HAS_SUBPART
DFARS-SP252_234,DFARS-252.234-7001,HAS_SECTION
DFARS-252.234-7001,DFARS-252.234-7001-a,HAS_PROVISION
DFARS-252.234-7001-a,DFARS-252.234-7001-a-1,HAS_PROVISION
DFARS-252.234-7001-a,DFARS-252.234-7001-a-2,HAS_PROVISION
DFARS-252.234-7001-a-2,DFARS-252.234-7001-a-2-i,HAS_PROVISION
DFARS-252.234-7001-a-2-i,DFARS-252.234-7001-a-2-i-A,HAS_PROVISION
DFARS-252.234-7001-a-2-i,DFARS-252.234-7001-a-2-i-B,HAS_PROVISION
DFARS-252.234-7001-a-2-i,DFARS-252.234-7001-a-2-i-C,HAS_PROVISION
DFARS-252.234-7001-a-2-i,DFARS-252.234-7001-a-2-i-D,HAS_PROVISION
DFARS-252.234-7001-a-2-i,DFARS-252.234-7001-a-2-i-E,HAS_PROVISION
DFARS-252.234-7001-a-2,DFARS-252.234-7001-a-2-ii,HAS_PROVISION
DFARS-252.234-7001-a-2,DFARS-252.234-7001-a-2-iii,HAS_PROVISION
DFARS-252.234-7001,DFARS-252.234-7001-b,HAS_PROVISION
DFARS-252.234-7001-b,DFARS-252.234-7001-b-1,HAS_PROVISION
DFARS-252.234-7001-b-1,DFARS-252.234-7001-b-1-i,HAS_PROVISION
DFARS-252.234-7001-b-1,DFARS-252.234-7001-b-1-ii,HAS_PROVISION
DFARS-252.234-7001-b,DFARS-252.234-7001-b-2,HAS_PROVISION
DFARS-252.234-7001,DFARS-252.234-7001-c,HAS_PROVISION
DFARS-SP252_234,DFARS-252.234-7002,HAS_SECTION
DFARS-252.234-7002,DFARS-252.234-7002-a,HAS_PROVISION
DFARS-252.234-7002-a,DFARS-252.234-7002-a-1,HAS_PROVISION
DFARS-252.234-7002-a,DFARS-252.234-7002-a-2,HAS_PROVISION
DFARS-252.234-7002,DFARS-252.234-7002-b,HAS_PROVISION
DFARS-252.234-7002-b,DFARS-252.234-7002-b-1,HAS_PROVISION
DFARS-252.234-7002-b,DFARS-252.234-7002-b-2,HAS_PROVISION
DFARS-252.234-7002,DFARS-252.234-7002-c,HAS_PROVISION
DFARS-252.234-7002,DFARS-252.234-7002-d,HAS_PROVISION
DFARS-252.234-7002,DFARS-252.234-7002-e,HAS_PROVISION
DFARS-252.234-7002,DFARS-252.234-7002-f,HAS_PROVISION
DFARS-252.234-7002-f,DFARS-252.234-7002-f-1,HAS_PROVISION
DFARS-252.234-7002-f,DFARS-252.234-7002-f-2,HAS_PROVISION
DFARS-252.234-7002-f,DFARS-252.234-7002-f-3,HAS_PROVISION
DFARS-252.234-7002,DFARS-252.234-7002-g,HAS_PROVISION
DFARS-252.234-7002,DFARS-252.234-7002-h,HAS_PROVISION
DFARS-252.234-7002-h,DFARS-252.234-7002-h-i,HAS_PROVISION
DFARS-252.234-7002-h,DFARS-252.234-7002-h-1,HAS_PROVISION
DFARS-252.234-7002-h,DFARS-252.234-7002-h-2,HAS_PROVISION
DFARS-252.234-7002-h,DFARS-252.234-7002-h-3,HAS_PROVISION
DFARS-252.234-7002-h-3,DFARS-252.234-7002-h-3-i,HAS_PROVISION
DFARS-252.234-7002-h-3,DFARS-252.234-7002-h-3-ii,HAS_PROVISION
DFARS-252.234-7002-h-3,DFARS-252.234-7002-h-3-iii,HAS_PROVISION
DFARS-252.234-7002-h-3,DFARS-252.234-7002-h-3-iv,HAS_PROVISION
DFARS-252.234-7002-h,DFARS-252.234-7002-h-4,HAS_PROVISION
DFARS-252.234-7002,DFARS-252.234-7002-j,HAS_PROVISION
DFARS-252.234-7002,DFARS-252.234-7002-k,HAS_PROVISION
DFARS-252.234-7002-k,DFARS-252.234-7002-k-1,HAS_PROVISION
DFARS-252.234-7002-k,DFARS-252.234-7002-k-2,HAS_PROVISION
DFARS-SP252_234,DFARS-252.234-7003,HAS_SECTION
DFARS-252.234-7003,DFARS-252.234-7003-a,HAS_PROVISION
DFARS-252.234-7003-a,DFARS-252.234-7003-a-1,HAS_PROVISION
DFARS-252.234-7003-a,DFARS-252.234-7003-a-2,HAS_PROVISION
DFARS-252.234-7003,DFARS-252.234-7003-b,HAS_PROVISION
DFARS-252.234-7003-b,DFARS-252.234-7003-b-1,HAS_PROVISION
DFARS-252.234-7003-b,DFARS-252.234-7003-b-2,HAS_PROVISION
DFARS-252.234-7003-b,DFARS-252.234-7003-b-3,HAS_PROVISION
DFARS-252.234-7003-b,DFARS-252.234-7003-b-4,HAS_PROVISION
DFARS-252.234-7003-b,DFARS-252.234-7003-b-5,HAS_PROVISION
DFARS-252.234-7003-b,DFARS-252.234-7003-b-6,HAS_PROVISION
DFARS-252.234-7003,DFARS-252.234-7003-c,HAS_PROVISION
DFARS-252.234-7003,DFARS-252.234-7003-a_2,HAS_PROVISION
DFARS-252.234-7003-a_2,DFARS-252.234-7003-a_2-1,HAS_PROVISION
DFARS-252.234-7003-a_2,DFARS-252.234-7003-a_2-2,HAS_PROVISION
DFARS-252.234-7003,DFARS-252.234-7003-b_2,HAS_PROVISION
DFARS-252.234-7003-b_2,DFARS-252.234-7003-b_2-1,HAS_PROVISION
DFARS-252.234-7003-b_2,DFARS-252.234-7003-b_2-2,HAS_PROVISION
DFARS-252.234-7003-b_2,DFARS-252.234-7003-b_2-3,HAS_PROVISION
DFARS-252.234-7003-b_2,DFARS-252.234-7003-b_2-4,HAS_PROVISION
DFARS-252.234-7003-b_2,DFARS-252.234-7003-b_2-5,HAS_PROVISION
DFARS-252.234-7003-b_2,DFARS-252.234-7003-b_2-6,HAS_PROVISION
DFARS-252.234-7003,DFARS-252.234-7003-c_2,HAS_PROVISION
DFARS-SP252_234,DFARS-252.234-7004,HAS_SECTION
DFARS-252.234-7004,DFARS-252.234-7004-a,HAS_PROVISION
DFARS-252.234-7004-a,DFARS-252.234-7004-a-1,HAS_PROVISION
DFARS-252.234-7004-a,DFARS-252.234-7004-a-2,HAS_PROVISION
DFARS-252.234-7004-a,DFARS-252.234-7004-a-3,HAS_PROVISION
DFARS-252.234-7004,DFARS-252.234-7004-b,HAS_PROVISION
DFARS-252.234-7004,DFARS-252.234-7004-a_2,HAS_PROVISION
DFARS-252.234-7004-a_2,DFARS-252.234-7004-a_2-1,HAS_PROVISION
DFARS-252.234-7004-a_2,DFARS-252.234-7004-a_2-2,HAS_PROVISION
DFARS-252.234-7004-a_2,DFARS-252.234-7004-a_2-3,HAS_PROVISION
DFARS-252.234-7004,DFARS-252.234-7004-b_2,HAS_PROVISION
DFARS-P252,DFARS-SP252_235,HAS_SUBPART
DFARS-SP252_235,DFARS-252.235-7000,HAS_SECTION
DFARS-252.235-7000,DFARS-252.235-7000-a,HAS_PROVISION
DFARS-252.235-7000,DFARS-252.235-7000-b,HAS_PROVISION
DFARS-252.235-7000-b,DFARS-252.235-7000-b-1,HAS_PROVISION
DFARS-252.235-7000-b,DFARS-252.235-7000-b-2,HAS_PROVISION
DFARS-252.235-7000-b,DFARS-252.235-7000-b-3,HAS_PROVISION
DFARS-252.235-7000,DFARS-252.235-7000-c,HAS_PROVISION
DFARS-252.235-7000-c,DFARS-252.235-7000-c-1,HAS_PROVISION
DFARS-252.235-7000-c,DFARS-252.235-7000-c-2,HAS_PROVISION
DFARS-252.235-7000-c,DFARS-252.235-7000-c-3,HAS_PROVISION
DFARS-252.235-7000-c,DFARS-252.235-7000-c-4,HAS_PROVISION
DFARS-252.235-7000-c-4,DFARS-252.235-7000-c-4-i,HAS_PROVISION
DFARS-252.235-7000-c-4,DFARS-252.235-7000-c-4-ii,HAS_PROVISION
DFARS-252.235-7000-c-4,DFARS-252.235-7000-c-4-iii,HAS_PROVISION
DFARS-252.235-7000-c-4,DFARS-252.235-7000-c-4-5,HAS_PROVISION
DFARS-252.235-7000-c-4,DFARS-252.235-7000-c-4-6,HAS_PROVISION
DFARS-252.235-7000-c,DFARS-252.235-7000-c-d,HAS_PROVISION
DFARS-252.235-7000-c,DFARS-252.235-7000-c-e,HAS_PROVISION
DFARS-252.235-7000-c,DFARS-252.235-7000-c-f,HAS_PROVISION
DFARS-252.235-7000-c-f,DFARS-252.235-7000-c-f-1,HAS_PROVISION
DFARS-252.235-7000-c-f,DFARS-252.235-7000-c-f-2,HAS_PROVISION
DFARS-252.235-7000-c-f,DFARS-252.235-7000-c-f-3,HAS_PROVISION
DFARS-252.235-7000-c,DFARS-252.235-7000-c-g,HAS_PROVISION
DFARS-252.235-7000-c,DFARS-252.235-7000-c-h,HAS_PROVISION
DFARS-252.235-7000-c-h,DFARS-252.235-7000-c-h-1,HAS_PROVISION
DFARS-252.235-7000-c-h,DFARS-252.235-7000-c-h-2,HAS_PROVISION
DFARS-252.235-7000-c-h,DFARS-252.235-7000-c-h-3,HAS_PROVISION
DFARS-252.235-7000-c-h,DFARS-252.235-7000-c-h-4,HAS_PROVISION
DFARS-252.235-7000-c-h-4,DFARS-252.235-7000-c-h-4-i,HAS_PROVISION
DFARS-252.235-7000-c,DFARS-252.235-7000-c-j,HAS_PROVISION
DFARS-SP252_235,DFARS-252.235-7001,HAS_SECTION
DFARS-252.235-7001,DFARS-252.235-7001-a,HAS_PROVISION
DFARS-252.235-7001,DFARS-252.235-7001-b,HAS_PROVISION
DFARS-252.235-7001-b,DFARS-252.235-7001-b-1,HAS_PROVISION
DFARS-252.235-7001-b,DFARS-252.235-7001-b-2,HAS_PROVISION
DFARS-252.235-7001-b,DFARS-252.235-7001-b-3,HAS_PROVISION
DFARS-252.235-7001-b,DFARS-252.235-7001-b-c,HAS_PROVISION
DFARS-252.235-7001-b-c,DFARS-252.235-7001-b-c-1,HAS_PROVISION
DFARS-252.235-7001-b-c,DFARS-252.235-7001-b-c-2,HAS_PROVISION
DFARS-252.235-7001-b-c,DFARS-252.235-7001-b-c-3,HAS_PROVISION
DFARS-252.235-7001-b-c,DFARS-252.235-7001-b-c-4,HAS_PROVISION
DFARS-252.235-7001-b-c-4,DFARS-252.235-7001-b-c-4-i,HAS_PROVISION
DFARS-252.235-7001-b-c-4,DFARS-252.235-7001-b-c-4-ii,HAS_PROVISION
DFARS-252.235-7001-b-c-4,DFARS-252.235-7001-b-c-4-iii,HAS_PROVISION
DFARS-252.235-7001-b-c,DFARS-252.235-7001-b-c-5,HAS_PROVISION
DFARS-252.235-7001-b-c,DFARS-252.235-7001-b-c-6,HAS_PROVISION
DFARS-252.235-7001-b,DFARS-252.235-7001-b-d,HAS_PROVISION
DFARS-252.235-7001-b,DFARS-252.235-7001-b-e,HAS_PROVISION
DFARS-252.235-7001-b-e,DFARS-252.235-7001-b-e-1,HAS_PROVISION
DFARS-252.235-7001-b-e,DFARS-252.235-7001-b-e-2,HAS_PROVISION
DFARS-252.235-7001-b-e,DFARS-252.235-7001-b-e-3,HAS_PROVISION
DFARS-252.235-7001-b,DFARS-252.235-7001-b-f,HAS_PROVISION
DFARS-252.235-7001-b,DFARS-252.235-7001-b-g,HAS_PROVISION
DFARS-252.235-7001-b,DFARS-252.235-7001-b-h,HAS_PROVISION
DFARS-252.235-7001-b-h,DFARS-252.235-7001-b-h-i,HAS_PROVISION
DFARS-252.235-7001-b-h,DFARS-252.235-7001-b-h-1,HAS_PROVISION
DFARS-252.235-7001-b-h,DFARS-252.235-7001-b-h-2,HAS_PROVISION
DFARS-252.235-7001-b-h,DFARS-252.235-7001-b-h-3,HAS_PROVISION
DFARS-252.235-7001-b-h,DFARS-252.235-7001-b-h-4,HAS_PROVISION
DFARS-252.235-7001-b,DFARS-252.235-7001-b-j,HAS_PROVISION
DFARS-252.235-7001,DFARS-252.235-7001-k,HAS_PROVISION
DFARS-SP252_235,DFARS-252.235-7002,HAS_SECTION
DFARS-252.235-7002,DFARS-252.235-7002-a-1,HAS_PROVISION
DFARS-252.235-7002-a-1,DFARS-252.235-7002-a-1-2,HAS_PROVISION
DFARS-252.235-7002,DFARS-252.235-7002-b,HAS_PROVISION
DFARS-252.235-7002,DFARS-252.235-7002-c,HAS_PROVISION
DFARS-252.235-7002,DFARS-252.235-7002-d,HAS_PROVISION
DFARS-252.235-7002-d,DFARS-252.235-7002-d-1,HAS_PROVISION
DFARS-252.235-7002-d,DFARS-252.235-7002-d-2,HAS_PROVISION
DFARS-252.235-7002,DFARS-252.235-7002-e,HAS_PROVISION
DFARS-252.235-7002,DFARS-252.235-7002-f,HAS_PROVISION
DFARS-SP252_235,DFARS-252.235-7003,HAS_SECTION
DFARS-252.235-7003,DFARS-252.235-7003-a,HAS_PROVISION
DFARS-252.235-7003,DFARS-252.235-7003-b,HAS_PROVISION
DFARS-252.235-7003,DFARS-252.235-7003-c,HAS_PROVISION
DFARS-252.235-7003,DFARS-252.235-7003-d,HAS_PROVISION
DFARS-252.235-7003,DFARS-252.235-7003-a_2,HAS_PROVISION
DFARS-252.235-7003,DFARS-252.235-7003-b_2,HAS_PROVISION
DFARS-252.235-7003,DFARS-252.235-7003-c_2,HAS_PROVISION
DFARS-252.235-7003,DFARS-252.235-7003-d_2,HAS_PROVISION
DFARS-SP252_235,DFARS-252.235-7004,HAS_SECTION
DFARS-252.235-7004,DFARS-252.235-7004-a,HAS_PROVISION
DFARS-252.235-7004-a,DFARS-252.235-7004-a-1,HAS_PROVISION
DFARS-252.235-7004-a,DFARS-252.235-7004-a-2,HAS_PROVISION
DFARS-252.235-7004-a,DFARS-252.235-7004-a-3,HAS_PROVISION
DFARS-252.235-7004-a,DFARS-252.235-7004-a-4,HAS_PROVISION
DFARS-252.235-7004-a,DFARS-252.235-7004-a-5,HAS_PROVISION
DFARS-252.235-7004-a,DFARS-252.235-7004-a-6,HAS_PROVISION
DFARS-252.235-7004-a,DFARS-252.235-7004-a-7,HAS_PROVISION
DFARS-252.235-7004,DFARS-252.235-7004-b,HAS_PROVISION
DFARS-252.235-7004,DFARS-252.235-7004-c,HAS_PROVISION
DFARS-252.235-7004-c,DFARS-252.235-7004-c-1,HAS_PROVISION
DFARS-252.235-7004-c,DFARS-252.235-7004-c-2,HAS_PROVISION
DFARS-252.235-7004,DFARS-252.235-7004-d,HAS_PROVISION
DFARS-252.235-7004,DFARS-252.235-7004-e,HAS_PROVISION
DFARS-252.235-7004,DFARS-252.235-7004-f,HAS_PROVISION
DFARS-SP252_235,DFARS-252.235-7005,HAS_SECTION
DFARS-SP252_235,DFARS-252.235-7006,HAS_SECTION
DFARS-SP252_235,DFARS-252.235-7007,HAS_SECTION
DFARS-SP252_235,DFARS-252.235-7008,HAS_SECTION
DFARS-SP252_235,DFARS-252.235-7009,HAS_SECTION
DFARS-SP252_235,DFARS-252.235-7010,HAS_SECTION
DFARS-252.235-7010,DFARS-252.235-7010-a,HAS_PROVISION
DFARS-252.235-7010,DFARS-252.235-7010-b,HAS_PROVISION
DFARS-SP252_235,DFARS-252.235-7011,HAS_SECTION
DFARS-252.235-7011,DFARS-252.235-7011-a,HAS_PROVISION
DFARS-252.235-7011,DFARS-252.235-7011-b,HAS_PROVISION
DFARS-252.235-7011,DFARS-252.235-7011-c,HAS_PROVISION
DFARS-P252,DFARS-SP252_236,HAS_SUBPART
DFARS-SP252_236,DFARS-252.236-7000,HAS_SECTION
DFARS-252.236-7000,DFARS-252.236-7000-a,HAS_PROVISION
DFARS-252.236-7000,DFARS-252.236-7000-b,HAS_PROVISION
DFARS-252.236-7000-b,DFARS-252.236-7000-b-1,HAS_PROVISION
DFARS-252.236-7000-b-1,DFARS-252.236-7000-b-1-i,HAS_PROVISION
DFARS-252.236-7000-b-1,DFARS-252.236-7000-b-1-ii,HAS_PROVISION
DFARS-252.236-7000-b-1,DFARS-252.236-7000-b-1-iii,HAS_PROVISION
DFARS-252.236-7000-b-1,DFARS-252.236-7000-b-1-iv,HAS_PROVISION
DFARS-252.236-7000-b-1,DFARS-252.236-7000-b-1-v,HAS_PROVISION
DFARS-252.236-7000-b,DFARS-252.236-7000-b-2,HAS_PROVISION
DFARS-252.236-7000,DFARS-252.236-7000-c,HAS_PROVISION
DFARS-252.236-7000,DFARS-252.236-7000-d,HAS_PROVISION
DFARS-SP252_236,DFARS-252.236-7001,HAS_SECTION
DFARS-252.236-7001,DFARS-252.236-7001-a,HAS_PROVISION
DFARS-252.236-7001,DFARS-252.236-7001-b,HAS_PROVISION
DFARS-252.236-7001-b,DFARS-252.236-7001-b-1,HAS_PROVISION
DFARS-252.236-7001-b,DFARS-252.236-7001-b-2,HAS_PROVISION
DFARS-252.236-7001-b,DFARS-252.236-7001-b-3,HAS_PROVISION
DFARS-252.236-7001-b,DFARS-252.236-7001-b-4,HAS_PROVISION
DFARS-252.236-7001-b,DFARS-252.236-7001-b-5,HAS_PROVISION
DFARS-252.236-7001,DFARS-252.236-7001-c,HAS_PROVISION
DFARS-252.236-7001-c,DFARS-252.236-7001-c-1,HAS_PROVISION
DFARS-252.236-7001-c,DFARS-252.236-7001-c-2,HAS_PROVISION
DFARS-252.236-7001,DFARS-252.236-7001-d,HAS_PROVISION
DFARS-252.236-7001,DFARS-252.236-7001-e,HAS_PROVISION
DFARS-SP252_236,DFARS-252.236-7002,HAS_SECTION
DFARS-252.236-7002,DFARS-252.236-7002-a,HAS_PROVISION
DFARS-252.236-7002-a,DFARS-252.236-7002-a-1,HAS_PROVISION
DFARS-252.236-7002-a,DFARS-252.236-7002-a-2,HAS_PROVISION
DFARS-252.236-7002-a,DFARS-252.236-7002-a-3,HAS_PROVISION
DFARS-252.236-7002,DFARS-252.236-7002-b,HAS_PROVISION
DFARS-252.236-7002-b,DFARS-252.236-7002-b-1,HAS_PROVISION
DFARS-252.236-7002-b,DFARS-252.236-7002-b-2,HAS_PROVISION
DFARS-252.236-7002-b,DFARS-252.236-7002-b-3,HAS_PROVISION
DFARS-252.236-7002,DFARS-252.236-7002-c,HAS_PROVISION
DFARS-SP252_236,DFARS-252.236-7003,HAS_SECTION
DFARS-252.236-7003,DFARS-252.236-7003-a,HAS_PROVISION
DFARS-252.236-7003,DFARS-252.236-7003-b,HAS_PROVISION
DFARS-252.236-7003-b,DFARS-252.236-7003-b-1,HAS_PROVISION
DFARS-252.236-7003-b,DFARS-252.236-7003-b-2,HAS_PROVISION
DFARS-252.236-7003-b,DFARS-252.236-7003-b-3,HAS_PROVISION
DFARS-252.236-7003-b,DFARS-252.236-7003-b-4,HAS_PROVISION
DFARS-252.236-7003-b,DFARS-252.236-7003-b-5,HAS_PROVISION
DFARS-252.236-7003-b,DFARS-252.236-7003-b-6,HAS_PROVISION
DFARS-252.236-7003,DFARS-252.236-7003-c,HAS_PROVISION
DFARS-252.236-7003-c,DFARS-252.236-7003-c-1,HAS_PROVISION
DFARS-252.236-7003-c,DFARS-252.236-7003-c-2,HAS_PROVISION
DFARS-252.236-7003-c,DFARS-252.236-7003-c-3,HAS_PROVISION
DFARS-252.236-7003-c-3,DFARS-252.236-7003-c-3-i,HAS_PROVISION
DFARS-252.236-7003-c-3,DFARS-252.236-7003-c-3-ii,HAS_PROVISION
DFARS-252.236-7003-c-3,DFARS-252.236-7003-c-3-iii,HAS_PROVISION
DFARS-252.236-7003,DFARS-252.236-7003-d,HAS_PROVISION
DFARS-252.236-7003-d,DFARS-252.236-7003-d-1,HAS_PROVISION
DFARS-252.236-7003-d-1,DFARS-252.236-7003-d-1-i,HAS_PROVISION
DFARS-252.236-7003-d-1,DFARS-252.236-7003-d-1-ii,HAS_PROVISION
DFARS-252.236-7003-d,DFARS-252.236-7003-d-2,HAS_PROVISION
DFARS-252.236-7003-d-2,DFARS-252.236-7003-d-2-i,HAS_PROVISION
DFARS-252.236-7003-d-2,DFARS-252.236-7003-d-2-ii,HAS_PROVISION
DFARS-252.236-7003-d-2,DFARS-252.236-7003-d-2-iii,HAS_PROVISION
DFARS-252.236-7003,DFARS-252.236-7003-e-1,HAS_PROVISION
DFARS-252.236-7003-e-1,DFARS-252.236-7003-e-1-2,HAS_PROVISION
DFARS-252.236-7003-e-1,DFARS-252.236-7003-e-1-3,HAS_PROVISION
DFARS-252.236-7003,DFARS-252.236-7003-f,HAS_PROVISION
DFARS-SP252_236,DFARS-252.236-7004,HAS_SECTION
DFARS-252.236-7004,DFARS-252.236-7004-a,HAS_PROVISION
DFARS-252.236-7004-a,DFARS-252.236-7004-a-1,HAS_PROVISION
DFARS-252.236-7004-a,DFARS-252.236-7004-a-2,HAS_PROVISION
DFARS-252.236-7004,DFARS-252.236-7004-b,HAS_PROVISION
DFARS-252.236-7004-b,DFARS-252.236-7004-b-1,HAS_PROVISION
DFARS-252.236-7004-b-1,DFARS-252.236-7004-b-1-i,HAS_PROVISION
DFARS-252.236-7004-b-1,DFARS-252.236-7004-b-1-ii,HAS_PROVISION
DFARS-252.236-7004-b-1,DFARS-252.236-7004-b-1-iii,HAS_PROVISION
DFARS-252.236-7004-b,DFARS-252.236-7004-b-2,HAS_PROVISION
DFARS-SP252_236,DFARS-252.236-7005,HAS_SECTION
DFARS-252.236-7005,DFARS-252.236-7005-a,HAS_PROVISION
DFARS-252.236-7005-a,DFARS-252.236-7005-a-1,HAS_PROVISION
DFARS-252.236-7005-a-1,DFARS-252.236-7005-a-1-i,HAS_PROVISION
DFARS-252.236-7005-a-1,DFARS-252.236-7005-a-1-ii,HAS_PROVISION
DFARS-252.236-7005-a-1,DFARS-252.236-7005-a-1-iii,HAS_PROVISION
DFARS-252.236-7005-a-1,DFARS-252.236-7005-a-1-iv,HAS_PROVISION
DFARS-252.236-7005-a,DFARS-252.236-7005-a-2,HAS_PROVISION
DFARS-252.236-7005-a-2,DFARS-252.236-7005-a-2-i,HAS_PROVISION
DFARS-252.236-7005-a-2-i,DFARS-252.236-7005-a-2-i-A,HAS_PROVISION
DFARS-252.236-7005-a-2-i,DFARS-252.236-7005-a-2-i-B,HAS_PROVISION
DFARS-252.236-7005-a-2,DFARS-252.236-7005-a-2-ii,HAS_PROVISION
DFARS-252.236-7005-a-2,DFARS-252.236-7005-a-2-iii,HAS_PROVISION
DFARS-252.236-7005-a-2-iii,DFARS-252.236-7005-a-2-iii-A,HAS_PROVISION
DFARS-252.236-7005-a-2-iii,DFARS-252.236-7005-a-2-iii-B,HAS_PROVISION
DFARS-252.236-7005-a-2-iii-B,DFARS-252.236-7005-a-2-iii-B-1,HAS_PROVISION
DFARS-252.236-7005-a-2-iii-B,DFARS-252.236-7005-a-2-iii-B-2,HAS_PROVISION
DFARS-252.236-7005-a-2,DFARS-252.236-7005-a-2-iv,HAS_PROVISION
DFARS-252.236-7005,DFARS-252.236-7005-b,HAS_PROVISION
DFARS-252.236-7005-b,DFARS-252.236-7005-b-1,HAS_PROVISION
DFARS-252.236-7005-b-1,DFARS-252.236-7005-b-1-i,HAS_PROVISION
DFARS-252.236-7005-b-1,DFARS-252.236-7005-b-1-ii,HAS_PROVISION
DFARS-252.236-7005-b-1,DFARS-252.236-7005-b-1-iii,HAS_PROVISION
DFARS-252.236-7005-b,DFARS-252.236-7005-b-2,HAS_PROVISION
DFARS-252.236-7005,DFARS-252.236-7005-c,HAS_PROVISION
DFARS-252.236-7005-c,DFARS-252.236-7005-c-1,HAS_PROVISION
DFARS-252.236-7005-c,DFARS-252.236-7005-c-2,HAS_PROVISION
DFARS-252.236-7005-c,DFARS-252.236-7005-c-3,HAS_PROVISION
DFARS-252.236-7005-c-3,DFARS-252.236-7005-c-3-i,HAS_PROVISION
DFARS-252.236-7005-c-3,DFARS-252.236-7005-c-3-ii,HAS_PROVISION
DFARS-252.236-7005-c-3,DFARS-252.236-7005-c-3-4,HAS_PROVISION
DFARS-252.236-7005-c-3,DFARS-252.236-7005-c-3-5,HAS_PROVISION
DFARS-252.236-7005-c-3-5,DFARS-252.236-7005-c-3-5-i,HAS_PROVISION
DFARS-252.236-7005-c-3-5,DFARS-252.236-7005-c-3-5-ii,HAS_PROVISION
DFARS-252.236-7005-c-3-5,DFARS-252.236-7005-c-3-5-iii,HAS_PROVISION
DFARS-252.236-7005-c-3,DFARS-252.236-7005-c-3-6,HAS_PROVISION
DFARS-252.236-7005,DFARS-252.236-7005-d,HAS_PROVISION
DFARS-252.236-7005-d,DFARS-252.236-7005-d-1,HAS_PROVISION
DFARS-252.236-7005-d,DFARS-252.236-7005-d-2,HAS_PROVISION
DFARS-252.236-7005-d,DFARS-252.236-7005-d-3,HAS_PROVISION
DFARS-252.236-7005-d,DFARS-252.236-7005-d-4,HAS_PROVISION
DFARS-252.236-7005-d,DFARS-252.236-7005-d-5,HAS_PROVISION
DFARS-252.236-7005-d,DFARS-252.236-7005-d-6,HAS_PROVISION
DFARS-252.236-7005,DFARS-252.236-7005-e,HAS_PROVISION
DFARS-252.236-7005-e,DFARS-252.236-7005-e-1,HAS_PROVISION
DFARS-252.236-7005-e,DFARS-252.236-7005-e-2,HAS_PROVISION
DFARS-252.236-7005-e,DFARS-252.236-7005-e-3,HAS_PROVISION
DFARS-SP252_236,DFARS-252.236-7006,HAS_SECTION
DFARS-252.236-7006,DFARS-252.236-7006-a,HAS_PROVISION
DFARS-252.236-7006,DFARS-252.236-7006-b,HAS_PROVISION
DFARS-252.236-7006,DFARS-252.236-7006-c,HAS_PROVISION
DFARS-252.236-7006,DFARS-252.236-7006-d,HAS_PROVISION
DFARS-252.236-7006-d,DFARS-252.236-7006-d-1,HAS_PROVISION
DFARS-252.236-7006-d,DFARS-252.236-7006-d-2,HAS_PROVISION
DFARS-SP252_236,DFARS-252.236-7007,HAS_SECTION
DFARS-252.236-7007,DFARS-252.236-7007-a,HAS_PROVISION
DFARS-252.236-7007-a,DFARS-252.236-7007-a-1,HAS_PROVISION
DFARS-252.236-7007-a,DFARS-252.236-7007-a-2,HAS_PROVISION
DFARS-252.236-7007-a-2,DFARS-252.236-7007-a-2-i,HAS_PROVISION
DFARS-252.236-7007-a-2,DFARS-252.236-7007-a-2-ii,HAS_PROVISION
DFARS-252.236-7007-a,DFARS-252.236-7007-a-3,HAS_PROVISION
DFARS-252.236-7007-a-3,DFARS-252.236-7007-a-3-i,HAS_PROVISION
DFARS-252.236-7007-a-3,DFARS-252.236-7007-a-3-ii,HAS_PROVISION
DFARS-252.236-7007,DFARS-252.236-7007-b,HAS_PROVISION
DFARS-252.236-7007-b,DFARS-252.236-7007-b-1,HAS_PROVISION
DFARS-252.236-7007-b,DFARS-252.236-7007-b-2,HAS_PROVISION
DFARS-252.236-7007-b,DFARS-252.236-7007-b-3,HAS_PROVISION
DFARS-252.236-7007,DFARS-252.236-7007-c,HAS_PROVISION
DFARS-SP252_236,DFARS-252.236-7008,HAS_SECTION
DFARS-252.236-7008,DFARS-252.236-7008-a,HAS_PROVISION
DFARS-252.236-7008-a,DFARS-252.236-7008-a-1,HAS_PROVISION
DFARS-252.236-7008-a,DFARS-252.236-7008-a-2,HAS_PROVISION
DFARS-252.236-7008,DFARS-252.236-7008-b,HAS_PROVISION
DFARS-SP252_236,DFARS-252.236-7009,HAS_SECTION
DFARS-SP252_236,DFARS-252.236-7010,HAS_SECTION
DFARS-252.236-7010,DFARS-252.236-7010-a,HAS_PROVISION
DFARS-252.236-7010-a,DFARS-252.236-7010-a-1,HAS_PROVISION
DFARS-252.236-7010-a-1,DFARS-252.236-7010-a-1-2,HAS_PROVISION
DFARS-252.236-7010-a-1,DFARS-252.236-7010-a-1-3,HAS_PROVISION
DFARS-252.236-7010,DFARS-252.236-7010-b,HAS_PROVISION
DFARS-252.236-7010,DFARS-252.236-7010-c,HAS_PROVISION
DFARS-SP252_236,DFARS-252.236-7011,HAS_SECTION
DFARS-252.236-7011,DFARS-252.236-7011-a,HAS_PROVISION
DFARS-252.236-7011-a,DFARS-252.236-7011-a-1,HAS_PROVISION
DFARS-252.236-7011-a,DFARS-252.236-7011-a-2,HAS_PROVISION
DFARS-252.236-7011-a,DFARS-252.236-7011-a-3,HAS_PROVISION
DFARS-252.236-7011,DFARS-252.236-7011-b,HAS_PROVISION
DFARS-252.236-7011,DFARS-252.236-7011-c,HAS_PROVISION
DFARS-SP252_236,DFARS-252.236-7012,HAS_SECTION
DFARS-252.236-7012,DFARS-252.236-7012-a,HAS_PROVISION
DFARS-252.236-7012-a,DFARS-252.236-7012-a-1,HAS_PROVISION
DFARS-252.236-7012-a-1,DFARS-252.236-7012-a-1-i,HAS_PROVISION
DFARS-252.236-7012-a-1,DFARS-252.236-7012-a-1-ii,HAS_PROVISION
DFARS-252.236-7012-a-1-ii,DFARS-252.236-7012-a-1-ii-A,HAS_PROVISION
DFARS-252.236-7012-a-1-ii,DFARS-252.236-7012-a-1-ii-B,HAS_PROVISION
DFARS-252.236-7012-a-1-ii,DFARS-252.236-7012-a-1-ii-C,HAS_PROVISION
DFARS-252.236-7012-a,DFARS-252.236-7012-a-2,HAS_PROVISION
DFARS-252.236-7012-a-2,DFARS-252.236-7012-a-2-i,HAS_PROVISION
DFARS-252.236-7012-a-2,DFARS-252.236-7012-a-2-ii,HAS_PROVISION
DFARS-252.236-7012-a-2,DFARS-252.236-7012-a-2-iii,HAS_PROVISION
DFARS-252.236-7012,DFARS-252.236-7012-b,HAS_PROVISION
DFARS-252.236-7012,DFARS-252.236-7012-c,HAS_PROVISION
DFARS-SP252_236,DFARS-252.236-7013,HAS_SECTION
DFARS-252.236-7013,DFARS-252.236-7013-a,HAS_PROVISION
DFARS-252.236-7013,DFARS-252.236-7013-b,HAS_PROVISION
DFARS-252.236-7013,DFARS-252.236-7013-c,HAS_PROVISION
DFARS-P252,DFARS-SP252_237,HAS_SUBPART
DFARS-SP252_237,DFARS-252.237-7000,HAS_SECTION
DFARS-252.237-7000,DFARS-252.237-7000-a,HAS_PROVISION
DFARS-252.237-7000-a,DFARS-252.237-7000-a-1,HAS_PROVISION
DFARS-252.237-7000-a,DFARS-252.237-7000-a-2,HAS_PROVISION
DFARS-252.237-7000-a,DFARS-252.237-7000-a-3,HAS_PROVISION
DFARS-252.237-7000,DFARS-252.237-7000-b,HAS_PROVISION
DFARS-252.237-7000,DFARS-252.237-7000-c,HAS_PROVISION
DFARS-SP252_237,DFARS-252.237-7001,HAS_SECTION
DFARS-SP252_237,DFARS-252.237-7002,HAS_SECTION
DFARS-SP252_237,DFARS-252.237-7003,HAS_SECTION
DFARS-252.237-7003,DFARS-252.237-7003-a,HAS_PROVISION
DFARS-252.237-7003,DFARS-252.237-7003-b,HAS_PROVISION
DFARS-252.237-7003-b,DFARS-252.237-7003-b-1,HAS_PROVISION
DFARS-252.237-7003-b,DFARS-252.237-7003-b-2,HAS_PROVISION
DFARS-252.237-7003-b,DFARS-252.237-7003-b-3,HAS_PROVISION
DFARS-252.237-7003-b,DFARS-252.237-7003-b-4,HAS_PROVISION
DFARS-252.237-7003-b,DFARS-252.237-7003-b-5,HAS_PROVISION
DFARS-252.237-7003-b,DFARS-252.237-7003-b-6,HAS_PROVISION
DFARS-252.237-7003-b,DFARS-252.237-7003-b-7,HAS_PROVISION
DFARS-252.237-7003,DFARS-252.237-7003-c,HAS_PROVISION
DFARS-252.237-7003,DFARS-252.237-7003-d,HAS_PROVISION
DFARS-252.237-7003,DFARS-252.237-7003-e,HAS_PROVISION
DFARS-SP252_237,DFARS-252.237-7004,HAS_SECTION
DFARS-252.237-7004,DFARS-252.237-7004-a,HAS_PROVISION
DFARS-252.237-7004,DFARS-252.237-7004-b,HAS_PROVISION
DFARS-252.237-7004,DFARS-252.237-7004-c,HAS_PROVISION
DFARS-252.237-7004,DFARS-252.237-7004-d,HAS_PROVISION
DFARS-252.237-7004,DFARS-252.237-7004-e,HAS_PROVISION
DFARS-SP252_237,DFARS-252.237-7005,HAS_SECTION
DFARS-252.237-7005,DFARS-252.237-7005-a,HAS_PROVISION
DFARS-252.237-7005,DFARS-252.237-7005-b,HAS_PROVISION
DFARS-SP252_237,DFARS-252.237-7006,HAS_SECTION
DFARS-SP252_237,DFARS-252.237-7007,HAS_SECTION
DFARS-252.237-7007,DFARS-252.237-7007-a,HAS_PROVISION
DFARS-252.237-7007,DFARS-252.237-7007-b,HAS_PROVISION
DFARS-252.237-7007-b,DFARS-252.237-7007-b-1,HAS_PROVISION
DFARS-252.237-7007-b,DFARS-252.237-7007-b-2,HAS_PROVISION
DFARS-252.237-7007-b,DFARS-252.237-7007-b-3,HAS_PROVISION
DFARS-252.237-7007-b,DFARS-252.237-7007-b-4,HAS_PROVISION
DFARS-252.237-7007-b,DFARS-252.237-7007-b-5,HAS_PROVISION
DFARS-SP252_237,DFARS-252.237-7008,HAS_SECTION
DFARS-SP252_237,DFARS-252.237-7009,HAS_SECTION
DFARS-SP252_237,DFARS-252.237-7010,HAS_SECTION
DFARS-252.237-7010,DFARS-252.237-7010-a,HAS_PROVISION
DFARS-252.237-7010,DFARS-252.237-7010-b,HAS_PROVISION
DFARS-252.237-7010,DFARS-252.237-7010-c,HAS_PROVISION
DFARS-SP252_237,DFARS-252.237-7011,HAS_SECTION
DFARS-SP252_237,DFARS-252.237-7012,HAS_SECTION
DFARS-252.237-7012,DFARS-252.237-7012-a,HAS_PROVISION
DFARS-252.237-7012,DFARS-252.237-7012-b,HAS_PROVISION
DFARS-252.237-7012,DFARS-252.237-7012-c,HAS_PROVISION
DFARS-252.237-7012,DFARS-252.237-7012-d,HAS_PROVISION
DFARS-SP252_237,DFARS-252.237-7013,HAS_SECTION
DFARS-252.237-7013,DFARS-252.237-7013-a,HAS_PROVISION
DFARS-252.237-7013,DFARS-252.237-7013-b,HAS_PROVISION
DFARS-252.237-7013,DFARS-252.237-7013-c,HAS_PROVISION
DFARS-252.237-7013,DFARS-252.237-7013-d,HAS_PROVISION
DFARS-SP252_237,DFARS-252.237-7014,HAS_SECTION
DFARS-252.237-7014,DFARS-252.237-7014-a,HAS_PROVISION
DFARS-252.237-7014-a,DFARS-252.237-7014-a-1,HAS_PROVISION
DFARS-252.237-7014-a,DFARS-252.237-7014-a-2,HAS_PROVISION
DFARS-252.237-7014,DFARS-252.237-7014-b,HAS_PROVISION
DFARS-252.237-7014-b,DFARS-252.237-7014-b-1,HAS_PROVISION
DFARS-252.237-7014-b,DFARS-252.237-7014-b-2,HAS_PROVISION
DFARS-252.237-7014,DFARS-252.237-7014-c,HAS_PROVISION
DFARS-252.237-7014,DFARS-252.237-7014-d,HAS_PROVISION
DFARS-252.237-7014,DFARS-252.237-7014-e,HAS_PROVISION
DFARS-252.237-7014,DFARS-252.237-7014-f,HAS_PROVISION
DFARS-SP252_237,DFARS-252.237-7015,HAS_SECTION
DFARS-252.237-7015,DFARS-252.237-7015-a,HAS_PROVISION
DFARS-252.237-7015-a,DFARS-252.237-7015-a-1,HAS_PROVISION
DFARS-252.237-7015-a,DFARS-252.237-7015-a-2,HAS_PROVISION
DFARS-252.237-7015,DFARS-252.237-7015-b,HAS_PROVISION
DFARS-252.237-7015,DFARS-252.237-7015-c,HAS_PROVISION
DFARS-252.237-7015,DFARS-252.237-7015-d,HAS_PROVISION
DFARS-252.237-7015,DFARS-252.237-7015-e,HAS_PROVISION
DFARS-SP252_237,DFARS-252.237-7016,HAS_SECTION
DFARS-252.237-7016,DFARS-252.237-7016-a,HAS_PROVISION
DFARS-252.237-7016,DFARS-252.237-7016-b,HAS_PROVISION
DFARS-252.237-7016-b,DFARS-252.237-7016-b-a,HAS_PROVISION
DFARS-252.237-7016-b,DFARS-252.237-7016-b-b,HAS_PROVISION
DFARS-252.237-7016-b,DFARS-252.237-7016-b-c,HAS_PROVISION
DFARS-252.237-7016-b-c,DFARS-252.237-7016-b-c-1,HAS_PROVISION
DFARS-252.237-7016-b-c,DFARS-252.237-7016-b-c-2,HAS_PROVISION
DFARS-252.237-7016-b,DFARS-252.237-7016-b-d,HAS_PROVISION
DFARS-252.237-7016-b-d,DFARS-252.237-7016-b-d-1,HAS_PROVISION
DFARS-252.237-7016-b-d,DFARS-252.237-7016-b-d-2,HAS_PROVISION
DFARS-252.237-7016-b,DFARS-252.237-7016-b-e,HAS_PROVISION
DFARS-252.237-7016-b,DFARS-252.237-7016-b-a_2,HAS_PROVISION
DFARS-252.237-7016-b,DFARS-252.237-7016-b-b_2,HAS_PROVISION
DFARS-252.237-7016-b,DFARS-252.237-7016-b-c_2,HAS_PROVISION
DFARS-252.237-7016,DFARS-252.237-7016-d,HAS_PROVISION
DFARS-252.237-7016,DFARS-252.237-7016-e,HAS_PROVISION
DFARS-SP252_237,DFARS-252.237-7017,HAS_SECTION
DFARS-252.237-7017,DFARS-252.237-7017-a,HAS_PROVISION
DFARS-252.237-7017,DFARS-252.237-7017-b,HAS_PROVISION
DFARS-252.237-7017,DFARS-252.237-7017-c,HAS_PROVISION
DFARS-252.237-7017,DFARS-252.237-7017-d,HAS_PROVISION
DFARS-252.237-7017-d,DFARS-252.237-7017-d-1,HAS_PROVISION
DFARS-252.237-7017-d,DFARS-252.237-7017-d-2,HAS_PROVISION
DFARS-SP252_237,DFARS-252.237-7018,HAS_SECTION
DFARS-SP252_237,DFARS-252.237-7019,HAS_SECTION
DFARS-252.237-7019,DFARS-252.237-7019-a,HAS_PROVISION
DFARS-252.237-7019,DFARS-252.237-7019-b,HAS_PROVISION
DFARS-252.237-7019-b,DFARS-252.237-7019-b-1,HAS_PROVISION
DFARS-252.237-7019-b,DFARS-252.237-7019-b-2-i,HAS_PROVISION
DFARS-252.237-7019-b-2-i,DFARS-252.237-7019-b-2-i-A,HAS_PROVISION
DFARS-252.237-7019-b-2-i-A,DFARS-252.237-7019-b-2-i-A-1,HAS_PROVISION
DFARS-252.237-7019-b-2-i-A,DFARS-252.237-7019-b-2-i-A-2,HAS_PROVISION
DFARS-252.237-7019-b-2-i,DFARS-252.237-7019-b-2-i-B,HAS_PROVISION
DFARS-252.237-7019-b-2-i,DFARS-252.237-7019-b-2-i-ii,HAS_PROVISION
DFARS-252.237-7019-b,DFARS-252.237-7019-b-3,HAS_PROVISION
DFARS-252.237-7019,DFARS-252.237-7019-1,HAS_PROVISION
DFARS-252.237-7019-1,DFARS-252.237-7019-1-c,HAS_PROVISION
DFARS-SP252_237,DFARS-252.237-7020,HAS_SECTION
DFARS-SP252_237,DFARS-252.237-7021,HAS_SECTION
DFARS-SP252_237,DFARS-252.237-7022,HAS_SECTION
DFARS-SP252_237,DFARS-252.237-7023,HAS_SECTION
DFARS-252.237-7023,DFARS-252.237-7023-a,HAS_PROVISION
DFARS-252.237-7023-a,DFARS-252.237-7023-a-1,HAS_PROVISION
DFARS-252.237-7023-a,DFARS-252.237-7023-a-2,HAS_PROVISION
DFARS-252.237-7023-a,DFARS-252.237-7023-a-b,HAS_PROVISION
DFARS-252.237-7023-a,DFARS-252.237-7023-a-c-1,HAS_PROVISION
DFARS-252.237-7023-a-c-1,DFARS-252.237-7023-a-c-1-2,HAS_PROVISION
DFARS-252.237-7023-a-c-1,DFARS-252.237-7023-a-c-1-3,HAS_PROVISION
DFARS-252.237-7023-a,DFARS-252.237-7023-a-d-1,HAS_PROVISION
DFARS-252.237-7023-a-d-1,DFARS-252.237-7023-a-d-1-2,HAS_PROVISION
DFARS-252.237-7023-a,DFARS-252.237-7023-a-e,HAS_PROVISION
DFARS-252.237-7023-a,DFARS-252.237-7023-a-f,HAS_PROVISION
DFARS-252.237-7023-a,DFARS-252.237-7023-a-g,HAS_PROVISION
DFARS-SP252_237,DFARS-252.237-7024,HAS_SECTION
DFARS-252.237-7024,DFARS-252.237-7024-a,HAS_PROVISION
DFARS-252.237-7024,DFARS-252.237-7024-b,HAS_PROVISION
DFARS-252.237-7024-b,DFARS-252.237-7024-b-1,HAS_PROVISION
DFARS-252.237-7024-b,DFARS-252.237-7024-b-2,HAS_PROVISION
DFARS-252.237-7024-b-2,DFARS-252.237-7024-b-2-i,HAS_PROVISION
DFARS-252.237-7024-b-2,DFARS-252.237-7024-b-2-ii,HAS_PROVISION
DFARS-252.237-7024-b-2,DFARS-252.237-7024-b-2-iii,HAS_PROVISION
DFARS-252.237-7024-b-2,DFARS-252.237-7024-b-2-iv,HAS_PROVISION
DFARS-252.237-7024-b-2,DFARS-252.237-7024-b-2-v,HAS_PROVISION
DFARS-SP252_237,DFARS-252.237-7025,HAS_SECTION
DFARS-252.237-7025,DFARS-252.237-7025-a,HAS_PROVISION
DFARS-252.237-7025-a,DFARS-252.237-7025-a-1,HAS_PROVISION
DFARS-252.237-7025-a,DFARS-252.237-7025-a-2,HAS_PROVISION
DFARS-252.237-7025,DFARS-252.237-7025-b,HAS_PROVISION
DFARS-252.237-7025-b,DFARS-252.237-7025-b-1,HAS_PROVISION
DFARS-252.237-7025-b,DFARS-252.237-7025-b-2,HAS_PROVISION
DFARS-252.237-7025-b,DFARS-252.237-7025-b-3,HAS_PROVISION
DFARS-252.237-7025,DFARS-252.237-7025-c,HAS_PROVISION
DFARS-SP252_237,DFARS-252.237-7026,HAS_SECTION
DFARS-252.237-7026,DFARS-252.237-7026-a,HAS_PROVISION
DFARS-252.237-7026,DFARS-252.237-7026-b,HAS_PROVISION
DFARS-252.237-7026-b,DFARS-252.237-7026-b-1,HAS_PROVISION
DFARS-252.237-7026-b,DFARS-252.237-7026-b-2,HAS_PROVISION
DFARS-252.237-7026-b,DFARS-252.237-7026-b-3,HAS_PROVISION
DFARS-252.237-7026,DFARS-252.237-7026-c,HAS_PROVISION
DFARS-SP252_237,DFARS-252.237-7027,HAS_SECTION
DFARS-252.237-7027,DFARS-252.237-7027-a,HAS_PROVISION
DFARS-252.237-7027-a,DFARS-252.237-7027-a-1,HAS_PROVISION
DFARS-252.237-7027-a,DFARS-252.237-7027-a-2,HAS_PROVISION
DFARS-252.237-7027,DFARS-252.237-7027-b,HAS_PROVISION
DFARS-252.237-7027,DFARS-252.237-7027-c,HAS_PROVISION
DFARS-252.237-7027-c,DFARS-252.237-7027-c-1,HAS_PROVISION
DFARS-252.237-7027-c,DFARS-252.237-7027-c-2,HAS_PROVISION
DFARS-P252,DFARS-SP252_239,HAS_SUBPART
DFARS-SP252_239,DFARS-252.239-7000,HAS_SECTION
DFARS-252.239-7000,DFARS-252.239-7000-a,HAS_PROVISION
DFARS-252.239-7000-a,DFARS-252.239-7000-a-1,HAS_PROVISION
DFARS-252.239-7000-a,DFARS-252.239-7000-a-2,HAS_PROVISION
DFARS-252.239-7000,DFARS-252.239-7000-b,HAS_PROVISION
DFARS-252.239-7000,DFARS-252.239-7000-c,HAS_PROVISION
DFARS-252.239-7000-c,DFARS-252.239-7000-c-1,HAS_PROVISION
DFARS-252.239-7000-c,DFARS-252.239-7000-c-2,HAS_PROVISION
DFARS-252.239-7000,DFARS-252.239-7000-d,HAS_PROVISION
DFARS-252.239-7000-d,DFARS-252.239-7000-d-1,HAS_PROVISION
DFARS-252.239-7000-d,DFARS-252.239-7000-d-2,HAS_PROVISION
DFARS-252.239-7000-d,DFARS-252.239-7000-d-3,HAS_PROVISION
DFARS-SP252_239,DFARS-252.239-7001,HAS_SECTION
DFARS-252.239-7001,DFARS-252.239-7001-a,HAS_PROVISION
DFARS-252.239-7001-a,DFARS-252.239-7001-a-1,HAS_PROVISION
DFARS-252.239-7001-a,DFARS-252.239-7001-a-2,HAS_PROVISION
DFARS-252.239-7001,DFARS-252.239-7001-b,HAS_PROVISION
DFARS-252.239-7001,DFARS-252.239-7001-c,HAS_PROVISION
DFARS-SP252_239,DFARS-252.239-7002,HAS_SECTION
DFARS-252.239-7002,DFARS-252.239-7002-a,HAS_PROVISION
DFARS-252.239-7002,DFARS-252.239-7002-b,HAS_PROVISION
DFARS-SP252_239,DFARS-252.239-7003,HAS_SECTION
DFARS-SP252_239,DFARS-252.239-7004,HAS_SECTION
DFARS-252.239-7004,DFARS-252.239-7004-a,HAS_PROVISION
DFARS-252.239-7004,DFARS-252.239-7004-b,HAS_PROVISION
DFARS-252.239-7004-b,DFARS-252.239-7004-b-1,HAS_PROVISION
DFARS-252.239-7004-b,DFARS-252.239-7004-b-2,HAS_PROVISION
DFARS-252.239-7004,DFARS-252.239-7004-c,HAS_PROVISION
DFARS-252.239-7004-c,DFARS-252.239-7004-c-1,HAS_PROVISION
DFARS-252.239-7004-c,DFARS-252.239-7004-c-2,HAS_PROVISION
DFARS-252.239-7004,DFARS-252.239-7004-d,HAS_PROVISION
DFARS-252.239-7004,DFARS-252.239-7004-e,HAS_PROVISION
DFARS-252.239-7004,DFARS-252.239-7004-f,HAS_PROVISION
DFARS-252.239-7004,DFARS-252.239-7004-g,HAS_PROVISION
DFARS-252.239-7004-g,DFARS-252.239-7004-g-1,HAS_PROVISION
DFARS-252.239-7004-g,DFARS-252.239-7004-g-2,HAS_PROVISION
DFARS-252.239-7004,DFARS-252.239-7004-h,HAS_PROVISION
DFARS-252.239-7004-h,DFARS-252.239-7004-h-1,HAS_PROVISION
DFARS-252.239-7004-h,DFARS-252.239-7004-h-2,HAS_PROVISION
DFARS-252.239-7004-h-2,DFARS-252.239-7004-h-2-i,HAS_PROVISION
DFARS-SP252_239,DFARS-252.239-7005,HAS_SECTION
DFARS-SP252_239,DFARS-252.239-7006,HAS_SECTION
DFARS-SP252_239,DFARS-252.239-7007,HAS_SECTION
DFARS-252.239-7007,DFARS-252.239-7007-a,HAS_PROVISION
DFARS-252.239-7007,DFARS-252.239-7007-b,HAS_PROVISION
DFARS-252.239-7007,DFARS-252.239-7007-c,HAS_PROVISION
DFARS-252.239-7007,DFARS-252.239-7007-d,HAS_PROVISION
DFARS-252.239-7007,DFARS-252.239-7007-e,HAS_PROVISION
DFARS-252.239-7007,DFARS-252.239-7007-f,HAS_PROVISION
DFARS-252.239-7007-f,DFARS-252.239-7007-f-1,HAS_PROVISION
DFARS-252.239-7007-f,DFARS-252.239-7007-f-2,HAS_PROVISION
DFARS-252.239-7007-f,DFARS-252.239-7007-f-3,HAS_PROVISION
DFARS-252.239-7007,DFARS-252.239-7007-g,HAS_PROVISION
DFARS-252.239-7007,DFARS-252.239-7007-h,HAS_PROVISION
DFARS-252.239-7007-h,DFARS-252.239-7007-h-1,HAS_PROVISION
DFARS-252.239-7007-h,DFARS-252.239-7007-h-2,HAS_PROVISION
DFARS-252.239-7007-h,DFARS-252.239-7007-h-3,HAS_PROVISION
DFARS-252.239-7007-h,DFARS-252.239-7007-h-4,HAS_PROVISION
DFARS-252.239-7007-h,DFARS-252.239-7007-h-5,HAS_PROVISION
DFARS-252.239-7007-h,DFARS-252.239-7007-h-6,HAS_PROVISION
DFARS-252.239-7007-h,DFARS-252.239-7007-h-7,HAS_PROVISION
DFARS-252.239-7007-h,DFARS-252.239-7007-h-8,HAS_PROVISION
DFARS-252.239-7007-h-8,DFARS-252.239-7007-h-8-i,HAS_PROVISION
DFARS-252.239-7007-h-8,DFARS-252.239-7007-h-8-ii,HAS_PROVISION
DFARS-252.239-7007,DFARS-252.239-7007-i,HAS_PROVISION
DFARS-252.239-7007,DFARS-252.239-7007-j,HAS_PROVISION
DFARS-SP252_239,DFARS-252.239-7008,HAS_SECTION
DFARS-SP252_239,DFARS-252.239-7009,HAS_SECTION
DFARS-252.239-7009,DFARS-252.239-7009-a,HAS_PROVISION
DFARS-252.239-7009,DFARS-252.239-7009-b,HAS_PROVISION
DFARS-252.239-7009,DFARS-252.239-7009-c,HAS_PROVISION
DFARS-SP252_239,DFARS-252.239-7010,HAS_SECTION
DFARS-252.239-7010,DFARS-252.239-7010-b,HAS_PROVISION
DFARS-252.239-7010-b,DFARS-252.239-7010-b-1,HAS_PROVISION
DFARS-252.239-7010-b,DFARS-252.239-7010-b-2,HAS_PROVISION
DFARS-252.239-7010,DFARS-252.239-7010-SRG,HAS_PROVISION
DFARS-252.239-7010-SRG,DFARS-252.239-7010-SRG-3,HAS_PROVISION
DFARS-252.239-7010-SRG,DFARS-252.239-7010-SRG-c,HAS_PROVISION
DFARS-252.239-7010-SRG-c,DFARS-252.239-7010-SRG-c-1,HAS_PROVISION
DFARS-252.239-7010-SRG-c-1,DFARS-252.239-7010-SRG-c-1-i,HAS_PROVISION
DFARS-252.239-7010-SRG-c-1,DFARS-252.239-7010-SRG-c-1-ii,HAS_PROVISION
DFARS-252.239-7010-SRG-c-1,DFARS-252.239-7010-SRG-c-1-iii,HAS_PROVISION
DFARS-252.239-7010-SRG-c,DFARS-252.239-7010-SRG-c-2,HAS_PROVISION
DFARS-252.239-7010-SRG,DFARS-252.239-7010-SRG-d,HAS_PROVISION
DFARS-252.239-7010-SRG,DFARS-252.239-7010-SRG-e,HAS_PROVISION
DFARS-252.239-7010-SRG,DFARS-252.239-7010-SRG-f,HAS_PROVISION
DFARS-252.239-7010,DFARS-252.239-7010-d,HAS_PROVISION
DFARS-252.239-7010-d,DFARS-252.239-7010-d-g,HAS_PROVISION
DFARS-252.239-7010-d,DFARS-252.239-7010-d-h,HAS_PROVISION
DFARS-252.239-7010-d-h,DFARS-252.239-7010-d-h-i,HAS_PROVISION
DFARS-252.239-7010-d-h,DFARS-252.239-7010-d-h-1,HAS_PROVISION
DFARS-252.239-7010-d-h-1,DFARS-252.239-7010-d-h-1-2,HAS_PROVISION
DFARS-252.239-7010-d-h-1,DFARS-252.239-7010-d-h-1-3,HAS_PROVISION
DFARS-252.239-7010-d-h,DFARS-252.239-7010-d-h-j,HAS_PROVISION
DFARS-252.239-7010-d-h,DFARS-252.239-7010-d-h-k,HAS_PROVISION
DFARS-252.239-7010-d-h,DFARS-252.239-7010-d-h-l,HAS_PROVISION
DFARS-SP252_239,DFARS-252.239-7011,HAS_SECTION
DFARS-252.239-7011,DFARS-252.239-7011-a,HAS_PROVISION
DFARS-252.239-7011,DFARS-252.239-7011-b,HAS_PROVISION
DFARS-252.239-7011,DFARS-252.239-7011-c,HAS_PROVISION
DFARS-252.239-7011-c,DFARS-252.239-7011-c-1,HAS_PROVISION
DFARS-252.239-7011-c,DFARS-252.239-7011-c-2,HAS_PROVISION
DFARS-252.239-7011,DFARS-252.239-7011-d,HAS_PROVISION
DFARS-252.239-7011-d,DFARS-252.239-7011-d-1,HAS_PROVISION
DFARS-252.239-7011-d,DFARS-252.239-7011-d-2,HAS_PROVISION
DFARS-252.239-7011,DFARS-252.239-7011-e,HAS_PROVISION
DFARS-252.239-7011-e,DFARS-252.239-7011-e-1,HAS_PROVISION
DFARS-252.239-7011-e,DFARS-252.239-7011-e-2,HAS_PROVISION
DFARS-252.239-7011,DFARS-252.239-7011-f,HAS_PROVISION
DFARS-252.239-7011-f,DFARS-252.239-7011-f-1,HAS_PROVISION
DFARS-252.239-7011-f,DFARS-252.239-7011-f-2,HAS_PROVISION
DFARS-252.239-7011-f,DFARS-252.239-7011-f-3,HAS_PROVISION
DFARS-252.239-7011,DFARS-252.239-7011-g,HAS_PROVISION
DFARS-SP252_239,DFARS-252.239-7012,HAS_SECTION
DFARS-252.239-7012,DFARS-252.239-7012-a,HAS_PROVISION
DFARS-252.239-7012,DFARS-252.239-7012-b,HAS_PROVISION
DFARS-SP252_239,DFARS-252.239-7013,HAS_SECTION
DFARS-252.239-7013,DFARS-252.239-7013-a,HAS_PROVISION
DFARS-252.239-7013,DFARS-252.239-7013-b,HAS_PROVISION
DFARS-252.239-7013,DFARS-252.239-7013-c,HAS_PROVISION
DFARS-252.239-7013,DFARS-252.239-7013-a_2,HAS_PROVISION
DFARS-252.239-7013,DFARS-252.239-7013-b_2,HAS_PROVISION
DFARS-252.239-7013,DFARS-252.239-7013-c_2,HAS_PROVISION
DFARS-252.239-7013-c_2,DFARS-252.239-7013-c_2-1,HAS_PROVISION
DFARS-252.239-7013-c_2,DFARS-252.239-7013-c_2-2,HAS_PROVISION
DFARS-252.239-7013,DFARS-252.239-7013-d,HAS_PROVISION
DFARS-SP252_239,DFARS-252.239-7014,HAS_SECTION
DFARS-SP252_239,DFARS-252.239-7015,HAS_SECTION
DFARS-SP252_239,DFARS-252.239-7016,HAS_SECTION
DFARS-252.239-7016,DFARS-252.239-7016-a,HAS_PROVISION
DFARS-252.239-7016-a,DFARS-252.239-7016-a-1,HAS_PROVISION
DFARS-252.239-7016-a,DFARS-252.239-7016-a-2,HAS_PROVISION
DFARS-252.239-7016-a,DFARS-252.239-7016-a-3,HAS_PROVISION
DFARS-252.239-7016-a-3,DFARS-252.239-7016-a-3-i,HAS_PROVISION
DFARS-252.239-7016-a-3,DFARS-252.239-7016-a-3-ii,HAS_PROVISION
DFARS-252.239-7016-a-3,DFARS-252.239-7016-a-3-iii,HAS_PROVISION
DFARS-252.239-7016,DFARS-252.239-7016-b,HAS_PROVISION
DFARS-252.239-7016,DFARS-252.239-7016-c,HAS_PROVISION
DFARS-252.239-7016,DFARS-252.239-7016-d,HAS_PROVISION
DFARS-252.239-7016,DFARS-252.239-7016-e,HAS_PROVISION
DFARS-SP252_239,DFARS-252.239-7017,HAS_SECTION
DFARS-252.239-7017,DFARS-252.239-7017-a,HAS_PROVISION
DFARS-252.239-7017,DFARS-252.239-7017-b,HAS_PROVISION
DFARS-252.239-7017,DFARS-252.239-7017-c,HAS_PROVISION
DFARS-SP252_239,DFARS-252.239-7018,HAS_SECTION
DFARS-252.239-7018,DFARS-252.239-7018-a,HAS_PROVISION
DFARS-252.239-7018-a,DFARS-252.239-7018-a-1,HAS_PROVISION
DFARS-252.239-7018-a-1,DFARS-252.239-7018-a-1-i,HAS_PROVISION
DFARS-252.239-7018-a-1,DFARS-252.239-7018-a-1-ii,HAS_PROVISION
DFARS-252.239-7018-a,DFARS-252.239-7018-a-2,HAS_PROVISION
DFARS-252.239-7018-a,DFARS-252.239-7018-a-3,HAS_PROVISION
DFARS-252.239-7018,DFARS-252.239-7018-b,HAS_PROVISION
DFARS-252.239-7018,DFARS-252.239-7018-c,HAS_PROVISION
DFARS-252.239-7018,DFARS-252.239-7018-d,HAS_PROVISION
DFARS-P252,DFARS-SP252_241,HAS_SUBPART
DFARS-SP252_241,DFARS-252.241-7000,HAS_SECTION
DFARS-SP252_241,DFARS-252.241-7001,HAS_SECTION
DFARS-P252,DFARS-SP252_242,HAS_SUBPART
DFARS-SP252_242,DFARS-252.242-7000,HAS_SECTION
DFARS-SP252_242,DFARS-252.242-7001,HAS_SECTION
DFARS-SP252_242,DFARS-252.242-7002,HAS_SECTION
DFARS-SP252_242,DFARS-252.242-7003,HAS_SECTION
DFARS-SP252_242,DFARS-252.242-7004,HAS_SECTION
DFARS-252.242-7004,DFARS-252.242-7004-a,HAS_PROVISION
DFARS-252.242-7004-a,DFARS-252.242-7004-a-1,HAS_PROVISION
DFARS-252.242-7004-a,DFARS-252.242-7004-a-2,HAS_PROVISION
DFARS-252.242-7004-a,DFARS-252.242-7004-a-1_2,HAS_PROVISION
DFARS-252.242-7004-a,DFARS-252.242-7004-a-2_2,HAS_PROVISION
DFARS-252.242-7004,DFARS-252.242-7004-b,HAS_PROVISION
DFARS-252.242-7004-b,DFARS-252.242-7004-b-1,HAS_PROVISION
DFARS-252.242-7004-b-1,DFARS-252.242-7004-b-1-i,HAS_PROVISION
DFARS-252.242-7004-b-1,DFARS-252.242-7004-b-1-ii,HAS_PROVISION
DFARS-252.242-7004-b-1,DFARS-252.242-7004-b-1-iii,HAS_PROVISION
DFARS-252.242-7004-b,DFARS-252.242-7004-b-2,HAS_PROVISION
DFARS-252.242-7004,DFARS-252.242-7004-c,HAS_PROVISION
DFARS-252.242-7004-c,DFARS-252.242-7004-c-1,HAS_PROVISION
DFARS-252.242-7004-c,DFARS-252.242-7004-c-2,HAS_PROVISION
DFARS-252.242-7004-c,DFARS-252.242-7004-c-3,HAS_PROVISION
DFARS-252.242-7004,DFARS-252.242-7004-d,HAS_PROVISION
DFARS-252.242-7004-d,DFARS-252.242-7004-d-1,HAS_PROVISION
DFARS-252.242-7004-d-1,DFARS-252.242-7004-d-1-2,HAS_PROVISION
DFARS-252.242-7004-d-1-2,DFARS-252.242-7004-d-1-2-i,HAS_PROVISION
DFARS-252.242-7004-d-1-2,DFARS-252.242-7004-d-1-2-ii,HAS_PROVISION
DFARS-252.242-7004-d-1-2-ii,DFARS-252.242-7004-d-1-2-ii-A,HAS_PROVISION
DFARS-252.242-7004-d-1-2-ii,DFARS-252.242-7004-d-1-2-ii-B,HAS_PROVISION
DFARS-252.242-7004-d-1,DFARS-252.242-7004-d-1-3,HAS_PROVISION
DFARS-252.242-7004-d-1,DFARS-252.242-7004-d-1-4,HAS_PROVISION
DFARS-252.242-7004-d-1,DFARS-252.242-7004-d-1-5,HAS_PROVISION
DFARS-252.242-7004-d-1-5,DFARS-252.242-7004-d-1-5-i,HAS_PROVISION
DFARS-252.242-7004-d-1-5,DFARS-252.242-7004-d-1-5-ii,HAS_PROVISION
DFARS-252.242-7004-d-1,DFARS-252.242-7004-d-1-6,HAS_PROVISION
DFARS-252.242-7004-d-1,DFARS-252.242-7004-d-1-7,HAS_PROVISION
DFARS-252.242-7004-d-1-7,DFARS-252.242-7004-d-1-7-i,HAS_PROVISION
DFARS-252.242-7004-d-1-7,DFARS-252.242-7004-d-1-7-ii,HAS_PROVISION
DFARS-252.242-7004-d-1-7,DFARS-252.242-7004-d-1-7-iii,HAS_PROVISION
DFARS-252.242-7004-d-1-7-iii,DFARS-252.242-7004-d-1-7-iii-A,HAS_PROVISION
DFARS-252.242-7004-d-1-7-iii,DFARS-252.242-7004-d-1-7-iii-B,HAS_PROVISION
DFARS-252.242-7004-d-1-7-iii,DFARS-252.242-7004-d-1-7-iii-C,HAS_PROVISION
DFARS-252.242-7004-d-1-7-iii,DFARS-252.242-7004-d-1-7-iii-D,HAS_PROVISION
DFARS-252.242-7004-d-1,DFARS-252.242-7004-d-1-8,HAS_PROVISION
DFARS-252.242-7004,DFARS-252.242-7004-2,HAS_PROVISION
DFARS-252.242-7004-2,DFARS-252.242-7004-2-i,HAS_PROVISION
DFARS-252.242-7004-2,DFARS-252.242-7004-2-ii,HAS_PROVISION
DFARS-252.242-7004-2,DFARS-252.242-7004-2-iii,HAS_PROVISION
DFARS-252.242-7004-2,DFARS-252.242-7004-2-9,HAS_PROVISION
DFARS-252.242-7004-2-9,DFARS-252.242-7004-2-9-i,HAS_PROVISION
DFARS-252.242-7004-2-9,DFARS-252.242-7004-2-9-ii,HAS_PROVISION
DFARS-252.242-7004-2,DFARS-252.242-7004-2-10,HAS_PROVISION
DFARS-252.242-7004-2,DFARS-252.242-7004-2-e,HAS_PROVISION
DFARS-252.242-7004-2-e,DFARS-252.242-7004-2-e-1,HAS_PROVISION
DFARS-252.242-7004-2-e,DFARS-252.242-7004-2-e-2,HAS_PROVISION
DFARS-252.242-7004-2-e,DFARS-252.242-7004-2-e-3,HAS_PROVISION
DFARS-252.242-7004-2-e-3,DFARS-252.242-7004-2-e-3-i,HAS_PROVISION
DFARS-252.242-7004-2-e-3-i,DFARS-252.242-7004-2-e-3-i-ii,HAS_PROVISION
DFARS-252.242-7004-2-e-3-i,DFARS-252.242-7004-2-e-3-i-iii,HAS_PROVISION
DFARS-252.242-7004-2,DFARS-252.242-7004-2-f,HAS_PROVISION
DFARS-252.242-7004-2,DFARS-252.242-7004-2-g,HAS_PROVISION
DFARS-SP252_242,DFARS-252.242-7005,HAS_SECTION
DFARS-252.242-7005,DFARS-252.242-7005-a,HAS_PROVISION
DFARS-252.242-7005,DFARS-252.242-7005-b,HAS_PROVISION
DFARS-252.242-7005-b,DFARS-252.242-7005-b-1,HAS_PROVISION
DFARS-252.242-7005-b,DFARS-252.242-7005-b-2,HAS_PROVISION
DFARS-252.242-7005-b,DFARS-252.242-7005-b-3,HAS_PROVISION
DFARS-252.242-7005-b,DFARS-252.242-7005-b-4,HAS_PROVISION
DFARS-252.242-7005-b,DFARS-252.242-7005-b-5,HAS_PROVISION
DFARS-252.242-7005-b,DFARS-252.242-7005-b-6,HAS_PROVISION
DFARS-252.242-7005-b,DFARS-252.242-7005-b-1_2,HAS_PROVISION
DFARS-252.242-7005-b,DFARS-252.242-7005-b-2_2,HAS_PROVISION
DFARS-252.242-7005,DFARS-252.242-7005-c,HAS_PROVISION
DFARS-252.242-7005,DFARS-252.242-7005-d,HAS_PROVISION
DFARS-252.242-7005-d,DFARS-252.242-7005-d-1,HAS_PROVISION
DFARS-252.242-7005-d,DFARS-252.242-7005-d-2,HAS_PROVISION
DFARS-252.242-7005,DFARS-252.242-7005-e,HAS_PROVISION
DFARS-252.242-7005-e,DFARS-252.242-7005-e-1,HAS_PROVISION
DFARS-252.242-7005-e-1,DFARS-252.242-7005-e-1-2,HAS_PROVISION
DFARS-252.242-7005-e-1,DFARS-252.242-7005-e-1-3,HAS_PROVISION
DFARS-252.242-7005-e-1-3,DFARS-252.242-7005-e-1-3-i,HAS_PROVISION
DFARS-252.242-7005-e-1-3-i,DFARS-252.242-7005-e-1-3-i-A,HAS_PROVISION
DFARS-252.242-7005-e-1-3-i,DFARS-252.242-7005-e-1-3-i-B,HAS_PROVISION
DFARS-252.242-7005-e-1-3,DFARS-252.242-7005-e-1-3-ii,HAS_PROVISION
DFARS-252.242-7005-e-1,DFARS-252.242-7005-e-1-4,HAS_PROVISION
DFARS-252.242-7005-e-1-4,DFARS-252.242-7005-e-1-4-i,HAS_PROVISION
DFARS-252.242-7005-e-1-4-i,DFARS-252.242-7005-e-1-4-i-A,HAS_PROVISION
DFARS-252.242-7005-e-1-4-i,DFARS-252.242-7005-e-1-4-i-B,HAS_PROVISION
DFARS-252.242-7005-e-1-4-i,DFARS-252.242-7005-e-1-4-i-C,HAS_PROVISION
DFARS-252.242-7005-e-1-4-i,DFARS-252.242-7005-e-1-4-i-D,HAS_PROVISION
DFARS-252.242-7005-e-1-4,DFARS-252.242-7005-e-1-4-ii,HAS_PROVISION
DFARS-252.242-7005-e-1-4,DFARS-252.242-7005-e-1-4-iii,HAS_PROVISION
DFARS-252.242-7005-e-1,DFARS-252.242-7005-e-1-5,HAS_PROVISION
DFARS-252.242-7005-e-1,DFARS-252.242-7005-e-1-6,HAS_PROVISION
DFARS-252.242-7005-e-1,DFARS-252.242-7005-e-1-7,HAS_PROVISION
DFARS-252.242-7005-e-1,DFARS-252.242-7005-e-1-8,HAS_PROVISION
DFARS-252.242-7005,DFARS-252.242-7005-f,HAS_PROVISION
DFARS-252.242-7005-f,DFARS-252.242-7005-f-1,HAS_PROVISION
DFARS-252.242-7005-f,DFARS-252.242-7005-f-2,HAS_PROVISION
DFARS-252.242-7005-f-2,DFARS-252.242-7005-f-2-i,HAS_PROVISION
DFARS-252.242-7005-f-2,DFARS-252.242-7005-f-2-ii,HAS_PROVISION
DFARS-252.242-7005-f-2,DFARS-252.242-7005-f-2-iii,HAS_PROVISION
DFARS-252.242-7005-f-2,DFARS-252.242-7005-f-2-iv,HAS_PROVISION
DFARS-252.242-7005-f-2,DFARS-252.242-7005-f-2-v,HAS_PROVISION
DFARS-SP252_242,DFARS-252.242-7006,HAS_SECTION
DFARS-252.242-7006,DFARS-252.242-7006-a,HAS_PROVISION
DFARS-252.242-7006-a,DFARS-252.242-7006-a-1,HAS_PROVISION
DFARS-252.242-7006-a,DFARS-252.242-7006-a-2,HAS_PROVISION
DFARS-252.242-7006-a,DFARS-252.242-7006-a-3,HAS_PROVISION
DFARS-252.242-7006-a,DFARS-252.242-7006-a-4,HAS_PROVISION
DFARS-252.242-7006-a,DFARS-252.242-7006-a-1_2,HAS_PROVISION
DFARS-252.242-7006-a,DFARS-252.242-7006-a-2_2,HAS_PROVISION
DFARS-252.242-7006,DFARS-252.242-7006-b,HAS_PROVISION
DFARS-252.242-7006,DFARS-252.242-7006-c,HAS_PROVISION
DFARS-252.242-7006-c,DFARS-252.242-7006-c-1,HAS_PROVISION
DFARS-252.242-7006-c-1,DFARS-252.242-7006-c-1-2,HAS_PROVISION
DFARS-252.242-7006-c-1,DFARS-252.242-7006-c-1-3,HAS_PROVISION
DFARS-252.242-7006-c-1,DFARS-252.242-7006-c-1-4,HAS_PROVISION
DFARS-252.242-7006-c-1,DFARS-252.242-7006-c-1-5,HAS_PROVISION
DFARS-252.242-7006-c-1,DFARS-252.242-7006-c-1-6,HAS_PROVISION
DFARS-252.242-7006-c-1,DFARS-252.242-7006-c-1-7,HAS_PROVISION
DFARS-252.242-7006-c-1,DFARS-252.242-7006-c-1-8,HAS_PROVISION
DFARS-252.242-7006-c-1,DFARS-252.242-7006-c-1-9,HAS_PROVISION
DFARS-252.242-7006-c-1,DFARS-252.242-7006-c-1-10,HAS_PROVISION
DFARS-252.242-7006-c-1,DFARS-252.242-7006-c-1-11,HAS_PROVISION
DFARS-252.242-7006-c-1,DFARS-252.242-7006-c-1-12,HAS_PROVISION
DFARS-252.242-7006-c-1,DFARS-252.242-7006-c-1-13,HAS_PROVISION
DFARS-252.242-7006-c-1,DFARS-252.242-7006-c-1-14,HAS_PROVISION
DFARS-252.242-7006-c-1,DFARS-252.242-7006-c-1-15,HAS_PROVISION
DFARS-252.242-7006-c-1-15,DFARS-252.242-7006-c-1-15-i,HAS_PROVISION
DFARS-252.242-7006-c-1-15,DFARS-252.242-7006-c-1-15-ii,HAS_PROVISION
DFARS-252.242-7006-c-1,DFARS-252.242-7006-c-1-16,HAS_PROVISION
DFARS-252.242-7006-c-1,DFARS-252.242-7006-c-1-17,HAS_PROVISION
DFARS-252.242-7006-c-1,DFARS-252.242-7006-c-1-18,HAS_PROVISION
DFARS-252.242-7006,DFARS-252.242-7006-d,HAS_PROVISION
DFARS-252.242-7006-d,DFARS-252.242-7006-d-1,HAS_PROVISION
DFARS-252.242-7006-d,DFARS-252.242-7006-d-2,HAS_PROVISION
DFARS-252.242-7006-d,DFARS-252.242-7006-d-3,HAS_PROVISION
DFARS-252.242-7006-d-3,DFARS-252.242-7006-d-3-i,HAS_PROVISION
DFARS-252.242-7006-d-3,DFARS-252.242-7006-d-3-ii,HAS_PROVISION
DFARS-252.242-7006-d-3,DFARS-252.242-7006-d-3-iii,HAS_PROVISION
DFARS-252.242-7006,DFARS-252.242-7006-e,HAS_PROVISION
DFARS-252.242-7006,DFARS-252.242-7006-f,HAS_PROVISION
DFARS-P252,DFARS-SP252_243,HAS_SUBPART
DFARS-SP252_243,DFARS-252.243-7000,HAS_SECTION
DFARS-SP252_243,DFARS-252.243-7001,HAS_SECTION
DFARS-SP252_243,DFARS-252.243-7002,HAS_SECTION
DFARS-252.243-7002,DFARS-252.243-7002-a,HAS_PROVISION
DFARS-252.243-7002,DFARS-252.243-7002-b,HAS_PROVISION
DFARS-252.243-7002,DFARS-252.243-7002-c,HAS_PROVISION
DFARS-252.243-7002-c,DFARS-252.243-7002-c-1,HAS_PROVISION
DFARS-252.243-7002-c,DFARS-252.243-7002-c-2,HAS_PROVISION
DFARS-252.243-7002,DFARS-252.243-7002-d,HAS_PROVISION
DFARS-252.243-7002-d,DFARS-252.243-7002-d-1,HAS_PROVISION
DFARS-252.243-7002-d,DFARS-252.243-7002-d-2,HAS_PROVISION
DFARS-P252,DFARS-SP252_244,HAS_SUBPART
DFARS-SP252_244,DFARS-252.244-7000,HAS_SECTION
DFARS-252.244-7000,DFARS-252.244-7000-a,HAS_PROVISION
DFARS-252.244-7000-a,DFARS-252.244-7000-a-1,HAS_PROVISION
DFARS-252.244-7000-a,DFARS-252.244-7000-a-2,HAS_PROVISION
DFARS-252.244-7000-a,DFARS-252.244-7000-a-2_2,HAS_PROVISION
DFARS-SP252_244,DFARS-252.244-7001,HAS_SECTION
DFARS-252.244-7001,DFARS-252.244-7001-a,HAS_PROVISION
DFARS-252.244-7001-a,DFARS-252.244-7001-a-1,HAS_PROVISION
DFARS-252.244-7001-a,DFARS-252.244-7001-a-2,HAS_PROVISION
DFARS-252.244-7001,DFARS-252.244-7001-b,HAS_PROVISION
DFARS-252.244-7001,DFARS-252.244-7001-c,HAS_PROVISION
DFARS-252.244-7001-c,DFARS-252.244-7001-c-1,HAS_PROVISION
DFARS-252.244-7001-c,DFARS-252.244-7001-c-2,HAS_PROVISION
DFARS-252.244-7001-c,DFARS-252.244-7001-c-3,HAS_PROVISION
DFARS-252.244-7001-c,DFARS-252.244-7001-c-4,HAS_PROVISION
DFARS-252.244-7001-c,DFARS-252.244-7001-c-5,HAS_PROVISION
DFARS-252.244-7001-c,DFARS-252.244-7001-c-6,HAS_PROVISION
DFARS-252.244-7001-c,DFARS-252.244-7001-c-7,HAS_PROVISION
DFARS-252.244-7001-c,DFARS-252.244-7001-c-8,HAS_PROVISION
DFARS-252.244-7001-c-8,DFARS-252.244-7001-c-8-9,HAS_PROVISION
DFARS-252.244-7001-c-8,DFARS-252.244-7001-c-8-10,HAS_PROVISION
DFARS-252.244-7001-c-8,DFARS-252.244-7001-c-8-11,HAS_PROVISION
DFARS-252.244-7001-c-8,DFARS-252.244-7001-c-8-12,HAS_PROVISION
DFARS-252.244-7001-c-8,DFARS-252.244-7001-c-8-13,HAS_PROVISION
DFARS-252.244-7001-c-8,DFARS-252.244-7001-c-8-14,HAS_PROVISION
DFARS-252.244-7001-c-8,DFARS-252.244-7001-c-8-15,HAS_PROVISION
DFARS-252.244-7001-c-8,DFARS-252.244-7001-c-8-16,HAS_PROVISION
DFARS-252.244-7001-c-8,DFARS-252.244-7001-c-8-17,HAS_PROVISION
DFARS-252.244-7001-c-8,DFARS-252.244-7001-c-8-18,HAS_PROVISION
DFARS-252.244-7001-c-8,DFARS-252.244-7001-c-8-19,HAS_PROVISION
DFARS-252.244-7001-c-8,DFARS-252.244-7001-c-8-20,HAS_PROVISION
DFARS-252.244-7001-c-8,DFARS-252.244-7001-c-8-21,HAS_PROVISION
DFARS-252.244-7001-c-8,DFARS-252.244-7001-c-8-22,HAS_PROVISION
DFARS-252.244-7001-c-8,DFARS-252.244-7001-c-8-23,HAS_PROVISION
DFARS-252.244-7001-c-8,DFARS-252.244-7001-c-8-24,HAS_PROVISION
DFARS-252.244-7001-c-8-24,DFARS-252.244-7001-c-8-24-i,HAS_PROVISION
DFARS-252.244-7001-c-8-24,DFARS-252.244-7001-c-8-24-ii,HAS_PROVISION
DFARS-252.244-7001-c,DFARS-252.244-7001-c-d,HAS_PROVISION
DFARS-252.244-7001-c-d,DFARS-252.244-7001-c-d-1,HAS_PROVISION
DFARS-252.244-7001-c-d,DFARS-252.244-7001-c-d-2,HAS_PROVISION
DFARS-252.244-7001-c-d,DFARS-252.244-7001-c-d-3,HAS_PROVISION
DFARS-252.244-7001-c-d-3,DFARS-252.244-7001-c-d-3-i,HAS_PROVISION
DFARS-252.244-7001-c-d-3,DFARS-252.244-7001-c-d-3-ii,HAS_PROVISION
DFARS-252.244-7001-c-d-3,DFARS-252.244-7001-c-d-3-iii,HAS_PROVISION
DFARS-252.244-7001,DFARS-252.244-7001-e,HAS_PROVISION
DFARS-252.244-7001,DFARS-252.244-7001-f,HAS_PROVISION
DFARS-252.244-7001,DFARS-252.244-7001-a_2,HAS_PROVISION
DFARS-252.244-7001-a_2,DFARS-252.244-7001-a_2-1,HAS_PROVISION
DFARS-252.244-7001-a_2,DFARS-252.244-7001-a_2-2,HAS_PROVISION
DFARS-252.244-7001,DFARS-252.244-7001-b_2,HAS_PROVISION
DFARS-252.244-7001,DFARS-252.244-7001-c_2,HAS_PROVISION
DFARS-252.244-7001-c_2,DFARS-252.244-7001-c_2-1,HAS_PROVISION
DFARS-252.244-7001-c_2,DFARS-252.244-7001-c_2-2,HAS_PROVISION
DFARS-252.244-7001-c_2,DFARS-252.244-7001-c_2-3,HAS_PROVISION
DFARS-252.244-7001,DFARS-252.244-7001-d,HAS_PROVISION
DFARS-252.244-7001-d,DFARS-252.244-7001-d-1,HAS_PROVISION
DFARS-252.244-7001-d,DFARS-252.244-7001-d-2,HAS_PROVISION
DFARS-252.244-7001-d,DFARS-252.244-7001-d-3,HAS_PROVISION
DFARS-252.244-7001-d-3,DFARS-252.244-7001-d-3-i,HAS_PROVISION
DFARS-252.244-7001-d-3,DFARS-252.244-7001-d-3-ii,HAS_PROVISION
DFARS-252.244-7001-d-3,DFARS-252.244-7001-d-3-iii,HAS_PROVISION
DFARS-252.244-7001,DFARS-252.244-7001-e_2,HAS_PROVISION
DFARS-252.244-7001,DFARS-252.244-7001-f_2,HAS_PROVISION
DFARS-P252,DFARS-SP252_245,HAS_SUBPART
DFARS-SP252_245,DFARS-252.245-7000,HAS_SECTION
DFARS-252.245-7000,DFARS-252.245-7000-a,HAS_PROVISION
DFARS-252.245-7000,DFARS-252.245-7000-b,HAS_PROVISION
DFARS-252.245-7000,DFARS-252.245-7000-c,HAS_PROVISION
DFARS-SP252_245,DFARS-252.245-7001,HAS_SECTION
DFARS-SP252_245,DFARS-252.245-7002,HAS_SECTION
DFARS-SP252_245,DFARS-252.245-7003,HAS_SECTION
DFARS-252.245-7003,DFARS-252.245-7003-a,HAS_PROVISION
DFARS-252.245-7003,DFARS-252.245-7003-c,HAS_PROVISION
DFARS-252.245-7003-c,DFARS-252.245-7003-c-1,HAS_PROVISION
DFARS-252.245-7003-c,DFARS-252.245-7003-c-2,HAS_PROVISION
DFARS-252.245-7003-c,DFARS-252.245-7003-c-b,HAS_PROVISION
DFARS-252.245-7003-c,DFARS-252.245-7003-c-c,HAS_PROVISION
DFARS-252.245-7003-c,DFARS-252.245-7003-c-d,HAS_PROVISION
DFARS-252.245-7003-c-d,DFARS-252.245-7003-c-d-1,HAS_PROVISION
DFARS-252.245-7003-c-d,DFARS-252.245-7003-c-d-2,HAS_PROVISION
DFARS-252.245-7003-c-d-2,DFARS-252.245-7003-c-d-2-3,HAS_PROVISION
DFARS-252.245-7003-c-d-2,DFARS-252.245-7003-c-d-2-i,HAS_PROVISION
DFARS-252.245-7003-c-d-2,DFARS-252.245-7003-c-d-2-ii,HAS_PROVISION
DFARS-252.245-7003-c-d-2,DFARS-252.245-7003-c-d-2-iii,HAS_PROVISION
DFARS-252.245-7003-c,DFARS-252.245-7003-c-e,HAS_PROVISION
DFARS-252.245-7003-c,DFARS-252.245-7003-c-f,HAS_PROVISION
DFARS-SP252_245,DFARS-252.245-7004,HAS_SECTION
DFARS-SP252_245,DFARS-252.245-7005,HAS_SECTION
DFARS-252.245-7005,DFARS-252.245-7005-a,HAS_PROVISION
DFARS-252.245-7005-a,DFARS-252.245-7005-a-1,HAS_PROVISION
DFARS-252.245-7005,DFARS-252.245-7005-DLA,HAS_PROVISION
DFARS-252.245-7005-DLA,DFARS-252.245-7005-DLA-2,HAS_PROVISION
DFARS-252.245-7005-DLA-2,DFARS-252.245-7005-DLA-2-1,HAS_PROVISION
DFARS-252.245-7005-DLA-2,DFARS-252.245-7005-DLA-2-2,HAS_PROVISION
DFARS-252.245-7005-DLA-2,DFARS-252.245-7005-DLA-2-3,HAS_PROVISION
DFARS-252.245-7005-DLA-2,DFARS-252.245-7005-DLA-2-4,HAS_PROVISION
DFARS-252.245-7005-DLA,DFARS-252.245-7005-DLA-b,HAS_PROVISION
DFARS-252.245-7005-DLA-b,DFARS-252.245-7005-DLA-b-1,HAS_PROVISION
DFARS-252.245-7005-DLA-b-1,DFARS-252.245-7005-DLA-b-1-i,HAS_PROVISION
DFARS-252.245-7005-DLA-b-1,DFARS-252.245-7005-DLA-b-1-iii,HAS_PROVISION
DFARS-252.245-7005-DLA-b-1,DFARS-252.245-7005-DLA-b-1-iv,HAS_PROVISION
DFARS-252.245-7005-DLA-b-1,DFARS-252.245-7005-DLA-b-1-v,HAS_PROVISION
DFARS-252.245-7005-DLA-b-1,DFARS-252.245-7005-DLA-b-1-vi,HAS_PROVISION
DFARS-252.245-7005-DLA-b,DFARS-252.245-7005-DLA-b-2,HAS_PROVISION
DFARS-252.245-7005-DLA-b,DFARS-252.245-7005-DLA-b-3,HAS_PROVISION
DFARS-252.245-7005-DLA-b,DFARS-252.245-7005-DLA-b-4,HAS_PROVISION
DFARS-252.245-7005-DLA-b,DFARS-252.245-7005-DLA-b-5,HAS_PROVISION
DFARS-252.245-7005-DLA,DFARS-252.245-7005-DLA-c,HAS_PROVISION
DFARS-252.245-7005-DLA-c,DFARS-252.245-7005-DLA-c-1,HAS_PROVISION
DFARS-252.245-7005-DLA-c,DFARS-252.245-7005-DLA-c-2,HAS_PROVISION
DFARS-252.245-7005-DLA-c,DFARS-252.245-7005-DLA-c-3,HAS_PROVISION
DFARS-252.245-7005-DLA-c,DFARS-252.245-7005-DLA-c-4,HAS_PROVISION
DFARS-252.245-7005-DLA-c,DFARS-252.245-7005-DLA-c-5,HAS_PROVISION
DFARS-252.245-7005-DLA-c,DFARS-252.245-7005-DLA-c-6,HAS_PROVISION
DFARS-252.245-7005-DLA,DFARS-252.245-7005-DLA-d,HAS_PROVISION
DFARS-252.245-7005-DLA-d,DFARS-252.245-7005-DLA-d-1,HAS_PROVISION
DFARS-252.245-7005-DLA-d,DFARS-252.245-7005-DLA-d-2,HAS_PROVISION
DFARS-252.245-7005-DLA-d,DFARS-252.245-7005-DLA-d-3,HAS_PROVISION
DFARS-252.245-7005-DLA-d,DFARS-252.245-7005-DLA-d-4,HAS_PROVISION
DFARS-252.245-7005-DLA,DFARS-252.245-7005-DLA-e,HAS_PROVISION
DFARS-252.245-7005-DLA-e,DFARS-252.245-7005-DLA-e-1,HAS_PROVISION
DFARS-252.245-7005-DLA-e-1,DFARS-252.245-7005-DLA-e-1-i,HAS_PROVISION
DFARS-252.245-7005-DLA-e-1,DFARS-252.245-7005-DLA-e-1-ii,HAS_PROVISION
DFARS-252.245-7005-DLA-e-1,DFARS-252.245-7005-DLA-e-1-iii,HAS_PROVISION
DFARS-252.245-7005-DLA-e,DFARS-252.245-7005-DLA-e-2,HAS_PROVISION
DFARS-252.245-7005-DLA,DFARS-252.245-7005-DLA-f,HAS_PROVISION
DFARS-252.245-7005-DLA,DFARS-252.245-7005-DLA-g,HAS_PROVISION
DFARS-252.245-7005-DLA,DFARS-252.245-7005-DLA-h,HAS_PROVISION
DFARS-252.245-7005-DLA-h,DFARS-252.245-7005-DLA-h-i,HAS_PROVISION
DFARS-252.245-7005-DLA,DFARS-252.245-7005-DLA-j,HAS_PROVISION
DFARS-252.245-7005-DLA-j,DFARS-252.245-7005-DLA-j-1,HAS_PROVISION
DFARS-252.245-7005-DLA-j-1,DFARS-252.245-7005-DLA-j-1-i,HAS_PROVISION
DFARS-252.245-7005-DLA-j-1,DFARS-252.245-7005-DLA-j-1-ii,HAS_PROVISION
DFARS-252.245-7005-DLA-j,DFARS-252.245-7005-DLA-j-2,HAS_PROVISION
DFARS-252.245-7005-DLA,DFARS-252.245-7005-DLA-k,HAS_PROVISION
DFARS-252.245-7005-DLA-k,DFARS-252.245-7005-DLA-k-1,HAS_PROVISION
DFARS-252.245-7005-DLA-k-1,DFARS-252.245-7005-DLA-k-1-i,HAS_PROVISION
DFARS-252.245-7005-DLA-k-1,DFARS-252.245-7005-DLA-k-1-ii,HAS_PROVISION
DFARS-252.245-7005-DLA-k-1,DFARS-252.245-7005-DLA-k-1-iii,HAS_PROVISION
DFARS-252.245-7005-DLA-k-1,DFARS-252.245-7005-DLA-k-1-iv,HAS_PROVISION
DFARS-252.245-7005-DLA-k-1,DFARS-252.245-7005-DLA-k-1-v,HAS_PROVISION
DFARS-252.245-7005-DLA-k-1,DFARS-252.245-7005-DLA-k-1-vi,HAS_PROVISION
DFARS-252.245-7005-DLA-k-1,DFARS-252.245-7005-DLA-k-1-vii,HAS_PROVISION
DFARS-252.245-7005-DLA-k-1,DFARS-252.245-7005-DLA-k-1-viii,HAS_PROVISION
DFARS-252.245-7005-DLA-k,DFARS-252.245-7005-DLA-k-2,HAS_PROVISION
DFARS-252.245-7005-DLA-k-2,DFARS-252.245-7005-DLA-k-2-i,HAS_PROVISION
DFARS-252.245-7005-DLA-k-2,DFARS-252.245-7005-DLA-k-2-ii,HAS_PROVISION
DFARS-252.245-7005-DLA-k-2,DFARS-252.245-7005-DLA-k-2-iii,HAS_PROVISION
DFARS-252.245-7005-DLA-k-2,DFARS-252.245-7005-DLA-k-2-iv,HAS_PROVISION
DFARS-252.245-7005-DLA-k-2,DFARS-252.245-7005-DLA-k-2-v,HAS_PROVISION
DFARS-252.245-7005-DLA-k-2-v,DFARS-252.245-7005-DLA-k-2-v-A,HAS_PROVISION
DFARS-252.245-7005-DLA-k-2-v,DFARS-252.245-7005-DLA-k-2-v-B,HAS_PROVISION
DFARS-252.245-7005-DLA-k-2-v-B,DFARS-252.245-7005-DLA-k-2-v-B-C,HAS_PROVISION
DFARS-252.245-7005-DLA-k,DFARS-252.245-7005-DLA-k-l,HAS_PROVISION
DFARS-252.245-7005-DLA-k-l,DFARS-252.245-7005-DLA-k-l-1,HAS_PROVISION
DFARS-252.245-7005-DLA-k-l,DFARS-252.245-7005-DLA-k-l-2,HAS_PROVISION
DFARS-252.245-7005-DLA-k-l,DFARS-252.245-7005-DLA-k-l-3,HAS_PROVISION
DFARS-252.245-7005-DLA-k,DFARS-252.245-7005-DLA-k-m,HAS_PROVISION
DFARS-252.245-7005-DLA-k-m,DFARS-252.245-7005-DLA-k-m-1,HAS_PROVISION
DFARS-252.245-7005-DLA-k-m,DFARS-252.245-7005-DLA-k-m-2,HAS_PROVISION
DFARS-252.245-7005-DLA-k-m,DFARS-252.245-7005-DLA-k-m-3,HAS_PROVISION
DFARS-252.245-7005-DLA-k-m,DFARS-252.245-7005-DLA-k-m-4,HAS_PROVISION
DFARS-P252,DFARS-SP252_246,HAS_SUBPART
DFARS-SP252_246,DFARS-252.246-7000,HAS_SECTION
DFARS-SP252_246,DFARS-252.246-7001,HAS_SECTION
DFARS-252.246-7001,DFARS-252.246-7001-a,HAS_PROVISION
DFARS-252.246-7001,DFARS-252.246-7001-b,HAS_PROVISION
DFARS-252.246-7001,DFARS-252.246-7001-c,HAS_PROVISION
DFARS-252.246-7001,DFARS-252.246-7001-d,HAS_PROVISION
DFARS-252.246-7001-d,DFARS-252.246-7001-d-1,HAS_PROVISION
DFARS-252.246-7001-d-1,DFARS-252.246-7001-d-1-i,HAS_PROVISION
DFARS-252.246-7001-d-1,DFARS-252.246-7001-d-1-ii,HAS_PROVISION
DFARS-252.246-7001-d,DFARS-252.246-7001-d-2,HAS_PROVISION
DFARS-252.246-7001-d-2,DFARS-252.246-7001-d-2-i,HAS_PROVISION
DFARS-252.246-7001-d-2,DFARS-252.246-7001-d-2-ii,HAS_PROVISION
DFARS-252.246-7001-d,DFARS-252.246-7001-d-3,HAS_PROVISION
DFARS-252.246-7001,DFARS-252.246-7001-e,HAS_PROVISION
DFARS-252.246-7001-e,DFARS-252.246-7001-e-a,HAS_PROVISION
DFARS-252.246-7001-e,DFARS-252.246-7001-e-b,HAS_PROVISION
DFARS-252.246-7001-e,DFARS-252.246-7001-e-c,HAS_PROVISION
DFARS-252.246-7001-e,DFARS-252.246-7001-e-d,HAS_PROVISION
DFARS-252.246-7001-e-d,DFARS-252.246-7001-e-d-1,HAS_PROVISION
DFARS-252.246-7001-e-d-1,DFARS-252.246-7001-e-d-1-i,HAS_PROVISION
DFARS-252.246-7001-e-d-1,DFARS-252.246-7001-e-d-1-ii,HAS_PROVISION
DFARS-252.246-7001-e-d,DFARS-252.246-7001-e-d-2,HAS_PROVISION
DFARS-252.246-7001-e-d-2,DFARS-252.246-7001-e-d-2-i,HAS_PROVISION
DFARS-252.246-7001-e-d-2,DFARS-252.246-7001-e-d-2-ii,HAS_PROVISION
DFARS-252.246-7001-e-d,DFARS-252.246-7001-e-d-3,HAS_PROVISION
DFARS-252.246-7001-e-d-3,DFARS-252.246-7001-e-d-3-i,HAS_PROVISION
DFARS-252.246-7001-e-d-3,DFARS-252.246-7001-e-d-3-ii,HAS_PROVISION
DFARS-252.246-7001-e-d-3-ii,DFARS-252.246-7001-e-d-3-ii-A,HAS_PROVISION
DFARS-252.246-7001-e-d-3-ii,DFARS-252.246-7001-e-d-3-ii-B,HAS_PROVISION
DFARS-252.246-7001-e-d-3-ii,DFARS-252.246-7001-e-d-3-ii-C,HAS_PROVISION
DFARS-252.246-7001-e-d-3,DFARS-252.246-7001-e-d-3-iii,HAS_PROVISION
DFARS-252.246-7001-e-d-3,DFARS-252.246-7001-e-d-3-iv,HAS_PROVISION
DFARS-252.246-7001-e-d-3-iv,DFARS-252.246-7001-e-d-3-iv-A,HAS_PROVISION
DFARS-252.246-7001,DFARS-252.246-7001-SIE,HAS_PROVISION
DFARS-252.246-7001-SIE,DFARS-252.246-7001-SIE-B,HAS_PROVISION
DFARS-252.246-7001-SIE,DFARS-252.246-7001-SIE-e,HAS_PROVISION
DFARS-252.246-7001-SIE-e,DFARS-252.246-7001-SIE-e-a,HAS_PROVISION
DFARS-252.246-7001-SIE-e,DFARS-252.246-7001-SIE-e-b,HAS_PROVISION
DFARS-252.246-7001-SIE-e,DFARS-252.246-7001-SIE-e-c,HAS_PROVISION
DFARS-252.246-7001-SIE-e,DFARS-252.246-7001-SIE-e-d,HAS_PROVISION
DFARS-252.246-7001-SIE-e-d,DFARS-252.246-7001-SIE-e-d-1,HAS_PROVISION
DFARS-252.246-7001-SIE-e-d-1,DFARS-252.246-7001-SIE-e-d-1-i,HAS_PROVISION
DFARS-252.246-7001-SIE-e-d-1,DFARS-252.246-7001-SIE-e-d-1-ii,HAS_PROVISION
DFARS-252.246-7001-SIE-e-d,DFARS-252.246-7001-SIE-e-d-2,HAS_PROVISION
DFARS-252.246-7001-SIE-e-d-2,DFARS-252.246-7001-SIE-e-d-2-i,HAS_PROVISION
DFARS-252.246-7001-SIE-e-d-2,DFARS-252.246-7001-SIE-e-d-2-ii,HAS_PROVISION
DFARS-252.246-7001-SIE-e-d,DFARS-252.246-7001-SIE-e-d-3,HAS_PROVISION
DFARS-252.246-7001-SIE-e-d-3,DFARS-252.246-7001-SIE-e-d-3-i,HAS_PROVISION
DFARS-252.246-7001-SIE-e-d-3,DFARS-252.246-7001-SIE-e-d-3-ii,HAS_PROVISION
DFARS-252.246-7001-SIE-e-d-3-ii,DFARS-252.246-7001-SIE-e-d-3-ii-A,HAS_PROVISION
DFARS-252.246-7001-SIE-e-d-3-ii,DFARS-252.246-7001-SIE-e-d-3-ii-B,HAS_PROVISION
DFARS-252.246-7001-SIE-e-d-3-ii,DFARS-252.246-7001-SIE-e-d-3-ii-C,HAS_PROVISION
DFARS-252.246-7001-SIE-e-d-3,DFARS-252.246-7001-SIE-e-d-3-iii,HAS_PROVISION
DFARS-252.246-7001-SIE-e-d-3-iii,DFARS-252.246-7001-SIE-e-d-3-iii-A,HAS_PROVISION
DFARS-252.246-7001,DFARS-252.246-7001-SIE_2,HAS_PROVISION
DFARS-252.246-7001-SIE_2,DFARS-252.246-7001-SIE_2-B,HAS_PROVISION
DFARS-252.246-7001-SIE_2,DFARS-252.246-7001-SIE_2-e,HAS_PROVISION
DFARS-SP252_246,DFARS-252.246-7002,HAS_SECTION
DFARS-252.246-7002,DFARS-252.246-7002-a,HAS_PROVISION
DFARS-252.246-7002,DFARS-252.246-7002-b,HAS_PROVISION
DFARS-252.246-7002,DFARS-252.246-7002-c,HAS_PROVISION
DFARS-252.246-7002-c,DFARS-252.246-7002-c-1,HAS_PROVISION
DFARS-252.246-7002-c,DFARS-252.246-7002-c-2,HAS_PROVISION
DFARS-252.246-7002,DFARS-252.246-7002-d,HAS_PROVISION
DFARS-252.246-7002,DFARS-252.246-7002-e,HAS_PROVISION
DFARS-252.246-7002,DFARS-252.246-7002-f,HAS_PROVISION
DFARS-252.246-7002,DFARS-252.246-7002-g,HAS_PROVISION
DFARS-252.246-7002-g,DFARS-252.246-7002-g-1,HAS_PROVISION
DFARS-252.246-7002-g,DFARS-252.246-7002-g-2,HAS_PROVISION
DFARS-252.246-7002-g,DFARS-252.246-7002-g-3,HAS_PROVISION
DFARS-252.246-7002,DFARS-252.246-7002-h,HAS_PROVISION
DFARS-252.246-7002-h,DFARS-252.246-7002-h-i,HAS_PROVISION
DFARS-252.246-7002,DFARS-252.246-7002-j,HAS_PROVISION
DFARS-SP252_246,DFARS-252.246-7003,HAS_SECTION
DFARS-252.246-7003,DFARS-252.246-7003-a,HAS_PROVISION
DFARS-252.246-7003,DFARS-252.246-7003-b,HAS_PROVISION
DFARS-252.246-7003-b,DFARS-252.246-7003-b-1,HAS_PROVISION
DFARS-252.246-7003-b,DFARS-252.246-7003-b-2,HAS_PROVISION
DFARS-252.246-7003,DFARS-252.246-7003-c,HAS_PROVISION
DFARS-252.246-7003-c,DFARS-252.246-7003-c-1,HAS_PROVISION
DFARS-252.246-7003-c,DFARS-252.246-7003-c-2,HAS_PROVISION
DFARS-252.246-7003-c-2,DFARS-252.246-7003-c-2-i,HAS_PROVISION
DFARS-252.246-7003-c-2,DFARS-252.246-7003-c-2-ii,HAS_PROVISION
DFARS-252.246-7003-c-2,DFARS-252.246-7003-c-2-iii,HAS_PROVISION
DFARS-252.246-7003-c-2,DFARS-252.246-7003-c-2-iv,HAS_PROVISION
DFARS-252.246-7003-c-2,DFARS-252.246-7003-c-2-v,HAS_PROVISION
DFARS-252.246-7003,DFARS-252.246-7003-d,HAS_PROVISION
DFARS-252.246-7003-d,DFARS-252.246-7003-d-1,HAS_PROVISION
DFARS-252.246-7003-d,DFARS-252.246-7003-d-2,HAS_PROVISION
DFARS-252.246-7003,DFARS-252.246-7003-e,HAS_PROVISION
DFARS-252.246-7003,DFARS-252.246-7003-f,HAS_PROVISION
DFARS-252.246-7003-f,DFARS-252.246-7003-f-i,HAS_PROVISION
DFARS-252.246-7003-f,DFARS-252.246-7003-f-ii,HAS_PROVISION
DFARS-252.246-7003-f,DFARS-252.246-7003-f-iii,HAS_PROVISION
DFARS-252.246-7003-f,DFARS-252.246-7003-f-2,HAS_PROVISION
DFARS-252.246-7003,DFARS-252.246-7003-c_2,HAS_PROVISION
DFARS-252.246-7003-c_2,DFARS-252.246-7003-c_2-i,HAS_PROVISION
DFARS-252.246-7003-c_2,DFARS-252.246-7003-c_2-ii,HAS_PROVISION
DFARS-SP252_246,DFARS-252.246-7004,HAS_SECTION
DFARS-252.246-7004,DFARS-252.246-7004-a,HAS_PROVISION
DFARS-252.246-7004,DFARS-252.246-7004-b,HAS_PROVISION
DFARS-252.246-7004-b,DFARS-252.246-7004-b-1,HAS_PROVISION
DFARS-252.246-7004-b,DFARS-252.246-7004-b-2,HAS_PROVISION
DFARS-252.246-7004-b,DFARS-252.246-7004-b-3,HAS_PROVISION
DFARS-252.246-7004-b,DFARS-252.246-7004-b-4,HAS_PROVISION
DFARS-252.246-7004-b,DFARS-252.246-7004-b-5,HAS_PROVISION
DFARS-252.246-7004-b,DFARS-252.246-7004-b-6,HAS_PROVISION
DFARS-252.246-7004-b,DFARS-252.246-7004-b-7,HAS_PROVISION
DFARS-252.246-7004,DFARS-252.246-7004-c,HAS_PROVISION
DFARS-SP252_246,DFARS-252.246-7005,HAS_SECTION
DFARS-252.246-7005,DFARS-252.246-7005-a,HAS_PROVISION
DFARS-252.246-7005,DFARS-252.246-7005-b,HAS_PROVISION
DFARS-252.246-7005-b,DFARS-252.246-7005-b-1,HAS_PROVISION
DFARS-252.246-7005-b,DFARS-252.246-7005-b-2,HAS_PROVISION
DFARS-252.246-7005-b-2,DFARS-252.246-7005-b-2-A,HAS_PROVISION
DFARS-252.246-7005-b-2,DFARS-252.246-7005-b-2-B,HAS_PROVISION
DFARS-252.246-7005-b,DFARS-252.246-7005-b-3,HAS_PROVISION
DFARS-SP252_246,DFARS-252.246-7006,HAS_SECTION
DFARS-252.246-7006,DFARS-252.246-7006-a,HAS_PROVISION
DFARS-252.246-7006,DFARS-252.246-7006-b,HAS_PROVISION
DFARS-252.246-7006-b,DFARS-252.246-7006-b-1,HAS_PROVISION
DFARS-252.246-7006-b,DFARS-252.246-7006-b-2,HAS_PROVISION
DFARS-252.246-7006-b-2,DFARS-252.246-7006-b-2-A,HAS_PROVISION
DFARS-252.246-7006-b-2,DFARS-252.246-7006-b-2-B,HAS_PROVISION
DFARS-252.246-7006-b,DFARS-252.246-7006-b-3,HAS_PROVISION
DFARS-252.246-7006-b,DFARS-252.246-7006-b-4,HAS_PROVISION
DFARS-252.246-7006,DFARS-252.246-7006-c,HAS_PROVISION
DFARS-SP252_246,DFARS-252.246-7007,HAS_SECTION
DFARS-252.246-7007,DFARS-252.246-7007-a,HAS_PROVISION
DFARS-252.246-7007,DFARS-252.246-7007-b,HAS_PROVISION
DFARS-252.246-7007,DFARS-252.246-7007-c,HAS_PROVISION
DFARS-252.246-7007-c,DFARS-252.246-7007-c-1,HAS_PROVISION
DFARS-252.246-7007-c,DFARS-252.246-7007-c-2,HAS_PROVISION
DFARS-252.246-7007-c,DFARS-252.246-7007-c-3,HAS_PROVISION
DFARS-252.246-7007-c,DFARS-252.246-7007-c-4,HAS_PROVISION
DFARS-252.246-7007-c,DFARS-252.246-7007-c-5,HAS_PROVISION
DFARS-252.246-7007-c,DFARS-252.246-7007-c-6,HAS_PROVISION
DFARS-252.246-7007-c,DFARS-252.246-7007-c-7,HAS_PROVISION
DFARS-252.246-7007-c,DFARS-252.246-7007-c-8,HAS_PROVISION
DFARS-252.246-7007-c,DFARS-252.246-7007-c-9,HAS_PROVISION
DFARS-252.246-7007-c,DFARS-252.246-7007-c-10,HAS_PROVISION
DFARS-252.246-7007-c,DFARS-252.246-7007-c-11,HAS_PROVISION
DFARS-252.246-7007-c,DFARS-252.246-7007-c-12,HAS_PROVISION
DFARS-252.246-7007,DFARS-252.246-7007-d,HAS_PROVISION
DFARS-252.246-7007,DFARS-252.246-7007-e,HAS_PROVISION
DFARS-SP252_246,DFARS-252.246-7008,HAS_SECTION
DFARS-252.246-7008,DFARS-252.246-7008-a,HAS_PROVISION
DFARS-252.246-7008,DFARS-252.246-7008-b,HAS_PROVISION
DFARS-252.246-7008-b,DFARS-252.246-7008-b-1,HAS_PROVISION
DFARS-252.246-7008-b-1,DFARS-252.246-7008-b-1-i,HAS_PROVISION
DFARS-252.246-7008-b-1,DFARS-252.246-7008-b-1-ii,HAS_PROVISION
DFARS-252.246-7008-b-1,DFARS-252.246-7008-b-1-iii,HAS_PROVISION
DFARS-252.246-7008-b,DFARS-252.246-7008-b-2,HAS_PROVISION
DFARS-252.246-7008-b-2,DFARS-252.246-7008-b-2-i,HAS_PROVISION
DFARS-252.246-7008-b-2,DFARS-252.246-7008-b-2-ii,HAS_PROVISION
DFARS-252.246-7008-b-2,DFARS-252.246-7008-b-2-iii,HAS_PROVISION
DFARS-252.246-7008-b,DFARS-252.246-7008-b-3-i,HAS_PROVISION
DFARS-252.246-7008-b-3-i,DFARS-252.246-7008-b-3-i-A,HAS_PROVISION
DFARS-252.246-7008-b-3-i-A,DFARS-252.246-7008-b-3-i-A-1,HAS_PROVISION
DFARS-252.246-7008-b-3-i-A,DFARS-252.246-7008-b-3-i-A-2,HAS_PROVISION
DFARS-252.246-7008-b-3-i,DFARS-252.246-7008-b-3-i-B,HAS_PROVISION
DFARS-252.246-7008-b-3-i,DFARS-252.246-7008-b-3-i-ii,HAS_PROVISION
DFARS-252.246-7008-b-3-i-ii,DFARS-252.246-7008-b-3-i-ii-A,HAS_PROVISION
DFARS-252.246-7008-b-3-i-ii,DFARS-252.246-7008-b-3-i-ii-B,HAS_PROVISION
DFARS-252.246-7008-b-3-i-ii,DFARS-252.246-7008-b-3-i-ii-C,HAS_PROVISION
DFARS-252.246-7008,DFARS-252.246-7008-c,HAS_PROVISION
DFARS-252.246-7008-c,DFARS-252.246-7008-c-1,HAS_PROVISION
DFARS-252.246-7008-c,DFARS-252.246-7008-c-2,HAS_PROVISION
DFARS-252.246-7008-c,DFARS-252.246-7008-c-3-i,HAS_PROVISION
DFARS-252.246-7008-c-3-i,DFARS-252.246-7008-c-3-i-ii,HAS_PROVISION
DFARS-252.246-7008,DFARS-252.246-7008-d,HAS_PROVISION
DFARS-252.246-7008,DFARS-252.246-7008-b_2,HAS_PROVISION
DFARS-252.246-7008-b_2,DFARS-252.246-7008-b_2-1,HAS_PROVISION
DFARS-252.246-7008-b_2,DFARS-252.246-7008-b_2-2,HAS_PROVISION
DFARS-252.246-7008-b_2,DFARS-252.246-7008-b_2-3,HAS_PROVISION
DFARS-252.246-7008-b_2-3,DFARS-252.246-7008-b_2-3-i,HAS_PROVISION
DFARS-252.246-7008-b_2-3,DFARS-252.246-7008-b_2-3-ii,HAS_PROVISION
DFARS-252.246-7008-b_2-3-ii,DFARS-252.246-7008-b_2-3-ii-A,HAS_PROVISION
DFARS-252.246-7008-b_2-3-ii,DFARS-252.246-7008-b_2-3-ii-B,HAS_PROVISION
DFARS-252.246-7008-b_2,DFARS-252.246-7008-b_2-e,HAS_PROVISION
DFARS-P252,DFARS-SP252_247,HAS_SUBPART
DFARS-SP252_247,DFARS-252.247-7000,HAS_SECTION
DFARS-252.247-7000,DFARS-252.247-7000-a,HAS_PROVISION
DFARS-252.247-7000-a,DFARS-252.247-7000-a-1,HAS_PROVISION
DFARS-252.247-7000-a,DFARS-252.247-7000-a-2,HAS_PROVISION
DFARS-252.247-7000,DFARS-252.247-7000-b,HAS_PROVISION
DFARS-252.247-7000,DFARS-252.247-7000-c,HAS_PROVISION
DFARS-SP252_247,DFARS-252.247-7001,HAS_SECTION
DFARS-SP252_247,DFARS-252.247-7002,HAS_SECTION
DFARS-252.247-7002,DFARS-252.247-7002-a,HAS_PROVISION
DFARS-252.247-7002-a,DFARS-252.247-7002-a-1,HAS_PROVISION
DFARS-252.247-7002-a,DFARS-252.247-7002-a-2,HAS_PROVISION
DFARS-252.247-7002-a,DFARS-252.247-7002-a-3,HAS_PROVISION
DFARS-252.247-7002,DFARS-252.247-7002-b,HAS_PROVISION
DFARS-252.247-7002,DFARS-252.247-7002-c,HAS_PROVISION
DFARS-252.247-7002-c,DFARS-252.247-7002-c-1,HAS_PROVISION
DFARS-252.247-7002-c,DFARS-252.247-7002-c-2,HAS_PROVISION
DFARS-252.247-7002-c,DFARS-252.247-7002-c-3,HAS_PROVISION
DFARS-252.247-7002-c-3,DFARS-252.247-7002-c-3-i,HAS_PROVISION
DFARS-252.247-7002-c-3,DFARS-252.247-7002-c-3-ii,HAS_PROVISION
DFARS-252.247-7002,DFARS-252.247-7002-d,HAS_PROVISION
DFARS-252.247-7002-d,DFARS-252.247-7002-d-1,HAS_PROVISION
DFARS-252.247-7002-d,DFARS-252.247-7002-d-2,HAS_PROVISION
DFARS-252.247-7002-d,DFARS-252.247-7002-d-3,HAS_PROVISION
DFARS-252.247-7002-d,DFARS-252.247-7002-d-4,HAS_PROVISION
DFARS-252.247-7002-d,DFARS-252.247-7002-d-5,HAS_PROVISION
DFARS-252.247-7002,DFARS-252.247-7002-e,HAS_PROVISION
DFARS-252.247-7002-e,DFARS-252.247-7002-e-1,HAS_PROVISION
DFARS-252.247-7002-e,DFARS-252.247-7002-e-2,HAS_PROVISION
DFARS-252.247-7002-e,DFARS-252.247-7002-e-3,HAS_PROVISION
DFARS-252.247-7002,DFARS-252.247-7002-f,HAS_PROVISION
DFARS-252.247-7002,DFARS-252.247-7002-g,HAS_PROVISION
DFARS-252.247-7002-g,DFARS-252.247-7002-g-1,HAS_PROVISION
DFARS-252.247-7002-g,DFARS-252.247-7002-g-2,HAS_PROVISION
DFARS-252.247-7002-g-2,DFARS-252.247-7002-g-2-i,HAS_PROVISION
DFARS-252.247-7002-g-2,DFARS-252.247-7002-g-2-ii,HAS_PROVISION
DFARS-252.247-7002-g-2,DFARS-252.247-7002-g-2-iii,HAS_PROVISION
DFARS-252.247-7002-g,DFARS-252.247-7002-g-3,HAS_PROVISION
DFARS-252.247-7002-g,DFARS-252.247-7002-g-4,HAS_PROVISION
DFARS-252.247-7002-g,DFARS-252.247-7002-g-5,HAS_PROVISION
DFARS-SP252_247,DFARS-252.247-7003,HAS_SECTION
DFARS-252.247-7003,DFARS-252.247-7003-a,HAS_PROVISION
DFARS-252.247-7003,DFARS-252.247-7003-b,HAS_PROVISION
DFARS-252.247-7003,DFARS-252.247-7003-c,HAS_PROVISION
DFARS-SP252_247,DFARS-252.247-7004,HAS_SECTION
DFARS-SP252_247,DFARS-252.247-7005,HAS_SECTION
DFARS-SP252_247,DFARS-252.247-7006,HAS_SECTION
DFARS-SP252_247,DFARS-252.247-7007,HAS_SECTION
DFARS-252.247-7007,DFARS-252.247-7007-a,HAS_PROVISION
DFARS-252.247-7007-a,DFARS-252.247-7007-a-1,HAS_PROVISION
DFARS-252.247-7007-a,DFARS-252.247-7007-a-2,HAS_PROVISION
DFARS-252.247-7007-a,DFARS-252.247-7007-a-3,HAS_PROVISION
DFARS-252.247-7007,DFARS-252.247-7007-b,HAS_PROVISION
DFARS-252.247-7007-b,DFARS-252.247-7007-b-1,HAS_PROVISION
DFARS-252.247-7007-b,DFARS-252.247-7007-b-2,HAS_PROVISION
DFARS-252.247-7007,DFARS-252.247-7007-c,HAS_PROVISION
DFARS-252.247-7007-c,DFARS-252.247-7007-c-1,HAS_PROVISION
DFARS-252.247-7007-c-1,DFARS-252.247-7007-c-1-i,HAS_PROVISION
DFARS-252.247-7007-c-1,DFARS-252.247-7007-c-1-ii,HAS_PROVISION
DFARS-252.247-7007-c,DFARS-252.247-7007-c-2,HAS_PROVISION
DFARS-252.247-7007,DFARS-252.247-7007-d,HAS_PROVISION
DFARS-252.247-7007-d,DFARS-252.247-7007-d-1,HAS_PROVISION
DFARS-252.247-7007-d-1,DFARS-252.247-7007-d-1-i,HAS_PROVISION
DFARS-252.247-7007-d-1,DFARS-252.247-7007-d-1-ii,HAS_PROVISION
DFARS-252.247-7007-d,DFARS-252.247-7007-d-2,HAS_PROVISION
DFARS-252.247-7007-d,DFARS-252.247-7007-d-3,HAS_PROVISION
DFARS-252.247-7007,DFARS-252.247-7007-e,HAS_PROVISION
DFARS-252.247-7007,DFARS-252.247-7007-f,HAS_PROVISION
DFARS-252.247-7007,DFARS-252.247-7007-d_2,HAS_PROVISION
DFARS-252.247-7007-d_2,DFARS-252.247-7007-d_2-g,HAS_PROVISION
DFARS-252.247-7007-d_2,DFARS-252.247-7007-d_2-h,HAS_PROVISION
DFARS-252.247-7007-d_2-h,DFARS-252.247-7007-d_2-h-i,HAS_PROVISION
DFARS-252.247-7007-d_2-h,DFARS-252.247-7007-d_2-h-1,HAS_PROVISION
DFARS-252.247-7007-d_2-h,DFARS-252.247-7007-d_2-h-2,HAS_PROVISION
DFARS-252.247-7007-d_2-h,DFARS-252.247-7007-d_2-h-3,HAS_PROVISION
DFARS-SP252_247,DFARS-252.247-7008,HAS_SECTION
DFARS-SP252_247,DFARS-252.247-7009,HAS_SECTION
DFARS-SP252_247,DFARS-252.247-7010,HAS_SECTION
DFARS-SP252_247,DFARS-252.247-7011,HAS_SECTION
DFARS-SP252_247,DFARS-252.247-7012,HAS_SECTION
DFARS-SP252_247,DFARS-252.247-7013,HAS_SECTION
DFARS-SP252_247,DFARS-252.247-7014,HAS_SECTION
DFARS-SP252_247,DFARS-252.247-7015,HAS_SECTION
DFARS-SP252_247,DFARS-252.247-7016,HAS_SECTION
DFARS-252.247-7016,DFARS-252.247-7016-a,HAS_PROVISION
DFARS-252.247-7016,DFARS-252.247-7016-b,HAS_PROVISION
DFARS-252.247-7016-b,DFARS-252.247-7016-b-1,HAS_PROVISION
DFARS-252.247-7016-b-1,DFARS-252.247-7016-b-1-i,HAS_PROVISION
DFARS-252.247-7016-b-1,DFARS-252.247-7016-b-1-ii,HAS_PROVISION
DFARS-252.247-7016-b,DFARS-252.247-7016-b-2,HAS_PROVISION
DFARS-252.247-7016-b,DFARS-252.247-7016-b-3,HAS_PROVISION
DFARS-252.247-7016,DFARS-252.247-7016-c,HAS_PROVISION
DFARS-252.247-7016-c,DFARS-252.247-7016-c-1,HAS_PROVISION
DFARS-252.247-7016-c,DFARS-252.247-7016-c-2,HAS_PROVISION
DFARS-252.247-7016-c,DFARS-252.247-7016-c-3,HAS_PROVISION
DFARS-SP252_247,DFARS-252.247-7017,HAS_SECTION
DFARS-SP252_247,DFARS-252.247-7018,HAS_SECTION
DFARS-SP252_247,DFARS-252.247-7019,HAS_SECTION
DFARS-SP252_247,DFARS-252.247-7020,HAS_SECTION
DFARS-SP252_247,DFARS-252.247-7021,HAS_SECTION
DFARS-SP252_247,DFARS-252.247-7022,HAS_SECTION
DFARS-SP252_247,DFARS-252.247-7023,HAS_SECTION
DFARS-252.247-7023,DFARS-252.247-7023-a,HAS_PROVISION
DFARS-252.247-7023,DFARS-252.247-7023-b,HAS_PROVISION
DFARS-252.247-7023-b,DFARS-252.247-7023-b-1,HAS_PROVISION
DFARS-252.247-7023-b-1,DFARS-252.247-7023-b-1-i,HAS_PROVISION
DFARS-252.247-7023-b-1,DFARS-252.247-7023-b-1-ii,HAS_PROVISION
DFARS-252.247-7023-b,DFARS-252.247-7023-b-2,HAS_PROVISION
DFARS-252.247-7023-b-2,DFARS-252.247-7023-b-2-i,HAS_PROVISION
DFARS-252.247-7023-b-2,DFARS-252.247-7023-b-2-ii,HAS_PROVISION
DFARS-252.247-7023-b-2,DFARS-252.247-7023-b-2-iii,HAS_PROVISION
DFARS-252.247-7023,DFARS-252.247-7023-c-1,HAS_PROVISION
DFARS-252.247-7023-c-1,DFARS-252.247-7023-c-1-2,HAS_PROVISION
DFARS-252.247-7023-c-1-2,DFARS-252.247-7023-c-1-2-i,HAS_PROVISION
DFARS-252.247-7023-c-1-2,DFARS-252.247-7023-c-1-2-ii,HAS_PROVISION
DFARS-252.247-7023-c-1-2-ii,DFARS-252.247-7023-c-1-2-ii-A,HAS_PROVISION
DFARS-252.247-7023-c-1-2-ii,DFARS-252.247-7023-c-1-2-ii-B,HAS_PROVISION
DFARS-252.247-7023,DFARS-252.247-7023-d,HAS_PROVISION
DFARS-252.247-7023-d,DFARS-252.247-7023-d-1,HAS_PROVISION
DFARS-252.247-7023-d,DFARS-252.247-7023-d-2,HAS_PROVISION
DFARS-252.247-7023,DFARS-252.247-7023-e,HAS_PROVISION
DFARS-252.247-7023-e,DFARS-252.247-7023-e-1,HAS_PROVISION
DFARS-252.247-7023-e,DFARS-252.247-7023-e-2,HAS_PROVISION
DFARS-252.247-7023-e,DFARS-252.247-7023-e-3,HAS_PROVISION
DFARS-252.247-7023-e,DFARS-252.247-7023-e-4,HAS_PROVISION
DFARS-252.247-7023-e,DFARS-252.247-7023-e-5,HAS_PROVISION
DFARS-252.247-7023-e-5,DFARS-252.247-7023-e-5-6,HAS_PROVISION
DFARS-252.247-7023-e-5,DFARS-252.247-7023-e-5-7,HAS_PROVISION
DFARS-252.247-7023-e,DFARS-252.247-7023-e-f,HAS_PROVISION
DFARS-252.247-7023-e-f,DFARS-252.247-7023-e-f-1,HAS_PROVISION
DFARS-252.247-7023-e-f,DFARS-252.247-7023-e-f-2,HAS_PROVISION
DFARS-252.247-7023-e-f,DFARS-252.247-7023-e-f-3,HAS_PROVISION
DFARS-252.247-7023-e-f,DFARS-252.247-7023-e-f-4,HAS_PROVISION
DFARS-252.247-7023-e-f,DFARS-252.247-7023-e-f-5,HAS_PROVISION
DFARS-252.247-7023-e-f,DFARS-252.247-7023-e-f-6,HAS_PROVISION
DFARS-252.247-7023-e-f,DFARS-252.247-7023-e-f-7,HAS_PROVISION
DFARS-252.247-7023-e-f,DFARS-252.247-7023-e-f-8,HAS_PROVISION
DFARS-252.247-7023-e-f,DFARS-252.247-7023-e-f-9,HAS_PROVISION
DFARS-252.247-7023-e-f,DFARS-252.247-7023-e-f-10,HAS_PROVISION
DFARS-252.247-7023-e,DFARS-252.247-7023-e-g,HAS_PROVISION
DFARS-252.247-7023-e-g,DFARS-252.247-7023-e-g-1,HAS_PROVISION
DFARS-252.247-7023-e-g,DFARS-252.247-7023-e-g-2,HAS_PROVISION
DFARS-252.247-7023-e-g,DFARS-252.247-7023-e-g-3,HAS_PROVISION
DFARS-252.247-7023-e-g,DFARS-252.247-7023-e-g-4,HAS_PROVISION
DFARS-252.247-7023-e,DFARS-252.247-7023-e-h,HAS_PROVISION
DFARS-252.247-7023-e,DFARS-252.247-7023-e-i,HAS_PROVISION
DFARS-252.247-7023-e-i,DFARS-252.247-7023-e-i-1,HAS_PROVISION
DFARS-252.247-7023-e-i,DFARS-252.247-7023-e-i-2,HAS_PROVISION
DFARS-252.247-7023-e,DFARS-252.247-7023-e-j,HAS_PROVISION
DFARS-252.247-7023-e-j,DFARS-252.247-7023-e-j-1,HAS_PROVISION
DFARS-252.247-7023-e-j,DFARS-252.247-7023-e-j-2,HAS_PROVISION
DFARS-252.247-7023,DFARS-252.247-7023-a_2,HAS_PROVISION
DFARS-252.247-7023,DFARS-252.247-7023-b_2,HAS_PROVISION
DFARS-252.247-7023-b_2,DFARS-252.247-7023-b_2-1,HAS_PROVISION
DFARS-252.247-7023-b_2-1,DFARS-252.247-7023-b_2-1-i,HAS_PROVISION
DFARS-252.247-7023-b_2-1,DFARS-252.247-7023-b_2-1-ii,HAS_PROVISION
DFARS-252.247-7023-b_2,DFARS-252.247-7023-b_2-2,HAS_PROVISION
DFARS-252.247-7023-b_2-2,DFARS-252.247-7023-b_2-2-i,HAS_PROVISION
DFARS-252.247-7023-b_2-2,DFARS-252.247-7023-b_2-2-ii,HAS_PROVISION
DFARS-252.247-7023-b_2-2,DFARS-252.247-7023-b_2-2-iii,HAS_PROVISION
DFARS-252.247-7023,DFARS-252.247-7023-c-1_2,HAS_PROVISION
DFARS-252.247-7023-c-1_2,DFARS-252.247-7023-c-1_2-2,HAS_PROVISION
DFARS-252.247-7023-c-1_2-2,DFARS-252.247-7023-c-1_2-2-i,HAS_PROVISION
DFARS-252.247-7023-c-1_2-2,DFARS-252.247-7023-c-1_2-2-ii,HAS_PROVISION
DFARS-252.247-7023-c-1_2-2-ii,DFARS-252.247-7023-c-1_2-2-ii-A,HAS_PROVISION
DFARS-252.247-7023-c-1_2-2-ii,DFARS-252.247-7023-c-1_2-2-ii-B,HAS_PROVISION
DFARS-252.247-7023-c-1_2-2-ii,DFARS-252.247-7023-c-1_2-2-ii-C,HAS_PROVISION
DFARS-252.247-7023,DFARS-252.247-7023-d_2,HAS_PROVISION
DFARS-252.247-7023-d_2,DFARS-252.247-7023-d_2-1,HAS_PROVISION
DFARS-252.247-7023-d_2,DFARS-252.247-7023-d_2-2,HAS_PROVISION
DFARS-252.247-7023,DFARS-252.247-7023-e_2,HAS_PROVISION
DFARS-252.247-7023-e_2,DFARS-252.247-7023-e_2-1,HAS_PROVISION
DFARS-252.247-7023-e_2,DFARS-252.247-7023-e_2-2,HAS_PROVISION
DFARS-252.247-7023-e_2,DFARS-252.247-7023-e_2-3,HAS_PROVISION
DFARS-252.247-7023-e_2,DFARS-252.247-7023-e_2-4,HAS_PROVISION
DFARS-252.247-7023-e_2,DFARS-252.247-7023-e_2-5,HAS_PROVISION
DFARS-252.247-7023-e_2,DFARS-252.247-7023-e_2-6,HAS_PROVISION
DFARS-252.247-7023-e_2-6,DFARS-252.247-7023-e_2-6-7,HAS_PROVISION
DFARS-252.247-7023-e_2,DFARS-252.247-7023-e_2-f,HAS_PROVISION
DFARS-252.247-7023-e_2-f,DFARS-252.247-7023-e_2-f-1,HAS_PROVISION
DFARS-252.247-7023-e_2-f,DFARS-252.247-7023-e_2-f-2,HAS_PROVISION
DFARS-252.247-7023-e_2-f,DFARS-252.247-7023-e_2-f-3,HAS_PROVISION
DFARS-252.247-7023-e_2-f,DFARS-252.247-7023-e_2-f-4,HAS_PROVISION
DFARS-252.247-7023-e_2-f,DFARS-252.247-7023-e_2-f-5,HAS_PROVISION
DFARS-252.247-7023-e_2-f,DFARS-252.247-7023-e_2-f-6,HAS_PROVISION
DFARS-252.247-7023-e_2-f,DFARS-252.247-7023-e_2-f-7,HAS_PROVISION
DFARS-252.247-7023-e_2-f,DFARS-252.247-7023-e_2-f-8,HAS_PROVISION
DFARS-252.247-7023-e_2-f,DFARS-252.247-7023-e_2-f-9,HAS_PROVISION
DFARS-252.247-7023-e_2-f,DFARS-252.247-7023-e_2-f-10,HAS_PROVISION
DFARS-252.247-7023-e_2,DFARS-252.247-7023-e_2-g,HAS_PROVISION
DFARS-252.247-7023-e_2-g,DFARS-252.247-7023-e_2-g-1,HAS_PROVISION
DFARS-252.247-7023-e_2-g,DFARS-252.247-7023-e_2-g-2,HAS_PROVISION
DFARS-252.247-7023-e_2-g,DFARS-252.247-7023-e_2-g-3,HAS_PROVISION
DFARS-252.247-7023-e_2-g,DFARS-252.247-7023-e_2-g-4,HAS_PROVISION
DFARS-252.247-7023-e_2,DFARS-252.247-7023-e_2-h,HAS_PROVISION
DFARS-252.247-7023-e_2,DFARS-252.247-7023-e_2-i,HAS_PROVISION
DFARS-252.247-7023-e_2-i,DFARS-252.247-7023-e_2-i-1,HAS_PROVISION
DFARS-252.247-7023-e_2-i,DFARS-252.247-7023-e_2-i-2,HAS_PROVISION
DFARS-252.247-7023-e_2,DFARS-252.247-7023-e_2-j,HAS_PROVISION
DFARS-252.247-7023-e_2-j,DFARS-252.247-7023-e_2-j-1,HAS_PROVISION
DFARS-252.247-7023-e_2-j,DFARS-252.247-7023-e_2-j-2,HAS_PROVISION
DFARS-252.247-7023,DFARS-252.247-7023-a_3,HAS_PROVISION
DFARS-252.247-7023,DFARS-252.247-7023-b_3,HAS_PROVISION
DFARS-252.247-7023-b_3,DFARS-252.247-7023-b_3-1,HAS_PROVISION
DFARS-252.247-7023-b_3-1,DFARS-252.247-7023-b_3-1-i,HAS_PROVISION
DFARS-252.247-7023-b_3-1,DFARS-252.247-7023-b_3-1-ii,HAS_PROVISION
DFARS-252.247-7023-b_3,DFARS-252.247-7023-b_3-2,HAS_PROVISION
DFARS-252.247-7023-b_3-2,DFARS-252.247-7023-b_3-2-i,HAS_PROVISION
DFARS-252.247-7023-b_3-2,DFARS-252.247-7023-b_3-2-ii,HAS_PROVISION
DFARS-252.247-7023-b_3-2,DFARS-252.247-7023-b_3-2-iii,HAS_PROVISION
DFARS-252.247-7023,DFARS-252.247-7023-c-1_3,HAS_PROVISION
DFARS-252.247-7023-c-1_3,DFARS-252.247-7023-c-1_3-2,HAS_PROVISION
DFARS-252.247-7023-c-1_3-2,DFARS-252.247-7023-c-1_3-2-i,HAS_PROVISION
DFARS-252.247-7023-c-1_3-2,DFARS-252.247-7023-c-1_3-2-ii,HAS_PROVISION
DFARS-252.247-7023-c-1_3-2-ii,DFARS-252.247-7023-c-1_3-2-ii-A,HAS_PROVISION
DFARS-252.247-7023-c-1_3-2-ii,DFARS-252.247-7023-c-1_3-2-ii-B,HAS_PROVISION
DFARS-252.247-7023-c-1_3-2-ii,DFARS-252.247-7023-c-1_3-2-ii-C,HAS_PROVISION
DFARS-252.247-7023,DFARS-252.247-7023-d_3,HAS_PROVISION
DFARS-252.247-7023-d_3,DFARS-252.247-7023-d_3-1,HAS_PROVISION
DFARS-252.247-7023-d_3,DFARS-252.247-7023-d_3-2,HAS_PROVISION
DFARS-252.247-7023,DFARS-252.247-7023-e_3,HAS_PROVISION
DFARS-252.247-7023-e_3,DFARS-252.247-7023-e_3-1,HAS_PROVISION
DFARS-252.247-7023-e_3,DFARS-252.247-7023-e_3-2,HAS_PROVISION
DFARS-252.247-7023-e_3,DFARS-252.247-7023-e_3-3,HAS_PROVISION
DFARS-252.247-7023-e_3,DFARS-252.247-7023-e_3-4,HAS_PROVISION
DFARS-252.247-7023-e_3,DFARS-252.247-7023-e_3-5,HAS_PROVISION
DFARS-252.247-7023-e_3,DFARS-252.247-7023-e_3-6,HAS_PROVISION
DFARS-252.247-7023-e_3-6,DFARS-252.247-7023-e_3-6-7,HAS_PROVISION
DFARS-252.247-7023-e_3,DFARS-252.247-7023-e_3-f,HAS_PROVISION
DFARS-252.247-7023-e_3-f,DFARS-252.247-7023-e_3-f-1,HAS_PROVISION
DFARS-252.247-7023-e_3-f,DFARS-252.247-7023-e_3-f-2,HAS_PROVISION
DFARS-252.247-7023-e_3-f,DFARS-252.247-7023-e_3-f-3,HAS_PROVISION
DFARS-252.247-7023-e_3-f,DFARS-252.247-7023-e_3-f-4,HAS_PROVISION
DFARS-252.247-7023-e_3-f,DFARS-252.247-7023-e_3-f-5,HAS_PROVISION
DFARS-252.247-7023-e_3-f,DFARS-252.247-7023-e_3-f-6,HAS_PROVISION
DFARS-252.247-7023-e_3-f,DFARS-252.247-7023-e_3-f-7,HAS_PROVISION
DFARS-252.247-7023-e_3-f,DFARS-252.247-7023-e_3-f-8,HAS_PROVISION
DFARS-252.247-7023-e_3-f,DFARS-252.247-7023-e_3-f-9,HAS_PROVISION
DFARS-252.247-7023-e_3-f,DFARS-252.247-7023-e_3-f-10,HAS_PROVISION
DFARS-252.247-7023-e_3,DFARS-252.247-7023-e_3-g,HAS_PROVISION
DFARS-252.247-7023-e_3-g,DFARS-252.247-7023-e_3-g-1,HAS_PROVISION
DFARS-252.247-7023-e_3-g,DFARS-252.247-7023-e_3-g-2,HAS_PROVISION
DFARS-252.247-7023-e_3-g,DFARS-252.247-7023-e_3-g-3,HAS_PROVISION
DFARS-252.247-7023-e_3-g,DFARS-252.247-7023-e_3-g-4,HAS_PROVISION
DFARS-252.247-7023-e_3,DFARS-252.247-7023-e_3-h,HAS_PROVISION
DFARS-252.247-7023-e_3,DFARS-252.247-7023-e_3-i,HAS_PROVISION
DFARS-252.247-7023-e_3-i,DFARS-252.247-7023-e_3-i-1,HAS_PROVISION
DFARS-252.247-7023-e_3-i,DFARS-252.247-7023-e_3-i-2,HAS_PROVISION
DFARS-252.247-7023-e_3,DFARS-252.247-7023-e_3-j,HAS_PROVISION
DFARS-252.247-7023-e_3-j,DFARS-252.247-7023-e_3-j-1,HAS_PROVISION
DFARS-252.247-7023-e_3-j,DFARS-252.247-7023-e_3-j-2,HAS_PROVISION
DFARS-SP252_247,DFARS-252.247-7024,HAS_SECTION
DFARS-SP252_247,DFARS-252.247-7025,HAS_SECTION
DFARS-252.247-7025,DFARS-252.247-7025-a,HAS_PROVISION
DFARS-252.247-7025-a,DFARS-252.247-7025-a-1,HAS_PROVISION
DFARS-252.247-7025-a,DFARS-252.247-7025-a-2,HAS_PROVISION
DFARS-252.247-7025-a,DFARS-252.247-7025-a-1_2,HAS_PROVISION
DFARS-252.247-7025-a,DFARS-252.247-7025-a-2_2,HAS_PROVISION
DFARS-252.247-7025,DFARS-252.247-7025-b,HAS_PROVISION
DFARS-252.247-7025-b,DFARS-252.247-7025-b-1,HAS_PROVISION
DFARS-252.247-7025-b-1,DFARS-252.247-7025-b-1-i,HAS_PROVISION
DFARS-252.247-7025-b-1,DFARS-252.247-7025-b-1-ii,HAS_PROVISION
DFARS-252.247-7025-b,DFARS-252.247-7025-b-2,HAS_PROVISION
DFARS-SP252_247,DFARS-252.247-7026,HAS_SECTION
DFARS-252.247-7026,DFARS-252.247-7026-a,HAS_PROVISION
DFARS-252.247-7026-a,DFARS-252.247-7026-a-1,HAS_PROVISION
DFARS-252.247-7026-a,DFARS-252.247-7026-a-2,HAS_PROVISION
DFARS-252.247-7026,DFARS-252.247-7026-b,HAS_PROVISION
DFARS-252.247-7026,DFARS-252.247-7026-c,HAS_PROVISION
DFARS-252.247-7026-c,DFARS-252.247-7026-c-1,HAS_PROVISION
DFARS-252.247-7026-c,DFARS-252.247-7026-c-2,HAS_PROVISION
DFARS-252.247-7026-c,DFARS-252.247-7026-c-3,HAS_PROVISION
DFARS-252.247-7026-c-3,DFARS-252.247-7026-c-3-i,HAS_PROVISION
DFARS-252.247-7026-c-3,DFARS-252.247-7026-c-3-ii,HAS_PROVISION
DFARS-252.247-7026-c,DFARS-252.247-7026-c-4,HAS_PROVISION
DFARS-252.247-7026-c,DFARS-252.247-7026-c-5,HAS_PROVISION
DFARS-252.247-7026,DFARS-252.247-7026-d,HAS_PROVISION
DFARS-252.247-7026-d,DFARS-252.247-7026-d-1,HAS_PROVISION
DFARS-252.247-7026-d,DFARS-252.247-7026-d-2,HAS_PROVISION
DFARS-252.247-7026,DFARS-252.247-7026-e,HAS_PROVISION
DFARS-SP252_247,DFARS-252.247-7027,HAS_SECTION
DFARS-252.247-7027,DFARS-252.247-7027-a,HAS_PROVISION
DFARS-252.247-7027,DFARS-252.247-7027-b,HAS_PROVISION
DFARS-252.247-7027,DFARS-252.247-7027-c,HAS_PROVISION
DFARS-252.247-7027-c,DFARS-252.247-7027-c-1,HAS_PROVISION
DFARS-252.247-7027-c-1,DFARS-252.247-7027-c-1-i,HAS_PROVISION
DFARS-252.247-7027-c-1,DFARS-252.247-7027-c-1-ii,HAS_PROVISION
DFARS-252.247-7027-c-1,DFARS-252.247-7027-c-1-iii,HAS_PROVISION
DFARS-252.247-7027-c-1,DFARS-252.247-7027-c-1-iv,HAS_PROVISION
DFARS-252.247-7027-c,DFARS-252.247-7027-c-2,HAS_PROVISION
DFARS-252.247-7027-c-2,DFARS-252.247-7027-c-2-i,HAS_PROVISION
DFARS-252.247-7027-c-2-i,DFARS-252.247-7027-c-2-i-A,HAS_PROVISION
DFARS-252.247-7027,DFARS-252.247-7027-B,HAS_PROVISION
DFARS-252.247-7027,DFARS-252.247-7027-ii,HAS_PROVISION
DFARS-252.247-7027-ii,DFARS-252.247-7027-ii-3,HAS_PROVISION
DFARS-SP252_247,DFARS-252.247-7028,HAS_SECTION
DFARS-252.247-7028,DFARS-252.247-7028-a,HAS_PROVISION
DFARS-252.247-7028-a,DFARS-252.247-7028-a-1,HAS_PROVISION
DFARS-252.247-7028-a,DFARS-252.247-7028-a-2,HAS_PROVISION
DFARS-252.247-7028-a,DFARS-252.247-7028-a-b,HAS_PROVISION
DFARS-P252,DFARS-SP252_249,HAS_SUBPART
DFARS-SP252_249,DFARS-252.249-7000,HAS_SECTION
DFARS-252.249-7000,DFARS-252.249-7000-a,HAS_PROVISION
DFARS-252.249-7000-a,DFARS-252.249-7000-a-1,HAS_PROVISION
DFARS-252.249-7000-a,DFARS-252.249-7000-a-2,HAS_PROVISION
DFARS-252.249-7000-a,DFARS-252.249-7000-a-3,HAS_PROVISION
DFARS-252.249-7000-a,DFARS-252.249-7000-a-4,HAS_PROVISION
DFARS-252.249-7000-a,DFARS-252.249-7000-a-5,HAS_PROVISION
DFARS-252.249-7000,DFARS-252.249-7000-b,HAS_PROVISION
DFARS-252.249-7000,DFARS-252.249-7000-c,HAS_PROVISION
DFARS-252.249-7000,DFARS-252.249-7000-d,HAS_PROVISION
DFARS-252.249-7000,DFARS-252.249-7000-e,HAS_PROVISION
DFARS-SP252_249,DFARS-252.249-7001,HAS_SECTION
DFARS-SP252_249,DFARS-252.249-7002,HAS_SECTION
DFARS-252.249-7002,DFARS-252.249-7002-a,HAS_PROVISION
DFARS-252.249-7002,DFARS-252.249-7002-b,HAS_PROVISION
DFARS-252.249-7002,DFARS-252.249-7002-c,HAS_PROVISION
DFARS-252.249-7002-c,DFARS-252.249-7002-c-i,HAS_PROVISION
DFARS-252.249-7002-c,DFARS-252.249-7002-c-ii,HAS_PROVISION
DFARS-252.249-7002-c,DFARS-252.249-7002-c-iii,HAS_PROVISION
DFARS-252.249-7002-c,DFARS-252.249-7002-c-iv,HAS_PROVISION
DFARS-252.249-7002-c,DFARS-252.249-7002-c-2,HAS_PROVISION
DFARS-252.249-7002,DFARS-252.249-7002-d,HAS_PROVISION
DFARS-252.249-7002-d,DFARS-252.249-7002-d-1,HAS_PROVISION
DFARS-252.249-7002-d,DFARS-252.249-7002-d-2,HAS_PROVISION
DFARS-252.249-7002-d-2,DFARS-252.249-7002-d-2-i,HAS_PROVISION
DFARS-252.249-7002-d-2,DFARS-252.249-7002-d-2-ii,HAS_PROVISION
DFARS-P252,DFARS-SP252_251,HAS_SUBPART
DFARS-SP252_251,DFARS-252.251-7000,HAS_SECTION
DFARS-252.251-7000,DFARS-252.251-7000-a,HAS_PROVISION
DFARS-252.251-7000-a,DFARS-252.251-7000-a-1,HAS_PROVISION
DFARS-252.251-7000-a,DFARS-252.251-7000-a-2,HAS_PROVISION
DFARS-252.251-7000-a,DFARS-252.251-7000-a-3,HAS_PROVISION
DFARS-252.251-7000,DFARS-252.251-7000-b,HAS_PROVISION
DFARS-252.251-7000,DFARS-252.251-7000-c,HAS_PROVISION
DFARS-252.251-7000-c,DFARS-252.251-7000-c-1,HAS_PROVISION
DFARS-252.251-7000-c,DFARS-252.251-7000-c-2,HAS_PROVISION
DFARS-252.251-7000-c,DFARS-252.251-7000-c-3,HAS_PROVISION
DFARS-252.251-7000-c,DFARS-252.251-7000-c-4,HAS_PROVISION
DFARS-252.251-7000,DFARS-252.251-7000-d,HAS_PROVISION
DFARS-252.251-7000-d,DFARS-252.251-7000-d-1,HAS_PROVISION
DFARS-252.251-7000-d,DFARS-252.251-7000-d-2,HAS_PROVISION
DFARS-252.251-7000,DFARS-252.251-7000-e,HAS_PROVISION
DFARS-252.251-7000,DFARS-252.251-7000-f,HAS_PROVISION
DFARS-SP252_251,DFARS-252.251-7001,HAS_SECTION
DFARS-252.251-7001,DFARS-252.251-7001-a,HAS_PROVISION
DFARS-252.251-7001-a,DFARS-252.251-7001-a-1,HAS_PROVISION
DFARS-252.251-7001-a,DFARS-252.251-7001-a-2,HAS_PROVISION
DFARS-252.251-7001-a,DFARS-252.251-7001-a-3,HAS_PROVISION
DFARS-252.251-7001-a,DFARS-252.251-7001-a-4,HAS_PROVISION
DFARS-252.251-7001-a,DFARS-252.251-7001-a-5,HAS_PROVISION
DFARS-252.251-7001,DFARS-252.251-7001-b,HAS_PROVISION
DFARS-252.251-7001,DFARS-252.251-7001-c,HAS_PROVISION
DFARS-252.251-7001,DFARS-252.251-7001-d,HAS_PROVISION
DFARS-252.251-7001,DFARS-252.251-7001-e,HAS_PROVISION
DFARS-P252,DFARS-SP252_270,HAS_SUBPART
DFARS-SP252_270,DFARS-252.270-7000,HAS_SECTION
DFARS-252.270-7000,DFARS-252.270-7000-a,HAS_PROVISION
DFARS-252.270-7000,DFARS-252.270-7000-b,HAS_PROVISION
DFARS-SP252_270,DFARS-252.270-7001,HAS_SECTION
DFARS-252.270-7001,DFARS-252.270-7001-a,HAS_PROVISION
DFARS-252.270-7001,DFARS-252.270-7001-b,HAS_PROVISION
DFARS-252.270-7001-b,DFARS-252.270-7001-b-1,HAS_PROVISION
DFARS-252.270-7001-b,DFARS-252.270-7001-b-2,HAS_PROVISION
DFARS-252.270-7001-b,DFARS-252.270-7001-b-3,HAS_PROVISION
DFARS-SP252_270,DFARS-252.270-7002,HAS_SECTION
DFARS-252.270-7002,DFARS-252.270-7002-a,HAS_PROVISION
DFARS-252.270-7002,DFARS-252.270-7002-b,HAS_PROVISION
DFARS-252.270-7002-b,DFARS-252.270-7002-b-1,HAS_PROVISION
DFARS-252.270-7002-b,DFARS-252.270-7002-b-2,HAS_PROVISION
DFARS-252.270-7002-b,DFARS-252.270-7002-b-3,HAS_PROVISION
DFARS-252.270-7002,DFARS-252.270-7002-c,HAS_PROVISION
DFARS-252.270-7002-c,DFARS-252.270-7002-c-1,HAS_PROVISION
DFARS-252.270-7002-c,DFARS-252.270-7002-c-2,HAS_PROVISION
DFARS-252.270-7002-c,DFARS-252.270-7002-c-3,HAS_PROVISION
DFARS-252.270-7002-c,DFARS-252.270-7002-c-4,HAS_PROVISION
PART_253,SUBPART_253.2,HAS_SUBPART
SUBPART_253.2,SEC_253.213,HAS_SECTION
SUBPART_253.2,SEC_253.213-70,HAS_SECTION
SUBPART_253.2,SEC_253.209,HAS_SECTION
SUBPART_253.2,SEC_253.209-1,HAS_SECTION
SUBPART_253.2,SEC_253.204,HAS_SECTION
SUBPART_253.2,SEC_253.215,HAS_SECTION
SUBPART_253.2,SEC_253.215-70,HAS_SECTION
PART_253,SUBPART_253.3,HAS_SUBPART
SUBPART_253.3,SEC_253.303,HAS_SECTION
PART_270,SEC_270.000,HAS_SECTION
PART_270,SUBPART_270.1,HAS_SUBPART
SUBPART_270.1,SEC_270.100,HAS_SECTION
SUBPART_270.1,SEC_270.101,HAS_SECTION
SUBPART_270.1,SEC_270.102,HAS_SECTION
SUBPART_270.1,SEC_270.103,HAS_SECTION
SUBPART_270.1,SEC_270.104,HAS_SECTION
SUBPART_270.1,SEC_270.105,HAS_SECTION
APP_A,APP_A_PART1,HAS_SUBPART
APP_A,APP_A_PART2,HAS_SUBPART
APP_A_PART2,SEC_APPA_PREFACE,HAS_SECTION
APP_A_PART2,SEC_APPA_I,HAS_SECTION
APP_A_PART2,SEC_APPA_II,HAS_SECTION
APP_A_PART2,SEC_APPA_RULE1,HAS_SECTION
APP_A_PART2,SEC_APPA_RULE2,HAS_SECTION
APP_A_PART2,SEC_APPA_RULE3,HAS_SECTION
APP_A_PART2,SEC_APPA_RULE4,HAS_SECTION
APP_A_PART2,SEC_APPA_RULE5,HAS_SECTION
APP_A_PART2,SEC_APPA_RULE6,HAS_SECTION
APP_A_PART2,SEC_APPA_RULE7,HAS_SECTION
APP_A_PART2,SEC_APPA_RULE8,HAS_SECTION
APP_A_PART2,SEC_APPA_RULE9,HAS_SECTION
APP_A_PART2,SEC_APPA_RULE10,HAS_SECTION
APP_A_PART2,SEC_APPA_RULE11,HAS_SECTION
APP_A_PART2,SEC_APPA_RULE12,HAS_SECTION
APP_A_PART2,SEC_APPA_RULE13,HAS_SECTION
APP_A_PART2,SEC_APPA_RULE14,HAS_SECTION
APP_A_PART2,SEC_APPA_RULE15,HAS_SECTION
APP_A_PART2,SEC_APPA_RULE16,HAS_SECTION
APP_A_PART2,SEC_APPA_RULE17,HAS_SECTION
APP_A_PART2,SEC_APPA_RULE18,HAS_SECTION
APP_A_PART2,SEC_APPA_RULE19,HAS_SECTION
APP_A_PART2,SEC_APPA_RULE20,HAS_SECTION
APP_A_PART2,SEC_APPA_RULE21,HAS_SECTION
APP_A_PART2,SEC_APPA_RULE22,HAS_SECTION
APP_A_PART2,SEC_APPA_RULE23,HAS_SECTION
APP_A_PART2,SEC_APPA_RULE24,HAS_SECTION
APP_A_PART2,SEC_APPA_ADDENDUM_I,HAS_SECTION
APP_A_PART2,SEC_APPA_ADDENDUM_II,HAS_SECTION
APP_A,APP_A_PART1_v2,HAS_SUBPART
APP_F,APP_F_PART1,HAS_SUBPART
APP_F_PART1,SEC_F-101,HAS_SECTION
APP_F_PART1,SEC_F-102,HAS_SECTION
APP_F_PART1,SEC_F-103,HAS_SECTION
APP_F_PART1,SEC_F-104,HAS_SECTION
APP_F,APP_F_PART2,HAS_SUBPART
APP_F_PART2,SEC_F-201,HAS_SECTION
APP_F,APP_F_PART3,HAS_SUBPART
APP_F_PART3,SEC_F-301,HAS_SECTION
APP_F_PART3,SEC_F-302,HAS_SECTION
APP_F_PART3,SEC_F-303,HAS_SECTION
APP_F_PART3,SEC_F-304,HAS_SECTION
APP_F_PART3,SEC_F-305,HAS_SECTION
APP_F_PART3,SEC_F-306,HAS_SECTION
APP_F_PART3,SEC_F-307,HAS_SECTION
APP_F,APP_F_PART4,HAS_SUBPART
APP_F_PART4,SEC_F-401,HAS_SECTION
APP_F_PART4,SEC_F-402,HAS_SECTION
APP_F_PART4,SEC_F-403,HAS_SECTION
APP_F_PART4,SEC_F-404,HAS_SECTION
APP_F_PART4,SEC_F-405,HAS_SECTION
APP_F_PART4,SEC_F-406,HAS_SECTION
APP_F_PART4,SEC_F-407,HAS_SECTION
APP_F_PART4,SEC_F-408,HAS_SECTION
APP_F,APP_F_PART5,HAS_SUBPART
APP_F_PART5,SEC_F-501,HAS_SECTION
APP_F,APP_F_PART6,HAS_SUBPART
APP_F_PART6,SEC_F-601,HAS_SECTION
APP_F,APP_F_PART7,HAS_SUBPART
APP_F_PART7,SEC_F-701,HAS_SECTION
APP_F,APP_F_PART8,HAS_SUBPART
APP_F_PART8,SEC_F-801,HAS_SECTION
APP_F_PART8,SEC_F-802,HAS_SECTION
APP_G,APP_G_PART1,HAS_SUBPART
APP_G,APP_G_PART2,HAS_SUBPART
APP_G,APP_G_PART3,HAS_SUBPART
APP_G,APP_G_PART4,HAS_SUBPART
APP_G,APP_G_PART5,HAS_SUBPART
APP_G,APP_G_PART6,HAS_SUBPART
APP_G,APP_G_PART7,HAS_SUBPART
APP_G,APP_G_PART8,HAS_SUBPART
APP_G,APP_G_PART9,HAS_SUBPART
APP_G,APP_G_PART10,HAS_SUBPART
APP_G,APP_G_PART11,HAS_SUBPART
APP_G,APP_G_PART12,HAS_SUBPART
APP_G,APP_G_PART13,HAS_SUBPART
APP_G,APP_G_PART14,HAS_SUBPART
APP_H,SEC_H-100,HAS_SECTION
APP_H,SEC_H-101,HAS_SECTION
APP_H,SEC_H-102,HAS_SECTION
APP_H,SEC_H-103,HAS_SECTION
APP_H,SEC_H-104,HAS_SECTION
APP_H,SEC_H-105,HAS_SECTION
APP_H,SEC_H-106,HAS_SECTION
APP_I,SEC_I-100,HAS_SECTION
APP_I,SEC_I-101,HAS_SECTION
APP_I,SEC_I-102,HAS_SECTION
APP_I,SEC_I-103,HAS_SECTION
APP_I,SEC_I-104,HAS_SECTION
APP_I,SEC_I-105,HAS_SECTION
APP_I,SEC_I-106,HAS_SECTION
APP_I,SEC_I-107,HAS_SECTION
APP_I,SEC_I-108,HAS_SECTION
APP_I,SEC_I-109,HAS_SECTION
APP_I,SEC_I-110,HAS_SECTION
APP_I,SEC_I-110.1,HAS_SECTION
APP_I,SEC_I-110.2,HAS_SECTION
APP_I,SEC_I-111,HAS_SECTION
APP_I,SEC_I-112,HAS_SECTION
APP_I,SEC_I-112.1,HAS_SECTION
APP_I,SEC_I-112.2,HAS_SECTION
APP_I,SEC_I-113,HAS_SECTION
SEC_253.213,SEC_253.213_p1,HAS_PROVISION
SEC_253.209-1,SEC_253.209-1_p2,HAS_PROVISION
SEC_253.209-1_p2,SEC_253.209-1_p3,HAS_PROVISION
SEC_253.209-1_p3,SEC_253.209-1_p4,HAS_PROVISION
SEC_253.209-1_p3,SEC_253.209-1_p5,HAS_PROVISION
SEC_253.209-1_p5,SEC_253.209-1_p6,HAS_PROVISION
SEC_253.209-1_p5,SEC_253.209-1_p7,HAS_PROVISION
SEC_253.209-1_p3,SEC_253.209-1_p8,HAS_PROVISION
SEC_253.209-1_p3,SEC_253.209-1_p9,HAS_PROVISION
SEC_253.209-1_p3,SEC_253.209-1_p10,HAS_PROVISION
SEC_253.209-1_p2,SEC_253.209-1_p11,HAS_PROVISION
SEC_253.209-1_p11,SEC_253.209-1_p12,HAS_PROVISION
SEC_253.209-1_p11,SEC_253.209-1_p13,HAS_PROVISION
SEC_253.209-1_p11,SEC_253.209-1_p14,HAS_PROVISION
SEC_253.209-1_p11,SEC_253.209-1_p15,HAS_PROVISION
SEC_253.209-1_p11,SEC_253.209-1_p16,HAS_PROVISION
SEC_253.209-1_p11,SEC_253.209-1_p17,HAS_PROVISION
SEC_253.209-1_p11,SEC_253.209-1_p18,HAS_PROVISION
SEC_253.209-1_p11,SEC_253.209-1_p19,HAS_PROVISION
SEC_270.100,SEC_270.100_p20,HAS_PROVISION
SEC_270.100,SEC_270.100_p21,HAS_PROVISION
SEC_270.101,SEC_270.101_p22,HAS_PROVISION
SEC_270.102,SEC_270.102_p23,HAS_PROVISION
SEC_270.102_p23,SEC_270.102_p24,HAS_PROVISION
SEC_270.102_p23,SEC_270.102_p25,HAS_PROVISION
SEC_270.102,SEC_270.102_p26,HAS_PROVISION
SEC_270.103,SEC_270.103_p27,HAS_PROVISION
SEC_270.103,SEC_270.103_p28,HAS_PROVISION
SEC_270.103_p28,SEC_270.103_p29,HAS_PROVISION
SEC_270.103_p28,SEC_270.103_p30,HAS_PROVISION
SEC_270.103_p28,SEC_270.103_p31,HAS_PROVISION
SEC_270.105,SEC_270.105_p32,HAS_PROVISION
SEC_270.105,SEC_270.105_p33,HAS_PROVISION
SEC_270.105,SEC_270.105_p34,HAS_PROVISION
APP_A_PART1,APP_A_PART1_p35,HAS_PROVISION
APP_A_PART1,APP_A_PART1_p36,HAS_PROVISION
APP_A_PART1,APP_A_PART1_p37,HAS_PROVISION
APP_A_PART1,APP_A_PART1_p38,HAS_PROVISION
APP_A_PART1,APP_A_PART1_p39,HAS_PROVISION
APP_A_PART1,APP_A_PART1_p40,HAS_PROVISION
APP_A_PART1,APP_A_PART1_p41,HAS_PROVISION
APP_A_PART1,APP_A_PART1_p42,HAS_PROVISION
APP_A_PART1,APP_A_PART1_p43,HAS_PROVISION
APP_A_PART1,APP_A_PART1_p44,HAS_PROVISION
APP_A_PART1,APP_A_PART1_p45,HAS_PROVISION
SEC_APPA_II,SEC_APPA_II_p46,HAS_PROVISION
SEC_APPA_II,SEC_APPA_II_p47,HAS_PROVISION
SEC_APPA_II,SEC_APPA_II_p48,HAS_PROVISION
SEC_APPA_II,SEC_APPA_II_p49,HAS_PROVISION
SEC_APPA_RULE1,SEC_APPA_RULE1_p50,HAS_PROVISION
SEC_APPA_RULE1_p50,SEC_APPA_RULE1_p51,HAS_PROVISION
SEC_APPA_RULE1_p50,SEC_APPA_RULE1_p52,HAS_PROVISION
SEC_APPA_RULE1_p50,SEC_APPA_RULE1_p53,HAS_PROVISION
SEC_APPA_RULE1_p50,SEC_APPA_RULE1_p54,HAS_PROVISION
SEC_APPA_RULE1_p50,SEC_APPA_RULE1_p55,HAS_PROVISION
SEC_APPA_RULE1,SEC_APPA_RULE1_p56,HAS_PROVISION
SEC_APPA_RULE1,SEC_APPA_RULE1_p57,HAS_PROVISION
SEC_APPA_RULE2,SEC_APPA_RULE2_p58,HAS_PROVISION
SEC_APPA_RULE2,SEC_APPA_RULE2_p59,HAS_PROVISION
SEC_APPA_RULE2,SEC_APPA_RULE2_p60,HAS_PROVISION
SEC_APPA_RULE2,SEC_APPA_RULE2_p61,HAS_PROVISION
SEC_APPA_RULE2,SEC_APPA_RULE2_p62,HAS_PROVISION
SEC_APPA_RULE2,SEC_APPA_RULE2_p63,HAS_PROVISION
SEC_APPA_RULE4,SEC_APPA_RULE4_p64,HAS_PROVISION
SEC_APPA_RULE4_p64,SEC_APPA_RULE4_p65,HAS_PROVISION
SEC_APPA_RULE4_p64,SEC_APPA_RULE4_p66,HAS_PROVISION
SEC_APPA_RULE4_p64,SEC_APPA_RULE4_p67,HAS_PROVISION
SEC_APPA_RULE4,SEC_APPA_RULE4_p68,HAS_PROVISION
SEC_APPA_RULE4,SEC_APPA_RULE4_p69,HAS_PROVISION
SEC_APPA_RULE4,SEC_APPA_RULE4_p70,HAS_PROVISION
SEC_APPA_RULE5,SEC_APPA_RULE5_p71,HAS_PROVISION
SEC_APPA_RULE5,SEC_APPA_RULE5_p72,HAS_PROVISION
SEC_APPA_RULE6,SEC_APPA_RULE6_p73,HAS_PROVISION
SEC_APPA_RULE6,SEC_APPA_RULE6_p74,HAS_PROVISION
SEC_APPA_RULE6,SEC_APPA_RULE6_p75,HAS_PROVISION
SEC_APPA_RULE6,SEC_APPA_RULE6_p76,HAS_PROVISION
SEC_APPA_RULE7,SEC_APPA_RULE7_p77,HAS_PROVISION
SEC_APPA_RULE7_p77,SEC_APPA_RULE7_p78,HAS_PROVISION
SEC_APPA_RULE7_p77,SEC_APPA_RULE7_p79,HAS_PROVISION
SEC_APPA_RULE7_p79,SEC_APPA_RULE7_p80,HAS_PROVISION
SEC_APPA_RULE7_p79,SEC_APPA_RULE7_p81,HAS_PROVISION
SEC_APPA_RULE7_p77,SEC_APPA_RULE7_p82,HAS_PROVISION
SEC_APPA_RULE8,SEC_APPA_RULE8_p83,HAS_PROVISION
SEC_APPA_RULE8,SEC_APPA_RULE8_p84,HAS_PROVISION
SEC_APPA_RULE8_p84,SEC_APPA_RULE8_p85,HAS_PROVISION
SEC_APPA_RULE8_p84,SEC_APPA_RULE8_p86,HAS_PROVISION
SEC_APPA_RULE8_p84,SEC_APPA_RULE8_p87,HAS_PROVISION
SEC_APPA_RULE8_p84,SEC_APPA_RULE8_p88,HAS_PROVISION
SEC_APPA_RULE8,SEC_APPA_RULE8_p89,HAS_PROVISION
SEC_APPA_RULE8_p89,SEC_APPA_RULE8_p90,HAS_PROVISION
SEC_APPA_RULE8_p89,SEC_APPA_RULE8_p91,HAS_PROVISION
SEC_APPA_RULE8_p89,SEC_APPA_RULE8_p92,HAS_PROVISION
SEC_APPA_RULE10,SEC_APPA_RULE10_p93,HAS_PROVISION
SEC_APPA_RULE10,SEC_APPA_RULE10_p94,HAS_PROVISION
SEC_APPA_RULE10,SEC_APPA_RULE10_p95,HAS_PROVISION
SEC_APPA_RULE10,SEC_APPA_RULE10_p96,HAS_PROVISION
SEC_APPA_RULE10,SEC_APPA_RULE10_p97,HAS_PROVISION
SEC_APPA_RULE10,SEC_APPA_RULE10_p98,HAS_PROVISION
SEC_APPA_RULE11,SEC_APPA_RULE11_p99,HAS_PROVISION
SEC_APPA_RULE11,SEC_APPA_RULE11_p100,HAS_PROVISION
SEC_APPA_RULE11,SEC_APPA_RULE11_p101,HAS_PROVISION
SEC_APPA_RULE11,SEC_APPA_RULE11_p102,HAS_PROVISION
SEC_APPA_RULE11,SEC_APPA_RULE11_p103,HAS_PROVISION
SEC_APPA_RULE12,SEC_APPA_RULE12_p104,HAS_PROVISION
SEC_APPA_RULE12_p104,SEC_APPA_RULE12_p105,HAS_PROVISION
SEC_APPA_RULE12_p104,SEC_APPA_RULE12_p106,HAS_PROVISION
SEC_APPA_RULE12_p104,SEC_APPA_RULE12_p107,HAS_PROVISION
SEC_APPA_RULE12_p104,SEC_APPA_RULE12_p108,HAS_PROVISION
SEC_APPA_RULE12_p104,SEC_APPA_RULE12_p109,HAS_PROVISION
SEC_APPA_RULE12_p109,SEC_APPA_RULE12_p110,HAS_PROVISION
SEC_APPA_RULE12_p109,SEC_APPA_RULE12_p111,HAS_PROVISION
SEC_APPA_RULE12_p111,SEC_APPA_RULE12_p112,HAS_PROVISION
SEC_APPA_RULE12_p111,SEC_APPA_RULE12_p113,HAS_PROVISION
SEC_APPA_RULE12_p111,SEC_APPA_RULE12_p114,HAS_PROVISION
SEC_APPA_RULE12_p111,SEC_APPA_RULE12_p115,HAS_PROVISION
SEC_APPA_RULE12_p104,SEC_APPA_RULE12_p116,HAS_PROVISION
SEC_APPA_RULE12_p104,SEC_APPA_RULE12_p117,HAS_PROVISION
SEC_APPA_RULE12_p104,SEC_APPA_RULE12_p118,HAS_PROVISION
SEC_APPA_RULE12_p104,SEC_APPA_RULE12_p119,HAS_PROVISION
SEC_APPA_RULE12_p104,SEC_APPA_RULE12_p120,HAS_PROVISION
SEC_APPA_RULE12_p120,SEC_APPA_RULE12_p121,HAS_PROVISION
SEC_APPA_RULE12_p120,SEC_APPA_RULE12_p122,HAS_PROVISION
SEC_APPA_RULE12_p120,SEC_APPA_RULE12_p123,HAS_PROVISION
SEC_APPA_RULE12_p120,SEC_APPA_RULE12_p124,HAS_PROVISION
SEC_APPA_RULE12_p104,SEC_APPA_RULE12_p125,HAS_PROVISION
SEC_APPA_RULE13,SEC_APPA_RULE13_p126,HAS_PROVISION
SEC_APPA_RULE13,SEC_APPA_RULE13_p127,HAS_PROVISION
SEC_APPA_RULE13,SEC_APPA_RULE13_p128,HAS_PROVISION
SEC_APPA_RULE13,SEC_APPA_RULE13_p129,HAS_PROVISION
SEC_APPA_RULE13,SEC_APPA_RULE13_p130,HAS_PROVISION
SEC_APPA_RULE14,SEC_APPA_RULE14_p131,HAS_PROVISION
SEC_APPA_RULE14,SEC_APPA_RULE14_p132,HAS_PROVISION
SEC_APPA_RULE15,SEC_APPA_RULE15_p133,HAS_PROVISION
SEC_APPA_RULE15,SEC_APPA_RULE15_p134,HAS_PROVISION
SEC_APPA_RULE18,SEC_APPA_RULE18_p135,HAS_PROVISION
SEC_APPA_RULE18_p135,SEC_APPA_RULE18_p136,HAS_PROVISION
SEC_APPA_RULE19,SEC_APPA_RULE19_p137,HAS_PROVISION
SEC_APPA_RULE19,SEC_APPA_RULE19_p138,HAS_PROVISION
SEC_APPA_RULE19,SEC_APPA_RULE19_p139,HAS_PROVISION
SEC_APPA_RULE19,SEC_APPA_RULE19_p140,HAS_PROVISION
SEC_APPA_RULE19,SEC_APPA_RULE19_p141,HAS_PROVISION
SEC_APPA_RULE22,SEC_APPA_RULE22_p142,HAS_PROVISION
SEC_APPA_RULE22_p142,SEC_APPA_RULE22_p143,HAS_PROVISION
SEC_APPA_RULE22_p142,SEC_APPA_RULE22_p144,HAS_PROVISION
SEC_APPA_RULE22,SEC_APPA_RULE22_p145,HAS_PROVISION
SEC_APPA_RULE22_p145,SEC_APPA_RULE22_p146,HAS_PROVISION
SEC_APPA_RULE22_p145,SEC_APPA_RULE22_p147,HAS_PROVISION
SEC_APPA_RULE22_p145,SEC_APPA_RULE22_p148,HAS_PROVISION
SEC_APPA_RULE22,SEC_APPA_RULE22_p149,HAS_PROVISION
SEC_APPA_RULE22_p149,SEC_APPA_RULE22_p150,HAS_PROVISION
SEC_APPA_RULE22_p150,SEC_APPA_RULE22_p151,HAS_PROVISION
SEC_APPA_RULE22_p151,SEC_APPA_RULE22_p152,HAS_PROVISION
SEC_APPA_RULE22_p150,SEC_APPA_RULE22_p153,HAS_PROVISION
SEC_APPA_RULE22_p150,SEC_APPA_RULE22_p154,HAS_PROVISION
SEC_APPA_RULE22,SEC_APPA_RULE22_p155,HAS_PROVISION
SEC_APPA_RULE22,SEC_APPA_RULE22_p156,HAS_PROVISION
SEC_APPA_RULE22_p156,SEC_APPA_RULE22_p157,HAS_PROVISION
SEC_APPA_RULE22_p156,SEC_APPA_RULE22_p158,HAS_PROVISION
SEC_APPA_RULE22,SEC_APPA_RULE22_p159,HAS_PROVISION
SEC_APPA_RULE22_p159,SEC_APPA_RULE22_p160,HAS_PROVISION
SEC_APPA_RULE22_p159,SEC_APPA_RULE22_p161,HAS_PROVISION
SEC_APPA_RULE22_p159,SEC_APPA_RULE22_p162,HAS_PROVISION
SEC_APPA_RULE22,SEC_APPA_RULE22_p163,HAS_PROVISION
SEC_APPA_ADDENDUM_I,SEC_APPA_ADDENDUM_I_p164,HAS_PROVISION
SEC_APPA_ADDENDUM_I_p164,SEC_APPA_ADDENDUM_I_p165,HAS_PROVISION
SEC_APPA_ADDENDUM_I_p165,SEC_APPA_ADDENDUM_I_p166,HAS_PROVISION
SEC_APPA_ADDENDUM_I_p165,SEC_APPA_ADDENDUM_I_p167,HAS_PROVISION
SEC_APPA_ADDENDUM_I_p164,SEC_APPA_ADDENDUM_I_p168,HAS_PROVISION
SEC_APPA_ADDENDUM_I_p164,SEC_APPA_ADDENDUM_I_p169,HAS_PROVISION
SEC_APPA_ADDENDUM_I_p169,SEC_APPA_ADDENDUM_I_p170,HAS_PROVISION
SEC_APPA_ADDENDUM_I_p170,SEC_APPA_ADDENDUM_I_p171,HAS_PROVISION
SEC_APPA_ADDENDUM_I_p170,SEC_APPA_ADDENDUM_I_p172,HAS_PROVISION
SEC_APPA_ADDENDUM_I_p172,SEC_APPA_ADDENDUM_I_p173,HAS_PROVISION
SEC_APPA_ADDENDUM_I_p172,SEC_APPA_ADDENDUM_I_p174,HAS_PROVISION
SEC_APPA_ADDENDUM_I_p169,SEC_APPA_ADDENDUM_I_p175,HAS_PROVISION
SEC_APPA_ADDENDUM_I_p164,SEC_APPA_ADDENDUM_I_p176,HAS_PROVISION
SEC_APPA_ADDENDUM_I_p164,SEC_APPA_ADDENDUM_I_p177,HAS_PROVISION
SEC_APPA_ADDENDUM_I_p177,SEC_APPA_ADDENDUM_I_p178,HAS_PROVISION
SEC_APPA_ADDENDUM_I_p177,SEC_APPA_ADDENDUM_I_p179,HAS_PROVISION
SEC_APPA_ADDENDUM_I_p177,SEC_APPA_ADDENDUM_I_p180,HAS_PROVISION
SEC_APPA_ADDENDUM_I_p164,SEC_APPA_ADDENDUM_I_p181,HAS_PROVISION
SEC_APPA_ADDENDUM_I_p164,SEC_APPA_ADDENDUM_I_p182,HAS_PROVISION
SEC_APPA_ADDENDUM_I_p182,SEC_APPA_ADDENDUM_I_p183,HAS_PROVISION
SEC_APPA_ADDENDUM_I_p183,SEC_APPA_ADDENDUM_I_p184,HAS_PROVISION
SEC_APPA_ADDENDUM_I_p183,SEC_APPA_ADDENDUM_I_p185,HAS_PROVISION
SEC_APPA_ADDENDUM_I_p183,SEC_APPA_ADDENDUM_I_p186,HAS_PROVISION
SEC_APPA_ADDENDUM_I_p183,SEC_APPA_ADDENDUM_I_p187,HAS_PROVISION
SEC_APPA_ADDENDUM_I_p182,SEC_APPA_ADDENDUM_I_p188,HAS_PROVISION
SEC_APPA_ADDENDUM_I_p182,SEC_APPA_ADDENDUM_I_p189,HAS_PROVISION
SEC_APPA_ADDENDUM_I_p164,SEC_APPA_ADDENDUM_I_p190,HAS_PROVISION
SEC_APPA_ADDENDUM_I_p164,SEC_APPA_ADDENDUM_I_p191,HAS_PROVISION
SEC_APPA_ADDENDUM_I_p164,SEC_APPA_ADDENDUM_I_p192,HAS_PROVISION
SEC_APPA_ADDENDUM_I_p192,SEC_APPA_ADDENDUM_I_p193,HAS_PROVISION
SEC_APPA_ADDENDUM_I_p192,SEC_APPA_ADDENDUM_I_p194,HAS_PROVISION
SEC_APPA_ADDENDUM_I_p192,SEC_APPA_ADDENDUM_I_p195,HAS_PROVISION
SEC_APPA_ADDENDUM_I_p192,SEC_APPA_ADDENDUM_I_p196,HAS_PROVISION
SEC_APPA_ADDENDUM_I_p164,SEC_APPA_ADDENDUM_I_p197,HAS_PROVISION
SEC_APPA_ADDENDUM_I_p164,SEC_APPA_ADDENDUM_I_p198,HAS_PROVISION
SEC_APPA_ADDENDUM_I_p198,SEC_APPA_ADDENDUM_I_p199,HAS_PROVISION
SEC_APPA_ADDENDUM_I_p198,SEC_APPA_ADDENDUM_I_p200,HAS_PROVISION
SEC_APPA_ADDENDUM_I_p164,SEC_APPA_ADDENDUM_I_p201,HAS_PROVISION
SEC_APPA_ADDENDUM_I_p201,SEC_APPA_ADDENDUM_I_p202,HAS_PROVISION
SEC_APPA_ADDENDUM_I_p201,SEC_APPA_ADDENDUM_I_p203,HAS_PROVISION
SEC_APPA_ADDENDUM_I_p164,SEC_APPA_ADDENDUM_I_p204,HAS_PROVISION
SEC_APPA_ADDENDUM_I_p164,SEC_APPA_ADDENDUM_I_p205,HAS_PROVISION
SEC_APPA_ADDENDUM_I_p164,SEC_APPA_ADDENDUM_I_p206,HAS_PROVISION
SEC_APPA_ADDENDUM_II,SEC_APPA_ADDENDUM_II_p207,HAS_PROVISION
SEC_APPA_ADDENDUM_II,SEC_APPA_ADDENDUM_II_p208,HAS_PROVISION
SEC_APPA_ADDENDUM_II,SEC_APPA_ADDENDUM_II_p209,HAS_PROVISION
SEC_APPA_ADDENDUM_II,SEC_APPA_ADDENDUM_II_p210,HAS_PROVISION
SEC_APPA_ADDENDUM_II,SEC_APPA_ADDENDUM_II_p211,HAS_PROVISION
SEC_APPA_ADDENDUM_II,SEC_APPA_ADDENDUM_II_p212,HAS_PROVISION
SEC_APPA_ADDENDUM_II,SEC_APPA_ADDENDUM_II_p213,HAS_PROVISION
SEC_APPA_ADDENDUM_II,SEC_APPA_ADDENDUM_II_p214,HAS_PROVISION
SEC_APPA_ADDENDUM_II,SEC_APPA_ADDENDUM_II_p215,HAS_PROVISION
SEC_APPA_ADDENDUM_II,SEC_APPA_ADDENDUM_II_p216,HAS_PROVISION
SEC_APPA_ADDENDUM_II_p216,SEC_APPA_ADDENDUM_II_p217,HAS_PROVISION
APP_A_PART1_v2,APP_A_PART1_v2_p218,HAS_PROVISION
APP_A_PART1_v2,APP_A_PART1_v2_p219,HAS_PROVISION
APP_A_PART1_v2,APP_A_PART1_v2_p220,HAS_PROVISION
APP_A_PART1_v2,APP_A_PART1_v2_p221,HAS_PROVISION
APP_A_PART1_v2,APP_A_PART1_v2_p222,HAS_PROVISION
APP_A_PART1_v2,APP_A_PART1_v2_p223,HAS_PROVISION
APP_A_PART1_v2,APP_A_PART1_v2_p224,HAS_PROVISION
APP_A_PART1_v2,APP_A_PART1_v2_p225,HAS_PROVISION
APP_A_PART1_v2_p225,APP_A_PART1_v2_p226,HAS_PROVISION
APP_A_PART1_v2_p225,APP_A_PART1_v2_p227,HAS_PROVISION
APP_A_PART1_v2_p225,APP_A_PART1_v2_p228,HAS_PROVISION
SEC_F-101,SEC_F-101_p229,HAS_PROVISION
SEC_F-101,SEC_F-101_p230,HAS_PROVISION
SEC_F-102,SEC_F-102_p231,HAS_PROVISION
SEC_F-102,SEC_F-102_p232,HAS_PROVISION
SEC_F-103,SEC_F-103_p233,HAS_PROVISION
SEC_F-103_p233,SEC_F-103_p234,HAS_PROVISION
SEC_F-103_p233,SEC_F-103_p235,HAS_PROVISION
SEC_F-103_p233,SEC_F-103_p236,HAS_PROVISION
SEC_F-103_p233,SEC_F-103_p237,HAS_PROVISION
SEC_F-103_p233,SEC_F-103_p238,HAS_PROVISION
SEC_F-103_p233,SEC_F-103_p239,HAS_PROVISION
SEC_F-103_p233,SEC_F-103_p240,HAS_PROVISION
SEC_F-103,SEC_F-103_p241,HAS_PROVISION
SEC_F-103_p241,SEC_F-103_p242,HAS_PROVISION
SEC_F-103_p241,SEC_F-103_p243,HAS_PROVISION
SEC_F-103,SEC_F-103_p244,HAS_PROVISION
SEC_F-103,SEC_F-103_p245,HAS_PROVISION
SEC_F-103_p245,SEC_F-103_p246,HAS_PROVISION
SEC_F-103_p246,SEC_F-103_p247,HAS_PROVISION
SEC_F-103_p246,SEC_F-103_p248,HAS_PROVISION
SEC_F-103_p245,SEC_F-103_p249,HAS_PROVISION
SEC_F-103,SEC_F-103_p250,HAS_PROVISION
SEC_F-103_p250,SEC_F-103_p251,HAS_PROVISION
SEC_F-103_p250,SEC_F-103_p252,HAS_PROVISION
SEC_F-103_p250,SEC_F-103_p253,HAS_PROVISION
SEC_F-104,SEC_F-104_p254,HAS_PROVISION
SEC_F-104_p254,SEC_F-104_p255,HAS_PROVISION
SEC_F-104_p254,SEC_F-104_p256,HAS_PROVISION
SEC_F-104_p254,SEC_F-104_p257,HAS_PROVISION
SEC_F-104_p254,SEC_F-104_p258,HAS_PROVISION
SEC_F-104_p254,SEC_F-104_p259,HAS_PROVISION
SEC_F-104_p259,SEC_F-104_p260,HAS_PROVISION
SEC_F-104_p260,SEC_F-104_p261,HAS_PROVISION
SEC_F-104_p260,SEC_F-104_p262,HAS_PROVISION
SEC_F-104_p260,SEC_F-104_p263,HAS_PROVISION
SEC_F-104_p260,SEC_F-104_p264,HAS_PROVISION
SEC_F-104_p260,SEC_F-104_p265,HAS_PROVISION
SEC_F-104_p260,SEC_F-104_p266,HAS_PROVISION
SEC_F-104_p260,SEC_F-104_p267,HAS_PROVISION
SEC_F-104_p260,SEC_F-104_p268,HAS_PROVISION
SEC_F-104_p260,SEC_F-104_p269,HAS_PROVISION
SEC_F-104_p260,SEC_F-104_p270,HAS_PROVISION
SEC_F-104_p260,SEC_F-104_p271,HAS_PROVISION
SEC_F-104_p259,SEC_F-104_p272,HAS_PROVISION
SEC_F-104_p254,SEC_F-104_p273,HAS_PROVISION
SEC_F-104_p273,SEC_F-104_p274,HAS_PROVISION
SEC_F-104_p273,SEC_F-104_p275,HAS_PROVISION
SEC_F-104_p273,SEC_F-104_p276,HAS_PROVISION
SEC_F-104_p273,SEC_F-104_p277,HAS_PROVISION
SEC_F-104_p273,SEC_F-104_p278,HAS_PROVISION
SEC_F-104_p273,SEC_F-104_p279,HAS_PROVISION
SEC_F-104,SEC_F-104_p280,HAS_PROVISION
SEC_F-104,SEC_F-104_p281,HAS_PROVISION
SEC_F-104_p281,SEC_F-104_p282,HAS_PROVISION
SEC_F-104_p281,SEC_F-104_p283,HAS_PROVISION
SEC_F-104_p281,SEC_F-104_p284,HAS_PROVISION
SEC_F-104_p281,SEC_F-104_p285,HAS_PROVISION
SEC_F-104_p281,SEC_F-104_p286,HAS_PROVISION
SEC_F-104_p281,SEC_F-104_p287,HAS_PROVISION
SEC_F-301,SEC_F-301_p288,HAS_PROVISION
SEC_F-301_p288,SEC_F-301_p289,HAS_PROVISION
SEC_F-301_p288,SEC_F-301_p290,HAS_PROVISION
SEC_F-301_p288,SEC_F-301_p291,HAS_PROVISION
SEC_F-301_p291,SEC_F-301_p292,HAS_PROVISION
SEC_F-301_p291,SEC_F-301_p293,HAS_PROVISION
SEC_F-301_p291,SEC_F-301_p294,HAS_PROVISION
SEC_F-301_p288,SEC_F-301_p295,HAS_PROVISION
SEC_F-301_p288,SEC_F-301_p296,HAS_PROVISION
SEC_F-301,SEC_F-301_p297,HAS_PROVISION
SEC_F-301_p297,SEC_F-301_p298,HAS_PROVISION
SEC_F-301_p298,SEC_F-301_p299,HAS_PROVISION
SEC_F-301_p297,SEC_F-301_p300,HAS_PROVISION
SEC_F-301_p300,SEC_F-301_p301,HAS_PROVISION
SEC_F-301_p300,SEC_F-301_p302,HAS_PROVISION
SEC_F-301_p300,SEC_F-301_p303,HAS_PROVISION
SEC_F-301_p300,SEC_F-301_p304,HAS_PROVISION
SEC_F-301_p297,SEC_F-301_p305,HAS_PROVISION
SEC_F-301_p305,SEC_F-301_p306,HAS_PROVISION
SEC_F-301_p306,SEC_F-301_p307,HAS_PROVISION
SEC_F-301_p306,SEC_F-301_p308,HAS_PROVISION
SEC_F-301_p308,SEC_F-301_p309,HAS_PROVISION
SEC_F-301_p309,SEC_F-301_p310,HAS_PROVISION
SEC_F-301_p297,SEC_F-301_p311,HAS_PROVISION
SEC_F-301_p311,SEC_F-301_p312,HAS_PROVISION
SEC_F-301_p312,SEC_F-301_p313,HAS_PROVISION
SEC_F-301_p312,SEC_F-301_p314,HAS_PROVISION
SEC_F-301_p311,SEC_F-301_p315,HAS_PROVISION
SEC_F-301_p297,SEC_F-301_p316,HAS_PROVISION
SEC_F-301_p297,SEC_F-301_p317,HAS_PROVISION
SEC_F-301_p317,SEC_F-301_p318,HAS_PROVISION
SEC_F-301_p317,SEC_F-301_p319,HAS_PROVISION
SEC_F-301_p297,SEC_F-301_p320,HAS_PROVISION
SEC_F-301_p297,SEC_F-301_p321,HAS_PROVISION
SEC_F-301_p297,SEC_F-301_p322,HAS_PROVISION
SEC_F-301_p297,SEC_F-301_p323,HAS_PROVISION
SEC_F-301_p297,SEC_F-301_p324,HAS_PROVISION
SEC_F-301_p324,SEC_F-301_p325,HAS_PROVISION
SEC_F-301_p324,SEC_F-301_p326,HAS_PROVISION
SEC_F-301_p297,SEC_F-301_p327,HAS_PROVISION
SEC_F-301_p297,SEC_F-301_p328,HAS_PROVISION
SEC_F-301_p297,SEC_F-301_p329,HAS_PROVISION
SEC_F-301_p297,SEC_F-301_p330,HAS_PROVISION
SEC_F-301_p297,SEC_F-301_p331,HAS_PROVISION
SEC_F-301_p297,SEC_F-301_p332,HAS_PROVISION
SEC_F-301_p332,SEC_F-301_p333,HAS_PROVISION
SEC_F-301_p333,SEC_F-301_p334,HAS_PROVISION
SEC_F-301_p333,SEC_F-301_p335,HAS_PROVISION
SEC_F-301_p333,SEC_F-301_p336,HAS_PROVISION
SEC_F-301_p332,SEC_F-301_p337,HAS_PROVISION
SEC_F-301_p337,SEC_F-301_p338,HAS_PROVISION
SEC_F-301_p337,SEC_F-301_p339,HAS_PROVISION
SEC_F-301_p332,SEC_F-301_p340,HAS_PROVISION
SEC_F-301_p332,SEC_F-301_p341,HAS_PROVISION
SEC_F-301_p341,SEC_F-301_p342,HAS_PROVISION
SEC_F-301_p341,SEC_F-301_p343,HAS_PROVISION
SEC_F-301_p341,SEC_F-301_p344,HAS_PROVISION
SEC_F-301_p341,SEC_F-301_p345,HAS_PROVISION
SEC_F-301_p341,SEC_F-301_p346,HAS_PROVISION
SEC_F-301_p341,SEC_F-301_p347,HAS_PROVISION
SEC_F-301_p341,SEC_F-301_p348,HAS_PROVISION
SEC_F-301_p341,SEC_F-301_p349,HAS_PROVISION
SEC_F-301_p341,SEC_F-301_p350,HAS_PROVISION
SEC_F-301_p341,SEC_F-301_p351,HAS_PROVISION
SEC_F-301_p341,SEC_F-301_p352,HAS_PROVISION
SEC_F-301_p341,SEC_F-301_p353,HAS_PROVISION
SEC_F-301_p353,SEC_F-301_p354,HAS_PROVISION
SEC_F-301_p353,SEC_F-301_p355,HAS_PROVISION
SEC_F-301_p341,SEC_F-301_p356,HAS_PROVISION
SEC_F-301_p341,SEC_F-301_p357,HAS_PROVISION
SEC_F-301_p297,SEC_F-301_p358,HAS_PROVISION
SEC_F-301_p358,SEC_F-301_p359,HAS_PROVISION
SEC_F-301_p358,SEC_F-301_p360,HAS_PROVISION
SEC_F-301_p358,SEC_F-301_p361,HAS_PROVISION
SEC_F-301_p297,SEC_F-301_p362,HAS_PROVISION
SEC_F-301_p297,SEC_F-301_p363,HAS_PROVISION
SEC_F-301_p363,SEC_F-301_p364,HAS_PROVISION
SEC_F-301_p363,SEC_F-301_p365,HAS_PROVISION
SEC_F-301_p363,SEC_F-301_p366,HAS_PROVISION
SEC_F-301_p363,SEC_F-301_p367,HAS_PROVISION
SEC_F-301_p297,SEC_F-301_p368,HAS_PROVISION
SEC_F-301_p297,SEC_F-301_p369,HAS_PROVISION
SEC_F-301_p369,SEC_F-301_p370,HAS_PROVISION
SEC_F-301_p369,SEC_F-301_p371,HAS_PROVISION
SEC_F-301_p369,SEC_F-301_p372,HAS_PROVISION
SEC_F-301_p369,SEC_F-301_p373,HAS_PROVISION
SEC_F-301_p373,SEC_F-301_p374,HAS_PROVISION
SEC_F-301_p374,SEC_F-301_p375,HAS_PROVISION
SEC_F-301_p374,SEC_F-301_p376,HAS_PROVISION
SEC_F-301_p373,SEC_F-301_p377,HAS_PROVISION
SEC_F-301_p369,SEC_F-301_p378,HAS_PROVISION
SEC_F-301_p378,SEC_F-301_p379,HAS_PROVISION
SEC_F-301_p378,SEC_F-301_p380,HAS_PROVISION
SEC_F-301_p297,SEC_F-301_p381,HAS_PROVISION
SEC_F-306,SEC_F-306_p382,HAS_PROVISION
SEC_F-306,SEC_F-306_p383,HAS_PROVISION
SEC_F-401,SEC_F-401_p384,HAS_PROVISION
SEC_F-401_p384,SEC_F-401_p385,HAS_PROVISION
SEC_F-401_p384,SEC_F-401_p386,HAS_PROVISION
SEC_F-401_p384,SEC_F-401_p387,HAS_PROVISION
SEC_F-401_p387,SEC_F-401_p388,HAS_PROVISION
SEC_F-401_p387,SEC_F-401_p389,HAS_PROVISION
SEC_F-401_p387,SEC_F-401_p390,HAS_PROVISION
SEC_F-401_p384,SEC_F-401_p391,HAS_PROVISION
SEC_F-401_p384,SEC_F-401_p392,HAS_PROVISION
SEC_F-401_p384,SEC_F-401_p393,HAS_PROVISION
SEC_F-401_p384,SEC_F-401_p394,HAS_PROVISION
SEC_F-401,SEC_F-401_p395,HAS_PROVISION
SEC_F-401_p395,SEC_F-401_p396,HAS_PROVISION
SEC_F-401_p395,SEC_F-401_p397,HAS_PROVISION
SEC_F-401_p395,SEC_F-401_p398,HAS_PROVISION
SEC_F-401_p395,SEC_F-401_p399,HAS_PROVISION
SEC_F-401_p399,SEC_F-401_p400,HAS_PROVISION
SEC_F-401_p399,SEC_F-401_p401,HAS_PROVISION
SEC_F-401_p399,SEC_F-401_p402,HAS_PROVISION
SEC_F-401_p395,SEC_F-401_p403,HAS_PROVISION
SEC_F-401_p403,SEC_F-401_p404,HAS_PROVISION
SEC_F-401_p403,SEC_F-401_p405,HAS_PROVISION
SEC_F-401_p395,SEC_F-401_p406,HAS_PROVISION
SEC_F-401_p406,SEC_F-401_p407,HAS_PROVISION
SEC_F-401_p406,SEC_F-401_p408,HAS_PROVISION
SEC_F-401_p395,SEC_F-401_p409,HAS_PROVISION
SEC_F-401_p395,SEC_F-401_p410,HAS_PROVISION
SEC_F-401_p395,SEC_F-401_p411,HAS_PROVISION
SEC_F-401_p395,SEC_F-401_p412,HAS_PROVISION
SEC_F-401_p395,SEC_F-401_p413,HAS_PROVISION
SEC_F-401_p413,SEC_F-401_p414,HAS_PROVISION
SEC_F-401_p414,SEC_F-401_p415,HAS_PROVISION
SEC_F-401_p414,SEC_F-401_p416,HAS_PROVISION
SEC_F-401_p414,SEC_F-401_p417,HAS_PROVISION
SEC_F-401_p413,SEC_F-401_p418,HAS_PROVISION
SEC_F-401_p413,SEC_F-401_p419,HAS_PROVISION
SEC_F-401_p413,SEC_F-401_p420,HAS_PROVISION
SEC_F-401_p413,SEC_F-401_p421,HAS_PROVISION
SEC_F-401_p413,SEC_F-401_p422,HAS_PROVISION
SEC_F-401_p422,SEC_F-401_p423,HAS_PROVISION
SEC_F-401_p423,SEC_F-401_p424,HAS_PROVISION
SEC_F-401_p423,SEC_F-401_p425,HAS_PROVISION
SEC_F-401_p423,SEC_F-401_p426,HAS_PROVISION
SEC_F-401_p426,SEC_F-401_p427,HAS_PROVISION
SEC_F-401_p426,SEC_F-401_p428,HAS_PROVISION
SEC_F-401_p423,SEC_F-401_p429,HAS_PROVISION
SEC_F-401_p422,SEC_F-401_p430,HAS_PROVISION
SEC_F-401_p422,SEC_F-401_p431,HAS_PROVISION
SEC_F-401_p422,SEC_F-401_p432,HAS_PROVISION
SEC_F-401_p432,SEC_F-401_p433,HAS_PROVISION
SEC_F-401_p432,SEC_F-401_p434,HAS_PROVISION
SEC_F-401_p432,SEC_F-401_p435,HAS_PROVISION
SEC_F-401_p432,SEC_F-401_p436,HAS_PROVISION
SEC_F-401_p432,SEC_F-401_p437,HAS_PROVISION
SEC_F-401_p432,SEC_F-401_p438,HAS_PROVISION
SEC_F-401_p432,SEC_F-401_p439,HAS_PROVISION
SEC_F-401_p432,SEC_F-401_p440,HAS_PROVISION
SEC_F-401_p440,SEC_F-401_p441,HAS_PROVISION
SEC_F-401_p432,SEC_F-401_p442,HAS_PROVISION
SEC_F-401_p432,SEC_F-401_p443,HAS_PROVISION
SEC_F-401_p432,SEC_F-401_p444,HAS_PROVISION
SEC_F-401_p432,SEC_F-401_p445,HAS_PROVISION
SEC_F-401_p445,SEC_F-401_p446,HAS_PROVISION
SEC_F-401_p445,SEC_F-401_p447,HAS_PROVISION
SEC_F-401_p432,SEC_F-401_p448,HAS_PROVISION
SEC_F-401_p432,SEC_F-401_p449,HAS_PROVISION
SEC_F-401_p432,SEC_F-401_p450,HAS_PROVISION
SEC_F-401_p413,SEC_F-401_p451,HAS_PROVISION
SEC_F-401_p451,SEC_F-401_p452,HAS_PROVISION
SEC_F-401_p451,SEC_F-401_p453,HAS_PROVISION
SEC_F-401_p453,SEC_F-401_p454,HAS_PROVISION
SEC_F-401_p453,SEC_F-401_p455,HAS_PROVISION
SEC_F-401_p451,SEC_F-401_p456,HAS_PROVISION
SEC_F-401_p451,SEC_F-401_p457,HAS_PROVISION
SEC_F-401_p395,SEC_F-401_p458,HAS_PROVISION
SEC_F-401_p395,SEC_F-401_p459,HAS_PROVISION
SEC_F-401_p459,SEC_F-401_p460,HAS_PROVISION
SEC_F-401_p459,SEC_F-401_p461,HAS_PROVISION
SEC_F-401_p459,SEC_F-401_p462,HAS_PROVISION
SEC_F-401_p459,SEC_F-401_p463,HAS_PROVISION
SEC_F-401_p395,SEC_F-401_p464,HAS_PROVISION
SEC_F-401_p395,SEC_F-401_p465,HAS_PROVISION
SEC_F-401_p465,SEC_F-401_p466,HAS_PROVISION
SEC_F-401_p465,SEC_F-401_p467,HAS_PROVISION
SEC_F-401_p465,SEC_F-401_p468,HAS_PROVISION
SEC_F-401_p465,SEC_F-401_p469,HAS_PROVISION
SEC_F-401_p469,SEC_F-401_p470,HAS_PROVISION
SEC_F-401_p470,SEC_F-401_p471,HAS_PROVISION
SEC_F-401_p470,SEC_F-401_p472,HAS_PROVISION
SEC_F-401_p470,SEC_F-401_p473,HAS_PROVISION
SEC_F-401_p469,SEC_F-401_p474,HAS_PROVISION
SEC_F-401_p474,SEC_F-401_p475,HAS_PROVISION
SEC_F-401_p474,SEC_F-401_p476,HAS_PROVISION
SEC_F-401_p474,SEC_F-401_p477,HAS_PROVISION
SEC_F-401_p469,SEC_F-401_p478,HAS_PROVISION
SEC_F-401_p395,SEC_F-401_p479,HAS_PROVISION
SEC_F-401_p479,SEC_F-401_p480,HAS_PROVISION
SEC_F-401_p479,SEC_F-401_p481,HAS_PROVISION
SEC_F-401_p479,SEC_F-401_p482,HAS_PROVISION
SEC_F-401_p479,SEC_F-401_p483,HAS_PROVISION
SEC_F-401_p483,SEC_F-401_p484,HAS_PROVISION
SEC_F-401_p483,SEC_F-401_p485,HAS_PROVISION
SEC_F-401_p485,SEC_F-401_p486,HAS_PROVISION
SEC_F-401_p485,SEC_F-401_p487,HAS_PROVISION
SEC_F-401_p485,SEC_F-401_p488,HAS_PROVISION
SEC_F-401_p395,SEC_F-401_p489,HAS_PROVISION
SEC_F-401_p489,SEC_F-401_p490,HAS_PROVISION
SEC_F-401_p489,SEC_F-401_p491,HAS_PROVISION
SEC_F-401_p395,SEC_F-401_p492,HAS_PROVISION
SEC_F-401_p492,SEC_F-401_p493,HAS_PROVISION
SEC_F-401_p492,SEC_F-401_p494,HAS_PROVISION
SEC_F-401_p492,SEC_F-401_p495,HAS_PROVISION
SEC_F-401_p395,SEC_F-401_p496,HAS_PROVISION
SEC_F-404,SEC_F-404_p497,HAS_PROVISION
SEC_F-404,SEC_F-404_p498,HAS_PROVISION
SEC_F-404,SEC_F-404_p499,HAS_PROVISION
SEC_F-404,SEC_F-404_p500,HAS_PROVISION
SEC_F-404_p500,SEC_F-404_p501,HAS_PROVISION
SEC_F-404_p500,SEC_F-404_p502,HAS_PROVISION
SEC_F-404_p500,SEC_F-404_p503,HAS_PROVISION
SEC_F-404_p500,SEC_F-404_p504,HAS_PROVISION
SEC_F-404_p500,SEC_F-404_p505,HAS_PROVISION
SEC_F-404,SEC_F-404_p506,HAS_PROVISION
SEC_F-405,SEC_F-405_p507,HAS_PROVISION
SEC_F-405_p507,SEC_F-405_p508,HAS_PROVISION
SEC_F-405_p508,SEC_F-405_p509,HAS_PROVISION
SEC_F-405,SEC_F-405_p510,HAS_PROVISION
SEC_F-405,SEC_F-405_p511,HAS_PROVISION
SEC_F-405,SEC_F-405_p512,HAS_PROVISION
SEC_F-406,SEC_F-406_p513,HAS_PROVISION
SEC_F-406,SEC_F-406_p514,HAS_PROVISION
SEC_F-406_p514,SEC_F-406_p515,HAS_PROVISION
SEC_F-406_p514,SEC_F-406_p516,HAS_PROVISION
SEC_F-406_p514,SEC_F-406_p517,HAS_PROVISION
SEC_F-406_p514,SEC_F-406_p518,HAS_PROVISION
SEC_F-501,SEC_F-501_p519,HAS_PROVISION
SEC_F-501,SEC_F-501_p520,HAS_PROVISION
SEC_F-501,SEC_F-501_p521,HAS_PROVISION
SEC_F-501,SEC_F-501_p522,HAS_PROVISION
SEC_F-501_p522,SEC_F-501_p523,HAS_PROVISION
SEC_F-501_p522,SEC_F-501_p524,HAS_PROVISION
SEC_F-501_p522,SEC_F-501_p525,HAS_PROVISION
SEC_F-501,SEC_F-501_p526,HAS_PROVISION
SEC_F-501,SEC_F-501_p527,HAS_PROVISION
SEC_F-501,SEC_F-501_p528,HAS_PROVISION
SEC_F-501,SEC_F-501_p529,HAS_PROVISION
SEC_F-601,SEC_F-601_p530,HAS_PROVISION
SEC_F-601,SEC_F-601_p531,HAS_PROVISION
SEC_F-601,SEC_F-601_p532,HAS_PROVISION
SEC_F-601,SEC_F-601_p533,HAS_PROVISION
SEC_F-601,SEC_F-601_p534,HAS_PROVISION
SEC_F-601,SEC_F-601_p535,HAS_PROVISION
SEC_F-601,SEC_F-601_p536,HAS_PROVISION
SEC_F-601,SEC_F-601_p537,HAS_PROVISION
SEC_F-601_p537,SEC_F-601_p538,HAS_PROVISION
SEC_F-601,SEC_F-601_p539,HAS_PROVISION
SEC_F-601,SEC_F-601_p540,HAS_PROVISION
SEC_F-601,SEC_F-601_p541,HAS_PROVISION
SEC_F-601,SEC_F-601_p542,HAS_PROVISION
SEC_F-601,SEC_F-601_p543,HAS_PROVISION
SEC_F-601,SEC_F-601_p544,HAS_PROVISION
SEC_F-601,SEC_F-601_p545,HAS_PROVISION
SEC_F-601,SEC_F-601_p546,HAS_PROVISION
SEC_F-601,SEC_F-601_p547,HAS_PROVISION
SEC_F-601,SEC_F-601_p548,HAS_PROVISION
SEC_F-601,SEC_F-601_p549,HAS_PROVISION
SEC_F-601,SEC_F-601_p550,HAS_PROVISION
SEC_F-601_p550,SEC_F-601_p551,HAS_PROVISION
SEC_F-601,SEC_F-601_p552,HAS_PROVISION
SEC_F-601_p552,SEC_F-601_p553,HAS_PROVISION
SEC_F-601,SEC_F-601_p554,HAS_PROVISION
SEC_F-601,SEC_F-601_p555,HAS_PROVISION
SEC_F-601_p555,SEC_F-601_p556,HAS_PROVISION
SEC_F-601_p555,SEC_F-601_p557,HAS_PROVISION
SEC_F-601_p555,SEC_F-601_p558,HAS_PROVISION
SEC_F-601_p555,SEC_F-601_p559,HAS_PROVISION
SEC_F-601_p555,SEC_F-601_p560,HAS_PROVISION
SEC_F-601_p555,SEC_F-601_p561,HAS_PROVISION
SEC_F-601_p555,SEC_F-601_p562,HAS_PROVISION
SEC_F-601_p555,SEC_F-601_p563,HAS_PROVISION
SEC_F-701,SEC_F-701_p564,HAS_PROVISION
SEC_F-701,SEC_F-701_p565,HAS_PROVISION
SEC_F-701,SEC_F-701_p566,HAS_PROVISION
SEC_F-701,SEC_F-701_p567,HAS_PROVISION
SEC_F-701,SEC_F-701_p568,HAS_PROVISION
SEC_F-701,SEC_F-701_p569,HAS_PROVISION
SEC_F-701,SEC_F-701_p570,HAS_PROVISION
SEC_F-701,SEC_F-701_p571,HAS_PROVISION
SEC_F-701_p571,SEC_F-701_p572,HAS_PROVISION
SEC_F-701,SEC_F-701_p573,HAS_PROVISION
SEC_F-701,SEC_F-701_p574,HAS_PROVISION
SEC_F-701,SEC_F-701_p575,HAS_PROVISION
SEC_F-701,SEC_F-701_p576,HAS_PROVISION
SEC_F-701,SEC_F-701_p577,HAS_PROVISION
SEC_F-701,SEC_F-701_p578,HAS_PROVISION
SEC_F-701,SEC_F-701_p579,HAS_PROVISION
SEC_F-701,SEC_F-701_p580,HAS_PROVISION
SEC_F-701,SEC_F-701_p581,HAS_PROVISION
SEC_F-701,SEC_F-701_p582,HAS_PROVISION
SEC_F-701,SEC_F-701_p583,HAS_PROVISION
SEC_F-701,SEC_F-701_p584,HAS_PROVISION
SEC_F-701_p584,SEC_F-701_p585,HAS_PROVISION
SEC_F-701,SEC_F-701_p586,HAS_PROVISION
SEC_F-701_p586,SEC_F-701_p587,HAS_PROVISION
SEC_F-701,SEC_F-701_p588,HAS_PROVISION
SEC_F-701_p588,SEC_F-701_p589,HAS_PROVISION
SEC_F-701_p588,SEC_F-701_p590,HAS_PROVISION
SEC_F-701_p588,SEC_F-701_p591,HAS_PROVISION
SEC_F-701_p588,SEC_F-701_p592,HAS_PROVISION
SEC_F-701_p588,SEC_F-701_p593,HAS_PROVISION
SEC_F-701,SEC_F-701_p594,HAS_PROVISION
SEC_F-701_p594,SEC_F-701_p595,HAS_PROVISION
SEC_F-701_p594,SEC_F-701_p596,HAS_PROVISION
SEC_F-701_p594,SEC_F-701_p597,HAS_PROVISION
SEC_F-701_p594,SEC_F-701_p598,HAS_PROVISION
SEC_F-701_p594,SEC_F-701_p599,HAS_PROVISION
SEC_H-103,SEC_H-103_p600,HAS_PROVISION
SEC_H-103,SEC_H-103_p601,HAS_PROVISION
SEC_H-103,SEC_H-103_p602,HAS_PROVISION
SEC_H-103,SEC_H-103_p603,HAS_PROVISION
SEC_H-104,SEC_H-104_p604,HAS_PROVISION
SEC_H-104,SEC_H-104_p605,HAS_PROVISION
SEC_H-104,SEC_H-104_p606,HAS_PROVISION
SEC_H-104,SEC_H-104_p607,HAS_PROVISION
SEC_H-104,SEC_H-104_p608,HAS_PROVISION
SEC_H-106,SEC_H-106_p609,HAS_PROVISION
SEC_H-106,SEC_H-106_p610,HAS_PROVISION
SEC_H-106,SEC_H-106_p611,HAS_PROVISION
SEC_H-106_p611,SEC_H-106_p612,HAS_PROVISION
SEC_I-100,SEC_I-100_p613,HAS_PROVISION
SEC_I-100_p613,SEC_I-100_p614,HAS_PROVISION
SEC_I-100_p613,SEC_I-100_p615,HAS_PROVISION
SEC_I-100,SEC_I-100_p616,HAS_PROVISION
SEC_I-100,SEC_I-100_p617,HAS_PROVISION
SEC_I-100_p617,SEC_I-100_p618,HAS_PROVISION
SEC_I-100_p617,SEC_I-100_p619,HAS_PROVISION
SEC_I-100_p617,SEC_I-100_p620,HAS_PROVISION
SEC_I-100_p617,SEC_I-100_p621,HAS_PROVISION
SEC_I-100,SEC_I-100_p622,HAS_PROVISION
SEC_I-100_p622,SEC_I-100_p623,HAS_PROVISION
SEC_I-100_p622,SEC_I-100_p624,HAS_PROVISION
SEC_I-101,SEC_I-101_p625,HAS_PROVISION
SEC_I-101,SEC_I-101_p626,HAS_PROVISION
SEC_I-101,SEC_I-101_p627,HAS_PROVISION
SEC_I-101,SEC_I-101_p628,HAS_PROVISION
SEC_I-101,SEC_I-101_p629,HAS_PROVISION
SEC_I-101,SEC_I-101_p630,HAS_PROVISION
SEC_I-101,SEC_I-101_p631,HAS_PROVISION
SEC_I-102,SEC_I-102_p632,HAS_PROVISION
SEC_I-102_p632,SEC_I-102_p633,HAS_PROVISION
SEC_I-102_p632,SEC_I-102_p634,HAS_PROVISION
SEC_I-102_p634,SEC_I-102_p635,HAS_PROVISION
SEC_I-102_p634,SEC_I-102_p636,HAS_PROVISION
SEC_I-102_p634,SEC_I-102_p637,HAS_PROVISION
SEC_I-102_p634,SEC_I-102_p638,HAS_PROVISION
SEC_I-102_p632,SEC_I-102_p639,HAS_PROVISION
SEC_I-102_p639,SEC_I-102_p640,HAS_PROVISION
SEC_I-102_p639,SEC_I-102_p641,HAS_PROVISION
SEC_I-102_p639,SEC_I-102_p642,HAS_PROVISION
SEC_I-102_p639,SEC_I-102_p643,HAS_PROVISION
SEC_I-102,SEC_I-102_p644,HAS_PROVISION
SEC_I-102_p644,SEC_I-102_p645,HAS_PROVISION
SEC_I-102_p644,SEC_I-102_p646,HAS_PROVISION
SEC_I-102_p644,SEC_I-102_p647,HAS_PROVISION
SEC_I-102_p644,SEC_I-102_p648,HAS_PROVISION
SEC_I-102_p644,SEC_I-102_p649,HAS_PROVISION
SEC_I-102_p649,SEC_I-102_p650,HAS_PROVISION
SEC_I-102_p649,SEC_I-102_p651,HAS_PROVISION
SEC_I-102_p649,SEC_I-102_p652,HAS_PROVISION
SEC_I-102_p649,SEC_I-102_p653,HAS_PROVISION
SEC_I-102_p649,SEC_I-102_p654,HAS_PROVISION
SEC_I-102_p649,SEC_I-102_p655,HAS_PROVISION
SEC_I-102_p649,SEC_I-102_p656,HAS_PROVISION
SEC_I-102_p649,SEC_I-102_p657,HAS_PROVISION
SEC_I-102_p649,SEC_I-102_p658,HAS_PROVISION
SEC_I-102,SEC_I-102_p659,HAS_PROVISION
SEC_I-102,SEC_I-102_p660,HAS_PROVISION
SEC_I-102,SEC_I-102_p661,HAS_PROVISION
SEC_I-102,SEC_I-102_p662,HAS_PROVISION
SEC_I-102,SEC_I-102_p663,HAS_PROVISION
SEC_I-102_p663,SEC_I-102_p664,HAS_PROVISION
SEC_I-102_p663,SEC_I-102_p665,HAS_PROVISION
SEC_I-102_p663,SEC_I-102_p666,HAS_PROVISION
SEC_I-102,SEC_I-102_p667,HAS_PROVISION
SEC_I-103,SEC_I-103_p668,HAS_PROVISION
SEC_I-103_p668,SEC_I-103_p669,HAS_PROVISION
SEC_I-103_p668,SEC_I-103_p670,HAS_PROVISION
SEC_I-103_p668,SEC_I-103_p671,HAS_PROVISION
SEC_I-104,SEC_I-104_p672,HAS_PROVISION
SEC_I-104,SEC_I-104_p673,HAS_PROVISION
SEC_I-104,SEC_I-104_p674,HAS_PROVISION
SEC_I-104,SEC_I-104_p675,HAS_PROVISION
SEC_I-104,SEC_I-104_p676,HAS_PROVISION
SEC_I-105,SEC_I-105_p677,HAS_PROVISION
SEC_I-105,SEC_I-105_p678,HAS_PROVISION
SEC_I-105_p678,SEC_I-105_p679,HAS_PROVISION
SEC_I-105_p678,SEC_I-105_p680,HAS_PROVISION
SEC_I-105_p678,SEC_I-105_p681,HAS_PROVISION
SEC_I-105_p678,SEC_I-105_p682,HAS_PROVISION
SEC_I-105_p678,SEC_I-105_p683,HAS_PROVISION
SEC_I-105_p678,SEC_I-105_p684,HAS_PROVISION
SEC_I-105_p678,SEC_I-105_p685,HAS_PROVISION
SEC_I-105_p678,SEC_I-105_p686,HAS_PROVISION
SEC_I-105,SEC_I-105_p687,HAS_PROVISION
SEC_I-105,SEC_I-105_p688,HAS_PROVISION
SEC_I-106,SEC_I-106_p689,HAS_PROVISION
SEC_I-106,SEC_I-106_p690,HAS_PROVISION
SEC_I-106,SEC_I-106_p691,HAS_PROVISION
SEC_I-106,SEC_I-106_p692,HAS_PROVISION
SEC_I-106_p692,SEC_I-106_p693,HAS_PROVISION
SEC_I-106_p693,SEC_I-106_p694,HAS_PROVISION
SEC_I-106_p693,SEC_I-106_p695,HAS_PROVISION
SEC_I-106_p693,SEC_I-106_p696,HAS_PROVISION
SEC_I-106_p692,SEC_I-106_p697,HAS_PROVISION
SEC_I-106_p692,SEC_I-106_p698,HAS_PROVISION
SEC_I-106_p692,SEC_I-106_p699,HAS_PROVISION
SEC_I-106_p692,SEC_I-106_p700,HAS_PROVISION
SEC_I-106_p692,SEC_I-106_p701,HAS_PROVISION
SEC_I-106_p701,SEC_I-106_p702,HAS_PROVISION
SEC_I-106_p701,SEC_I-106_p703,HAS_PROVISION
SEC_I-106_p701,SEC_I-106_p704,HAS_PROVISION
SEC_I-106_p701,SEC_I-106_p705,HAS_PROVISION
SEC_I-106_p701,SEC_I-106_p706,HAS_PROVISION
SEC_I-106_p701,SEC_I-106_p707,HAS_PROVISION
SEC_I-106,SEC_I-106_p708,HAS_PROVISION
SEC_I-106,SEC_I-106_p709,HAS_PROVISION
SEC_I-106,SEC_I-106_p710,HAS_PROVISION
SEC_I-107,SEC_I-107_p711,HAS_PROVISION
SEC_I-107,SEC_I-107_p712,HAS_PROVISION
SEC_I-107,SEC_I-107_p713,HAS_PROVISION
SEC_I-107,SEC_I-107_p714,HAS_PROVISION
SEC_I-107,SEC_I-107_p715,HAS_PROVISION
SEC_I-107_p715,SEC_I-107_p716,HAS_PROVISION
SEC_I-107_p715,SEC_I-107_p717,HAS_PROVISION
SEC_I-107_p715,SEC_I-107_p718,HAS_PROVISION
SEC_I-107_p715,SEC_I-107_p719,HAS_PROVISION
SEC_I-107_p715,SEC_I-107_p720,HAS_PROVISION
SEC_I-107_p715,SEC_I-107_p721,HAS_PROVISION
SEC_I-107_p715,SEC_I-107_p722,HAS_PROVISION
SEC_I-107,SEC_I-107_p723,HAS_PROVISION
SEC_I-107,SEC_I-107_p724,HAS_PROVISION
SEC_I-107_p724,SEC_I-107_p725,HAS_PROVISION
SEC_I-107_p725,SEC_I-107_p726,HAS_PROVISION
SEC_I-107_p725,SEC_I-107_p727,HAS_PROVISION
SEC_I-107_p724,SEC_I-107_p728,HAS_PROVISION
SEC_I-107_p724,SEC_I-107_p729,HAS_PROVISION
SEC_I-107_p724,SEC_I-107_p730,HAS_PROVISION
SEC_I-107,SEC_I-107_p731,HAS_PROVISION
SEC_I-107,SEC_I-107_p732,HAS_PROVISION
SEC_I-107,SEC_I-107_p733,HAS_PROVISION
SEC_I-107,SEC_I-107_p734,HAS_PROVISION
SEC_I-107,SEC_I-107_p735,HAS_PROVISION
SEC_I-107,SEC_I-107_p736,HAS_PROVISION
SEC_I-107_p736,SEC_I-107_p737,HAS_PROVISION
SEC_I-107_p736,SEC_I-107_p738,HAS_PROVISION
SEC_I-107_p736,SEC_I-107_p739,HAS_PROVISION
SEC_I-107_p736,SEC_I-107_p740,HAS_PROVISION
SEC_I-107,SEC_I-107_p741,HAS_PROVISION
SEC_I-107,SEC_I-107_p742,HAS_PROVISION
SEC_I-107,SEC_I-107_p743,HAS_PROVISION
SEC_I-108,SEC_I-108_p744,HAS_PROVISION
SEC_I-108_p744,SEC_I-108_p745,HAS_PROVISION
SEC_I-108_p744,SEC_I-108_p746,HAS_PROVISION
SEC_I-108_p744,SEC_I-108_p747,HAS_PROVISION
SEC_I-108_p744,SEC_I-108_p748,HAS_PROVISION
SEC_I-108_p744,SEC_I-108_p749,HAS_PROVISION
SEC_I-108_p744,SEC_I-108_p750,HAS_PROVISION
SEC_I-108,SEC_I-108_p751,HAS_PROVISION
SEC_I-108,SEC_I-108_p752,HAS_PROVISION
SEC_I-108_p752,SEC_I-108_p753,HAS_PROVISION
SEC_I-108,SEC_I-108_p754,HAS_PROVISION
SEC_I-108,SEC_I-108_p755,HAS_PROVISION
SEC_I-109,SEC_I-109_p756,HAS_PROVISION
SEC_I-109,SEC_I-109_p757,HAS_PROVISION
SEC_I-109,SEC_I-109_p758,HAS_PROVISION
SEC_I-109,SEC_I-109_p759,HAS_PROVISION
SEC_I-109_p759,SEC_I-109_p760,HAS_PROVISION
SEC_I-109,SEC_I-109_p761,HAS_PROVISION
SEC_I-110.1,SEC_I-110.1_p762,HAS_PROVISION
SEC_I-110.1,SEC_I-110.1_p763,HAS_PROVISION
SEC_I-110.1,SEC_I-110.1_p764,HAS_PROVISION
SEC_I-110.1,SEC_I-110.1_p765,HAS_PROVISION
SEC_I-110.1_p765,SEC_I-110.1_p766,HAS_PROVISION
SEC_I-110.1_p765,SEC_I-110.1_p767,HAS_PROVISION
SEC_I-110.1_p765,SEC_I-110.1_p768,HAS_PROVISION
SEC_I-110.2,SEC_I-110.2_p769,HAS_PROVISION
SEC_I-110.2_p769,SEC_I-110.2_p770,HAS_PROVISION
SEC_I-110.2_p769,SEC_I-110.2_p771,HAS_PROVISION
SEC_I-110.2,SEC_I-110.2_p772,HAS_PROVISION
SEC_I-110.2_p772,SEC_I-110.2_p773,HAS_PROVISION
SEC_I-110.2_p772,SEC_I-110.2_p774,HAS_PROVISION
SEC_I-110.2_p772,SEC_I-110.2_p775,HAS_PROVISION
SEC_I-110.2,SEC_I-110.2_p776,HAS_PROVISION
SEC_I-111,SEC_I-111_p777,HAS_PROVISION
SEC_I-111,SEC_I-111_p778,HAS_PROVISION
SEC_I-111,SEC_I-111_p779,HAS_PROVISION
SEC_I-111,SEC_I-111_p780,HAS_PROVISION
SEC_I-111,SEC_I-111_p781,HAS_PROVISION
SEC_I-111,SEC_I-111_p782,HAS_PROVISION
SEC_I-112.1,SEC_I-112.1_p783,HAS_PROVISION
SEC_I-112.1,SEC_I-112.1_p784,HAS_PROVISION
SEC_I-112.2,SEC_I-112.2_p785,HAS_PROVISION
SEC_I-112.2_p785,SEC_I-112.2_p786,HAS_PROVISION
SEC_I-112.2_p785,SEC_I-112.2_p787,HAS_PROVISION
SEC_I-112.2_p787,SEC_I-112.2_p788,HAS_PROVISION
SEC_I-112.2_p787,SEC_I-112.2_p789,HAS_PROVISION
SEC_I-112.2_p787,SEC_I-112.2_p790,HAS_PROVISION
SEC_I-112.2_p787,SEC_I-112.2_p791,HAS_PROVISION
SEC_I-112.2_p787,SEC_I-112.2_p792,HAS_PROVISION
SEC_I-112.2_p787,SEC_I-112.2_p793,HAS_PROVISION
SEC_I-112.2_p787,SEC_I-112.2_p794,HAS_PROVISION
SEC_I-112.2_p787,SEC_I-112.2_p795,HAS_PROVISION
SEC_I-112.2_p787,SEC_I-112.2_p796,HAS_PROVISION
SEC_I-112.2_p787,SEC_I-112.2_p797,HAS_PROVISION
SEC_I-112.2_p787,SEC_I-112.2_p798,HAS_PROVISION
SEC_I-112.2_p787,SEC_I-112.2_p799,HAS_PROVISION
SEC_I-112.2_p799,SEC_I-112.2_p800,HAS_PROVISION
SEC_I-112.2_p799,SEC_I-112.2_p801,HAS_PROVISION
SEC_I-112.2_p799,SEC_I-112.2_p802,HAS_PROVISION
SEC_I-112.2_p799,SEC_I-112.2_p803,HAS_PROVISION
SEC_I-112.2_p799,SEC_I-112.2_p804,HAS_PROVISION
SEC_I-112.2_p785,SEC_I-112.2_p805,HAS_PROVISION
SEC_I-112.2,SEC_I-112.2_p806,HAS_PROVISION
SEC_I-112.2_p806,SEC_I-112.2_p807,HAS_PROVISION
SEC_I-112.2_p806,SEC_I-112.2_p808,HAS_PROVISION
SEC_I-112.2,SEC_I-112.2_p809,HAS_PROVISION
SEC_I-112.2,SEC_I-112.2_p810,HAS_PROVISION
SEC_I-112.2_p810,SEC_I-112.2_p811,HAS_PROVISION
SEC_I-112.2_p810,SEC_I-112.2_p812,HAS_PROVISION
SEC_I-113,SEC_I-113_p813,HAS_PROVISION
SEC_I-113,SEC_I-113_p814,HAS_PROVISION
DFARS-252.225-7001,DFARS-SP252.2,PART_OF
DFARS-252.225-7044,DFARS-SP252.2,PART_OF
DFARS-252.229-7001,DFARS-SP252.2,PART_OF
DFARS-252.225-7001-p1,DFARS-252.225-7001,PART_OF
DFARS-252.225-7001-p2,DFARS-252.225-7001-p1,PART_OF
DFARS-252.225-7001-p3,DFARS-252.225-7001-p2,PART_OF
DFARS-252.225-7001-p4,DFARS-252.225-7001-p3,PART_OF
DFARS-252.225-7001-p5,DFARS-252.225-7001-p4,PART_OF
DFARS-252.225-7001-p6,DFARS-252.225-7001-p4,PART_OF
DFARS-252.225-7001-p7,DFARS-252.225-7001-p4,PART_OF
DFARS-252.225-7001-p8,DFARS-252.225-7001-p3,PART_OF
DFARS-252.225-7001-p9,DFARS-252.225-7001-p2,PART_OF
DFARS-252.225-7001-p10,DFARS-252.225-7001-p2,PART_OF
DFARS-252.225-7001-p11,DFARS-252.225-7001-p2,PART_OF
DFARS-252.225-7001-p12,DFARS-252.225-7001-p2,PART_OF
DFARS-252.225-7001-p13,DFARS-252.225-7001-p12,PART_OF
DFARS-252.225-7001-p14,DFARS-252.225-7001-p13,PART_OF
DFARS-252.225-7001-p15,DFARS-252.225-7001-p13,PART_OF
DFARS-252.225-7001-p16,DFARS-252.225-7001-p15,PART_OF
DFARS-252.225-7001-p17,DFARS-252.225-7001-p16,PART_OF
DFARS-252.225-7001-p18,DFARS-252.225-7001-p16,PART_OF
DFARS-252.225-7001-p19,DFARS-252.225-7001-p15,PART_OF
DFARS-252.225-7001-p20,DFARS-252.225-7001-p12,PART_OF
DFARS-252.225-7001-p21,DFARS-252.225-7001-p2,PART_OF
DFARS-252.225-7001-p22,DFARS-252.225-7001-p2,PART_OF
DFARS-252.225-7001-p23,DFARS-252.225-7001-p2,PART_OF
DFARS-252.225-7001-p24,DFARS-252.225-7001-p2,PART_OF
DFARS-252.225-7001-p25,DFARS-252.225-7001-p2,PART_OF
DFARS-252.225-7001-p26,DFARS-252.225-7001-p2,PART_OF
DFARS-252.225-7001-p27,DFARS-252.225-7001-p26,PART_OF
DFARS-252.225-7001-p28,DFARS-252.225-7001-p26,PART_OF
DFARS-252.225-7001-p29,DFARS-252.225-7001-p28,PART_OF
DFARS-252.225-7001-p30,DFARS-252.225-7001-p29,PART_OF
DFARS-252.225-7001-p31,DFARS-252.225-7001-p29,PART_OF
DFARS-252.225-7001-p32,DFARS-252.225-7001-p29,PART_OF
DFARS-252.225-7001-p33,DFARS-252.225-7001-p28,PART_OF
DFARS-252.225-7001-p34,DFARS-252.225-7001-p2,PART_OF
DFARS-252.225-7001-p35,DFARS-252.225-7001-p2,PART_OF
DFARS-252.225-7001-p36,DFARS-252.225-7001-p1,PART_OF
DFARS-252.225-7001-p37,DFARS-252.225-7001-p1,PART_OF
DFARS-252.225-7001-p38,DFARS-252.225-7001-p1,PART_OF
DFARS-252.225-7001-p39,DFARS-252.225-7001,PART_OF
DFARS-252.225-7001-p40,DFARS-252.225-7001-p39,PART_OF
DFARS-252.225-7001-p41,DFARS-252.225-7001-p40,PART_OF
DFARS-252.225-7001-p42,DFARS-252.225-7001-p41,PART_OF
DFARS-252.225-7001-p43,DFARS-252.225-7001-p42,PART_OF
DFARS-252.225-7001-p44,DFARS-252.225-7001-p42,PART_OF
DFARS-252.225-7001-p45,DFARS-252.225-7001-p42,PART_OF
DFARS-252.225-7001-p46,DFARS-252.225-7001-p41,PART_OF
DFARS-252.225-7001-p47,DFARS-252.225-7001-p40,PART_OF
DFARS-252.225-7001-p48,DFARS-252.225-7001-p40,PART_OF
DFARS-252.225-7001-p49,DFARS-252.225-7001-p40,PART_OF
DFARS-252.225-7001-p50,DFARS-252.225-7001-p40,PART_OF
DFARS-252.225-7001-p51,DFARS-252.225-7001-p50,PART_OF
DFARS-252.225-7001-p52,DFARS-252.225-7001-p51,PART_OF
DFARS-252.225-7001-p53,DFARS-252.225-7001-p51,PART_OF
DFARS-252.225-7001-p54,DFARS-252.225-7001-p53,PART_OF
DFARS-252.225-7001-p55,DFARS-252.225-7001-p54,PART_OF
DFARS-252.225-7001-p56,DFARS-252.225-7001-p54,PART_OF
DFARS-252.225-7001-p57,DFARS-252.225-7001-p53,PART_OF
DFARS-252.225-7001-p58,DFARS-252.225-7001-p50,PART_OF
DFARS-252.225-7001-p59,DFARS-252.225-7001-p40,PART_OF
DFARS-252.225-7001-p60,DFARS-252.225-7001-p40,PART_OF
DFARS-252.225-7001-p61,DFARS-252.225-7001-p40,PART_OF
DFARS-252.225-7001-p62,DFARS-252.225-7001-p40,PART_OF
DFARS-252.225-7001-p63,DFARS-252.225-7001-p40,PART_OF
DFARS-252.225-7001-p64,DFARS-252.225-7001-p40,PART_OF
DFARS-252.225-7001-p65,DFARS-252.225-7001-p64,PART_OF
DFARS-252.225-7001-p66,DFARS-252.225-7001-p64,PART_OF
DFARS-252.225-7001-p67,DFARS-252.225-7001-p66,PART_OF
DFARS-252.225-7001-p68,DFARS-252.225-7001-p67,PART_OF
DFARS-252.225-7001-p69,DFARS-252.225-7001-p67,PART_OF
DFARS-252.225-7001-p70,DFARS-252.225-7001-p67,PART_OF
DFARS-252.225-7001-p71,DFARS-252.225-7001-p66,PART_OF
DFARS-252.225-7001-p72,DFARS-252.225-7001-p40,PART_OF
DFARS-252.225-7001-p73,DFARS-252.225-7001-p40,PART_OF
DFARS-252.225-7001-p74,DFARS-252.225-7001-p73,PART_OF
DFARS-252.225-7001-p75,DFARS-252.225-7001-p73,PART_OF
DFARS-252.225-7001-p76,DFARS-252.225-7001-p40,PART_OF
DFARS-252.225-7001-p77,DFARS-252.225-7001-p40,PART_OF
DFARS-252.225-7001-p78,DFARS-252.225-7001-p39,PART_OF
DFARS-252.225-7001-p79,DFARS-252.225-7001-p39,PART_OF
DFARS-252.225-7001-p80,DFARS-252.225-7001-p39,PART_OF
DFARS-252.225-7001-p81,DFARS-252.225-7001,PART_OF
DFARS-252.225-7001-p82,DFARS-252.225-7001-p81,PART_OF
DFARS-252.225-7001-p83,DFARS-252.225-7001-p82,PART_OF
DFARS-252.225-7001-p84,DFARS-252.225-7001-p83,PART_OF
DFARS-252.225-7001-p85,DFARS-252.225-7001-p84,PART_OF
DFARS-252.225-7001-p86,DFARS-252.225-7001-p84,PART_OF
DFARS-252.225-7001-p87,DFARS-252.225-7001-p84,PART_OF
DFARS-252.225-7001-p88,DFARS-252.225-7001-p83,PART_OF
DFARS-252.225-7001-p89,DFARS-252.225-7001-p82,PART_OF
DFARS-252.225-7001-p90,DFARS-252.225-7001-p82,PART_OF
DFARS-252.225-7001-p91,DFARS-252.225-7001-p82,PART_OF
DFARS-252.225-7001-p92,DFARS-252.225-7001-p82,PART_OF
DFARS-252.225-7001-p93,DFARS-252.225-7001-p92,PART_OF
DFARS-252.225-7001-p94,DFARS-252.225-7001-p93,PART_OF
DFARS-252.225-7001-p95,DFARS-252.225-7001-p93,PART_OF
DFARS-252.225-7001-p96,DFARS-252.225-7001-p95,PART_OF
DFARS-252.225-7001-p97,DFARS-252.225-7001-p96,PART_OF
DFARS-252.225-7001-p98,DFARS-252.225-7001-p96,PART_OF
DFARS-252.225-7001-p99,DFARS-252.225-7001-p95,PART_OF
DFARS-252.225-7001-p100,DFARS-252.225-7001-p92,PART_OF
DFARS-252.225-7001-p101,DFARS-252.225-7001-p82,PART_OF
DFARS-252.225-7001-p102,DFARS-252.225-7001-p82,PART_OF
DFARS-252.225-7001-p103,DFARS-252.225-7001-p82,PART_OF
DFARS-252.225-7001-p104,DFARS-252.225-7001-p82,PART_OF
DFARS-252.225-7001-p105,DFARS-252.225-7001-p82,PART_OF
DFARS-252.225-7001-p106,DFARS-252.225-7001-p82,PART_OF
DFARS-252.225-7001-p107,DFARS-252.225-7001-p106,PART_OF
DFARS-252.225-7001-p108,DFARS-252.225-7001-p106,PART_OF
DFARS-252.225-7001-p109,DFARS-252.225-7001-p108,PART_OF
DFARS-252.225-7001-p110,DFARS-252.225-7001-p109,PART_OF
DFARS-252.225-7001-p111,DFARS-252.225-7001-p109,PART_OF
DFARS-252.225-7001-p112,DFARS-252.225-7001-p109,PART_OF
DFARS-252.225-7001-p113,DFARS-252.225-7001-p108,PART_OF
DFARS-252.225-7001-p114,DFARS-252.225-7001-p82,PART_OF
DFARS-252.225-7001-p115,DFARS-252.225-7001-p82,PART_OF
DFARS-252.225-7001-p116,DFARS-252.225-7001-p81,PART_OF
DFARS-252.225-7001-p117,DFARS-252.225-7001-p81,PART_OF
DFARS-252.225-7001-p118,DFARS-252.225-7001-p81,PART_OF
DFARS-252.225-7001-p119,DFARS-252.225-7001,PART_OF
DFARS-252.225-7001-p120,DFARS-252.225-7001-p119,PART_OF
DFARS-252.225-7001-p121,DFARS-252.225-7001-p120,PART_OF
DFARS-252.225-7001-p122,DFARS-252.225-7001-p121,PART_OF
DFARS-252.225-7001-p123,DFARS-252.225-7001-p122,PART_OF
DFARS-252.225-7001-p124,DFARS-252.225-7001-p122,PART_OF
DFARS-252.225-7001-p125,DFARS-252.225-7001-p122,PART_OF
DFARS-252.225-7001-p126,DFARS-252.225-7001-p121,PART_OF
DFARS-252.225-7001-p127,DFARS-252.225-7001-p120,PART_OF
DFARS-252.225-7001-p128,DFARS-252.225-7001-p120,PART_OF
DFARS-252.225-7001-p129,DFARS-252.225-7001-p120,PART_OF
DFARS-252.225-7001-p130,DFARS-252.225-7001-p120,PART_OF
DFARS-252.225-7001-p131,DFARS-252.225-7001-p130,PART_OF
DFARS-252.225-7001-p132,DFARS-252.225-7001-p131,PART_OF
DFARS-252.225-7001-p133,DFARS-252.225-7001-p131,PART_OF
DFARS-252.225-7001-p134,DFARS-252.225-7001-p133,PART_OF
DFARS-252.225-7001-p135,DFARS-252.225-7001-p134,PART_OF
DFARS-252.225-7001-p136,DFARS-252.225-7001-p134,PART_OF
DFARS-252.225-7001-p137,DFARS-252.225-7001-p133,PART_OF
DFARS-252.225-7001-p138,DFARS-252.225-7001-p130,PART_OF
DFARS-252.225-7001-p139,DFARS-252.225-7001-p120,PART_OF
DFARS-252.225-7001-p140,DFARS-252.225-7001-p120,PART_OF
DFARS-252.225-7001-p141,DFARS-252.225-7001-p120,PART_OF
DFARS-252.225-7001-p142,DFARS-252.225-7001-p120,PART_OF
DFARS-252.225-7001-p143,DFARS-252.225-7001-p120,PART_OF
DFARS-252.225-7001-p144,DFARS-252.225-7001-p120,PART_OF
DFARS-252.225-7001-p145,DFARS-252.225-7001-p144,PART_OF
DFARS-252.225-7001-p146,DFARS-252.225-7001-p144,PART_OF
DFARS-252.225-7001-p147,DFARS-252.225-7001-p146,PART_OF
DFARS-252.225-7001-p148,DFARS-252.225-7001-p147,PART_OF
DFARS-252.225-7001-p149,DFARS-252.225-7001-p147,PART_OF
DFARS-252.225-7001-p150,DFARS-252.225-7001-p147,PART_OF
DFARS-252.225-7001-p151,DFARS-252.225-7001-p146,PART_OF
DFARS-252.225-7001-p152,DFARS-252.225-7001-p120,PART_OF
DFARS-252.225-7001-p153,DFARS-252.225-7001-p120,PART_OF
DFARS-252.225-7001-p154,DFARS-252.225-7001-p153,PART_OF
DFARS-252.225-7001-p155,DFARS-252.225-7001-p153,PART_OF
DFARS-252.225-7001-p156,DFARS-252.225-7001-p120,PART_OF
DFARS-252.225-7001-p157,DFARS-252.225-7001-p120,PART_OF
DFARS-252.225-7001-p158,DFARS-252.225-7001-p119,PART_OF
DFARS-252.225-7001-p159,DFARS-252.225-7001-p119,PART_OF
DFARS-252.225-7001-p160,DFARS-252.225-7001-p119,PART_OF
DFARS-252.225-7044-p1,DFARS-252.225-7044,PART_OF
DFARS-252.225-7044-p2,DFARS-252.225-7044-p1,PART_OF
DFARS-252.225-7044-p3,DFARS-252.225-7044-p2,PART_OF
DFARS-252.225-7044-p4,DFARS-252.225-7044-p3,PART_OF
DFARS-252.225-7044-p5,DFARS-252.225-7044-p4,PART_OF
DFARS-252.225-7044-p6,DFARS-252.225-7044-p4,PART_OF
DFARS-252.225-7044-p7,DFARS-252.225-7044-p4,PART_OF
DFARS-252.225-7044-p8,DFARS-252.225-7044-p3,PART_OF
DFARS-252.225-7044-p9,DFARS-252.225-7044-p2,PART_OF
DFARS-252.225-7044-p10,DFARS-252.225-7044-p2,PART_OF
DFARS-252.225-7044-p11,DFARS-252.225-7044-p2,PART_OF
DFARS-252.225-7044-p12,DFARS-252.225-7044-p11,PART_OF
DFARS-252.225-7044-p13,DFARS-252.225-7044-p11,PART_OF
DFARS-252.225-7044-p14,DFARS-252.225-7044-p2,PART_OF
DFARS-252.225-7044-p15,DFARS-252.225-7044-p2,PART_OF
DFARS-252.225-7044-p16,DFARS-252.225-7044-p2,PART_OF
DFARS-252.225-7044-p17,DFARS-252.225-7044-p16,PART_OF
DFARS-252.225-7044-p18,DFARS-252.225-7044-p17,PART_OF
DFARS-252.225-7044-p19,DFARS-252.225-7044-p17,PART_OF
DFARS-252.225-7044-p20,DFARS-252.225-7044-p19,PART_OF
DFARS-252.225-7044-p21,DFARS-252.225-7044-p19,PART_OF
DFARS-252.225-7044-p22,DFARS-252.225-7044-p16,PART_OF
DFARS-252.225-7044-p23,DFARS-252.225-7044-p2,PART_OF
DFARS-252.225-7044-p24,DFARS-252.225-7044-p2,PART_OF
DFARS-252.225-7044-p25,DFARS-252.225-7044-p2,PART_OF
DFARS-252.225-7044-p26,DFARS-252.225-7044-p1,PART_OF
DFARS-252.225-7044-p27,DFARS-252.225-7044-p26,PART_OF
DFARS-252.225-7044-p28,DFARS-252.225-7044-p26,PART_OF
DFARS-252.225-7044-p29,DFARS-252.225-7044-p26,PART_OF
DFARS-252.225-7044-p30,DFARS-252.225-7044,PART_OF
DFARS-252.225-7044-p31,DFARS-252.225-7044-p30,PART_OF
DFARS-252.225-7044-p32,DFARS-252.225-7044-p31,PART_OF
DFARS-252.225-7044-p33,DFARS-252.225-7044-p32,PART_OF
DFARS-252.225-7044-p34,DFARS-252.225-7044-p33,PART_OF
DFARS-252.225-7044-p35,DFARS-252.225-7044-p33,PART_OF
DFARS-252.225-7044-p36,DFARS-252.225-7044-p33,PART_OF
DFARS-252.225-7044-p37,DFARS-252.225-7044-p32,PART_OF
DFARS-252.225-7044-p38,DFARS-252.225-7044-p31,PART_OF
DFARS-252.225-7044-p39,DFARS-252.225-7044-p31,PART_OF
DFARS-252.225-7044-p40,DFARS-252.225-7044-p31,PART_OF
DFARS-252.225-7044-p41,DFARS-252.225-7044-p40,PART_OF
DFARS-252.225-7044-p42,DFARS-252.225-7044-p40,PART_OF
DFARS-252.225-7044-p43,DFARS-252.225-7044-p31,PART_OF
DFARS-252.225-7044-p44,DFARS-252.225-7044-p31,PART_OF
DFARS-252.225-7044-p45,DFARS-252.225-7044-p31,PART_OF
DFARS-252.225-7044-p46,DFARS-252.225-7044-p45,PART_OF
DFARS-252.225-7044-p47,DFARS-252.225-7044-p46,PART_OF
DFARS-252.225-7044-p48,DFARS-252.225-7044-p46,PART_OF
DFARS-252.225-7044-p49,DFARS-252.225-7044-p48,PART_OF
DFARS-252.225-7044-p50,DFARS-252.225-7044-p48,PART_OF
DFARS-252.225-7044-p51,DFARS-252.225-7044-p45,PART_OF
DFARS-252.225-7044-p52,DFARS-252.225-7044-p31,PART_OF
DFARS-252.225-7044-p53,DFARS-252.225-7044-p31,PART_OF
DFARS-252.225-7044-p54,DFARS-252.225-7044-p31,PART_OF
DFARS-252.225-7044-p55,DFARS-252.225-7044-p54,PART_OF
DFARS-252.225-7044-p56,DFARS-252.225-7044-p54,PART_OF
DFARS-252.225-7044-p57,DFARS-252.225-7044-p31,PART_OF
DFARS-252.225-7044-p58,DFARS-252.225-7044-p31,PART_OF
DFARS-252.225-7044-p59,DFARS-252.225-7044-p30,PART_OF
DFARS-252.225-7044-p60,DFARS-252.225-7044-p59,PART_OF
DFARS-252.225-7044-p61,DFARS-252.225-7044-p59,PART_OF
DFARS-252.225-7044-p62,DFARS-252.225-7044-p59,PART_OF
DFARS-252.225-7044-p63,DFARS-252.225-7044,PART_OF
DFARS-252.225-7044-p64,DFARS-252.225-7044-p63,PART_OF
DFARS-252.225-7044-p65,DFARS-252.225-7044-p64,PART_OF
DFARS-252.225-7044-p66,DFARS-252.225-7044-p65,PART_OF
DFARS-252.225-7044-p67,DFARS-252.225-7044-p66,PART_OF
DFARS-252.225-7044-p68,DFARS-252.225-7044-p66,PART_OF
DFARS-252.225-7044-p69,DFARS-252.225-7044-p66,PART_OF
DFARS-252.225-7044-p70,DFARS-252.225-7044-p65,PART_OF
DFARS-252.225-7044-p71,DFARS-252.225-7044-p64,PART_OF
DFARS-252.225-7044-p72,DFARS-252.225-7044-p64,PART_OF
DFARS-252.225-7044-p73,DFARS-252.225-7044-p64,PART_OF
DFARS-252.225-7044-p74,DFARS-252.225-7044-p73,PART_OF
DFARS-252.225-7044-p75,DFARS-252.225-7044-p73,PART_OF
DFARS-252.225-7044-p76,DFARS-252.225-7044-p64,PART_OF
DFARS-252.225-7044-p77,DFARS-252.225-7044-p64,PART_OF
DFARS-252.225-7044-p78,DFARS-252.225-7044-p64,PART_OF
DFARS-252.225-7044-p79,DFARS-252.225-7044-p78,PART_OF
DFARS-252.225-7044-p80,DFARS-252.225-7044-p79,PART_OF
DFARS-252.225-7044-p81,DFARS-252.225-7044-p79,PART_OF
DFARS-252.225-7044-p82,DFARS-252.225-7044-p81,PART_OF
DFARS-252.225-7044-p83,DFARS-252.225-7044-p81,PART_OF
DFARS-252.225-7044-p84,DFARS-252.225-7044-p78,PART_OF
DFARS-252.225-7044-p85,DFARS-252.225-7044-p64,PART_OF
DFARS-252.225-7044-p86,DFARS-252.225-7044-p64,PART_OF
DFARS-252.225-7044-p87,DFARS-252.225-7044-p64,PART_OF
DFARS-252.225-7044-p88,DFARS-252.225-7044-p63,PART_OF
DFARS-252.225-7044-p89,DFARS-252.225-7044-p88,PART_OF
DFARS-252.225-7044-p90,DFARS-252.225-7044-p88,PART_OF
DFARS-252.225-7044-p91,DFARS-252.225-7044-p88,PART_OF
DFARS-252.225-7044-p92,DFARS-252.225-7044,PART_OF
DFARS-252.225-7044-p93,DFARS-252.225-7044-p92,PART_OF
DFARS-252.225-7044-p94,DFARS-252.225-7044-p93,PART_OF
DFARS-252.225-7044-p95,DFARS-252.225-7044-p94,PART_OF
DFARS-252.225-7044-p96,DFARS-252.225-7044-p95,PART_OF
DFARS-252.225-7044-p97,DFARS-252.225-7044-p95,PART_OF
DFARS-252.225-7044-p98,DFARS-252.225-7044-p95,PART_OF
DFARS-252.225-7044-p99,DFARS-252.225-7044-p94,PART_OF
DFARS-252.225-7044-p100,DFARS-252.225-7044-p93,PART_OF
DFARS-252.225-7044-p101,DFARS-252.225-7044-p93,PART_OF
DFARS-252.225-7044-p102,DFARS-252.225-7044-p93,PART_OF
DFARS-252.225-7044-p103,DFARS-252.225-7044-p102,PART_OF
DFARS-252.225-7044-p104,DFARS-252.225-7044-p102,PART_OF
DFARS-252.225-7044-p105,DFARS-252.225-7044-p93,PART_OF
DFARS-252.225-7044-p106,DFARS-252.225-7044-p93,PART_OF
DFARS-252.225-7044-p107,DFARS-252.225-7044-p93,PART_OF
DFARS-252.225-7044-p108,DFARS-252.225-7044-p107,PART_OF
DFARS-252.225-7044-p109,DFARS-252.225-7044-p108,PART_OF
DFARS-252.225-7044-p110,DFARS-252.225-7044-p108,PART_OF
DFARS-252.225-7044-p111,DFARS-252.225-7044-p110,PART_OF
DFARS-252.225-7044-p112,DFARS-252.225-7044-p110,PART_OF
DFARS-252.225-7044-p113,DFARS-252.225-7044-p107,PART_OF
DFARS-252.225-7044-p114,DFARS-252.225-7044-p93,PART_OF
DFARS-252.225-7044-p115,DFARS-252.225-7044-p93,PART_OF
DFARS-252.225-7044-p116,DFARS-252.225-7044-p93,PART_OF
DFARS-252.225-7044-p117,DFARS-252.225-7044-p116,PART_OF
DFARS-252.225-7044-p118,DFARS-252.225-7044-p116,PART_OF
DFARS-252.225-7044-p119,DFARS-252.225-7044-p93,PART_OF
DFARS-252.225-7044-p120,DFARS-252.225-7044-p93,PART_OF
DFARS-252.225-7044-p121,DFARS-252.225-7044-p92,PART_OF
DFARS-252.225-7044-p122,DFARS-252.225-7044-p121,PART_OF
DFARS-252.225-7044-p123,DFARS-252.225-7044-p121,PART_OF
DFARS-252.225-7044-p124,DFARS-252.225-7044-p121,PART_OF
DFARS-252.229-7001-p1,DFARS-252.229-7001,PART_OF
DFARS-252.229-7001-p2,DFARS-252.229-7001-p1,PART_OF
DFARS-252.229-7001-p3,DFARS-252.229-7001-p1,PART_OF
DFARS-252.229-7001-p4,DFARS-252.229-7001-p1,PART_OF
DFARS-252.229-7001-p5,DFARS-252.229-7001,PART_OF
DFARS-252.229-7001-p6,DFARS-252.229-7001-p5,PART_OF
DFARS-252.229-7001-p7,DFARS-252.229-7001-p5,PART_OF
DFARS-252.229-7001-p8,DFARS-252.229-7001-p5,PART_OF
DFARS-252.229-7001-p9,DFARS-252.229-7001-p5,PART_OF
