provision_id,marker,level,clause_type,citation,parent_id,text,source_document
reg1(1),1,1,paragraph,regulation 1(1),reg1,These Regulations may be cited as the Network and Information Systems Regulations 2018 and come into force on 10th May 2018.,KB 2/Europe/UK Network and Information Systems (NIS) Regulations 2018.pdf
reg1(2),2,1,paragraph,regulation 1(2),reg1,In these Regulations— “cloud computing service” means a digital service that enables access to a scalable and elastic pool of shareable computing resources; “the Commission” means the Commission of the European Union; “Cooperation Group” means the group established under Article 11(1); “CSIRTs network” means the network established under Article 12(1); “digital service” means a service within the meaning of point (b) of Article 1(1) of Directive 2015/1535 which is of any the following kinds—,KB 2/Europe/UK Network and Information Systems (NIS) Regulations 2018.pdf
reg1(2)(a),a,2,sub-paragraph,regulation 1(2)(a),reg1(2),online marketplace;,KB 2/Europe/UK Network and Information Systems (NIS) Regulations 2018.pdf
reg1(2)(b),b,2,sub-paragraph,regulation 1(2)(b),reg1(2),online search engine;,KB 2/Europe/UK Network and Information Systems (NIS) Regulations 2018.pdf
reg1(2)(c),c,2,sub-paragraph,regulation 1(2)(c),reg1(2),"cloud computing service; “digital service provider” means any person who provides a digital service; “Directive 2013/11” means Directive 2013/11/EU of the European Parliament and of the Council on alternative dispute resolution for consumer disputes(a), and amending Regulation (EC) No 2006/2004 and Directive 2009/22/EC, as amended from time to time; “Directive 2015/1535” means Directive (EU) 2015/1535 of the European Parliament and of the Council laying down a procedure for the provision of information in the field of technical regulations and of rules on Information Society services(b), as amended from time to time; “Directive 2016/1148” means Directive (EU) 2016/1148 of the European Parliament and of the Council concerning measures for a high common level of security of network and information systems across the Union(c), as amended from time to time; “Drinking Water Quality Regulator for Scotland” means the person appointed by the Scottish Ministers under section 7(1) of the Water Industry (Scotland) Act 2002(d); “essential service” means a service which is essential for the maintenance of critical societal or economic activities; “GCHQ” means the Government Communications Headquarters within the meaning of section 3 of the Intelligence Services Act 1994(e); “incident” means any event having an actual adverse effect on the security of network and information systems; “network and information system” (“NIS”) means—",KB 2/Europe/UK Network and Information Systems (NIS) Regulations 2018.pdf
reg1(2)(c)(a),a,3,sub-sub-paragraph,regulation 1(2)(c)(a),reg1(2)(c),an electronic communications network within the meaning of section 32(1) of the Communications Act 2003(f);,KB 2/Europe/UK Network and Information Systems (NIS) Regulations 2018.pdf
reg1(2)(c)(b),b,3,sub-sub-paragraph,regulation 1(2)(c)(b),reg1(2)(c),"any device or group of interconnected or related devices, one or more of which, pursuant to a program, perform automatic processing of digital data; or",KB 2/Europe/UK Network and Information Systems (NIS) Regulations 2018.pdf
reg1(2)(c)(c),c,3,sub-sub-paragraph,regulation 1(2)(c)(c),reg1(2)(c),"digital data stored, processed, retrieved or transmitted by elements covered under paragraph (a) or (b) for the purposes of their operation, use, protection and maintenance; “online marketplace” means a digital service that allows consumers and/or traders as respectively defined in point (a) and in point (b) of Article 4(1) of Directive 2013/11 to conclude online sales or service contracts with traders either on the online marketplace’s website or on a trader’s website that uses computing services provided by the online marketplace; “online search engine” means a digital service that allows users to perform searches of, in principle, all websites or websites in a particular language on the basis of a query on any subject in the form of a keyword, phrase or other input, and returns links in which information related to the requested content can be found; “operator of an essential service” (“OES”) means a person who is deemed to be designated as an operator of an essential service under regulation 8(1) or is designated as an operator of an essential service under regulation 8(3); “relevant law-enforcement authority” has the meaning given in section 63A(1A) of the Police and Criminal Evidence Act 1984(a); and “risk” means any reasonably identifiable circumstance or event having a potential adverse effect on the security of network and information systems.",KB 2/Europe/UK Network and Information Systems (NIS) Regulations 2018.pdf
reg1(3),3,1,paragraph,regulation 1(3),reg1,In these Regulations a reference to—,KB 2/Europe/UK Network and Information Systems (NIS) Regulations 2018.pdf
reg1(3)(a),a,2,sub-paragraph,regulation 1(3)(a),reg1(3),"an Article, Annex, paragraph of an Article or Annex is a reference to the Article, Annex of paragraph as numbered in Directive 2016/1148;",KB 2/Europe/UK Network and Information Systems (NIS) Regulations 2018.pdf
reg1(3)(b),b,2,sub-paragraph,regulation 1(3)(b),reg1(3),"a numbered regulation, paragraph or Schedule is a reference to the regulation, paragraph or Schedule as numbered in these Regulations;",KB 2/Europe/UK Network and Information Systems (NIS) Regulations 2018.pdf
reg1(3)(c),c,2,sub-paragraph,regulation 1(3)(c),reg1(3),"“the relevant authorities in a Member State” is a reference to the designated single point of contact (“SPOC”), computer security incident response team (“CSIRT”) and national competent authorities for that Member State;",KB 2/Europe/UK Network and Information Systems (NIS) Regulations 2018.pdf
reg1(3)(d),d,2,sub-paragraph,regulation 1(3)(d),reg1(3),the “designated competent authority for an operator of an essential service” is a reference to the competent authority that is designated under regulation 3(1) for the subsector in relation to which that operator provides an essential service;,KB 2/Europe/UK Network and Information Systems (NIS) Regulations 2018.pdf
reg1(3)(e),e,2,sub-paragraph,regulation 1(3)(e),reg1(3),a “relevant digital service provider” (“RDSP”) is a reference to a person who provides a digital service in the United Kingdom and satisfies the following conditions—,KB 2/Europe/UK Network and Information Systems (NIS) Regulations 2018.pdf
reg1(3)(e)(i),i,3,sub-sub-paragraph,regulation 1(3)(e)(i),reg1(3)(e),the head office for that provider is in the United Kingdom or that provider has nominated a representative who is established in the United Kingdom;,KB 2/Europe/UK Network and Information Systems (NIS) Regulations 2018.pdf
reg1(3)(e)(ii),ii,3,sub-sub-paragraph,regulation 1(3)(e)(ii),reg1(3)(e),the provider is not a micro or small enterprise as defined in Commission Recommendation 2003/361/EC(b);,KB 2/Europe/UK Network and Information Systems (NIS) Regulations 2018.pdf
reg1(3)(f),f,2,sub-paragraph,regulation 1(3)(f),reg1(3),the “NIS enforcement authorities” is a reference to the competent authorities designated under regulation 3(1) and the Information Commissioner;,KB 2/Europe/UK Network and Information Systems (NIS) Regulations 2018.pdf
reg1(3)(g),g,2,sub-paragraph,regulation 1(3)(g),reg1(3),"“security of network and information systems” means the ability of network and information systems to resist, at a given level of confidence, any action that compromises the availability, authenticity, integrity or confidentiality of stored or transmitted or processed data or the related services offered by, or accessible via, those network and information systems.",KB 2/Europe/UK Network and Information Systems (NIS) Regulations 2018.pdf
reg1(4),4,1,paragraph,regulation 1(4),reg1,Expressions and words used in these Regulations which are also used in Directive 2016/1148 have the same meaning as in Directive 2016/1148.,KB 2/Europe/UK Network and Information Systems (NIS) Regulations 2018.pdf
reg1(5),5,1,paragraph,regulation 1(5),reg1,"Nothing in these Regulations prevents a person from taking an action (or not taking an action) which that person considers is necessary for the purposes of safeguarding the United Kingdom’s essential State functions, in particular—",KB 2/Europe/UK Network and Information Systems (NIS) Regulations 2018.pdf
reg1(5)(a),a,2,sub-paragraph,regulation 1(5)(a),reg1(5),"safeguarding national security, including protecting information the disclosure of which the person considers is contrary to the essential interests of the United Kingdom’s security; and",KB 2/Europe/UK Network and Information Systems (NIS) Regulations 2018.pdf
reg1(5)(b),b,2,sub-paragraph,regulation 1(5)(b),reg1(5),"maintaining law and order, in particular, to allow for the investigation, detection and prosecution of criminal offences(c).",KB 2/Europe/UK Network and Information Systems (NIS) Regulations 2018.pdf
reg1(6),6,1,paragraph,regulation 1(6),reg1,These Regulations apply to—,KB 2/Europe/UK Network and Information Systems (NIS) Regulations 2018.pdf
reg1(6)(a),a,2,sub-paragraph,regulation 1(6)(a),reg1(6),"the United Kingdom, including its internal waters;",KB 2/Europe/UK Network and Information Systems (NIS) Regulations 2018.pdf
reg1(6)(b),b,2,sub-paragraph,regulation 1(6)(b),reg1(6),the territorial sea adjacent to the United Kingdom;,KB 2/Europe/UK Network and Information Systems (NIS) Regulations 2018.pdf
reg1(6)(c),c,2,sub-paragraph,regulation 1(6)(c),reg1(6),the sea (including the seabed and subsoil) in any area designated under section 1(7) of the Continental Shelf Act 1964(a).,KB 2/Europe/UK Network and Information Systems (NIS) Regulations 2018.pdf
reg2(1),1,1,paragraph,regulation 2(1),reg2,A Minister of the Crown must designate and publish a strategy to provide strategic objectives and priorities on the security of network and information systems in the United Kingdom (“the NIS national strategy”).,KB 2/Europe/UK Network and Information Systems (NIS) Regulations 2018.pdf
reg2(2),2,1,paragraph,regulation 2(2),reg2,The strategic objectives and priorities set out in the NIS national strategy must be aimed at achieving and maintaining a high level of security of network and information systems in—,KB 2/Europe/UK Network and Information Systems (NIS) Regulations 2018.pdf
reg2(2)(a),a,2,sub-paragraph,regulation 2(2)(a),reg2(2),the sectors specified in column 1 of the table in Schedule 1 (“the relevant sectors”); and,KB 2/Europe/UK Network and Information Systems (NIS) Regulations 2018.pdf
reg2(2)(b),b,2,sub-paragraph,regulation 2(2)(b),reg2(2),digital services.,KB 2/Europe/UK Network and Information Systems (NIS) Regulations 2018.pdf
reg2(3),3,1,paragraph,regulation 2(3),reg2,The NIS national strategy may be published in such form and manner as the Minister considers appropriate.,KB 2/Europe/UK Network and Information Systems (NIS) Regulations 2018.pdf
reg2(4),4,1,paragraph,regulation 2(4),reg2,"The NIS national strategy may be reviewed by the Minister at any time and, if it is revised following such a review, the Minister must designate and publish a revised NIS national strategy as soon as reasonably practicable following that review.",KB 2/Europe/UK Network and Information Systems (NIS) Regulations 2018.pdf
reg2(5),5,1,paragraph,regulation 2(5),reg2,"The NIS national strategy must, in particular, address the following matters—",KB 2/Europe/UK Network and Information Systems (NIS) Regulations 2018.pdf
reg2(5)(a),a,2,sub-paragraph,regulation 2(5)(a),reg2(5),the regulatory measures and enforcement framework to secure the objectives and priorities of the strategy;,KB 2/Europe/UK Network and Information Systems (NIS) Regulations 2018.pdf
reg2(5)(b),b,2,sub-paragraph,regulation 2(5)(b),reg2(5),the roles and responsibilities of the key persons responsible for implementing the strategy;,KB 2/Europe/UK Network and Information Systems (NIS) Regulations 2018.pdf
reg2(5)(c),c,2,sub-paragraph,regulation 2(5)(c),reg2(5),"the measures relating to preparedness, response and recovery, including cooperation between public and private sectors;",KB 2/Europe/UK Network and Information Systems (NIS) Regulations 2018.pdf
reg2(5)(d),d,2,sub-paragraph,regulation 2(5)(d),reg2(5),"education, awareness-raising and training programmes relating to the strategy;",KB 2/Europe/UK Network and Information Systems (NIS) Regulations 2018.pdf
reg2(5)(e),e,2,sub-paragraph,regulation 2(5)(e),reg2(5),research and development plans relating to the strategy;,KB 2/Europe/UK Network and Information Systems (NIS) Regulations 2018.pdf
reg2(5)(f),f,2,sub-paragraph,regulation 2(5)(f),reg2(5),a risk assessment plan identifying any risks; and,KB 2/Europe/UK Network and Information Systems (NIS) Regulations 2018.pdf
reg2(5)(g),g,2,sub-paragraph,regulation 2(5)(g),reg2(5),a list of the persons involved in the implementation of the strategy.,KB 2/Europe/UK Network and Information Systems (NIS) Regulations 2018.pdf
reg2(6),6,1,paragraph,regulation 2(6),reg2,"The Minister must communicate the NIS national strategy, including any revised NIS national strategy, to the Commission within three months after the date on which the strategy is designated under paragraph (1).",KB 2/Europe/UK Network and Information Systems (NIS) Regulations 2018.pdf
reg2(7),7,1,paragraph,regulation 2(7),reg2,"Before publishing the NIS national strategy or communicating it to the Commission, the Minister may redact any part of it which relates to national security.",KB 2/Europe/UK Network and Information Systems (NIS) Regulations 2018.pdf
reg2(8),8,1,paragraph,regulation 2(8),reg2,In this regulation “a Minister of the Crown” has the same meaning as in section 8(1) of the Ministers of the Crown Act 1975(b).,KB 2/Europe/UK Network and Information Systems (NIS) Regulations 2018.pdf
reg3(1),1,1,paragraph,regulation 3(1),reg3,"The person specified in column 3 of the table in Schedule 1 is designated as the competent authority, for the territorial jurisdiction indicated in that column, and for the subsector specified in column 2 of that table (“the designated competent authorities”).",KB 2/Europe/UK Network and Information Systems (NIS) Regulations 2018.pdf
reg3(2),2,1,paragraph,regulation 3(2),reg3,The Information Commissioner is designated as the competent authority for the United Kingdom for RDSPs.,KB 2/Europe/UK Network and Information Systems (NIS) Regulations 2018.pdf
reg3(3),3,1,paragraph,regulation 3(3),reg3,"In relation to the subsector for which it is designated under paragraph (1), the competent authority must—",KB 2/Europe/UK Network and Information Systems (NIS) Regulations 2018.pdf
reg3(3)(a),a,2,sub-paragraph,regulation 3(3)(a),reg3(3),review the application of these Regulations;,KB 2/Europe/UK Network and Information Systems (NIS) Regulations 2018.pdf
reg3(3)(b),b,2,sub-paragraph,regulation 3(3)(b),reg3(3),prepare and publish guidance;,KB 2/Europe/UK Network and Information Systems (NIS) Regulations 2018.pdf
reg3(3)(c),c,2,sub-paragraph,regulation 3(3)(c),reg3(3),"keep a list of all the operators of essential services who are designated, or deemed to be designated, under regulation 8, including an indication of the importance of each operator in relation to the subsector in relation to which it provides an essential service;",KB 2/Europe/UK Network and Information Systems (NIS) Regulations 2018.pdf
reg3(3)(d),d,2,sub-paragraph,regulation 3(3)(d),reg3(3),keep a list of all the revocations made under regulation 9;,KB 2/Europe/UK Network and Information Systems (NIS) Regulations 2018.pdf
reg3(3)(e),e,2,sub-paragraph,regulation 3(3)(e),reg3(3),"send a copy of the lists mentioned in sub-paragraphs (c) and (d) to GCHQ, as the SPOC designated under regulation 4, to enable it to prepare the report mentioned in regulation 4(3);",KB 2/Europe/UK Network and Information Systems (NIS) Regulations 2018.pdf
reg3(3)(f),f,2,sub-paragraph,regulation 3(3)(f),reg3(3),consult and co-operate with the Information Commissioner when addressing incidents that result in breaches of personal data; and,KB 2/Europe/UK Network and Information Systems (NIS) Regulations 2018.pdf
reg3(3)(g),g,2,sub-paragraph,regulation 3(3)(g),reg3(3),"in order to fulfil the requirements of these Regulations, consult and co-operate with—",KB 2/Europe/UK Network and Information Systems (NIS) Regulations 2018.pdf
reg3(3)(g)(i),i,3,sub-sub-paragraph,regulation 3(3)(g)(i),reg3(3)(g),relevant law-enforcement authorities;,KB 2/Europe/UK Network and Information Systems (NIS) Regulations 2018.pdf
reg3(3)(g)(ii),ii,3,sub-sub-paragraph,regulation 3(3)(g)(ii),reg3(3)(g),competent authorities in other Member States;,KB 2/Europe/UK Network and Information Systems (NIS) Regulations 2018.pdf
reg3(3)(g)(iii),iii,3,sub-sub-paragraph,regulation 3(3)(g)(iii),reg3(3)(g),other competent authorities in the United Kingdom;,KB 2/Europe/UK Network and Information Systems (NIS) Regulations 2018.pdf
reg3(3)(g)(iv),iv,3,sub-sub-paragraph,regulation 3(3)(g)(iv),reg3(3)(g),the SPOC that is designated under regulation 4; and,KB 2/Europe/UK Network and Information Systems (NIS) Regulations 2018.pdf
reg3(3)(g)(v),v,3,sub-sub-paragraph,regulation 3(3)(g)(v),reg3(3)(g),the CSIRT that is designated under regulation 5.,KB 2/Europe/UK Network and Information Systems (NIS) Regulations 2018.pdf
reg3(4),4,1,paragraph,regulation 3(4),reg3,"In relation to digital services, the Information Commissioner must—",KB 2/Europe/UK Network and Information Systems (NIS) Regulations 2018.pdf
reg3(4)(a),a,2,sub-paragraph,regulation 3(4)(a),reg3(4),review the application of these Regulations;,KB 2/Europe/UK Network and Information Systems (NIS) Regulations 2018.pdf
reg3(4)(b),b,2,sub-paragraph,regulation 3(4)(b),reg3(4),prepare and publish guidance; and,KB 2/Europe/UK Network and Information Systems (NIS) Regulations 2018.pdf
reg3(4)(c),c,2,sub-paragraph,regulation 3(4)(c),reg3(4),"consult and co-operate with the persons mentioned in paragraph (3)(g), in order to fulfil the requirements of these Regulations.",KB 2/Europe/UK Network and Information Systems (NIS) Regulations 2018.pdf
reg3(5),5,1,paragraph,regulation 3(5),reg3,The guidance that is published by under paragraph (3)(b) or (4)(b) may be—,KB 2/Europe/UK Network and Information Systems (NIS) Regulations 2018.pdf
reg3(5)(a),a,2,sub-paragraph,regulation 3(5)(a),reg3(5),published in such form and manner as the competent authority or Information Commissioner considers appropriate; and,KB 2/Europe/UK Network and Information Systems (NIS) Regulations 2018.pdf
reg3(5)(b),b,2,sub-paragraph,regulation 3(5)(b),reg3(5),"reviewed at any time, and if it is revised following such a review, the competent authority or Information Commissioner must publish revised guidance as soon as reasonably practicable.",KB 2/Europe/UK Network and Information Systems (NIS) Regulations 2018.pdf
reg3(6),6,1,paragraph,regulation 3(6),reg3,The competent authorities designated under paragraph (1) and the Information Commissioner must have regard to the national strategy that is published under regulation 2(1) when carrying out their duties under these Regulations.,KB 2/Europe/UK Network and Information Systems (NIS) Regulations 2018.pdf
reg4(1),1,1,paragraph,regulation 4(1),reg4,GCHQ is designated as the SPOC on the security of network and information systems for the United Kingdom.,KB 2/Europe/UK Network and Information Systems (NIS) Regulations 2018.pdf
reg4(2),2,1,paragraph,regulation 4(2),reg4,The SPOC must—,KB 2/Europe/UK Network and Information Systems (NIS) Regulations 2018.pdf
reg4(2)(a),a,2,sub-paragraph,regulation 4(2)(a),reg4(2),"liaise with the relevant authorities in other Member States, the Cooperation Group and the CSIRTs network to ensure cross-border co-operation;",KB 2/Europe/UK Network and Information Systems (NIS) Regulations 2018.pdf
reg4(2)(b),b,2,sub-paragraph,regulation 4(2)(b),reg4(2),"consult and co-operate, as it considers appropriate, with relevant law-enforcement authorities; and",KB 2/Europe/UK Network and Information Systems (NIS) Regulations 2018.pdf
reg4(2)(c),c,2,sub-paragraph,regulation 4(2)(c),reg4(2),co-operate with the NIS enforcement authorities to enable the enforcement authorities to fulfil their obligations under these Regulations.,KB 2/Europe/UK Network and Information Systems (NIS) Regulations 2018.pdf
reg4(3),3,1,paragraph,regulation 4(3),reg4,The SPOC must submit reports to—,KB 2/Europe/UK Network and Information Systems (NIS) Regulations 2018.pdf
reg4(3)(a),a,2,sub-paragraph,regulation 4(3)(a),reg4(3),"the Cooperation Group based on the incident reports it received under regulation 11(9) and 12(15), including the number of notifications and the nature of notified incidents; and",KB 2/Europe/UK Network and Information Systems (NIS) Regulations 2018.pdf
reg4(3)(b),b,2,sub-paragraph,regulation 4(3)(b),reg4(3),"the Commission identifying the number of operators of essential services for each subsector listed in Schedule 2, indicating their importance in relation to that sector.",KB 2/Europe/UK Network and Information Systems (NIS) Regulations 2018.pdf
reg4(4),4,1,paragraph,regulation 4(4),reg4,The first report mentioned in paragraph (3)(a) must be submitted on or before 9th August 2018 and subsequent reports must be submitted at annual intervals.,KB 2/Europe/UK Network and Information Systems (NIS) Regulations 2018.pdf
reg4(5),5,1,paragraph,regulation 4(5),reg4,The first report mentioned in paragraph (3)(b) must be submitted on or before 9th November 2018 and subsequent reports must be submitted at biennial intervals.,KB 2/Europe/UK Network and Information Systems (NIS) Regulations 2018.pdf
reg5(1),1,1,paragraph,regulation 5(1),reg5,GCHQ is designated as the CSIRT for the United Kingdom in respect of the relevant sectors and digital services.,KB 2/Europe/UK Network and Information Systems (NIS) Regulations 2018.pdf
reg5(2),2,1,paragraph,regulation 5(2),reg5,The CSIRT must—,KB 2/Europe/UK Network and Information Systems (NIS) Regulations 2018.pdf
reg5(2)(a),a,2,sub-paragraph,regulation 5(2)(a),reg5(2),monitor incidents in the United Kingdom;,KB 2/Europe/UK Network and Information Systems (NIS) Regulations 2018.pdf
reg5(2)(b),b,2,sub-paragraph,regulation 5(2)(b),reg5(2),"provide early warning, alerts, announcements and dissemination of information to relevant stakeholders about risks and incidents;",KB 2/Europe/UK Network and Information Systems (NIS) Regulations 2018.pdf
reg5(2)(c),c,2,sub-paragraph,regulation 5(2)(c),reg5(2),respond to any incident notified to it under regulation 11(5)(b) or regulation 12(8);,KB 2/Europe/UK Network and Information Systems (NIS) Regulations 2018.pdf
reg5(2)(d),d,2,sub-paragraph,regulation 5(2)(d),reg5(2),provide dynamic risk and incident analysis and situational awareness;,KB 2/Europe/UK Network and Information Systems (NIS) Regulations 2018.pdf
reg5(2)(e),e,2,sub-paragraph,regulation 5(2)(e),reg5(2),participate and co-operate in the CSIRTs network;,KB 2/Europe/UK Network and Information Systems (NIS) Regulations 2018.pdf
reg5(2)(f),f,2,sub-paragraph,regulation 5(2)(f),reg5(2),establish relationships with the private sector to facilitate co-operation with that sector;,KB 2/Europe/UK Network and Information Systems (NIS) Regulations 2018.pdf
reg5(2)(g),g,2,sub-paragraph,regulation 5(2)(g),reg5(2),promote the adoption and use of common or standardised practices for—,KB 2/Europe/UK Network and Information Systems (NIS) Regulations 2018.pdf
reg5(2)(g)(i),i,3,sub-sub-paragraph,regulation 5(2)(g)(i),reg5(2)(g),"incident and risk handling procedures, and",KB 2/Europe/UK Network and Information Systems (NIS) Regulations 2018.pdf
reg5(2)(g)(ii),ii,3,sub-sub-paragraph,regulation 5(2)(g)(ii),reg5(2)(g),"incident, risk and information classification schemes; and",KB 2/Europe/UK Network and Information Systems (NIS) Regulations 2018.pdf
reg5(2)(h),h,2,sub-paragraph,regulation 5(2)(h),reg5(2),co-operate with NIS enforcement authorities to enable the enforcement authorities to fulfil their obligations under these Regulations.,KB 2/Europe/UK Network and Information Systems (NIS) Regulations 2018.pdf
reg5(3),3,1,paragraph,regulation 5(3),reg5,The CSIRT may participate in international co-operation networks if the CSIRT considers it appropriate to do so.,KB 2/Europe/UK Network and Information Systems (NIS) Regulations 2018.pdf
reg6(1),1,1,paragraph,regulation 6(1),reg6,"The NIS enforcement authorities may share information with the CSIRT, the Commission and the relevant authorities in other Member States if that information sharing is—",KB 2/Europe/UK Network and Information Systems (NIS) Regulations 2018.pdf
reg6(1)(a),a,2,sub-paragraph,regulation 6(1)(a),reg6(1),"necessary for the requirements of these Regulations, and",KB 2/Europe/UK Network and Information Systems (NIS) Regulations 2018.pdf
reg6(1)(b),b,2,sub-paragraph,regulation 6(1)(b),reg6(1),limited to information which is relevant and proportionate to the purpose of the information sharing.,KB 2/Europe/UK Network and Information Systems (NIS) Regulations 2018.pdf
reg6(2),2,1,paragraph,regulation 6(2),reg6,"When sharing information with the Commission or the relevant authorities in other Member States under paragraph (1), the NIS enforcement authorities are not required to share—",KB 2/Europe/UK Network and Information Systems (NIS) Regulations 2018.pdf
reg6(2)(a),a,2,sub-paragraph,regulation 6(2)(a),reg6(2),"confidential information, or",KB 2/Europe/UK Network and Information Systems (NIS) Regulations 2018.pdf
reg6(2)(b),b,2,sub-paragraph,regulation 6(2)(b),reg6(2),information which may prejudice the security or commercial interests of operators of essential services or digital service providers.,KB 2/Europe/UK Network and Information Systems (NIS) Regulations 2018.pdf
reg7(1),1,1,paragraph,regulation 7(1),reg7,In order to facilitate the exercise of the Northern Ireland competent authority’s functions under these Regulations—,KB 2/Europe/UK Network and Information Systems (NIS) Regulations 2018.pdf
reg7(1)(a),a,2,sub-paragraph,regulation 7(1)(a),reg7(1),a Northern Ireland Department may share information with the Northern Ireland competent authority; and,KB 2/Europe/UK Network and Information Systems (NIS) Regulations 2018.pdf
reg7(1)(b),b,2,sub-paragraph,regulation 7(1)(b),reg7(1),the Northern Ireland competent authority may share information with a Northern Ireland Department.,KB 2/Europe/UK Network and Information Systems (NIS) Regulations 2018.pdf
reg7(2),2,1,paragraph,regulation 7(2),reg7,In this regulation—,KB 2/Europe/UK Network and Information Systems (NIS) Regulations 2018.pdf
reg7(2)(a),a,2,sub-paragraph,regulation 7(2)(a),reg7(2),“the Northern Ireland competent authority” means the competent authority that is specified for Northern Ireland in column 3 of the table in Schedule 1 in relation to the subsectors specified in column 2 of that table; and,KB 2/Europe/UK Network and Information Systems (NIS) Regulations 2018.pdf
reg7(2)(b),b,2,sub-paragraph,regulation 7(2)(b),reg7(2),“a Northern Ireland Department” means a department mentioned in Schedule 1 to the Departments Act (Northern Ireland) 2016(a).,KB 2/Europe/UK Network and Information Systems (NIS) Regulations 2018.pdf
reg8(1),1,1,paragraph,regulation 8(1),reg8,If a person provides an essential service of a kind referred to in paragraphs 1 to 9 of Schedule 2 and that service— that person is deemed to be designated as an OES for the subsector that is specified with respect to that essential service in that Schedule.,KB 2/Europe/UK Network and Information Systems (NIS) Regulations 2018.pdf
reg8(1)(a),a,2,sub-paragraph,regulation 8(1)(a),reg8(1),relies on network and information systems; and,KB 2/Europe/UK Network and Information Systems (NIS) Regulations 2018.pdf
reg8(1)(b),b,2,sub-paragraph,regulation 8(1)(b),reg8(1),"satisfies a threshold requirement described for that kind of essential service,",KB 2/Europe/UK Network and Information Systems (NIS) Regulations 2018.pdf
reg8(2),2,1,paragraph,regulation 8(2),reg8,A person who falls within paragraph (1) must notify the designated competent authority of that fact before the notification date.,KB 2/Europe/UK Network and Information Systems (NIS) Regulations 2018.pdf
reg8(3),3,1,paragraph,regulation 8(3),reg8,"Even if a person does not meet the threshold requirement mentioned in paragraph (1)(b), a competent authority may designate that person as an OES for the subsector in relation to which that competent authority is designated under regulation 3(1), if the following conditions are met—",KB 2/Europe/UK Network and Information Systems (NIS) Regulations 2018.pdf
reg8(3)(a),a,2,sub-paragraph,regulation 8(3)(a),reg8(3),that person provides an essential service of a kind specified in paragraphs 1 to 9 of Schedule 2 for the subsector in relation to which the competent authority is designated under regulation 3(1);,KB 2/Europe/UK Network and Information Systems (NIS) Regulations 2018.pdf
reg8(3)(b),b,2,sub-paragraph,regulation 8(3)(b),reg8(3),the provision of that essential service by that person relies on network and information systems; and,KB 2/Europe/UK Network and Information Systems (NIS) Regulations 2018.pdf
reg8(3)(c),c,2,sub-paragraph,regulation 8(3)(c),reg8(3),the competent authority concludes that an incident affecting the provision of that essential service by that person is likely to have significant disruptive effects on the provision of the essential service.,KB 2/Europe/UK Network and Information Systems (NIS) Regulations 2018.pdf
reg8(4),4,1,paragraph,regulation 8(4),reg8,"In order to arrive at the conclusion mentioned in paragraph (3)(c), the competent authority must have regard to the following factors—",KB 2/Europe/UK Network and Information Systems (NIS) Regulations 2018.pdf
reg8(4)(a),a,2,sub-paragraph,regulation 8(4)(a),reg8(4),the number of users relying on the service provided by the person;,KB 2/Europe/UK Network and Information Systems (NIS) Regulations 2018.pdf
reg8(4)(b),b,2,sub-paragraph,regulation 8(4)(b),reg8(4),the degree of dependency of the other relevant sectors on the service provided by that person;,KB 2/Europe/UK Network and Information Systems (NIS) Regulations 2018.pdf
reg8(4)(c),c,2,sub-paragraph,regulation 8(4)(c),reg8(4),"the likely impact of incidents on the essential service provided by that person, in terms of its degree and duration, on economic and societal activities or public safety;",KB 2/Europe/UK Network and Information Systems (NIS) Regulations 2018.pdf
reg8(4)(d),d,2,sub-paragraph,regulation 8(4)(d),reg8(4),the market share of the essential service provided by that person;,KB 2/Europe/UK Network and Information Systems (NIS) Regulations 2018.pdf
reg8(4)(e),e,2,sub-paragraph,regulation 8(4)(e),reg8(4),the geographical area that may be affected if an incident impacts on the service provided by that person;,KB 2/Europe/UK Network and Information Systems (NIS) Regulations 2018.pdf
reg8(4)(f),f,2,sub-paragraph,regulation 8(4)(f),reg8(4),"the importance of the provision of the service by that person for maintaining a sufficient level of that service, taking into account the availability of alternative means of essential service provision;",KB 2/Europe/UK Network and Information Systems (NIS) Regulations 2018.pdf
reg8(4)(g),g,2,sub-paragraph,regulation 8(4)(g),reg8(4),the likely consequences for national security if an incident impacts on the service provided by that person; and,KB 2/Europe/UK Network and Information Systems (NIS) Regulations 2018.pdf
reg8(4)(h),h,2,sub-paragraph,regulation 8(4)(h),reg8(4),"any other factor the competent authority considers appropriate to have regard to, in order to arrive at a conclusion under this paragraph.",KB 2/Europe/UK Network and Information Systems (NIS) Regulations 2018.pdf
reg8(5),5,1,paragraph,regulation 8(5),reg8,A competent authority must designate an OES under paragraph (3) by notice in writing served on the person who is to be designated and provide reasons for the designation in the notice.,KB 2/Europe/UK Network and Information Systems (NIS) Regulations 2018.pdf
reg8(6),6,1,paragraph,regulation 8(6),reg8,"Before a competent authority designates a person as an OES under paragraph (3), the authority may—",KB 2/Europe/UK Network and Information Systems (NIS) Regulations 2018.pdf
reg8(6)(a),a,2,sub-paragraph,regulation 8(6)(a),reg8(6),request information from that person under regulation 15(4); and,KB 2/Europe/UK Network and Information Systems (NIS) Regulations 2018.pdf
reg8(6)(b),b,2,sub-paragraph,regulation 8(6)(b),reg8(6),invite the person to submit any written representations about the proposed decision to designate it as an OES.,KB 2/Europe/UK Network and Information Systems (NIS) Regulations 2018.pdf
reg8(7),7,1,paragraph,regulation 8(7),reg8,A competent authority must consult with the relevant authorities in another Member State before designating a person as an OES under paragraph (3) if that person already provides an essential service in that Member State.,KB 2/Europe/UK Network and Information Systems (NIS) Regulations 2018.pdf
reg8(8),8,1,paragraph,regulation 8(8),reg8,A competent authority must maintain a list of all the persons who are deemed to be designated under paragraph (1) or designated under paragraph (3) for the subsectors in relation to which that competent authority is designated under regulation 3(1).,KB 2/Europe/UK Network and Information Systems (NIS) Regulations 2018.pdf
reg8(9),9,1,paragraph,regulation 8(9),reg8,The competent authority must review the list mentioned in paragraph (8) at regular intervals and in accordance with paragraph (10).,KB 2/Europe/UK Network and Information Systems (NIS) Regulations 2018.pdf
reg8(10),10,1,paragraph,regulation 8(10),reg8,"The first review under paragraph (9) must take place before 9th May 2020, and subsequent reviews must take place, at least, biennially.",KB 2/Europe/UK Network and Information Systems (NIS) Regulations 2018.pdf
reg8(11),11,1,paragraph,regulation 8(11),reg8,In this regulation the “notification” date means—,KB 2/Europe/UK Network and Information Systems (NIS) Regulations 2018.pdf
reg8(11)(a),a,2,sub-paragraph,regulation 8(11)(a),reg8(11),"10th August 2018, in the case of a person who falls within paragraph (1) on the date these Regulations come into force; or",KB 2/Europe/UK Network and Information Systems (NIS) Regulations 2018.pdf
reg8(11)(b),b,2,sub-paragraph,regulation 8(11)(b),reg8(11),"in any other case, the date three months after the date on which the person falls within that paragraph.",KB 2/Europe/UK Network and Information Systems (NIS) Regulations 2018.pdf
reg9(1),1,1,paragraph,regulation 9(1),reg9,"Even if a person satisfies the threshold mentioned in regulation 8(1)(b), a relevant competent authority may revoke the deemed designation of that person, by notice, if the authority concludes that an incident affecting the provision of that essential service by that person is not likely to have significant disruptive effects on the provision of the essential service.",KB 2/Europe/UK Network and Information Systems (NIS) Regulations 2018.pdf
reg9(2),2,1,paragraph,regulation 9(2),reg9,"A competent authority may revoke a designation of a person under regulation 8(3), by notice, if the conditions mentioned in that regulation are no longer met by that person.",KB 2/Europe/UK Network and Information Systems (NIS) Regulations 2018.pdf
reg9(3),3,1,paragraph,regulation 9(3),reg9,"Before revoking a deemed designation of a person under regulation 8(1), or a designation of a person under regulation 8(3), the competent authority must—",KB 2/Europe/UK Network and Information Systems (NIS) Regulations 2018.pdf
reg9(3)(a),a,2,sub-paragraph,regulation 9(3)(a),reg9(3),serve a notice in writing of proposed revocation on that person;,KB 2/Europe/UK Network and Information Systems (NIS) Regulations 2018.pdf
reg9(3)(b),b,2,sub-paragraph,regulation 9(3)(b),reg9(3),provide reasons for the proposed decision;,KB 2/Europe/UK Network and Information Systems (NIS) Regulations 2018.pdf
reg9(3)(c),c,2,sub-paragraph,regulation 9(3)(c),reg9(3),invite that person to submit any written representations about the proposed decision within such time period as may be specified by the competent authority; and,KB 2/Europe/UK Network and Information Systems (NIS) Regulations 2018.pdf
reg9(3)(d),d,2,sub-paragraph,regulation 9(3)(d),reg9(3),consider any representations submitted by the person under sub-paragraph (c) before a final decision is taken to revoke the designation.,KB 2/Europe/UK Network and Information Systems (NIS) Regulations 2018.pdf
reg9(4),4,1,paragraph,regulation 9(4),reg9,"In order to arrive at the conclusion mentioned in paragraph (1), the competent authority must have regard to the factors mentioned in regulation 8(4).",KB 2/Europe/UK Network and Information Systems (NIS) Regulations 2018.pdf
reg9(5),5,1,paragraph,regulation 9(5),reg9,"A competent authority may revoke a deemed designation under regulation 8(1), or a designation of a person under regulation 8(3), if the authority has received a request from another Member State to do so and the competent authority is in agreement that the designation of that person should be revoked.",KB 2/Europe/UK Network and Information Systems (NIS) Regulations 2018.pdf
reg10(1),1,1,paragraph,regulation 10(1),reg10,An OES must take appropriate and proportionate technical and organisational measures to manage risks posed to the security of the network and information systems on which their essential service relies.,KB 2/Europe/UK Network and Information Systems (NIS) Regulations 2018.pdf
reg10(2),2,1,paragraph,regulation 10(2),reg10,"An OES must take appropriate and proportionate measures to prevent and minimise the impact of incidents affecting the security of the network and information systems used for the provision of an essential service, with a view to ensuring the continuity of those services.",KB 2/Europe/UK Network and Information Systems (NIS) Regulations 2018.pdf
reg10(3),3,1,paragraph,regulation 10(3),reg10,"The measures taken under paragraph (1) must, having regard to the state of the art, ensure a level of security of network and information systems appropriate to the risk posed.",KB 2/Europe/UK Network and Information Systems (NIS) Regulations 2018.pdf
reg10(4),4,1,paragraph,regulation 10(4),reg10,Operators of essential services must have regard to any relevant guidance issued by the relevant competent authority when carrying out their duties imposed by paragraphs (1) and (2).,KB 2/Europe/UK Network and Information Systems (NIS) Regulations 2018.pdf
reg11(1),1,1,paragraph,regulation 11(1),reg11,An OES must notify the designated competent authority about any incident which has a significant impact on the continuity of the essential service which that OES provides (“a network and information systems (“NIS”) incident”).,KB 2/Europe/UK Network and Information Systems (NIS) Regulations 2018.pdf
reg11(2),2,1,paragraph,regulation 11(2),reg11,In order to determine the significance of the impact of an incident an OES must have regard to the following factors—,KB 2/Europe/UK Network and Information Systems (NIS) Regulations 2018.pdf
reg11(2)(a),a,2,sub-paragraph,regulation 11(2)(a),reg11(2),the number of users affected by the disruption of the essential service;,KB 2/Europe/UK Network and Information Systems (NIS) Regulations 2018.pdf
reg11(2)(b),b,2,sub-paragraph,regulation 11(2)(b),reg11(2),the duration of the incident; and,KB 2/Europe/UK Network and Information Systems (NIS) Regulations 2018.pdf
reg11(2)(c),c,2,sub-paragraph,regulation 11(2)(c),reg11(2),the geographical area affected by the incident.,KB 2/Europe/UK Network and Information Systems (NIS) Regulations 2018.pdf
reg11(3),3,1,paragraph,regulation 11(3),reg11,The notification mentioned in paragraph (1) must—,KB 2/Europe/UK Network and Information Systems (NIS) Regulations 2018.pdf
reg11(3)(a),a,2,sub-paragraph,regulation 11(3)(a),reg11(3),provide the following—,KB 2/Europe/UK Network and Information Systems (NIS) Regulations 2018.pdf
reg11(3)(a)(i),i,3,sub-sub-paragraph,regulation 11(3)(a)(i),reg11(3)(a),the operator’s name and the essential services it provides;,KB 2/Europe/UK Network and Information Systems (NIS) Regulations 2018.pdf
reg11(3)(a)(ii),ii,3,sub-sub-paragraph,regulation 11(3)(a)(ii),reg11(3)(a),the time the NIS incident occurred;,KB 2/Europe/UK Network and Information Systems (NIS) Regulations 2018.pdf
reg11(3)(a)(iii),iii,3,sub-sub-paragraph,regulation 11(3)(a)(iii),reg11(3)(a),the duration of the NIS incident;,KB 2/Europe/UK Network and Information Systems (NIS) Regulations 2018.pdf
reg11(3)(a)(iv),iv,3,sub-sub-paragraph,regulation 11(3)(a)(iv),reg11(3)(a),information concerning the nature and impact of the NIS incident;,KB 2/Europe/UK Network and Information Systems (NIS) Regulations 2018.pdf
reg11(3)(a)(v),v,3,sub-sub-paragraph,regulation 11(3)(a)(v),reg11(3)(a),"information concerning any, or any likely, cross-border impact of the NIS incident; and",KB 2/Europe/UK Network and Information Systems (NIS) Regulations 2018.pdf
reg11(3)(a)(vi),vi,3,sub-sub-paragraph,regulation 11(3)(a)(vi),reg11(3)(a),any other information that may be helpful to the competent authority; and,KB 2/Europe/UK Network and Information Systems (NIS) Regulations 2018.pdf
reg11(3)(b),b,2,sub-paragraph,regulation 11(3)(b),reg11(3),be provided to the competent authority—,KB 2/Europe/UK Network and Information Systems (NIS) Regulations 2018.pdf
reg11(3)(b)(i),i,3,sub-sub-paragraph,regulation 11(3)(b)(i),reg11(3)(b),without undue delay and in any event no later than 72 hours after the operator is aware that a NIS incident has occurred; and,KB 2/Europe/UK Network and Information Systems (NIS) Regulations 2018.pdf
reg11(3)(b)(ii),ii,3,sub-sub-paragraph,regulation 11(3)(b)(ii),reg11(3)(b),in such form and manner as the competent authority determines.,KB 2/Europe/UK Network and Information Systems (NIS) Regulations 2018.pdf
reg11(4),4,1,paragraph,regulation 11(4),reg11,The information to be provided by an OES under paragraph (3)(a) is limited to information which may reasonably be expected to be within the knowledge of that OES.,KB 2/Europe/UK Network and Information Systems (NIS) Regulations 2018.pdf
reg11(5),5,1,paragraph,regulation 11(5),reg11,"After receipt of a notification under paragraph (1), the competent authority must—",KB 2/Europe/UK Network and Information Systems (NIS) Regulations 2018.pdf
reg11(5)(a),a,2,sub-paragraph,regulation 11(5)(a),reg11(5),"assess what further action, if any, is required in respect of that incident; and",KB 2/Europe/UK Network and Information Systems (NIS) Regulations 2018.pdf
reg11(5)(b),b,2,sub-paragraph,regulation 11(5)(b),reg11(5),share the NIS incident information with the CSIRT as soon as reasonably practicable.,KB 2/Europe/UK Network and Information Systems (NIS) Regulations 2018.pdf
reg11(6),6,1,paragraph,regulation 11(6),reg11,"After receipt of the NIS incident information under paragraph (5)(b), and based on that information, the CSIRT must inform the relevant authorities in a Member State if the incident has a significant impact on the continuity of an essential service provision in that Member State.",KB 2/Europe/UK Network and Information Systems (NIS) Regulations 2018.pdf
reg11(7),7,1,paragraph,regulation 11(7),reg11,"After receipt of a notification under paragraph (1), the competent authority or CSIRT may inform—",KB 2/Europe/UK Network and Information Systems (NIS) Regulations 2018.pdf
reg11(7)(a),a,2,sub-paragraph,regulation 11(7)(a),reg11(7),"the OES who provided the notification about any relevant information that relates to the NIS incident, including how it has been followed up, in order to assist that operator to deal with that incident more effectively or prevent a future incident; and",KB 2/Europe/UK Network and Information Systems (NIS) Regulations 2018.pdf
reg11(7)(b),b,2,sub-paragraph,regulation 11(7)(b),reg11(7),"the public about the NIS incident, as soon as reasonably practicable, if the competent authority or CSIRT is of the view that public awareness is necessary in order to handle that incident or prevent a future incident.",KB 2/Europe/UK Network and Information Systems (NIS) Regulations 2018.pdf
reg11(8),8,1,paragraph,regulation 11(8),reg11,"Before the competent authority or CSIRT informs the public about a NIS incident under paragraph (7)(b), the competent authority or CSIRT must consult each other and the OES who provided the notification under paragraph (1).",KB 2/Europe/UK Network and Information Systems (NIS) Regulations 2018.pdf
reg11(9),9,1,paragraph,regulation 11(9),reg11,The competent authority must provide an annual report to the SPOC identifying the number and nature of NIS incidents notified to it under paragraph (1).,KB 2/Europe/UK Network and Information Systems (NIS) Regulations 2018.pdf
reg11(10),10,1,paragraph,regulation 11(10),reg11,The first report mentioned in paragraph (9) must be submitted on or before 1st July 2018 and subsequent reports must be submitted at annual intervals.,KB 2/Europe/UK Network and Information Systems (NIS) Regulations 2018.pdf
reg11(11),11,1,paragraph,regulation 11(11),reg11,The CSIRT is not required to share information under paragraph (6) if the information contains—,KB 2/Europe/UK Network and Information Systems (NIS) Regulations 2018.pdf
reg11(11)(a),a,2,sub-paragraph,regulation 11(11)(a),reg11(11),confidential information; or,KB 2/Europe/UK Network and Information Systems (NIS) Regulations 2018.pdf
reg11(11)(b),b,2,sub-paragraph,regulation 11(11)(b),reg11(11),information which may prejudice the security or commercial interests of an OES.,KB 2/Europe/UK Network and Information Systems (NIS) Regulations 2018.pdf
reg11(12),12,1,paragraph,regulation 11(12),reg11,Operators of essential services must have regard to any relevant guidance issued by the relevant competent authority when carrying out their duties imposed by paragraphs (1) to (4).,KB 2/Europe/UK Network and Information Systems (NIS) Regulations 2018.pdf
reg12(1),1,1,paragraph,regulation 12(1),reg12,"A RDSP must identify and take appropriate and proportionate measures to manage the risks posed to the security of network and information systems on which it relies to provide, within the European Union, the following services—",KB 2/Europe/UK Network and Information Systems (NIS) Regulations 2018.pdf
reg12(1)(a),a,2,sub-paragraph,regulation 12(1)(a),reg12(1),online marketplace;,KB 2/Europe/UK Network and Information Systems (NIS) Regulations 2018.pdf
reg12(1)(b),b,2,sub-paragraph,regulation 12(1)(b),reg12(1),online search engine; or,KB 2/Europe/UK Network and Information Systems (NIS) Regulations 2018.pdf
reg12(1)(c),c,2,sub-paragraph,regulation 12(1)(c),reg12(1),cloud computing service.,KB 2/Europe/UK Network and Information Systems (NIS) Regulations 2018.pdf
reg12(2),2,1,paragraph,regulation 12(2),reg12,The measures taken by a RDSP under paragraph (1) must—,KB 2/Europe/UK Network and Information Systems (NIS) Regulations 2018.pdf
reg12(2)(a),a,2,sub-paragraph,regulation 12(2)(a),reg12(2),(having regard to the state of the art) ensure a level of security of network and information systems appropriate to the risk posed;,KB 2/Europe/UK Network and Information Systems (NIS) Regulations 2018.pdf
reg12(2)(b),b,2,sub-paragraph,regulation 12(2)(b),reg12(2),prevent and minimise the impact of incidents affecting their network and information systems with a view to ensuring the continuity of those services; and,KB 2/Europe/UK Network and Information Systems (NIS) Regulations 2018.pdf
reg12(2)(c),c,2,sub-paragraph,regulation 12(2)(c),reg12(2),take into account the following elements as specified in Article 2 of EU Regulation 2018/151—,KB 2/Europe/UK Network and Information Systems (NIS) Regulations 2018.pdf
reg12(2)(c)(i),i,3,sub-sub-paragraph,regulation 12(2)(c)(i),reg12(2)(c),the security of systems and facilities;,KB 2/Europe/UK Network and Information Systems (NIS) Regulations 2018.pdf
reg12(2)(c)(ii),ii,3,sub-sub-paragraph,regulation 12(2)(c)(ii),reg12(2)(c),incident handling;,KB 2/Europe/UK Network and Information Systems (NIS) Regulations 2018.pdf
reg12(2)(c)(iii),iii,3,sub-sub-paragraph,regulation 12(2)(c)(iii),reg12(2)(c),business continuity management;,KB 2/Europe/UK Network and Information Systems (NIS) Regulations 2018.pdf
reg12(2)(c)(iv),iv,3,sub-sub-paragraph,regulation 12(2)(c)(iv),reg12(2)(c),monitoring auditing and testing; and,KB 2/Europe/UK Network and Information Systems (NIS) Regulations 2018.pdf
reg12(2)(c)(v),v,3,sub-sub-paragraph,regulation 12(2)(c)(v),reg12(2)(c),compliance with international standards.,KB 2/Europe/UK Network and Information Systems (NIS) Regulations 2018.pdf
reg12(3),3,1,paragraph,regulation 12(3),reg12,A RDSP must notify the Information Commissioner about any incident having a substantial impact on the provision of any of the digital services mentioned in paragraph (1) that it provides.,KB 2/Europe/UK Network and Information Systems (NIS) Regulations 2018.pdf
reg12(4),4,1,paragraph,regulation 12(4),reg12,The requirement to notify in paragraph (3) applies only if the RDSP has access to information which enables it to assess whether the impact of an incident is substantial.,KB 2/Europe/UK Network and Information Systems (NIS) Regulations 2018.pdf
reg12(5),5,1,paragraph,regulation 12(5),reg12,The notification mentioned in paragraph (3) must provide the following information—,KB 2/Europe/UK Network and Information Systems (NIS) Regulations 2018.pdf
reg12(5)(a),a,2,sub-paragraph,regulation 12(5)(a),reg12(5),the operator’s name and the essential services it provides;,KB 2/Europe/UK Network and Information Systems (NIS) Regulations 2018.pdf
reg12(5)(b),b,2,sub-paragraph,regulation 12(5)(b),reg12(5),the time the NIS incident occurred;,KB 2/Europe/UK Network and Information Systems (NIS) Regulations 2018.pdf
reg12(5)(c),c,2,sub-paragraph,regulation 12(5)(c),reg12(5),the duration of the NIS incident;,KB 2/Europe/UK Network and Information Systems (NIS) Regulations 2018.pdf
reg12(5)(d),d,2,sub-paragraph,regulation 12(5)(d),reg12(5),information concerning the nature and impact of the NIS incident;,KB 2/Europe/UK Network and Information Systems (NIS) Regulations 2018.pdf
reg12(5)(e),e,2,sub-paragraph,regulation 12(5)(e),reg12(5),"information concerning any, or any likely, cross-border impact of the NIS incident; and",KB 2/Europe/UK Network and Information Systems (NIS) Regulations 2018.pdf
reg12(5)(f),f,2,sub-paragraph,regulation 12(5)(f),reg12(5),any other information that may be helpful to the competent authority.,KB 2/Europe/UK Network and Information Systems (NIS) Regulations 2018.pdf
reg12(6),6,1,paragraph,regulation 12(6),reg12,The notification under paragraph (3) must—,KB 2/Europe/UK Network and Information Systems (NIS) Regulations 2018.pdf
reg12(6)(a),a,2,sub-paragraph,regulation 12(6)(a),reg12(6),be made without undue delay and in any event no later than 72 hours after the RDSP is aware that an incident has occurred; and,KB 2/Europe/UK Network and Information Systems (NIS) Regulations 2018.pdf
reg12(6)(b),b,2,sub-paragraph,regulation 12(6)(b),reg12(6),contain sufficient information to enable the Information Commissioner to determine the significance of any cross-border impact.,KB 2/Europe/UK Network and Information Systems (NIS) Regulations 2018.pdf
reg12(7),7,1,paragraph,regulation 12(7),reg12,In order to determine whether the impact of an incident is substantial the RDSP must—,KB 2/Europe/UK Network and Information Systems (NIS) Regulations 2018.pdf
reg12(7)(a),a,2,sub-paragraph,regulation 12(7)(a),reg12(7),"take into account the following parameters, as specified in Article 3 of EU Regulation 2018/151—",KB 2/Europe/UK Network and Information Systems (NIS) Regulations 2018.pdf
reg12(7)(a)(i),i,3,sub-sub-paragraph,regulation 12(7)(a)(i),reg12(7)(a),"the number of users affected by the incident and, in particular, the users relying on the digital service for the provision of their own services;",KB 2/Europe/UK Network and Information Systems (NIS) Regulations 2018.pdf
reg12(7)(a)(ii),ii,3,sub-sub-paragraph,regulation 12(7)(a)(ii),reg12(7)(a),the duration of the incident;,KB 2/Europe/UK Network and Information Systems (NIS) Regulations 2018.pdf
reg12(7)(a)(iii),iii,3,sub-sub-paragraph,regulation 12(7)(a)(iii),reg12(7)(a),the geographical area affected by the incident;,KB 2/Europe/UK Network and Information Systems (NIS) Regulations 2018.pdf
reg12(7)(a)(iv),iv,3,sub-sub-paragraph,regulation 12(7)(a)(iv),reg12(7)(a),the extent of the disruption to the functioning of the service;,KB 2/Europe/UK Network and Information Systems (NIS) Regulations 2018.pdf
reg12(7)(a)(v),v,3,sub-sub-paragraph,regulation 12(7)(a)(v),reg12(7)(a),the extent of the impact on economic and societal activities; and,KB 2/Europe/UK Network and Information Systems (NIS) Regulations 2018.pdf
reg12(7)(b),b,2,sub-paragraph,regulation 12(7)(b),reg12(7),assess whether at least one of situations described in Article 4 of EU Regulation 2018/151 has taken place.,KB 2/Europe/UK Network and Information Systems (NIS) Regulations 2018.pdf
reg12(8),8,1,paragraph,regulation 12(8),reg12,After receipt of a notification under paragraph (3) the Information Commissioner must share the incident notification with the CSIRT as soon as reasonably practicable.,KB 2/Europe/UK Network and Information Systems (NIS) Regulations 2018.pdf
reg12(9),9,1,paragraph,regulation 12(9),reg12,"If an OES is reliant on a RDSP to provide an essential service, the operator must notify the relevant competent authority in relation to it about any significant impact on the continuity of the service it provides caused by an incident affecting the RDSP as soon as it occurs.",KB 2/Europe/UK Network and Information Systems (NIS) Regulations 2018.pdf
reg12(10),10,1,paragraph,regulation 12(10),reg12,"If an incident notified under paragraph (3) affects two or more Member States, the Information Commissioner must inform the relevant authorities in each of the affected Member States about that incident as soon as reasonably practicable.",KB 2/Europe/UK Network and Information Systems (NIS) Regulations 2018.pdf
reg12(11),11,1,paragraph,regulation 12(11),reg12,The Information Commissioner is not required to share information under paragraph (9) if the information contains—,KB 2/Europe/UK Network and Information Systems (NIS) Regulations 2018.pdf
reg12(11)(a),a,2,sub-paragraph,regulation 12(11)(a),reg12(11),confidential information; or,KB 2/Europe/UK Network and Information Systems (NIS) Regulations 2018.pdf
reg12(11)(b),b,2,sub-paragraph,regulation 12(11)(b),reg12(11),information which may prejudice the security or commercial interests of a RDSP.,KB 2/Europe/UK Network and Information Systems (NIS) Regulations 2018.pdf
reg12(12),12,1,paragraph,regulation 12(12),reg12,If the Information Commissioner or CSIRT— the Information Commissioner or CSIRT may inform the public about that incident or direct the RDSP responsible for the notification to do so.,KB 2/Europe/UK Network and Information Systems (NIS) Regulations 2018.pdf
reg12(12)(a),a,2,sub-paragraph,regulation 12(12)(a),reg12(12),"consults with the RDSP responsible for an incident notification under paragraph (3), and",KB 2/Europe/UK Network and Information Systems (NIS) Regulations 2018.pdf
reg12(12)(b),b,2,sub-paragraph,regulation 12(12)(b),reg12(12),"is of the view that public awareness about that incident is necessary to prevent or manage it, or is in the public interest,",KB 2/Europe/UK Network and Information Systems (NIS) Regulations 2018.pdf
reg12(13),13,1,paragraph,regulation 12(13),reg12,"Before the Information Commissioner or CSIRT informs the public about an incident notified under paragraph (3), the Information Commissioner or CSIRT must consult each other and the RDSP who provided the notification.",KB 2/Europe/UK Network and Information Systems (NIS) Regulations 2018.pdf
reg12(14),14,1,paragraph,regulation 12(14),reg12,The Information Commissioner may inform the public about an incident affecting digital services in another Member State if—,KB 2/Europe/UK Network and Information Systems (NIS) Regulations 2018.pdf
reg12(14)(a),a,2,sub-paragraph,regulation 12(14)(a),reg12(14),the relevant authorities in the affected Member State notify the Information Commissioner about the incident;,KB 2/Europe/UK Network and Information Systems (NIS) Regulations 2018.pdf
reg12(14)(b),b,2,sub-paragraph,regulation 12(14)(b),reg12(14),the Commissioner consults with those relevant authorities; and,KB 2/Europe/UK Network and Information Systems (NIS) Regulations 2018.pdf
reg12(14)(c),c,2,sub-paragraph,regulation 12(14)(c),reg12(14),the Commissioner is of the view mentioned in paragraph (11)(b).,KB 2/Europe/UK Network and Information Systems (NIS) Regulations 2018.pdf
reg12(15),15,1,paragraph,regulation 12(15),reg12,The Information Commissioner must provide an annual report to the SPOC identifying the number and nature of incidents notified to it under paragraph (3).,KB 2/Europe/UK Network and Information Systems (NIS) Regulations 2018.pdf
reg12(16),16,1,paragraph,regulation 12(16),reg12,The first report mentioned in paragraph (15) must be submitted on or before 1st July 2018 and subsequent reports must be submitted at annual intervals after that date.,KB 2/Europe/UK Network and Information Systems (NIS) Regulations 2018.pdf
reg12(17),17,1,paragraph,regulation 12(17),reg12,In this regulation “EU Regulation 2018/151” means Commission Implementing Regulation (EU) 2018/151 laying down rules for the application of Directive (EU) 2016/148 of the European Parliament and of the Council as regards further specification of the elements to be taken into account by digital service providers for managing the risks posed to the security of network and information systems and of the parameters for determining whether an incident has a substantial impact(a).,KB 2/Europe/UK Network and Information Systems (NIS) Regulations 2018.pdf
reg13(1),1,1,paragraph,regulation 13(1),reg13,"The Information Commissioner must co-operate with, and assist, competent authorities in other Member States, if the Commissioner considers that is appropriate to secure the effective supervision of—",KB 2/Europe/UK Network and Information Systems (NIS) Regulations 2018.pdf
reg13(1)(a),a,2,sub-paragraph,regulation 13(1)(a),reg13(1),RDSPs who have network and information systems located in another Member State; or,KB 2/Europe/UK Network and Information Systems (NIS) Regulations 2018.pdf
reg13(1)(b),b,2,sub-paragraph,regulation 13(1)(b),reg13(1),digital service providers who do not meet the condition mentioned in regulation 1(3)(e)(i) but have network and information systems located in the United Kingdom.,KB 2/Europe/UK Network and Information Systems (NIS) Regulations 2018.pdf
reg13(2),2,1,paragraph,regulation 13(2),reg13,The co-operation and assistance referred to in paragraph (1) may include—,KB 2/Europe/UK Network and Information Systems (NIS) Regulations 2018.pdf
reg13(2)(a),a,2,sub-paragraph,regulation 13(2)(a),reg13(2),"sharing information with, and receiving information from, a competent authority in another Member State to the extent that the Information Commissioner considers it necessary and appropriate;",KB 2/Europe/UK Network and Information Systems (NIS) Regulations 2018.pdf
reg13(2)(b),b,2,sub-paragraph,regulation 13(2)(b),reg13(2),receiving a request from a competent authority in another Member State for the Information Commissioner to take enforcement action with respect to a RDSP mentioned in paragraph (1)(a); and,KB 2/Europe/UK Network and Information Systems (NIS) Regulations 2018.pdf
reg13(2)(c),c,2,sub-paragraph,regulation 13(2)(c),reg13(2),making a request to a competent authority in another Member State for enforcement action to be taken with respect to a digital service provider mentioned in paragraph (1)(b).,KB 2/Europe/UK Network and Information Systems (NIS) Regulations 2018.pdf
reg14(1),1,1,paragraph,regulation 14(1),reg14,The Information Commissioner must maintain a register of all RDSPs that have been notified to it.,KB 2/Europe/UK Network and Information Systems (NIS) Regulations 2018.pdf
reg14(2),2,1,paragraph,regulation 14(2),reg14,A RDSP must submit the following details to the Information Commissioner before the registration date for the purpose of maintaining the register mentioned in paragraph (1)—,KB 2/Europe/UK Network and Information Systems (NIS) Regulations 2018.pdf
reg14(2)(a),a,2,sub-paragraph,regulation 14(2)(a),reg14(2),the name of the RDSP;,KB 2/Europe/UK Network and Information Systems (NIS) Regulations 2018.pdf
reg14(2)(b),b,2,sub-paragraph,regulation 14(2)(b),reg14(2),"the address of its head office, or of its nominated representative; and",KB 2/Europe/UK Network and Information Systems (NIS) Regulations 2018.pdf
reg14(2)(c),c,2,sub-paragraph,regulation 14(2)(c),reg14(2),up-to-date contact details (including email addresses and telephone numbers).,KB 2/Europe/UK Network and Information Systems (NIS) Regulations 2018.pdf
reg14(3),3,1,paragraph,regulation 14(3),reg14,"A RDSP must notify the Information Commissioner about any changes to the details it submitted under paragraph (2) as soon as possible, and in any event within three months of the date on which the change took effect.",KB 2/Europe/UK Network and Information Systems (NIS) Regulations 2018.pdf
reg14(4),4,1,paragraph,regulation 14(4),reg14,"In this regulation, the “registration date” means—",KB 2/Europe/UK Network and Information Systems (NIS) Regulations 2018.pdf
reg14(4)(a),a,2,sub-paragraph,regulation 14(4)(a),reg14(4),"1st November 2018, in the case of a RDSP who satisfies the conditions mentioned in regulation 1(3)(e) on the coming into force date of these Regulations, or",KB 2/Europe/UK Network and Information Systems (NIS) Regulations 2018.pdf
reg14(4)(b),b,2,sub-paragraph,regulation 14(4)(b),reg14(4),"in any other case, the date three months after the RDSP satisfies those conditions.",KB 2/Europe/UK Network and Information Systems (NIS) Regulations 2018.pdf
reg15(1),1,1,paragraph,regulation 15(1),reg15,"In order to assess whether a person should be an OES, a designated competent authority may serve an information notice upon any person requiring that person to provide it with information that it reasonably requires to establish whether—",KB 2/Europe/UK Network and Information Systems (NIS) Regulations 2018.pdf
reg15(1)(a),a,2,sub-paragraph,regulation 15(1)(a),reg15(1),a threshold requirement described in paragraphs 1 to 9 of Schedule 2 is met; or,KB 2/Europe/UK Network and Information Systems (NIS) Regulations 2018.pdf
reg15(1)(b),b,2,sub-paragraph,regulation 15(1)(b),reg15(1),the conditions mentioned in regulation 8(3) are met.,KB 2/Europe/UK Network and Information Systems (NIS) Regulations 2018.pdf
reg15(2),2,1,paragraph,regulation 15(2),reg15,A designated competent authority may serve an information notice upon an OES requiring that person to provide it with information that it reasonably requires to assess—,KB 2/Europe/UK Network and Information Systems (NIS) Regulations 2018.pdf
reg15(2)(a),a,2,sub-paragraph,regulation 15(2)(a),reg15(2),the security of the OES’s network and information systems; and,KB 2/Europe/UK Network and Information Systems (NIS) Regulations 2018.pdf
reg15(2)(b),b,2,sub-paragraph,regulation 15(2)(b),reg15(2),"the implementation of the operator’s security policies, including any about inspections conducted under regulation 16 and any underlying evidence in relation to such an inspection.",KB 2/Europe/UK Network and Information Systems (NIS) Regulations 2018.pdf
reg15(3),3,1,paragraph,regulation 15(3),reg15,The Information Commissioner may serve upon a RDSP an information notice requiring that RDSP to provide the Information Commissioner with information that the Information Commissioner reasonably requires to assess—,KB 2/Europe/UK Network and Information Systems (NIS) Regulations 2018.pdf
reg15(3)(a),a,2,sub-paragraph,regulation 15(3)(a),reg15(3),the security of the RDSP’s network and information systems; and,KB 2/Europe/UK Network and Information Systems (NIS) Regulations 2018.pdf
reg15(3)(b),b,2,sub-paragraph,regulation 15(3)(b),reg15(3),"the implementation of the RDSP’s security policies, including any about inspections conducted under regulation 16 and any underlying evidence in relation to such an inspection.",KB 2/Europe/UK Network and Information Systems (NIS) Regulations 2018.pdf
reg15(4),4,1,paragraph,regulation 15(4),reg15,"Before a person is to be designated as an OES under regulation 8(3), a designated competent authority may serve an information notice upon that person requiring the person to provide it with information in order to assess whether to designate it.",KB 2/Europe/UK Network and Information Systems (NIS) Regulations 2018.pdf
reg15(5),5,1,paragraph,regulation 15(5),reg15,An information notice must—,KB 2/Europe/UK Network and Information Systems (NIS) Regulations 2018.pdf
reg15(5)(a),a,2,sub-paragraph,regulation 15(5)(a),reg15(5),describe the information that is required by the designated competent authority or the Information Commissioner;,KB 2/Europe/UK Network and Information Systems (NIS) Regulations 2018.pdf
reg15(5)(b),b,2,sub-paragraph,regulation 15(5)(b),reg15(5),provide the reasons for requesting such information;,KB 2/Europe/UK Network and Information Systems (NIS) Regulations 2018.pdf
reg15(5)(c),c,2,sub-paragraph,regulation 15(5)(c),reg15(5),specify the form and manner in which the requested information is to be provided; and,KB 2/Europe/UK Network and Information Systems (NIS) Regulations 2018.pdf
reg15(5)(d),d,2,sub-paragraph,regulation 15(5)(d),reg15(5),specify the time period within which the information must be provided.,KB 2/Europe/UK Network and Information Systems (NIS) Regulations 2018.pdf
reg15(6),6,1,paragraph,regulation 15(6),reg15,In a case falling within paragraph (1) the information notice may—,KB 2/Europe/UK Network and Information Systems (NIS) Regulations 2018.pdf
reg15(6)(a),a,2,sub-paragraph,regulation 15(6)(a),reg15(6),be served by publishing it in such manner as the designated competent authority considers appropriate in order to bring it to the attention of any persons who are described in the notice as the persons from whom the information is required; and,KB 2/Europe/UK Network and Information Systems (NIS) Regulations 2018.pdf
reg15(6)(b),b,2,sub-paragraph,regulation 15(6)(b),reg15(6),take the form of a general request for a certain category of persons to provide the information that is specified in the notice.,KB 2/Europe/UK Network and Information Systems (NIS) Regulations 2018.pdf
reg15(7),7,1,paragraph,regulation 15(7),reg15,A competent authority or the Information Commissioner may withdraw an information notice by written notice to the person on whom it was served.,KB 2/Europe/UK Network and Information Systems (NIS) Regulations 2018.pdf
reg15(8),8,1,paragraph,regulation 15(8),reg15,An information notice under paragraph (1) may not be served upon the SPOC or CSIRT.,KB 2/Europe/UK Network and Information Systems (NIS) Regulations 2018.pdf
reg16(1),1,1,paragraph,regulation 16(1),reg16,A relevant competent authority in relation to an OES may— to assess if the OES has fulfilled the duties imposed on it by regulations 10 and 11.,KB 2/Europe/UK Network and Information Systems (NIS) Regulations 2018.pdf
reg16(1)(a),a,2,sub-paragraph,regulation 16(1)(a),reg16(1),conduct an inspection;,KB 2/Europe/UK Network and Information Systems (NIS) Regulations 2018.pdf
reg16(1)(b),b,2,sub-paragraph,regulation 16(1)(b),reg16(1),appoint a person to conduct an inspection on its behalf; or,KB 2/Europe/UK Network and Information Systems (NIS) Regulations 2018.pdf
reg16(1)(c),c,2,sub-paragraph,regulation 16(1)(c),reg16(1),"direct the OES to appoint a person who is approved by that authority to conduct an inspection on its behalf,",KB 2/Europe/UK Network and Information Systems (NIS) Regulations 2018.pdf
reg16(2),2,1,paragraph,regulation 16(2),reg16,The Information Commissioner may— to assess if a RDSP has fulfilled the requirements set out in regulation 12.,KB 2/Europe/UK Network and Information Systems (NIS) Regulations 2018.pdf
reg16(2)(a),a,2,sub-paragraph,regulation 16(2)(a),reg16(2),conduct an inspection;,KB 2/Europe/UK Network and Information Systems (NIS) Regulations 2018.pdf
reg16(2)(b),b,2,sub-paragraph,regulation 16(2)(b),reg16(2),appoint a person to conduct an inspection on its behalf; or,KB 2/Europe/UK Network and Information Systems (NIS) Regulations 2018.pdf
reg16(2)(c),c,2,sub-paragraph,regulation 16(2)(c),reg16(2),"direct that a RDSP appoint a person who is approved by the Information Commissioner to conduct an inspection on its behalf,",KB 2/Europe/UK Network and Information Systems (NIS) Regulations 2018.pdf
reg16(3),3,1,paragraph,regulation 16(3),reg16,"For the purposes of carrying out the inspection under paragraph (1) or (2), the OES or RDSP (as the case may be) must—",KB 2/Europe/UK Network and Information Systems (NIS) Regulations 2018.pdf
reg16(3)(a),a,2,sub-paragraph,regulation 16(3)(a),reg16(3),pay the reasonable costs of the inspection;,KB 2/Europe/UK Network and Information Systems (NIS) Regulations 2018.pdf
reg16(3)(b),b,2,sub-paragraph,regulation 16(3)(b),reg16(3),co-operate with the person who is conducting the inspection (“the inspector”);,KB 2/Europe/UK Network and Information Systems (NIS) Regulations 2018.pdf
reg16(3)(c),c,2,sub-paragraph,regulation 16(3)(c),reg16(3),provide the inspector with reasonable access to their premises;,KB 2/Europe/UK Network and Information Systems (NIS) Regulations 2018.pdf
reg16(3)(d),d,2,sub-paragraph,regulation 16(3)(d),reg16(3),"allow the inspector to inspect, copy or remove such documents and information, including information that is held electronically, as the inspector considers to be relevant to the inspection; and",KB 2/Europe/UK Network and Information Systems (NIS) Regulations 2018.pdf
reg16(3)(e),e,2,sub-paragraph,regulation 16(3)(e),reg16(3),allow the inspector access to any person from whom the inspector seeks relevant information for the purposes of the inspection.,KB 2/Europe/UK Network and Information Systems (NIS) Regulations 2018.pdf
reg16(4),4,1,paragraph,regulation 16(4),reg16,The competent authority or Information Commissioner may appoint a person to carry out an inspection under paragraph (1)(b) or (2)(b) on its behalf on such terms and in such a manner as it considers appropriate.,KB 2/Europe/UK Network and Information Systems (NIS) Regulations 2018.pdf
reg17(1),1,1,paragraph,regulation 17(1),reg17,The designated competent authority for an OES may serve an enforcement notice upon that OES if the competent authority has reasonable grounds to believe that the OES has failed to—,KB 2/Europe/UK Network and Information Systems (NIS) Regulations 2018.pdf
reg17(1)(a),a,2,sub-paragraph,regulation 17(1)(a),reg17(1),fulfil the security duties under regulation 10(1) and (2);,KB 2/Europe/UK Network and Information Systems (NIS) Regulations 2018.pdf
reg17(1)(b),b,2,sub-paragraph,regulation 17(1)(b),reg17(1),notify a NIS incident under regulation 11(1);,KB 2/Europe/UK Network and Information Systems (NIS) Regulations 2018.pdf
reg17(1)(c),c,2,sub-paragraph,regulation 17(1)(c),reg17(1),comply with the notification requirements stipulated in regulation 11(3);,KB 2/Europe/UK Network and Information Systems (NIS) Regulations 2018.pdf
reg17(1)(d),d,2,sub-paragraph,regulation 17(1)(d),reg17(1),notify an incident as required by regulation 12(9);,KB 2/Europe/UK Network and Information Systems (NIS) Regulations 2018.pdf
reg17(1)(e),e,2,sub-paragraph,regulation 17(1)(e),reg17(1),comply with an information notice issued under regulation 15; or,KB 2/Europe/UK Network and Information Systems (NIS) Regulations 2018.pdf
reg17(1)(f),f,2,sub-paragraph,regulation 17(1)(f),reg17(1),comply with—,KB 2/Europe/UK Network and Information Systems (NIS) Regulations 2018.pdf
reg17(1)(f)(i),i,3,sub-sub-paragraph,regulation 17(1)(f)(i),reg17(1)(f),"a direction given under regulation 16(1)(c), or",KB 2/Europe/UK Network and Information Systems (NIS) Regulations 2018.pdf
reg17(1)(f)(ii),ii,3,sub-sub-paragraph,regulation 17(1)(f)(ii),reg17(1)(f),the requirements stipulated in regulation 16(3).,KB 2/Europe/UK Network and Information Systems (NIS) Regulations 2018.pdf
reg17(2),2,1,paragraph,regulation 17(2),reg17,The Information Commissioner may serve an enforcement notice upon a RDSP if the Commissioner has reasonable grounds to believe that the RDSP has failed to—,KB 2/Europe/UK Network and Information Systems (NIS) Regulations 2018.pdf
reg17(2)(a),a,2,sub-paragraph,regulation 17(2)(a),reg17(2),fulfil its duties under regulation 12(1) or (2);,KB 2/Europe/UK Network and Information Systems (NIS) Regulations 2018.pdf
reg17(2)(b),b,2,sub-paragraph,regulation 17(2)(b),reg17(2),notify an incident under regulation 12(3);,KB 2/Europe/UK Network and Information Systems (NIS) Regulations 2018.pdf
reg17(2)(c),c,2,sub-paragraph,regulation 17(2)(c),reg17(2),comply with the notification requirements stipulated in regulation 12(5);,KB 2/Europe/UK Network and Information Systems (NIS) Regulations 2018.pdf
reg17(2)(d),d,2,sub-paragraph,regulation 17(2)(d),reg17(2),comply with a direction made by the Information Commissioner under regulation 12(12);,KB 2/Europe/UK Network and Information Systems (NIS) Regulations 2018.pdf
reg17(2)(e),e,2,sub-paragraph,regulation 17(2)(e),reg17(2),comply with an information notice issued under regulation 15; or,KB 2/Europe/UK Network and Information Systems (NIS) Regulations 2018.pdf
reg17(2)(f),f,2,sub-paragraph,regulation 17(2)(f),reg17(2),comply with—,KB 2/Europe/UK Network and Information Systems (NIS) Regulations 2018.pdf
reg17(2)(f)(i),i,3,sub-sub-paragraph,regulation 17(2)(f)(i),reg17(2)(f),"a direction given under regulation 16(2)(c), or",KB 2/Europe/UK Network and Information Systems (NIS) Regulations 2018.pdf
reg17(2)(f)(ii),ii,3,sub-sub-paragraph,regulation 17(2)(f)(ii),reg17(2)(f),the requirements stipulated in regulation 16(3).,KB 2/Europe/UK Network and Information Systems (NIS) Regulations 2018.pdf
reg17(3),3,1,paragraph,regulation 17(3),reg17,An enforcement notice that is served under paragraph (1) or (2) must be in writing and must specify the following—,KB 2/Europe/UK Network and Information Systems (NIS) Regulations 2018.pdf
reg17(3)(a),a,2,sub-paragraph,regulation 17(3)(a),reg17(3),the reasons for serving the notice;,KB 2/Europe/UK Network and Information Systems (NIS) Regulations 2018.pdf
reg17(3)(b),b,2,sub-paragraph,regulation 17(3)(b),reg17(3),the alleged failure which is the subject of the notice;,KB 2/Europe/UK Network and Information Systems (NIS) Regulations 2018.pdf
reg17(3)(c),c,2,sub-paragraph,regulation 17(3)(c),reg17(3),"what steps, if any, must be taken to rectify the alleged failure and the time period during which such steps must be taken; and",KB 2/Europe/UK Network and Information Systems (NIS) Regulations 2018.pdf
reg17(3)(d),d,2,sub-paragraph,regulation 17(3)(d),reg17(3),how and when representations may be made about the content of the notice and any related matters.,KB 2/Europe/UK Network and Information Systems (NIS) Regulations 2018.pdf
reg17(4),4,1,paragraph,regulation 17(4),reg17,"If the relevant competent authority or Information Commissioner is satisfied that no further action is required, having considered— it must inform the OES or the RDSP, as the case may be, in writing, as soon as reasonably practicable.",KB 2/Europe/UK Network and Information Systems (NIS) Regulations 2018.pdf
reg17(4)(a),a,2,sub-paragraph,regulation 17(4)(a),reg17(4),the representations submitted in accordance with paragraph (3)(d); or,KB 2/Europe/UK Network and Information Systems (NIS) Regulations 2018.pdf
reg17(4)(b),b,2,sub-paragraph,regulation 17(4)(b),reg17(4),any steps taken to rectify the alleged failure;,KB 2/Europe/UK Network and Information Systems (NIS) Regulations 2018.pdf
reg17(5),5,1,paragraph,regulation 17(5),reg17,The OES or RDSP may request reasons for a decision to take no further action under paragraph (4) within 28 days of being informed of that decision.,KB 2/Europe/UK Network and Information Systems (NIS) Regulations 2018.pdf
reg17(6),6,1,paragraph,regulation 17(6),reg17,"Upon receipt of a request under paragraph (5), the relevant competent authority or Information Commissioner must provide written reasons for a decision under paragraph (4) within a reasonable time and in any event no later than 28 days.",KB 2/Europe/UK Network and Information Systems (NIS) Regulations 2018.pdf
reg18(1),1,1,paragraph,regulation 18(1),reg18,The relevant competent authority for an OES may serve a penalty notice upon that OES if the OES was served with an enforcement notice under regulation 17(1) and the OES—,KB 2/Europe/UK Network and Information Systems (NIS) Regulations 2018.pdf
reg18(1)(a),a,2,sub-paragraph,regulation 18(1)(a),reg18(1),was required to take steps to rectify a failure within a time period stipulated in the enforcement notice but the operator failed to take any steps or any adequate steps; or,KB 2/Europe/UK Network and Information Systems (NIS) Regulations 2018.pdf
reg18(1)(b),b,2,sub-paragraph,regulation 18(1)(b),reg18(1),was not required to take steps to rectify a failure but the competent authority is not satisfied with the representations submitted by the OES in accordance with regulation 17(3)(d).,KB 2/Europe/UK Network and Information Systems (NIS) Regulations 2018.pdf
reg18(2),2,1,paragraph,regulation 18(2),reg18,The Information Commissioner may serve a penalty notice upon a RDSP if the RDSP was served with an enforcement notice under regulation 17(2) and the RDSP—,KB 2/Europe/UK Network and Information Systems (NIS) Regulations 2018.pdf
reg18(2)(a),a,2,sub-paragraph,regulation 18(2)(a),reg18(2),was required to take steps to rectify a failure within a time period stipulated in the enforcement notice but the RDSP failed to take any steps or any adequate steps; or,KB 2/Europe/UK Network and Information Systems (NIS) Regulations 2018.pdf
reg18(2)(b),b,2,sub-paragraph,regulation 18(2)(b),reg18(2),was not required to take steps to rectify a failure but the Information Commissioner is not satisfied with the representations submitted by the RDSP in accordance with regulation 17(3)(d).,KB 2/Europe/UK Network and Information Systems (NIS) Regulations 2018.pdf
reg18(3),3,1,paragraph,regulation 18(3),reg18,A penalty notice must be in writing and must specify the following—,KB 2/Europe/UK Network and Information Systems (NIS) Regulations 2018.pdf
reg18(3)(a),a,2,sub-paragraph,regulation 18(3)(a),reg18(3),the reasons for imposing a penalty;,KB 2/Europe/UK Network and Information Systems (NIS) Regulations 2018.pdf
reg18(3)(b),b,2,sub-paragraph,regulation 18(3)(b),reg18(3),the sum that is to be imposed as a penalty and how it is to be paid;,KB 2/Europe/UK Network and Information Systems (NIS) Regulations 2018.pdf
reg18(3)(c),c,2,sub-paragraph,regulation 18(3)(c),reg18(3),the date on which the notice is given;,KB 2/Europe/UK Network and Information Systems (NIS) Regulations 2018.pdf
reg18(3)(d),d,2,sub-paragraph,regulation 18(3)(d),reg18(3),"the date, at least 30 days after the date specified in sub-paragraph (c), before which the penalty must be paid (“the payment period”);",KB 2/Europe/UK Network and Information Systems (NIS) Regulations 2018.pdf
reg18(3)(e),e,2,sub-paragraph,regulation 18(3)(e),reg18(3),details about the independent review process set up under regulation 19 and how the right to review may be exercised; and,KB 2/Europe/UK Network and Information Systems (NIS) Regulations 2018.pdf
reg18(3)(f),f,2,sub-paragraph,regulation 18(3)(f),reg18(3),the consequences of failing to make payment within the payment period.,KB 2/Europe/UK Network and Information Systems (NIS) Regulations 2018.pdf
reg18(4),4,1,paragraph,regulation 18(4),reg18,A competent authority or the Information Commissioner may withdraw a penalty notice by informing the person upon whom it was served in writing.,KB 2/Europe/UK Network and Information Systems (NIS) Regulations 2018.pdf
reg18(5),5,1,paragraph,regulation 18(5),reg18,The sum that is to be imposed under a penalty notice served under this regulation must be an amount that—,KB 2/Europe/UK Network and Information Systems (NIS) Regulations 2018.pdf
reg18(5)(a),a,2,sub-paragraph,regulation 18(5)(a),reg18(5),the competent authority or Information Commissioner determines is appropriate and proportionate to the failure in respect of which it is imposed; and,KB 2/Europe/UK Network and Information Systems (NIS) Regulations 2018.pdf
reg18(5)(b),b,2,sub-paragraph,regulation 18(5)(b),reg18(5),is in accordance with paragraph (6).,KB 2/Europe/UK Network and Information Systems (NIS) Regulations 2018.pdf
reg18(6),6,1,paragraph,regulation 18(6),reg18,The amount that is to be imposed under a penalty notice must—,KB 2/Europe/UK Network and Information Systems (NIS) Regulations 2018.pdf
reg18(6)(a),a,2,sub-paragraph,regulation 18(6)(a),reg18(6),"not exceed £1,000,000 for any contravention which the enforcement authority determines could not cause a NIS incident;",KB 2/Europe/UK Network and Information Systems (NIS) Regulations 2018.pdf
reg18(6)(b),b,2,sub-paragraph,regulation 18(6)(b),reg18(6),"not exceed £3,400,000 for a material contravention which the enforcement authority determines has caused, or could cause, an incident resulting in a reduction of service provision by the OES or RDSP for a significant period of time;",KB 2/Europe/UK Network and Information Systems (NIS) Regulations 2018.pdf
reg18(6)(c),c,2,sub-paragraph,regulation 18(6)(c),reg18(6),"not exceed £8,500,000 for a material contravention which the enforcement authority determines has caused, or could cause, an incident resulting in a disruption of service provision by the OES or RDSP for a significant period of time; and",KB 2/Europe/UK Network and Information Systems (NIS) Regulations 2018.pdf
reg18(6)(d),d,2,sub-paragraph,regulation 18(6)(d),reg18(6),"not exceed £17,000,000 for a material contravention which the enforcement authority determines has caused, or could cause, an incident resulting in an immediate threat to life or significant adverse impact on the United Kingdom economy.",KB 2/Europe/UK Network and Information Systems (NIS) Regulations 2018.pdf
reg18(7),7,1,paragraph,regulation 18(7),reg18,In this regulation—,KB 2/Europe/UK Network and Information Systems (NIS) Regulations 2018.pdf
reg18(7)(a),a,2,sub-paragraph,regulation 18(7)(a),reg18(7),"“a material contravention” means a failure to take steps, or any adequate steps, within the stipulated time period to rectify a failing that is described in regulation 17(1)(a) to (d) or (2)(a) to (e);",KB 2/Europe/UK Network and Information Systems (NIS) Regulations 2018.pdf
reg18(7)(b),b,2,sub-paragraph,regulation 18(7)(b),reg18(7),“enforcement authority” means the designated competent authority for an OES or the Information Commissioner for RDSPs.,KB 2/Europe/UK Network and Information Systems (NIS) Regulations 2018.pdf
reg19(1),1,1,paragraph,regulation 19(1),reg19,"If an OES so requests, the relevant competent authority for an OES must appoint an independent person (“the reviewer”) to conduct reviews of a designation or penalty decision made by that authority in relation to that OES.",KB 2/Europe/UK Network and Information Systems (NIS) Regulations 2018.pdf
reg19(2),2,1,paragraph,regulation 19(2),reg19,"The Information Commissioner must appoint an independent person (“the reviewer”) to conduct a review of a penalty decision made by the Commissioner in relation to an RDSP, if the RDSP requests a review to be conducted.",KB 2/Europe/UK Network and Information Systems (NIS) Regulations 2018.pdf
reg19(3),3,1,paragraph,regulation 19(3),reg19,An OES may request the reviewer to review a designation or penalty decision made in relation to that OES in order to challenge any of the following matters—,KB 2/Europe/UK Network and Information Systems (NIS) Regulations 2018.pdf
reg19(3)(a),a,2,sub-paragraph,regulation 19(3)(a),reg19(3),the basis upon which the designation decision was made;,KB 2/Europe/UK Network and Information Systems (NIS) Regulations 2018.pdf
reg19(3)(b),b,2,sub-paragraph,regulation 19(3)(b),reg19(3),the grounds for imposing a penalty notice;,KB 2/Europe/UK Network and Information Systems (NIS) Regulations 2018.pdf
reg19(3)(c),c,2,sub-paragraph,regulation 19(3)(c),reg19(3),the sum that is imposed by way of a penalty notice;,KB 2/Europe/UK Network and Information Systems (NIS) Regulations 2018.pdf
reg19(3)(d),d,2,sub-paragraph,regulation 19(3)(d),reg19(3),the time period within which the penalty notice must be paid.,KB 2/Europe/UK Network and Information Systems (NIS) Regulations 2018.pdf
reg19(4),4,1,paragraph,regulation 19(4),reg19,A RDSP may request the reviewer to conduct a review of a penalty decision made in relation to that RDSP in order to challenge any of the following matters—,KB 2/Europe/UK Network and Information Systems (NIS) Regulations 2018.pdf
reg19(4)(a),a,2,sub-paragraph,regulation 19(4)(a),reg19(4),the grounds for imposing a penalty notice;,KB 2/Europe/UK Network and Information Systems (NIS) Regulations 2018.pdf
reg19(4)(b),b,2,sub-paragraph,regulation 19(4)(b),reg19(4),the sum that is imposed by way of a penalty notice;,KB 2/Europe/UK Network and Information Systems (NIS) Regulations 2018.pdf
reg19(4)(c),c,2,sub-paragraph,regulation 19(4)(c),reg19(4),the time period within which the penalty notice must be paid.,KB 2/Europe/UK Network and Information Systems (NIS) Regulations 2018.pdf
reg19(5),5,1,paragraph,regulation 19(5),reg19,Any request to conduct a review must—,KB 2/Europe/UK Network and Information Systems (NIS) Regulations 2018.pdf
reg19(5)(a),a,2,sub-paragraph,regulation 19(5)(a),reg19(5),"be made in writing, and copied to the relevant competent authority or the Information Commissioner, as the case may be;",KB 2/Europe/UK Network and Information Systems (NIS) Regulations 2018.pdf
reg19(5)(b),b,2,sub-paragraph,regulation 19(5)(b),reg19(5),set out the reasons for requesting a review and provide any relevant evidence; and,KB 2/Europe/UK Network and Information Systems (NIS) Regulations 2018.pdf
reg19(5)(c),c,2,sub-paragraph,regulation 19(5)(c),reg19(5),be made within 30 days of receipt of the designation decision or penalty decision.,KB 2/Europe/UK Network and Information Systems (NIS) Regulations 2018.pdf
reg19(6),6,1,paragraph,regulation 19(6),reg19,"The relevant competent authority or the Information Commissioner must respond to a request, including to any reasons provided under regulation 19(5)(b), to conduct a review—",KB 2/Europe/UK Network and Information Systems (NIS) Regulations 2018.pdf
reg19(6)(a),a,2,sub-paragraph,regulation 19(6)(a),reg19(6),"in writing to the reviewer, copied to the person who made the request for a review; and",KB 2/Europe/UK Network and Information Systems (NIS) Regulations 2018.pdf
reg19(6)(b),b,2,sub-paragraph,regulation 19(6)(b),reg19(6),within 30 days of receipt of that request.,KB 2/Europe/UK Network and Information Systems (NIS) Regulations 2018.pdf
reg19(7),7,1,paragraph,regulation 19(7),reg19,The reviewer may extend the time limits mentioned in paragraph (5)(c) or (6)(b) if the reviewer considers it necessary to do so in the interests of fairness and having regard to the facts and circumstances of the particular case.,KB 2/Europe/UK Network and Information Systems (NIS) Regulations 2018.pdf
reg19(8),8,1,paragraph,regulation 19(8),reg19,A request for a review suspends the effect of a designation decision or penalty decision until the review is decided or withdrawn.,KB 2/Europe/UK Network and Information Systems (NIS) Regulations 2018.pdf
reg19(9),9,1,paragraph,regulation 19(9),reg19,The reviewer must uphold or set aside a designation decision or a penalty decision after consideration of the following matters—,KB 2/Europe/UK Network and Information Systems (NIS) Regulations 2018.pdf
reg19(9)(a),a,2,sub-paragraph,regulation 19(9)(a),reg19(9),the basis upon which the designation decision or penalty decision is challenged;,KB 2/Europe/UK Network and Information Systems (NIS) Regulations 2018.pdf
reg19(9)(b),b,2,sub-paragraph,regulation 19(9)(b),reg19(9),the response submitted under paragraph (6); and,KB 2/Europe/UK Network and Information Systems (NIS) Regulations 2018.pdf
reg19(9)(c),c,2,sub-paragraph,regulation 19(9)(c),reg19(9),any relevant evidence.,KB 2/Europe/UK Network and Information Systems (NIS) Regulations 2018.pdf
reg19(10),10,1,paragraph,regulation 19(10),reg19,The reviewer must provide reasons for the decision made under paragraph (9).,KB 2/Europe/UK Network and Information Systems (NIS) Regulations 2018.pdf
reg19(11),11,1,paragraph,regulation 19(11),reg19,In this regulation—,KB 2/Europe/UK Network and Information Systems (NIS) Regulations 2018.pdf
reg19(11)(a),a,2,sub-paragraph,regulation 19(11)(a),reg19(11),“designation decision” means a decision to designate an operator of essential services made under regulation 8(3); and,KB 2/Europe/UK Network and Information Systems (NIS) Regulations 2018.pdf
reg19(11)(b),b,2,sub-paragraph,regulation 19(11)(b),reg19(11),“penalty decision” means a decision to serve a penalty notice under regulation 18(1) or (2).,KB 2/Europe/UK Network and Information Systems (NIS) Regulations 2018.pdf
reg20(1),1,1,paragraph,regulation 20(1),reg20,This paragraph applies where a sum is payable to an enforcement authority as a penalty under regulation 18.,KB 2/Europe/UK Network and Information Systems (NIS) Regulations 2018.pdf
reg20(2),2,1,paragraph,regulation 20(2),reg20,In England and Wales the penalty is recoverable as if it were payable under an order of the county court or of the High Court.,KB 2/Europe/UK Network and Information Systems (NIS) Regulations 2018.pdf
reg20(3),3,1,paragraph,regulation 20(3),reg20,In Scotland the penalty may be enforced in the same manner as an extract registered decree arbitral bearing a warrant for execution issued by the sheriff court of any sheriffdom.,KB 2/Europe/UK Network and Information Systems (NIS) Regulations 2018.pdf
reg20(4),4,1,paragraph,regulation 20(4),reg20,In Northern Ireland the penalty is recoverable as if it were payable under an order of a county court or of the High Court.,KB 2/Europe/UK Network and Information Systems (NIS) Regulations 2018.pdf
reg20(5),5,1,paragraph,regulation 20(5),reg20,"Where action is taken under this paragraph for the recovery of a sum payable as a penalty under regulation 18, the penalty is —",KB 2/Europe/UK Network and Information Systems (NIS) Regulations 2018.pdf
reg20(5)(a),a,2,sub-paragraph,regulation 20(5)(a),reg20(5),"in relation to England and Wales, to be treated for the purposes of section 98 of the Courts Act 2003(a) (register of judgments and order etc.) as if it were a judgment entered in the county court;",KB 2/Europe/UK Network and Information Systems (NIS) Regulations 2018.pdf
reg20(5)(b),b,2,sub-paragraph,regulation 20(5)(b),reg20(5),"in relation to Northern Ireland, to be treated for the purposes of Article 116 of the Judgments Enforcement (Northern Ireland) Order 1981(b) (register of judgments) as if it were a judgment in respect of which an application has been accepted under Article 22 or 23(1) of that Order.",KB 2/Europe/UK Network and Information Systems (NIS) Regulations 2018.pdf
reg20(6),6,1,paragraph,regulation 20(6),reg20,No action may be taken under this paragraph for the recovery of a sum payable as a penalty under regulation 18 if a review has been requested under regulation 19(3) or (4) and the review has not been determined or withdrawn.,KB 2/Europe/UK Network and Information Systems (NIS) Regulations 2018.pdf
reg21(1),1,1,paragraph,regulation 21(1),reg21,"A fee is payable by an OES or a RDSP to an enforcement authority, to recover the reasonable costs incurred by, or on behalf of, that authority in carrying out a NIS function in relation to that OES or RDSP.",KB 2/Europe/UK Network and Information Systems (NIS) Regulations 2018.pdf
reg21(2),2,1,paragraph,regulation 21(2),reg21,The fee mentioned in paragraph (1) must be paid to the enforcement authority within 30 days after receipt of the invoice sent by the authority.,KB 2/Europe/UK Network and Information Systems (NIS) Regulations 2018.pdf
reg21(3),3,1,paragraph,regulation 21(3),reg21,"The invoice must state the work done and the reasonable costs incurred by, or on behalf of, the enforcement authority, including the time period to which the invoice relates.",KB 2/Europe/UK Network and Information Systems (NIS) Regulations 2018.pdf
reg21(4),4,1,paragraph,regulation 21(4),reg21,An enforcement authority may determine not to charge a fee under paragraph (1) in any particular case.,KB 2/Europe/UK Network and Information Systems (NIS) Regulations 2018.pdf
reg21(5),5,1,paragraph,regulation 21(5),reg21,A fee payable under this regulation is recoverable as a civil debt.,KB 2/Europe/UK Network and Information Systems (NIS) Regulations 2018.pdf
reg21(6),6,1,paragraph,regulation 21(6),reg21,In this regulation—,KB 2/Europe/UK Network and Information Systems (NIS) Regulations 2018.pdf
reg21(6)(a),a,2,sub-paragraph,regulation 21(6)(a),reg21(6),a “NIS function” means a function that is carried out under these Regulations except any function under regulations 17(1) to (4) and 18 to 20; and,KB 2/Europe/UK Network and Information Systems (NIS) Regulations 2018.pdf
reg21(6)(b),b,2,sub-paragraph,regulation 21(6)(b),reg21(6),“enforcement authority” has the same meaning as in regulation 18(7)(b).,KB 2/Europe/UK Network and Information Systems (NIS) Regulations 2018.pdf
reg22(1),1,1,paragraph,regulation 22(1),reg22,The sum that is received by a NIS enforcement authority as a result of a penalty notice served under regulation 18 must be paid into the Consolidated Fund unless paragraph (2) applies.,KB 2/Europe/UK Network and Information Systems (NIS) Regulations 2018.pdf
reg22(2),2,1,paragraph,regulation 22(2),reg22,The sum that is received as a result of a penalty notice served under regulation 18 by—,KB 2/Europe/UK Network and Information Systems (NIS) Regulations 2018.pdf
reg22(2)(a),a,2,sub-paragraph,regulation 22(2)(a),reg22(2),the Welsh Ministers must be paid into the Welsh Consolidated Fund established under section 117 of the Government of Wales Act 2006(a); and,KB 2/Europe/UK Network and Information Systems (NIS) Regulations 2018.pdf
reg22(2)(b),b,2,sub-paragraph,regulation 22(2)(b),reg22(2),"the Scottish Ministers or the Drinking Water Quality Regulator for Scotland, must be paid into the Scottish Consolidated Fund established under section 64 of the Scotland Act 1998(b).",KB 2/Europe/UK Network and Information Systems (NIS) Regulations 2018.pdf
reg23(1),1,1,paragraph,regulation 23(1),reg23,"Before a NIS enforcement authority takes any action under regulation 17 or 18 the enforcement authority must consider whether it is reasonable and proportionate, on the facts and circumstances of the case, to take action in relation to the contravention.",KB 2/Europe/UK Network and Information Systems (NIS) Regulations 2018.pdf
reg23(2),2,1,paragraph,regulation 23(2),reg23,"The NIS enforcement authority must, in particular, have regard to the following matters—",KB 2/Europe/UK Network and Information Systems (NIS) Regulations 2018.pdf
reg23(2)(a),a,2,sub-paragraph,regulation 23(2)(a),reg23(2),"any representations made by the OES or RDSP, as the case may be, about the contravention and the reasons for it, if any;",KB 2/Europe/UK Network and Information Systems (NIS) Regulations 2018.pdf
reg23(2)(b),b,2,sub-paragraph,regulation 23(2)(b),reg23(2),any steps taken by the OES or RDSP to comply with the requirements set out in these Regulations;,KB 2/Europe/UK Network and Information Systems (NIS) Regulations 2018.pdf
reg23(2)(c),c,2,sub-paragraph,regulation 23(2)(c),reg23(2),any steps taken by the OES or RDSP to rectify the contravention;,KB 2/Europe/UK Network and Information Systems (NIS) Regulations 2018.pdf
reg23(2)(d),d,2,sub-paragraph,regulation 23(2)(d),reg23(2),whether the OES or RDSP had sufficient time to comply with the requirements set out in these Regulations; and,KB 2/Europe/UK Network and Information Systems (NIS) Regulations 2018.pdf
reg23(2)(e),e,2,sub-paragraph,regulation 23(2)(e),reg23(2),whether the contravention is also liable to enforcement under another enactment.,KB 2/Europe/UK Network and Information Systems (NIS) Regulations 2018.pdf
reg24(1),1,1,paragraph,regulation 24(1),reg24,Any document or notice required or authorised by these Regulations to be served on a person may be served by—,KB 2/Europe/UK Network and Information Systems (NIS) Regulations 2018.pdf
reg24(1)(a),a,2,sub-paragraph,regulation 24(1)(a),reg24(1),delivering it to that person in person;,KB 2/Europe/UK Network and Information Systems (NIS) Regulations 2018.pdf
reg24(1)(b),b,2,sub-paragraph,regulation 24(1)(b),reg24(1),leaving it at the person’s proper address; or,KB 2/Europe/UK Network and Information Systems (NIS) Regulations 2018.pdf
reg24(1)(c),c,2,sub-paragraph,regulation 24(1)(c),reg24(1),sending it by post or electronic means to that person’s proper address.,KB 2/Europe/UK Network and Information Systems (NIS) Regulations 2018.pdf
reg24(2),2,1,paragraph,regulation 24(2),reg24,"In the case of a body corporate, a document may be served on a director of that body.",KB 2/Europe/UK Network and Information Systems (NIS) Regulations 2018.pdf
reg24(3),3,1,paragraph,regulation 24(3),reg24,"In the case of a partnership, a document may be served on a partner or person having control or management of the partnership business.",KB 2/Europe/UK Network and Information Systems (NIS) Regulations 2018.pdf
reg24(4),4,1,paragraph,regulation 24(4),reg24,"If a person has specified an address in the United Kingdom (other than that person’s proper address) at which that person or someone on that person’s behalf will accept service, that address must also be treated as that person’s proper address.",KB 2/Europe/UK Network and Information Systems (NIS) Regulations 2018.pdf
reg24(5),5,1,paragraph,regulation 24(5),reg24,For the purposes of this regulation “proper address” means—,KB 2/Europe/UK Network and Information Systems (NIS) Regulations 2018.pdf
reg24(5)(a),a,2,sub-paragraph,regulation 24(5)(a),reg24(5),in the case of a body corporate or its director—,KB 2/Europe/UK Network and Information Systems (NIS) Regulations 2018.pdf
reg24(5)(a)(i),i,3,sub-sub-paragraph,regulation 24(5)(a)(i),reg24(5)(a),the registered or principal office of that body; or,KB 2/Europe/UK Network and Information Systems (NIS) Regulations 2018.pdf
reg24(5)(a)(ii),ii,3,sub-sub-paragraph,regulation 24(5)(a)(ii),reg24(5)(a),the email address of the secretary or clerk of that body;,KB 2/Europe/UK Network and Information Systems (NIS) Regulations 2018.pdf
reg24(5)(b),b,2,sub-paragraph,regulation 24(5)(b),reg24(5),"in the case of a partnership, a partner or person having control or management of the partnership business—",KB 2/Europe/UK Network and Information Systems (NIS) Regulations 2018.pdf
reg24(5)(b)(i),i,3,sub-sub-paragraph,regulation 24(5)(b)(i),reg24(5)(b),the principal office of the partnership; or,KB 2/Europe/UK Network and Information Systems (NIS) Regulations 2018.pdf
reg24(5)(b)(ii),ii,3,sub-sub-paragraph,regulation 24(5)(b)(ii),reg24(5)(b),the email address of a partner or a person having that control or management;,KB 2/Europe/UK Network and Information Systems (NIS) Regulations 2018.pdf
reg24(5)(c),c,2,sub-paragraph,regulation 24(5)(c),reg24(5),"in any other case, a person’s last known address, which includes an email address.",KB 2/Europe/UK Network and Information Systems (NIS) Regulations 2018.pdf
reg24(6),6,1,paragraph,regulation 24(6),reg24,"In this regulation, “partnership” includes a Scottish partnership.",KB 2/Europe/UK Network and Information Systems (NIS) Regulations 2018.pdf
reg25(1),1,1,paragraph,regulation 25(1),reg25,The Secretary of State must—,KB 2/Europe/UK Network and Information Systems (NIS) Regulations 2018.pdf
reg25(1)(a),a,2,sub-paragraph,regulation 25(1)(a),reg25(1),carry out a review of the regulatory provision contained in these Regulations; and,KB 2/Europe/UK Network and Information Systems (NIS) Regulations 2018.pdf
reg25(1)(b),b,2,sub-paragraph,regulation 25(1)(b),reg25(1),publish a report setting out the conclusions of that review.,KB 2/Europe/UK Network and Information Systems (NIS) Regulations 2018.pdf
reg25(2),2,1,paragraph,regulation 25(2),reg25,The first report must be published on or before 9th May 2020 and subsequent reports must be published at biennial intervals.,KB 2/Europe/UK Network and Information Systems (NIS) Regulations 2018.pdf
reg25(3),3,1,paragraph,regulation 25(3),reg25,"Section 30(3) of the Small Business, Enterprise and Employment Act 2016 requires that a review carried out under this regulation must, so far as is reasonable, have regard to how the 2015 Directive is implemented in other Member States.",KB 2/Europe/UK Network and Information Systems (NIS) Regulations 2018.pdf
reg25(4),4,1,paragraph,regulation 25(4),reg25,"Section 30(4) of Small Business, Enterprise and Employment Act 2015(a) requires that the reports published under this regulation must, in particular—",KB 2/Europe/UK Network and Information Systems (NIS) Regulations 2018.pdf
reg25(4)(a),a,2,sub-paragraph,regulation 25(4)(a),reg25(4),set out the objectives intended to be achieved by the regulatory provision referred to in paragraph (1)(a);,KB 2/Europe/UK Network and Information Systems (NIS) Regulations 2018.pdf
reg25(4)(b),b,2,sub-paragraph,regulation 25(4)(b),reg25(4),assess the extent to which those objectives are achieved;,KB 2/Europe/UK Network and Information Systems (NIS) Regulations 2018.pdf
reg25(4)(c),c,2,sub-paragraph,regulation 25(4)(c),reg25(4),assess whether those objectives remain appropriate; and,KB 2/Europe/UK Network and Information Systems (NIS) Regulations 2018.pdf
reg25(4)(d),d,2,sub-paragraph,regulation 25(4)(d),reg25(4),"if those objectives remain appropriate, assess the extent to which they could be achieved in another way which involves less onerous regulatory provision.",KB 2/Europe/UK Network and Information Systems (NIS) Regulations 2018.pdf
reg25(5),5,1,paragraph,regulation 25(5),reg25,"In this regulation, “regulatory provision” has the same meaning as in sections 28 to 32 of the 2015 Act.",KB 2/Europe/UK Network and Information Systems (NIS) Regulations 2018.pdf
sch2p1(1),1,1,paragraph,"Schedule 2, paragraph 1(1)",sch2p1,This paragraph describes the threshold requirements which apply to specified kinds of essential services in the electricity subsector.,KB 2/Europe/UK Network and Information Systems (NIS) Regulations 2018.pdf
sch2p1(2),2,1,paragraph,"Schedule 2, paragraph 1(2)",sch2p1,For the essential service of electricity supply the threshold requirements are—,KB 2/Europe/UK Network and Information Systems (NIS) Regulations 2018.pdf
sch2p1(2)(a),a,2,sub-paragraph,"Schedule 2, paragraph 1(2)(a)",sch2p1(2),in Great Britain—,KB 2/Europe/UK Network and Information Systems (NIS) Regulations 2018.pdf
sch2p1(2)(a)(i),i,3,sub-sub-paragraph,"Schedule 2, paragraph 1(2)(a)(i)",sch2p1(2)(a),"electricity undertakings that carry out the function of supply to more than 250,000 final customers; or",KB 2/Europe/UK Network and Information Systems (NIS) Regulations 2018.pdf
sch2p1(2)(a)(ii),ii,3,sub-sub-paragraph,"Schedule 2, paragraph 1(2)(a)(ii)",sch2p1(2)(a),"electricity undertakings that carry out the function of supply, and generation via generators that when cumulated with the generators operated by affiliated undertakings would have a total capacity, in terms of input to a transmission system, greater than or equal to 2 gigawatts;",KB 2/Europe/UK Network and Information Systems (NIS) Regulations 2018.pdf
sch2p1(2)(b),b,2,sub-paragraph,"Schedule 2, paragraph 1(2)(b)",sch2p1(2),in Northern Ireland—,KB 2/Europe/UK Network and Information Systems (NIS) Regulations 2018.pdf
sch2p1(2)(b)(i),i,3,sub-sub-paragraph,"Schedule 2, paragraph 1(2)(b)(i)",sch2p1(2)(b),"the holder of a supply licence under Article 10(1)(c) of the Electricity (Northern Ireland) Order 1992(a) who supplies electricity to more than 8,000 consumers; and",KB 2/Europe/UK Network and Information Systems (NIS) Regulations 2018.pdf
sch2p1(2)(b)(ii),ii,3,sub-sub-paragraph,"Schedule 2, paragraph 1(2)(b)(ii)",sch2p1(2)(b),the holder of a generation licence under Article 10(1)(a) of the Electricity (Northern Ireland) Order 1992 with a generating capacity equal to or greater than 350 megawatts.,KB 2/Europe/UK Network and Information Systems (NIS) Regulations 2018.pdf
sch2p1(3),3,1,paragraph,"Schedule 2, paragraph 1(3)",sch2p1,"For the essential service of the single electricity market in Northern Ireland, the threshold requirement is the holder of a Single Electricity Market operator licence under Article 10(1)(d) of the Electricity (Northern Ireland) Order 1992(a).",KB 2/Europe/UK Network and Information Systems (NIS) Regulations 2018.pdf
sch2p1(4),4,1,paragraph,"Schedule 2, paragraph 1(4)",sch2p1,"For the essential service of electricity transmission, the threshold requirements are—",KB 2/Europe/UK Network and Information Systems (NIS) Regulations 2018.pdf
sch2p1(4)(a),a,2,sub-paragraph,"Schedule 2, paragraph 1(4)(a)",sch2p1(4),in Great Britain—,KB 2/Europe/UK Network and Information Systems (NIS) Regulations 2018.pdf
sch2p1(4)(a)(i),i,3,sub-sub-paragraph,"Schedule 2, paragraph 1(4)(a)(i)",sch2p1(4)(a),"transmission system operators with a potential to disrupt delivery of electricity to more than 250,000 final customers;",KB 2/Europe/UK Network and Information Systems (NIS) Regulations 2018.pdf
sch2p1(4)(a)(ii),ii,3,sub-sub-paragraph,"Schedule 2, paragraph 1(4)(a)(ii)",sch2p1(4)(a),"holders of offshore transmission licences where the offshore transmission systems of that licence holder and its affiliated undertakings are directly connected to generators that have a total cumulative capacity, in terms of input to a transmission system, greater than or equal to 2 gigawatts; or",KB 2/Europe/UK Network and Information Systems (NIS) Regulations 2018.pdf
sch2p1(4)(a)(iii),iii,3,sub-sub-paragraph,"Schedule 2, paragraph 1(4)(a)(iii)",sch2p1(4)(a),"holders of interconnector licences where the electricity interconnector to which the licence relates has a capacity, in terms of input to a transmission system, greater than or equal to 1 gigawatt;",KB 2/Europe/UK Network and Information Systems (NIS) Regulations 2018.pdf
sch2p1(4)(b),b,2,sub-paragraph,"Schedule 2, paragraph 1(4)(b)",sch2p1(4),"in Northern Ireland, the holder of a transmission licence under Article 10(1)(b) of the Electricity (Northern Ireland) Order 1992(b).",KB 2/Europe/UK Network and Information Systems (NIS) Regulations 2018.pdf
sch2p1(5),5,1,paragraph,"Schedule 2, paragraph 1(5)",sch2p1,"For the essential service of electricity distribution, the threshold requirements are—",KB 2/Europe/UK Network and Information Systems (NIS) Regulations 2018.pdf
sch2p1(5)(a),a,2,sub-paragraph,"Schedule 2, paragraph 1(5)(a)",sch2p1(5),"in Great Britain, distribution system operators with the potential to disrupt delivery of electricity to more than 250,000 final customers;",KB 2/Europe/UK Network and Information Systems (NIS) Regulations 2018.pdf
sch2p1(5)(b),b,2,sub-paragraph,"Schedule 2, paragraph 1(5)(b)",sch2p1(5),"in Northern Ireland, the holder of a distribution licence under Article 10(1)(bb) of the Electricity (Northern Ireland) Order 1992(c).",KB 2/Europe/UK Network and Information Systems (NIS) Regulations 2018.pdf
sch2p1(6),6,1,paragraph,"Schedule 2, paragraph 1(6)",sch2p1,Nuclear electricity generators and generators that are not connected to a transmission system are excluded from the threshold described in sub-paragraph (2)(a)(ii).,KB 2/Europe/UK Network and Information Systems (NIS) Regulations 2018.pdf
sch2p1(7),7,1,paragraph,"Schedule 2, paragraph 1(7)",sch2p1,Transmission systems for which an offshore transmission licence or interconnector licence applies are excluded from the threshold described in sub-paragraph (4)(a)(i).,KB 2/Europe/UK Network and Information Systems (NIS) Regulations 2018.pdf
sch2p1(8),8,1,paragraph,"Schedule 2, paragraph 1(8)",sch2p1,In this paragraph—,KB 2/Europe/UK Network and Information Systems (NIS) Regulations 2018.pdf
sch2p1(8)(a),a,2,sub-paragraph,"Schedule 2, paragraph 1(8)(a)",sch2p1(8),"“affiliated undertaking” has the meaning given by Article 2(12) of Directive 2013/34/EU(d) of the European Parliament and of the Council on the annual financial statements, consolidated financial statements and related reports of certain types of undertakings, amending Directive 2006/43/EC of the European Parliament and of the Council and repealing Council Directives 78/660/EEC and 83/349/EEC;",KB 2/Europe/UK Network and Information Systems (NIS) Regulations 2018.pdf
sch2p1(8)(b),b,2,sub-paragraph,"Schedule 2, paragraph 1(8)(b)",sch2p1(8),"“distribution” has the meaning given by Article 2(5) of Directive 2009/72/EC of the European Parliament and of the Council concerning common rules for the internal market in electricity and repealing Directive 2003/54/EC(e), (“the Electricity Directive”);",KB 2/Europe/UK Network and Information Systems (NIS) Regulations 2018.pdf
sch2p1(8)(c),c,2,sub-paragraph,"Schedule 2, paragraph 1(8)(c)",sch2p1(8),“distribution system operator” has the meaning given by Article 2(6) of the Electricity Directive;,KB 2/Europe/UK Network and Information Systems (NIS) Regulations 2018.pdf
sch2p1(8)(d),d,2,sub-paragraph,"Schedule 2, paragraph 1(8)(d)",sch2p1(8),“electricity undertaking” has the meaning given by Article 2(35) of the Electricity Directive;,KB 2/Europe/UK Network and Information Systems (NIS) Regulations 2018.pdf
sch2p1(8)(e),e,2,sub-paragraph,"Schedule 2, paragraph 1(8)(e)",sch2p1(8),“final customer” has the meaning given by Article 2(9) of the Electricity Directive;,KB 2/Europe/UK Network and Information Systems (NIS) Regulations 2018.pdf
sch2p1(8)(f),f,2,sub-paragraph,"Schedule 2, paragraph 1(8)(f)",sch2p1(8),"“generation” has the meaning given by Article 2(1) of the Electricity Directive and includes the generation of electricity from stored energy, and “generator” must be interpreted accordingly;",KB 2/Europe/UK Network and Information Systems (NIS) Regulations 2018.pdf
sch2p1(8)(g),g,2,sub-paragraph,"Schedule 2, paragraph 1(8)(g)",sch2p1(8),“interconnector licence” means a licence granted under section 6(1)(e) of the Electricity Act 1989(a);,KB 2/Europe/UK Network and Information Systems (NIS) Regulations 2018.pdf
sch2p1(8)(h),h,2,sub-paragraph,"Schedule 2, paragraph 1(8)(h)",sch2p1(8),"“offshore transmission licence” and “offshore transmission” have the meaning given by section 6C(5) and (6) of the Electricity Act 1989(b), respectively;",KB 2/Europe/UK Network and Information Systems (NIS) Regulations 2018.pdf
sch2p1(8)(i),i,2,sub-paragraph,"Schedule 2, paragraph 1(8)(i)",sch2p1(8),“stored energy” means energy that—,KB 2/Europe/UK Network and Information Systems (NIS) Regulations 2018.pdf
sch2p1(8)(i)(aa),aa,3,sub-sub-paragraph,"Schedule 2, paragraph 1(8)(i)(aa)",sch2p1(8)(i),"was converted from electricity, and",KB 2/Europe/UK Network and Information Systems (NIS) Regulations 2018.pdf
sch2p1(8)(i)(bb),bb,3,sub-sub-paragraph,"Schedule 2, paragraph 1(8)(i)(bb)",sch2p1(8)(i),is stored for the purpose of its future reconversion into electricity;,KB 2/Europe/UK Network and Information Systems (NIS) Regulations 2018.pdf
sch2p1(8)(j),j,2,sub-paragraph,"Schedule 2, paragraph 1(8)(j)",sch2p1(8),“supply” has the meaning given by Article 2(19) of the Electricity Directive;,KB 2/Europe/UK Network and Information Systems (NIS) Regulations 2018.pdf
sch2p1(8)(k),k,2,sub-paragraph,"Schedule 2, paragraph 1(8)(k)",sch2p1(8),“transmission” has the meaning given by Article 2(3) of the Electricity Directive; and,KB 2/Europe/UK Network and Information Systems (NIS) Regulations 2018.pdf
sch2p1(8)(l),l,2,sub-paragraph,"Schedule 2, paragraph 1(8)(l)",sch2p1(8),“transmission system operator” has the meaning given by Article 2(4) of the Electricity Directive.,KB 2/Europe/UK Network and Information Systems (NIS) Regulations 2018.pdf
sch2p2(1),1,1,paragraph,"Schedule 2, paragraph 2(1)",sch2p2,This paragraph describes the threshold requirements which apply to specified kinds of essential services in the oil subsector.,KB 2/Europe/UK Network and Information Systems (NIS) Regulations 2018.pdf
sch2p2(2),2,1,paragraph,"Schedule 2, paragraph 2(2)",sch2p2,"For the essential service of the conveyance of oil through relevant upstream petroleum pipelines, the threshold requirement, in the United Kingdom is the operator of a relevant upstream petroleum pipeline which has a throughput of more than 3,000,000 tonnes of oil equivalent per year excluding natural gas, if that operator does not fall within another threshold requirement in relation to this pipeline under this Schedule.",KB 2/Europe/UK Network and Information Systems (NIS) Regulations 2018.pdf
sch2p2(3),3,1,paragraph,"Schedule 2, paragraph 2(3)",sch2p2,"For the essential service of oil transmission by pipeline, the threshold requirements are—",KB 2/Europe/UK Network and Information Systems (NIS) Regulations 2018.pdf
sch2p2(3)(a),a,2,sub-paragraph,"Schedule 2, paragraph 2(3)(a)",sch2p2(3),"in Great Britain, operators of any pipeline with throughput capacity of more than 500,000 tonnes of crude oil based fuel per year; and",KB 2/Europe/UK Network and Information Systems (NIS) Regulations 2018.pdf
sch2p2(3)(b),b,2,sub-paragraph,"Schedule 2, paragraph 2(3)(b)",sch2p2(3),"in Northern Ireland, operators of any pipeline with throughput capacity of more than 50,000 tonnes of crude oil based fuel per year.",KB 2/Europe/UK Network and Information Systems (NIS) Regulations 2018.pdf
sch2p2(4),4,1,paragraph,"Schedule 2, paragraph 2(4)",sch2p2,"For the essential service of the operation of relevant oil processing facilities, the threshold requirement in the United Kingdom is in the case of— an operator of a facility or pipeline with a throughput of more than 3,000,000 tonnes of oil equivalent per year.",KB 2/Europe/UK Network and Information Systems (NIS) Regulations 2018.pdf
sch2p2(4)(a),a,2,sub-paragraph,"Schedule 2, paragraph 2(4)(a)",sch2p2(4),"a relevant oil processing facility, or",KB 2/Europe/UK Network and Information Systems (NIS) Regulations 2018.pdf
sch2p2(4)(b),b,2,sub-paragraph,"Schedule 2, paragraph 2(4)(b)",sch2p2(4),"a relevant upstream petroleum pipeline which is connected to and operated from a relevant oil processing facility,",KB 2/Europe/UK Network and Information Systems (NIS) Regulations 2018.pdf
sch2p2(5),5,1,paragraph,"Schedule 2, paragraph 2(5)",sch2p2,"For the essential service of oil production, refining, treatment, storage and transmission the threshold requirements are—",KB 2/Europe/UK Network and Information Systems (NIS) Regulations 2018.pdf
sch2p2(5)(a),a,2,sub-paragraph,"Schedule 2, paragraph 2(5)(a)",sch2p2(5),"in Great Britain, operators of any facility where that facility has a capacity greater than any of the following values—",KB 2/Europe/UK Network and Information Systems (NIS) Regulations 2018.pdf
sch2p2(5)(a)(i),i,3,sub-sub-paragraph,"Schedule 2, paragraph 2(5)(a)(i)",sch2p2(5)(a),"storage of 500,000 tonnes of crude oil based fuel;",KB 2/Europe/UK Network and Information Systems (NIS) Regulations 2018.pdf
sch2p2(5)(a)(ii),ii,3,sub-sub-paragraph,"Schedule 2, paragraph 2(5)(a)(ii)",sch2p2(5)(a),"production of 500,000 tonnes of crude oil based fuel per year; or",KB 2/Europe/UK Network and Information Systems (NIS) Regulations 2018.pdf
sch2p2(5)(a)(iii),iii,3,sub-sub-paragraph,"Schedule 2, paragraph 2(5)(a)(iii)",sch2p2(5)(a),"supply of 500,000 tonnes of crude oil based fuel per year;",KB 2/Europe/UK Network and Information Systems (NIS) Regulations 2018.pdf
sch2p2(5)(b),b,2,sub-paragraph,"Schedule 2, paragraph 2(5)(b)",sch2p2(5),"in Northern Ireland, the operator of a facility which has a storage capacity of greater than 50,000 tonnes of crude oil based fuel.",KB 2/Europe/UK Network and Information Systems (NIS) Regulations 2018.pdf
sch2p2(6),6,1,paragraph,"Schedule 2, paragraph 2(6)",sch2p2,"For the essential service of the operation of petroleum production projects (other than projects which are primarily used for the storage of gas), the threshold requirement in the United Kingdom is, in the case of—",KB 2/Europe/UK Network and Information Systems (NIS) Regulations 2018.pdf
sch2p2(6)(i),i,2,sub-paragraph,"Schedule 2, paragraph 2(6)(i)",sch2p2(6),"a relevant offshore installation which is part of a petroleum production project (other than a project which is primarily used for the storage of gas), or",KB 2/Europe/UK Network and Information Systems (NIS) Regulations 2018.pdf
sch2p2(6)(ii),ii,2,sub-paragraph,"Schedule 2, paragraph 2(6)(ii)",sch2p2(6),"a relevant upstream petroleum pipeline which is connected to and operated from such an installation, an operator of an installation or pipeline with a throughput of more than 3,000,000 tonnes of oil equivalent per year.",KB 2/Europe/UK Network and Information Systems (NIS) Regulations 2018.pdf
sch2p2(7),7,1,paragraph,"Schedule 2, paragraph 2(7)",sch2p2,"In sub-paragraph (5), the following are included within the description of the essential service—",KB 2/Europe/UK Network and Information Systems (NIS) Regulations 2018.pdf
sch2p2(7)(a),a,2,sub-paragraph,"Schedule 2, paragraph 2(7)(a)",sch2p2(7),storage of crude oil based fuel;,KB 2/Europe/UK Network and Information Systems (NIS) Regulations 2018.pdf
sch2p2(7)(b),b,2,sub-paragraph,"Schedule 2, paragraph 2(7)(b)",sch2p2(7),"production of crude oil based fuels through a range of refining or blending processes, but excluding processes for rendering the oil suitable for transportation; and",KB 2/Europe/UK Network and Information Systems (NIS) Regulations 2018.pdf
sch2p2(7)(c),c,2,sub-paragraph,"Schedule 2, paragraph 2(7)(c)",sch2p2(7),"supply of crude oil based fuels to retail sites, airports or other users within the United Kingdom.",KB 2/Europe/UK Network and Information Systems (NIS) Regulations 2018.pdf
sch2p2(8),8,1,paragraph,"Schedule 2, paragraph 2(8)",sch2p2,In this paragraph—,KB 2/Europe/UK Network and Information Systems (NIS) Regulations 2018.pdf
sch2p2(8)(a),a,2,sub-paragraph,"Schedule 2, paragraph 2(8)(a)",sch2p2(8),“carbon dioxide pipeline” has the meaning given by section 90(2) of the Energy Act 2011(a);,KB 2/Europe/UK Network and Information Systems (NIS) Regulations 2018.pdf
sch2p2(8)(b),b,2,sub-paragraph,"Schedule 2, paragraph 2(8)(b)",sch2p2(8),"“crude oil” means any liquid hydrocarbon mixture occurring naturally in the earth whether or not treated to render it suitable for transportation, and includes—",KB 2/Europe/UK Network and Information Systems (NIS) Regulations 2018.pdf
sch2p2(8)(b)(i),i,3,sub-sub-paragraph,"Schedule 2, paragraph 2(8)(b)(i)",sch2p2(8)(b),"crude oils from which distillate fractions have been removed, and",KB 2/Europe/UK Network and Information Systems (NIS) Regulations 2018.pdf
sch2p2(8)(b)(ii),ii,3,sub-sub-paragraph,"Schedule 2, paragraph 2(8)(b)(ii)",sch2p2(8)(b),crude oils to which distillate fractions have been added;,KB 2/Europe/UK Network and Information Systems (NIS) Regulations 2018.pdf
sch2p2(8)(c),c,2,sub-paragraph,"Schedule 2, paragraph 2(8)(c)",sch2p2(8),“crude oil based fuel” means any fuel wholly or mainly comprised of crude oil or substances derived from crude oil;,KB 2/Europe/UK Network and Information Systems (NIS) Regulations 2018.pdf
sch2p2(8)(d),d,2,sub-paragraph,"Schedule 2, paragraph 2(8)(d)",sch2p2(8),“foreign sector of the continental shelf” has the meaning given by section 90(1) of the Energy Act 2011(b);,KB 2/Europe/UK Network and Information Systems (NIS) Regulations 2018.pdf
sch2p2(8)(e),e,2,sub-paragraph,"Schedule 2, paragraph 2(8)(e)",sch2p2(8),“gas processing facility” means any facility which—,KB 2/Europe/UK Network and Information Systems (NIS) Regulations 2018.pdf
sch2p2(8)(e)(i),i,3,sub-sub-paragraph,"Schedule 2, paragraph 2(8)(e)(i)",sch2p2(8)(e),carries out gas processing operations in relation to piped gas;,KB 2/Europe/UK Network and Information Systems (NIS) Regulations 2018.pdf
sch2p2(8)(e)(ii),ii,3,sub-sub-paragraph,"Schedule 2, paragraph 2(8)(e)(ii)",sch2p2(8)(e),is operated otherwise than by a gas transporter; and,KB 2/Europe/UK Network and Information Systems (NIS) Regulations 2018.pdf
sch2p2(8)(e)(iii),iii,3,sub-sub-paragraph,"Schedule 2, paragraph 2(8)(e)(iii)",sch2p2(8)(e),is not an LNG import or export facility (within the meaning of section 12 of the Gas Act 1995(c));,KB 2/Europe/UK Network and Information Systems (NIS) Regulations 2018.pdf
sch2p2(8)(f),f,2,sub-paragraph,"Schedule 2, paragraph 2(8)(f)",sch2p2(8),“gas processing operation” means any of the following operations—,KB 2/Europe/UK Network and Information Systems (NIS) Regulations 2018.pdf
sch2p2(8)(f)(i),i,3,sub-sub-paragraph,"Schedule 2, paragraph 2(8)(f)(i)",sch2p2(8)(f),"purifying, blending, odorising or compressing gas for the purpose of enabling it to be introduced into a pipeline system operated by a gas transporter or to be conveyed to an electricity generating station, a gas storage facility or any place outside the United Kingdom;",KB 2/Europe/UK Network and Information Systems (NIS) Regulations 2018.pdf
sch2p2(8)(f)(ii),ii,3,sub-sub-paragraph,"Schedule 2, paragraph 2(8)(f)(ii)",sch2p2(8)(f),"removing from gas for that purpose any of its constituent gases, or separating from gas for that purpose any oil or water;",KB 2/Europe/UK Network and Information Systems (NIS) Regulations 2018.pdf
sch2p2(8)(f)(iii),iii,3,sub-sub-paragraph,"Schedule 2, paragraph 2(8)(f)(iii)",sch2p2(8)(f),"determining the quantity or quality of gas which is or is to be so introduced, or so conveyed, whether generally or by, or on behalf of, a particular person;",KB 2/Europe/UK Network and Information Systems (NIS) Regulations 2018.pdf
sch2p2(8)(f)(iv),iv,3,sub-sub-paragraph,"Schedule 2, paragraph 2(8)(f)(iv)",sch2p2(8)(f),"separating, purifying, blending, odorising or compressing gas for the purpose of—",KB 2/Europe/UK Network and Information Systems (NIS) Regulations 2018.pdf
sch2p2(8)(f)(iv)(aa),aa,4,sub-sub-sub-paragraph,"Schedule 2, paragraph 2(8)(f)(iv)(aa)",sch2p2(8)(f)(iv),"converting it into a form in which a purchaser is willing to accept delivery from a seller, or",KB 2/Europe/UK Network and Information Systems (NIS) Regulations 2018.pdf
sch2p2(8)(f)(iv)(bb),bb,4,sub-sub-sub-paragraph,"Schedule 2, paragraph 2(8)(f)(iv)(bb)",sch2p2(8)(f)(iv),enabling it to be loaded for conveyance to another place (whether inside or outside the United Kingdom); or,KB 2/Europe/UK Network and Information Systems (NIS) Regulations 2018.pdf
sch2p2(8)(f)(v),v,3,sub-sub-paragraph,"Schedule 2, paragraph 2(8)(f)(v)",sch2p2(8)(f),loading gas—,KB 2/Europe/UK Network and Information Systems (NIS) Regulations 2018.pdf
sch2p2(8)(f)(v)(aa),aa,4,sub-sub-sub-paragraph,"Schedule 2, paragraph 2(8)(f)(v)(aa)",sch2p2(8)(f)(v),"at a facility which carries out operations of a kind mentioned in paragraph (iv), or",KB 2/Europe/UK Network and Information Systems (NIS) Regulations 2018.pdf
sch2p2(8)(f)(v)(bb),bb,4,sub-sub-sub-paragraph,"Schedule 2, paragraph 2(8)(f)(v)(bb)",sch2p2(8)(f)(v),piped from such a facility for the purpose of enabling the gas to be conveyed to another place (whether inside or outside the United Kingdom);,KB 2/Europe/UK Network and Information Systems (NIS) Regulations 2018.pdf
sch2p2(8)(g),g,2,sub-paragraph,"Schedule 2, paragraph 2(8)(g)",sch2p2(8),“gas transporter” has the meaning given by section 7(1) of the Gas Act 1986(a);,KB 2/Europe/UK Network and Information Systems (NIS) Regulations 2018.pdf
sch2p2(8)(h),h,2,sub-paragraph,"Schedule 2, paragraph 2(8)(h)",sch2p2(8),"“oil equivalent” means petroleum and, for the purposes of assessments of throughput, where petroleum is in a gaseous state 1,100 cubic meters of this petroleum at a temperature of 15 degrees Celsius and pressure of one atmosphere is counted as equivalent to one tonne;",KB 2/Europe/UK Network and Information Systems (NIS) Regulations 2018.pdf
sch2p2(8)(i),i,2,sub-paragraph,"Schedule 2, paragraph 2(8)(i)",sch2p2(8),“oil processing facility” means any facility which carries out oil processing operations;,KB 2/Europe/UK Network and Information Systems (NIS) Regulations 2018.pdf
sch2p2(8)(j),j,2,sub-paragraph,"Schedule 2, paragraph 2(8)(j)",sch2p2(8),“oil processing operations” means any of the following operations—,KB 2/Europe/UK Network and Information Systems (NIS) Regulations 2018.pdf
sch2p2(8)(j)(i),i,3,sub-sub-paragraph,"Schedule 2, paragraph 2(8)(j)(i)",sch2p2(8)(j),initial blending and such other treatment of petroleum as may be required to produce stabilised crude oil to the point at which a seller could reasonably make a delivery to a purchaser of such oil;,KB 2/Europe/UK Network and Information Systems (NIS) Regulations 2018.pdf
sch2p2(8)(j)(ii),ii,3,sub-sub-paragraph,"Schedule 2, paragraph 2(8)(j)(ii)",sch2p2(8)(j),"receiving stabilised crude oil piped from an oil processing facility carrying out operations of a kind mentioned in sub-paragraph (i), or storing oil so received, prior to their conveyance to another place (whether inside or outside the United Kingdom);",KB 2/Europe/UK Network and Information Systems (NIS) Regulations 2018.pdf
sch2p2(8)(j)(iii),iii,3,sub-sub-paragraph,"Schedule 2, paragraph 2(8)(j)(iii)",sch2p2(8)(j),loading stabilised crude oil piped from a facility carrying out operations of a kind mentioned in sub-paragraph (i) or (ii) for conveyance to another place (whether inside or outside the United Kingdom);,KB 2/Europe/UK Network and Information Systems (NIS) Regulations 2018.pdf
sch2p2(8)(k),k,2,sub-paragraph,"Schedule 2, paragraph 2(8)(k)",sch2p2(8),"“petroleum” has the same meaning as in section 1 of the Petroleum Act 1998(b), and includes petroleum that has undergone any processing;",KB 2/Europe/UK Network and Information Systems (NIS) Regulations 2018.pdf
sch2p2(8)(l),l,2,sub-paragraph,"Schedule 2, paragraph 2(8)(l)",sch2p2(8),“petroleum production project” means a project carried out by virtue of a licence granted under—,KB 2/Europe/UK Network and Information Systems (NIS) Regulations 2018.pdf
sch2p2(8)(l)(i),i,3,sub-sub-paragraph,"Schedule 2, paragraph 2(8)(l)(i)",sch2p2(8)(l),"section 3 of the Petroleum Act 1998(c),",KB 2/Europe/UK Network and Information Systems (NIS) Regulations 2018.pdf
sch2p2(8)(l)(ii),ii,3,sub-sub-paragraph,"Schedule 2, paragraph 2(8)(l)(ii)",sch2p2(8)(l),"section 2 of the Petroleum (Production) Act 1934(d), or",KB 2/Europe/UK Network and Information Systems (NIS) Regulations 2018.pdf
sch2p2(8)(l)(iii),iii,3,sub-sub-paragraph,"Schedule 2, paragraph 2(8)(l)(iii)",sch2p2(8)(l),"section 2 of the Petroleum (Production) Act (Northern Ireland) 1964(e), and includes such a project which is used for the storage of gas;",KB 2/Europe/UK Network and Information Systems (NIS) Regulations 2018.pdf
sch2p2(8)(m),m,2,sub-paragraph,"Schedule 2, paragraph 2(8)(m)",sch2p2(8),“piped gas” means gas which—,KB 2/Europe/UK Network and Information Systems (NIS) Regulations 2018.pdf
sch2p2(8)(m)(i),i,3,sub-sub-paragraph,"Schedule 2, paragraph 2(8)(m)(i)",sch2p2(8)(m),"originated from a petroleum production project (or an equivalent project in a foreign sector of the continental shelf), and",KB 2/Europe/UK Network and Information Systems (NIS) Regulations 2018.pdf
sch2p2(8)(m)(ii),ii,3,sub-sub-paragraph,"Schedule 2, paragraph 2(8)(m)(ii)",sch2p2(8)(m),has been conveyed only by means of pipes;,KB 2/Europe/UK Network and Information Systems (NIS) Regulations 2018.pdf
sch2p2(8)(n),n,2,sub-paragraph,"Schedule 2, paragraph 2(8)(n)",sch2p2(8),“pipeline” means a pipe or system of pipes for the conveyance of anything;,KB 2/Europe/UK Network and Information Systems (NIS) Regulations 2018.pdf
sch2p2(8)(o),o,2,sub-paragraph,"Schedule 2, paragraph 2(8)(o)",sch2p2(8),“relevant offshore installation” means an offshore installation within the meaning of section 44 of the Petroleum Act 1998(f) which carries on the activities mentioned in subsection (3)(a) or (c) of that section and is a relevant offshore installation only to the extent it is used to carry on those activities;,KB 2/Europe/UK Network and Information Systems (NIS) Regulations 2018.pdf
sch2p2(8)(p),p,2,sub-paragraph,"Schedule 2, paragraph 2(8)(p)",sch2p2(8),“terminal” includes—,KB 2/Europe/UK Network and Information Systems (NIS) Regulations 2018.pdf
sch2p2(8)(p)(i),i,3,sub-sub-paragraph,"Schedule 2, paragraph 2(8)(p)(i)",sch2p2(8)(p),facilities for such initial blending and other treatment as may be required to produce stabilised crude oil to the point at which a seller could reasonably make a delivery to a purchaser of such oil;,KB 2/Europe/UK Network and Information Systems (NIS) Regulations 2018.pdf
sch2p2(8)(p)(ii),ii,3,sub-sub-paragraph,"Schedule 2, paragraph 2(8)(p)(ii)",sch2p2(8)(p),oil processing facilities;,KB 2/Europe/UK Network and Information Systems (NIS) Regulations 2018.pdf
sch2p2(8)(p)(iii),iii,3,sub-sub-paragraph,"Schedule 2, paragraph 2(8)(p)(iii)",sch2p2(8)(p),gas processing facilities; and,KB 2/Europe/UK Network and Information Systems (NIS) Regulations 2018.pdf
sch2p2(8)(p)(iv),iv,3,sub-sub-paragraph,"Schedule 2, paragraph 2(8)(p)(iv)",sch2p2(8)(p),a facility for the reception of gas prior to its conveyance to a place outside the United Kingdom;,KB 2/Europe/UK Network and Information Systems (NIS) Regulations 2018.pdf
sch2p2(8)(q),q,2,sub-paragraph,"Schedule 2, paragraph 2(8)(q)",sch2p2(8),“upstream petroleum pipeline” means a pipeline or one of a network of pipelines which is—,KB 2/Europe/UK Network and Information Systems (NIS) Regulations 2018.pdf
sch2p2(8)(q)(i),i,3,sub-sub-paragraph,"Schedule 2, paragraph 2(8)(q)(i)",sch2p2(8)(q),operated or constructed as part of a petroleum production project (or an equivalent project in a foreign sector of the continental shelf) and is not a carbon dioxide pipeline;,KB 2/Europe/UK Network and Information Systems (NIS) Regulations 2018.pdf
sch2p2(8)(q)(ii),ii,3,sub-sub-paragraph,"Schedule 2, paragraph 2(8)(q)(ii)",sch2p2(8)(q),used to convey petroleum from the site of one or more such projects—,KB 2/Europe/UK Network and Information Systems (NIS) Regulations 2018.pdf
sch2p2(8)(q)(ii)(aa),aa,4,sub-sub-sub-paragraph,"Schedule 2, paragraph 2(8)(q)(ii)(aa)",sch2p2(8)(q)(ii),"directly to premises, in order for that petroleum to be used at those premises for power generation or for an industrial process;",KB 2/Europe/UK Network and Information Systems (NIS) Regulations 2018.pdf
sch2p2(8)(q)(ii)(bb),bb,4,sub-sub-sub-paragraph,"Schedule 2, paragraph 2(8)(q)(ii)(bb)",sch2p2(8)(q)(ii),directly to a place outside the United Kingdom;,KB 2/Europe/UK Network and Information Systems (NIS) Regulations 2018.pdf
sch2p2(8)(q)(ii)(cc),cc,4,sub-sub-sub-paragraph,"Schedule 2, paragraph 2(8)(q)(ii)(cc)",sch2p2(8)(q)(ii),directly to a terminal; or,KB 2/Europe/UK Network and Information Systems (NIS) Regulations 2018.pdf
sch2p2(8)(q)(ii)(dd),dd,4,sub-sub-sub-paragraph,"Schedule 2, paragraph 2(8)(q)(ii)(dd)",sch2p2(8)(q)(ii),"indirectly to a terminal by way of one or more other terminals, whether or not such intermediate terminals are of the same kind as the final terminal; or",KB 2/Europe/UK Network and Information Systems (NIS) Regulations 2018.pdf
sch2p2(8)(q)(iii),iii,3,sub-sub-paragraph,"Schedule 2, paragraph 2(8)(q)(iii)",sch2p2(8)(q),used to convey gas directly from a terminal to a pipeline system operated by a gas transporter or to any premises.,KB 2/Europe/UK Network and Information Systems (NIS) Regulations 2018.pdf
sch2p2(9),9,1,paragraph,"Schedule 2, paragraph 2(9)",sch2p2,"In sub-paragraph (8)(f), (l), (m), (p) and (q) “gas” means any substance which is or, if it were in a gaseous state, would be gas within the meaning of Part 1 of the Gas Act 1986(a).",KB 2/Europe/UK Network and Information Systems (NIS) Regulations 2018.pdf
sch2p2(10),10,1,paragraph,"Schedule 2, paragraph 2(10)",sch2p2,"In this paragraph an upstream petroleum pipeline, oil processing facility, or gas processing facility is “relevant” if and in so far as it is situated in—",KB 2/Europe/UK Network and Information Systems (NIS) Regulations 2018.pdf
sch2p2(10)(a),a,2,sub-paragraph,"Schedule 2, paragraph 2(10)(a)",sch2p2(10),the United Kingdom;,KB 2/Europe/UK Network and Information Systems (NIS) Regulations 2018.pdf
sch2p2(10)(b),b,2,sub-paragraph,"Schedule 2, paragraph 2(10)(b)",sch2p2(10),the territorial sea adjacent to the United Kingdom; or,KB 2/Europe/UK Network and Information Systems (NIS) Regulations 2018.pdf
sch2p2(10)(c),c,2,sub-paragraph,"Schedule 2, paragraph 2(10)(c)",sch2p2(10),the sea in any area designated under section 1(7) of the Continental Shelf Act 1964(b).,KB 2/Europe/UK Network and Information Systems (NIS) Regulations 2018.pdf
sch2p3(1),1,1,paragraph,"Schedule 2, paragraph 3(1)",sch2p3,This paragraph describes the threshold requirements which apply to specified kinds of essential services in the gas subsector.,KB 2/Europe/UK Network and Information Systems (NIS) Regulations 2018.pdf
sch2p3(2),2,1,paragraph,"Schedule 2, paragraph 3(2)",sch2p3,For the essential service of gas supply the threshold requirements are—,KB 2/Europe/UK Network and Information Systems (NIS) Regulations 2018.pdf
sch2p3(2)(a),a,2,sub-paragraph,"Schedule 2, paragraph 3(2)(a)",sch2p3(2),"in Great Britain, supply undertakings that supply gas to more than 250,000 final customers;",KB 2/Europe/UK Network and Information Systems (NIS) Regulations 2018.pdf
sch2p3(2)(b),b,2,sub-paragraph,"Schedule 2, paragraph 3(2)(b)",sch2p3(2),"in Northern Ireland, the holder of a supply licence under Article 8(1)(c) of the Gas (Northern Ireland) Order 1996(c) who supplies gas to more than 2,000 customers.",KB 2/Europe/UK Network and Information Systems (NIS) Regulations 2018.pdf
sch2p3(3),3,1,paragraph,"Schedule 2, paragraph 3(3)",sch2p3,For the essential service of gas transmission the threshold requirements are—,KB 2/Europe/UK Network and Information Systems (NIS) Regulations 2018.pdf
sch2p3(3)(a),a,2,sub-paragraph,"Schedule 2, paragraph 3(3)(a)",sch2p3(3),in Great Britain—,KB 2/Europe/UK Network and Information Systems (NIS) Regulations 2018.pdf
sch2p3(3)(a)(i),i,3,sub-sub-paragraph,"Schedule 2, paragraph 3(3)(a)(i)",sch2p3(3)(a),"transmission system operators with a potential to disrupt delivery to more than 250,000 final customers; or",KB 2/Europe/UK Network and Information Systems (NIS) Regulations 2018.pdf
sch2p3(3)(a)(ii),ii,3,sub-sub-paragraph,"Schedule 2, paragraph 3(3)(a)(ii)",sch2p3(3)(a),holders of interconnector licences where the gas interconnector to which the licence relates has the technological capacity to input more than 20 million cubic metres of gas per day to a transmission system; and,KB 2/Europe/UK Network and Information Systems (NIS) Regulations 2018.pdf
sch2p3(3)(b),b,2,sub-paragraph,"Schedule 2, paragraph 3(3)(b)",sch2p3(3),"in Northern Ireland, the holder of a gas conveyance licence under Article 8(1)(a) of the Gas (Northern Ireland) Order 1996.",KB 2/Europe/UK Network and Information Systems (NIS) Regulations 2018.pdf
sch2p3(4),4,1,paragraph,"Schedule 2, paragraph 3(4)",sch2p3,For the essential service of gas distribution the threshold requirements are—,KB 2/Europe/UK Network and Information Systems (NIS) Regulations 2018.pdf
sch2p3(4)(a),a,2,sub-paragraph,"Schedule 2, paragraph 3(4)(a)",sch2p3(4),"in Great Britain, distribution system operators with a potential to disrupt delivery to more than 250,000 final customers; and",KB 2/Europe/UK Network and Information Systems (NIS) Regulations 2018.pdf
sch2p3(4)(b),b,2,sub-paragraph,"Schedule 2, paragraph 3(4)(b)",sch2p3(4),in Northern Ireland the holder of a licence under Article 8(1)(a) of the Gas (Northern Ireland) Order 1996.,KB 2/Europe/UK Network and Information Systems (NIS) Regulations 2018.pdf
sch2p3(5),5,1,paragraph,"Schedule 2, paragraph 3(5)",sch2p3,"For the essential service of the operation of gas storage facilities, the threshold requirements are—",KB 2/Europe/UK Network and Information Systems (NIS) Regulations 2018.pdf
sch2p3(5)(a),a,2,sub-paragraph,"Schedule 2, paragraph 3(5)(a)",sch2p3(5),"in Great Britain, storage system operators where the storage facility has the technological capacity to input more than 20 million cubic metres of gas per day to a transmission system; and",KB 2/Europe/UK Network and Information Systems (NIS) Regulations 2018.pdf
sch2p3(5)(b),b,2,sub-paragraph,"Schedule 2, paragraph 3(5)(b)",sch2p3(5),in Northern Ireland the holder of a licence under Article 8(1)(b) of the Gas (Northern Ireland) Order 1996(a).,KB 2/Europe/UK Network and Information Systems (NIS) Regulations 2018.pdf
sch2p3(6),6,1,paragraph,"Schedule 2, paragraph 3(6)",sch2p3,"For the essential service of the operation of LNG facilities, the threshold requirements are—",KB 2/Europe/UK Network and Information Systems (NIS) Regulations 2018.pdf
sch2p3(6)(a),a,2,sub-paragraph,"Schedule 2, paragraph 3(6)(a)",sch2p3(6),"in Great Britain, LNG system operators where the LNG facility has the technological capacity to input more than 20 million cubic metres of gas per day to a transmission system; and",KB 2/Europe/UK Network and Information Systems (NIS) Regulations 2018.pdf
sch2p3(6)(b),b,2,sub-paragraph,"Schedule 2, paragraph 3(6)(b)",sch2p3(6),in Northern Ireland the holder of a licence under Article 8(1)(d) of the Gas (Northern Ireland) Order 1996(b).,KB 2/Europe/UK Network and Information Systems (NIS) Regulations 2018.pdf
sch2p3(7),7,1,paragraph,"Schedule 2, paragraph 3(7)",sch2p3,"For the essential service of the operation of relevant gas processing facilities, the threshold requirement in the United Kingdom is in the case of— an operator of a facility or pipeline with a throughput of more than 3,000,000 tonnes of oil equivalent per year.",KB 2/Europe/UK Network and Information Systems (NIS) Regulations 2018.pdf
sch2p3(7)(a),a,2,sub-paragraph,"Schedule 2, paragraph 3(7)(a)",sch2p3(7),"a relevant gas processing facility, or",KB 2/Europe/UK Network and Information Systems (NIS) Regulations 2018.pdf
sch2p3(7)(b),b,2,sub-paragraph,"Schedule 2, paragraph 3(7)(b)",sch2p3(7),"a relevant upstream petroleum pipeline which is connected to and operated from a relevant gas processing facility,",KB 2/Europe/UK Network and Information Systems (NIS) Regulations 2018.pdf
sch2p3(8),8,1,paragraph,"Schedule 2, paragraph 3(8)",sch2p3,"For the essential service of the operation of petroleum production projects (other than projects which are primarily used for the storage of gas), the threshold requirement in the United Kingdom is— an operator of an installation or pipeline with a throughput of more than 3,000,000 tonnes of oil equivalent per year.",KB 2/Europe/UK Network and Information Systems (NIS) Regulations 2018.pdf
sch2p3(8)(a),a,2,sub-paragraph,"Schedule 2, paragraph 3(8)(a)",sch2p3(8),in the case of—,KB 2/Europe/UK Network and Information Systems (NIS) Regulations 2018.pdf
sch2p3(8)(a)(i),i,3,sub-sub-paragraph,"Schedule 2, paragraph 3(8)(a)(i)",sch2p3(8)(a),"a relevant offshore installation which is part of a petroleum production project (other than a project which is primarily used for the storage of gas), or",KB 2/Europe/UK Network and Information Systems (NIS) Regulations 2018.pdf
sch2p3(8)(a)(ii),ii,3,sub-sub-paragraph,"Schedule 2, paragraph 3(8)(a)(ii)",sch2p3(8)(a),"a relevant upstream petroleum pipeline which is connected to and operated from such an installation,",KB 2/Europe/UK Network and Information Systems (NIS) Regulations 2018.pdf
sch2p3(9),9,1,paragraph,"Schedule 2, paragraph 3(9)",sch2p3,In sub-paragraph (3)(a)(i) the threshold requirement does not include transmission systems for which an interconnector licence applies.,KB 2/Europe/UK Network and Information Systems (NIS) Regulations 2018.pdf
sch2p3(10),10,1,paragraph,"Schedule 2, paragraph 3(10)",sch2p3,In this paragraph—,KB 2/Europe/UK Network and Information Systems (NIS) Regulations 2018.pdf
sch2p3(10)(a),a,2,sub-paragraph,"Schedule 2, paragraph 3(10)(a)",sch2p3(10),“carbon dioxide pipeline” has the meaning given by section 90(2) of the Energy Act 2011(c);,KB 2/Europe/UK Network and Information Systems (NIS) Regulations 2018.pdf
sch2p3(10)(b),b,2,sub-paragraph,"Schedule 2, paragraph 3(10)(b)",sch2p3(10),"“crude oil” means any liquid hydrocarbon mixture occurring naturally in the earth whether or not treated to render it suitable for transportation, and includes—",KB 2/Europe/UK Network and Information Systems (NIS) Regulations 2018.pdf
sch2p3(10)(b)(i),i,3,sub-sub-paragraph,"Schedule 2, paragraph 3(10)(b)(i)",sch2p3(10)(b),"crude oils from which distillate fractions have been removed, and",KB 2/Europe/UK Network and Information Systems (NIS) Regulations 2018.pdf
sch2p3(10)(b)(ii),ii,3,sub-sub-paragraph,"Schedule 2, paragraph 3(10)(b)(ii)",sch2p3(10)(b),crude oils to which distillate fractions have been added;,KB 2/Europe/UK Network and Information Systems (NIS) Regulations 2018.pdf
sch2p3(10)(c),c,2,sub-paragraph,"Schedule 2, paragraph 3(10)(c)",sch2p3(10),"“distribution” has the meaning given by Article 2(5) of Directive 2009/73/EC of the European Parliament and of the Council concerning common rules for the internal market in natural gas and repealing Directive 2003/55/EC(a), “the Gas Directive”;",KB 2/Europe/UK Network and Information Systems (NIS) Regulations 2018.pdf
sch2p3(10)(d),d,2,sub-paragraph,"Schedule 2, paragraph 3(10)(d)",sch2p3(10),“distribution system operator” has the meaning given by Article 2(6) of the Gas Directive;,KB 2/Europe/UK Network and Information Systems (NIS) Regulations 2018.pdf
sch2p3(10)(e),e,2,sub-paragraph,"Schedule 2, paragraph 3(10)(e)",sch2p3(10),“final customer” has the meaning given by Article 2(27) of the Gas Directive;,KB 2/Europe/UK Network and Information Systems (NIS) Regulations 2018.pdf
sch2p3(10)(f),f,2,sub-paragraph,"Schedule 2, paragraph 3(10)(f)",sch2p3(10),“foreign sector of the continental shelf” has the meaning given by section 90(1) of the Energy Act 2011(b);,KB 2/Europe/UK Network and Information Systems (NIS) Regulations 2018.pdf
sch2p3(10)(g),g,2,sub-paragraph,"Schedule 2, paragraph 3(10)(g)",sch2p3(10),“gas processing facility” means any facility which—,KB 2/Europe/UK Network and Information Systems (NIS) Regulations 2018.pdf
sch2p3(10)(g)(i),i,3,sub-sub-paragraph,"Schedule 2, paragraph 3(10)(g)(i)",sch2p3(10)(g),carries out gas processing operations in relation to piped gas;,KB 2/Europe/UK Network and Information Systems (NIS) Regulations 2018.pdf
sch2p3(10)(g)(ii),ii,3,sub-sub-paragraph,"Schedule 2, paragraph 3(10)(g)(ii)",sch2p3(10)(g),is operated otherwise than by a gas transporter; and,KB 2/Europe/UK Network and Information Systems (NIS) Regulations 2018.pdf
sch2p3(10)(g)(iii),iii,3,sub-sub-paragraph,"Schedule 2, paragraph 3(10)(g)(iii)",sch2p3(10)(g),is not an LNG import or export facility (within the meaning of section 12 of the Gas Act 1995(c));,KB 2/Europe/UK Network and Information Systems (NIS) Regulations 2018.pdf
sch2p3(10)(h),h,2,sub-paragraph,"Schedule 2, paragraph 3(10)(h)",sch2p3(10),“gas processing operation” means any of the following operations—,KB 2/Europe/UK Network and Information Systems (NIS) Regulations 2018.pdf
sch2p3(10)(h)(i),i,3,sub-sub-paragraph,"Schedule 2, paragraph 3(10)(h)(i)",sch2p3(10)(h),"purifying, blending, odorising or compressing gas for the purpose of enabling it to be introduced into a pipeline system operated by a gas transporter or to be conveyed to an electricity generating station, a gas storage facility or any place outside the United Kingdom;",KB 2/Europe/UK Network and Information Systems (NIS) Regulations 2018.pdf
sch2p3(10)(h)(ii),ii,3,sub-sub-paragraph,"Schedule 2, paragraph 3(10)(h)(ii)",sch2p3(10)(h),"removing from gas for that purpose any of its constituent gases, or separating from gas for that purpose any oil or water;",KB 2/Europe/UK Network and Information Systems (NIS) Regulations 2018.pdf
sch2p3(10)(h)(iii),iii,3,sub-sub-paragraph,"Schedule 2, paragraph 3(10)(h)(iii)",sch2p3(10)(h),"determining the quantity or quality of gas which is or is to be so introduced, or so conveyed, whether generally or by, or on behalf of, a particular person;",KB 2/Europe/UK Network and Information Systems (NIS) Regulations 2018.pdf
sch2p3(10)(h)(iv),iv,3,sub-sub-paragraph,"Schedule 2, paragraph 3(10)(h)(iv)",sch2p3(10)(h),"separating, purifying, blending, odorising or compressing gas for the purpose of—",KB 2/Europe/UK Network and Information Systems (NIS) Regulations 2018.pdf
sch2p3(10)(h)(iv)(aa),aa,4,sub-sub-sub-paragraph,"Schedule 2, paragraph 3(10)(h)(iv)(aa)",sch2p3(10)(h)(iv),"converting it into a form in which a purchaser is willing to accept delivery from a seller, or",KB 2/Europe/UK Network and Information Systems (NIS) Regulations 2018.pdf
sch2p3(10)(h)(iv)(bb),bb,4,sub-sub-sub-paragraph,"Schedule 2, paragraph 3(10)(h)(iv)(bb)",sch2p3(10)(h)(iv),enabling it to be loaded for conveyance to another place (whether inside or outside the United Kingdom); or,KB 2/Europe/UK Network and Information Systems (NIS) Regulations 2018.pdf
sch2p3(10)(h)(v),v,3,sub-sub-paragraph,"Schedule 2, paragraph 3(10)(h)(v)",sch2p3(10)(h),loading gas—,KB 2/Europe/UK Network and Information Systems (NIS) Regulations 2018.pdf
sch2p3(10)(h)(v)(aa),aa,4,sub-sub-sub-paragraph,"Schedule 2, paragraph 3(10)(h)(v)(aa)",sch2p3(10)(h)(v),"at a facility which carries out operations of a kind mentioned in paragraph (iv), or",KB 2/Europe/UK Network and Information Systems (NIS) Regulations 2018.pdf
sch2p3(10)(h)(v)(bb),bb,4,sub-sub-sub-paragraph,"Schedule 2, paragraph 3(10)(h)(v)(bb)",sch2p3(10)(h)(v),"piped from such a facility, for the purpose of enabling the gas to be conveyed to another place inside or outside the United Kingdom;",KB 2/Europe/UK Network and Information Systems (NIS) Regulations 2018.pdf
sch2p3(10)(i),i,2,sub-paragraph,"Schedule 2, paragraph 3(10)(i)",sch2p3(10),“gas transporter” has the meaning given by section 7(1) of the Gas Act 1986(d);,KB 2/Europe/UK Network and Information Systems (NIS) Regulations 2018.pdf
sch2p3(10)(j),j,2,sub-paragraph,"Schedule 2, paragraph 3(10)(j)",sch2p3(10),“interconnector licence” means a licence granted under section 7ZA of the Gas Act 1986(e);,KB 2/Europe/UK Network and Information Systems (NIS) Regulations 2018.pdf
sch2p3(10)(k),k,2,sub-paragraph,"Schedule 2, paragraph 3(10)(k)",sch2p3(10),“LNG facility” has the meaning given by Article 2(11) of the Gas Directive;,KB 2/Europe/UK Network and Information Systems (NIS) Regulations 2018.pdf
sch2p3(10)(l),l,2,sub-paragraph,"Schedule 2, paragraph 3(10)(l)",sch2p3(10),“LNG system operator” has the meaning given by Article 2(12) of the Gas Directive;,KB 2/Europe/UK Network and Information Systems (NIS) Regulations 2018.pdf
sch2p3(10)(m),m,2,sub-paragraph,"Schedule 2, paragraph 3(10)(m)",sch2p3(10),"“oil equivalent” means petroleum and, for the purposes of assessments of throughput, where petroleum is in a gaseous state 1,100 cubic meters of this petroleum at a temperature of 15 degrees Celsius and pressure of one atmosphere is counted as equivalent to one tonne;",KB 2/Europe/UK Network and Information Systems (NIS) Regulations 2018.pdf
sch2p3(10)(n),n,2,sub-paragraph,"Schedule 2, paragraph 3(10)(n)",sch2p3(10),“oil processing facility” means any facility which carries out oil processing operations;,KB 2/Europe/UK Network and Information Systems (NIS) Regulations 2018.pdf
sch2p3(10)(o),o,2,sub-paragraph,"Schedule 2, paragraph 3(10)(o)",sch2p3(10),“oil processing operations” means any of the following operations—,KB 2/Europe/UK Network and Information Systems (NIS) Regulations 2018.pdf
sch2p3(10)(o)(i),i,3,sub-sub-paragraph,"Schedule 2, paragraph 3(10)(o)(i)",sch2p3(10)(o),initial blending and such other treatment of petroleum as may be required to produce stabilised crude oil to the point at which a seller could reasonably make a delivery to a purchaser of such oil;,KB 2/Europe/UK Network and Information Systems (NIS) Regulations 2018.pdf
sch2p3(10)(o)(ii),ii,3,sub-sub-paragraph,"Schedule 2, paragraph 3(10)(o)(ii)",sch2p3(10)(o),"receiving stabilised crude oil piped from an oil processing facility carrying out operations of a kind mentioned in sub-paragraph (i), or storing oil so received, prior to their conveyance to another place (whether inside or outside the United Kingdom);",KB 2/Europe/UK Network and Information Systems (NIS) Regulations 2018.pdf
sch2p3(10)(o)(iii),iii,3,sub-sub-paragraph,"Schedule 2, paragraph 3(10)(o)(iii)",sch2p3(10)(o),loading stabilised crude oil piped from a facility carrying out operations of a kind mentioned in sub-paragraph (i) or (ii) for conveyance to another place (whether inside or outside the United Kingdom);,KB 2/Europe/UK Network and Information Systems (NIS) Regulations 2018.pdf
sch2p3(10)(p),p,2,sub-paragraph,"Schedule 2, paragraph 3(10)(p)",sch2p3(10),"“petroleum” has the same meaning as in section 1 of the Petroleum Act 1998(a), and includes petroleum that has undergone any processing;",KB 2/Europe/UK Network and Information Systems (NIS) Regulations 2018.pdf
sch2p3(10)(q),q,2,sub-paragraph,"Schedule 2, paragraph 3(10)(q)",sch2p3(10),“petroleum production project” means a project carried out by virtue of a licence granted under—,KB 2/Europe/UK Network and Information Systems (NIS) Regulations 2018.pdf
sch2p3(10)(q)(i),i,3,sub-sub-paragraph,"Schedule 2, paragraph 3(10)(q)(i)",sch2p3(10)(q),section 3 of the Petroleum Act 1998(b);,KB 2/Europe/UK Network and Information Systems (NIS) Regulations 2018.pdf
sch2p3(10)(q)(ii),ii,3,sub-sub-paragraph,"Schedule 2, paragraph 3(10)(q)(ii)",sch2p3(10)(q),section 2 of the Petroleum (Production) Act 1934(c); or,KB 2/Europe/UK Network and Information Systems (NIS) Regulations 2018.pdf
sch2p3(10)(q)(iii),iii,3,sub-sub-paragraph,"Schedule 2, paragraph 3(10)(q)(iii)",sch2p3(10)(q),section 2 of the Petroleum (Production) Act (Northern Ireland) 1964(d); and includes such a project which is used for the storage of gas;,KB 2/Europe/UK Network and Information Systems (NIS) Regulations 2018.pdf
sch2p3(10)(r),r,2,sub-paragraph,"Schedule 2, paragraph 3(10)(r)",sch2p3(10),“piped gas” means gas which—,KB 2/Europe/UK Network and Information Systems (NIS) Regulations 2018.pdf
sch2p3(10)(r)(i),i,3,sub-sub-paragraph,"Schedule 2, paragraph 3(10)(r)(i)",sch2p3(10)(r),originated from a petroleum production project (or an equivalent project in a foreign sector of the continental shelf); and,KB 2/Europe/UK Network and Information Systems (NIS) Regulations 2018.pdf
sch2p3(10)(r)(ii),ii,3,sub-sub-paragraph,"Schedule 2, paragraph 3(10)(r)(ii)",sch2p3(10)(r),has been conveyed only by means of pipes;,KB 2/Europe/UK Network and Information Systems (NIS) Regulations 2018.pdf
sch2p3(10)(s),s,2,sub-paragraph,"Schedule 2, paragraph 3(10)(s)",sch2p3(10),“pipeline” means a pipe or system of pipes for the conveyance of anything;,KB 2/Europe/UK Network and Information Systems (NIS) Regulations 2018.pdf
sch2p3(10)(t),t,2,sub-paragraph,"Schedule 2, paragraph 3(10)(t)",sch2p3(10),“relevant offshore installation” means an offshore installation within the meaning of section 44 of the Petroleum Act 1998(e) which carries on the activities mentioned in subsection (3)(a) or (c) of that section and is a relevant offshore installation only to the extent it is used to carry on those activities;,KB 2/Europe/UK Network and Information Systems (NIS) Regulations 2018.pdf
sch2p3(10)(u),u,2,sub-paragraph,"Schedule 2, paragraph 3(10)(u)",sch2p3(10),“storage facility” has the meaning given by Article 2(9) of the Gas Directive;,KB 2/Europe/UK Network and Information Systems (NIS) Regulations 2018.pdf
sch2p3(10)(v),v,2,sub-paragraph,"Schedule 2, paragraph 3(10)(v)",sch2p3(10),“storage system operator” has the meaning given by Article 2(10) of the Gas Directive;,KB 2/Europe/UK Network and Information Systems (NIS) Regulations 2018.pdf
sch2p3(10)(w),w,2,sub-paragraph,"Schedule 2, paragraph 3(10)(w)",sch2p3(10),“supply” has the meaning given by Article 2(7) of the Gas Directive;,KB 2/Europe/UK Network and Information Systems (NIS) Regulations 2018.pdf
sch2p3(10)(x),x,2,sub-paragraph,"Schedule 2, paragraph 3(10)(x)",sch2p3(10),“supply undertaking” has the meaning given by Article 2(8) of the Gas Directive;,KB 2/Europe/UK Network and Information Systems (NIS) Regulations 2018.pdf
sch2p3(10)(y),y,2,sub-paragraph,"Schedule 2, paragraph 3(10)(y)",sch2p3(10),“terminal” includes—,KB 2/Europe/UK Network and Information Systems (NIS) Regulations 2018.pdf
sch2p3(10)(y)(i),i,3,sub-sub-paragraph,"Schedule 2, paragraph 3(10)(y)(i)",sch2p3(10)(y),facilities for such initial blending and other treatment as may be required to produce stabilised crude oil to the point at which a seller could reasonably make a delivery to a purchaser of such oil;,KB 2/Europe/UK Network and Information Systems (NIS) Regulations 2018.pdf
sch2p3(10)(y)(ii),ii,3,sub-sub-paragraph,"Schedule 2, paragraph 3(10)(y)(ii)",sch2p3(10)(y),oil processing facilities;,KB 2/Europe/UK Network and Information Systems (NIS) Regulations 2018.pdf
sch2p3(10)(y)(iii),iii,3,sub-sub-paragraph,"Schedule 2, paragraph 3(10)(y)(iii)",sch2p3(10)(y),gas processing facilities; and,KB 2/Europe/UK Network and Information Systems (NIS) Regulations 2018.pdf
sch2p3(10)(y)(iv),iv,3,sub-sub-paragraph,"Schedule 2, paragraph 3(10)(y)(iv)",sch2p3(10)(y),a facility for the reception of gas prior to its conveyance to a place outside the United Kingdom;,KB 2/Europe/UK Network and Information Systems (NIS) Regulations 2018.pdf
sch2p3(10)(z),z,2,sub-paragraph,"Schedule 2, paragraph 3(10)(z)",sch2p3(10),“transmission” has the meaning given by Article 2(3) of the Gas Directive; and,KB 2/Europe/UK Network and Information Systems (NIS) Regulations 2018.pdf
sch2p3(10)(aa),aa,2,sub-paragraph,"Schedule 2, paragraph 3(10)(aa)",sch2p3(10),“transmission system operator” has the meaning given by Article 2(4) of the Gas Directive;,KB 2/Europe/UK Network and Information Systems (NIS) Regulations 2018.pdf
sch2p3(10)(bb),bb,2,sub-paragraph,"Schedule 2, paragraph 3(10)(bb)",sch2p3(10),“upstream petroleum pipeline” means a pipeline or one of a network of pipelines which is—,KB 2/Europe/UK Network and Information Systems (NIS) Regulations 2018.pdf
sch2p3(10)(bb)(i),i,3,sub-sub-paragraph,"Schedule 2, paragraph 3(10)(bb)(i)",sch2p3(10)(bb),operated or constructed as part of a petroleum production project (or an equivalent project in a foreign sector of the continental shelf) and is not a carbon dioxide pipeline;,KB 2/Europe/UK Network and Information Systems (NIS) Regulations 2018.pdf
sch2p3(10)(bb)(ii),ii,3,sub-sub-paragraph,"Schedule 2, paragraph 3(10)(bb)(ii)",sch2p3(10)(bb),used to convey petroleum from the site of one or more such projects—,KB 2/Europe/UK Network and Information Systems (NIS) Regulations 2018.pdf
sch2p3(10)(bb)(ii)(aa),aa,4,sub-sub-sub-paragraph,"Schedule 2, paragraph 3(10)(bb)(ii)(aa)",sch2p3(10)(bb)(ii),"directly to premises, in order for that petroleum to be used at those premises for power generation or for an industrial process;",KB 2/Europe/UK Network and Information Systems (NIS) Regulations 2018.pdf
sch2p3(10)(bb)(ii)(bb),bb,4,sub-sub-sub-paragraph,"Schedule 2, paragraph 3(10)(bb)(ii)(bb)",sch2p3(10)(bb)(ii),directly to a place outside the United Kingdom;,KB 2/Europe/UK Network and Information Systems (NIS) Regulations 2018.pdf
sch2p3(10)(bb)(ii)(cc),cc,4,sub-sub-sub-paragraph,"Schedule 2, paragraph 3(10)(bb)(ii)(cc)",sch2p3(10)(bb)(ii),directly to a terminal; or,KB 2/Europe/UK Network and Information Systems (NIS) Regulations 2018.pdf
sch2p3(10)(bb)(ii)(dd),dd,4,sub-sub-sub-paragraph,"Schedule 2, paragraph 3(10)(bb)(ii)(dd)",sch2p3(10)(bb)(ii),"indirectly to a terminal by way of one or more other terminals, whether or not such intermediate terminals are of the same kind as the final terminal; or",KB 2/Europe/UK Network and Information Systems (NIS) Regulations 2018.pdf
sch2p3(10)(bb)(iii),iii,3,sub-sub-paragraph,"Schedule 2, paragraph 3(10)(bb)(iii)",sch2p3(10)(bb),used to convey gas directly from a terminal to a pipeline system operated by a gas transporter or to any premises.,KB 2/Europe/UK Network and Information Systems (NIS) Regulations 2018.pdf
sch2p3(11),11,1,paragraph,"Schedule 2, paragraph 3(11)",sch2p3,In—,KB 2/Europe/UK Network and Information Systems (NIS) Regulations 2018.pdf
sch2p3(11)(a),a,2,sub-paragraph,"Schedule 2, paragraph 3(11)(a)",sch2p3(11),"sub-paragraphs 2(a), 3(a), 4(a), 5(a) and 6(a), or in any provision of the Gas Directive to which these sub-paragraphs cross-refer, any reference to “gas” or “natural gas” means any substance in a gaseous state which consists wholly or mainly of—",KB 2/Europe/UK Network and Information Systems (NIS) Regulations 2018.pdf
sch2p3(11)(a)(i),i,3,sub-sub-paragraph,"Schedule 2, paragraph 3(11)(a)(i)",sch2p3(11)(a),methane or hydrogen;,KB 2/Europe/UK Network and Information Systems (NIS) Regulations 2018.pdf
sch2p3(11)(a)(ii),ii,3,sub-sub-paragraph,"Schedule 2, paragraph 3(11)(a)(ii)",sch2p3(11)(a),a mixture of two or more of those gases; or,KB 2/Europe/UK Network and Information Systems (NIS) Regulations 2018.pdf
sch2p3(11)(a)(iii),iii,3,sub-sub-paragraph,"Schedule 2, paragraph 3(11)(a)(iii)",sch2p3(11)(a),a combustible mixture of one or more of those gases and air;,KB 2/Europe/UK Network and Information Systems (NIS) Regulations 2018.pdf
sch2p3(11)(b),b,2,sub-paragraph,"Schedule 2, paragraph 3(11)(b)",sch2p3(11),"sub-paragraphs 10(h), (q), (r), (y) and (bb), “gas” means any substance which is or, if it were in a gaseous state, would be gas within the meaning of Part 1 of the Gas Act 1986(a).",KB 2/Europe/UK Network and Information Systems (NIS) Regulations 2018.pdf
sch2p3(12),12,1,paragraph,"Schedule 2, paragraph 3(12)",sch2p3,"In this paragraph an upstream petroleum pipeline, oil processing facility, or gas processing facility is “relevant” if and in so far as it is situated in—",KB 2/Europe/UK Network and Information Systems (NIS) Regulations 2018.pdf
sch2p3(12)(a),a,2,sub-paragraph,"Schedule 2, paragraph 3(12)(a)",sch2p3(12),the United Kingdom;,KB 2/Europe/UK Network and Information Systems (NIS) Regulations 2018.pdf
sch2p3(12)(b),b,2,sub-paragraph,"Schedule 2, paragraph 3(12)(b)",sch2p3(12),the territorial sea adjacent to the United Kingdom; or,KB 2/Europe/UK Network and Information Systems (NIS) Regulations 2018.pdf
sch2p3(12)(c),c,2,sub-paragraph,"Schedule 2, paragraph 3(12)(c)",sch2p3(12),the sea in any area designated under section 1(7) of the Continental Shelf Act 1964(b).,KB 2/Europe/UK Network and Information Systems (NIS) Regulations 2018.pdf
sch2p4(1),1,1,paragraph,"Schedule 2, paragraph 4(1)",sch2p4,This paragraph describes the threshold requirements which apply to specified kinds of essential services in the air transport subsector.,KB 2/Europe/UK Network and Information Systems (NIS) Regulations 2018.pdf
sch2p4(2),2,1,paragraph,"Schedule 2, paragraph 4(2)",sch2p4,"For the essential service of the provision of services by the owner or manager of an aerodrome, the threshold requirement in the United Kingdom is an owner or manager of an aerodrome with annual terminal passenger numbers greater than 10 million.",KB 2/Europe/UK Network and Information Systems (NIS) Regulations 2018.pdf
sch2p4(3),3,1,paragraph,"Schedule 2, paragraph 4(3)",sch2p4,"For the essential service of the provision of air traffic services (as defined in the Transport Act 2000), the threshold requirement in the United Kingdom is—",KB 2/Europe/UK Network and Information Systems (NIS) Regulations 2018.pdf
sch2p4(3)(a),a,2,sub-paragraph,"Schedule 2, paragraph 4(3)(a)",sch2p4(3),an entity which is granted a licence by the Secretary of State or the Civil Aviation Authority to provide en-route air traffic services in the United Kingdom; or,KB 2/Europe/UK Network and Information Systems (NIS) Regulations 2018.pdf
sch2p4(3)(b),b,2,sub-paragraph,"Schedule 2, paragraph 4(3)(b)",sch2p4(3),an air-traffic service provider at any airport which has annual terminal passenger numbers greater than 10 million.,KB 2/Europe/UK Network and Information Systems (NIS) Regulations 2018.pdf
sch2p4(4),4,1,paragraph,"Schedule 2, paragraph 4(4)",sch2p4,"For the essential service of the provision of services by air carriers, the threshold requirement in the United Kingdom is an air carrier which has—",KB 2/Europe/UK Network and Information Systems (NIS) Regulations 2018.pdf
sch2p4(4)(a),a,2,sub-paragraph,"Schedule 2, paragraph 4(4)(a)",sch2p4(4),more than thirty percent of the annual terminal passengers at any United Kingdom airport which has annual terminal passenger numbers greater than 10 million; and,KB 2/Europe/UK Network and Information Systems (NIS) Regulations 2018.pdf
sch2p4(4)(b),b,2,sub-paragraph,"Schedule 2, paragraph 4(4)(b)",sch2p4(4),more than 10 million total annual terminal passengers across all United Kingdom airports.,KB 2/Europe/UK Network and Information Systems (NIS) Regulations 2018.pdf
sch2p4(5),5,1,paragraph,"Schedule 2, paragraph 4(5)",sch2p4,In this paragraph—,KB 2/Europe/UK Network and Information Systems (NIS) Regulations 2018.pdf
sch2p4(5)(a),a,2,sub-paragraph,"Schedule 2, paragraph 4(5)(a)",sch2p4(5),“an aerodrome” has the same meaning as in the Civil Aviation Act 1982(a);,KB 2/Europe/UK Network and Information Systems (NIS) Regulations 2018.pdf
sch2p4(5)(b),b,2,sub-paragraph,"Schedule 2, paragraph 4(5)(b)",sch2p4(5),“air carrier” has the same meaning as in Article 3(4) of Regulation (EC) No 300/2008 of the European Parliament and of the Council on common rules in the field of civil aviation security and repealing Regulation EC No 2320/2202(b).,KB 2/Europe/UK Network and Information Systems (NIS) Regulations 2018.pdf
sch2p5(1),1,1,paragraph,"Schedule 2, paragraph 5(1)",sch2p5,This paragraph describes the threshold requirements which apply to specified kinds of essential services in the water transport subsector.,KB 2/Europe/UK Network and Information Systems (NIS) Regulations 2018.pdf
sch2p5(2),2,1,paragraph,"Schedule 2, paragraph 5(2)",sch2p5,"For the essential service of shipping in the United Kingdom, the threshold requirement is—",KB 2/Europe/UK Network and Information Systems (NIS) Regulations 2018.pdf
sch2p5(2)(a),a,2,sub-paragraph,"Schedule 2, paragraph 5(2)(a)",sch2p5(2),a shipping company which handles—,KB 2/Europe/UK Network and Information Systems (NIS) Regulations 2018.pdf
sch2p5(2)(a)(i),i,3,sub-sub-paragraph,"Schedule 2, paragraph 5(2)(a)(i)",sch2p5(2)(a),over 5 million tonnes of total annual freight at United Kingdom ports; and,KB 2/Europe/UK Network and Information Systems (NIS) Regulations 2018.pdf
sch2p5(2)(a)(ii),ii,3,sub-sub-paragraph,"Schedule 2, paragraph 5(2)(a)(ii)",sch2p5(2)(a),over thirty percent of the freight at any individual United Kingdom port which fulfils at least one of the following criteria—,KB 2/Europe/UK Network and Information Systems (NIS) Regulations 2018.pdf
sch2p5(2)(a)(ii)(aa),aa,4,sub-sub-sub-paragraph,"Schedule 2, paragraph 5(2)(a)(ii)(aa)",sch2p5(2)(a)(ii),it handles more than fifteen percent of the total roll-on roll-off traffic in the United Kingdom;,KB 2/Europe/UK Network and Information Systems (NIS) Regulations 2018.pdf
sch2p5(2)(a)(ii)(bb),bb,4,sub-sub-sub-paragraph,"Schedule 2, paragraph 5(2)(a)(ii)(bb)",sch2p5(2)(a)(ii),it handles more than fifteen percent of the total lift-on lift-off traffic in the United Kingdom;,KB 2/Europe/UK Network and Information Systems (NIS) Regulations 2018.pdf
sch2p5(2)(a)(ii)(cc),cc,4,sub-sub-sub-paragraph,"Schedule 2, paragraph 5(2)(a)(ii)(cc)",sch2p5(2)(a)(ii),it handles more than ten percent of the total liquid bulk traffic in the United Kingdom; or,KB 2/Europe/UK Network and Information Systems (NIS) Regulations 2018.pdf
sch2p5(2)(a)(ii)(dd),dd,4,sub-sub-sub-paragraph,"Schedule 2, paragraph 5(2)(a)(ii)(dd)",sch2p5(2)(a)(ii),it handles more than twenty percent of the total biomass fuel traffic in the United Kingdom; or,KB 2/Europe/UK Network and Information Systems (NIS) Regulations 2018.pdf
sch2p5(2)(b),b,2,sub-paragraph,"Schedule 2, paragraph 5(2)(b)",sch2p5(2),a shipping company with over thirty percent of the annual passenger numbers at any individual United Kingdom port which has annual passenger numbers greater than 10 million.,KB 2/Europe/UK Network and Information Systems (NIS) Regulations 2018.pdf
sch2p5(3),3,1,paragraph,"Schedule 2, paragraph 5(3)",sch2p5,"For the essential service of the provision of services by a harbour authority for a port in the United Kingdom, the threshold requirement is—",KB 2/Europe/UK Network and Information Systems (NIS) Regulations 2018.pdf
sch2p5(3)(a),a,2,sub-paragraph,"Schedule 2, paragraph 5(3)(a)",sch2p5(3),a harbour authority for a port which has annual passenger numbers greater than 10 million; or,KB 2/Europe/UK Network and Information Systems (NIS) Regulations 2018.pdf
sch2p5(3)(b),b,2,sub-paragraph,"Schedule 2, paragraph 5(3)(b)",sch2p5(3),a harbour authority for a port which fulfils at least one of the following criteria—,KB 2/Europe/UK Network and Information Systems (NIS) Regulations 2018.pdf
sch2p5(3)(b)(i),i,3,sub-sub-paragraph,"Schedule 2, paragraph 5(3)(b)(i)",sch2p5(3)(b),it handles more than fifteen percent of the total roll-on roll-off traffic in the United Kingdom;,KB 2/Europe/UK Network and Information Systems (NIS) Regulations 2018.pdf
sch2p5(3)(b)(ii),ii,3,sub-sub-paragraph,"Schedule 2, paragraph 5(3)(b)(ii)",sch2p5(3)(b),it handles more than fifteen percent of the total lift-on lift-off traffic in the United Kingdom;,KB 2/Europe/UK Network and Information Systems (NIS) Regulations 2018.pdf
sch2p5(3)(b)(iii),iii,3,sub-sub-paragraph,"Schedule 2, paragraph 5(3)(b)(iii)",sch2p5(3)(b),it handles more than ten percent of the total liquid bulk traffic in the United Kingdom; or,KB 2/Europe/UK Network and Information Systems (NIS) Regulations 2018.pdf
sch2p5(3)(b)(iv),iv,3,sub-sub-paragraph,"Schedule 2, paragraph 5(3)(b)(iv)",sch2p5(3)(b),it handles more than twenty percent of the total biomass fuel traffic in the United Kingdom.,KB 2/Europe/UK Network and Information Systems (NIS) Regulations 2018.pdf
sch2p5(4),4,1,paragraph,"Schedule 2, paragraph 5(4)",sch2p5,"For the essential service of the provision of services by an operator of a port facility in the United Kingdom, the threshold requirement is—",KB 2/Europe/UK Network and Information Systems (NIS) Regulations 2018.pdf
sch2p5(4)(a),a,2,sub-paragraph,"Schedule 2, paragraph 5(4)(a)",sch2p5(4),an operator of a port facility which handles passengers at a port which has annual passenger numbers greater than 10 million; or,KB 2/Europe/UK Network and Information Systems (NIS) Regulations 2018.pdf
sch2p5(4)(b),b,2,sub-paragraph,"Schedule 2, paragraph 5(4)(b)",sch2p5(4),an operator of a port facility at a port which fulfils at least one of the following criteria—,KB 2/Europe/UK Network and Information Systems (NIS) Regulations 2018.pdf
sch2p5(4)(b)(i),i,3,sub-sub-paragraph,"Schedule 2, paragraph 5(4)(b)(i)",sch2p5(4)(b),it handles more than fifteen percent of the total roll-on roll-off traffic in the United Kingdom;,KB 2/Europe/UK Network and Information Systems (NIS) Regulations 2018.pdf
sch2p5(4)(b)(ii),ii,3,sub-sub-paragraph,"Schedule 2, paragraph 5(4)(b)(ii)",sch2p5(4)(b),it handles more than fifteen percent of the total lift-on lift-off traffic in the United Kingdom;,KB 2/Europe/UK Network and Information Systems (NIS) Regulations 2018.pdf
sch2p5(4)(b)(iii),iii,3,sub-sub-paragraph,"Schedule 2, paragraph 5(4)(b)(iii)",sch2p5(4)(b),it handles more than ten percent of the total liquid bulk traffic in the United Kingdom; or,KB 2/Europe/UK Network and Information Systems (NIS) Regulations 2018.pdf
sch2p5(4)(b)(iv),iv,3,sub-sub-paragraph,"Schedule 2, paragraph 5(4)(b)(iv)",sch2p5(4)(b),it handles more than twenty percent of the total biomass fuel traffic in the United Kingdom; and where that port facility operator handles the same type of freight for which the port fulfils one of the criteria mentioned in sub-paragraphs (i)-(iv).,KB 2/Europe/UK Network and Information Systems (NIS) Regulations 2018.pdf
sch2p5(5),5,1,paragraph,"Schedule 2, paragraph 5(5)",sch2p5,"For the essential service of vessel traffic services in the United Kingdom, the threshold requirement is—",KB 2/Europe/UK Network and Information Systems (NIS) Regulations 2018.pdf
sch2p5(5)(a),a,2,sub-paragraph,"Schedule 2, paragraph 5(5)(a)",sch2p5(5),an operator of vessel traffic services at a port which has annual passenger numbers greater than 10 million; or,KB 2/Europe/UK Network and Information Systems (NIS) Regulations 2018.pdf
sch2p5(5)(b),b,2,sub-paragraph,"Schedule 2, paragraph 5(5)(b)",sch2p5(5),an operator of vessel traffic services at a port which fulfils at least one of the following criteria—,KB 2/Europe/UK Network and Information Systems (NIS) Regulations 2018.pdf
sch2p5(5)(b)(i),i,3,sub-sub-paragraph,"Schedule 2, paragraph 5(5)(b)(i)",sch2p5(5)(b),it handles more than fifteen percent of the total roll-on roll-off traffic in the United Kingdom;,KB 2/Europe/UK Network and Information Systems (NIS) Regulations 2018.pdf
sch2p5(5)(b)(ii),ii,3,sub-sub-paragraph,"Schedule 2, paragraph 5(5)(b)(ii)",sch2p5(5)(b),it handles more than fifteen percent of the total lift-on lift-off traffic in the United Kingdom;,KB 2/Europe/UK Network and Information Systems (NIS) Regulations 2018.pdf
sch2p5(5)(b)(iii),iii,3,sub-sub-paragraph,"Schedule 2, paragraph 5(5)(b)(iii)",sch2p5(5)(b),it handles more than ten percent of the total liquid bulk traffic in the United Kingdom; or,KB 2/Europe/UK Network and Information Systems (NIS) Regulations 2018.pdf
sch2p5(5)(b)(iv),iv,3,sub-sub-paragraph,"Schedule 2, paragraph 5(5)(b)(iv)",sch2p5(5)(b),it handles more than twenty percent of the total biomass fuel traffic in the United Kingdom.,KB 2/Europe/UK Network and Information Systems (NIS) Regulations 2018.pdf
sch2p5(6),6,1,paragraph,"Schedule 2, paragraph 5(6)",sch2p5,In this paragraph—,KB 2/Europe/UK Network and Information Systems (NIS) Regulations 2018.pdf
sch2p5(6)(a),a,2,sub-paragraph,"Schedule 2, paragraph 5(6)(a)",sch2p5(6),“harbour authority” has the same meaning in section 313(1) of the Merchant Shipping Act 1995(a);,KB 2/Europe/UK Network and Information Systems (NIS) Regulations 2018.pdf
sch2p5(6)(b),b,2,sub-paragraph,"Schedule 2, paragraph 5(6)(b)",sch2p5(6),“port facility” has the same meaning as in regulation 2 of the Port Security Regulations 2009(b);,KB 2/Europe/UK Network and Information Systems (NIS) Regulations 2018.pdf
sch2p5(6)(c),c,2,sub-paragraph,"Schedule 2, paragraph 5(6)(c)",sch2p5(6),“vessel traffic services” has the same meaning as in regulation 2(1) of the Merchant Shipping (Vessel Traffic Monitoring and Reporting Requirements) Regulations 2004(c).,KB 2/Europe/UK Network and Information Systems (NIS) Regulations 2018.pdf
sch2p6(1),1,1,paragraph,"Schedule 2, paragraph 6(1)",sch2p6,This paragraph describes the threshold requirements which apply to specified kinds of essential services in the rail transport subsector.,KB 2/Europe/UK Network and Information Systems (NIS) Regulations 2018.pdf
sch2p6(2),2,1,paragraph,"Schedule 2, paragraph 6(2)",sch2p6,For the essential service of rail services the threshold requirements are—,KB 2/Europe/UK Network and Information Systems (NIS) Regulations 2018.pdf
sch2p6(2)(a),a,2,sub-paragraph,"Schedule 2, paragraph 6(2)(a)",sch2p6(2),"in Great Britain, any operator of a mainline railway asset but excluding operators of—",KB 2/Europe/UK Network and Information Systems (NIS) Regulations 2018.pdf
sch2p6(2)(a)(i),i,3,sub-sub-paragraph,"Schedule 2, paragraph 6(2)(a)(i)",sch2p6(2)(a),railway assets solely for the provision of international rail services;,KB 2/Europe/UK Network and Information Systems (NIS) Regulations 2018.pdf
sch2p6(2)(a)(ii),ii,3,sub-sub-paragraph,"Schedule 2, paragraph 6(2)(a)(ii)",sch2p6(2)(a),"railway assets for metro, tram and other light rail, including underground, systems;",KB 2/Europe/UK Network and Information Systems (NIS) Regulations 2018.pdf
sch2p6(2)(a)(iii),iii,3,sub-sub-paragraph,"Schedule 2, paragraph 6(2)(a)(iii)",sch2p6(2)(a),"heritage, museum or tourist railways, whether or not they are operating solely on their own network; and",KB 2/Europe/UK Network and Information Systems (NIS) Regulations 2018.pdf
sch2p6(2)(a)(iv),iv,3,sub-sub-paragraph,"Schedule 2, paragraph 6(2)(a)(iv)",sch2p6(2)(a),networks which are privately owned and exist solely for use by the infrastructure owner for its own freight operations or other passenger or freight services for third parties and operators of passenger or freight services on those networks (including high speed rail services);,KB 2/Europe/UK Network and Information Systems (NIS) Regulations 2018.pdf
sch2p6(2)(b),b,2,sub-paragraph,"Schedule 2, paragraph 6(2)(b)",sch2p6(2),"in Northern Ireland, any railway undertaking in Northern Ireland.",KB 2/Europe/UK Network and Information Systems (NIS) Regulations 2018.pdf
sch2p6(3),3,1,paragraph,"Schedule 2, paragraph 6(3)",sch2p6,For the essential service of high speed rail services the threshold requirement in the United Kingdom is an operator of a railway asset for high speed rail services.,KB 2/Europe/UK Network and Information Systems (NIS) Regulations 2018.pdf
sch2p6(4),4,1,paragraph,"Schedule 2, paragraph 6(4)",sch2p6,"For the essential service of metros, trams and other light rail services (including underground services), the threshold requirement in the United Kingdom is an operator with more than 50 million annual passenger journeys.",KB 2/Europe/UK Network and Information Systems (NIS) Regulations 2018.pdf
sch2p6(5),5,1,paragraph,"Schedule 2, paragraph 6(5)",sch2p6,For the essential service of international rail services the threshold requirement in the United Kingdom is an operator of a Channel Tunnel train or the infrastructure manager of the Channel Fixed Link.,KB 2/Europe/UK Network and Information Systems (NIS) Regulations 2018.pdf
sch2p6(6),6,1,paragraph,"Schedule 2, paragraph 6(6)",sch2p6,In this paragraph—,KB 2/Europe/UK Network and Information Systems (NIS) Regulations 2018.pdf
sch2p6(6)(a),a,2,sub-paragraph,"Schedule 2, paragraph 6(6)(a)",sch2p6(6),“operator” and “railway asset” have the same meaning as in section 6 of the Railways Act 1993(a);,KB 2/Europe/UK Network and Information Systems (NIS) Regulations 2018.pdf
sch2p6(6)(b),b,2,sub-paragraph,"Schedule 2, paragraph 6(6)(b)",sch2p6(6),"“international rail service” means a rail service where all carriages on the train cross a border of the United Kingdom and that of a Member State, and where the principal purpose of the service is to carry passengers or goods between stations located in the United Kingdom and a station in at least one Member State;",KB 2/Europe/UK Network and Information Systems (NIS) Regulations 2018.pdf
sch2p6(6)(c),c,2,sub-paragraph,"Schedule 2, paragraph 6(6)(c)",sch2p6(6),“mainline railway” has the same meaning as in the Railways and Other Guided Transport Systems (Safety) Regulations 2006(b);,KB 2/Europe/UK Network and Information Systems (NIS) Regulations 2018.pdf
sch2p6(6)(d),d,2,sub-paragraph,"Schedule 2, paragraph 6(6)(d)",sch2p6(6),“railway undertaking” has the same meaning as in section 55 of the Transport Act (Northern Ireland) 1967(c) but excludes heritage railways operating solely on their own network; and,KB 2/Europe/UK Network and Information Systems (NIS) Regulations 2018.pdf
sch2p6(6)(e),e,2,sub-paragraph,"Schedule 2, paragraph 6(6)(e)",sch2p6(6),“Channel Tunnel train” has the same meaning as in article 2(1) of the Channel Tunnel (Security) Order 1994(d) and “Channel Fixed Link” has the same meaning as in section 1 of the Channel Tunnel Act 1987(e).,KB 2/Europe/UK Network and Information Systems (NIS) Regulations 2018.pdf
sch2p7(1),1,1,paragraph,"Schedule 2, paragraph 7(1)",sch2p7,"For the essential service of road transport services, the threshold requirement in the United Kingdom is a road authority responsible for roads in the United Kingdom that have vehicles travelling more than 50 billion miles in total on them.",KB 2/Europe/UK Network and Information Systems (NIS) Regulations 2018.pdf
sch2p7(2),2,1,paragraph,"Schedule 2, paragraph 7(2)",sch2p7,"For the essential service of road services provided by Intelligent Transport Systems, the threshold requirement in the United Kingdom is a road authority that provides Intelligent Transport Systems services which covers roads in the United Kingdom that have vehicles travelling more than 50 billion miles in total on them, per year.",KB 2/Europe/UK Network and Information Systems (NIS) Regulations 2018.pdf
sch2p7(3),3,1,paragraph,"Schedule 2, paragraph 7(3)",sch2p7,(a) “road authority” has the same meaning in Article 2(12) of Commission Delegated Regulation (EU) 2015/962 supplementing Directive 2010/40/EU of the European Parliament and the Council with regard to the provision of EU-wide real-time traffic information services(a); and,KB 2/Europe/UK Network and Information Systems (NIS) Regulations 2018.pdf
sch2p7(3)(b),b,2,sub-paragraph,"Schedule 2, paragraph 7(3)(b)",sch2p7(3),“Intelligent Transport Systems” has the same meaning as in Article 4(1) of Directive 2010/40/EU of the European Parliament and of the Council on the framework for the deployment of Intelligent Transport Systems in the field of road transport and for interfaces with other modes of transport(b).,KB 2/Europe/UK Network and Information Systems (NIS) Regulations 2018.pdf
sch2p8(1),1,1,paragraph,"Schedule 2, paragraph 8(1)",sch2p8,This paragraph describes the threshold requirements which apply to specified kinds of essential services in the healthcare settings sector.,KB 2/Europe/UK Network and Information Systems (NIS) Regulations 2018.pdf
sch2p8(2),2,1,paragraph,"Schedule 2, paragraph 8(2)",sch2p8,For the essential service of healthcare services the threshold requirements are—,KB 2/Europe/UK Network and Information Systems (NIS) Regulations 2018.pdf
sch2p8(2)(a),a,2,sub-paragraph,"Schedule 2, paragraph 8(2)(a)",sch2p8(2),"in England, an NHS Trust as defined in section 25 of the National Health Service Act 2006(c) or a Foundation trust as defined in section 30 of the National Health Service Act 2006(d);",KB 2/Europe/UK Network and Information Systems (NIS) Regulations 2018.pdf
sch2p8(2)(b),b,2,sub-paragraph,"Schedule 2, paragraph 8(2)(b)",sch2p8(2),"in Wales, a Local Health Board or NHS Trust as defined in the National Health Service (Wales) Act 2006(e);",KB 2/Europe/UK Network and Information Systems (NIS) Regulations 2018.pdf
sch2p8(2)(c),c,2,sub-paragraph,"Schedule 2, paragraph 8(2)(c)",sch2p8(2),in Scotland—,KB 2/Europe/UK Network and Information Systems (NIS) Regulations 2018.pdf
sch2p8(2)(c)(i),i,3,sub-sub-paragraph,"Schedule 2, paragraph 8(2)(c)(i)",sch2p8(2)(c),the Common Services Agency for the Scottish Health Service established under section 10 of the National Health Service (Scotland) Act 1978(f);,KB 2/Europe/UK Network and Information Systems (NIS) Regulations 2018.pdf
sch2p8(2)(c)(ii),ii,3,sub-sub-paragraph,"Schedule 2, paragraph 8(2)(c)(ii)",sch2p8(2)(c),"a Health Board, constituted under section 2 of the National Health Service (Scotland) Act 1978(g);",KB 2/Europe/UK Network and Information Systems (NIS) Regulations 2018.pdf
sch2p8(2)(c)(iii),iii,3,sub-sub-paragraph,"Schedule 2, paragraph 8(2)(c)(iii)",sch2p8(2)(c),the National Waiting Times Centre Board established by article 3 of the National Waiting Times Centre Board (Scotland) Order 2002(h);,KB 2/Europe/UK Network and Information Systems (NIS) Regulations 2018.pdf
sch2p8(2)(c)(iv),iv,3,sub-sub-paragraph,"Schedule 2, paragraph 8(2)(c)(iv)",sch2p8(2)(c),NHS 24 established by article 3 of the NHS 24 (Scotland) Order 2001(i);,KB 2/Europe/UK Network and Information Systems (NIS) Regulations 2018.pdf
sch2p8(2)(c)(v),v,3,sub-sub-paragraph,"Schedule 2, paragraph 8(2)(c)(v)",sch2p8(2)(c),the Scottish Ambulance Service Board established by article 3 of the Scottish Ambulance Service Board Order 1999(j); and,KB 2/Europe/UK Network and Information Systems (NIS) Regulations 2018.pdf
sch2p8(2)(c)(vi),vi,3,sub-sub-paragraph,"Schedule 2, paragraph 8(2)(c)(vi)",sch2p8(2)(c),the State Hospitals Board for Scotland established by the State Hospitals Board for Scotland Order 1995(k);,KB 2/Europe/UK Network and Information Systems (NIS) Regulations 2018.pdf
sch2p8(2)(d),d,2,sub-paragraph,"Schedule 2, paragraph 8(2)(d)",sch2p8(2),"in Northern Ireland, the Health and Social Care Trusts within the meaning of “HSC Trust” in section 31 of the Health and Social Care (Reform) Act (Northern Ireland) 2009(l).",KB 2/Europe/UK Network and Information Systems (NIS) Regulations 2018.pdf
sch2p9,,1,paragraph,"Schedule 2, paragraph 9",sch2p9,"The threshold requirement which applies to the essential service of the supply of potable water in the United Kingdom is the supply of water to 200,000 or more people.",KB 2/Europe/UK Network and Information Systems (NIS) Regulations 2018.pdf
sch2p10(1),1,1,paragraph,"Schedule 2, paragraph 10(1)",sch2p10,This paragraph describes the threshold requirements which apply to specified kinds of essential services in the digital infrastructure subsector.,KB 2/Europe/UK Network and Information Systems (NIS) Regulations 2018.pdf
sch2p10(2),2,1,paragraph,"Schedule 2, paragraph 10(2)",sch2p10,For the essential service of Top Level Domain (”TLD”) Name Registries the threshold requirement in the United Kingdom is TLD Registries who service an average of 2 billion or more queries in 24 hours for domains registered within the Internet Corporation for Assigned Names and Numbers.,KB 2/Europe/UK Network and Information Systems (NIS) Regulations 2018.pdf
sch2p10(3),3,1,paragraph,"Schedule 2, paragraph 10(3)",sch2p10,For the essential service of Domain Name System (“DNS”) Service providers the threshold requirement in the United Kingdom is—,KB 2/Europe/UK Network and Information Systems (NIS) Regulations 2018.pdf
sch2p10(3)(a),a,2,sub-paragraph,"Schedule 2, paragraph 10(3)(a)",sch2p10(3),"DNS service providers with an establishment in the United Kingdom who provide DNS resolvers offered for use by publically accessible services, which service an average of 2,000,000 or more requesting DNS clients based in the United Kingdom in 24 hours; or",KB 2/Europe/UK Network and Information Systems (NIS) Regulations 2018.pdf
sch2p10(3)(b),b,2,sub-paragraph,"Schedule 2, paragraph 10(3)(b)",sch2p10(3),"DNS service providers with an establishment in the United Kingdom who provide authoritative hosting of domain names, offered for use by publically accessible services, servicing 250,000 or more different active domain names.",KB 2/Europe/UK Network and Information Systems (NIS) Regulations 2018.pdf
sch2p10(4),4,1,paragraph,"Schedule 2, paragraph 10(4)",sch2p10,"For the essential service of Internet Exchange Point (IXP) Operators the threshold requirement in the United Kingdom is IXP Operators who have 50% or more annual market share amongst IXP Operators in the United Kingdom, in terms of interconnected autonomous systems, or who offer interconnectivity to 50% or more of Global Internet routes.",KB 2/Europe/UK Network and Information Systems (NIS) Regulations 2018.pdf
sch2p10(5),5,1,paragraph,"Schedule 2, paragraph 10(5)",sch2p10,In this paragraph—,KB 2/Europe/UK Network and Information Systems (NIS) Regulations 2018.pdf
sch2p10(5)(a),a,2,sub-paragraph,"Schedule 2, paragraph 10(5)(a)",sch2p10(5),“DNS” is a reference to “domain name system” which means a hierarchical distributed naming system in a network which refers queries for domain names;,KB 2/Europe/UK Network and Information Systems (NIS) Regulations 2018.pdf
sch2p10(5)(b),b,2,sub-paragraph,"Schedule 2, paragraph 10(5)(b)",sch2p10(5),“DNS service provider” is a reference to “domain name system service provider” which means an entity which provides DNS services on the internet;,KB 2/Europe/UK Network and Information Systems (NIS) Regulations 2018.pdf
sch2p10(5)(c),c,2,sub-paragraph,"Schedule 2, paragraph 10(5)(c)",sch2p10(5),“IXP” is a reference to “internet exchange point” which means a network facility which—,KB 2/Europe/UK Network and Information Systems (NIS) Regulations 2018.pdf
sch2p10(5)(c)(i),i,3,sub-sub-paragraph,"Schedule 2, paragraph 10(5)(c)(i)",sch2p10(5)(c),"enables the interconnection of more than two independent autonomous systems, primarily for the purpose of facilitating the exchange of internet traffic;",KB 2/Europe/UK Network and Information Systems (NIS) Regulations 2018.pdf
sch2p10(5)(c)(ii),ii,3,sub-sub-paragraph,"Schedule 2, paragraph 10(5)(c)(ii)",sch2p10(5)(c),provides interconnection only for autonomous systems; and,KB 2/Europe/UK Network and Information Systems (NIS) Regulations 2018.pdf
sch2p10(5)(c)(iii),iii,3,sub-sub-paragraph,"Schedule 2, paragraph 10(5)(c)(iii)",sch2p10(5)(c),does not require the internet traffic passing between any pair of participating autonomous systems to pass through any third autonomous system nor does it alter or otherwise interfere with such traffic; and,KB 2/Europe/UK Network and Information Systems (NIS) Regulations 2018.pdf
sch2p10(5)(d),d,2,sub-paragraph,"Schedule 2, paragraph 10(5)(d)",sch2p10(5),“TLD Name Registry” is a reference to “top-level domain name registry” which means an entity which administers and operates the registration of internet domain names under a specific top-level domain.,KB 2/Europe/UK Network and Information Systems (NIS) Regulations 2018.pdf
