source_id,target_id,rel_type,size,catalogs,source_document
AAT-01,sol_enterprise_de4c39e143,HAS_POSSIBLE_SOLUTION,Enterprise,control,DTOP-OLD/client/src/assets/docs/knowledgeRepository/graph/DtopCatalogs/control-catalog.json
AAT-01,sol_large_business_880b63143d,HAS_POSSIBLE_SOLUTION,Large Business,control,DTOP-OLD/client/src/assets/docs/knowledgeRepository/graph/DtopCatalogs/control-catalog.json
AAT-01,sol_medium_business_22bcca87c3,HAS_POSSIBLE_SOLUTION,Medium Business,control,DTOP-OLD/client/src/assets/docs/knowledgeRepository/graph/DtopCatalogs/control-catalog.json
AAT-01.1,sol_enterprise_de4c39e143,HAS_POSSIBLE_SOLUTION,Enterprise,control,DTOP-OLD/client/src/assets/docs/knowledgeRepository/graph/DtopCatalogs/control-catalog.json
AAT-01.1,sol_large_business_880b63143d,HAS_POSSIBLE_SOLUTION,Large Business,control,DTOP-OLD/client/src/assets/docs/knowledgeRepository/graph/DtopCatalogs/control-catalog.json
AAT-01.1,sol_medium_business_22bcca87c3,HAS_POSSIBLE_SOLUTION,Medium Business,control,DTOP-OLD/client/src/assets/docs/knowledgeRepository/graph/DtopCatalogs/control-catalog.json
AAT-01.2,sol_enterprise_de4c39e143,HAS_POSSIBLE_SOLUTION,Enterprise,control,DTOP-OLD/client/src/assets/docs/knowledgeRepository/graph/DtopCatalogs/control-catalog.json
AAT-01.2,sol_large_business_880b63143d,HAS_POSSIBLE_SOLUTION,Large Business,control,DTOP-OLD/client/src/assets/docs/knowledgeRepository/graph/DtopCatalogs/control-catalog.json
AAT-01.2,sol_medium_business_22bcca87c3,HAS_POSSIBLE_SOLUTION,Medium Business,control,DTOP-OLD/client/src/assets/docs/knowledgeRepository/graph/DtopCatalogs/control-catalog.json
AAT-01.3,sol_enterprise_de4c39e143,HAS_POSSIBLE_SOLUTION,Enterprise,control,DTOP-OLD/client/src/assets/docs/knowledgeRepository/graph/DtopCatalogs/control-catalog.json
AAT-01.3,sol_large_business_880b63143d,HAS_POSSIBLE_SOLUTION,Large Business,control,DTOP-OLD/client/src/assets/docs/knowledgeRepository/graph/DtopCatalogs/control-catalog.json
AAT-01.3,sol_medium_business_22bcca87c3,HAS_POSSIBLE_SOLUTION,Medium Business,control,DTOP-OLD/client/src/assets/docs/knowledgeRepository/graph/DtopCatalogs/control-catalog.json
AAT-02,sol_enterprise_de4c39e143,HAS_POSSIBLE_SOLUTION,Enterprise,control,DTOP-OLD/client/src/assets/docs/knowledgeRepository/graph/DtopCatalogs/control-catalog.json
AAT-02,sol_large_business_880b63143d,HAS_POSSIBLE_SOLUTION,Large Business,control,DTOP-OLD/client/src/assets/docs/knowledgeRepository/graph/DtopCatalogs/control-catalog.json
AAT-02,sol_medium_business_22bcca87c3,HAS_POSSIBLE_SOLUTION,Medium Business,control,DTOP-OLD/client/src/assets/docs/knowledgeRepository/graph/DtopCatalogs/control-catalog.json
AAT-02.1,sol_enterprise_de4c39e143,HAS_POSSIBLE_SOLUTION,Enterprise,control,DTOP-OLD/client/src/assets/docs/knowledgeRepository/graph/DtopCatalogs/control-catalog.json
AAT-02.1,sol_large_business_880b63143d,HAS_POSSIBLE_SOLUTION,Large Business,control,DTOP-OLD/client/src/assets/docs/knowledgeRepository/graph/DtopCatalogs/control-catalog.json
AAT-02.1,sol_medium_business_22bcca87c3,HAS_POSSIBLE_SOLUTION,Medium Business,control,DTOP-OLD/client/src/assets/docs/knowledgeRepository/graph/DtopCatalogs/control-catalog.json
AAT-02.2,sol_enterprise_de4c39e143,HAS_POSSIBLE_SOLUTION,Enterprise,control,DTOP-OLD/client/src/assets/docs/knowledgeRepository/graph/DtopCatalogs/control-catalog.json
AAT-02.2,sol_large_business_880b63143d,HAS_POSSIBLE_SOLUTION,Large Business,control,DTOP-OLD/client/src/assets/docs/knowledgeRepository/graph/DtopCatalogs/control-catalog.json
AAT-02.2,sol_medium_business_22bcca87c3,HAS_POSSIBLE_SOLUTION,Medium Business,control,DTOP-OLD/client/src/assets/docs/knowledgeRepository/graph/DtopCatalogs/control-catalog.json
AAT-03,sol_enterprise_de4c39e143,HAS_POSSIBLE_SOLUTION,Enterprise,control,DTOP-OLD/client/src/assets/docs/knowledgeRepository/graph/DtopCatalogs/control-catalog.json
AAT-03,sol_large_business_880b63143d,HAS_POSSIBLE_SOLUTION,Large Business,control,DTOP-OLD/client/src/assets/docs/knowledgeRepository/graph/DtopCatalogs/control-catalog.json
AAT-03,sol_medium_business_22bcca87c3,HAS_POSSIBLE_SOLUTION,Medium Business,control,DTOP-OLD/client/src/assets/docs/knowledgeRepository/graph/DtopCatalogs/control-catalog.json
AAT-03.1,sol_enterprise_de4c39e143,HAS_POSSIBLE_SOLUTION,Enterprise,control,DTOP-OLD/client/src/assets/docs/knowledgeRepository/graph/DtopCatalogs/control-catalog.json
AAT-03.1,sol_large_business_880b63143d,HAS_POSSIBLE_SOLUTION,Large Business,control,DTOP-OLD/client/src/assets/docs/knowledgeRepository/graph/DtopCatalogs/control-catalog.json
AAT-03.1,sol_medium_business_22bcca87c3,HAS_POSSIBLE_SOLUTION,Medium Business,control,DTOP-OLD/client/src/assets/docs/knowledgeRepository/graph/DtopCatalogs/control-catalog.json
AAT-04,sol_enterprise_de4c39e143,HAS_POSSIBLE_SOLUTION,Enterprise,control,DTOP-OLD/client/src/assets/docs/knowledgeRepository/graph/DtopCatalogs/control-catalog.json
AAT-04,sol_large_business_880b63143d,HAS_POSSIBLE_SOLUTION,Large Business,control,DTOP-OLD/client/src/assets/docs/knowledgeRepository/graph/DtopCatalogs/control-catalog.json
AAT-04,sol_medium_business_22bcca87c3,HAS_POSSIBLE_SOLUTION,Medium Business,control,DTOP-OLD/client/src/assets/docs/knowledgeRepository/graph/DtopCatalogs/control-catalog.json
AAT-04.1,sol_enterprise_de4c39e143,HAS_POSSIBLE_SOLUTION,Enterprise,control,DTOP-OLD/client/src/assets/docs/knowledgeRepository/graph/DtopCatalogs/control-catalog.json
AAT-04.1,sol_large_business_880b63143d,HAS_POSSIBLE_SOLUTION,Large Business,control,DTOP-OLD/client/src/assets/docs/knowledgeRepository/graph/DtopCatalogs/control-catalog.json
AAT-04.1,sol_medium_business_22bcca87c3,HAS_POSSIBLE_SOLUTION,Medium Business,control,DTOP-OLD/client/src/assets/docs/knowledgeRepository/graph/DtopCatalogs/control-catalog.json
AAT-04.2,sol_enterprise_de4c39e143,HAS_POSSIBLE_SOLUTION,Enterprise,control,DTOP-OLD/client/src/assets/docs/knowledgeRepository/graph/DtopCatalogs/control-catalog.json
AAT-04.2,sol_large_business_880b63143d,HAS_POSSIBLE_SOLUTION,Large Business,control,DTOP-OLD/client/src/assets/docs/knowledgeRepository/graph/DtopCatalogs/control-catalog.json
AAT-04.2,sol_medium_business_22bcca87c3,HAS_POSSIBLE_SOLUTION,Medium Business,control,DTOP-OLD/client/src/assets/docs/knowledgeRepository/graph/DtopCatalogs/control-catalog.json
AAT-04.3,sol_enterprise_de4c39e143,HAS_POSSIBLE_SOLUTION,Enterprise,control,DTOP-OLD/client/src/assets/docs/knowledgeRepository/graph/DtopCatalogs/control-catalog.json
AAT-04.3,sol_large_business_880b63143d,HAS_POSSIBLE_SOLUTION,Large Business,control,DTOP-OLD/client/src/assets/docs/knowledgeRepository/graph/DtopCatalogs/control-catalog.json
AAT-04.3,sol_medium_business_22bcca87c3,HAS_POSSIBLE_SOLUTION,Medium Business,control,DTOP-OLD/client/src/assets/docs/knowledgeRepository/graph/DtopCatalogs/control-catalog.json
AAT-04.4,sol_enterprise_de4c39e143,HAS_POSSIBLE_SOLUTION,Enterprise,control,DTOP-OLD/client/src/assets/docs/knowledgeRepository/graph/DtopCatalogs/control-catalog.json
AAT-04.4,sol_large_business_880b63143d,HAS_POSSIBLE_SOLUTION,Large Business,control,DTOP-OLD/client/src/assets/docs/knowledgeRepository/graph/DtopCatalogs/control-catalog.json
AAT-04.4,sol_medium_business_22bcca87c3,HAS_POSSIBLE_SOLUTION,Medium Business,control,DTOP-OLD/client/src/assets/docs/knowledgeRepository/graph/DtopCatalogs/control-catalog.json
AAT-05,sol_enterprise_de4c39e143,HAS_POSSIBLE_SOLUTION,Enterprise,control,DTOP-OLD/client/src/assets/docs/knowledgeRepository/graph/DtopCatalogs/control-catalog.json
AAT-05,sol_large_business_880b63143d,HAS_POSSIBLE_SOLUTION,Large Business,control,DTOP-OLD/client/src/assets/docs/knowledgeRepository/graph/DtopCatalogs/control-catalog.json
AAT-05,sol_medium_business_22bcca87c3,HAS_POSSIBLE_SOLUTION,Medium Business,control,DTOP-OLD/client/src/assets/docs/knowledgeRepository/graph/DtopCatalogs/control-catalog.json
AAT-06,sol_enterprise_de4c39e143,HAS_POSSIBLE_SOLUTION,Enterprise,control,DTOP-OLD/client/src/assets/docs/knowledgeRepository/graph/DtopCatalogs/control-catalog.json
AAT-06,sol_large_business_880b63143d,HAS_POSSIBLE_SOLUTION,Large Business,control,DTOP-OLD/client/src/assets/docs/knowledgeRepository/graph/DtopCatalogs/control-catalog.json
AAT-06,sol_medium_business_22bcca87c3,HAS_POSSIBLE_SOLUTION,Medium Business,control,DTOP-OLD/client/src/assets/docs/knowledgeRepository/graph/DtopCatalogs/control-catalog.json
AAT-07,sol_enterprise_de4c39e143,HAS_POSSIBLE_SOLUTION,Enterprise,control,DTOP-OLD/client/src/assets/docs/knowledgeRepository/graph/DtopCatalogs/control-catalog.json
AAT-07,sol_large_business_880b63143d,HAS_POSSIBLE_SOLUTION,Large Business,control,DTOP-OLD/client/src/assets/docs/knowledgeRepository/graph/DtopCatalogs/control-catalog.json
AAT-07,sol_medium_business_22bcca87c3,HAS_POSSIBLE_SOLUTION,Medium Business,control,DTOP-OLD/client/src/assets/docs/knowledgeRepository/graph/DtopCatalogs/control-catalog.json
AAT-07.1,sol_enterprise_de4c39e143,HAS_POSSIBLE_SOLUTION,Enterprise,control,DTOP-OLD/client/src/assets/docs/knowledgeRepository/graph/DtopCatalogs/control-catalog.json
AAT-07.1,sol_large_business_880b63143d,HAS_POSSIBLE_SOLUTION,Large Business,control,DTOP-OLD/client/src/assets/docs/knowledgeRepository/graph/DtopCatalogs/control-catalog.json
AAT-07.1,sol_medium_business_22bcca87c3,HAS_POSSIBLE_SOLUTION,Medium Business,control,DTOP-OLD/client/src/assets/docs/knowledgeRepository/graph/DtopCatalogs/control-catalog.json
AAT-07.2,sol_enterprise_de4c39e143,HAS_POSSIBLE_SOLUTION,Enterprise,control,DTOP-OLD/client/src/assets/docs/knowledgeRepository/graph/DtopCatalogs/control-catalog.json
AAT-07.2,sol_large_business_880b63143d,HAS_POSSIBLE_SOLUTION,Large Business,control,DTOP-OLD/client/src/assets/docs/knowledgeRepository/graph/DtopCatalogs/control-catalog.json
AAT-07.2,sol_medium_business_22bcca87c3,HAS_POSSIBLE_SOLUTION,Medium Business,control,DTOP-OLD/client/src/assets/docs/knowledgeRepository/graph/DtopCatalogs/control-catalog.json
AAT-07.3,sol_enterprise_de4c39e143,HAS_POSSIBLE_SOLUTION,Enterprise,control,DTOP-OLD/client/src/assets/docs/knowledgeRepository/graph/DtopCatalogs/control-catalog.json
AAT-07.3,sol_large_business_880b63143d,HAS_POSSIBLE_SOLUTION,Large Business,control,DTOP-OLD/client/src/assets/docs/knowledgeRepository/graph/DtopCatalogs/control-catalog.json
AAT-07.3,sol_medium_business_22bcca87c3,HAS_POSSIBLE_SOLUTION,Medium Business,control,DTOP-OLD/client/src/assets/docs/knowledgeRepository/graph/DtopCatalogs/control-catalog.json
AAT-08,sol_enterprise_de4c39e143,HAS_POSSIBLE_SOLUTION,Enterprise,control,DTOP-OLD/client/src/assets/docs/knowledgeRepository/graph/DtopCatalogs/control-catalog.json
AAT-08,sol_large_business_880b63143d,HAS_POSSIBLE_SOLUTION,Large Business,control,DTOP-OLD/client/src/assets/docs/knowledgeRepository/graph/DtopCatalogs/control-catalog.json
AAT-08,sol_medium_business_22bcca87c3,HAS_POSSIBLE_SOLUTION,Medium Business,control,DTOP-OLD/client/src/assets/docs/knowledgeRepository/graph/DtopCatalogs/control-catalog.json
AAT-09,sol_enterprise_de4c39e143,HAS_POSSIBLE_SOLUTION,Enterprise,control,DTOP-OLD/client/src/assets/docs/knowledgeRepository/graph/DtopCatalogs/control-catalog.json
AAT-09,sol_large_business_880b63143d,HAS_POSSIBLE_SOLUTION,Large Business,control,DTOP-OLD/client/src/assets/docs/knowledgeRepository/graph/DtopCatalogs/control-catalog.json
AAT-09,sol_medium_business_22bcca87c3,HAS_POSSIBLE_SOLUTION,Medium Business,control,DTOP-OLD/client/src/assets/docs/knowledgeRepository/graph/DtopCatalogs/control-catalog.json
AAT-10,sol_enterprise_9a93c4cd8a,HAS_POSSIBLE_SOLUTION,Enterprise,control,DTOP-OLD/client/src/assets/docs/knowledgeRepository/graph/DtopCatalogs/control-catalog.json
AAT-10,sol_large_business_a7e6f05214,HAS_POSSIBLE_SOLUTION,Large Business,control,DTOP-OLD/client/src/assets/docs/knowledgeRepository/graph/DtopCatalogs/control-catalog.json
AAT-10,sol_medium_business_ad96b9d4e2,HAS_POSSIBLE_SOLUTION,Medium Business,control,DTOP-OLD/client/src/assets/docs/knowledgeRepository/graph/DtopCatalogs/control-catalog.json
AAT-10.1,sol_enterprise_0ff755055a,HAS_POSSIBLE_SOLUTION,Enterprise,control,DTOP-OLD/client/src/assets/docs/knowledgeRepository/graph/DtopCatalogs/control-catalog.json
AAT-10.1,sol_large_business_6191bcc854,HAS_POSSIBLE_SOLUTION,Large Business,control,DTOP-OLD/client/src/assets/docs/knowledgeRepository/graph/DtopCatalogs/control-catalog.json
AAT-10.1,sol_medium_business_a837f7c619,HAS_POSSIBLE_SOLUTION,Medium Business,control,DTOP-OLD/client/src/assets/docs/knowledgeRepository/graph/DtopCatalogs/control-catalog.json
AAT-10.10,sol_enterprise_9a93c4cd8a,HAS_POSSIBLE_SOLUTION,Enterprise,control,DTOP-OLD/client/src/assets/docs/knowledgeRepository/graph/DtopCatalogs/control-catalog.json
AAT-10.10,sol_large_business_a7e6f05214,HAS_POSSIBLE_SOLUTION,Large Business,control,DTOP-OLD/client/src/assets/docs/knowledgeRepository/graph/DtopCatalogs/control-catalog.json
AAT-10.10,sol_medium_business_ad96b9d4e2,HAS_POSSIBLE_SOLUTION,Medium Business,control,DTOP-OLD/client/src/assets/docs/knowledgeRepository/graph/DtopCatalogs/control-catalog.json
AAT-10.11,sol_enterprise_9a93c4cd8a,HAS_POSSIBLE_SOLUTION,Enterprise,control,DTOP-OLD/client/src/assets/docs/knowledgeRepository/graph/DtopCatalogs/control-catalog.json
AAT-10.11,sol_large_business_a7e6f05214,HAS_POSSIBLE_SOLUTION,Large Business,control,DTOP-OLD/client/src/assets/docs/knowledgeRepository/graph/DtopCatalogs/control-catalog.json
AAT-10.11,sol_medium_business_ad96b9d4e2,HAS_POSSIBLE_SOLUTION,Medium Business,control,DTOP-OLD/client/src/assets/docs/knowledgeRepository/graph/DtopCatalogs/control-catalog.json
AAT-10.12,sol_enterprise_9a93c4cd8a,HAS_POSSIBLE_SOLUTION,Enterprise,control,DTOP-OLD/client/src/assets/docs/knowledgeRepository/graph/DtopCatalogs/control-catalog.json
AAT-10.12,sol_large_business_a7e6f05214,HAS_POSSIBLE_SOLUTION,Large Business,control,DTOP-OLD/client/src/assets/docs/knowledgeRepository/graph/DtopCatalogs/control-catalog.json
AAT-10.12,sol_medium_business_ad96b9d4e2,HAS_POSSIBLE_SOLUTION,Medium Business,control,DTOP-OLD/client/src/assets/docs/knowledgeRepository/graph/DtopCatalogs/control-catalog.json
AAT-10.13,sol_enterprise_9cda0fa94e,HAS_POSSIBLE_SOLUTION,Enterprise,control,DTOP-OLD/client/src/assets/docs/knowledgeRepository/graph/DtopCatalogs/control-catalog.json
AAT-10.13,sol_large_business_3633374447,HAS_POSSIBLE_SOLUTION,Large Business,control,DTOP-OLD/client/src/assets/docs/knowledgeRepository/graph/DtopCatalogs/control-catalog.json
AAT-10.13,sol_medium_business_041c3937ab,HAS_POSSIBLE_SOLUTION,Medium Business,control,DTOP-OLD/client/src/assets/docs/knowledgeRepository/graph/DtopCatalogs/control-catalog.json
AAT-10.14,sol_enterprise_e936404070,HAS_POSSIBLE_SOLUTION,Enterprise,control,DTOP-OLD/client/src/assets/docs/knowledgeRepository/graph/DtopCatalogs/control-catalog.json
AAT-10.14,sol_large_business_7f24e50fcb,HAS_POSSIBLE_SOLUTION,Large Business,control,DTOP-OLD/client/src/assets/docs/knowledgeRepository/graph/DtopCatalogs/control-catalog.json
AAT-10.14,sol_medium_business_d763d9c456,HAS_POSSIBLE_SOLUTION,Medium Business,control,DTOP-OLD/client/src/assets/docs/knowledgeRepository/graph/DtopCatalogs/control-catalog.json
AAT-10.2,sol_enterprise_9a93c4cd8a,HAS_POSSIBLE_SOLUTION,Enterprise,control,DTOP-OLD/client/src/assets/docs/knowledgeRepository/graph/DtopCatalogs/control-catalog.json
AAT-10.2,sol_large_business_a7e6f05214,HAS_POSSIBLE_SOLUTION,Large Business,control,DTOP-OLD/client/src/assets/docs/knowledgeRepository/graph/DtopCatalogs/control-catalog.json
AAT-10.2,sol_medium_business_ad96b9d4e2,HAS_POSSIBLE_SOLUTION,Medium Business,control,DTOP-OLD/client/src/assets/docs/knowledgeRepository/graph/DtopCatalogs/control-catalog.json
AAT-10.3,sol_enterprise_9a93c4cd8a,HAS_POSSIBLE_SOLUTION,Enterprise,control,DTOP-OLD/client/src/assets/docs/knowledgeRepository/graph/DtopCatalogs/control-catalog.json
AAT-10.3,sol_large_business_a7e6f05214,HAS_POSSIBLE_SOLUTION,Large Business,control,DTOP-OLD/client/src/assets/docs/knowledgeRepository/graph/DtopCatalogs/control-catalog.json
AAT-10.3,sol_medium_business_ad96b9d4e2,HAS_POSSIBLE_SOLUTION,Medium Business,control,DTOP-OLD/client/src/assets/docs/knowledgeRepository/graph/DtopCatalogs/control-catalog.json
AAT-10.4,sol_enterprise_9a93c4cd8a,HAS_POSSIBLE_SOLUTION,Enterprise,control,DTOP-OLD/client/src/assets/docs/knowledgeRepository/graph/DtopCatalogs/control-catalog.json
AAT-10.4,sol_large_business_a7e6f05214,HAS_POSSIBLE_SOLUTION,Large Business,control,DTOP-OLD/client/src/assets/docs/knowledgeRepository/graph/DtopCatalogs/control-catalog.json
AAT-10.4,sol_medium_business_ad96b9d4e2,HAS_POSSIBLE_SOLUTION,Medium Business,control,DTOP-OLD/client/src/assets/docs/knowledgeRepository/graph/DtopCatalogs/control-catalog.json
AAT-10.5,sol_enterprise_9a93c4cd8a,HAS_POSSIBLE_SOLUTION,Enterprise,control,DTOP-OLD/client/src/assets/docs/knowledgeRepository/graph/DtopCatalogs/control-catalog.json
AAT-10.5,sol_large_business_a7e6f05214,HAS_POSSIBLE_SOLUTION,Large Business,control,DTOP-OLD/client/src/assets/docs/knowledgeRepository/graph/DtopCatalogs/control-catalog.json
AAT-10.5,sol_medium_business_ad96b9d4e2,HAS_POSSIBLE_SOLUTION,Medium Business,control,DTOP-OLD/client/src/assets/docs/knowledgeRepository/graph/DtopCatalogs/control-catalog.json
AAT-10.6,sol_enterprise_9a93c4cd8a,HAS_POSSIBLE_SOLUTION,Enterprise,control,DTOP-OLD/client/src/assets/docs/knowledgeRepository/graph/DtopCatalogs/control-catalog.json
AAT-10.6,sol_large_business_a7e6f05214,HAS_POSSIBLE_SOLUTION,Large Business,control,DTOP-OLD/client/src/assets/docs/knowledgeRepository/graph/DtopCatalogs/control-catalog.json
AAT-10.6,sol_medium_business_ad96b9d4e2,HAS_POSSIBLE_SOLUTION,Medium Business,control,DTOP-OLD/client/src/assets/docs/knowledgeRepository/graph/DtopCatalogs/control-catalog.json
AAT-10.7,sol_enterprise_9a93c4cd8a,HAS_POSSIBLE_SOLUTION,Enterprise,control,DTOP-OLD/client/src/assets/docs/knowledgeRepository/graph/DtopCatalogs/control-catalog.json
AAT-10.7,sol_large_business_a7e6f05214,HAS_POSSIBLE_SOLUTION,Large Business,control,DTOP-OLD/client/src/assets/docs/knowledgeRepository/graph/DtopCatalogs/control-catalog.json
AAT-10.7,sol_medium_business_ad96b9d4e2,HAS_POSSIBLE_SOLUTION,Medium Business,control,DTOP-OLD/client/src/assets/docs/knowledgeRepository/graph/DtopCatalogs/control-catalog.json
AAT-10.8,sol_enterprise_9a93c4cd8a,HAS_POSSIBLE_SOLUTION,Enterprise,control,DTOP-OLD/client/src/assets/docs/knowledgeRepository/graph/DtopCatalogs/control-catalog.json
AAT-10.8,sol_large_business_a7e6f05214,HAS_POSSIBLE_SOLUTION,Large Business,control,DTOP-OLD/client/src/assets/docs/knowledgeRepository/graph/DtopCatalogs/control-catalog.json
AAT-10.8,sol_medium_business_ad96b9d4e2,HAS_POSSIBLE_SOLUTION,Medium Business,control,DTOP-OLD/client/src/assets/docs/knowledgeRepository/graph/DtopCatalogs/control-catalog.json
AAT-10.9,sol_enterprise_9a93c4cd8a,HAS_POSSIBLE_SOLUTION,Enterprise,control,DTOP-OLD/client/src/assets/docs/knowledgeRepository/graph/DtopCatalogs/control-catalog.json
AAT-10.9,sol_large_business_a7e6f05214,HAS_POSSIBLE_SOLUTION,Large Business,control,DTOP-OLD/client/src/assets/docs/knowledgeRepository/graph/DtopCatalogs/control-catalog.json
AAT-10.9,sol_medium_business_ad96b9d4e2,HAS_POSSIBLE_SOLUTION,Medium Business,control,DTOP-OLD/client/src/assets/docs/knowledgeRepository/graph/DtopCatalogs/control-catalog.json
AAT-11,sol_enterprise_61027f6dcf,HAS_POSSIBLE_SOLUTION,Enterprise,control,DTOP-OLD/client/src/assets/docs/knowledgeRepository/graph/DtopCatalogs/control-catalog.json
AAT-11,sol_large_business_fa22189bd9,HAS_POSSIBLE_SOLUTION,Large Business,control,DTOP-OLD/client/src/assets/docs/knowledgeRepository/graph/DtopCatalogs/control-catalog.json
AAT-11,sol_medium_business_f12bcf8868,HAS_POSSIBLE_SOLUTION,Medium Business,control,DTOP-OLD/client/src/assets/docs/knowledgeRepository/graph/DtopCatalogs/control-catalog.json
AAT-11.1,sol_enterprise_de4c39e143,HAS_POSSIBLE_SOLUTION,Enterprise,control,DTOP-OLD/client/src/assets/docs/knowledgeRepository/graph/DtopCatalogs/control-catalog.json
AAT-11.1,sol_large_business_880b63143d,HAS_POSSIBLE_SOLUTION,Large Business,control,DTOP-OLD/client/src/assets/docs/knowledgeRepository/graph/DtopCatalogs/control-catalog.json
AAT-11.1,sol_medium_business_22bcca87c3,HAS_POSSIBLE_SOLUTION,Medium Business,control,DTOP-OLD/client/src/assets/docs/knowledgeRepository/graph/DtopCatalogs/control-catalog.json
AAT-11.2,sol_enterprise_9a93c4cd8a,HAS_POSSIBLE_SOLUTION,Enterprise,control,DTOP-OLD/client/src/assets/docs/knowledgeRepository/graph/DtopCatalogs/control-catalog.json
AAT-11.2,sol_large_business_a7e6f05214,HAS_POSSIBLE_SOLUTION,Large Business,control,DTOP-OLD/client/src/assets/docs/knowledgeRepository/graph/DtopCatalogs/control-catalog.json
AAT-11.2,sol_medium_business_ad96b9d4e2,HAS_POSSIBLE_SOLUTION,Medium Business,control,DTOP-OLD/client/src/assets/docs/knowledgeRepository/graph/DtopCatalogs/control-catalog.json
AAT-11.3,sol_enterprise_6bb06c26df,HAS_POSSIBLE_SOLUTION,Enterprise,control,DTOP-OLD/client/src/assets/docs/knowledgeRepository/graph/DtopCatalogs/control-catalog.json
AAT-11.3,sol_large_business_9abdd41bef,HAS_POSSIBLE_SOLUTION,Large Business,control,DTOP-OLD/client/src/assets/docs/knowledgeRepository/graph/DtopCatalogs/control-catalog.json
AAT-11.3,sol_medium_business_aeb0d850ca,HAS_POSSIBLE_SOLUTION,Medium Business,control,DTOP-OLD/client/src/assets/docs/knowledgeRepository/graph/DtopCatalogs/control-catalog.json
AAT-11.4,sol_enterprise_cc2cc9d106,HAS_POSSIBLE_SOLUTION,Enterprise,control,DTOP-OLD/client/src/assets/docs/knowledgeRepository/graph/DtopCatalogs/control-catalog.json
AAT-11.4,sol_large_business_345cef825c,HAS_POSSIBLE_SOLUTION,Large Business,control,DTOP-OLD/client/src/assets/docs/knowledgeRepository/graph/DtopCatalogs/control-catalog.json
AAT-11.4,sol_medium_business_578fdadddc,HAS_POSSIBLE_SOLUTION,Medium Business,control,DTOP-OLD/client/src/assets/docs/knowledgeRepository/graph/DtopCatalogs/control-catalog.json
AAT-12,sol_enterprise_54db7786d0,HAS_POSSIBLE_SOLUTION,Enterprise,control,DTOP-OLD/client/src/assets/docs/knowledgeRepository/graph/DtopCatalogs/control-catalog.json
AAT-12,sol_large_business_309619aa03,HAS_POSSIBLE_SOLUTION,Large Business,control,DTOP-OLD/client/src/assets/docs/knowledgeRepository/graph/DtopCatalogs/control-catalog.json
AAT-12,sol_medium_business_adcfb8a43f,HAS_POSSIBLE_SOLUTION,Medium Business,control,DTOP-OLD/client/src/assets/docs/knowledgeRepository/graph/DtopCatalogs/control-catalog.json
AAT-12.1,sol_enterprise_c76e93dc42,HAS_POSSIBLE_SOLUTION,Enterprise,control,DTOP-OLD/client/src/assets/docs/knowledgeRepository/graph/DtopCatalogs/control-catalog.json
AAT-12.1,sol_large_business_060c838c28,HAS_POSSIBLE_SOLUTION,Large Business,control,DTOP-OLD/client/src/assets/docs/knowledgeRepository/graph/DtopCatalogs/control-catalog.json
AAT-12.1,sol_medium_business_22bcca87c3,HAS_POSSIBLE_SOLUTION,Medium Business,control,DTOP-OLD/client/src/assets/docs/knowledgeRepository/graph/DtopCatalogs/control-catalog.json
AAT-12.2,sol_enterprise_c76e93dc42,HAS_POSSIBLE_SOLUTION,Enterprise,control,DTOP-OLD/client/src/assets/docs/knowledgeRepository/graph/DtopCatalogs/control-catalog.json
AAT-12.2,sol_large_business_060c838c28,HAS_POSSIBLE_SOLUTION,Large Business,control,DTOP-OLD/client/src/assets/docs/knowledgeRepository/graph/DtopCatalogs/control-catalog.json
AAT-12.2,sol_medium_business_22bcca87c3,HAS_POSSIBLE_SOLUTION,Medium Business,control,DTOP-OLD/client/src/assets/docs/knowledgeRepository/graph/DtopCatalogs/control-catalog.json
AAT-13,sol_enterprise_de4c39e143,HAS_POSSIBLE_SOLUTION,Enterprise,control,DTOP-OLD/client/src/assets/docs/knowledgeRepository/graph/DtopCatalogs/control-catalog.json
AAT-13,sol_large_business_880b63143d,HAS_POSSIBLE_SOLUTION,Large Business,control,DTOP-OLD/client/src/assets/docs/knowledgeRepository/graph/DtopCatalogs/control-catalog.json
AAT-13,sol_medium_business_22bcca87c3,HAS_POSSIBLE_SOLUTION,Medium Business,control,DTOP-OLD/client/src/assets/docs/knowledgeRepository/graph/DtopCatalogs/control-catalog.json
AAT-13.1,sol_enterprise_de4c39e143,HAS_POSSIBLE_SOLUTION,Enterprise,control,DTOP-OLD/client/src/assets/docs/knowledgeRepository/graph/DtopCatalogs/control-catalog.json
AAT-13.1,sol_large_business_880b63143d,HAS_POSSIBLE_SOLUTION,Large Business,control,DTOP-OLD/client/src/assets/docs/knowledgeRepository/graph/DtopCatalogs/control-catalog.json
AAT-13.1,sol_medium_business_22bcca87c3,HAS_POSSIBLE_SOLUTION,Medium Business,control,DTOP-OLD/client/src/assets/docs/knowledgeRepository/graph/DtopCatalogs/control-catalog.json
AAT-14,sol_enterprise_de4c39e143,HAS_POSSIBLE_SOLUTION,Enterprise,control,DTOP-OLD/client/src/assets/docs/knowledgeRepository/graph/DtopCatalogs/control-catalog.json
AAT-14,sol_large_business_880b63143d,HAS_POSSIBLE_SOLUTION,Large Business,control,DTOP-OLD/client/src/assets/docs/knowledgeRepository/graph/DtopCatalogs/control-catalog.json
AAT-14,sol_medium_business_22bcca87c3,HAS_POSSIBLE_SOLUTION,Medium Business,control,DTOP-OLD/client/src/assets/docs/knowledgeRepository/graph/DtopCatalogs/control-catalog.json
AAT-14.1,sol_enterprise_de4c39e143,HAS_POSSIBLE_SOLUTION,Enterprise,control,DTOP-OLD/client/src/assets/docs/knowledgeRepository/graph/DtopCatalogs/control-catalog.json
AAT-14.1,sol_large_business_880b63143d,HAS_POSSIBLE_SOLUTION,Large Business,control,DTOP-OLD/client/src/assets/docs/knowledgeRepository/graph/DtopCatalogs/control-catalog.json
AAT-14.1,sol_medium_business_22bcca87c3,HAS_POSSIBLE_SOLUTION,Medium Business,control,DTOP-OLD/client/src/assets/docs/knowledgeRepository/graph/DtopCatalogs/control-catalog.json
AAT-14.2,sol_enterprise_de4c39e143,HAS_POSSIBLE_SOLUTION,Enterprise,control,DTOP-OLD/client/src/assets/docs/knowledgeRepository/graph/DtopCatalogs/control-catalog.json
AAT-14.2,sol_large_business_880b63143d,HAS_POSSIBLE_SOLUTION,Large Business,control,DTOP-OLD/client/src/assets/docs/knowledgeRepository/graph/DtopCatalogs/control-catalog.json
AAT-14.2,sol_medium_business_22bcca87c3,HAS_POSSIBLE_SOLUTION,Medium Business,control,DTOP-OLD/client/src/assets/docs/knowledgeRepository/graph/DtopCatalogs/control-catalog.json
AAT-15,sol_enterprise_54db7786d0,HAS_POSSIBLE_SOLUTION,Enterprise,control,DTOP-OLD/client/src/assets/docs/knowledgeRepository/graph/DtopCatalogs/control-catalog.json
AAT-15,sol_large_business_309619aa03,HAS_POSSIBLE_SOLUTION,Large Business,control,DTOP-OLD/client/src/assets/docs/knowledgeRepository/graph/DtopCatalogs/control-catalog.json
AAT-15,sol_medium_business_ab9ad3862e,HAS_POSSIBLE_SOLUTION,Medium Business,control,DTOP-OLD/client/src/assets/docs/knowledgeRepository/graph/DtopCatalogs/control-catalog.json
AAT-15.1,sol_enterprise_54db7786d0,HAS_POSSIBLE_SOLUTION,Enterprise,control,DTOP-OLD/client/src/assets/docs/knowledgeRepository/graph/DtopCatalogs/control-catalog.json
AAT-15.1,sol_large_business_309619aa03,HAS_POSSIBLE_SOLUTION,Large Business,control,DTOP-OLD/client/src/assets/docs/knowledgeRepository/graph/DtopCatalogs/control-catalog.json
AAT-15.1,sol_medium_business_ab9ad3862e,HAS_POSSIBLE_SOLUTION,Medium Business,control,DTOP-OLD/client/src/assets/docs/knowledgeRepository/graph/DtopCatalogs/control-catalog.json
AAT-15.2,sol_enterprise_54db7786d0,HAS_POSSIBLE_SOLUTION,Enterprise,control,DTOP-OLD/client/src/assets/docs/knowledgeRepository/graph/DtopCatalogs/control-catalog.json
AAT-15.2,sol_large_business_309619aa03,HAS_POSSIBLE_SOLUTION,Large Business,control,DTOP-OLD/client/src/assets/docs/knowledgeRepository/graph/DtopCatalogs/control-catalog.json
AAT-15.2,sol_medium_business_ab9ad3862e,HAS_POSSIBLE_SOLUTION,Medium Business,control,DTOP-OLD/client/src/assets/docs/knowledgeRepository/graph/DtopCatalogs/control-catalog.json
AAT-16,sol_enterprise_6bb06c26df,HAS_POSSIBLE_SOLUTION,Enterprise,control,DTOP-OLD/client/src/assets/docs/knowledgeRepository/graph/DtopCatalogs/control-catalog.json
AAT-16,sol_large_business_9abdd41bef,HAS_POSSIBLE_SOLUTION,Large Business,control,DTOP-OLD/client/src/assets/docs/knowledgeRepository/graph/DtopCatalogs/control-catalog.json
AAT-16,sol_medium_business_aeb0d850ca,HAS_POSSIBLE_SOLUTION,Medium Business,control,DTOP-OLD/client/src/assets/docs/knowledgeRepository/graph/DtopCatalogs/control-catalog.json
AAT-16.1,sol_enterprise_de4c39e143,HAS_POSSIBLE_SOLUTION,Enterprise,control,DTOP-OLD/client/src/assets/docs/knowledgeRepository/graph/DtopCatalogs/control-catalog.json
AAT-16.1,sol_large_business_880b63143d,HAS_POSSIBLE_SOLUTION,Large Business,control,DTOP-OLD/client/src/assets/docs/knowledgeRepository/graph/DtopCatalogs/control-catalog.json
AAT-16.1,sol_medium_business_22bcca87c3,HAS_POSSIBLE_SOLUTION,Medium Business,control,DTOP-OLD/client/src/assets/docs/knowledgeRepository/graph/DtopCatalogs/control-catalog.json
AAT-16.2,sol_enterprise_de4c39e143,HAS_POSSIBLE_SOLUTION,Enterprise,control,DTOP-OLD/client/src/assets/docs/knowledgeRepository/graph/DtopCatalogs/control-catalog.json
AAT-16.2,sol_large_business_880b63143d,HAS_POSSIBLE_SOLUTION,Large Business,control,DTOP-OLD/client/src/assets/docs/knowledgeRepository/graph/DtopCatalogs/control-catalog.json
AAT-16.2,sol_medium_business_22bcca87c3,HAS_POSSIBLE_SOLUTION,Medium Business,control,DTOP-OLD/client/src/assets/docs/knowledgeRepository/graph/DtopCatalogs/control-catalog.json
AAT-16.3,sol_enterprise_de4c39e143,HAS_POSSIBLE_SOLUTION,Enterprise,control,DTOP-OLD/client/src/assets/docs/knowledgeRepository/graph/DtopCatalogs/control-catalog.json
AAT-16.3,sol_large_business_880b63143d,HAS_POSSIBLE_SOLUTION,Large Business,control,DTOP-OLD/client/src/assets/docs/knowledgeRepository/graph/DtopCatalogs/control-catalog.json
AAT-16.3,sol_medium_business_22bcca87c3,HAS_POSSIBLE_SOLUTION,Medium Business,control,DTOP-OLD/client/src/assets/docs/knowledgeRepository/graph/DtopCatalogs/control-catalog.json
AAT-16.4,sol_enterprise_de4c39e143,HAS_POSSIBLE_SOLUTION,Enterprise,control,DTOP-OLD/client/src/assets/docs/knowledgeRepository/graph/DtopCatalogs/control-catalog.json
AAT-16.4,sol_large_business_880b63143d,HAS_POSSIBLE_SOLUTION,Large Business,control,DTOP-OLD/client/src/assets/docs/knowledgeRepository/graph/DtopCatalogs/control-catalog.json
AAT-16.4,sol_medium_business_22bcca87c3,HAS_POSSIBLE_SOLUTION,Medium Business,control,DTOP-OLD/client/src/assets/docs/knowledgeRepository/graph/DtopCatalogs/control-catalog.json
AAT-16.5,sol_enterprise_e3dae2796c,HAS_POSSIBLE_SOLUTION,Enterprise,control,DTOP-OLD/client/src/assets/docs/knowledgeRepository/graph/DtopCatalogs/control-catalog.json
AAT-16.5,sol_large_business_cb834644a6,HAS_POSSIBLE_SOLUTION,Large Business,control,DTOP-OLD/client/src/assets/docs/knowledgeRepository/graph/DtopCatalogs/control-catalog.json
AAT-16.5,sol_medium_business_ad1eac13b4,HAS_POSSIBLE_SOLUTION,Medium Business,control,DTOP-OLD/client/src/assets/docs/knowledgeRepository/graph/DtopCatalogs/control-catalog.json
AAT-16.6,sol_enterprise_de4c39e143,HAS_POSSIBLE_SOLUTION,Enterprise,control,DTOP-OLD/client/src/assets/docs/knowledgeRepository/graph/DtopCatalogs/control-catalog.json
AAT-16.6,sol_large_business_880b63143d,HAS_POSSIBLE_SOLUTION,Large Business,control,DTOP-OLD/client/src/assets/docs/knowledgeRepository/graph/DtopCatalogs/control-catalog.json
AAT-16.6,sol_medium_business_22bcca87c3,HAS_POSSIBLE_SOLUTION,Medium Business,control,DTOP-OLD/client/src/assets/docs/knowledgeRepository/graph/DtopCatalogs/control-catalog.json
AAT-16.7,sol_enterprise_de4c39e143,HAS_POSSIBLE_SOLUTION,Enterprise,control,DTOP-OLD/client/src/assets/docs/knowledgeRepository/graph/DtopCatalogs/control-catalog.json
AAT-16.7,sol_large_business_880b63143d,HAS_POSSIBLE_SOLUTION,Large Business,control,DTOP-OLD/client/src/assets/docs/knowledgeRepository/graph/DtopCatalogs/control-catalog.json
AAT-16.7,sol_medium_business_22bcca87c3,HAS_POSSIBLE_SOLUTION,Medium Business,control,DTOP-OLD/client/src/assets/docs/knowledgeRepository/graph/DtopCatalogs/control-catalog.json
AAT-17,sol_enterprise_54db7786d0,HAS_POSSIBLE_SOLUTION,Enterprise,control,DTOP-OLD/client/src/assets/docs/knowledgeRepository/graph/DtopCatalogs/control-catalog.json
AAT-17,sol_large_business_309619aa03,HAS_POSSIBLE_SOLUTION,Large Business,control,DTOP-OLD/client/src/assets/docs/knowledgeRepository/graph/DtopCatalogs/control-catalog.json
AAT-17,sol_medium_business_ce78ca9fb9,HAS_POSSIBLE_SOLUTION,Medium Business,control,DTOP-OLD/client/src/assets/docs/knowledgeRepository/graph/DtopCatalogs/control-catalog.json
AAT-17.1,sol_enterprise_54db7786d0,HAS_POSSIBLE_SOLUTION,Enterprise,control,DTOP-OLD/client/src/assets/docs/knowledgeRepository/graph/DtopCatalogs/control-catalog.json
AAT-17.1,sol_large_business_309619aa03,HAS_POSSIBLE_SOLUTION,Large Business,control,DTOP-OLD/client/src/assets/docs/knowledgeRepository/graph/DtopCatalogs/control-catalog.json
AAT-17.1,sol_medium_business_ce78ca9fb9,HAS_POSSIBLE_SOLUTION,Medium Business,control,DTOP-OLD/client/src/assets/docs/knowledgeRepository/graph/DtopCatalogs/control-catalog.json
AAT-17.2,sol_enterprise_99b78cea8c,HAS_POSSIBLE_SOLUTION,Enterprise,control,DTOP-OLD/client/src/assets/docs/knowledgeRepository/graph/DtopCatalogs/control-catalog.json
AAT-17.2,sol_large_business_11424f9bcf,HAS_POSSIBLE_SOLUTION,Large Business,control,DTOP-OLD/client/src/assets/docs/knowledgeRepository/graph/DtopCatalogs/control-catalog.json
AAT-17.2,sol_medium_business_ef5a7e45d9,HAS_POSSIBLE_SOLUTION,Medium Business,control,DTOP-OLD/client/src/assets/docs/knowledgeRepository/graph/DtopCatalogs/control-catalog.json
AAT-17.3,sol_enterprise_de4c39e143,HAS_POSSIBLE_SOLUTION,Enterprise,control,DTOP-OLD/client/src/assets/docs/knowledgeRepository/graph/DtopCatalogs/control-catalog.json
AAT-17.3,sol_large_business_880b63143d,HAS_POSSIBLE_SOLUTION,Large Business,control,DTOP-OLD/client/src/assets/docs/knowledgeRepository/graph/DtopCatalogs/control-catalog.json
AAT-17.3,sol_medium_business_22bcca87c3,HAS_POSSIBLE_SOLUTION,Medium Business,control,DTOP-OLD/client/src/assets/docs/knowledgeRepository/graph/DtopCatalogs/control-catalog.json
AAT-18,sol_enterprise_54db7786d0,HAS_POSSIBLE_SOLUTION,Enterprise,control,DTOP-OLD/client/src/assets/docs/knowledgeRepository/graph/DtopCatalogs/control-catalog.json
AAT-18,sol_large_business_309619aa03,HAS_POSSIBLE_SOLUTION,Large Business,control,DTOP-OLD/client/src/assets/docs/knowledgeRepository/graph/DtopCatalogs/control-catalog.json
AAT-18,sol_medium_business_ab9ad3862e,HAS_POSSIBLE_SOLUTION,Medium Business,control,DTOP-OLD/client/src/assets/docs/knowledgeRepository/graph/DtopCatalogs/control-catalog.json
AAT-18.1,sol_enterprise_451926401c,HAS_POSSIBLE_SOLUTION,Enterprise,control,DTOP-OLD/client/src/assets/docs/knowledgeRepository/graph/DtopCatalogs/control-catalog.json
AAT-18.1,sol_large_business_e6fda59437,HAS_POSSIBLE_SOLUTION,Large Business,control,DTOP-OLD/client/src/assets/docs/knowledgeRepository/graph/DtopCatalogs/control-catalog.json
AAT-18.1,sol_medium_business_53baf2a4e0,HAS_POSSIBLE_SOLUTION,Medium Business,control,DTOP-OLD/client/src/assets/docs/knowledgeRepository/graph/DtopCatalogs/control-catalog.json
AST-01,sol_enterprise_b4adf9b620,HAS_POSSIBLE_SOLUTION,Enterprise,control,DTOP-OLD/client/src/assets/docs/knowledgeRepository/graph/DtopCatalogs/control-catalog.json
AST-01,sol_large_business_1b1d8cd0a3,HAS_POSSIBLE_SOLUTION,Large Business,control,DTOP-OLD/client/src/assets/docs/knowledgeRepository/graph/DtopCatalogs/control-catalog.json
AST-01,sol_medium_business_015be8cef4,HAS_POSSIBLE_SOLUTION,Medium Business,control,DTOP-OLD/client/src/assets/docs/knowledgeRepository/graph/DtopCatalogs/control-catalog.json
AST-01.1,sol_enterprise_b4adf9b620,HAS_POSSIBLE_SOLUTION,Enterprise,control,DTOP-OLD/client/src/assets/docs/knowledgeRepository/graph/DtopCatalogs/control-catalog.json
AST-01.1,sol_large_business_1b1d8cd0a3,HAS_POSSIBLE_SOLUTION,Large Business,control,DTOP-OLD/client/src/assets/docs/knowledgeRepository/graph/DtopCatalogs/control-catalog.json
AST-01.1,sol_medium_business_015be8cef4,HAS_POSSIBLE_SOLUTION,Medium Business,control,DTOP-OLD/client/src/assets/docs/knowledgeRepository/graph/DtopCatalogs/control-catalog.json
AST-01.2,sol_enterprise_e552da5d09,HAS_POSSIBLE_SOLUTION,Enterprise,control,DTOP-OLD/client/src/assets/docs/knowledgeRepository/graph/DtopCatalogs/control-catalog.json
AST-01.2,sol_large_business_0f3d5e52d7,HAS_POSSIBLE_SOLUTION,Large Business,control,DTOP-OLD/client/src/assets/docs/knowledgeRepository/graph/DtopCatalogs/control-catalog.json
AST-01.2,sol_medium_business_20e9cf49d5,HAS_POSSIBLE_SOLUTION,Medium Business,control,DTOP-OLD/client/src/assets/docs/knowledgeRepository/graph/DtopCatalogs/control-catalog.json
AST-01.3,sol_enterprise_8f9ebfc3f2,HAS_POSSIBLE_SOLUTION,Enterprise,control,DTOP-OLD/client/src/assets/docs/knowledgeRepository/graph/DtopCatalogs/control-catalog.json
AST-01.3,sol_large_business_616d34a9f8,HAS_POSSIBLE_SOLUTION,Large Business,control,DTOP-OLD/client/src/assets/docs/knowledgeRepository/graph/DtopCatalogs/control-catalog.json
AST-01.3,sol_medium_business_c62a30c9af,HAS_POSSIBLE_SOLUTION,Medium Business,control,DTOP-OLD/client/src/assets/docs/knowledgeRepository/graph/DtopCatalogs/control-catalog.json
AST-01.4,sol_enterprise_b4adf9b620,HAS_POSSIBLE_SOLUTION,Enterprise,control,DTOP-OLD/client/src/assets/docs/knowledgeRepository/graph/DtopCatalogs/control-catalog.json
AST-01.4,sol_large_business_1b1d8cd0a3,HAS_POSSIBLE_SOLUTION,Large Business,control,DTOP-OLD/client/src/assets/docs/knowledgeRepository/graph/DtopCatalogs/control-catalog.json
AST-01.4,sol_medium_business_015be8cef4,HAS_POSSIBLE_SOLUTION,Medium Business,control,DTOP-OLD/client/src/assets/docs/knowledgeRepository/graph/DtopCatalogs/control-catalog.json
AST-02,sol_enterprise_8424410f0d,HAS_POSSIBLE_SOLUTION,Enterprise,control,DTOP-OLD/client/src/assets/docs/knowledgeRepository/graph/DtopCatalogs/control-catalog.json
AST-02,sol_large_business_61befea795,HAS_POSSIBLE_SOLUTION,Large Business,control,DTOP-OLD/client/src/assets/docs/knowledgeRepository/graph/DtopCatalogs/control-catalog.json
AST-02,sol_medium_business_3fe2052450,HAS_POSSIBLE_SOLUTION,Medium Business,control,DTOP-OLD/client/src/assets/docs/knowledgeRepository/graph/DtopCatalogs/control-catalog.json
AST-02.1,sol_enterprise_e070bbb92b,HAS_POSSIBLE_SOLUTION,Enterprise,control,DTOP-OLD/client/src/assets/docs/knowledgeRepository/graph/DtopCatalogs/control-catalog.json
AST-02.1,sol_large_business_88605097ba,HAS_POSSIBLE_SOLUTION,Large Business,control,DTOP-OLD/client/src/assets/docs/knowledgeRepository/graph/DtopCatalogs/control-catalog.json
AST-02.1,sol_medium_business_66a98ca8aa,HAS_POSSIBLE_SOLUTION,Medium Business,control,DTOP-OLD/client/src/assets/docs/knowledgeRepository/graph/DtopCatalogs/control-catalog.json
AST-02.10,sol_enterprise_86fc198cd3,HAS_POSSIBLE_SOLUTION,Enterprise,control,DTOP-OLD/client/src/assets/docs/knowledgeRepository/graph/DtopCatalogs/control-catalog.json
AST-02.10,sol_large_business_86aa044919,HAS_POSSIBLE_SOLUTION,Large Business,control,DTOP-OLD/client/src/assets/docs/knowledgeRepository/graph/DtopCatalogs/control-catalog.json
AST-02.10,sol_medium_business_729e913264,HAS_POSSIBLE_SOLUTION,Medium Business,control,DTOP-OLD/client/src/assets/docs/knowledgeRepository/graph/DtopCatalogs/control-catalog.json
AST-02.2,sol_enterprise_a274f6a0b3,HAS_POSSIBLE_SOLUTION,Enterprise,control,DTOP-OLD/client/src/assets/docs/knowledgeRepository/graph/DtopCatalogs/control-catalog.json
AST-02.2,sol_large_business_ab3a019383,HAS_POSSIBLE_SOLUTION,Large Business,control,DTOP-OLD/client/src/assets/docs/knowledgeRepository/graph/DtopCatalogs/control-catalog.json
AST-02.2,sol_medium_business_4a5545f4b1,HAS_POSSIBLE_SOLUTION,Medium Business,control,DTOP-OLD/client/src/assets/docs/knowledgeRepository/graph/DtopCatalogs/control-catalog.json
AST-02.3,sol_enterprise_e070bbb92b,HAS_POSSIBLE_SOLUTION,Enterprise,control,DTOP-OLD/client/src/assets/docs/knowledgeRepository/graph/DtopCatalogs/control-catalog.json
AST-02.3,sol_large_business_88605097ba,HAS_POSSIBLE_SOLUTION,Large Business,control,DTOP-OLD/client/src/assets/docs/knowledgeRepository/graph/DtopCatalogs/control-catalog.json
AST-02.3,sol_medium_business_66a98ca8aa,HAS_POSSIBLE_SOLUTION,Medium Business,control,DTOP-OLD/client/src/assets/docs/knowledgeRepository/graph/DtopCatalogs/control-catalog.json
AST-02.4,sol_enterprise_3c7c1ba98b,HAS_POSSIBLE_SOLUTION,Enterprise,control,DTOP-OLD/client/src/assets/docs/knowledgeRepository/graph/DtopCatalogs/control-catalog.json
AST-02.4,sol_large_business_d075eadbd5,HAS_POSSIBLE_SOLUTION,Large Business,control,DTOP-OLD/client/src/assets/docs/knowledgeRepository/graph/DtopCatalogs/control-catalog.json
AST-02.4,sol_medium_business_d869f65733,HAS_POSSIBLE_SOLUTION,Medium Business,control,DTOP-OLD/client/src/assets/docs/knowledgeRepository/graph/DtopCatalogs/control-catalog.json
AST-02.5,sol_enterprise_ca37d0421c,HAS_POSSIBLE_SOLUTION,Enterprise,control,DTOP-OLD/client/src/assets/docs/knowledgeRepository/graph/DtopCatalogs/control-catalog.json
AST-02.5,sol_large_business_c223ad5df3,HAS_POSSIBLE_SOLUTION,Large Business,control,DTOP-OLD/client/src/assets/docs/knowledgeRepository/graph/DtopCatalogs/control-catalog.json
AST-02.5,sol_medium_business_bb15e7552b,HAS_POSSIBLE_SOLUTION,Medium Business,control,DTOP-OLD/client/src/assets/docs/knowledgeRepository/graph/DtopCatalogs/control-catalog.json
AST-02.6,sol_enterprise_d628b41038,HAS_POSSIBLE_SOLUTION,Enterprise,control,DTOP-OLD/client/src/assets/docs/knowledgeRepository/graph/DtopCatalogs/control-catalog.json
AST-02.6,sol_large_business_472182450f,HAS_POSSIBLE_SOLUTION,Large Business,control,DTOP-OLD/client/src/assets/docs/knowledgeRepository/graph/DtopCatalogs/control-catalog.json
AST-02.6,sol_medium_business_ab8d49dc68,HAS_POSSIBLE_SOLUTION,Medium Business,control,DTOP-OLD/client/src/assets/docs/knowledgeRepository/graph/DtopCatalogs/control-catalog.json
AST-02.7,sol_enterprise_8f9ebfc3f2,HAS_POSSIBLE_SOLUTION,Enterprise,control,DTOP-OLD/client/src/assets/docs/knowledgeRepository/graph/DtopCatalogs/control-catalog.json
AST-02.7,sol_large_business_616d34a9f8,HAS_POSSIBLE_SOLUTION,Large Business,control,DTOP-OLD/client/src/assets/docs/knowledgeRepository/graph/DtopCatalogs/control-catalog.json
AST-02.7,sol_medium_business_c62a30c9af,HAS_POSSIBLE_SOLUTION,Medium Business,control,DTOP-OLD/client/src/assets/docs/knowledgeRepository/graph/DtopCatalogs/control-catalog.json
AST-02.8,sol_enterprise_bcb7d6a9e6,HAS_POSSIBLE_SOLUTION,Enterprise,control,DTOP-OLD/client/src/assets/docs/knowledgeRepository/graph/DtopCatalogs/control-catalog.json
AST-02.8,sol_large_business_9b9e3ef66f,HAS_POSSIBLE_SOLUTION,Large Business,control,DTOP-OLD/client/src/assets/docs/knowledgeRepository/graph/DtopCatalogs/control-catalog.json
AST-02.8,sol_medium_business_923f3c5993,HAS_POSSIBLE_SOLUTION,Medium Business,control,DTOP-OLD/client/src/assets/docs/knowledgeRepository/graph/DtopCatalogs/control-catalog.json
AST-02.9,sol_enterprise_e070bbb92b,HAS_POSSIBLE_SOLUTION,Enterprise,control,DTOP-OLD/client/src/assets/docs/knowledgeRepository/graph/DtopCatalogs/control-catalog.json
AST-02.9,sol_large_business_88605097ba,HAS_POSSIBLE_SOLUTION,Large Business,control,DTOP-OLD/client/src/assets/docs/knowledgeRepository/graph/DtopCatalogs/control-catalog.json
AST-02.9,sol_medium_business_66a98ca8aa,HAS_POSSIBLE_SOLUTION,Medium Business,control,DTOP-OLD/client/src/assets/docs/knowledgeRepository/graph/DtopCatalogs/control-catalog.json
AST-03,sol_enterprise_b4adf9b620,HAS_POSSIBLE_SOLUTION,Enterprise,control,DTOP-OLD/client/src/assets/docs/knowledgeRepository/graph/DtopCatalogs/control-catalog.json
AST-03,sol_large_business_1b1d8cd0a3,HAS_POSSIBLE_SOLUTION,Large Business,control,DTOP-OLD/client/src/assets/docs/knowledgeRepository/graph/DtopCatalogs/control-catalog.json
AST-03,sol_medium_business_015be8cef4,HAS_POSSIBLE_SOLUTION,Medium Business,control,DTOP-OLD/client/src/assets/docs/knowledgeRepository/graph/DtopCatalogs/control-catalog.json
AST-03.1,sol_enterprise_b4adf9b620,HAS_POSSIBLE_SOLUTION,Enterprise,control,DTOP-OLD/client/src/assets/docs/knowledgeRepository/graph/DtopCatalogs/control-catalog.json
AST-03.1,sol_large_business_1b1d8cd0a3,HAS_POSSIBLE_SOLUTION,Large Business,control,DTOP-OLD/client/src/assets/docs/knowledgeRepository/graph/DtopCatalogs/control-catalog.json
AST-03.1,sol_medium_business_015be8cef4,HAS_POSSIBLE_SOLUTION,Medium Business,control,DTOP-OLD/client/src/assets/docs/knowledgeRepository/graph/DtopCatalogs/control-catalog.json
AST-03.2,sol_enterprise_b4adf9b620,HAS_POSSIBLE_SOLUTION,Enterprise,control,DTOP-OLD/client/src/assets/docs/knowledgeRepository/graph/DtopCatalogs/control-catalog.json
AST-03.2,sol_large_business_1b1d8cd0a3,HAS_POSSIBLE_SOLUTION,Large Business,control,DTOP-OLD/client/src/assets/docs/knowledgeRepository/graph/DtopCatalogs/control-catalog.json
AST-03.2,sol_medium_business_015be8cef4,HAS_POSSIBLE_SOLUTION,Medium Business,control,DTOP-OLD/client/src/assets/docs/knowledgeRepository/graph/DtopCatalogs/control-catalog.json
AST-04,sol_enterprise_74e4faf997,HAS_POSSIBLE_SOLUTION,Enterprise,control,DTOP-OLD/client/src/assets/docs/knowledgeRepository/graph/DtopCatalogs/control-catalog.json
AST-04,sol_large_business_f451ad8218,HAS_POSSIBLE_SOLUTION,Large Business,control,DTOP-OLD/client/src/assets/docs/knowledgeRepository/graph/DtopCatalogs/control-catalog.json
AST-04,sol_medium_business_1c5961a65b,HAS_POSSIBLE_SOLUTION,Medium Business,control,DTOP-OLD/client/src/assets/docs/knowledgeRepository/graph/DtopCatalogs/control-catalog.json
AST-04.1,sol_enterprise_05fe680487,HAS_POSSIBLE_SOLUTION,Enterprise,control,DTOP-OLD/client/src/assets/docs/knowledgeRepository/graph/DtopCatalogs/control-catalog.json
AST-04.1,sol_large_business_fe357743c5,HAS_POSSIBLE_SOLUTION,Large Business,control,DTOP-OLD/client/src/assets/docs/knowledgeRepository/graph/DtopCatalogs/control-catalog.json
AST-04.1,sol_medium_business_1d55c0b393,HAS_POSSIBLE_SOLUTION,Medium Business,control,DTOP-OLD/client/src/assets/docs/knowledgeRepository/graph/DtopCatalogs/control-catalog.json
AST-04.2,sol_enterprise_05fe680487,HAS_POSSIBLE_SOLUTION,Enterprise,control,DTOP-OLD/client/src/assets/docs/knowledgeRepository/graph/DtopCatalogs/control-catalog.json
AST-04.2,sol_large_business_fe357743c5,HAS_POSSIBLE_SOLUTION,Large Business,control,DTOP-OLD/client/src/assets/docs/knowledgeRepository/graph/DtopCatalogs/control-catalog.json
AST-04.2,sol_medium_business_1d55c0b393,HAS_POSSIBLE_SOLUTION,Medium Business,control,DTOP-OLD/client/src/assets/docs/knowledgeRepository/graph/DtopCatalogs/control-catalog.json
AST-04.3,sol_enterprise_05fe680487,HAS_POSSIBLE_SOLUTION,Enterprise,control,DTOP-OLD/client/src/assets/docs/knowledgeRepository/graph/DtopCatalogs/control-catalog.json
AST-04.3,sol_large_business_fe357743c5,HAS_POSSIBLE_SOLUTION,Large Business,control,DTOP-OLD/client/src/assets/docs/knowledgeRepository/graph/DtopCatalogs/control-catalog.json
AST-04.3,sol_medium_business_1d55c0b393,HAS_POSSIBLE_SOLUTION,Medium Business,control,DTOP-OLD/client/src/assets/docs/knowledgeRepository/graph/DtopCatalogs/control-catalog.json
AST-05,sol_enterprise_c2531696fe,HAS_POSSIBLE_SOLUTION,Enterprise,control,DTOP-OLD/client/src/assets/docs/knowledgeRepository/graph/DtopCatalogs/control-catalog.json
AST-05,sol_large_business_6ae9a7c1e9,HAS_POSSIBLE_SOLUTION,Large Business,control,DTOP-OLD/client/src/assets/docs/knowledgeRepository/graph/DtopCatalogs/control-catalog.json
AST-05,sol_medium_business_a5bba310c0,HAS_POSSIBLE_SOLUTION,Medium Business,control,DTOP-OLD/client/src/assets/docs/knowledgeRepository/graph/DtopCatalogs/control-catalog.json
AST-06,sol_enterprise_80438fdd24,HAS_POSSIBLE_SOLUTION,Enterprise,control,DTOP-OLD/client/src/assets/docs/knowledgeRepository/graph/DtopCatalogs/control-catalog.json
AST-06,sol_large_business_3df88f45a6,HAS_POSSIBLE_SOLUTION,Large Business,control,DTOP-OLD/client/src/assets/docs/knowledgeRepository/graph/DtopCatalogs/control-catalog.json
AST-06,sol_medium_business_57217d6b99,HAS_POSSIBLE_SOLUTION,Medium Business,control,DTOP-OLD/client/src/assets/docs/knowledgeRepository/graph/DtopCatalogs/control-catalog.json
AST-06.1,sol_enterprise_d844b8b8c7,HAS_POSSIBLE_SOLUTION,Enterprise,control,DTOP-OLD/client/src/assets/docs/knowledgeRepository/graph/DtopCatalogs/control-catalog.json
AST-06.1,sol_large_business_8ab62123e2,HAS_POSSIBLE_SOLUTION,Large Business,control,DTOP-OLD/client/src/assets/docs/knowledgeRepository/graph/DtopCatalogs/control-catalog.json
AST-06.1,sol_medium_business_a95777b8f9,HAS_POSSIBLE_SOLUTION,Medium Business,control,DTOP-OLD/client/src/assets/docs/knowledgeRepository/graph/DtopCatalogs/control-catalog.json
AST-07,sol_enterprise_80438fdd24,HAS_POSSIBLE_SOLUTION,Enterprise,control,DTOP-OLD/client/src/assets/docs/knowledgeRepository/graph/DtopCatalogs/control-catalog.json
AST-07,sol_large_business_3df88f45a6,HAS_POSSIBLE_SOLUTION,Large Business,control,DTOP-OLD/client/src/assets/docs/knowledgeRepository/graph/DtopCatalogs/control-catalog.json
AST-07,sol_medium_business_57217d6b99,HAS_POSSIBLE_SOLUTION,Medium Business,control,DTOP-OLD/client/src/assets/docs/knowledgeRepository/graph/DtopCatalogs/control-catalog.json
AST-08,sol_enterprise_cf9ed5e79f,HAS_POSSIBLE_SOLUTION,Enterprise,control,DTOP-OLD/client/src/assets/docs/knowledgeRepository/graph/DtopCatalogs/control-catalog.json
AST-08,sol_large_business_1b40207e8c,HAS_POSSIBLE_SOLUTION,Large Business,control,DTOP-OLD/client/src/assets/docs/knowledgeRepository/graph/DtopCatalogs/control-catalog.json
AST-08,sol_medium_business_8500005c5d,HAS_POSSIBLE_SOLUTION,Medium Business,control,DTOP-OLD/client/src/assets/docs/knowledgeRepository/graph/DtopCatalogs/control-catalog.json
AST-09,sol_enterprise_5218ed7be9,HAS_POSSIBLE_SOLUTION,Enterprise,control,DTOP-OLD/client/src/assets/docs/knowledgeRepository/graph/DtopCatalogs/control-catalog.json
AST-09,sol_large_business_fa70e430d5,HAS_POSSIBLE_SOLUTION,Large Business,control,DTOP-OLD/client/src/assets/docs/knowledgeRepository/graph/DtopCatalogs/control-catalog.json
AST-09,sol_medium_business_9541a3738d,HAS_POSSIBLE_SOLUTION,Medium Business,control,DTOP-OLD/client/src/assets/docs/knowledgeRepository/graph/DtopCatalogs/control-catalog.json
AST-10,sol_enterprise_8f9ebfc3f2,HAS_POSSIBLE_SOLUTION,Enterprise,control,DTOP-OLD/client/src/assets/docs/knowledgeRepository/graph/DtopCatalogs/control-catalog.json
AST-10,sol_large_business_616d34a9f8,HAS_POSSIBLE_SOLUTION,Large Business,control,DTOP-OLD/client/src/assets/docs/knowledgeRepository/graph/DtopCatalogs/control-catalog.json
AST-10,sol_medium_business_c62a30c9af,HAS_POSSIBLE_SOLUTION,Medium Business,control,DTOP-OLD/client/src/assets/docs/knowledgeRepository/graph/DtopCatalogs/control-catalog.json
AST-11,sol_enterprise_46fb25f1c2,HAS_POSSIBLE_SOLUTION,Enterprise,control,DTOP-OLD/client/src/assets/docs/knowledgeRepository/graph/DtopCatalogs/control-catalog.json
AST-11,sol_large_business_ec8f24838c,HAS_POSSIBLE_SOLUTION,Large Business,control,DTOP-OLD/client/src/assets/docs/knowledgeRepository/graph/DtopCatalogs/control-catalog.json
AST-11,sol_medium_business_a083a49c04,HAS_POSSIBLE_SOLUTION,Medium Business,control,DTOP-OLD/client/src/assets/docs/knowledgeRepository/graph/DtopCatalogs/control-catalog.json
AST-12,sol_enterprise_14956c795e,HAS_POSSIBLE_SOLUTION,Enterprise,control,DTOP-OLD/client/src/assets/docs/knowledgeRepository/graph/DtopCatalogs/control-catalog.json
AST-12,sol_large_business_bf58afd50e,HAS_POSSIBLE_SOLUTION,Large Business,control,DTOP-OLD/client/src/assets/docs/knowledgeRepository/graph/DtopCatalogs/control-catalog.json
AST-12,sol_medium_business_57019d1b7b,HAS_POSSIBLE_SOLUTION,Medium Business,control,DTOP-OLD/client/src/assets/docs/knowledgeRepository/graph/DtopCatalogs/control-catalog.json
AST-13,sol_enterprise_7c792de7b7,HAS_POSSIBLE_SOLUTION,Enterprise,control,DTOP-OLD/client/src/assets/docs/knowledgeRepository/graph/DtopCatalogs/control-catalog.json
AST-13,sol_large_business_db6239fe07,HAS_POSSIBLE_SOLUTION,Large Business,control,DTOP-OLD/client/src/assets/docs/knowledgeRepository/graph/DtopCatalogs/control-catalog.json
AST-13,sol_medium_business_f11ba4a2ff,HAS_POSSIBLE_SOLUTION,Medium Business,control,DTOP-OLD/client/src/assets/docs/knowledgeRepository/graph/DtopCatalogs/control-catalog.json
AST-14,sol_enterprise_55d65c3edf,HAS_POSSIBLE_SOLUTION,Enterprise,control,DTOP-OLD/client/src/assets/docs/knowledgeRepository/graph/DtopCatalogs/control-catalog.json
AST-14,sol_large_business_69f75d6268,HAS_POSSIBLE_SOLUTION,Large Business,control,DTOP-OLD/client/src/assets/docs/knowledgeRepository/graph/DtopCatalogs/control-catalog.json
AST-14,sol_medium_business_35fdd0cbf1,HAS_POSSIBLE_SOLUTION,Medium Business,control,DTOP-OLD/client/src/assets/docs/knowledgeRepository/graph/DtopCatalogs/control-catalog.json
AST-14.1,sol_enterprise_d1a296880c,HAS_POSSIBLE_SOLUTION,Enterprise,control,DTOP-OLD/client/src/assets/docs/knowledgeRepository/graph/DtopCatalogs/control-catalog.json
AST-14.1,sol_large_business_d17f1557ff,HAS_POSSIBLE_SOLUTION,Large Business,control,DTOP-OLD/client/src/assets/docs/knowledgeRepository/graph/DtopCatalogs/control-catalog.json
AST-14.1,sol_medium_business_f88a29c26a,HAS_POSSIBLE_SOLUTION,Medium Business,control,DTOP-OLD/client/src/assets/docs/knowledgeRepository/graph/DtopCatalogs/control-catalog.json
AST-14.2,sol_enterprise_d1a296880c,HAS_POSSIBLE_SOLUTION,Enterprise,control,DTOP-OLD/client/src/assets/docs/knowledgeRepository/graph/DtopCatalogs/control-catalog.json
AST-14.2,sol_large_business_d17f1557ff,HAS_POSSIBLE_SOLUTION,Large Business,control,DTOP-OLD/client/src/assets/docs/knowledgeRepository/graph/DtopCatalogs/control-catalog.json
AST-14.2,sol_medium_business_f88a29c26a,HAS_POSSIBLE_SOLUTION,Medium Business,control,DTOP-OLD/client/src/assets/docs/knowledgeRepository/graph/DtopCatalogs/control-catalog.json
AST-15,sol_enterprise_d7f9e79080,HAS_POSSIBLE_SOLUTION,Enterprise,control,DTOP-OLD/client/src/assets/docs/knowledgeRepository/graph/DtopCatalogs/control-catalog.json
AST-15,sol_large_business_44235ca96b,HAS_POSSIBLE_SOLUTION,Large Business,control,DTOP-OLD/client/src/assets/docs/knowledgeRepository/graph/DtopCatalogs/control-catalog.json
AST-15,sol_medium_business_4df6c0d865,HAS_POSSIBLE_SOLUTION,Medium Business,control,DTOP-OLD/client/src/assets/docs/knowledgeRepository/graph/DtopCatalogs/control-catalog.json
AST-15.1,sol_enterprise_e1957d8c47,HAS_POSSIBLE_SOLUTION,Enterprise,control,DTOP-OLD/client/src/assets/docs/knowledgeRepository/graph/DtopCatalogs/control-catalog.json
AST-15.1,sol_large_business_252090d42a,HAS_POSSIBLE_SOLUTION,Large Business,control,DTOP-OLD/client/src/assets/docs/knowledgeRepository/graph/DtopCatalogs/control-catalog.json
AST-15.1,sol_medium_business_ce9790cc32,HAS_POSSIBLE_SOLUTION,Medium Business,control,DTOP-OLD/client/src/assets/docs/knowledgeRepository/graph/DtopCatalogs/control-catalog.json
AST-16,sol_enterprise_7ef8f0c803,HAS_POSSIBLE_SOLUTION,Enterprise,control,DTOP-OLD/client/src/assets/docs/knowledgeRepository/graph/DtopCatalogs/control-catalog.json
AST-16,sol_large_business_1749d4edd5,HAS_POSSIBLE_SOLUTION,Large Business,control,DTOP-OLD/client/src/assets/docs/knowledgeRepository/graph/DtopCatalogs/control-catalog.json
AST-16,sol_medium_business_16fd2c751c,HAS_POSSIBLE_SOLUTION,Medium Business,control,DTOP-OLD/client/src/assets/docs/knowledgeRepository/graph/DtopCatalogs/control-catalog.json
AST-17,sol_enterprise_8f9ebfc3f2,HAS_POSSIBLE_SOLUTION,Enterprise,control,DTOP-OLD/client/src/assets/docs/knowledgeRepository/graph/DtopCatalogs/control-catalog.json
AST-17,sol_large_business_616d34a9f8,HAS_POSSIBLE_SOLUTION,Large Business,control,DTOP-OLD/client/src/assets/docs/knowledgeRepository/graph/DtopCatalogs/control-catalog.json
AST-17,sol_medium_business_c62a30c9af,HAS_POSSIBLE_SOLUTION,Medium Business,control,DTOP-OLD/client/src/assets/docs/knowledgeRepository/graph/DtopCatalogs/control-catalog.json
AST-18,sol_enterprise_b4adf9b620,HAS_POSSIBLE_SOLUTION,Enterprise,control,DTOP-OLD/client/src/assets/docs/knowledgeRepository/graph/DtopCatalogs/control-catalog.json
AST-18,sol_large_business_1b1d8cd0a3,HAS_POSSIBLE_SOLUTION,Large Business,control,DTOP-OLD/client/src/assets/docs/knowledgeRepository/graph/DtopCatalogs/control-catalog.json
AST-18,sol_medium_business_015be8cef4,HAS_POSSIBLE_SOLUTION,Medium Business,control,DTOP-OLD/client/src/assets/docs/knowledgeRepository/graph/DtopCatalogs/control-catalog.json
AST-19,sol_enterprise_d1a296880c,HAS_POSSIBLE_SOLUTION,Enterprise,control,DTOP-OLD/client/src/assets/docs/knowledgeRepository/graph/DtopCatalogs/control-catalog.json
AST-19,sol_large_business_d17f1557ff,HAS_POSSIBLE_SOLUTION,Large Business,control,DTOP-OLD/client/src/assets/docs/knowledgeRepository/graph/DtopCatalogs/control-catalog.json
AST-19,sol_medium_business_f88a29c26a,HAS_POSSIBLE_SOLUTION,Medium Business,control,DTOP-OLD/client/src/assets/docs/knowledgeRepository/graph/DtopCatalogs/control-catalog.json
AST-20,sol_enterprise_77c84758c7,HAS_POSSIBLE_SOLUTION,Enterprise,control,DTOP-OLD/client/src/assets/docs/knowledgeRepository/graph/DtopCatalogs/control-catalog.json
AST-20,sol_large_business_881cacc5c1,HAS_POSSIBLE_SOLUTION,Large Business,control,DTOP-OLD/client/src/assets/docs/knowledgeRepository/graph/DtopCatalogs/control-catalog.json
AST-20,sol_medium_business_7c8b3dcde3,HAS_POSSIBLE_SOLUTION,Medium Business,control,DTOP-OLD/client/src/assets/docs/knowledgeRepository/graph/DtopCatalogs/control-catalog.json
AST-21,sol_enterprise_77c84758c7,HAS_POSSIBLE_SOLUTION,Enterprise,control,DTOP-OLD/client/src/assets/docs/knowledgeRepository/graph/DtopCatalogs/control-catalog.json
AST-21,sol_large_business_881cacc5c1,HAS_POSSIBLE_SOLUTION,Large Business,control,DTOP-OLD/client/src/assets/docs/knowledgeRepository/graph/DtopCatalogs/control-catalog.json
AST-21,sol_medium_business_7c8b3dcde3,HAS_POSSIBLE_SOLUTION,Medium Business,control,DTOP-OLD/client/src/assets/docs/knowledgeRepository/graph/DtopCatalogs/control-catalog.json
AST-22,sol_enterprise_d1a296880c,HAS_POSSIBLE_SOLUTION,Enterprise,control,DTOP-OLD/client/src/assets/docs/knowledgeRepository/graph/DtopCatalogs/control-catalog.json
AST-22,sol_large_business_d17f1557ff,HAS_POSSIBLE_SOLUTION,Large Business,control,DTOP-OLD/client/src/assets/docs/knowledgeRepository/graph/DtopCatalogs/control-catalog.json
AST-22,sol_medium_business_f88a29c26a,HAS_POSSIBLE_SOLUTION,Medium Business,control,DTOP-OLD/client/src/assets/docs/knowledgeRepository/graph/DtopCatalogs/control-catalog.json
AST-23,sol_enterprise_77c84758c7,HAS_POSSIBLE_SOLUTION,Enterprise,control,DTOP-OLD/client/src/assets/docs/knowledgeRepository/graph/DtopCatalogs/control-catalog.json
AST-23,sol_large_business_881cacc5c1,HAS_POSSIBLE_SOLUTION,Large Business,control,DTOP-OLD/client/src/assets/docs/knowledgeRepository/graph/DtopCatalogs/control-catalog.json
AST-23,sol_medium_business_7c8b3dcde3,HAS_POSSIBLE_SOLUTION,Medium Business,control,DTOP-OLD/client/src/assets/docs/knowledgeRepository/graph/DtopCatalogs/control-catalog.json
AST-24,sol_enterprise_ccf970a86f,HAS_POSSIBLE_SOLUTION,Enterprise,control,DTOP-OLD/client/src/assets/docs/knowledgeRepository/graph/DtopCatalogs/control-catalog.json
AST-24,sol_large_business_75e1419f5b,HAS_POSSIBLE_SOLUTION,Large Business,control,DTOP-OLD/client/src/assets/docs/knowledgeRepository/graph/DtopCatalogs/control-catalog.json
AST-24,sol_medium_business_8cc60087cf,HAS_POSSIBLE_SOLUTION,Medium Business,control,DTOP-OLD/client/src/assets/docs/knowledgeRepository/graph/DtopCatalogs/control-catalog.json
AST-25,sol_enterprise_8f9ebfc3f2,HAS_POSSIBLE_SOLUTION,Enterprise,control,DTOP-OLD/client/src/assets/docs/knowledgeRepository/graph/DtopCatalogs/control-catalog.json
AST-25,sol_large_business_616d34a9f8,HAS_POSSIBLE_SOLUTION,Large Business,control,DTOP-OLD/client/src/assets/docs/knowledgeRepository/graph/DtopCatalogs/control-catalog.json
AST-25,sol_medium_business_c62a30c9af,HAS_POSSIBLE_SOLUTION,Medium Business,control,DTOP-OLD/client/src/assets/docs/knowledgeRepository/graph/DtopCatalogs/control-catalog.json
AST-26,sol_enterprise_9ddbda9efd,HAS_POSSIBLE_SOLUTION,Enterprise,control,DTOP-OLD/client/src/assets/docs/knowledgeRepository/graph/DtopCatalogs/control-catalog.json
AST-26,sol_large_business_a6282d0671,HAS_POSSIBLE_SOLUTION,Large Business,control,DTOP-OLD/client/src/assets/docs/knowledgeRepository/graph/DtopCatalogs/control-catalog.json
AST-26,sol_medium_business_b3d3973989,HAS_POSSIBLE_SOLUTION,Medium Business,control,DTOP-OLD/client/src/assets/docs/knowledgeRepository/graph/DtopCatalogs/control-catalog.json
AST-27,sol_enterprise_f89d84dbe2,HAS_POSSIBLE_SOLUTION,Enterprise,control,DTOP-OLD/client/src/assets/docs/knowledgeRepository/graph/DtopCatalogs/control-catalog.json
AST-27,sol_large_business_49fd2bbc18,HAS_POSSIBLE_SOLUTION,Large Business,control,DTOP-OLD/client/src/assets/docs/knowledgeRepository/graph/DtopCatalogs/control-catalog.json
AST-27,sol_medium_business_a2ea1b9bfb,HAS_POSSIBLE_SOLUTION,Medium Business,control,DTOP-OLD/client/src/assets/docs/knowledgeRepository/graph/DtopCatalogs/control-catalog.json
AST-28.1,sol_enterprise_8849262672,HAS_POSSIBLE_SOLUTION,Enterprise,control,DTOP-OLD/client/src/assets/docs/knowledgeRepository/graph/DtopCatalogs/control-catalog.json
AST-28.1,sol_large_business_682556ec41,HAS_POSSIBLE_SOLUTION,Large Business,control,DTOP-OLD/client/src/assets/docs/knowledgeRepository/graph/DtopCatalogs/control-catalog.json
AST-28.1,sol_medium_business_f6538971fb,HAS_POSSIBLE_SOLUTION,Medium Business,control,DTOP-OLD/client/src/assets/docs/knowledgeRepository/graph/DtopCatalogs/control-catalog.json
AST-29,sol_enterprise_ccf970a86f,HAS_POSSIBLE_SOLUTION,Enterprise,control,DTOP-OLD/client/src/assets/docs/knowledgeRepository/graph/DtopCatalogs/control-catalog.json
AST-29,sol_large_business_75e1419f5b,HAS_POSSIBLE_SOLUTION,Large Business,control,DTOP-OLD/client/src/assets/docs/knowledgeRepository/graph/DtopCatalogs/control-catalog.json
AST-29,sol_medium_business_8cc60087cf,HAS_POSSIBLE_SOLUTION,Medium Business,control,DTOP-OLD/client/src/assets/docs/knowledgeRepository/graph/DtopCatalogs/control-catalog.json
AST-29.1,sol_enterprise_ccf970a86f,HAS_POSSIBLE_SOLUTION,Enterprise,control,DTOP-OLD/client/src/assets/docs/knowledgeRepository/graph/DtopCatalogs/control-catalog.json
AST-29.1,sol_large_business_75e1419f5b,HAS_POSSIBLE_SOLUTION,Large Business,control,DTOP-OLD/client/src/assets/docs/knowledgeRepository/graph/DtopCatalogs/control-catalog.json
AST-29.1,sol_medium_business_8cc60087cf,HAS_POSSIBLE_SOLUTION,Medium Business,control,DTOP-OLD/client/src/assets/docs/knowledgeRepository/graph/DtopCatalogs/control-catalog.json
AST-30,sol_enterprise_8f9ebfc3f2,HAS_POSSIBLE_SOLUTION,Enterprise,control,DTOP-OLD/client/src/assets/docs/knowledgeRepository/graph/DtopCatalogs/control-catalog.json
AST-30,sol_large_business_616d34a9f8,HAS_POSSIBLE_SOLUTION,Large Business,control,DTOP-OLD/client/src/assets/docs/knowledgeRepository/graph/DtopCatalogs/control-catalog.json
AST-30,sol_medium_business_c62a30c9af,HAS_POSSIBLE_SOLUTION,Medium Business,control,DTOP-OLD/client/src/assets/docs/knowledgeRepository/graph/DtopCatalogs/control-catalog.json
AST-31,sol_enterprise_58f1b66057,HAS_POSSIBLE_SOLUTION,Enterprise,control,DTOP-OLD/client/src/assets/docs/knowledgeRepository/graph/DtopCatalogs/control-catalog.json
AST-31,sol_large_business_7cce52f473,HAS_POSSIBLE_SOLUTION,Large Business,control,DTOP-OLD/client/src/assets/docs/knowledgeRepository/graph/DtopCatalogs/control-catalog.json
AST-31,sol_medium_business_6387f94a77,HAS_POSSIBLE_SOLUTION,Medium Business,control,DTOP-OLD/client/src/assets/docs/knowledgeRepository/graph/DtopCatalogs/control-catalog.json
AST-31.1,sol_enterprise_14554ddaf0,HAS_POSSIBLE_SOLUTION,Enterprise,control,DTOP-OLD/client/src/assets/docs/knowledgeRepository/graph/DtopCatalogs/control-catalog.json
AST-31.1,sol_large_business_ff96418648,HAS_POSSIBLE_SOLUTION,Large Business,control,DTOP-OLD/client/src/assets/docs/knowledgeRepository/graph/DtopCatalogs/control-catalog.json
AST-31.1,sol_medium_business_ed60690fcf,HAS_POSSIBLE_SOLUTION,Medium Business,control,DTOP-OLD/client/src/assets/docs/knowledgeRepository/graph/DtopCatalogs/control-catalog.json
BCD-01,sol_enterprise_318acc916d,HAS_POSSIBLE_SOLUTION,Enterprise,control,DTOP-OLD/client/src/assets/docs/knowledgeRepository/graph/DtopCatalogs/control-catalog.json
BCD-01,sol_large_business_c27f5d4583,HAS_POSSIBLE_SOLUTION,Large Business,control,DTOP-OLD/client/src/assets/docs/knowledgeRepository/graph/DtopCatalogs/control-catalog.json
BCD-01,sol_medium_business_f8bd6b3dab,HAS_POSSIBLE_SOLUTION,Medium Business,control,DTOP-OLD/client/src/assets/docs/knowledgeRepository/graph/DtopCatalogs/control-catalog.json
BCD-01.1,sol_enterprise_eec9c76759,HAS_POSSIBLE_SOLUTION,Enterprise,control,DTOP-OLD/client/src/assets/docs/knowledgeRepository/graph/DtopCatalogs/control-catalog.json
BCD-01.1,sol_large_business_81aa69f648,HAS_POSSIBLE_SOLUTION,Large Business,control,DTOP-OLD/client/src/assets/docs/knowledgeRepository/graph/DtopCatalogs/control-catalog.json
BCD-01.1,sol_medium_business_e511c207be,HAS_POSSIBLE_SOLUTION,Medium Business,control,DTOP-OLD/client/src/assets/docs/knowledgeRepository/graph/DtopCatalogs/control-catalog.json
BCD-01.2,sol_enterprise_37f672973c,HAS_POSSIBLE_SOLUTION,Enterprise,control,DTOP-OLD/client/src/assets/docs/knowledgeRepository/graph/DtopCatalogs/control-catalog.json
BCD-01.2,sol_large_business_6406a5b0ea,HAS_POSSIBLE_SOLUTION,Large Business,control,DTOP-OLD/client/src/assets/docs/knowledgeRepository/graph/DtopCatalogs/control-catalog.json
BCD-01.2,sol_medium_business_0ac6c3f355,HAS_POSSIBLE_SOLUTION,Medium Business,control,DTOP-OLD/client/src/assets/docs/knowledgeRepository/graph/DtopCatalogs/control-catalog.json
BCD-01.3,sol_enterprise_ad8771f0ac,HAS_POSSIBLE_SOLUTION,Enterprise,control,DTOP-OLD/client/src/assets/docs/knowledgeRepository/graph/DtopCatalogs/control-catalog.json
BCD-01.3,sol_large_business_27ab37f663,HAS_POSSIBLE_SOLUTION,Large Business,control,DTOP-OLD/client/src/assets/docs/knowledgeRepository/graph/DtopCatalogs/control-catalog.json
BCD-01.3,sol_medium_business_e791cbdcb8,HAS_POSSIBLE_SOLUTION,Medium Business,control,DTOP-OLD/client/src/assets/docs/knowledgeRepository/graph/DtopCatalogs/control-catalog.json
BCD-01.4,sol_enterprise_30ec0866dd,HAS_POSSIBLE_SOLUTION,Enterprise,control,DTOP-OLD/client/src/assets/docs/knowledgeRepository/graph/DtopCatalogs/control-catalog.json
BCD-01.4,sol_large_business_d7a23cd981,HAS_POSSIBLE_SOLUTION,Large Business,control,DTOP-OLD/client/src/assets/docs/knowledgeRepository/graph/DtopCatalogs/control-catalog.json
BCD-01.4,sol_medium_business_aa648401dc,HAS_POSSIBLE_SOLUTION,Medium Business,control,DTOP-OLD/client/src/assets/docs/knowledgeRepository/graph/DtopCatalogs/control-catalog.json
BCD-01.5,sol_enterprise_30ec0866dd,HAS_POSSIBLE_SOLUTION,Enterprise,control,DTOP-OLD/client/src/assets/docs/knowledgeRepository/graph/DtopCatalogs/control-catalog.json
BCD-01.5,sol_large_business_d7a23cd981,HAS_POSSIBLE_SOLUTION,Large Business,control,DTOP-OLD/client/src/assets/docs/knowledgeRepository/graph/DtopCatalogs/control-catalog.json
BCD-01.5,sol_medium_business_aa648401dc,HAS_POSSIBLE_SOLUTION,Medium Business,control,DTOP-OLD/client/src/assets/docs/knowledgeRepository/graph/DtopCatalogs/control-catalog.json
BCD-01.6,sol_enterprise_ad8771f0ac,HAS_POSSIBLE_SOLUTION,Enterprise,control,DTOP-OLD/client/src/assets/docs/knowledgeRepository/graph/DtopCatalogs/control-catalog.json
BCD-01.6,sol_large_business_27ab37f663,HAS_POSSIBLE_SOLUTION,Large Business,control,DTOP-OLD/client/src/assets/docs/knowledgeRepository/graph/DtopCatalogs/control-catalog.json
BCD-01.6,sol_medium_business_e791cbdcb8,HAS_POSSIBLE_SOLUTION,Medium Business,control,DTOP-OLD/client/src/assets/docs/knowledgeRepository/graph/DtopCatalogs/control-catalog.json
BCD-02,sol_enterprise_08fb845bc9,HAS_POSSIBLE_SOLUTION,Enterprise,control,DTOP-OLD/client/src/assets/docs/knowledgeRepository/graph/DtopCatalogs/control-catalog.json
BCD-02,sol_large_business_b43255bdcd,HAS_POSSIBLE_SOLUTION,Large Business,control,DTOP-OLD/client/src/assets/docs/knowledgeRepository/graph/DtopCatalogs/control-catalog.json
BCD-02,sol_medium_business_ae2fb25455,HAS_POSSIBLE_SOLUTION,Medium Business,control,DTOP-OLD/client/src/assets/docs/knowledgeRepository/graph/DtopCatalogs/control-catalog.json
BCD-02.1,sol_enterprise_ad8771f0ac,HAS_POSSIBLE_SOLUTION,Enterprise,control,DTOP-OLD/client/src/assets/docs/knowledgeRepository/graph/DtopCatalogs/control-catalog.json
BCD-02.1,sol_large_business_27ab37f663,HAS_POSSIBLE_SOLUTION,Large Business,control,DTOP-OLD/client/src/assets/docs/knowledgeRepository/graph/DtopCatalogs/control-catalog.json
BCD-02.1,sol_medium_business_e791cbdcb8,HAS_POSSIBLE_SOLUTION,Medium Business,control,DTOP-OLD/client/src/assets/docs/knowledgeRepository/graph/DtopCatalogs/control-catalog.json
BCD-02.2,sol_enterprise_ad8771f0ac,HAS_POSSIBLE_SOLUTION,Enterprise,control,DTOP-OLD/client/src/assets/docs/knowledgeRepository/graph/DtopCatalogs/control-catalog.json
BCD-02.2,sol_large_business_27ab37f663,HAS_POSSIBLE_SOLUTION,Large Business,control,DTOP-OLD/client/src/assets/docs/knowledgeRepository/graph/DtopCatalogs/control-catalog.json
BCD-02.2,sol_medium_business_e791cbdcb8,HAS_POSSIBLE_SOLUTION,Medium Business,control,DTOP-OLD/client/src/assets/docs/knowledgeRepository/graph/DtopCatalogs/control-catalog.json
BCD-02.3,sol_enterprise_ad8771f0ac,HAS_POSSIBLE_SOLUTION,Enterprise,control,DTOP-OLD/client/src/assets/docs/knowledgeRepository/graph/DtopCatalogs/control-catalog.json
BCD-02.3,sol_large_business_27ab37f663,HAS_POSSIBLE_SOLUTION,Large Business,control,DTOP-OLD/client/src/assets/docs/knowledgeRepository/graph/DtopCatalogs/control-catalog.json
BCD-02.3,sol_medium_business_e791cbdcb8,HAS_POSSIBLE_SOLUTION,Medium Business,control,DTOP-OLD/client/src/assets/docs/knowledgeRepository/graph/DtopCatalogs/control-catalog.json
BCD-02.4,sol_enterprise_08fb845bc9,HAS_POSSIBLE_SOLUTION,Enterprise,control,DTOP-OLD/client/src/assets/docs/knowledgeRepository/graph/DtopCatalogs/control-catalog.json
BCD-02.4,sol_large_business_b43255bdcd,HAS_POSSIBLE_SOLUTION,Large Business,control,DTOP-OLD/client/src/assets/docs/knowledgeRepository/graph/DtopCatalogs/control-catalog.json
BCD-02.4,sol_medium_business_ae2fb25455,HAS_POSSIBLE_SOLUTION,Medium Business,control,DTOP-OLD/client/src/assets/docs/knowledgeRepository/graph/DtopCatalogs/control-catalog.json
BCD-03,sol_enterprise_6df24a7f97,HAS_POSSIBLE_SOLUTION,Enterprise,control,DTOP-OLD/client/src/assets/docs/knowledgeRepository/graph/DtopCatalogs/control-catalog.json
BCD-03,sol_large_business_8636df2208,HAS_POSSIBLE_SOLUTION,Large Business,control,DTOP-OLD/client/src/assets/docs/knowledgeRepository/graph/DtopCatalogs/control-catalog.json
BCD-03,sol_medium_business_e0f54d0b53,HAS_POSSIBLE_SOLUTION,Medium Business,control,DTOP-OLD/client/src/assets/docs/knowledgeRepository/graph/DtopCatalogs/control-catalog.json
BCD-03.1,sol_enterprise_4e2fee9509,HAS_POSSIBLE_SOLUTION,Enterprise,control,DTOP-OLD/client/src/assets/docs/knowledgeRepository/graph/DtopCatalogs/control-catalog.json
BCD-03.1,sol_large_business_aa2a185e51,HAS_POSSIBLE_SOLUTION,Large Business,control,DTOP-OLD/client/src/assets/docs/knowledgeRepository/graph/DtopCatalogs/control-catalog.json
BCD-03.1,sol_medium_business_cde8d5d52f,HAS_POSSIBLE_SOLUTION,Medium Business,control,DTOP-OLD/client/src/assets/docs/knowledgeRepository/graph/DtopCatalogs/control-catalog.json
BCD-04,sol_enterprise_4e2fee9509,HAS_POSSIBLE_SOLUTION,Enterprise,control,DTOP-OLD/client/src/assets/docs/knowledgeRepository/graph/DtopCatalogs/control-catalog.json
BCD-04,sol_large_business_aa2a185e51,HAS_POSSIBLE_SOLUTION,Large Business,control,DTOP-OLD/client/src/assets/docs/knowledgeRepository/graph/DtopCatalogs/control-catalog.json
BCD-04,sol_medium_business_cde8d5d52f,HAS_POSSIBLE_SOLUTION,Medium Business,control,DTOP-OLD/client/src/assets/docs/knowledgeRepository/graph/DtopCatalogs/control-catalog.json
BCD-04.1,sol_enterprise_0d82fde580,HAS_POSSIBLE_SOLUTION,Enterprise,control,DTOP-OLD/client/src/assets/docs/knowledgeRepository/graph/DtopCatalogs/control-catalog.json
BCD-04.1,sol_large_business_81a6f7dc93,HAS_POSSIBLE_SOLUTION,Large Business,control,DTOP-OLD/client/src/assets/docs/knowledgeRepository/graph/DtopCatalogs/control-catalog.json
BCD-04.1,sol_medium_business_4dd18bd173,HAS_POSSIBLE_SOLUTION,Medium Business,control,DTOP-OLD/client/src/assets/docs/knowledgeRepository/graph/DtopCatalogs/control-catalog.json
BCD-04.2,sol_enterprise_b22b764df2,HAS_POSSIBLE_SOLUTION,Enterprise,control,DTOP-OLD/client/src/assets/docs/knowledgeRepository/graph/DtopCatalogs/control-catalog.json
BCD-04.2,sol_large_business_6841db0ef6,HAS_POSSIBLE_SOLUTION,Large Business,control,DTOP-OLD/client/src/assets/docs/knowledgeRepository/graph/DtopCatalogs/control-catalog.json
BCD-04.2,sol_medium_business_5b7b76848e,HAS_POSSIBLE_SOLUTION,Medium Business,control,DTOP-OLD/client/src/assets/docs/knowledgeRepository/graph/DtopCatalogs/control-catalog.json
BCD-05,sol_enterprise_e4279737cc,HAS_POSSIBLE_SOLUTION,Enterprise,control,DTOP-OLD/client/src/assets/docs/knowledgeRepository/graph/DtopCatalogs/control-catalog.json
BCD-05,sol_large_business_cd133b47ed,HAS_POSSIBLE_SOLUTION,Large Business,control,DTOP-OLD/client/src/assets/docs/knowledgeRepository/graph/DtopCatalogs/control-catalog.json
BCD-05,sol_medium_business_affefd4830,HAS_POSSIBLE_SOLUTION,Medium Business,control,DTOP-OLD/client/src/assets/docs/knowledgeRepository/graph/DtopCatalogs/control-catalog.json
BCD-06,sol_enterprise_30f5860acb,HAS_POSSIBLE_SOLUTION,Enterprise,control,DTOP-OLD/client/src/assets/docs/knowledgeRepository/graph/DtopCatalogs/control-catalog.json
BCD-06,sol_large_business_d4245c6dc6,HAS_POSSIBLE_SOLUTION,Large Business,control,DTOP-OLD/client/src/assets/docs/knowledgeRepository/graph/DtopCatalogs/control-catalog.json
BCD-06,sol_medium_business_1983ce4211,HAS_POSSIBLE_SOLUTION,Medium Business,control,DTOP-OLD/client/src/assets/docs/knowledgeRepository/graph/DtopCatalogs/control-catalog.json
BCD-07,sol_enterprise_8b7700c098,HAS_POSSIBLE_SOLUTION,Enterprise,control,DTOP-OLD/client/src/assets/docs/knowledgeRepository/graph/DtopCatalogs/control-catalog.json
BCD-07,sol_large_business_0e43769983,HAS_POSSIBLE_SOLUTION,Large Business,control,DTOP-OLD/client/src/assets/docs/knowledgeRepository/graph/DtopCatalogs/control-catalog.json
BCD-07,sol_medium_business_400f7dc831,HAS_POSSIBLE_SOLUTION,Medium Business,control,DTOP-OLD/client/src/assets/docs/knowledgeRepository/graph/DtopCatalogs/control-catalog.json
BCD-08,sol_enterprise_1cf81847fd,HAS_POSSIBLE_SOLUTION,Enterprise,control,DTOP-OLD/client/src/assets/docs/knowledgeRepository/graph/DtopCatalogs/control-catalog.json
BCD-08,sol_large_business_a8b197af4a,HAS_POSSIBLE_SOLUTION,Large Business,control,DTOP-OLD/client/src/assets/docs/knowledgeRepository/graph/DtopCatalogs/control-catalog.json
BCD-08,sol_medium_business_d2c7851a88,HAS_POSSIBLE_SOLUTION,Medium Business,control,DTOP-OLD/client/src/assets/docs/knowledgeRepository/graph/DtopCatalogs/control-catalog.json
BCD-08.1,sol_enterprise_b0d92cfbb4,HAS_POSSIBLE_SOLUTION,Enterprise,control,DTOP-OLD/client/src/assets/docs/knowledgeRepository/graph/DtopCatalogs/control-catalog.json
BCD-08.1,sol_large_business_98767b7267,HAS_POSSIBLE_SOLUTION,Large Business,control,DTOP-OLD/client/src/assets/docs/knowledgeRepository/graph/DtopCatalogs/control-catalog.json
BCD-08.1,sol_medium_business_0a6cdd8a01,HAS_POSSIBLE_SOLUTION,Medium Business,control,DTOP-OLD/client/src/assets/docs/knowledgeRepository/graph/DtopCatalogs/control-catalog.json
BCD-08.2,sol_enterprise_b0d92cfbb4,HAS_POSSIBLE_SOLUTION,Enterprise,control,DTOP-OLD/client/src/assets/docs/knowledgeRepository/graph/DtopCatalogs/control-catalog.json
BCD-08.2,sol_large_business_98767b7267,HAS_POSSIBLE_SOLUTION,Large Business,control,DTOP-OLD/client/src/assets/docs/knowledgeRepository/graph/DtopCatalogs/control-catalog.json
BCD-08.2,sol_medium_business_0a6cdd8a01,HAS_POSSIBLE_SOLUTION,Medium Business,control,DTOP-OLD/client/src/assets/docs/knowledgeRepository/graph/DtopCatalogs/control-catalog.json
BCD-09,sol_enterprise_1cf81847fd,HAS_POSSIBLE_SOLUTION,Enterprise,control,DTOP-OLD/client/src/assets/docs/knowledgeRepository/graph/DtopCatalogs/control-catalog.json
BCD-09,sol_large_business_a8b197af4a,HAS_POSSIBLE_SOLUTION,Large Business,control,DTOP-OLD/client/src/assets/docs/knowledgeRepository/graph/DtopCatalogs/control-catalog.json
BCD-09,sol_medium_business_d2c7851a88,HAS_POSSIBLE_SOLUTION,Medium Business,control,DTOP-OLD/client/src/assets/docs/knowledgeRepository/graph/DtopCatalogs/control-catalog.json
BCD-09.1,sol_enterprise_b0d92cfbb4,HAS_POSSIBLE_SOLUTION,Enterprise,control,DTOP-OLD/client/src/assets/docs/knowledgeRepository/graph/DtopCatalogs/control-catalog.json
BCD-09.1,sol_large_business_98767b7267,HAS_POSSIBLE_SOLUTION,Large Business,control,DTOP-OLD/client/src/assets/docs/knowledgeRepository/graph/DtopCatalogs/control-catalog.json
BCD-09.1,sol_medium_business_0a6cdd8a01,HAS_POSSIBLE_SOLUTION,Medium Business,control,DTOP-OLD/client/src/assets/docs/knowledgeRepository/graph/DtopCatalogs/control-catalog.json
BCD-09.2,sol_enterprise_b0d92cfbb4,HAS_POSSIBLE_SOLUTION,Enterprise,control,DTOP-OLD/client/src/assets/docs/knowledgeRepository/graph/DtopCatalogs/control-catalog.json
BCD-09.2,sol_large_business_98767b7267,HAS_POSSIBLE_SOLUTION,Large Business,control,DTOP-OLD/client/src/assets/docs/knowledgeRepository/graph/DtopCatalogs/control-catalog.json
BCD-09.2,sol_medium_business_0a6cdd8a01,HAS_POSSIBLE_SOLUTION,Medium Business,control,DTOP-OLD/client/src/assets/docs/knowledgeRepository/graph/DtopCatalogs/control-catalog.json
BCD-09.3,sol_enterprise_e7bbb86248,HAS_POSSIBLE_SOLUTION,Enterprise,control,DTOP-OLD/client/src/assets/docs/knowledgeRepository/graph/DtopCatalogs/control-catalog.json
BCD-09.3,sol_large_business_0a82a84d99,HAS_POSSIBLE_SOLUTION,Large Business,control,DTOP-OLD/client/src/assets/docs/knowledgeRepository/graph/DtopCatalogs/control-catalog.json
BCD-09.3,sol_medium_business_559481742c,HAS_POSSIBLE_SOLUTION,Medium Business,control,DTOP-OLD/client/src/assets/docs/knowledgeRepository/graph/DtopCatalogs/control-catalog.json
BCD-09.4,sol_enterprise_b0d92cfbb4,HAS_POSSIBLE_SOLUTION,Enterprise,control,DTOP-OLD/client/src/assets/docs/knowledgeRepository/graph/DtopCatalogs/control-catalog.json
BCD-09.4,sol_large_business_98767b7267,HAS_POSSIBLE_SOLUTION,Large Business,control,DTOP-OLD/client/src/assets/docs/knowledgeRepository/graph/DtopCatalogs/control-catalog.json
BCD-09.4,sol_medium_business_0a6cdd8a01,HAS_POSSIBLE_SOLUTION,Medium Business,control,DTOP-OLD/client/src/assets/docs/knowledgeRepository/graph/DtopCatalogs/control-catalog.json
BCD-09.5,sol_enterprise_b0d92cfbb4,HAS_POSSIBLE_SOLUTION,Enterprise,control,DTOP-OLD/client/src/assets/docs/knowledgeRepository/graph/DtopCatalogs/control-catalog.json
BCD-09.5,sol_large_business_98767b7267,HAS_POSSIBLE_SOLUTION,Large Business,control,DTOP-OLD/client/src/assets/docs/knowledgeRepository/graph/DtopCatalogs/control-catalog.json
BCD-09.5,sol_medium_business_0a6cdd8a01,HAS_POSSIBLE_SOLUTION,Medium Business,control,DTOP-OLD/client/src/assets/docs/knowledgeRepository/graph/DtopCatalogs/control-catalog.json
BCD-10,sol_enterprise_f176dbd4d6,HAS_POSSIBLE_SOLUTION,Enterprise,control,DTOP-OLD/client/src/assets/docs/knowledgeRepository/graph/DtopCatalogs/control-catalog.json
BCD-10,sol_large_business_ac3d2189e0,HAS_POSSIBLE_SOLUTION,Large Business,control,DTOP-OLD/client/src/assets/docs/knowledgeRepository/graph/DtopCatalogs/control-catalog.json
BCD-10,sol_medium_business_75fdd12523,HAS_POSSIBLE_SOLUTION,Medium Business,control,DTOP-OLD/client/src/assets/docs/knowledgeRepository/graph/DtopCatalogs/control-catalog.json
BCD-10.1,sol_enterprise_e7bbb86248,HAS_POSSIBLE_SOLUTION,Enterprise,control,DTOP-OLD/client/src/assets/docs/knowledgeRepository/graph/DtopCatalogs/control-catalog.json
BCD-10.1,sol_large_business_0a82a84d99,HAS_POSSIBLE_SOLUTION,Large Business,control,DTOP-OLD/client/src/assets/docs/knowledgeRepository/graph/DtopCatalogs/control-catalog.json
BCD-10.1,sol_medium_business_559481742c,HAS_POSSIBLE_SOLUTION,Medium Business,control,DTOP-OLD/client/src/assets/docs/knowledgeRepository/graph/DtopCatalogs/control-catalog.json
BCD-10.2,sol_enterprise_b0d92cfbb4,HAS_POSSIBLE_SOLUTION,Enterprise,control,DTOP-OLD/client/src/assets/docs/knowledgeRepository/graph/DtopCatalogs/control-catalog.json
BCD-10.2,sol_large_business_98767b7267,HAS_POSSIBLE_SOLUTION,Large Business,control,DTOP-OLD/client/src/assets/docs/knowledgeRepository/graph/DtopCatalogs/control-catalog.json
BCD-10.2,sol_medium_business_0a6cdd8a01,HAS_POSSIBLE_SOLUTION,Medium Business,control,DTOP-OLD/client/src/assets/docs/knowledgeRepository/graph/DtopCatalogs/control-catalog.json
BCD-10.3,sol_enterprise_6e2c906431,HAS_POSSIBLE_SOLUTION,Enterprise,control,DTOP-OLD/client/src/assets/docs/knowledgeRepository/graph/DtopCatalogs/control-catalog.json
BCD-10.3,sol_large_business_0ebb793fa7,HAS_POSSIBLE_SOLUTION,Large Business,control,DTOP-OLD/client/src/assets/docs/knowledgeRepository/graph/DtopCatalogs/control-catalog.json
BCD-10.3,sol_medium_business_1219b89742,HAS_POSSIBLE_SOLUTION,Medium Business,control,DTOP-OLD/client/src/assets/docs/knowledgeRepository/graph/DtopCatalogs/control-catalog.json
BCD-10.4,sol_enterprise_b0d92cfbb4,HAS_POSSIBLE_SOLUTION,Enterprise,control,DTOP-OLD/client/src/assets/docs/knowledgeRepository/graph/DtopCatalogs/control-catalog.json
BCD-10.4,sol_large_business_98767b7267,HAS_POSSIBLE_SOLUTION,Large Business,control,DTOP-OLD/client/src/assets/docs/knowledgeRepository/graph/DtopCatalogs/control-catalog.json
BCD-10.4,sol_medium_business_0a6cdd8a01,HAS_POSSIBLE_SOLUTION,Medium Business,control,DTOP-OLD/client/src/assets/docs/knowledgeRepository/graph/DtopCatalogs/control-catalog.json
BCD-11,sol_enterprise_b7e2319b38,HAS_POSSIBLE_SOLUTION,Enterprise,control,DTOP-OLD/client/src/assets/docs/knowledgeRepository/graph/DtopCatalogs/control-catalog.json
BCD-11,sol_large_business_89c51bac70,HAS_POSSIBLE_SOLUTION,Large Business,control,DTOP-OLD/client/src/assets/docs/knowledgeRepository/graph/DtopCatalogs/control-catalog.json
BCD-11,sol_medium_business_a66ac8b982,HAS_POSSIBLE_SOLUTION,Medium Business,control,DTOP-OLD/client/src/assets/docs/knowledgeRepository/graph/DtopCatalogs/control-catalog.json
BCD-11.1,sol_enterprise_16d6e297f9,HAS_POSSIBLE_SOLUTION,Enterprise,control,DTOP-OLD/client/src/assets/docs/knowledgeRepository/graph/DtopCatalogs/control-catalog.json
BCD-11.1,sol_large_business_c74959b02f,HAS_POSSIBLE_SOLUTION,Large Business,control,DTOP-OLD/client/src/assets/docs/knowledgeRepository/graph/DtopCatalogs/control-catalog.json
BCD-11.1,sol_medium_business_8e6eade5f5,HAS_POSSIBLE_SOLUTION,Medium Business,control,DTOP-OLD/client/src/assets/docs/knowledgeRepository/graph/DtopCatalogs/control-catalog.json
BCD-11.10,sol_enterprise_1a34538731,HAS_POSSIBLE_SOLUTION,Enterprise,control,DTOP-OLD/client/src/assets/docs/knowledgeRepository/graph/DtopCatalogs/control-catalog.json
BCD-11.10,sol_large_business_f3abf13f62,HAS_POSSIBLE_SOLUTION,Large Business,control,DTOP-OLD/client/src/assets/docs/knowledgeRepository/graph/DtopCatalogs/control-catalog.json
BCD-11.10,sol_medium_business_ebeee638ef,HAS_POSSIBLE_SOLUTION,Medium Business,control,DTOP-OLD/client/src/assets/docs/knowledgeRepository/graph/DtopCatalogs/control-catalog.json
BCD-11.2,sol_enterprise_b7e2319b38,HAS_POSSIBLE_SOLUTION,Enterprise,control,DTOP-OLD/client/src/assets/docs/knowledgeRepository/graph/DtopCatalogs/control-catalog.json
BCD-11.2,sol_large_business_89c51bac70,HAS_POSSIBLE_SOLUTION,Large Business,control,DTOP-OLD/client/src/assets/docs/knowledgeRepository/graph/DtopCatalogs/control-catalog.json
BCD-11.2,sol_medium_business_a66ac8b982,HAS_POSSIBLE_SOLUTION,Medium Business,control,DTOP-OLD/client/src/assets/docs/knowledgeRepository/graph/DtopCatalogs/control-catalog.json
BCD-11.3,sol_enterprise_59271e40f2,HAS_POSSIBLE_SOLUTION,Enterprise,control,DTOP-OLD/client/src/assets/docs/knowledgeRepository/graph/DtopCatalogs/control-catalog.json
BCD-11.3,sol_large_business_13d5132d76,HAS_POSSIBLE_SOLUTION,Large Business,control,DTOP-OLD/client/src/assets/docs/knowledgeRepository/graph/DtopCatalogs/control-catalog.json
BCD-11.3,sol_medium_business_f3989b9ec5,HAS_POSSIBLE_SOLUTION,Medium Business,control,DTOP-OLD/client/src/assets/docs/knowledgeRepository/graph/DtopCatalogs/control-catalog.json
BCD-11.4,sol_enterprise_71cf62d656,HAS_POSSIBLE_SOLUTION,Enterprise,control,DTOP-OLD/client/src/assets/docs/knowledgeRepository/graph/DtopCatalogs/control-catalog.json
BCD-11.4,sol_large_business_b9d348e37a,HAS_POSSIBLE_SOLUTION,Large Business,control,DTOP-OLD/client/src/assets/docs/knowledgeRepository/graph/DtopCatalogs/control-catalog.json
BCD-11.4,sol_medium_business_c1c30e0032,HAS_POSSIBLE_SOLUTION,Medium Business,control,DTOP-OLD/client/src/assets/docs/knowledgeRepository/graph/DtopCatalogs/control-catalog.json
BCD-11.5,sol_enterprise_16d6e297f9,HAS_POSSIBLE_SOLUTION,Enterprise,control,DTOP-OLD/client/src/assets/docs/knowledgeRepository/graph/DtopCatalogs/control-catalog.json
BCD-11.5,sol_large_business_c74959b02f,HAS_POSSIBLE_SOLUTION,Large Business,control,DTOP-OLD/client/src/assets/docs/knowledgeRepository/graph/DtopCatalogs/control-catalog.json
BCD-11.5,sol_medium_business_8e6eade5f5,HAS_POSSIBLE_SOLUTION,Medium Business,control,DTOP-OLD/client/src/assets/docs/knowledgeRepository/graph/DtopCatalogs/control-catalog.json
BCD-11.6,sol_enterprise_4dc89750d0,HAS_POSSIBLE_SOLUTION,Enterprise,control,DTOP-OLD/client/src/assets/docs/knowledgeRepository/graph/DtopCatalogs/control-catalog.json
BCD-11.6,sol_large_business_1f2d84b660,HAS_POSSIBLE_SOLUTION,Large Business,control,DTOP-OLD/client/src/assets/docs/knowledgeRepository/graph/DtopCatalogs/control-catalog.json
BCD-11.6,sol_medium_business_217ad9f6c2,HAS_POSSIBLE_SOLUTION,Medium Business,control,DTOP-OLD/client/src/assets/docs/knowledgeRepository/graph/DtopCatalogs/control-catalog.json
BCD-11.7,sol_enterprise_4dc89750d0,HAS_POSSIBLE_SOLUTION,Enterprise,control,DTOP-OLD/client/src/assets/docs/knowledgeRepository/graph/DtopCatalogs/control-catalog.json
BCD-11.7,sol_large_business_1f2d84b660,HAS_POSSIBLE_SOLUTION,Large Business,control,DTOP-OLD/client/src/assets/docs/knowledgeRepository/graph/DtopCatalogs/control-catalog.json
BCD-11.7,sol_medium_business_217ad9f6c2,HAS_POSSIBLE_SOLUTION,Medium Business,control,DTOP-OLD/client/src/assets/docs/knowledgeRepository/graph/DtopCatalogs/control-catalog.json
BCD-11.8,sol_enterprise_f4a708a553,HAS_POSSIBLE_SOLUTION,Enterprise,control,DTOP-OLD/client/src/assets/docs/knowledgeRepository/graph/DtopCatalogs/control-catalog.json
BCD-11.8,sol_large_business_af1df2601c,HAS_POSSIBLE_SOLUTION,Large Business,control,DTOP-OLD/client/src/assets/docs/knowledgeRepository/graph/DtopCatalogs/control-catalog.json
BCD-11.8,sol_medium_business_8f782c643d,HAS_POSSIBLE_SOLUTION,Medium Business,control,DTOP-OLD/client/src/assets/docs/knowledgeRepository/graph/DtopCatalogs/control-catalog.json
BCD-11.9,sol_enterprise_1a34538731,HAS_POSSIBLE_SOLUTION,Enterprise,control,DTOP-OLD/client/src/assets/docs/knowledgeRepository/graph/DtopCatalogs/control-catalog.json
BCD-11.9,sol_large_business_f3abf13f62,HAS_POSSIBLE_SOLUTION,Large Business,control,DTOP-OLD/client/src/assets/docs/knowledgeRepository/graph/DtopCatalogs/control-catalog.json
BCD-11.9,sol_medium_business_ebeee638ef,HAS_POSSIBLE_SOLUTION,Medium Business,control,DTOP-OLD/client/src/assets/docs/knowledgeRepository/graph/DtopCatalogs/control-catalog.json
BCD-12,sol_enterprise_ae0cf05a74,HAS_POSSIBLE_SOLUTION,Enterprise,control,DTOP-OLD/client/src/assets/docs/knowledgeRepository/graph/DtopCatalogs/control-catalog.json
BCD-12,sol_large_business_bc940cfa2b,HAS_POSSIBLE_SOLUTION,Large Business,control,DTOP-OLD/client/src/assets/docs/knowledgeRepository/graph/DtopCatalogs/control-catalog.json
BCD-12,sol_medium_business_9ab83fc49d,HAS_POSSIBLE_SOLUTION,Medium Business,control,DTOP-OLD/client/src/assets/docs/knowledgeRepository/graph/DtopCatalogs/control-catalog.json
BCD-12.2,sol_enterprise_4068ed6726,HAS_POSSIBLE_SOLUTION,Enterprise,control,DTOP-OLD/client/src/assets/docs/knowledgeRepository/graph/DtopCatalogs/control-catalog.json
BCD-12.2,sol_large_business_ed46fd57c6,HAS_POSSIBLE_SOLUTION,Large Business,control,DTOP-OLD/client/src/assets/docs/knowledgeRepository/graph/DtopCatalogs/control-catalog.json
BCD-12.2,sol_medium_business_874e5ede65,HAS_POSSIBLE_SOLUTION,Medium Business,control,DTOP-OLD/client/src/assets/docs/knowledgeRepository/graph/DtopCatalogs/control-catalog.json
BCD-12.3,sol_enterprise_dd8e5658b6,HAS_POSSIBLE_SOLUTION,Enterprise,control,DTOP-OLD/client/src/assets/docs/knowledgeRepository/graph/DtopCatalogs/control-catalog.json
BCD-12.3,sol_large_business_3bb2c92629,HAS_POSSIBLE_SOLUTION,Large Business,control,DTOP-OLD/client/src/assets/docs/knowledgeRepository/graph/DtopCatalogs/control-catalog.json
BCD-12.3,sol_medium_business_6df1a29088,HAS_POSSIBLE_SOLUTION,Medium Business,control,DTOP-OLD/client/src/assets/docs/knowledgeRepository/graph/DtopCatalogs/control-catalog.json
BCD-12.4,sol_enterprise_ae0cf05a74,HAS_POSSIBLE_SOLUTION,Enterprise,control,DTOP-OLD/client/src/assets/docs/knowledgeRepository/graph/DtopCatalogs/control-catalog.json
BCD-12.4,sol_large_business_bc940cfa2b,HAS_POSSIBLE_SOLUTION,Large Business,control,DTOP-OLD/client/src/assets/docs/knowledgeRepository/graph/DtopCatalogs/control-catalog.json
BCD-12.4,sol_medium_business_9ab83fc49d,HAS_POSSIBLE_SOLUTION,Medium Business,control,DTOP-OLD/client/src/assets/docs/knowledgeRepository/graph/DtopCatalogs/control-catalog.json
BCD-13,sol_enterprise_1a34538731,HAS_POSSIBLE_SOLUTION,Enterprise,control,DTOP-OLD/client/src/assets/docs/knowledgeRepository/graph/DtopCatalogs/control-catalog.json
BCD-13,sol_large_business_f3abf13f62,HAS_POSSIBLE_SOLUTION,Large Business,control,DTOP-OLD/client/src/assets/docs/knowledgeRepository/graph/DtopCatalogs/control-catalog.json
BCD-13,sol_medium_business_ebeee638ef,HAS_POSSIBLE_SOLUTION,Medium Business,control,DTOP-OLD/client/src/assets/docs/knowledgeRepository/graph/DtopCatalogs/control-catalog.json
BCD-14,sol_enterprise_d8cf95dc47,HAS_POSSIBLE_SOLUTION,Enterprise,control,DTOP-OLD/client/src/assets/docs/knowledgeRepository/graph/DtopCatalogs/control-catalog.json
BCD-14,sol_large_business_47f9cbbcd6,HAS_POSSIBLE_SOLUTION,Large Business,control,DTOP-OLD/client/src/assets/docs/knowledgeRepository/graph/DtopCatalogs/control-catalog.json
BCD-14,sol_medium_business_60339390aa,HAS_POSSIBLE_SOLUTION,Medium Business,control,DTOP-OLD/client/src/assets/docs/knowledgeRepository/graph/DtopCatalogs/control-catalog.json
BCD-15,sol_enterprise_f8d3f99ef5,HAS_POSSIBLE_SOLUTION,Enterprise,control,DTOP-OLD/client/src/assets/docs/knowledgeRepository/graph/DtopCatalogs/control-catalog.json
BCD-15,sol_large_business_ca3415d3c5,HAS_POSSIBLE_SOLUTION,Large Business,control,DTOP-OLD/client/src/assets/docs/knowledgeRepository/graph/DtopCatalogs/control-catalog.json
BCD-15,sol_medium_business_f76283a1b5,HAS_POSSIBLE_SOLUTION,Medium Business,control,DTOP-OLD/client/src/assets/docs/knowledgeRepository/graph/DtopCatalogs/control-catalog.json
BCD-16,sol_enterprise_7b0a27f24a,HAS_POSSIBLE_SOLUTION,Enterprise,control,DTOP-OLD/client/src/assets/docs/knowledgeRepository/graph/DtopCatalogs/control-catalog.json
BCD-16,sol_large_business_027c9ad0a0,HAS_POSSIBLE_SOLUTION,Large Business,control,DTOP-OLD/client/src/assets/docs/knowledgeRepository/graph/DtopCatalogs/control-catalog.json
BCD-16,sol_medium_business_b42872c234,HAS_POSSIBLE_SOLUTION,Medium Business,control,DTOP-OLD/client/src/assets/docs/knowledgeRepository/graph/DtopCatalogs/control-catalog.json
CAP-01,sol_enterprise_4265bd1fc4,HAS_POSSIBLE_SOLUTION,Enterprise,control,DTOP-OLD/client/src/assets/docs/knowledgeRepository/graph/DtopCatalogs/control-catalog.json
CAP-01,sol_large_business_901f1096db,HAS_POSSIBLE_SOLUTION,Large Business,control,DTOP-OLD/client/src/assets/docs/knowledgeRepository/graph/DtopCatalogs/control-catalog.json
CAP-01,sol_medium_business_e13a7f1f2e,HAS_POSSIBLE_SOLUTION,Medium Business,control,DTOP-OLD/client/src/assets/docs/knowledgeRepository/graph/DtopCatalogs/control-catalog.json
CAP-04,sol_enterprise_4265bd1fc4,HAS_POSSIBLE_SOLUTION,Enterprise,control,DTOP-OLD/client/src/assets/docs/knowledgeRepository/graph/DtopCatalogs/control-catalog.json
CAP-04,sol_large_business_901f1096db,HAS_POSSIBLE_SOLUTION,Large Business,control,DTOP-OLD/client/src/assets/docs/knowledgeRepository/graph/DtopCatalogs/control-catalog.json
CAP-04,sol_medium_business_6b30c7761e,HAS_POSSIBLE_SOLUTION,Medium Business,control,DTOP-OLD/client/src/assets/docs/knowledgeRepository/graph/DtopCatalogs/control-catalog.json
CFG-01,sol_enterprise_ecfdfb37e0,HAS_POSSIBLE_SOLUTION,Enterprise,control,DTOP-OLD/client/src/assets/docs/knowledgeRepository/graph/DtopCatalogs/control-catalog.json
CFG-01,sol_large_business_17a70bad49,HAS_POSSIBLE_SOLUTION,Large Business,control,DTOP-OLD/client/src/assets/docs/knowledgeRepository/graph/DtopCatalogs/control-catalog.json
CFG-01,sol_medium_business_ed7cf9e7a0,HAS_POSSIBLE_SOLUTION,Medium Business,control,DTOP-OLD/client/src/assets/docs/knowledgeRepository/graph/DtopCatalogs/control-catalog.json
CFG-01.1,sol_enterprise_fbe6a4518a,HAS_POSSIBLE_SOLUTION,Enterprise,control,DTOP-OLD/client/src/assets/docs/knowledgeRepository/graph/DtopCatalogs/control-catalog.json
CFG-01.1,sol_large_business_60c5dca626,HAS_POSSIBLE_SOLUTION,Large Business,control,DTOP-OLD/client/src/assets/docs/knowledgeRepository/graph/DtopCatalogs/control-catalog.json
CFG-01.1,sol_medium_business_300e048af2,HAS_POSSIBLE_SOLUTION,Medium Business,control,DTOP-OLD/client/src/assets/docs/knowledgeRepository/graph/DtopCatalogs/control-catalog.json
CFG-02,sol_enterprise_323e687fe0,HAS_POSSIBLE_SOLUTION,Enterprise,control,DTOP-OLD/client/src/assets/docs/knowledgeRepository/graph/DtopCatalogs/control-catalog.json
CFG-02,sol_large_business_dca355953f,HAS_POSSIBLE_SOLUTION,Large Business,control,DTOP-OLD/client/src/assets/docs/knowledgeRepository/graph/DtopCatalogs/control-catalog.json
CFG-02,sol_medium_business_35b595c72e,HAS_POSSIBLE_SOLUTION,Medium Business,control,DTOP-OLD/client/src/assets/docs/knowledgeRepository/graph/DtopCatalogs/control-catalog.json
CFG-02.1,sol_enterprise_ecfdfb37e0,HAS_POSSIBLE_SOLUTION,Enterprise,control,DTOP-OLD/client/src/assets/docs/knowledgeRepository/graph/DtopCatalogs/control-catalog.json
CFG-02.1,sol_large_business_17a70bad49,HAS_POSSIBLE_SOLUTION,Large Business,control,DTOP-OLD/client/src/assets/docs/knowledgeRepository/graph/DtopCatalogs/control-catalog.json
CFG-02.1,sol_medium_business_ed7cf9e7a0,HAS_POSSIBLE_SOLUTION,Medium Business,control,DTOP-OLD/client/src/assets/docs/knowledgeRepository/graph/DtopCatalogs/control-catalog.json
CFG-02.2,sol_enterprise_3f846f4039,HAS_POSSIBLE_SOLUTION,Enterprise,control,DTOP-OLD/client/src/assets/docs/knowledgeRepository/graph/DtopCatalogs/control-catalog.json
CFG-02.2,sol_large_business_5419b4e744,HAS_POSSIBLE_SOLUTION,Large Business,control,DTOP-OLD/client/src/assets/docs/knowledgeRepository/graph/DtopCatalogs/control-catalog.json
CFG-02.2,sol_medium_business_a3ae2c11ad,HAS_POSSIBLE_SOLUTION,Medium Business,control,DTOP-OLD/client/src/assets/docs/knowledgeRepository/graph/DtopCatalogs/control-catalog.json
CFG-02.5,sol_enterprise_323e687fe0,HAS_POSSIBLE_SOLUTION,Enterprise,control,DTOP-OLD/client/src/assets/docs/knowledgeRepository/graph/DtopCatalogs/control-catalog.json
CFG-02.5,sol_large_business_dca355953f,HAS_POSSIBLE_SOLUTION,Large Business,control,DTOP-OLD/client/src/assets/docs/knowledgeRepository/graph/DtopCatalogs/control-catalog.json
CFG-02.5,sol_medium_business_35b595c72e,HAS_POSSIBLE_SOLUTION,Medium Business,control,DTOP-OLD/client/src/assets/docs/knowledgeRepository/graph/DtopCatalogs/control-catalog.json
CFG-02.7,sol_enterprise_3f846f4039,HAS_POSSIBLE_SOLUTION,Enterprise,control,DTOP-OLD/client/src/assets/docs/knowledgeRepository/graph/DtopCatalogs/control-catalog.json
CFG-02.7,sol_large_business_5419b4e744,HAS_POSSIBLE_SOLUTION,Large Business,control,DTOP-OLD/client/src/assets/docs/knowledgeRepository/graph/DtopCatalogs/control-catalog.json
CFG-02.7,sol_medium_business_bebd49cd6f,HAS_POSSIBLE_SOLUTION,Medium Business,control,DTOP-OLD/client/src/assets/docs/knowledgeRepository/graph/DtopCatalogs/control-catalog.json
CFG-02.8,sol_enterprise_42a31debd1,HAS_POSSIBLE_SOLUTION,Enterprise,control,DTOP-OLD/client/src/assets/docs/knowledgeRepository/graph/DtopCatalogs/control-catalog.json
CFG-02.8,sol_large_business_5e7999adc2,HAS_POSSIBLE_SOLUTION,Large Business,control,DTOP-OLD/client/src/assets/docs/knowledgeRepository/graph/DtopCatalogs/control-catalog.json
CFG-02.8,sol_medium_business_08daa28092,HAS_POSSIBLE_SOLUTION,Medium Business,control,DTOP-OLD/client/src/assets/docs/knowledgeRepository/graph/DtopCatalogs/control-catalog.json
CFG-02.9,sol_enterprise_323e687fe0,HAS_POSSIBLE_SOLUTION,Enterprise,control,DTOP-OLD/client/src/assets/docs/knowledgeRepository/graph/DtopCatalogs/control-catalog.json
CFG-02.9,sol_large_business_dca355953f,HAS_POSSIBLE_SOLUTION,Large Business,control,DTOP-OLD/client/src/assets/docs/knowledgeRepository/graph/DtopCatalogs/control-catalog.json
CFG-02.9,sol_medium_business_818c4419ff,HAS_POSSIBLE_SOLUTION,Medium Business,control,DTOP-OLD/client/src/assets/docs/knowledgeRepository/graph/DtopCatalogs/control-catalog.json
CFG-03,sol_enterprise_80580b89a7,HAS_POSSIBLE_SOLUTION,Enterprise,control,DTOP-OLD/client/src/assets/docs/knowledgeRepository/graph/DtopCatalogs/control-catalog.json
CFG-03,sol_large_business_ea179e1141,HAS_POSSIBLE_SOLUTION,Large Business,control,DTOP-OLD/client/src/assets/docs/knowledgeRepository/graph/DtopCatalogs/control-catalog.json
CFG-03,sol_medium_business_c26b63a4ee,HAS_POSSIBLE_SOLUTION,Medium Business,control,DTOP-OLD/client/src/assets/docs/knowledgeRepository/graph/DtopCatalogs/control-catalog.json
CFG-03.1,sol_enterprise_ecfdfb37e0,HAS_POSSIBLE_SOLUTION,Enterprise,control,DTOP-OLD/client/src/assets/docs/knowledgeRepository/graph/DtopCatalogs/control-catalog.json
CFG-03.1,sol_large_business_17a70bad49,HAS_POSSIBLE_SOLUTION,Large Business,control,DTOP-OLD/client/src/assets/docs/knowledgeRepository/graph/DtopCatalogs/control-catalog.json
CFG-03.1,sol_medium_business_ed7cf9e7a0,HAS_POSSIBLE_SOLUTION,Medium Business,control,DTOP-OLD/client/src/assets/docs/knowledgeRepository/graph/DtopCatalogs/control-catalog.json
CFG-03.2,sol_enterprise_68e6cf4db3,HAS_POSSIBLE_SOLUTION,Enterprise,control,DTOP-OLD/client/src/assets/docs/knowledgeRepository/graph/DtopCatalogs/control-catalog.json
CFG-03.2,sol_large_business_293b520eb3,HAS_POSSIBLE_SOLUTION,Large Business,control,DTOP-OLD/client/src/assets/docs/knowledgeRepository/graph/DtopCatalogs/control-catalog.json
CFG-03.2,sol_medium_business_346bda3af1,HAS_POSSIBLE_SOLUTION,Medium Business,control,DTOP-OLD/client/src/assets/docs/knowledgeRepository/graph/DtopCatalogs/control-catalog.json
CFG-03.3,sol_enterprise_68e6cf4db3,HAS_POSSIBLE_SOLUTION,Enterprise,control,DTOP-OLD/client/src/assets/docs/knowledgeRepository/graph/DtopCatalogs/control-catalog.json
CFG-03.3,sol_large_business_293b520eb3,HAS_POSSIBLE_SOLUTION,Large Business,control,DTOP-OLD/client/src/assets/docs/knowledgeRepository/graph/DtopCatalogs/control-catalog.json
CFG-03.3,sol_medium_business_346bda3af1,HAS_POSSIBLE_SOLUTION,Medium Business,control,DTOP-OLD/client/src/assets/docs/knowledgeRepository/graph/DtopCatalogs/control-catalog.json
CFG-03.4,sol_enterprise_8a8b32d3c8,HAS_POSSIBLE_SOLUTION,Enterprise,control,DTOP-OLD/client/src/assets/docs/knowledgeRepository/graph/DtopCatalogs/control-catalog.json
CFG-03.4,sol_large_business_4677148d88,HAS_POSSIBLE_SOLUTION,Large Business,control,DTOP-OLD/client/src/assets/docs/knowledgeRepository/graph/DtopCatalogs/control-catalog.json
CFG-03.4,sol_medium_business_c315644afc,HAS_POSSIBLE_SOLUTION,Medium Business,control,DTOP-OLD/client/src/assets/docs/knowledgeRepository/graph/DtopCatalogs/control-catalog.json
CFG-04,sol_enterprise_8a8b32d3c8,HAS_POSSIBLE_SOLUTION,Enterprise,control,DTOP-OLD/client/src/assets/docs/knowledgeRepository/graph/DtopCatalogs/control-catalog.json
CFG-04,sol_large_business_4677148d88,HAS_POSSIBLE_SOLUTION,Large Business,control,DTOP-OLD/client/src/assets/docs/knowledgeRepository/graph/DtopCatalogs/control-catalog.json
CFG-04,sol_medium_business_c315644afc,HAS_POSSIBLE_SOLUTION,Medium Business,control,DTOP-OLD/client/src/assets/docs/knowledgeRepository/graph/DtopCatalogs/control-catalog.json
CFG-04.1,sol_enterprise_68e6cf4db3,HAS_POSSIBLE_SOLUTION,Enterprise,control,DTOP-OLD/client/src/assets/docs/knowledgeRepository/graph/DtopCatalogs/control-catalog.json
CFG-04.1,sol_large_business_293b520eb3,HAS_POSSIBLE_SOLUTION,Large Business,control,DTOP-OLD/client/src/assets/docs/knowledgeRepository/graph/DtopCatalogs/control-catalog.json
CFG-04.1,sol_medium_business_346bda3af1,HAS_POSSIBLE_SOLUTION,Medium Business,control,DTOP-OLD/client/src/assets/docs/knowledgeRepository/graph/DtopCatalogs/control-catalog.json
CFG-04.2,sol_enterprise_8a8b32d3c8,HAS_POSSIBLE_SOLUTION,Enterprise,control,DTOP-OLD/client/src/assets/docs/knowledgeRepository/graph/DtopCatalogs/control-catalog.json
CFG-04.2,sol_large_business_4677148d88,HAS_POSSIBLE_SOLUTION,Large Business,control,DTOP-OLD/client/src/assets/docs/knowledgeRepository/graph/DtopCatalogs/control-catalog.json
CFG-04.2,sol_medium_business_c315644afc,HAS_POSSIBLE_SOLUTION,Medium Business,control,DTOP-OLD/client/src/assets/docs/knowledgeRepository/graph/DtopCatalogs/control-catalog.json
CFG-05,sol_enterprise_c64e8d2db4,HAS_POSSIBLE_SOLUTION,Enterprise,control,DTOP-OLD/client/src/assets/docs/knowledgeRepository/graph/DtopCatalogs/control-catalog.json
CFG-05,sol_large_business_8ef0b78a17,HAS_POSSIBLE_SOLUTION,Large Business,control,DTOP-OLD/client/src/assets/docs/knowledgeRepository/graph/DtopCatalogs/control-catalog.json
CFG-05,sol_medium_business_bef09051af,HAS_POSSIBLE_SOLUTION,Medium Business,control,DTOP-OLD/client/src/assets/docs/knowledgeRepository/graph/DtopCatalogs/control-catalog.json
CFG-05.1,sol_enterprise_5b2ae58d34,HAS_POSSIBLE_SOLUTION,Enterprise,control,DTOP-OLD/client/src/assets/docs/knowledgeRepository/graph/DtopCatalogs/control-catalog.json
CFG-05.1,sol_large_business_bdf09ebffa,HAS_POSSIBLE_SOLUTION,Large Business,control,DTOP-OLD/client/src/assets/docs/knowledgeRepository/graph/DtopCatalogs/control-catalog.json
CFG-05.1,sol_medium_business_fc6351a3c4,HAS_POSSIBLE_SOLUTION,Medium Business,control,DTOP-OLD/client/src/assets/docs/knowledgeRepository/graph/DtopCatalogs/control-catalog.json
CFG-05.2,sol_enterprise_dd177de2b3,HAS_POSSIBLE_SOLUTION,Enterprise,control,DTOP-OLD/client/src/assets/docs/knowledgeRepository/graph/DtopCatalogs/control-catalog.json
CFG-05.2,sol_large_business_ba1ba3f5e0,HAS_POSSIBLE_SOLUTION,Large Business,control,DTOP-OLD/client/src/assets/docs/knowledgeRepository/graph/DtopCatalogs/control-catalog.json
CFG-05.2,sol_medium_business_99c8ea08b9,HAS_POSSIBLE_SOLUTION,Medium Business,control,DTOP-OLD/client/src/assets/docs/knowledgeRepository/graph/DtopCatalogs/control-catalog.json
CFG-06,sol_enterprise_5b2ae58d34,HAS_POSSIBLE_SOLUTION,Enterprise,control,DTOP-OLD/client/src/assets/docs/knowledgeRepository/graph/DtopCatalogs/control-catalog.json
CFG-06,sol_large_business_bdf09ebffa,HAS_POSSIBLE_SOLUTION,Large Business,control,DTOP-OLD/client/src/assets/docs/knowledgeRepository/graph/DtopCatalogs/control-catalog.json
CFG-06,sol_medium_business_fc6351a3c4,HAS_POSSIBLE_SOLUTION,Medium Business,control,DTOP-OLD/client/src/assets/docs/knowledgeRepository/graph/DtopCatalogs/control-catalog.json
CFG-06.1,sol_enterprise_02dd2abe3a,HAS_POSSIBLE_SOLUTION,Enterprise,control,DTOP-OLD/client/src/assets/docs/knowledgeRepository/graph/DtopCatalogs/control-catalog.json
CFG-06.1,sol_large_business_eb55b56fc5,HAS_POSSIBLE_SOLUTION,Large Business,control,DTOP-OLD/client/src/assets/docs/knowledgeRepository/graph/DtopCatalogs/control-catalog.json
CFG-06.1,sol_medium_business_cd9950220b,HAS_POSSIBLE_SOLUTION,Medium Business,control,DTOP-OLD/client/src/assets/docs/knowledgeRepository/graph/DtopCatalogs/control-catalog.json
CFG-07,sol_enterprise_8a8b32d3c8,HAS_POSSIBLE_SOLUTION,Enterprise,control,DTOP-OLD/client/src/assets/docs/knowledgeRepository/graph/DtopCatalogs/control-catalog.json
CFG-07,sol_large_business_4677148d88,HAS_POSSIBLE_SOLUTION,Large Business,control,DTOP-OLD/client/src/assets/docs/knowledgeRepository/graph/DtopCatalogs/control-catalog.json
CFG-07,sol_medium_business_c315644afc,HAS_POSSIBLE_SOLUTION,Medium Business,control,DTOP-OLD/client/src/assets/docs/knowledgeRepository/graph/DtopCatalogs/control-catalog.json
CFG-08,sol_enterprise_8a8b32d3c8,HAS_POSSIBLE_SOLUTION,Enterprise,control,DTOP-OLD/client/src/assets/docs/knowledgeRepository/graph/DtopCatalogs/control-catalog.json
CFG-08,sol_large_business_4677148d88,HAS_POSSIBLE_SOLUTION,Large Business,control,DTOP-OLD/client/src/assets/docs/knowledgeRepository/graph/DtopCatalogs/control-catalog.json
CFG-08,sol_medium_business_c315644afc,HAS_POSSIBLE_SOLUTION,Medium Business,control,DTOP-OLD/client/src/assets/docs/knowledgeRepository/graph/DtopCatalogs/control-catalog.json
CFG-08.1,sol_enterprise_02dd2abe3a,HAS_POSSIBLE_SOLUTION,Enterprise,control,DTOP-OLD/client/src/assets/docs/knowledgeRepository/graph/DtopCatalogs/control-catalog.json
CFG-08.1,sol_large_business_eb55b56fc5,HAS_POSSIBLE_SOLUTION,Large Business,control,DTOP-OLD/client/src/assets/docs/knowledgeRepository/graph/DtopCatalogs/control-catalog.json
CFG-08.1,sol_medium_business_cd9950220b,HAS_POSSIBLE_SOLUTION,Medium Business,control,DTOP-OLD/client/src/assets/docs/knowledgeRepository/graph/DtopCatalogs/control-catalog.json
CHG-01,sol_enterprise_77300a62b1,HAS_POSSIBLE_SOLUTION,Enterprise,control,DTOP-OLD/client/src/assets/docs/knowledgeRepository/graph/DtopCatalogs/control-catalog.json
CHG-01,sol_large_business_1275a77fdc,HAS_POSSIBLE_SOLUTION,Large Business,control,DTOP-OLD/client/src/assets/docs/knowledgeRepository/graph/DtopCatalogs/control-catalog.json
CHG-01,sol_medium_business_4b010aa48e,HAS_POSSIBLE_SOLUTION,Medium Business,control,DTOP-OLD/client/src/assets/docs/knowledgeRepository/graph/DtopCatalogs/control-catalog.json
CHG-02,sol_enterprise_f18153ab7b,HAS_POSSIBLE_SOLUTION,Enterprise,control,DTOP-OLD/client/src/assets/docs/knowledgeRepository/graph/DtopCatalogs/control-catalog.json
CHG-02,sol_large_business_f62ab128f4,HAS_POSSIBLE_SOLUTION,Large Business,control,DTOP-OLD/client/src/assets/docs/knowledgeRepository/graph/DtopCatalogs/control-catalog.json
CHG-02,sol_medium_business_0017e7694b,HAS_POSSIBLE_SOLUTION,Medium Business,control,DTOP-OLD/client/src/assets/docs/knowledgeRepository/graph/DtopCatalogs/control-catalog.json
CHG-02.1,sol_enterprise_1f5a5979bf,HAS_POSSIBLE_SOLUTION,Enterprise,control,DTOP-OLD/client/src/assets/docs/knowledgeRepository/graph/DtopCatalogs/control-catalog.json
CHG-02.1,sol_large_business_c32d9b0c37,HAS_POSSIBLE_SOLUTION,Large Business,control,DTOP-OLD/client/src/assets/docs/knowledgeRepository/graph/DtopCatalogs/control-catalog.json
CHG-02.1,sol_medium_business_207dfea046,HAS_POSSIBLE_SOLUTION,Medium Business,control,DTOP-OLD/client/src/assets/docs/knowledgeRepository/graph/DtopCatalogs/control-catalog.json
CHG-02.2,sol_enterprise_ff66d1dbbb,HAS_POSSIBLE_SOLUTION,Enterprise,control,DTOP-OLD/client/src/assets/docs/knowledgeRepository/graph/DtopCatalogs/control-catalog.json
CHG-02.2,sol_large_business_b85a51f1ee,HAS_POSSIBLE_SOLUTION,Large Business,control,DTOP-OLD/client/src/assets/docs/knowledgeRepository/graph/DtopCatalogs/control-catalog.json
CHG-02.2,sol_medium_business_62f4f8dac5,HAS_POSSIBLE_SOLUTION,Medium Business,control,DTOP-OLD/client/src/assets/docs/knowledgeRepository/graph/DtopCatalogs/control-catalog.json
CHG-02.3,sol_enterprise_a986348719,HAS_POSSIBLE_SOLUTION,Enterprise,control,DTOP-OLD/client/src/assets/docs/knowledgeRepository/graph/DtopCatalogs/control-catalog.json
CHG-02.3,sol_large_business_9e35f8659e,HAS_POSSIBLE_SOLUTION,Large Business,control,DTOP-OLD/client/src/assets/docs/knowledgeRepository/graph/DtopCatalogs/control-catalog.json
CHG-02.3,sol_medium_business_0711877c9f,HAS_POSSIBLE_SOLUTION,Medium Business,control,DTOP-OLD/client/src/assets/docs/knowledgeRepository/graph/DtopCatalogs/control-catalog.json
CHG-02.4,sol_enterprise_02dd2abe3a,HAS_POSSIBLE_SOLUTION,Enterprise,control,DTOP-OLD/client/src/assets/docs/knowledgeRepository/graph/DtopCatalogs/control-catalog.json
CHG-02.4,sol_large_business_eb55b56fc5,HAS_POSSIBLE_SOLUTION,Large Business,control,DTOP-OLD/client/src/assets/docs/knowledgeRepository/graph/DtopCatalogs/control-catalog.json
CHG-02.4,sol_medium_business_cd9950220b,HAS_POSSIBLE_SOLUTION,Medium Business,control,DTOP-OLD/client/src/assets/docs/knowledgeRepository/graph/DtopCatalogs/control-catalog.json
CHG-03,sol_enterprise_a986348719,HAS_POSSIBLE_SOLUTION,Enterprise,control,DTOP-OLD/client/src/assets/docs/knowledgeRepository/graph/DtopCatalogs/control-catalog.json
CHG-03,sol_large_business_9e35f8659e,HAS_POSSIBLE_SOLUTION,Large Business,control,DTOP-OLD/client/src/assets/docs/knowledgeRepository/graph/DtopCatalogs/control-catalog.json
CHG-03,sol_medium_business_0711877c9f,HAS_POSSIBLE_SOLUTION,Medium Business,control,DTOP-OLD/client/src/assets/docs/knowledgeRepository/graph/DtopCatalogs/control-catalog.json
CHG-04,sol_enterprise_e2c524be1c,HAS_POSSIBLE_SOLUTION,Enterprise,control,DTOP-OLD/client/src/assets/docs/knowledgeRepository/graph/DtopCatalogs/control-catalog.json
CHG-04,sol_large_business_5b31b5f7cc,HAS_POSSIBLE_SOLUTION,Large Business,control,DTOP-OLD/client/src/assets/docs/knowledgeRepository/graph/DtopCatalogs/control-catalog.json
CHG-04,sol_medium_business_44aee86f77,HAS_POSSIBLE_SOLUTION,Medium Business,control,DTOP-OLD/client/src/assets/docs/knowledgeRepository/graph/DtopCatalogs/control-catalog.json
CHG-04.1,sol_enterprise_5a0c618703,HAS_POSSIBLE_SOLUTION,Enterprise,control,DTOP-OLD/client/src/assets/docs/knowledgeRepository/graph/DtopCatalogs/control-catalog.json
CHG-04.1,sol_large_business_76510709f0,HAS_POSSIBLE_SOLUTION,Large Business,control,DTOP-OLD/client/src/assets/docs/knowledgeRepository/graph/DtopCatalogs/control-catalog.json
CHG-04.1,sol_medium_business_9327dc35c5,HAS_POSSIBLE_SOLUTION,Medium Business,control,DTOP-OLD/client/src/assets/docs/knowledgeRepository/graph/DtopCatalogs/control-catalog.json
CHG-04.3,sol_enterprise_f4a708a553,HAS_POSSIBLE_SOLUTION,Enterprise,control,DTOP-OLD/client/src/assets/docs/knowledgeRepository/graph/DtopCatalogs/control-catalog.json
CHG-04.3,sol_large_business_af1df2601c,HAS_POSSIBLE_SOLUTION,Large Business,control,DTOP-OLD/client/src/assets/docs/knowledgeRepository/graph/DtopCatalogs/control-catalog.json
CHG-04.3,sol_medium_business_8f782c643d,HAS_POSSIBLE_SOLUTION,Medium Business,control,DTOP-OLD/client/src/assets/docs/knowledgeRepository/graph/DtopCatalogs/control-catalog.json
CHG-04.4,sol_enterprise_97f34046a4,HAS_POSSIBLE_SOLUTION,Enterprise,control,DTOP-OLD/client/src/assets/docs/knowledgeRepository/graph/DtopCatalogs/control-catalog.json
CHG-04.4,sol_large_business_4ce7876e46,HAS_POSSIBLE_SOLUTION,Large Business,control,DTOP-OLD/client/src/assets/docs/knowledgeRepository/graph/DtopCatalogs/control-catalog.json
CHG-04.4,sol_medium_business_d956ecafd0,HAS_POSSIBLE_SOLUTION,Medium Business,control,DTOP-OLD/client/src/assets/docs/knowledgeRepository/graph/DtopCatalogs/control-catalog.json
CHG-04.5,sol_enterprise_f123dee03d,HAS_POSSIBLE_SOLUTION,Enterprise,control,DTOP-OLD/client/src/assets/docs/knowledgeRepository/graph/DtopCatalogs/control-catalog.json
CHG-04.5,sol_large_business_eec1cbbb00,HAS_POSSIBLE_SOLUTION,Large Business,control,DTOP-OLD/client/src/assets/docs/knowledgeRepository/graph/DtopCatalogs/control-catalog.json
CHG-04.5,sol_medium_business_d35504c3b7,HAS_POSSIBLE_SOLUTION,Medium Business,control,DTOP-OLD/client/src/assets/docs/knowledgeRepository/graph/DtopCatalogs/control-catalog.json
CHG-05,sol_enterprise_800ce69abe,HAS_POSSIBLE_SOLUTION,Enterprise,control,DTOP-OLD/client/src/assets/docs/knowledgeRepository/graph/DtopCatalogs/control-catalog.json
CHG-05,sol_large_business_411eb52d06,HAS_POSSIBLE_SOLUTION,Large Business,control,DTOP-OLD/client/src/assets/docs/knowledgeRepository/graph/DtopCatalogs/control-catalog.json
CHG-05,sol_medium_business_a8b09ab8c8,HAS_POSSIBLE_SOLUTION,Medium Business,control,DTOP-OLD/client/src/assets/docs/knowledgeRepository/graph/DtopCatalogs/control-catalog.json
CHG-06,sol_enterprise_2d0cf89196,HAS_POSSIBLE_SOLUTION,Enterprise,control,DTOP-OLD/client/src/assets/docs/knowledgeRepository/graph/DtopCatalogs/control-catalog.json
CHG-06,sol_large_business_92feb45e25,HAS_POSSIBLE_SOLUTION,Large Business,control,DTOP-OLD/client/src/assets/docs/knowledgeRepository/graph/DtopCatalogs/control-catalog.json
CHG-06,sol_medium_business_28a0b49442,HAS_POSSIBLE_SOLUTION,Medium Business,control,DTOP-OLD/client/src/assets/docs/knowledgeRepository/graph/DtopCatalogs/control-catalog.json
CHG-06.1,sol_enterprise_27c7e51da1,HAS_POSSIBLE_SOLUTION,Enterprise,control,DTOP-OLD/client/src/assets/docs/knowledgeRepository/graph/DtopCatalogs/control-catalog.json
CHG-06.1,sol_large_business_e7ba1a1b2c,HAS_POSSIBLE_SOLUTION,Large Business,control,DTOP-OLD/client/src/assets/docs/knowledgeRepository/graph/DtopCatalogs/control-catalog.json
CHG-06.1,sol_medium_business_08fcb37816,HAS_POSSIBLE_SOLUTION,Medium Business,control,DTOP-OLD/client/src/assets/docs/knowledgeRepository/graph/DtopCatalogs/control-catalog.json
CLD-01,sol_enterprise_43c1941a33,HAS_POSSIBLE_SOLUTION,Enterprise,control,DTOP-OLD/client/src/assets/docs/knowledgeRepository/graph/DtopCatalogs/control-catalog.json
CLD-01,sol_large_business_8c1760710d,HAS_POSSIBLE_SOLUTION,Large Business,control,DTOP-OLD/client/src/assets/docs/knowledgeRepository/graph/DtopCatalogs/control-catalog.json
CLD-01,sol_medium_business_bd8d761281,HAS_POSSIBLE_SOLUTION,Medium Business,control,DTOP-OLD/client/src/assets/docs/knowledgeRepository/graph/DtopCatalogs/control-catalog.json
CLD-01.1,sol_enterprise_27c7e51da1,HAS_POSSIBLE_SOLUTION,Enterprise,control,DTOP-OLD/client/src/assets/docs/knowledgeRepository/graph/DtopCatalogs/control-catalog.json
CLD-01.1,sol_large_business_e7ba1a1b2c,HAS_POSSIBLE_SOLUTION,Large Business,control,DTOP-OLD/client/src/assets/docs/knowledgeRepository/graph/DtopCatalogs/control-catalog.json
CLD-01.1,sol_medium_business_08fcb37816,HAS_POSSIBLE_SOLUTION,Medium Business,control,DTOP-OLD/client/src/assets/docs/knowledgeRepository/graph/DtopCatalogs/control-catalog.json
CLD-01.2,sol_enterprise_27c7e51da1,HAS_POSSIBLE_SOLUTION,Enterprise,control,DTOP-OLD/client/src/assets/docs/knowledgeRepository/graph/DtopCatalogs/control-catalog.json
CLD-01.2,sol_large_business_e7ba1a1b2c,HAS_POSSIBLE_SOLUTION,Large Business,control,DTOP-OLD/client/src/assets/docs/knowledgeRepository/graph/DtopCatalogs/control-catalog.json
CLD-01.2,sol_medium_business_08fcb37816,HAS_POSSIBLE_SOLUTION,Medium Business,control,DTOP-OLD/client/src/assets/docs/knowledgeRepository/graph/DtopCatalogs/control-catalog.json
CLD-02,sol_enterprise_0ccd971d22,HAS_POSSIBLE_SOLUTION,Enterprise,control,DTOP-OLD/client/src/assets/docs/knowledgeRepository/graph/DtopCatalogs/control-catalog.json
CLD-02,sol_large_business_6d8f91e789,HAS_POSSIBLE_SOLUTION,Large Business,control,DTOP-OLD/client/src/assets/docs/knowledgeRepository/graph/DtopCatalogs/control-catalog.json
CLD-02,sol_medium_business_63bec5876e,HAS_POSSIBLE_SOLUTION,Medium Business,control,DTOP-OLD/client/src/assets/docs/knowledgeRepository/graph/DtopCatalogs/control-catalog.json
CLD-06,sol_enterprise_0ccd971d22,HAS_POSSIBLE_SOLUTION,Enterprise,control,DTOP-OLD/client/src/assets/docs/knowledgeRepository/graph/DtopCatalogs/control-catalog.json
CLD-06,sol_large_business_6d8f91e789,HAS_POSSIBLE_SOLUTION,Large Business,control,DTOP-OLD/client/src/assets/docs/knowledgeRepository/graph/DtopCatalogs/control-catalog.json
CLD-06,sol_medium_business_63bec5876e,HAS_POSSIBLE_SOLUTION,Medium Business,control,DTOP-OLD/client/src/assets/docs/knowledgeRepository/graph/DtopCatalogs/control-catalog.json
CLD-06.1,sol_enterprise_3ab9ac4c09,HAS_POSSIBLE_SOLUTION,Enterprise,control,DTOP-OLD/client/src/assets/docs/knowledgeRepository/graph/DtopCatalogs/control-catalog.json
CLD-06.1,sol_large_business_8d95e92ab3,HAS_POSSIBLE_SOLUTION,Large Business,control,DTOP-OLD/client/src/assets/docs/knowledgeRepository/graph/DtopCatalogs/control-catalog.json
CLD-06.1,sol_medium_business_d4a0b32147,HAS_POSSIBLE_SOLUTION,Medium Business,control,DTOP-OLD/client/src/assets/docs/knowledgeRepository/graph/DtopCatalogs/control-catalog.json
CLD-06.2,sol_enterprise_6e2c906431,HAS_POSSIBLE_SOLUTION,Enterprise,control,DTOP-OLD/client/src/assets/docs/knowledgeRepository/graph/DtopCatalogs/control-catalog.json
CLD-06.2,sol_large_business_0ebb793fa7,HAS_POSSIBLE_SOLUTION,Large Business,control,DTOP-OLD/client/src/assets/docs/knowledgeRepository/graph/DtopCatalogs/control-catalog.json
CLD-06.2,sol_medium_business_1219b89742,HAS_POSSIBLE_SOLUTION,Medium Business,control,DTOP-OLD/client/src/assets/docs/knowledgeRepository/graph/DtopCatalogs/control-catalog.json
CLD-06.3,sol_enterprise_6e2c906431,HAS_POSSIBLE_SOLUTION,Enterprise,control,DTOP-OLD/client/src/assets/docs/knowledgeRepository/graph/DtopCatalogs/control-catalog.json
CLD-06.3,sol_large_business_0ebb793fa7,HAS_POSSIBLE_SOLUTION,Large Business,control,DTOP-OLD/client/src/assets/docs/knowledgeRepository/graph/DtopCatalogs/control-catalog.json
CLD-06.3,sol_medium_business_1219b89742,HAS_POSSIBLE_SOLUTION,Medium Business,control,DTOP-OLD/client/src/assets/docs/knowledgeRepository/graph/DtopCatalogs/control-catalog.json
CLD-06.4,sol_enterprise_6e2c906431,HAS_POSSIBLE_SOLUTION,Enterprise,control,DTOP-OLD/client/src/assets/docs/knowledgeRepository/graph/DtopCatalogs/control-catalog.json
CLD-06.4,sol_large_business_0ebb793fa7,HAS_POSSIBLE_SOLUTION,Large Business,control,DTOP-OLD/client/src/assets/docs/knowledgeRepository/graph/DtopCatalogs/control-catalog.json
CLD-06.4,sol_medium_business_1219b89742,HAS_POSSIBLE_SOLUTION,Medium Business,control,DTOP-OLD/client/src/assets/docs/knowledgeRepository/graph/DtopCatalogs/control-catalog.json
CLD-07,sol_enterprise_6e2c906431,HAS_POSSIBLE_SOLUTION,Enterprise,control,DTOP-OLD/client/src/assets/docs/knowledgeRepository/graph/DtopCatalogs/control-catalog.json
CLD-07,sol_large_business_0ebb793fa7,HAS_POSSIBLE_SOLUTION,Large Business,control,DTOP-OLD/client/src/assets/docs/knowledgeRepository/graph/DtopCatalogs/control-catalog.json
CLD-07,sol_medium_business_1219b89742,HAS_POSSIBLE_SOLUTION,Medium Business,control,DTOP-OLD/client/src/assets/docs/knowledgeRepository/graph/DtopCatalogs/control-catalog.json
CLD-08,sol_enterprise_6e2c906431,HAS_POSSIBLE_SOLUTION,Enterprise,control,DTOP-OLD/client/src/assets/docs/knowledgeRepository/graph/DtopCatalogs/control-catalog.json
CLD-08,sol_large_business_0ebb793fa7,HAS_POSSIBLE_SOLUTION,Large Business,control,DTOP-OLD/client/src/assets/docs/knowledgeRepository/graph/DtopCatalogs/control-catalog.json
CLD-08,sol_medium_business_1219b89742,HAS_POSSIBLE_SOLUTION,Medium Business,control,DTOP-OLD/client/src/assets/docs/knowledgeRepository/graph/DtopCatalogs/control-catalog.json
CLD-09,sol_enterprise_4eb75009e5,HAS_POSSIBLE_SOLUTION,Enterprise,control,DTOP-OLD/client/src/assets/docs/knowledgeRepository/graph/DtopCatalogs/control-catalog.json
CLD-09,sol_large_business_fa05c93fee,HAS_POSSIBLE_SOLUTION,Large Business,control,DTOP-OLD/client/src/assets/docs/knowledgeRepository/graph/DtopCatalogs/control-catalog.json
CLD-09,sol_medium_business_347fccc4f2,HAS_POSSIBLE_SOLUTION,Medium Business,control,DTOP-OLD/client/src/assets/docs/knowledgeRepository/graph/DtopCatalogs/control-catalog.json
CLD-10,sol_enterprise_06de5955b9,HAS_POSSIBLE_SOLUTION,Enterprise,control,DTOP-OLD/client/src/assets/docs/knowledgeRepository/graph/DtopCatalogs/control-catalog.json
CLD-10,sol_large_business_2e4daae6e9,HAS_POSSIBLE_SOLUTION,Large Business,control,DTOP-OLD/client/src/assets/docs/knowledgeRepository/graph/DtopCatalogs/control-catalog.json
CLD-10,sol_medium_business_bebb68114e,HAS_POSSIBLE_SOLUTION,Medium Business,control,DTOP-OLD/client/src/assets/docs/knowledgeRepository/graph/DtopCatalogs/control-catalog.json
CLD-11,sol_enterprise_195f6e5df2,HAS_POSSIBLE_SOLUTION,Enterprise,control,DTOP-OLD/client/src/assets/docs/knowledgeRepository/graph/DtopCatalogs/control-catalog.json
CLD-11,sol_large_business_e7f9869944,HAS_POSSIBLE_SOLUTION,Large Business,control,DTOP-OLD/client/src/assets/docs/knowledgeRepository/graph/DtopCatalogs/control-catalog.json
CLD-11,sol_medium_business_004c50afdb,HAS_POSSIBLE_SOLUTION,Medium Business,control,DTOP-OLD/client/src/assets/docs/knowledgeRepository/graph/DtopCatalogs/control-catalog.json
CLD-12,sol_enterprise_8a8b32d3c8,HAS_POSSIBLE_SOLUTION,Enterprise,control,DTOP-OLD/client/src/assets/docs/knowledgeRepository/graph/DtopCatalogs/control-catalog.json
CLD-12,sol_large_business_4677148d88,HAS_POSSIBLE_SOLUTION,Large Business,control,DTOP-OLD/client/src/assets/docs/knowledgeRepository/graph/DtopCatalogs/control-catalog.json
CLD-12,sol_medium_business_c315644afc,HAS_POSSIBLE_SOLUTION,Medium Business,control,DTOP-OLD/client/src/assets/docs/knowledgeRepository/graph/DtopCatalogs/control-catalog.json
CLD-13,sol_enterprise_c05bc5cafb,HAS_POSSIBLE_SOLUTION,Enterprise,control,DTOP-OLD/client/src/assets/docs/knowledgeRepository/graph/DtopCatalogs/control-catalog.json
CLD-13,sol_large_business_b5d3964fe6,HAS_POSSIBLE_SOLUTION,Large Business,control,DTOP-OLD/client/src/assets/docs/knowledgeRepository/graph/DtopCatalogs/control-catalog.json
CLD-13,sol_medium_business_50b5ca4146,HAS_POSSIBLE_SOLUTION,Medium Business,control,DTOP-OLD/client/src/assets/docs/knowledgeRepository/graph/DtopCatalogs/control-catalog.json
CLD-13.1,sol_enterprise_e2340336ec,HAS_POSSIBLE_SOLUTION,Enterprise,control,DTOP-OLD/client/src/assets/docs/knowledgeRepository/graph/DtopCatalogs/control-catalog.json
CLD-13.1,sol_large_business_8fbc452c26,HAS_POSSIBLE_SOLUTION,Large Business,control,DTOP-OLD/client/src/assets/docs/knowledgeRepository/graph/DtopCatalogs/control-catalog.json
CLD-13.1,sol_medium_business_988cf13974,HAS_POSSIBLE_SOLUTION,Medium Business,control,DTOP-OLD/client/src/assets/docs/knowledgeRepository/graph/DtopCatalogs/control-catalog.json
CLD-13.2,sol_enterprise_6e2c906431,HAS_POSSIBLE_SOLUTION,Enterprise,control,DTOP-OLD/client/src/assets/docs/knowledgeRepository/graph/DtopCatalogs/control-catalog.json
CLD-13.2,sol_large_business_0ebb793fa7,HAS_POSSIBLE_SOLUTION,Large Business,control,DTOP-OLD/client/src/assets/docs/knowledgeRepository/graph/DtopCatalogs/control-catalog.json
CLD-13.2,sol_medium_business_1219b89742,HAS_POSSIBLE_SOLUTION,Medium Business,control,DTOP-OLD/client/src/assets/docs/knowledgeRepository/graph/DtopCatalogs/control-catalog.json
CLD-14,sol_enterprise_6e2c906431,HAS_POSSIBLE_SOLUTION,Enterprise,control,DTOP-OLD/client/src/assets/docs/knowledgeRepository/graph/DtopCatalogs/control-catalog.json
CLD-14,sol_large_business_0ebb793fa7,HAS_POSSIBLE_SOLUTION,Large Business,control,DTOP-OLD/client/src/assets/docs/knowledgeRepository/graph/DtopCatalogs/control-catalog.json
CLD-14,sol_medium_business_1219b89742,HAS_POSSIBLE_SOLUTION,Medium Business,control,DTOP-OLD/client/src/assets/docs/knowledgeRepository/graph/DtopCatalogs/control-catalog.json
CPL-01,sol_enterprise_d3cfd87d8f,HAS_POSSIBLE_SOLUTION,Enterprise,control,DTOP-OLD/client/src/assets/docs/knowledgeRepository/graph/DtopCatalogs/control-catalog.json
CPL-01,sol_large_business_e0fbc679c9,HAS_POSSIBLE_SOLUTION,Large Business,control,DTOP-OLD/client/src/assets/docs/knowledgeRepository/graph/DtopCatalogs/control-catalog.json
CPL-01,sol_medium_business_ea37556f49,HAS_POSSIBLE_SOLUTION,Medium Business,control,DTOP-OLD/client/src/assets/docs/knowledgeRepository/graph/DtopCatalogs/control-catalog.json
CPL-01.1,sol_enterprise_340353e687,HAS_POSSIBLE_SOLUTION,Enterprise,control,DTOP-OLD/client/src/assets/docs/knowledgeRepository/graph/DtopCatalogs/control-catalog.json
CPL-01.1,sol_large_business_b8b4c38192,HAS_POSSIBLE_SOLUTION,Large Business,control,DTOP-OLD/client/src/assets/docs/knowledgeRepository/graph/DtopCatalogs/control-catalog.json
CPL-01.1,sol_medium_business_35c893a920,HAS_POSSIBLE_SOLUTION,Medium Business,control,DTOP-OLD/client/src/assets/docs/knowledgeRepository/graph/DtopCatalogs/control-catalog.json
CPL-01.2,sol_enterprise_05fe680487,HAS_POSSIBLE_SOLUTION,Enterprise,control,DTOP-OLD/client/src/assets/docs/knowledgeRepository/graph/DtopCatalogs/control-catalog.json
CPL-01.2,sol_large_business_fe357743c5,HAS_POSSIBLE_SOLUTION,Large Business,control,DTOP-OLD/client/src/assets/docs/knowledgeRepository/graph/DtopCatalogs/control-catalog.json
CPL-01.2,sol_medium_business_1d55c0b393,HAS_POSSIBLE_SOLUTION,Medium Business,control,DTOP-OLD/client/src/assets/docs/knowledgeRepository/graph/DtopCatalogs/control-catalog.json
CPL-02,sol_enterprise_d3cfd87d8f,HAS_POSSIBLE_SOLUTION,Enterprise,control,DTOP-OLD/client/src/assets/docs/knowledgeRepository/graph/DtopCatalogs/control-catalog.json
CPL-02,sol_large_business_e0fbc679c9,HAS_POSSIBLE_SOLUTION,Large Business,control,DTOP-OLD/client/src/assets/docs/knowledgeRepository/graph/DtopCatalogs/control-catalog.json
CPL-02,sol_medium_business_ea37556f49,HAS_POSSIBLE_SOLUTION,Medium Business,control,DTOP-OLD/client/src/assets/docs/knowledgeRepository/graph/DtopCatalogs/control-catalog.json
CPL-02.1,sol_enterprise_e51534b394,HAS_POSSIBLE_SOLUTION,Enterprise,control,DTOP-OLD/client/src/assets/docs/knowledgeRepository/graph/DtopCatalogs/control-catalog.json
CPL-02.1,sol_large_business_3c1ae92e22,HAS_POSSIBLE_SOLUTION,Large Business,control,DTOP-OLD/client/src/assets/docs/knowledgeRepository/graph/DtopCatalogs/control-catalog.json
CPL-02.1,sol_medium_business_ff27fbbfa6,HAS_POSSIBLE_SOLUTION,Medium Business,control,DTOP-OLD/client/src/assets/docs/knowledgeRepository/graph/DtopCatalogs/control-catalog.json
CPL-03,sol_enterprise_a981f47094,HAS_POSSIBLE_SOLUTION,Enterprise,control,DTOP-OLD/client/src/assets/docs/knowledgeRepository/graph/DtopCatalogs/control-catalog.json
CPL-03,sol_large_business_bf6b8fa804,HAS_POSSIBLE_SOLUTION,Large Business,control,DTOP-OLD/client/src/assets/docs/knowledgeRepository/graph/DtopCatalogs/control-catalog.json
CPL-03,sol_medium_business_cb6c771a89,HAS_POSSIBLE_SOLUTION,Medium Business,control,DTOP-OLD/client/src/assets/docs/knowledgeRepository/graph/DtopCatalogs/control-catalog.json
CPL-03.1,sol_enterprise_2d0cf89196,HAS_POSSIBLE_SOLUTION,Enterprise,control,DTOP-OLD/client/src/assets/docs/knowledgeRepository/graph/DtopCatalogs/control-catalog.json
CPL-03.1,sol_large_business_92feb45e25,HAS_POSSIBLE_SOLUTION,Large Business,control,DTOP-OLD/client/src/assets/docs/knowledgeRepository/graph/DtopCatalogs/control-catalog.json
CPL-03.1,sol_medium_business_28a0b49442,HAS_POSSIBLE_SOLUTION,Medium Business,control,DTOP-OLD/client/src/assets/docs/knowledgeRepository/graph/DtopCatalogs/control-catalog.json
CPL-03.2,sol_enterprise_1577bc2225,HAS_POSSIBLE_SOLUTION,Enterprise,control,DTOP-OLD/client/src/assets/docs/knowledgeRepository/graph/DtopCatalogs/control-catalog.json
CPL-03.2,sol_large_business_3bb31f2fdf,HAS_POSSIBLE_SOLUTION,Large Business,control,DTOP-OLD/client/src/assets/docs/knowledgeRepository/graph/DtopCatalogs/control-catalog.json
CPL-03.2,sol_medium_business_896cd616a5,HAS_POSSIBLE_SOLUTION,Medium Business,control,DTOP-OLD/client/src/assets/docs/knowledgeRepository/graph/DtopCatalogs/control-catalog.json
CPL-04,sol_enterprise_e51534b394,HAS_POSSIBLE_SOLUTION,Enterprise,control,DTOP-OLD/client/src/assets/docs/knowledgeRepository/graph/DtopCatalogs/control-catalog.json
CPL-04,sol_large_business_3c1ae92e22,HAS_POSSIBLE_SOLUTION,Large Business,control,DTOP-OLD/client/src/assets/docs/knowledgeRepository/graph/DtopCatalogs/control-catalog.json
CPL-04,sol_medium_business_ff27fbbfa6,HAS_POSSIBLE_SOLUTION,Medium Business,control,DTOP-OLD/client/src/assets/docs/knowledgeRepository/graph/DtopCatalogs/control-catalog.json
CPL-05,sol_enterprise_89a27a0c22,HAS_POSSIBLE_SOLUTION,Enterprise,control,DTOP-OLD/client/src/assets/docs/knowledgeRepository/graph/DtopCatalogs/control-catalog.json
CPL-05,sol_large_business_7f2f154cf1,HAS_POSSIBLE_SOLUTION,Large Business,control,DTOP-OLD/client/src/assets/docs/knowledgeRepository/graph/DtopCatalogs/control-catalog.json
CPL-05,sol_medium_business_49b1302365,HAS_POSSIBLE_SOLUTION,Medium Business,control,DTOP-OLD/client/src/assets/docs/knowledgeRepository/graph/DtopCatalogs/control-catalog.json
CPL-05.2,sol_enterprise_e2c524be1c,HAS_POSSIBLE_SOLUTION,Enterprise,control,DTOP-OLD/client/src/assets/docs/knowledgeRepository/graph/DtopCatalogs/control-catalog.json
CPL-05.2,sol_large_business_5b31b5f7cc,HAS_POSSIBLE_SOLUTION,Large Business,control,DTOP-OLD/client/src/assets/docs/knowledgeRepository/graph/DtopCatalogs/control-catalog.json
CPL-05.2,sol_medium_business_44aee86f77,HAS_POSSIBLE_SOLUTION,Medium Business,control,DTOP-OLD/client/src/assets/docs/knowledgeRepository/graph/DtopCatalogs/control-catalog.json
CPL-06,sol_enterprise_43c8e9f3f5,HAS_POSSIBLE_SOLUTION,Enterprise,control,DTOP-OLD/client/src/assets/docs/knowledgeRepository/graph/DtopCatalogs/control-catalog.json
CPL-06,sol_large_business_26cc6eb185,HAS_POSSIBLE_SOLUTION,Large Business,control,DTOP-OLD/client/src/assets/docs/knowledgeRepository/graph/DtopCatalogs/control-catalog.json
CPL-06,sol_medium_business_6708d117e5,HAS_POSSIBLE_SOLUTION,Medium Business,control,DTOP-OLD/client/src/assets/docs/knowledgeRepository/graph/DtopCatalogs/control-catalog.json
CRY-01,sol_enterprise_d6223bba80,HAS_POSSIBLE_SOLUTION,Enterprise,control,DTOP-OLD/client/src/assets/docs/knowledgeRepository/graph/DtopCatalogs/control-catalog.json
CRY-01,sol_large_business_b753b0f37b,HAS_POSSIBLE_SOLUTION,Large Business,control,DTOP-OLD/client/src/assets/docs/knowledgeRepository/graph/DtopCatalogs/control-catalog.json
CRY-01,sol_medium_business_0b8bbe0dde,HAS_POSSIBLE_SOLUTION,Medium Business,control,DTOP-OLD/client/src/assets/docs/knowledgeRepository/graph/DtopCatalogs/control-catalog.json
CRY-01.1,sol_enterprise_8a8b32d3c8,HAS_POSSIBLE_SOLUTION,Enterprise,control,DTOP-OLD/client/src/assets/docs/knowledgeRepository/graph/DtopCatalogs/control-catalog.json
CRY-01.1,sol_large_business_4677148d88,HAS_POSSIBLE_SOLUTION,Large Business,control,DTOP-OLD/client/src/assets/docs/knowledgeRepository/graph/DtopCatalogs/control-catalog.json
CRY-01.1,sol_medium_business_c315644afc,HAS_POSSIBLE_SOLUTION,Medium Business,control,DTOP-OLD/client/src/assets/docs/knowledgeRepository/graph/DtopCatalogs/control-catalog.json
CRY-01.2,sol_enterprise_8f9ebfc3f2,HAS_POSSIBLE_SOLUTION,Enterprise,control,DTOP-OLD/client/src/assets/docs/knowledgeRepository/graph/DtopCatalogs/control-catalog.json
CRY-01.2,sol_large_business_616d34a9f8,HAS_POSSIBLE_SOLUTION,Large Business,control,DTOP-OLD/client/src/assets/docs/knowledgeRepository/graph/DtopCatalogs/control-catalog.json
CRY-01.2,sol_medium_business_c62a30c9af,HAS_POSSIBLE_SOLUTION,Medium Business,control,DTOP-OLD/client/src/assets/docs/knowledgeRepository/graph/DtopCatalogs/control-catalog.json
CRY-03,sol_enterprise_c17b676ff9,HAS_POSSIBLE_SOLUTION,Enterprise,control,DTOP-OLD/client/src/assets/docs/knowledgeRepository/graph/DtopCatalogs/control-catalog.json
CRY-03,sol_large_business_6defb40bef,HAS_POSSIBLE_SOLUTION,Large Business,control,DTOP-OLD/client/src/assets/docs/knowledgeRepository/graph/DtopCatalogs/control-catalog.json
CRY-03,sol_medium_business_0730dfc8db,HAS_POSSIBLE_SOLUTION,Medium Business,control,DTOP-OLD/client/src/assets/docs/knowledgeRepository/graph/DtopCatalogs/control-catalog.json
CRY-05,sol_enterprise_50bfd57787,HAS_POSSIBLE_SOLUTION,Enterprise,control,DTOP-OLD/client/src/assets/docs/knowledgeRepository/graph/DtopCatalogs/control-catalog.json
CRY-05,sol_large_business_9b4e600680,HAS_POSSIBLE_SOLUTION,Large Business,control,DTOP-OLD/client/src/assets/docs/knowledgeRepository/graph/DtopCatalogs/control-catalog.json
CRY-05,sol_medium_business_7dc21837f1,HAS_POSSIBLE_SOLUTION,Medium Business,control,DTOP-OLD/client/src/assets/docs/knowledgeRepository/graph/DtopCatalogs/control-catalog.json
CRY-05.1,sol_enterprise_50bfd57787,HAS_POSSIBLE_SOLUTION,Enterprise,control,DTOP-OLD/client/src/assets/docs/knowledgeRepository/graph/DtopCatalogs/control-catalog.json
CRY-05.1,sol_large_business_9b4e600680,HAS_POSSIBLE_SOLUTION,Large Business,control,DTOP-OLD/client/src/assets/docs/knowledgeRepository/graph/DtopCatalogs/control-catalog.json
CRY-05.1,sol_medium_business_7dc21837f1,HAS_POSSIBLE_SOLUTION,Medium Business,control,DTOP-OLD/client/src/assets/docs/knowledgeRepository/graph/DtopCatalogs/control-catalog.json
CRY-05.3,sol_enterprise_64aba3a585,HAS_POSSIBLE_SOLUTION,Enterprise,control,DTOP-OLD/client/src/assets/docs/knowledgeRepository/graph/DtopCatalogs/control-catalog.json
CRY-05.3,sol_large_business_4720dd8333,HAS_POSSIBLE_SOLUTION,Large Business,control,DTOP-OLD/client/src/assets/docs/knowledgeRepository/graph/DtopCatalogs/control-catalog.json
CRY-05.3,sol_medium_business_d82e762e39,HAS_POSSIBLE_SOLUTION,Medium Business,control,DTOP-OLD/client/src/assets/docs/knowledgeRepository/graph/DtopCatalogs/control-catalog.json
CRY-07,sol_enterprise_b49e6431f8,HAS_POSSIBLE_SOLUTION,Enterprise,control,DTOP-OLD/client/src/assets/docs/knowledgeRepository/graph/DtopCatalogs/control-catalog.json
CRY-07,sol_large_business_80825e6cc5,HAS_POSSIBLE_SOLUTION,Large Business,control,DTOP-OLD/client/src/assets/docs/knowledgeRepository/graph/DtopCatalogs/control-catalog.json
CRY-07,sol_medium_business_866d9395a1,HAS_POSSIBLE_SOLUTION,Medium Business,control,DTOP-OLD/client/src/assets/docs/knowledgeRepository/graph/DtopCatalogs/control-catalog.json
CRY-08,sol_enterprise_c3803ef65b,HAS_POSSIBLE_SOLUTION,Enterprise,control,DTOP-OLD/client/src/assets/docs/knowledgeRepository/graph/DtopCatalogs/control-catalog.json
CRY-08,sol_large_business_879ccf86a5,HAS_POSSIBLE_SOLUTION,Large Business,control,DTOP-OLD/client/src/assets/docs/knowledgeRepository/graph/DtopCatalogs/control-catalog.json
CRY-08,sol_medium_business_69c1796c9a,HAS_POSSIBLE_SOLUTION,Medium Business,control,DTOP-OLD/client/src/assets/docs/knowledgeRepository/graph/DtopCatalogs/control-catalog.json
CRY-09,sol_enterprise_27fd4a8fec,HAS_POSSIBLE_SOLUTION,Enterprise,control,DTOP-OLD/client/src/assets/docs/knowledgeRepository/graph/DtopCatalogs/control-catalog.json
CRY-09,sol_large_business_773d5b4a86,HAS_POSSIBLE_SOLUTION,Large Business,control,DTOP-OLD/client/src/assets/docs/knowledgeRepository/graph/DtopCatalogs/control-catalog.json
CRY-09,sol_medium_business_6d16d70160,HAS_POSSIBLE_SOLUTION,Medium Business,control,DTOP-OLD/client/src/assets/docs/knowledgeRepository/graph/DtopCatalogs/control-catalog.json
CRY-09.1,sol_enterprise_27fd4a8fec,HAS_POSSIBLE_SOLUTION,Enterprise,control,DTOP-OLD/client/src/assets/docs/knowledgeRepository/graph/DtopCatalogs/control-catalog.json
CRY-09.1,sol_large_business_773d5b4a86,HAS_POSSIBLE_SOLUTION,Large Business,control,DTOP-OLD/client/src/assets/docs/knowledgeRepository/graph/DtopCatalogs/control-catalog.json
CRY-09.1,sol_medium_business_6d16d70160,HAS_POSSIBLE_SOLUTION,Medium Business,control,DTOP-OLD/client/src/assets/docs/knowledgeRepository/graph/DtopCatalogs/control-catalog.json
CRY-09.2,sol_enterprise_27fd4a8fec,HAS_POSSIBLE_SOLUTION,Enterprise,control,DTOP-OLD/client/src/assets/docs/knowledgeRepository/graph/DtopCatalogs/control-catalog.json
CRY-09.2,sol_large_business_773d5b4a86,HAS_POSSIBLE_SOLUTION,Large Business,control,DTOP-OLD/client/src/assets/docs/knowledgeRepository/graph/DtopCatalogs/control-catalog.json
CRY-09.2,sol_medium_business_6d16d70160,HAS_POSSIBLE_SOLUTION,Medium Business,control,DTOP-OLD/client/src/assets/docs/knowledgeRepository/graph/DtopCatalogs/control-catalog.json
CRY-09.3,sol_enterprise_27fd4a8fec,HAS_POSSIBLE_SOLUTION,Enterprise,control,DTOP-OLD/client/src/assets/docs/knowledgeRepository/graph/DtopCatalogs/control-catalog.json
CRY-09.3,sol_large_business_773d5b4a86,HAS_POSSIBLE_SOLUTION,Large Business,control,DTOP-OLD/client/src/assets/docs/knowledgeRepository/graph/DtopCatalogs/control-catalog.json
CRY-09.3,sol_medium_business_6d16d70160,HAS_POSSIBLE_SOLUTION,Medium Business,control,DTOP-OLD/client/src/assets/docs/knowledgeRepository/graph/DtopCatalogs/control-catalog.json
CRY-09.4,sol_enterprise_27fd4a8fec,HAS_POSSIBLE_SOLUTION,Enterprise,control,DTOP-OLD/client/src/assets/docs/knowledgeRepository/graph/DtopCatalogs/control-catalog.json
CRY-09.4,sol_large_business_773d5b4a86,HAS_POSSIBLE_SOLUTION,Large Business,control,DTOP-OLD/client/src/assets/docs/knowledgeRepository/graph/DtopCatalogs/control-catalog.json
CRY-09.4,sol_medium_business_6d16d70160,HAS_POSSIBLE_SOLUTION,Medium Business,control,DTOP-OLD/client/src/assets/docs/knowledgeRepository/graph/DtopCatalogs/control-catalog.json
CRY-09.5,sol_enterprise_27fd4a8fec,HAS_POSSIBLE_SOLUTION,Enterprise,control,DTOP-OLD/client/src/assets/docs/knowledgeRepository/graph/DtopCatalogs/control-catalog.json
CRY-09.5,sol_large_business_773d5b4a86,HAS_POSSIBLE_SOLUTION,Large Business,control,DTOP-OLD/client/src/assets/docs/knowledgeRepository/graph/DtopCatalogs/control-catalog.json
CRY-09.5,sol_medium_business_6d16d70160,HAS_POSSIBLE_SOLUTION,Medium Business,control,DTOP-OLD/client/src/assets/docs/knowledgeRepository/graph/DtopCatalogs/control-catalog.json
CRY-09.6,sol_enterprise_27fd4a8fec,HAS_POSSIBLE_SOLUTION,Enterprise,control,DTOP-OLD/client/src/assets/docs/knowledgeRepository/graph/DtopCatalogs/control-catalog.json
CRY-09.6,sol_large_business_773d5b4a86,HAS_POSSIBLE_SOLUTION,Large Business,control,DTOP-OLD/client/src/assets/docs/knowledgeRepository/graph/DtopCatalogs/control-catalog.json
CRY-09.6,sol_medium_business_6d16d70160,HAS_POSSIBLE_SOLUTION,Medium Business,control,DTOP-OLD/client/src/assets/docs/knowledgeRepository/graph/DtopCatalogs/control-catalog.json
CRY-09.7,sol_enterprise_27fd4a8fec,HAS_POSSIBLE_SOLUTION,Enterprise,control,DTOP-OLD/client/src/assets/docs/knowledgeRepository/graph/DtopCatalogs/control-catalog.json
CRY-09.7,sol_large_business_773d5b4a86,HAS_POSSIBLE_SOLUTION,Large Business,control,DTOP-OLD/client/src/assets/docs/knowledgeRepository/graph/DtopCatalogs/control-catalog.json
CRY-09.7,sol_medium_business_6d16d70160,HAS_POSSIBLE_SOLUTION,Medium Business,control,DTOP-OLD/client/src/assets/docs/knowledgeRepository/graph/DtopCatalogs/control-catalog.json
CRY-10,sol_enterprise_27fd4a8fec,HAS_POSSIBLE_SOLUTION,Enterprise,control,DTOP-OLD/client/src/assets/docs/knowledgeRepository/graph/DtopCatalogs/control-catalog.json
CRY-10,sol_large_business_773d5b4a86,HAS_POSSIBLE_SOLUTION,Large Business,control,DTOP-OLD/client/src/assets/docs/knowledgeRepository/graph/DtopCatalogs/control-catalog.json
CRY-10,sol_medium_business_6d16d70160,HAS_POSSIBLE_SOLUTION,Medium Business,control,DTOP-OLD/client/src/assets/docs/knowledgeRepository/graph/DtopCatalogs/control-catalog.json
CRY-11,sol_enterprise_27fd4a8fec,HAS_POSSIBLE_SOLUTION,Enterprise,control,DTOP-OLD/client/src/assets/docs/knowledgeRepository/graph/DtopCatalogs/control-catalog.json
CRY-11,sol_large_business_773d5b4a86,HAS_POSSIBLE_SOLUTION,Large Business,control,DTOP-OLD/client/src/assets/docs/knowledgeRepository/graph/DtopCatalogs/control-catalog.json
CRY-11,sol_medium_business_6d16d70160,HAS_POSSIBLE_SOLUTION,Medium Business,control,DTOP-OLD/client/src/assets/docs/knowledgeRepository/graph/DtopCatalogs/control-catalog.json
CRY-12,sol_enterprise_27fd4a8fec,HAS_POSSIBLE_SOLUTION,Enterprise,control,DTOP-OLD/client/src/assets/docs/knowledgeRepository/graph/DtopCatalogs/control-catalog.json
CRY-12,sol_large_business_773d5b4a86,HAS_POSSIBLE_SOLUTION,Large Business,control,DTOP-OLD/client/src/assets/docs/knowledgeRepository/graph/DtopCatalogs/control-catalog.json
CRY-12,sol_medium_business_6d16d70160,HAS_POSSIBLE_SOLUTION,Medium Business,control,DTOP-OLD/client/src/assets/docs/knowledgeRepository/graph/DtopCatalogs/control-catalog.json
DCH-01,sol_enterprise_ae93258322,HAS_POSSIBLE_SOLUTION,Enterprise,control,DTOP-OLD/client/src/assets/docs/knowledgeRepository/graph/DtopCatalogs/control-catalog.json
DCH-01,sol_large_business_7ce63e7ff7,HAS_POSSIBLE_SOLUTION,Large Business,control,DTOP-OLD/client/src/assets/docs/knowledgeRepository/graph/DtopCatalogs/control-catalog.json
DCH-01,sol_medium_business_cf5ae42a14,HAS_POSSIBLE_SOLUTION,Medium Business,control,DTOP-OLD/client/src/assets/docs/knowledgeRepository/graph/DtopCatalogs/control-catalog.json
DCH-01.1,sol_enterprise_35f829de96,HAS_POSSIBLE_SOLUTION,Enterprise,control,DTOP-OLD/client/src/assets/docs/knowledgeRepository/graph/DtopCatalogs/control-catalog.json
DCH-01.1,sol_large_business_6b55d20c31,HAS_POSSIBLE_SOLUTION,Large Business,control,DTOP-OLD/client/src/assets/docs/knowledgeRepository/graph/DtopCatalogs/control-catalog.json
DCH-01.1,sol_medium_business_4e99774fac,HAS_POSSIBLE_SOLUTION,Medium Business,control,DTOP-OLD/client/src/assets/docs/knowledgeRepository/graph/DtopCatalogs/control-catalog.json
DCH-01.2,sol_enterprise_c301724831,HAS_POSSIBLE_SOLUTION,Enterprise,control,DTOP-OLD/client/src/assets/docs/knowledgeRepository/graph/DtopCatalogs/control-catalog.json
DCH-01.2,sol_large_business_d523b1e8dd,HAS_POSSIBLE_SOLUTION,Large Business,control,DTOP-OLD/client/src/assets/docs/knowledgeRepository/graph/DtopCatalogs/control-catalog.json
DCH-01.2,sol_medium_business_cf5ae42a14,HAS_POSSIBLE_SOLUTION,Medium Business,control,DTOP-OLD/client/src/assets/docs/knowledgeRepository/graph/DtopCatalogs/control-catalog.json
DCH-01.3,sol_enterprise_8299d39ac8,HAS_POSSIBLE_SOLUTION,Enterprise,control,DTOP-OLD/client/src/assets/docs/knowledgeRepository/graph/DtopCatalogs/control-catalog.json
DCH-01.3,sol_large_business_2b3c686f3c,HAS_POSSIBLE_SOLUTION,Large Business,control,DTOP-OLD/client/src/assets/docs/knowledgeRepository/graph/DtopCatalogs/control-catalog.json
DCH-01.3,sol_medium_business_cc62e72090,HAS_POSSIBLE_SOLUTION,Medium Business,control,DTOP-OLD/client/src/assets/docs/knowledgeRepository/graph/DtopCatalogs/control-catalog.json
DCH-01.4,sol_enterprise_c301724831,HAS_POSSIBLE_SOLUTION,Enterprise,control,DTOP-OLD/client/src/assets/docs/knowledgeRepository/graph/DtopCatalogs/control-catalog.json
DCH-01.4,sol_large_business_d523b1e8dd,HAS_POSSIBLE_SOLUTION,Large Business,control,DTOP-OLD/client/src/assets/docs/knowledgeRepository/graph/DtopCatalogs/control-catalog.json
DCH-01.4,sol_medium_business_cf5ae42a14,HAS_POSSIBLE_SOLUTION,Medium Business,control,DTOP-OLD/client/src/assets/docs/knowledgeRepository/graph/DtopCatalogs/control-catalog.json
DCH-02,sol_enterprise_42635651cb,HAS_POSSIBLE_SOLUTION,Enterprise,control,DTOP-OLD/client/src/assets/docs/knowledgeRepository/graph/DtopCatalogs/control-catalog.json
DCH-02,sol_large_business_62c41088b0,HAS_POSSIBLE_SOLUTION,Large Business,control,DTOP-OLD/client/src/assets/docs/knowledgeRepository/graph/DtopCatalogs/control-catalog.json
DCH-02,sol_medium_business_efc75a7bda,HAS_POSSIBLE_SOLUTION,Medium Business,control,DTOP-OLD/client/src/assets/docs/knowledgeRepository/graph/DtopCatalogs/control-catalog.json
DCH-02.1,sol_enterprise_42635651cb,HAS_POSSIBLE_SOLUTION,Enterprise,control,DTOP-OLD/client/src/assets/docs/knowledgeRepository/graph/DtopCatalogs/control-catalog.json
DCH-02.1,sol_large_business_62c41088b0,HAS_POSSIBLE_SOLUTION,Large Business,control,DTOP-OLD/client/src/assets/docs/knowledgeRepository/graph/DtopCatalogs/control-catalog.json
DCH-02.1,sol_medium_business_efc75a7bda,HAS_POSSIBLE_SOLUTION,Medium Business,control,DTOP-OLD/client/src/assets/docs/knowledgeRepository/graph/DtopCatalogs/control-catalog.json
DCH-03,sol_enterprise_c301724831,HAS_POSSIBLE_SOLUTION,Enterprise,control,DTOP-OLD/client/src/assets/docs/knowledgeRepository/graph/DtopCatalogs/control-catalog.json
DCH-03,sol_large_business_d523b1e8dd,HAS_POSSIBLE_SOLUTION,Large Business,control,DTOP-OLD/client/src/assets/docs/knowledgeRepository/graph/DtopCatalogs/control-catalog.json
DCH-03,sol_medium_business_cf5ae42a14,HAS_POSSIBLE_SOLUTION,Medium Business,control,DTOP-OLD/client/src/assets/docs/knowledgeRepository/graph/DtopCatalogs/control-catalog.json
DCH-03.1,sol_enterprise_ef3b323019,HAS_POSSIBLE_SOLUTION,Enterprise,control,DTOP-OLD/client/src/assets/docs/knowledgeRepository/graph/DtopCatalogs/control-catalog.json
DCH-03.1,sol_large_business_5c51b339aa,HAS_POSSIBLE_SOLUTION,Large Business,control,DTOP-OLD/client/src/assets/docs/knowledgeRepository/graph/DtopCatalogs/control-catalog.json
DCH-03.1,sol_medium_business_0578c1c903,HAS_POSSIBLE_SOLUTION,Medium Business,control,DTOP-OLD/client/src/assets/docs/knowledgeRepository/graph/DtopCatalogs/control-catalog.json
DCH-03.2,sol_enterprise_42635651cb,HAS_POSSIBLE_SOLUTION,Enterprise,control,DTOP-OLD/client/src/assets/docs/knowledgeRepository/graph/DtopCatalogs/control-catalog.json
DCH-03.2,sol_large_business_62c41088b0,HAS_POSSIBLE_SOLUTION,Large Business,control,DTOP-OLD/client/src/assets/docs/knowledgeRepository/graph/DtopCatalogs/control-catalog.json
DCH-03.2,sol_medium_business_efc75a7bda,HAS_POSSIBLE_SOLUTION,Medium Business,control,DTOP-OLD/client/src/assets/docs/knowledgeRepository/graph/DtopCatalogs/control-catalog.json
DCH-04,sol_enterprise_5669573b12,HAS_POSSIBLE_SOLUTION,Enterprise,control,DTOP-OLD/client/src/assets/docs/knowledgeRepository/graph/DtopCatalogs/control-catalog.json
DCH-04,sol_large_business_a18beb63ee,HAS_POSSIBLE_SOLUTION,Large Business,control,DTOP-OLD/client/src/assets/docs/knowledgeRepository/graph/DtopCatalogs/control-catalog.json
DCH-04,sol_medium_business_bdba28cbea,HAS_POSSIBLE_SOLUTION,Medium Business,control,DTOP-OLD/client/src/assets/docs/knowledgeRepository/graph/DtopCatalogs/control-catalog.json
DCH-04.1,sol_enterprise_5669573b12,HAS_POSSIBLE_SOLUTION,Enterprise,control,DTOP-OLD/client/src/assets/docs/knowledgeRepository/graph/DtopCatalogs/control-catalog.json
DCH-04.1,sol_large_business_a18beb63ee,HAS_POSSIBLE_SOLUTION,Large Business,control,DTOP-OLD/client/src/assets/docs/knowledgeRepository/graph/DtopCatalogs/control-catalog.json
DCH-04.1,sol_medium_business_bdba28cbea,HAS_POSSIBLE_SOLUTION,Medium Business,control,DTOP-OLD/client/src/assets/docs/knowledgeRepository/graph/DtopCatalogs/control-catalog.json
DCH-05,sol_enterprise_bb87eda2ad,HAS_POSSIBLE_SOLUTION,Enterprise,control,DTOP-OLD/client/src/assets/docs/knowledgeRepository/graph/DtopCatalogs/control-catalog.json
DCH-05,sol_large_business_e9cbfb1c1b,HAS_POSSIBLE_SOLUTION,Large Business,control,DTOP-OLD/client/src/assets/docs/knowledgeRepository/graph/DtopCatalogs/control-catalog.json
DCH-05,sol_medium_business_7de1ec9720,HAS_POSSIBLE_SOLUTION,Medium Business,control,DTOP-OLD/client/src/assets/docs/knowledgeRepository/graph/DtopCatalogs/control-catalog.json
DCH-05.11,sol_enterprise_02dd2abe3a,HAS_POSSIBLE_SOLUTION,Enterprise,control,DTOP-OLD/client/src/assets/docs/knowledgeRepository/graph/DtopCatalogs/control-catalog.json
DCH-05.11,sol_large_business_eb55b56fc5,HAS_POSSIBLE_SOLUTION,Large Business,control,DTOP-OLD/client/src/assets/docs/knowledgeRepository/graph/DtopCatalogs/control-catalog.json
DCH-05.11,sol_medium_business_cd9950220b,HAS_POSSIBLE_SOLUTION,Medium Business,control,DTOP-OLD/client/src/assets/docs/knowledgeRepository/graph/DtopCatalogs/control-catalog.json
DCH-06,sol_enterprise_dd2c4b6896,HAS_POSSIBLE_SOLUTION,Enterprise,control,DTOP-OLD/client/src/assets/docs/knowledgeRepository/graph/DtopCatalogs/control-catalog.json
DCH-06,sol_large_business_fc2099d92a,HAS_POSSIBLE_SOLUTION,Large Business,control,DTOP-OLD/client/src/assets/docs/knowledgeRepository/graph/DtopCatalogs/control-catalog.json
DCH-06,sol_medium_business_d0d481cadd,HAS_POSSIBLE_SOLUTION,Medium Business,control,DTOP-OLD/client/src/assets/docs/knowledgeRepository/graph/DtopCatalogs/control-catalog.json
DCH-06.1,sol_enterprise_c3789a580e,HAS_POSSIBLE_SOLUTION,Enterprise,control,DTOP-OLD/client/src/assets/docs/knowledgeRepository/graph/DtopCatalogs/control-catalog.json
DCH-06.1,sol_large_business_79c1fbfa54,HAS_POSSIBLE_SOLUTION,Large Business,control,DTOP-OLD/client/src/assets/docs/knowledgeRepository/graph/DtopCatalogs/control-catalog.json
DCH-06.1,sol_medium_business_d0d481cadd,HAS_POSSIBLE_SOLUTION,Medium Business,control,DTOP-OLD/client/src/assets/docs/knowledgeRepository/graph/DtopCatalogs/control-catalog.json
DCH-06.2,sol_enterprise_c3c7a454de,HAS_POSSIBLE_SOLUTION,Enterprise,control,DTOP-OLD/client/src/assets/docs/knowledgeRepository/graph/DtopCatalogs/control-catalog.json
DCH-06.2,sol_large_business_7e1de46ac1,HAS_POSSIBLE_SOLUTION,Large Business,control,DTOP-OLD/client/src/assets/docs/knowledgeRepository/graph/DtopCatalogs/control-catalog.json
DCH-06.2,sol_medium_business_313cc9a9fa,HAS_POSSIBLE_SOLUTION,Medium Business,control,DTOP-OLD/client/src/assets/docs/knowledgeRepository/graph/DtopCatalogs/control-catalog.json
DCH-06.4,sol_enterprise_76c2ee0f56,HAS_POSSIBLE_SOLUTION,Enterprise,control,DTOP-OLD/client/src/assets/docs/knowledgeRepository/graph/DtopCatalogs/control-catalog.json
DCH-06.4,sol_large_business_7326e776f9,HAS_POSSIBLE_SOLUTION,Large Business,control,DTOP-OLD/client/src/assets/docs/knowledgeRepository/graph/DtopCatalogs/control-catalog.json
DCH-06.4,sol_medium_business_d5c65b6e84,HAS_POSSIBLE_SOLUTION,Medium Business,control,DTOP-OLD/client/src/assets/docs/knowledgeRepository/graph/DtopCatalogs/control-catalog.json
DCH-06.5,sol_enterprise_8a8b32d3c8,HAS_POSSIBLE_SOLUTION,Enterprise,control,DTOP-OLD/client/src/assets/docs/knowledgeRepository/graph/DtopCatalogs/control-catalog.json
DCH-06.5,sol_large_business_4677148d88,HAS_POSSIBLE_SOLUTION,Large Business,control,DTOP-OLD/client/src/assets/docs/knowledgeRepository/graph/DtopCatalogs/control-catalog.json
DCH-06.5,sol_medium_business_c315644afc,HAS_POSSIBLE_SOLUTION,Medium Business,control,DTOP-OLD/client/src/assets/docs/knowledgeRepository/graph/DtopCatalogs/control-catalog.json
DCH-07,sol_enterprise_9ec2ae7aa9,HAS_POSSIBLE_SOLUTION,Enterprise,control,DTOP-OLD/client/src/assets/docs/knowledgeRepository/graph/DtopCatalogs/control-catalog.json
DCH-07,sol_large_business_ece0a7576e,HAS_POSSIBLE_SOLUTION,Large Business,control,DTOP-OLD/client/src/assets/docs/knowledgeRepository/graph/DtopCatalogs/control-catalog.json
DCH-07,sol_medium_business_e549303a70,HAS_POSSIBLE_SOLUTION,Medium Business,control,DTOP-OLD/client/src/assets/docs/knowledgeRepository/graph/DtopCatalogs/control-catalog.json
DCH-07.1,sol_enterprise_e865cea38a,HAS_POSSIBLE_SOLUTION,Enterprise,control,DTOP-OLD/client/src/assets/docs/knowledgeRepository/graph/DtopCatalogs/control-catalog.json
DCH-07.1,sol_large_business_7c896bf632,HAS_POSSIBLE_SOLUTION,Large Business,control,DTOP-OLD/client/src/assets/docs/knowledgeRepository/graph/DtopCatalogs/control-catalog.json
DCH-07.1,sol_medium_business_bbeb958286,HAS_POSSIBLE_SOLUTION,Medium Business,control,DTOP-OLD/client/src/assets/docs/knowledgeRepository/graph/DtopCatalogs/control-catalog.json
DCH-07.2,sol_enterprise_dad8a1abc1,HAS_POSSIBLE_SOLUTION,Enterprise,control,DTOP-OLD/client/src/assets/docs/knowledgeRepository/graph/DtopCatalogs/control-catalog.json
DCH-07.2,sol_large_business_cf9128c7eb,HAS_POSSIBLE_SOLUTION,Large Business,control,DTOP-OLD/client/src/assets/docs/knowledgeRepository/graph/DtopCatalogs/control-catalog.json
DCH-07.2,sol_medium_business_65db6eaa73,HAS_POSSIBLE_SOLUTION,Medium Business,control,DTOP-OLD/client/src/assets/docs/knowledgeRepository/graph/DtopCatalogs/control-catalog.json
DCH-08,sol_enterprise_5218ed7be9,HAS_POSSIBLE_SOLUTION,Enterprise,control,DTOP-OLD/client/src/assets/docs/knowledgeRepository/graph/DtopCatalogs/control-catalog.json
DCH-08,sol_large_business_fa70e430d5,HAS_POSSIBLE_SOLUTION,Large Business,control,DTOP-OLD/client/src/assets/docs/knowledgeRepository/graph/DtopCatalogs/control-catalog.json
DCH-08,sol_medium_business_9541a3738d,HAS_POSSIBLE_SOLUTION,Medium Business,control,DTOP-OLD/client/src/assets/docs/knowledgeRepository/graph/DtopCatalogs/control-catalog.json
DCH-09,sol_enterprise_5218ed7be9,HAS_POSSIBLE_SOLUTION,Enterprise,control,DTOP-OLD/client/src/assets/docs/knowledgeRepository/graph/DtopCatalogs/control-catalog.json
DCH-09,sol_large_business_fa70e430d5,HAS_POSSIBLE_SOLUTION,Large Business,control,DTOP-OLD/client/src/assets/docs/knowledgeRepository/graph/DtopCatalogs/control-catalog.json
DCH-09,sol_medium_business_9541a3738d,HAS_POSSIBLE_SOLUTION,Medium Business,control,DTOP-OLD/client/src/assets/docs/knowledgeRepository/graph/DtopCatalogs/control-catalog.json
DCH-09.1,sol_enterprise_6f34ff6e6b,HAS_POSSIBLE_SOLUTION,Enterprise,control,DTOP-OLD/client/src/assets/docs/knowledgeRepository/graph/DtopCatalogs/control-catalog.json
DCH-09.1,sol_large_business_7c77e82d7a,HAS_POSSIBLE_SOLUTION,Large Business,control,DTOP-OLD/client/src/assets/docs/knowledgeRepository/graph/DtopCatalogs/control-catalog.json
DCH-09.1,sol_medium_business_a1a4607d22,HAS_POSSIBLE_SOLUTION,Medium Business,control,DTOP-OLD/client/src/assets/docs/knowledgeRepository/graph/DtopCatalogs/control-catalog.json
DCH-09.3,sol_enterprise_e2e233a079,HAS_POSSIBLE_SOLUTION,Enterprise,control,DTOP-OLD/client/src/assets/docs/knowledgeRepository/graph/DtopCatalogs/control-catalog.json
DCH-09.3,sol_large_business_91ffda127e,HAS_POSSIBLE_SOLUTION,Large Business,control,DTOP-OLD/client/src/assets/docs/knowledgeRepository/graph/DtopCatalogs/control-catalog.json
DCH-09.3,sol_medium_business_c3735b3780,HAS_POSSIBLE_SOLUTION,Medium Business,control,DTOP-OLD/client/src/assets/docs/knowledgeRepository/graph/DtopCatalogs/control-catalog.json
DCH-09.4,sol_enterprise_9eb1734e3c,HAS_POSSIBLE_SOLUTION,Enterprise,control,DTOP-OLD/client/src/assets/docs/knowledgeRepository/graph/DtopCatalogs/control-catalog.json
DCH-09.4,sol_large_business_89c4251593,HAS_POSSIBLE_SOLUTION,Large Business,control,DTOP-OLD/client/src/assets/docs/knowledgeRepository/graph/DtopCatalogs/control-catalog.json
DCH-09.4,sol_medium_business_899a6c450d,HAS_POSSIBLE_SOLUTION,Medium Business,control,DTOP-OLD/client/src/assets/docs/knowledgeRepository/graph/DtopCatalogs/control-catalog.json
DCH-09.5,sol_enterprise_f4a708a553,HAS_POSSIBLE_SOLUTION,Enterprise,control,DTOP-OLD/client/src/assets/docs/knowledgeRepository/graph/DtopCatalogs/control-catalog.json
DCH-09.5,sol_large_business_af1df2601c,HAS_POSSIBLE_SOLUTION,Large Business,control,DTOP-OLD/client/src/assets/docs/knowledgeRepository/graph/DtopCatalogs/control-catalog.json
DCH-09.5,sol_medium_business_8f782c643d,HAS_POSSIBLE_SOLUTION,Medium Business,control,DTOP-OLD/client/src/assets/docs/knowledgeRepository/graph/DtopCatalogs/control-catalog.json
DCH-10,sol_enterprise_8a8b32d3c8,HAS_POSSIBLE_SOLUTION,Enterprise,control,DTOP-OLD/client/src/assets/docs/knowledgeRepository/graph/DtopCatalogs/control-catalog.json
DCH-10,sol_large_business_4677148d88,HAS_POSSIBLE_SOLUTION,Large Business,control,DTOP-OLD/client/src/assets/docs/knowledgeRepository/graph/DtopCatalogs/control-catalog.json
DCH-10,sol_medium_business_c315644afc,HAS_POSSIBLE_SOLUTION,Medium Business,control,DTOP-OLD/client/src/assets/docs/knowledgeRepository/graph/DtopCatalogs/control-catalog.json
DCH-11,sol_enterprise_654279d4ce,HAS_POSSIBLE_SOLUTION,Enterprise,control,DTOP-OLD/client/src/assets/docs/knowledgeRepository/graph/DtopCatalogs/control-catalog.json
DCH-11,sol_large_business_df4dcca766,HAS_POSSIBLE_SOLUTION,Large Business,control,DTOP-OLD/client/src/assets/docs/knowledgeRepository/graph/DtopCatalogs/control-catalog.json
DCH-11,sol_medium_business_2087942396,HAS_POSSIBLE_SOLUTION,Medium Business,control,DTOP-OLD/client/src/assets/docs/knowledgeRepository/graph/DtopCatalogs/control-catalog.json
DCH-12,sol_enterprise_a9d224cee5,HAS_POSSIBLE_SOLUTION,Enterprise,control,DTOP-OLD/client/src/assets/docs/knowledgeRepository/graph/DtopCatalogs/control-catalog.json
DCH-12,sol_large_business_d0c946ebf5,HAS_POSSIBLE_SOLUTION,Large Business,control,DTOP-OLD/client/src/assets/docs/knowledgeRepository/graph/DtopCatalogs/control-catalog.json
DCH-12,sol_medium_business_18fd40ab9d,HAS_POSSIBLE_SOLUTION,Medium Business,control,DTOP-OLD/client/src/assets/docs/knowledgeRepository/graph/DtopCatalogs/control-catalog.json
DCH-13,sol_enterprise_c05bc5cafb,HAS_POSSIBLE_SOLUTION,Enterprise,control,DTOP-OLD/client/src/assets/docs/knowledgeRepository/graph/DtopCatalogs/control-catalog.json
DCH-13,sol_large_business_b5d3964fe6,HAS_POSSIBLE_SOLUTION,Large Business,control,DTOP-OLD/client/src/assets/docs/knowledgeRepository/graph/DtopCatalogs/control-catalog.json
DCH-13,sol_medium_business_50b5ca4146,HAS_POSSIBLE_SOLUTION,Medium Business,control,DTOP-OLD/client/src/assets/docs/knowledgeRepository/graph/DtopCatalogs/control-catalog.json
DCH-13.1,sol_enterprise_6e2c906431,HAS_POSSIBLE_SOLUTION,Enterprise,control,DTOP-OLD/client/src/assets/docs/knowledgeRepository/graph/DtopCatalogs/control-catalog.json
DCH-13.1,sol_large_business_0ebb793fa7,HAS_POSSIBLE_SOLUTION,Large Business,control,DTOP-OLD/client/src/assets/docs/knowledgeRepository/graph/DtopCatalogs/control-catalog.json
DCH-13.1,sol_medium_business_1219b89742,HAS_POSSIBLE_SOLUTION,Medium Business,control,DTOP-OLD/client/src/assets/docs/knowledgeRepository/graph/DtopCatalogs/control-catalog.json
DCH-13.2,sol_enterprise_f37b9ea938,HAS_POSSIBLE_SOLUTION,Enterprise,control,DTOP-OLD/client/src/assets/docs/knowledgeRepository/graph/DtopCatalogs/control-catalog.json
DCH-13.2,sol_large_business_a4b60de27a,HAS_POSSIBLE_SOLUTION,Large Business,control,DTOP-OLD/client/src/assets/docs/knowledgeRepository/graph/DtopCatalogs/control-catalog.json
DCH-13.2,sol_medium_business_f58dedd988,HAS_POSSIBLE_SOLUTION,Medium Business,control,DTOP-OLD/client/src/assets/docs/knowledgeRepository/graph/DtopCatalogs/control-catalog.json
DCH-13.3,sol_enterprise_6e2c906431,HAS_POSSIBLE_SOLUTION,Enterprise,control,DTOP-OLD/client/src/assets/docs/knowledgeRepository/graph/DtopCatalogs/control-catalog.json
DCH-13.3,sol_large_business_0ebb793fa7,HAS_POSSIBLE_SOLUTION,Large Business,control,DTOP-OLD/client/src/assets/docs/knowledgeRepository/graph/DtopCatalogs/control-catalog.json
DCH-13.3,sol_medium_business_1219b89742,HAS_POSSIBLE_SOLUTION,Medium Business,control,DTOP-OLD/client/src/assets/docs/knowledgeRepository/graph/DtopCatalogs/control-catalog.json
DCH-13.4,sol_enterprise_7c792de7b7,HAS_POSSIBLE_SOLUTION,Enterprise,control,DTOP-OLD/client/src/assets/docs/knowledgeRepository/graph/DtopCatalogs/control-catalog.json
DCH-13.4,sol_large_business_db6239fe07,HAS_POSSIBLE_SOLUTION,Large Business,control,DTOP-OLD/client/src/assets/docs/knowledgeRepository/graph/DtopCatalogs/control-catalog.json
DCH-13.4,sol_medium_business_f11ba4a2ff,HAS_POSSIBLE_SOLUTION,Medium Business,control,DTOP-OLD/client/src/assets/docs/knowledgeRepository/graph/DtopCatalogs/control-catalog.json
DCH-14,sol_enterprise_654279d4ce,HAS_POSSIBLE_SOLUTION,Enterprise,control,DTOP-OLD/client/src/assets/docs/knowledgeRepository/graph/DtopCatalogs/control-catalog.json
DCH-14,sol_large_business_df4dcca766,HAS_POSSIBLE_SOLUTION,Large Business,control,DTOP-OLD/client/src/assets/docs/knowledgeRepository/graph/DtopCatalogs/control-catalog.json
DCH-14,sol_medium_business_2087942396,HAS_POSSIBLE_SOLUTION,Medium Business,control,DTOP-OLD/client/src/assets/docs/knowledgeRepository/graph/DtopCatalogs/control-catalog.json
DCH-14.1,sol_enterprise_e8c47b40de,HAS_POSSIBLE_SOLUTION,Enterprise,control,DTOP-OLD/client/src/assets/docs/knowledgeRepository/graph/DtopCatalogs/control-catalog.json
DCH-14.1,sol_large_business_271a1f8828,HAS_POSSIBLE_SOLUTION,Large Business,control,DTOP-OLD/client/src/assets/docs/knowledgeRepository/graph/DtopCatalogs/control-catalog.json
DCH-14.1,sol_medium_business_8187890f82,HAS_POSSIBLE_SOLUTION,Medium Business,control,DTOP-OLD/client/src/assets/docs/knowledgeRepository/graph/DtopCatalogs/control-catalog.json
DCH-14.3,sol_enterprise_4f6c40ac91,HAS_POSSIBLE_SOLUTION,Enterprise,control,DTOP-OLD/client/src/assets/docs/knowledgeRepository/graph/DtopCatalogs/control-catalog.json
DCH-14.3,sol_large_business_9185b3a011,HAS_POSSIBLE_SOLUTION,Large Business,control,DTOP-OLD/client/src/assets/docs/knowledgeRepository/graph/DtopCatalogs/control-catalog.json
DCH-14.3,sol_medium_business_efb99de3cc,HAS_POSSIBLE_SOLUTION,Medium Business,control,DTOP-OLD/client/src/assets/docs/knowledgeRepository/graph/DtopCatalogs/control-catalog.json
DCH-16,sol_enterprise_b77494038c,HAS_POSSIBLE_SOLUTION,Enterprise,control,DTOP-OLD/client/src/assets/docs/knowledgeRepository/graph/DtopCatalogs/control-catalog.json
DCH-16,sol_large_business_9dcc7d5842,HAS_POSSIBLE_SOLUTION,Large Business,control,DTOP-OLD/client/src/assets/docs/knowledgeRepository/graph/DtopCatalogs/control-catalog.json
DCH-16,sol_medium_business_7b18371646,HAS_POSSIBLE_SOLUTION,Medium Business,control,DTOP-OLD/client/src/assets/docs/knowledgeRepository/graph/DtopCatalogs/control-catalog.json
DCH-17,sol_enterprise_2081d5161c,HAS_POSSIBLE_SOLUTION,Enterprise,control,DTOP-OLD/client/src/assets/docs/knowledgeRepository/graph/DtopCatalogs/control-catalog.json
DCH-17,sol_large_business_f2ec6ca797,HAS_POSSIBLE_SOLUTION,Large Business,control,DTOP-OLD/client/src/assets/docs/knowledgeRepository/graph/DtopCatalogs/control-catalog.json
DCH-17,sol_medium_business_1285119ba2,HAS_POSSIBLE_SOLUTION,Medium Business,control,DTOP-OLD/client/src/assets/docs/knowledgeRepository/graph/DtopCatalogs/control-catalog.json
DCH-18,sol_enterprise_e1db748886,HAS_POSSIBLE_SOLUTION,Enterprise,control,DTOP-OLD/client/src/assets/docs/knowledgeRepository/graph/DtopCatalogs/control-catalog.json
DCH-18,sol_large_business_eade192143,HAS_POSSIBLE_SOLUTION,Large Business,control,DTOP-OLD/client/src/assets/docs/knowledgeRepository/graph/DtopCatalogs/control-catalog.json
DCH-18,sol_medium_business_7b16aa8278,HAS_POSSIBLE_SOLUTION,Medium Business,control,DTOP-OLD/client/src/assets/docs/knowledgeRepository/graph/DtopCatalogs/control-catalog.json
DCH-18.1,sol_enterprise_fa5a01306f,HAS_POSSIBLE_SOLUTION,Enterprise,control,DTOP-OLD/client/src/assets/docs/knowledgeRepository/graph/DtopCatalogs/control-catalog.json
DCH-18.1,sol_large_business_a00223bd99,HAS_POSSIBLE_SOLUTION,Large Business,control,DTOP-OLD/client/src/assets/docs/knowledgeRepository/graph/DtopCatalogs/control-catalog.json
DCH-18.1,sol_medium_business_99b42d9eac,HAS_POSSIBLE_SOLUTION,Medium Business,control,DTOP-OLD/client/src/assets/docs/knowledgeRepository/graph/DtopCatalogs/control-catalog.json
DCH-18.2,sol_enterprise_6214c8c130,HAS_POSSIBLE_SOLUTION,Enterprise,control,DTOP-OLD/client/src/assets/docs/knowledgeRepository/graph/DtopCatalogs/control-catalog.json
DCH-18.2,sol_large_business_29722dde25,HAS_POSSIBLE_SOLUTION,Large Business,control,DTOP-OLD/client/src/assets/docs/knowledgeRepository/graph/DtopCatalogs/control-catalog.json
DCH-18.2,sol_medium_business_35f90f3a88,HAS_POSSIBLE_SOLUTION,Medium Business,control,DTOP-OLD/client/src/assets/docs/knowledgeRepository/graph/DtopCatalogs/control-catalog.json
DCH-19,sol_enterprise_c4b97e3e1e,HAS_POSSIBLE_SOLUTION,Enterprise,control,DTOP-OLD/client/src/assets/docs/knowledgeRepository/graph/DtopCatalogs/control-catalog.json
DCH-19,sol_large_business_773902be14,HAS_POSSIBLE_SOLUTION,Large Business,control,DTOP-OLD/client/src/assets/docs/knowledgeRepository/graph/DtopCatalogs/control-catalog.json
DCH-19,sol_medium_business_181ae99a14,HAS_POSSIBLE_SOLUTION,Medium Business,control,DTOP-OLD/client/src/assets/docs/knowledgeRepository/graph/DtopCatalogs/control-catalog.json
DCH-20,sol_enterprise_fd3344365c,HAS_POSSIBLE_SOLUTION,Enterprise,control,DTOP-OLD/client/src/assets/docs/knowledgeRepository/graph/DtopCatalogs/control-catalog.json
DCH-20,sol_large_business_00ed8515c8,HAS_POSSIBLE_SOLUTION,Large Business,control,DTOP-OLD/client/src/assets/docs/knowledgeRepository/graph/DtopCatalogs/control-catalog.json
DCH-20,sol_medium_business_aa2cbc1b22,HAS_POSSIBLE_SOLUTION,Medium Business,control,DTOP-OLD/client/src/assets/docs/knowledgeRepository/graph/DtopCatalogs/control-catalog.json
DCH-21,sol_enterprise_5218ed7be9,HAS_POSSIBLE_SOLUTION,Enterprise,control,DTOP-OLD/client/src/assets/docs/knowledgeRepository/graph/DtopCatalogs/control-catalog.json
DCH-21,sol_large_business_fa70e430d5,HAS_POSSIBLE_SOLUTION,Large Business,control,DTOP-OLD/client/src/assets/docs/knowledgeRepository/graph/DtopCatalogs/control-catalog.json
DCH-21,sol_medium_business_9541a3738d,HAS_POSSIBLE_SOLUTION,Medium Business,control,DTOP-OLD/client/src/assets/docs/knowledgeRepository/graph/DtopCatalogs/control-catalog.json
DCH-22,sol_enterprise_40a67d1713,HAS_POSSIBLE_SOLUTION,Enterprise,control,DTOP-OLD/client/src/assets/docs/knowledgeRepository/graph/DtopCatalogs/control-catalog.json
DCH-22,sol_large_business_0407b3c8f0,HAS_POSSIBLE_SOLUTION,Large Business,control,DTOP-OLD/client/src/assets/docs/knowledgeRepository/graph/DtopCatalogs/control-catalog.json
DCH-22,sol_medium_business_fd7a0dcc1c,HAS_POSSIBLE_SOLUTION,Medium Business,control,DTOP-OLD/client/src/assets/docs/knowledgeRepository/graph/DtopCatalogs/control-catalog.json
DCH-22.1,sol_enterprise_40a67d1713,HAS_POSSIBLE_SOLUTION,Enterprise,control,DTOP-OLD/client/src/assets/docs/knowledgeRepository/graph/DtopCatalogs/control-catalog.json
DCH-22.1,sol_large_business_0407b3c8f0,HAS_POSSIBLE_SOLUTION,Large Business,control,DTOP-OLD/client/src/assets/docs/knowledgeRepository/graph/DtopCatalogs/control-catalog.json
DCH-22.1,sol_medium_business_fd7a0dcc1c,HAS_POSSIBLE_SOLUTION,Medium Business,control,DTOP-OLD/client/src/assets/docs/knowledgeRepository/graph/DtopCatalogs/control-catalog.json
DCH-22.2,sol_enterprise_8299d39ac8,HAS_POSSIBLE_SOLUTION,Enterprise,control,DTOP-OLD/client/src/assets/docs/knowledgeRepository/graph/DtopCatalogs/control-catalog.json
DCH-22.2,sol_large_business_2b3c686f3c,HAS_POSSIBLE_SOLUTION,Large Business,control,DTOP-OLD/client/src/assets/docs/knowledgeRepository/graph/DtopCatalogs/control-catalog.json
DCH-22.2,sol_medium_business_cc62e72090,HAS_POSSIBLE_SOLUTION,Medium Business,control,DTOP-OLD/client/src/assets/docs/knowledgeRepository/graph/DtopCatalogs/control-catalog.json
DCH-22.3,sol_enterprise_cf00464004,HAS_POSSIBLE_SOLUTION,Enterprise,control,DTOP-OLD/client/src/assets/docs/knowledgeRepository/graph/DtopCatalogs/control-catalog.json
DCH-22.3,sol_large_business_7c82414546,HAS_POSSIBLE_SOLUTION,Large Business,control,DTOP-OLD/client/src/assets/docs/knowledgeRepository/graph/DtopCatalogs/control-catalog.json
DCH-22.3,sol_medium_business_e83be07408,HAS_POSSIBLE_SOLUTION,Medium Business,control,DTOP-OLD/client/src/assets/docs/knowledgeRepository/graph/DtopCatalogs/control-catalog.json
DCH-23,sol_enterprise_0f75b4b4ba,HAS_POSSIBLE_SOLUTION,Enterprise,control,DTOP-OLD/client/src/assets/docs/knowledgeRepository/graph/DtopCatalogs/control-catalog.json
DCH-23,sol_large_business_ffb3c1f0f3,HAS_POSSIBLE_SOLUTION,Large Business,control,DTOP-OLD/client/src/assets/docs/knowledgeRepository/graph/DtopCatalogs/control-catalog.json
DCH-23,sol_medium_business_e83be07408,HAS_POSSIBLE_SOLUTION,Medium Business,control,DTOP-OLD/client/src/assets/docs/knowledgeRepository/graph/DtopCatalogs/control-catalog.json
DCH-23.1,sol_enterprise_0f75b4b4ba,HAS_POSSIBLE_SOLUTION,Enterprise,control,DTOP-OLD/client/src/assets/docs/knowledgeRepository/graph/DtopCatalogs/control-catalog.json
DCH-23.1,sol_large_business_ffb3c1f0f3,HAS_POSSIBLE_SOLUTION,Large Business,control,DTOP-OLD/client/src/assets/docs/knowledgeRepository/graph/DtopCatalogs/control-catalog.json
DCH-23.1,sol_medium_business_e83be07408,HAS_POSSIBLE_SOLUTION,Medium Business,control,DTOP-OLD/client/src/assets/docs/knowledgeRepository/graph/DtopCatalogs/control-catalog.json
DCH-23.2,sol_enterprise_0f75b4b4ba,HAS_POSSIBLE_SOLUTION,Enterprise,control,DTOP-OLD/client/src/assets/docs/knowledgeRepository/graph/DtopCatalogs/control-catalog.json
DCH-23.2,sol_large_business_ffb3c1f0f3,HAS_POSSIBLE_SOLUTION,Large Business,control,DTOP-OLD/client/src/assets/docs/knowledgeRepository/graph/DtopCatalogs/control-catalog.json
DCH-23.2,sol_medium_business_e83be07408,HAS_POSSIBLE_SOLUTION,Medium Business,control,DTOP-OLD/client/src/assets/docs/knowledgeRepository/graph/DtopCatalogs/control-catalog.json
DCH-23.3,sol_enterprise_0f75b4b4ba,HAS_POSSIBLE_SOLUTION,Enterprise,control,DTOP-OLD/client/src/assets/docs/knowledgeRepository/graph/DtopCatalogs/control-catalog.json
DCH-23.3,sol_large_business_ffb3c1f0f3,HAS_POSSIBLE_SOLUTION,Large Business,control,DTOP-OLD/client/src/assets/docs/knowledgeRepository/graph/DtopCatalogs/control-catalog.json
DCH-23.3,sol_medium_business_e83be07408,HAS_POSSIBLE_SOLUTION,Medium Business,control,DTOP-OLD/client/src/assets/docs/knowledgeRepository/graph/DtopCatalogs/control-catalog.json
DCH-23.4,sol_enterprise_0f75b4b4ba,HAS_POSSIBLE_SOLUTION,Enterprise,control,DTOP-OLD/client/src/assets/docs/knowledgeRepository/graph/DtopCatalogs/control-catalog.json
DCH-23.4,sol_large_business_ffb3c1f0f3,HAS_POSSIBLE_SOLUTION,Large Business,control,DTOP-OLD/client/src/assets/docs/knowledgeRepository/graph/DtopCatalogs/control-catalog.json
DCH-23.4,sol_medium_business_e83be07408,HAS_POSSIBLE_SOLUTION,Medium Business,control,DTOP-OLD/client/src/assets/docs/knowledgeRepository/graph/DtopCatalogs/control-catalog.json
DCH-23.5,sol_enterprise_0f75b4b4ba,HAS_POSSIBLE_SOLUTION,Enterprise,control,DTOP-OLD/client/src/assets/docs/knowledgeRepository/graph/DtopCatalogs/control-catalog.json
DCH-23.5,sol_large_business_ffb3c1f0f3,HAS_POSSIBLE_SOLUTION,Large Business,control,DTOP-OLD/client/src/assets/docs/knowledgeRepository/graph/DtopCatalogs/control-catalog.json
DCH-23.5,sol_medium_business_e83be07408,HAS_POSSIBLE_SOLUTION,Medium Business,control,DTOP-OLD/client/src/assets/docs/knowledgeRepository/graph/DtopCatalogs/control-catalog.json
DCH-23.6,sol_enterprise_0f75b4b4ba,HAS_POSSIBLE_SOLUTION,Enterprise,control,DTOP-OLD/client/src/assets/docs/knowledgeRepository/graph/DtopCatalogs/control-catalog.json
DCH-23.6,sol_large_business_ffb3c1f0f3,HAS_POSSIBLE_SOLUTION,Large Business,control,DTOP-OLD/client/src/assets/docs/knowledgeRepository/graph/DtopCatalogs/control-catalog.json
DCH-23.6,sol_medium_business_e83be07408,HAS_POSSIBLE_SOLUTION,Medium Business,control,DTOP-OLD/client/src/assets/docs/knowledgeRepository/graph/DtopCatalogs/control-catalog.json
DCH-23.7,sol_enterprise_0f75b4b4ba,HAS_POSSIBLE_SOLUTION,Enterprise,control,DTOP-OLD/client/src/assets/docs/knowledgeRepository/graph/DtopCatalogs/control-catalog.json
DCH-23.7,sol_large_business_ffb3c1f0f3,HAS_POSSIBLE_SOLUTION,Large Business,control,DTOP-OLD/client/src/assets/docs/knowledgeRepository/graph/DtopCatalogs/control-catalog.json
DCH-23.7,sol_medium_business_e83be07408,HAS_POSSIBLE_SOLUTION,Medium Business,control,DTOP-OLD/client/src/assets/docs/knowledgeRepository/graph/DtopCatalogs/control-catalog.json
DCH-23.8,sol_enterprise_2a11dd90a3,HAS_POSSIBLE_SOLUTION,Enterprise,control,DTOP-OLD/client/src/assets/docs/knowledgeRepository/graph/DtopCatalogs/control-catalog.json
DCH-23.8,sol_large_business_bd23995332,HAS_POSSIBLE_SOLUTION,Large Business,control,DTOP-OLD/client/src/assets/docs/knowledgeRepository/graph/DtopCatalogs/control-catalog.json
DCH-23.8,sol_medium_business_a727ff1e44,HAS_POSSIBLE_SOLUTION,Medium Business,control,DTOP-OLD/client/src/assets/docs/knowledgeRepository/graph/DtopCatalogs/control-catalog.json
DCH-23.9,sol_enterprise_98503c4fa3,HAS_POSSIBLE_SOLUTION,Enterprise,control,DTOP-OLD/client/src/assets/docs/knowledgeRepository/graph/DtopCatalogs/control-catalog.json
DCH-23.9,sol_large_business_6c531b820d,HAS_POSSIBLE_SOLUTION,Large Business,control,DTOP-OLD/client/src/assets/docs/knowledgeRepository/graph/DtopCatalogs/control-catalog.json
DCH-23.9,sol_medium_business_a727ff1e44,HAS_POSSIBLE_SOLUTION,Medium Business,control,DTOP-OLD/client/src/assets/docs/knowledgeRepository/graph/DtopCatalogs/control-catalog.json
DCH-24,sol_enterprise_9723a216ad,HAS_POSSIBLE_SOLUTION,Enterprise,control,DTOP-OLD/client/src/assets/docs/knowledgeRepository/graph/DtopCatalogs/control-catalog.json
DCH-24,sol_large_business_7db0167897,HAS_POSSIBLE_SOLUTION,Large Business,control,DTOP-OLD/client/src/assets/docs/knowledgeRepository/graph/DtopCatalogs/control-catalog.json
DCH-24,sol_medium_business_4403156957,HAS_POSSIBLE_SOLUTION,Medium Business,control,DTOP-OLD/client/src/assets/docs/knowledgeRepository/graph/DtopCatalogs/control-catalog.json
DCH-24.1,sol_enterprise_e1143352ea,HAS_POSSIBLE_SOLUTION,Enterprise,control,DTOP-OLD/client/src/assets/docs/knowledgeRepository/graph/DtopCatalogs/control-catalog.json
DCH-24.1,sol_large_business_08d6a7b464,HAS_POSSIBLE_SOLUTION,Large Business,control,DTOP-OLD/client/src/assets/docs/knowledgeRepository/graph/DtopCatalogs/control-catalog.json
DCH-24.1,sol_medium_business_3c9528d131,HAS_POSSIBLE_SOLUTION,Medium Business,control,DTOP-OLD/client/src/assets/docs/knowledgeRepository/graph/DtopCatalogs/control-catalog.json
DCH-25,sol_enterprise_7e636ef5be,HAS_POSSIBLE_SOLUTION,Enterprise,control,DTOP-OLD/client/src/assets/docs/knowledgeRepository/graph/DtopCatalogs/control-catalog.json
DCH-25,sol_large_business_db3aefce38,HAS_POSSIBLE_SOLUTION,Large Business,control,DTOP-OLD/client/src/assets/docs/knowledgeRepository/graph/DtopCatalogs/control-catalog.json
DCH-25,sol_medium_business_34468e6e97,HAS_POSSIBLE_SOLUTION,Medium Business,control,DTOP-OLD/client/src/assets/docs/knowledgeRepository/graph/DtopCatalogs/control-catalog.json
DCH-25.1,sol_enterprise_c2951fb620,HAS_POSSIBLE_SOLUTION,Enterprise,control,DTOP-OLD/client/src/assets/docs/knowledgeRepository/graph/DtopCatalogs/control-catalog.json
DCH-25.1,sol_large_business_475abfbf8a,HAS_POSSIBLE_SOLUTION,Large Business,control,DTOP-OLD/client/src/assets/docs/knowledgeRepository/graph/DtopCatalogs/control-catalog.json
DCH-25.1,sol_medium_business_04be08e00f,HAS_POSSIBLE_SOLUTION,Medium Business,control,DTOP-OLD/client/src/assets/docs/knowledgeRepository/graph/DtopCatalogs/control-catalog.json
DCH-26,sol_enterprise_359d283d47,HAS_POSSIBLE_SOLUTION,Enterprise,control,DTOP-OLD/client/src/assets/docs/knowledgeRepository/graph/DtopCatalogs/control-catalog.json
DCH-26,sol_large_business_42ead12134,HAS_POSSIBLE_SOLUTION,Large Business,control,DTOP-OLD/client/src/assets/docs/knowledgeRepository/graph/DtopCatalogs/control-catalog.json
DCH-26,sol_medium_business_5b4008e72d,HAS_POSSIBLE_SOLUTION,Medium Business,control,DTOP-OLD/client/src/assets/docs/knowledgeRepository/graph/DtopCatalogs/control-catalog.json
DCH-27,sol_enterprise_e1143352ea,HAS_POSSIBLE_SOLUTION,Enterprise,control,DTOP-OLD/client/src/assets/docs/knowledgeRepository/graph/DtopCatalogs/control-catalog.json
DCH-27,sol_large_business_08d6a7b464,HAS_POSSIBLE_SOLUTION,Large Business,control,DTOP-OLD/client/src/assets/docs/knowledgeRepository/graph/DtopCatalogs/control-catalog.json
DCH-27,sol_medium_business_3c9528d131,HAS_POSSIBLE_SOLUTION,Medium Business,control,DTOP-OLD/client/src/assets/docs/knowledgeRepository/graph/DtopCatalogs/control-catalog.json
EMB-01,sol_enterprise_8f9ebfc3f2,HAS_POSSIBLE_SOLUTION,Enterprise,control,DTOP-OLD/client/src/assets/docs/knowledgeRepository/graph/DtopCatalogs/control-catalog.json
EMB-01,sol_large_business_616d34a9f8,HAS_POSSIBLE_SOLUTION,Large Business,control,DTOP-OLD/client/src/assets/docs/knowledgeRepository/graph/DtopCatalogs/control-catalog.json
EMB-01,sol_medium_business_c62a30c9af,HAS_POSSIBLE_SOLUTION,Medium Business,control,DTOP-OLD/client/src/assets/docs/knowledgeRepository/graph/DtopCatalogs/control-catalog.json
EMB-02,sol_enterprise_953a55f270,HAS_POSSIBLE_SOLUTION,Enterprise,control,DTOP-OLD/client/src/assets/docs/knowledgeRepository/graph/DtopCatalogs/control-catalog.json
EMB-02,sol_large_business_6e76fcb3ce,HAS_POSSIBLE_SOLUTION,Large Business,control,DTOP-OLD/client/src/assets/docs/knowledgeRepository/graph/DtopCatalogs/control-catalog.json
EMB-02,sol_medium_business_d2d010d3c2,HAS_POSSIBLE_SOLUTION,Medium Business,control,DTOP-OLD/client/src/assets/docs/knowledgeRepository/graph/DtopCatalogs/control-catalog.json
EMB-03,sol_enterprise_953a55f270,HAS_POSSIBLE_SOLUTION,Enterprise,control,DTOP-OLD/client/src/assets/docs/knowledgeRepository/graph/DtopCatalogs/control-catalog.json
EMB-03,sol_large_business_6e76fcb3ce,HAS_POSSIBLE_SOLUTION,Large Business,control,DTOP-OLD/client/src/assets/docs/knowledgeRepository/graph/DtopCatalogs/control-catalog.json
EMB-03,sol_medium_business_d2d010d3c2,HAS_POSSIBLE_SOLUTION,Medium Business,control,DTOP-OLD/client/src/assets/docs/knowledgeRepository/graph/DtopCatalogs/control-catalog.json
EMB-04,sol_enterprise_8a8b32d3c8,HAS_POSSIBLE_SOLUTION,Enterprise,control,DTOP-OLD/client/src/assets/docs/knowledgeRepository/graph/DtopCatalogs/control-catalog.json
EMB-04,sol_large_business_4677148d88,HAS_POSSIBLE_SOLUTION,Large Business,control,DTOP-OLD/client/src/assets/docs/knowledgeRepository/graph/DtopCatalogs/control-catalog.json
EMB-04,sol_medium_business_c315644afc,HAS_POSSIBLE_SOLUTION,Medium Business,control,DTOP-OLD/client/src/assets/docs/knowledgeRepository/graph/DtopCatalogs/control-catalog.json
EMB-06,sol_enterprise_8a8b32d3c8,HAS_POSSIBLE_SOLUTION,Enterprise,control,DTOP-OLD/client/src/assets/docs/knowledgeRepository/graph/DtopCatalogs/control-catalog.json
EMB-06,sol_large_business_4677148d88,HAS_POSSIBLE_SOLUTION,Large Business,control,DTOP-OLD/client/src/assets/docs/knowledgeRepository/graph/DtopCatalogs/control-catalog.json
EMB-06,sol_medium_business_c315644afc,HAS_POSSIBLE_SOLUTION,Medium Business,control,DTOP-OLD/client/src/assets/docs/knowledgeRepository/graph/DtopCatalogs/control-catalog.json
EMB-07,sol_enterprise_127d25f12f,HAS_POSSIBLE_SOLUTION,Enterprise,control,DTOP-OLD/client/src/assets/docs/knowledgeRepository/graph/DtopCatalogs/control-catalog.json
EMB-07,sol_large_business_7659e82f80,HAS_POSSIBLE_SOLUTION,Large Business,control,DTOP-OLD/client/src/assets/docs/knowledgeRepository/graph/DtopCatalogs/control-catalog.json
EMB-07,sol_medium_business_0e165de75c,HAS_POSSIBLE_SOLUTION,Medium Business,control,DTOP-OLD/client/src/assets/docs/knowledgeRepository/graph/DtopCatalogs/control-catalog.json
EMB-10,sol_enterprise_09984c69f8,HAS_POSSIBLE_SOLUTION,Enterprise,control,DTOP-OLD/client/src/assets/docs/knowledgeRepository/graph/DtopCatalogs/control-catalog.json
EMB-10,sol_large_business_5b887d0b42,HAS_POSSIBLE_SOLUTION,Large Business,control,DTOP-OLD/client/src/assets/docs/knowledgeRepository/graph/DtopCatalogs/control-catalog.json
EMB-10,sol_medium_business_c6c4697f80,HAS_POSSIBLE_SOLUTION,Medium Business,control,DTOP-OLD/client/src/assets/docs/knowledgeRepository/graph/DtopCatalogs/control-catalog.json
EMB-11,sol_enterprise_8a8b32d3c8,HAS_POSSIBLE_SOLUTION,Enterprise,control,DTOP-OLD/client/src/assets/docs/knowledgeRepository/graph/DtopCatalogs/control-catalog.json
EMB-11,sol_large_business_4677148d88,HAS_POSSIBLE_SOLUTION,Large Business,control,DTOP-OLD/client/src/assets/docs/knowledgeRepository/graph/DtopCatalogs/control-catalog.json
EMB-11,sol_medium_business_c315644afc,HAS_POSSIBLE_SOLUTION,Medium Business,control,DTOP-OLD/client/src/assets/docs/knowledgeRepository/graph/DtopCatalogs/control-catalog.json
EMB-12,sol_enterprise_d373aa4931,HAS_POSSIBLE_SOLUTION,Enterprise,control,DTOP-OLD/client/src/assets/docs/knowledgeRepository/graph/DtopCatalogs/control-catalog.json
EMB-12,sol_large_business_df6748c99e,HAS_POSSIBLE_SOLUTION,Large Business,control,DTOP-OLD/client/src/assets/docs/knowledgeRepository/graph/DtopCatalogs/control-catalog.json
EMB-12,sol_medium_business_190b8e4371,HAS_POSSIBLE_SOLUTION,Medium Business,control,DTOP-OLD/client/src/assets/docs/knowledgeRepository/graph/DtopCatalogs/control-catalog.json
EMB-13,sol_enterprise_d373aa4931,HAS_POSSIBLE_SOLUTION,Enterprise,control,DTOP-OLD/client/src/assets/docs/knowledgeRepository/graph/DtopCatalogs/control-catalog.json
EMB-13,sol_large_business_df6748c99e,HAS_POSSIBLE_SOLUTION,Large Business,control,DTOP-OLD/client/src/assets/docs/knowledgeRepository/graph/DtopCatalogs/control-catalog.json
EMB-13,sol_medium_business_190b8e4371,HAS_POSSIBLE_SOLUTION,Medium Business,control,DTOP-OLD/client/src/assets/docs/knowledgeRepository/graph/DtopCatalogs/control-catalog.json
EMB-15,sol_enterprise_56649a1ca7,HAS_POSSIBLE_SOLUTION,Enterprise,control,DTOP-OLD/client/src/assets/docs/knowledgeRepository/graph/DtopCatalogs/control-catalog.json
EMB-15,sol_large_business_c97f42fad8,HAS_POSSIBLE_SOLUTION,Large Business,control,DTOP-OLD/client/src/assets/docs/knowledgeRepository/graph/DtopCatalogs/control-catalog.json
EMB-15,sol_medium_business_53dfd39791,HAS_POSSIBLE_SOLUTION,Medium Business,control,DTOP-OLD/client/src/assets/docs/knowledgeRepository/graph/DtopCatalogs/control-catalog.json
EMB-17,sol_enterprise_74b150937b,HAS_POSSIBLE_SOLUTION,Enterprise,control,DTOP-OLD/client/src/assets/docs/knowledgeRepository/graph/DtopCatalogs/control-catalog.json
EMB-17,sol_large_business_2b07de2d07,HAS_POSSIBLE_SOLUTION,Large Business,control,DTOP-OLD/client/src/assets/docs/knowledgeRepository/graph/DtopCatalogs/control-catalog.json
EMB-17,sol_medium_business_c1d212902e,HAS_POSSIBLE_SOLUTION,Medium Business,control,DTOP-OLD/client/src/assets/docs/knowledgeRepository/graph/DtopCatalogs/control-catalog.json
EMB-18,sol_enterprise_74b150937b,HAS_POSSIBLE_SOLUTION,Enterprise,control,DTOP-OLD/client/src/assets/docs/knowledgeRepository/graph/DtopCatalogs/control-catalog.json
EMB-18,sol_large_business_2b07de2d07,HAS_POSSIBLE_SOLUTION,Large Business,control,DTOP-OLD/client/src/assets/docs/knowledgeRepository/graph/DtopCatalogs/control-catalog.json
EMB-18,sol_medium_business_c1d212902e,HAS_POSSIBLE_SOLUTION,Medium Business,control,DTOP-OLD/client/src/assets/docs/knowledgeRepository/graph/DtopCatalogs/control-catalog.json
EMB-19,sol_enterprise_74b150937b,HAS_POSSIBLE_SOLUTION,Enterprise,control,DTOP-OLD/client/src/assets/docs/knowledgeRepository/graph/DtopCatalogs/control-catalog.json
EMB-19,sol_large_business_2b07de2d07,HAS_POSSIBLE_SOLUTION,Large Business,control,DTOP-OLD/client/src/assets/docs/knowledgeRepository/graph/DtopCatalogs/control-catalog.json
EMB-19,sol_medium_business_c1d212902e,HAS_POSSIBLE_SOLUTION,Medium Business,control,DTOP-OLD/client/src/assets/docs/knowledgeRepository/graph/DtopCatalogs/control-catalog.json
END-01,sol_enterprise_9f46c4c965,HAS_POSSIBLE_SOLUTION,Enterprise,control,DTOP-OLD/client/src/assets/docs/knowledgeRepository/graph/DtopCatalogs/control-catalog.json
END-01,sol_large_business_6d1633444c,HAS_POSSIBLE_SOLUTION,Large Business,control,DTOP-OLD/client/src/assets/docs/knowledgeRepository/graph/DtopCatalogs/control-catalog.json
END-01,sol_medium_business_e9e603d511,HAS_POSSIBLE_SOLUTION,Medium Business,control,DTOP-OLD/client/src/assets/docs/knowledgeRepository/graph/DtopCatalogs/control-catalog.json
END-02,sol_enterprise_9f46c4c965,HAS_POSSIBLE_SOLUTION,Enterprise,control,DTOP-OLD/client/src/assets/docs/knowledgeRepository/graph/DtopCatalogs/control-catalog.json
END-02,sol_large_business_6d1633444c,HAS_POSSIBLE_SOLUTION,Large Business,control,DTOP-OLD/client/src/assets/docs/knowledgeRepository/graph/DtopCatalogs/control-catalog.json
END-02,sol_medium_business_e9e603d511,HAS_POSSIBLE_SOLUTION,Medium Business,control,DTOP-OLD/client/src/assets/docs/knowledgeRepository/graph/DtopCatalogs/control-catalog.json
END-03,sol_enterprise_f123dee03d,HAS_POSSIBLE_SOLUTION,Enterprise,control,DTOP-OLD/client/src/assets/docs/knowledgeRepository/graph/DtopCatalogs/control-catalog.json
END-03,sol_large_business_eec1cbbb00,HAS_POSSIBLE_SOLUTION,Large Business,control,DTOP-OLD/client/src/assets/docs/knowledgeRepository/graph/DtopCatalogs/control-catalog.json
END-03,sol_medium_business_d35504c3b7,HAS_POSSIBLE_SOLUTION,Medium Business,control,DTOP-OLD/client/src/assets/docs/knowledgeRepository/graph/DtopCatalogs/control-catalog.json
END-03.1,sol_enterprise_3f846f4039,HAS_POSSIBLE_SOLUTION,Enterprise,control,DTOP-OLD/client/src/assets/docs/knowledgeRepository/graph/DtopCatalogs/control-catalog.json
END-03.1,sol_large_business_5419b4e744,HAS_POSSIBLE_SOLUTION,Large Business,control,DTOP-OLD/client/src/assets/docs/knowledgeRepository/graph/DtopCatalogs/control-catalog.json
END-03.1,sol_medium_business_930d242da5,HAS_POSSIBLE_SOLUTION,Medium Business,control,DTOP-OLD/client/src/assets/docs/knowledgeRepository/graph/DtopCatalogs/control-catalog.json
END-03.2,sol_enterprise_f123dee03d,HAS_POSSIBLE_SOLUTION,Enterprise,control,DTOP-OLD/client/src/assets/docs/knowledgeRepository/graph/DtopCatalogs/control-catalog.json
END-03.2,sol_large_business_eec1cbbb00,HAS_POSSIBLE_SOLUTION,Large Business,control,DTOP-OLD/client/src/assets/docs/knowledgeRepository/graph/DtopCatalogs/control-catalog.json
END-03.2,sol_medium_business_d35504c3b7,HAS_POSSIBLE_SOLUTION,Medium Business,control,DTOP-OLD/client/src/assets/docs/knowledgeRepository/graph/DtopCatalogs/control-catalog.json
END-04,sol_enterprise_1483890969,HAS_POSSIBLE_SOLUTION,Enterprise,control,DTOP-OLD/client/src/assets/docs/knowledgeRepository/graph/DtopCatalogs/control-catalog.json
END-04,sol_large_business_f359b2ea67,HAS_POSSIBLE_SOLUTION,Large Business,control,DTOP-OLD/client/src/assets/docs/knowledgeRepository/graph/DtopCatalogs/control-catalog.json
END-04,sol_medium_business_54c94693c7,HAS_POSSIBLE_SOLUTION,Medium Business,control,DTOP-OLD/client/src/assets/docs/knowledgeRepository/graph/DtopCatalogs/control-catalog.json
END-04.1,sol_enterprise_8a8b32d3c8,HAS_POSSIBLE_SOLUTION,Enterprise,control,DTOP-OLD/client/src/assets/docs/knowledgeRepository/graph/DtopCatalogs/control-catalog.json
END-04.1,sol_large_business_4677148d88,HAS_POSSIBLE_SOLUTION,Large Business,control,DTOP-OLD/client/src/assets/docs/knowledgeRepository/graph/DtopCatalogs/control-catalog.json
END-04.1,sol_medium_business_c315644afc,HAS_POSSIBLE_SOLUTION,Medium Business,control,DTOP-OLD/client/src/assets/docs/knowledgeRepository/graph/DtopCatalogs/control-catalog.json
END-04.3,sol_enterprise_1483890969,HAS_POSSIBLE_SOLUTION,Enterprise,control,DTOP-OLD/client/src/assets/docs/knowledgeRepository/graph/DtopCatalogs/control-catalog.json
END-04.3,sol_large_business_f359b2ea67,HAS_POSSIBLE_SOLUTION,Large Business,control,DTOP-OLD/client/src/assets/docs/knowledgeRepository/graph/DtopCatalogs/control-catalog.json
END-04.3,sol_medium_business_54c94693c7,HAS_POSSIBLE_SOLUTION,Medium Business,control,DTOP-OLD/client/src/assets/docs/knowledgeRepository/graph/DtopCatalogs/control-catalog.json
END-04.4,sol_enterprise_1483890969,HAS_POSSIBLE_SOLUTION,Enterprise,control,DTOP-OLD/client/src/assets/docs/knowledgeRepository/graph/DtopCatalogs/control-catalog.json
END-04.4,sol_large_business_f359b2ea67,HAS_POSSIBLE_SOLUTION,Large Business,control,DTOP-OLD/client/src/assets/docs/knowledgeRepository/graph/DtopCatalogs/control-catalog.json
END-04.4,sol_medium_business_54c94693c7,HAS_POSSIBLE_SOLUTION,Medium Business,control,DTOP-OLD/client/src/assets/docs/knowledgeRepository/graph/DtopCatalogs/control-catalog.json
END-04.5,sol_enterprise_e869154603,HAS_POSSIBLE_SOLUTION,Enterprise,control,DTOP-OLD/client/src/assets/docs/knowledgeRepository/graph/DtopCatalogs/control-catalog.json
END-04.5,sol_large_business_d97b43ac9d,HAS_POSSIBLE_SOLUTION,Large Business,control,DTOP-OLD/client/src/assets/docs/knowledgeRepository/graph/DtopCatalogs/control-catalog.json
END-04.5,sol_medium_business_c303109b4a,HAS_POSSIBLE_SOLUTION,Medium Business,control,DTOP-OLD/client/src/assets/docs/knowledgeRepository/graph/DtopCatalogs/control-catalog.json
END-04.7,sol_enterprise_1483890969,HAS_POSSIBLE_SOLUTION,Enterprise,control,DTOP-OLD/client/src/assets/docs/knowledgeRepository/graph/DtopCatalogs/control-catalog.json
END-04.7,sol_large_business_f359b2ea67,HAS_POSSIBLE_SOLUTION,Large Business,control,DTOP-OLD/client/src/assets/docs/knowledgeRepository/graph/DtopCatalogs/control-catalog.json
END-04.7,sol_medium_business_54c94693c7,HAS_POSSIBLE_SOLUTION,Medium Business,control,DTOP-OLD/client/src/assets/docs/knowledgeRepository/graph/DtopCatalogs/control-catalog.json
END-05,sol_enterprise_94433543a7,HAS_POSSIBLE_SOLUTION,Enterprise,control,DTOP-OLD/client/src/assets/docs/knowledgeRepository/graph/DtopCatalogs/control-catalog.json
END-05,sol_large_business_90904a6b70,HAS_POSSIBLE_SOLUTION,Large Business,control,DTOP-OLD/client/src/assets/docs/knowledgeRepository/graph/DtopCatalogs/control-catalog.json
END-05,sol_medium_business_4c37e15e08,HAS_POSSIBLE_SOLUTION,Medium Business,control,DTOP-OLD/client/src/assets/docs/knowledgeRepository/graph/DtopCatalogs/control-catalog.json
END-06,sol_enterprise_7bfd2d06d5,HAS_POSSIBLE_SOLUTION,Enterprise,control,DTOP-OLD/client/src/assets/docs/knowledgeRepository/graph/DtopCatalogs/control-catalog.json
END-06,sol_large_business_7f578132bb,HAS_POSSIBLE_SOLUTION,Large Business,control,DTOP-OLD/client/src/assets/docs/knowledgeRepository/graph/DtopCatalogs/control-catalog.json
END-06,sol_medium_business_71715e9473,HAS_POSSIBLE_SOLUTION,Medium Business,control,DTOP-OLD/client/src/assets/docs/knowledgeRepository/graph/DtopCatalogs/control-catalog.json
END-06.1,sol_enterprise_38605332ca,HAS_POSSIBLE_SOLUTION,Enterprise,control,DTOP-OLD/client/src/assets/docs/knowledgeRepository/graph/DtopCatalogs/control-catalog.json
END-06.1,sol_large_business_9a9bf8a22a,HAS_POSSIBLE_SOLUTION,Large Business,control,DTOP-OLD/client/src/assets/docs/knowledgeRepository/graph/DtopCatalogs/control-catalog.json
END-06.1,sol_medium_business_8ee222b774,HAS_POSSIBLE_SOLUTION,Medium Business,control,DTOP-OLD/client/src/assets/docs/knowledgeRepository/graph/DtopCatalogs/control-catalog.json
END-06.2,sol_enterprise_3f846f4039,HAS_POSSIBLE_SOLUTION,Enterprise,control,DTOP-OLD/client/src/assets/docs/knowledgeRepository/graph/DtopCatalogs/control-catalog.json
END-06.2,sol_large_business_5419b4e744,HAS_POSSIBLE_SOLUTION,Large Business,control,DTOP-OLD/client/src/assets/docs/knowledgeRepository/graph/DtopCatalogs/control-catalog.json
END-06.2,sol_medium_business_d611034bab,HAS_POSSIBLE_SOLUTION,Medium Business,control,DTOP-OLD/client/src/assets/docs/knowledgeRepository/graph/DtopCatalogs/control-catalog.json
END-06.5,sol_enterprise_1cf456e9e2,HAS_POSSIBLE_SOLUTION,Enterprise,control,DTOP-OLD/client/src/assets/docs/knowledgeRepository/graph/DtopCatalogs/control-catalog.json
END-06.5,sol_large_business_7231f83616,HAS_POSSIBLE_SOLUTION,Large Business,control,DTOP-OLD/client/src/assets/docs/knowledgeRepository/graph/DtopCatalogs/control-catalog.json
END-06.5,sol_medium_business_b658831c63,HAS_POSSIBLE_SOLUTION,Medium Business,control,DTOP-OLD/client/src/assets/docs/knowledgeRepository/graph/DtopCatalogs/control-catalog.json
END-06.6,sol_enterprise_1cf456e9e2,HAS_POSSIBLE_SOLUTION,Enterprise,control,DTOP-OLD/client/src/assets/docs/knowledgeRepository/graph/DtopCatalogs/control-catalog.json
END-06.6,sol_large_business_7231f83616,HAS_POSSIBLE_SOLUTION,Large Business,control,DTOP-OLD/client/src/assets/docs/knowledgeRepository/graph/DtopCatalogs/control-catalog.json
END-06.6,sol_medium_business_b658831c63,HAS_POSSIBLE_SOLUTION,Medium Business,control,DTOP-OLD/client/src/assets/docs/knowledgeRepository/graph/DtopCatalogs/control-catalog.json
END-06.7,sol_enterprise_049c1bd030,HAS_POSSIBLE_SOLUTION,Enterprise,control,DTOP-OLD/client/src/assets/docs/knowledgeRepository/graph/DtopCatalogs/control-catalog.json
END-06.7,sol_large_business_5d20560030,HAS_POSSIBLE_SOLUTION,Large Business,control,DTOP-OLD/client/src/assets/docs/knowledgeRepository/graph/DtopCatalogs/control-catalog.json
END-06.7,sol_medium_business_1bc03fa273,HAS_POSSIBLE_SOLUTION,Medium Business,control,DTOP-OLD/client/src/assets/docs/knowledgeRepository/graph/DtopCatalogs/control-catalog.json
END-07,sol_enterprise_f2958f7acf,HAS_POSSIBLE_SOLUTION,Enterprise,control,DTOP-OLD/client/src/assets/docs/knowledgeRepository/graph/DtopCatalogs/control-catalog.json
END-07,sol_large_business_1b596c38f7,HAS_POSSIBLE_SOLUTION,Large Business,control,DTOP-OLD/client/src/assets/docs/knowledgeRepository/graph/DtopCatalogs/control-catalog.json
END-07,sol_medium_business_62b63a7584,HAS_POSSIBLE_SOLUTION,Medium Business,control,DTOP-OLD/client/src/assets/docs/knowledgeRepository/graph/DtopCatalogs/control-catalog.json
END-08,sol_enterprise_6a8599affd,HAS_POSSIBLE_SOLUTION,Enterprise,control,DTOP-OLD/client/src/assets/docs/knowledgeRepository/graph/DtopCatalogs/control-catalog.json
END-08,sol_large_business_2b803c8132,HAS_POSSIBLE_SOLUTION,Large Business,control,DTOP-OLD/client/src/assets/docs/knowledgeRepository/graph/DtopCatalogs/control-catalog.json
END-08,sol_medium_business_f4c0bacfbb,HAS_POSSIBLE_SOLUTION,Medium Business,control,DTOP-OLD/client/src/assets/docs/knowledgeRepository/graph/DtopCatalogs/control-catalog.json
END-09,sol_enterprise_d7f9dba42d,HAS_POSSIBLE_SOLUTION,Enterprise,control,DTOP-OLD/client/src/assets/docs/knowledgeRepository/graph/DtopCatalogs/control-catalog.json
END-09,sol_large_business_632fb08cc7,HAS_POSSIBLE_SOLUTION,Large Business,control,DTOP-OLD/client/src/assets/docs/knowledgeRepository/graph/DtopCatalogs/control-catalog.json
END-09,sol_medium_business_82839ecc9a,HAS_POSSIBLE_SOLUTION,Medium Business,control,DTOP-OLD/client/src/assets/docs/knowledgeRepository/graph/DtopCatalogs/control-catalog.json
END-10,sol_enterprise_d7f9dba42d,HAS_POSSIBLE_SOLUTION,Enterprise,control,DTOP-OLD/client/src/assets/docs/knowledgeRepository/graph/DtopCatalogs/control-catalog.json
END-10,sol_large_business_632fb08cc7,HAS_POSSIBLE_SOLUTION,Large Business,control,DTOP-OLD/client/src/assets/docs/knowledgeRepository/graph/DtopCatalogs/control-catalog.json
END-10,sol_medium_business_82839ecc9a,HAS_POSSIBLE_SOLUTION,Medium Business,control,DTOP-OLD/client/src/assets/docs/knowledgeRepository/graph/DtopCatalogs/control-catalog.json
END-11,sol_enterprise_d7f9dba42d,HAS_POSSIBLE_SOLUTION,Enterprise,control,DTOP-OLD/client/src/assets/docs/knowledgeRepository/graph/DtopCatalogs/control-catalog.json
END-11,sol_large_business_632fb08cc7,HAS_POSSIBLE_SOLUTION,Large Business,control,DTOP-OLD/client/src/assets/docs/knowledgeRepository/graph/DtopCatalogs/control-catalog.json
END-11,sol_medium_business_82839ecc9a,HAS_POSSIBLE_SOLUTION,Medium Business,control,DTOP-OLD/client/src/assets/docs/knowledgeRepository/graph/DtopCatalogs/control-catalog.json
END-12,sol_enterprise_d7f9dba42d,HAS_POSSIBLE_SOLUTION,Enterprise,control,DTOP-OLD/client/src/assets/docs/knowledgeRepository/graph/DtopCatalogs/control-catalog.json
END-12,sol_large_business_632fb08cc7,HAS_POSSIBLE_SOLUTION,Large Business,control,DTOP-OLD/client/src/assets/docs/knowledgeRepository/graph/DtopCatalogs/control-catalog.json
END-12,sol_medium_business_82839ecc9a,HAS_POSSIBLE_SOLUTION,Medium Business,control,DTOP-OLD/client/src/assets/docs/knowledgeRepository/graph/DtopCatalogs/control-catalog.json
END-13,sol_enterprise_d7f9dba42d,HAS_POSSIBLE_SOLUTION,Enterprise,control,DTOP-OLD/client/src/assets/docs/knowledgeRepository/graph/DtopCatalogs/control-catalog.json
END-13,sol_large_business_632fb08cc7,HAS_POSSIBLE_SOLUTION,Large Business,control,DTOP-OLD/client/src/assets/docs/knowledgeRepository/graph/DtopCatalogs/control-catalog.json
END-13,sol_medium_business_82839ecc9a,HAS_POSSIBLE_SOLUTION,Medium Business,control,DTOP-OLD/client/src/assets/docs/knowledgeRepository/graph/DtopCatalogs/control-catalog.json
END-13.1,sol_enterprise_07095e4825,HAS_POSSIBLE_SOLUTION,Enterprise,control,DTOP-OLD/client/src/assets/docs/knowledgeRepository/graph/DtopCatalogs/control-catalog.json
END-13.1,sol_large_business_a9432c3e31,HAS_POSSIBLE_SOLUTION,Large Business,control,DTOP-OLD/client/src/assets/docs/knowledgeRepository/graph/DtopCatalogs/control-catalog.json
END-13.1,sol_medium_business_f2fbfade42,HAS_POSSIBLE_SOLUTION,Medium Business,control,DTOP-OLD/client/src/assets/docs/knowledgeRepository/graph/DtopCatalogs/control-catalog.json
END-13.2,sol_enterprise_e9b3df798a,HAS_POSSIBLE_SOLUTION,Enterprise,control,DTOP-OLD/client/src/assets/docs/knowledgeRepository/graph/DtopCatalogs/control-catalog.json
END-13.2,sol_large_business_9cb2695bb6,HAS_POSSIBLE_SOLUTION,Large Business,control,DTOP-OLD/client/src/assets/docs/knowledgeRepository/graph/DtopCatalogs/control-catalog.json
END-13.2,sol_medium_business_9df1ddcc06,HAS_POSSIBLE_SOLUTION,Medium Business,control,DTOP-OLD/client/src/assets/docs/knowledgeRepository/graph/DtopCatalogs/control-catalog.json
END-13.3,sol_enterprise_1fd31b3712,HAS_POSSIBLE_SOLUTION,Enterprise,control,DTOP-OLD/client/src/assets/docs/knowledgeRepository/graph/DtopCatalogs/control-catalog.json
END-13.3,sol_large_business_03175ca71e,HAS_POSSIBLE_SOLUTION,Large Business,control,DTOP-OLD/client/src/assets/docs/knowledgeRepository/graph/DtopCatalogs/control-catalog.json
END-13.3,sol_medium_business_fb1a1b31a4,HAS_POSSIBLE_SOLUTION,Medium Business,control,DTOP-OLD/client/src/assets/docs/knowledgeRepository/graph/DtopCatalogs/control-catalog.json
END-13.4,sol_enterprise_d7f9dba42d,HAS_POSSIBLE_SOLUTION,Enterprise,control,DTOP-OLD/client/src/assets/docs/knowledgeRepository/graph/DtopCatalogs/control-catalog.json
END-13.4,sol_large_business_632fb08cc7,HAS_POSSIBLE_SOLUTION,Large Business,control,DTOP-OLD/client/src/assets/docs/knowledgeRepository/graph/DtopCatalogs/control-catalog.json
END-13.4,sol_medium_business_82839ecc9a,HAS_POSSIBLE_SOLUTION,Medium Business,control,DTOP-OLD/client/src/assets/docs/knowledgeRepository/graph/DtopCatalogs/control-catalog.json
END-14,sol_enterprise_e393482799,HAS_POSSIBLE_SOLUTION,Enterprise,control,DTOP-OLD/client/src/assets/docs/knowledgeRepository/graph/DtopCatalogs/control-catalog.json
END-14,sol_large_business_8f15e7e9c5,HAS_POSSIBLE_SOLUTION,Large Business,control,DTOP-OLD/client/src/assets/docs/knowledgeRepository/graph/DtopCatalogs/control-catalog.json
END-14,sol_medium_business_456698d63f,HAS_POSSIBLE_SOLUTION,Medium Business,control,DTOP-OLD/client/src/assets/docs/knowledgeRepository/graph/DtopCatalogs/control-catalog.json
END-14.1,sol_enterprise_e393482799,HAS_POSSIBLE_SOLUTION,Enterprise,control,DTOP-OLD/client/src/assets/docs/knowledgeRepository/graph/DtopCatalogs/control-catalog.json
END-14.1,sol_large_business_8f15e7e9c5,HAS_POSSIBLE_SOLUTION,Large Business,control,DTOP-OLD/client/src/assets/docs/knowledgeRepository/graph/DtopCatalogs/control-catalog.json
END-14.1,sol_medium_business_456698d63f,HAS_POSSIBLE_SOLUTION,Medium Business,control,DTOP-OLD/client/src/assets/docs/knowledgeRepository/graph/DtopCatalogs/control-catalog.json
END-14.2,sol_enterprise_e9b3df798a,HAS_POSSIBLE_SOLUTION,Enterprise,control,DTOP-OLD/client/src/assets/docs/knowledgeRepository/graph/DtopCatalogs/control-catalog.json
END-14.2,sol_large_business_9cb2695bb6,HAS_POSSIBLE_SOLUTION,Large Business,control,DTOP-OLD/client/src/assets/docs/knowledgeRepository/graph/DtopCatalogs/control-catalog.json
END-14.2,sol_medium_business_9df1ddcc06,HAS_POSSIBLE_SOLUTION,Medium Business,control,DTOP-OLD/client/src/assets/docs/knowledgeRepository/graph/DtopCatalogs/control-catalog.json
END-14.3,sol_enterprise_8a8b32d3c8,HAS_POSSIBLE_SOLUTION,Enterprise,control,DTOP-OLD/client/src/assets/docs/knowledgeRepository/graph/DtopCatalogs/control-catalog.json
END-14.3,sol_large_business_4677148d88,HAS_POSSIBLE_SOLUTION,Large Business,control,DTOP-OLD/client/src/assets/docs/knowledgeRepository/graph/DtopCatalogs/control-catalog.json
END-14.3,sol_medium_business_c315644afc,HAS_POSSIBLE_SOLUTION,Medium Business,control,DTOP-OLD/client/src/assets/docs/knowledgeRepository/graph/DtopCatalogs/control-catalog.json
END-14.4,sol_enterprise_8a8b32d3c8,HAS_POSSIBLE_SOLUTION,Enterprise,control,DTOP-OLD/client/src/assets/docs/knowledgeRepository/graph/DtopCatalogs/control-catalog.json
END-14.4,sol_large_business_4677148d88,HAS_POSSIBLE_SOLUTION,Large Business,control,DTOP-OLD/client/src/assets/docs/knowledgeRepository/graph/DtopCatalogs/control-catalog.json
END-14.4,sol_medium_business_c315644afc,HAS_POSSIBLE_SOLUTION,Medium Business,control,DTOP-OLD/client/src/assets/docs/knowledgeRepository/graph/DtopCatalogs/control-catalog.json
END-14.5,sol_enterprise_049c1bd030,HAS_POSSIBLE_SOLUTION,Enterprise,control,DTOP-OLD/client/src/assets/docs/knowledgeRepository/graph/DtopCatalogs/control-catalog.json
END-14.5,sol_large_business_5d20560030,HAS_POSSIBLE_SOLUTION,Large Business,control,DTOP-OLD/client/src/assets/docs/knowledgeRepository/graph/DtopCatalogs/control-catalog.json
END-14.5,sol_medium_business_1bc03fa273,HAS_POSSIBLE_SOLUTION,Medium Business,control,DTOP-OLD/client/src/assets/docs/knowledgeRepository/graph/DtopCatalogs/control-catalog.json
END-14.6,sol_enterprise_e9b3df798a,HAS_POSSIBLE_SOLUTION,Enterprise,control,DTOP-OLD/client/src/assets/docs/knowledgeRepository/graph/DtopCatalogs/control-catalog.json
END-14.6,sol_large_business_9cb2695bb6,HAS_POSSIBLE_SOLUTION,Large Business,control,DTOP-OLD/client/src/assets/docs/knowledgeRepository/graph/DtopCatalogs/control-catalog.json
END-14.6,sol_medium_business_9df1ddcc06,HAS_POSSIBLE_SOLUTION,Medium Business,control,DTOP-OLD/client/src/assets/docs/knowledgeRepository/graph/DtopCatalogs/control-catalog.json
END-15,sol_enterprise_e7eb754881,HAS_POSSIBLE_SOLUTION,Enterprise,control,DTOP-OLD/client/src/assets/docs/knowledgeRepository/graph/DtopCatalogs/control-catalog.json
END-15,sol_large_business_aedf0775c0,HAS_POSSIBLE_SOLUTION,Large Business,control,DTOP-OLD/client/src/assets/docs/knowledgeRepository/graph/DtopCatalogs/control-catalog.json
END-15,sol_medium_business_7506903822,HAS_POSSIBLE_SOLUTION,Medium Business,control,DTOP-OLD/client/src/assets/docs/knowledgeRepository/graph/DtopCatalogs/control-catalog.json
END-16,sol_enterprise_ae8709b44c,HAS_POSSIBLE_SOLUTION,Enterprise,control,DTOP-OLD/client/src/assets/docs/knowledgeRepository/graph/DtopCatalogs/control-catalog.json
END-16,sol_large_business_89d760fe3c,HAS_POSSIBLE_SOLUTION,Large Business,control,DTOP-OLD/client/src/assets/docs/knowledgeRepository/graph/DtopCatalogs/control-catalog.json
END-16,sol_medium_business_86652b071b,HAS_POSSIBLE_SOLUTION,Medium Business,control,DTOP-OLD/client/src/assets/docs/knowledgeRepository/graph/DtopCatalogs/control-catalog.json
END-16.1,sol_enterprise_8a8b32d3c8,HAS_POSSIBLE_SOLUTION,Enterprise,control,DTOP-OLD/client/src/assets/docs/knowledgeRepository/graph/DtopCatalogs/control-catalog.json
END-16.1,sol_large_business_4677148d88,HAS_POSSIBLE_SOLUTION,Large Business,control,DTOP-OLD/client/src/assets/docs/knowledgeRepository/graph/DtopCatalogs/control-catalog.json
END-16.1,sol_medium_business_c315644afc,HAS_POSSIBLE_SOLUTION,Medium Business,control,DTOP-OLD/client/src/assets/docs/knowledgeRepository/graph/DtopCatalogs/control-catalog.json
GOV-01,sol_enterprise_2e59972043,HAS_POSSIBLE_SOLUTION,Enterprise,control,DTOP-OLD/client/src/assets/docs/knowledgeRepository/graph/DtopCatalogs/control-catalog.json
GOV-01,sol_large_business_7cac549bb6,HAS_POSSIBLE_SOLUTION,Large Business,control,DTOP-OLD/client/src/assets/docs/knowledgeRepository/graph/DtopCatalogs/control-catalog.json
GOV-01,sol_medium_business_ec0cc6908b,HAS_POSSIBLE_SOLUTION,Medium Business,control,DTOP-OLD/client/src/assets/docs/knowledgeRepository/graph/DtopCatalogs/control-catalog.json
GOV-01.1,sol_enterprise_b4e6f20ea1,HAS_POSSIBLE_SOLUTION,Enterprise,control,DTOP-OLD/client/src/assets/docs/knowledgeRepository/graph/DtopCatalogs/control-catalog.json
GOV-01.1,sol_large_business_097afe3d81,HAS_POSSIBLE_SOLUTION,Large Business,control,DTOP-OLD/client/src/assets/docs/knowledgeRepository/graph/DtopCatalogs/control-catalog.json
GOV-01.1,sol_medium_business_f65d44d750,HAS_POSSIBLE_SOLUTION,Medium Business,control,DTOP-OLD/client/src/assets/docs/knowledgeRepository/graph/DtopCatalogs/control-catalog.json
GOV-01.2,sol_enterprise_a3ba0f1f55,HAS_POSSIBLE_SOLUTION,Enterprise,control,DTOP-OLD/client/src/assets/docs/knowledgeRepository/graph/DtopCatalogs/control-catalog.json
GOV-01.2,sol_large_business_a2d656647c,HAS_POSSIBLE_SOLUTION,Large Business,control,DTOP-OLD/client/src/assets/docs/knowledgeRepository/graph/DtopCatalogs/control-catalog.json
GOV-01.2,sol_medium_business_31b7eb76ef,HAS_POSSIBLE_SOLUTION,Medium Business,control,DTOP-OLD/client/src/assets/docs/knowledgeRepository/graph/DtopCatalogs/control-catalog.json
GOV-02,sol_enterprise_07ca48987a,HAS_POSSIBLE_SOLUTION,Enterprise,control,DTOP-OLD/client/src/assets/docs/knowledgeRepository/graph/DtopCatalogs/control-catalog.json
GOV-02,sol_large_business_6fc6ed1526,HAS_POSSIBLE_SOLUTION,Large Business,control,DTOP-OLD/client/src/assets/docs/knowledgeRepository/graph/DtopCatalogs/control-catalog.json
GOV-02,sol_medium_business_b78f64a24c,HAS_POSSIBLE_SOLUTION,Medium Business,control,DTOP-OLD/client/src/assets/docs/knowledgeRepository/graph/DtopCatalogs/control-catalog.json
GOV-02.1,sol_enterprise_ef336cb849,HAS_POSSIBLE_SOLUTION,Enterprise,control,DTOP-OLD/client/src/assets/docs/knowledgeRepository/graph/DtopCatalogs/control-catalog.json
GOV-02.1,sol_large_business_8ebda3b880,HAS_POSSIBLE_SOLUTION,Large Business,control,DTOP-OLD/client/src/assets/docs/knowledgeRepository/graph/DtopCatalogs/control-catalog.json
GOV-02.1,sol_medium_business_c22b7f9102,HAS_POSSIBLE_SOLUTION,Medium Business,control,DTOP-OLD/client/src/assets/docs/knowledgeRepository/graph/DtopCatalogs/control-catalog.json
GOV-03,sol_enterprise_37c749d01c,HAS_POSSIBLE_SOLUTION,Enterprise,control,DTOP-OLD/client/src/assets/docs/knowledgeRepository/graph/DtopCatalogs/control-catalog.json
GOV-03,sol_large_business_1dd17b7d18,HAS_POSSIBLE_SOLUTION,Large Business,control,DTOP-OLD/client/src/assets/docs/knowledgeRepository/graph/DtopCatalogs/control-catalog.json
GOV-03,sol_medium_business_5dcf027fb2,HAS_POSSIBLE_SOLUTION,Medium Business,control,DTOP-OLD/client/src/assets/docs/knowledgeRepository/graph/DtopCatalogs/control-catalog.json
GOV-04,sol_enterprise_37d4d138a8,HAS_POSSIBLE_SOLUTION,Enterprise,control,DTOP-OLD/client/src/assets/docs/knowledgeRepository/graph/DtopCatalogs/control-catalog.json
GOV-04,sol_large_business_68a8847b47,HAS_POSSIBLE_SOLUTION,Large Business,control,DTOP-OLD/client/src/assets/docs/knowledgeRepository/graph/DtopCatalogs/control-catalog.json
GOV-04,sol_medium_business_f6e572cd46,HAS_POSSIBLE_SOLUTION,Medium Business,control,DTOP-OLD/client/src/assets/docs/knowledgeRepository/graph/DtopCatalogs/control-catalog.json
GOV-04.1,sol_enterprise_3d55dd45f4,HAS_POSSIBLE_SOLUTION,Enterprise,control,DTOP-OLD/client/src/assets/docs/knowledgeRepository/graph/DtopCatalogs/control-catalog.json
GOV-04.1,sol_large_business_49ac22de8b,HAS_POSSIBLE_SOLUTION,Large Business,control,DTOP-OLD/client/src/assets/docs/knowledgeRepository/graph/DtopCatalogs/control-catalog.json
GOV-04.1,sol_medium_business_3119bfacd9,HAS_POSSIBLE_SOLUTION,Medium Business,control,DTOP-OLD/client/src/assets/docs/knowledgeRepository/graph/DtopCatalogs/control-catalog.json
GOV-04.2,sol_enterprise_20f5876be4,HAS_POSSIBLE_SOLUTION,Enterprise,control,DTOP-OLD/client/src/assets/docs/knowledgeRepository/graph/DtopCatalogs/control-catalog.json
GOV-04.2,sol_large_business_8df183f325,HAS_POSSIBLE_SOLUTION,Large Business,control,DTOP-OLD/client/src/assets/docs/knowledgeRepository/graph/DtopCatalogs/control-catalog.json
GOV-04.2,sol_medium_business_41969b4703,HAS_POSSIBLE_SOLUTION,Medium Business,control,DTOP-OLD/client/src/assets/docs/knowledgeRepository/graph/DtopCatalogs/control-catalog.json
GOV-05,sol_enterprise_4f31c36c1a,HAS_POSSIBLE_SOLUTION,Enterprise,control,DTOP-OLD/client/src/assets/docs/knowledgeRepository/graph/DtopCatalogs/control-catalog.json
GOV-05,sol_large_business_6264bf6669,HAS_POSSIBLE_SOLUTION,Large Business,control,DTOP-OLD/client/src/assets/docs/knowledgeRepository/graph/DtopCatalogs/control-catalog.json
GOV-05,sol_medium_business_272a847ab7,HAS_POSSIBLE_SOLUTION,Medium Business,control,DTOP-OLD/client/src/assets/docs/knowledgeRepository/graph/DtopCatalogs/control-catalog.json
GOV-05.1,sol_enterprise_4f31c36c1a,HAS_POSSIBLE_SOLUTION,Enterprise,control,DTOP-OLD/client/src/assets/docs/knowledgeRepository/graph/DtopCatalogs/control-catalog.json
GOV-05.1,sol_large_business_6264bf6669,HAS_POSSIBLE_SOLUTION,Large Business,control,DTOP-OLD/client/src/assets/docs/knowledgeRepository/graph/DtopCatalogs/control-catalog.json
GOV-05.1,sol_medium_business_272a847ab7,HAS_POSSIBLE_SOLUTION,Medium Business,control,DTOP-OLD/client/src/assets/docs/knowledgeRepository/graph/DtopCatalogs/control-catalog.json
GOV-05.2,sol_enterprise_4f31c36c1a,HAS_POSSIBLE_SOLUTION,Enterprise,control,DTOP-OLD/client/src/assets/docs/knowledgeRepository/graph/DtopCatalogs/control-catalog.json
GOV-05.2,sol_large_business_6264bf6669,HAS_POSSIBLE_SOLUTION,Large Business,control,DTOP-OLD/client/src/assets/docs/knowledgeRepository/graph/DtopCatalogs/control-catalog.json
GOV-05.2,sol_medium_business_272a847ab7,HAS_POSSIBLE_SOLUTION,Medium Business,control,DTOP-OLD/client/src/assets/docs/knowledgeRepository/graph/DtopCatalogs/control-catalog.json
GOV-06,sol_enterprise_ca48259be0,HAS_POSSIBLE_SOLUTION,Enterprise,control,DTOP-OLD/client/src/assets/docs/knowledgeRepository/graph/DtopCatalogs/control-catalog.json
GOV-06,sol_large_business_5bf51d69b8,HAS_POSSIBLE_SOLUTION,Large Business,control,DTOP-OLD/client/src/assets/docs/knowledgeRepository/graph/DtopCatalogs/control-catalog.json
GOV-06,sol_medium_business_ef810ada17,HAS_POSSIBLE_SOLUTION,Medium Business,control,DTOP-OLD/client/src/assets/docs/knowledgeRepository/graph/DtopCatalogs/control-catalog.json
GOV-07,sol_enterprise_4023ae7083,HAS_POSSIBLE_SOLUTION,Enterprise,control,DTOP-OLD/client/src/assets/docs/knowledgeRepository/graph/DtopCatalogs/control-catalog.json
GOV-07,sol_large_business_c2c8adcd40,HAS_POSSIBLE_SOLUTION,Large Business,control,DTOP-OLD/client/src/assets/docs/knowledgeRepository/graph/DtopCatalogs/control-catalog.json
GOV-07,sol_medium_business_b0e6ff93f3,HAS_POSSIBLE_SOLUTION,Medium Business,control,DTOP-OLD/client/src/assets/docs/knowledgeRepository/graph/DtopCatalogs/control-catalog.json
GOV-10,sol_enterprise_55cd57fab7,HAS_POSSIBLE_SOLUTION,Enterprise,control,DTOP-OLD/client/src/assets/docs/knowledgeRepository/graph/DtopCatalogs/control-catalog.json
GOV-10,sol_large_business_443746397e,HAS_POSSIBLE_SOLUTION,Large Business,control,DTOP-OLD/client/src/assets/docs/knowledgeRepository/graph/DtopCatalogs/control-catalog.json
GOV-12,sol_enterprise_f0b543ce88,HAS_POSSIBLE_SOLUTION,Enterprise,control,DTOP-OLD/client/src/assets/docs/knowledgeRepository/graph/DtopCatalogs/control-catalog.json
GOV-12,sol_large_business_4049fc3a78,HAS_POSSIBLE_SOLUTION,Large Business,control,DTOP-OLD/client/src/assets/docs/knowledgeRepository/graph/DtopCatalogs/control-catalog.json
GOV-12,sol_medium_business_9ab72b2ed8,HAS_POSSIBLE_SOLUTION,Medium Business,control,DTOP-OLD/client/src/assets/docs/knowledgeRepository/graph/DtopCatalogs/control-catalog.json
GOV-13,sol_enterprise_f0b543ce88,HAS_POSSIBLE_SOLUTION,Enterprise,control,DTOP-OLD/client/src/assets/docs/knowledgeRepository/graph/DtopCatalogs/control-catalog.json
GOV-13,sol_large_business_4049fc3a78,HAS_POSSIBLE_SOLUTION,Large Business,control,DTOP-OLD/client/src/assets/docs/knowledgeRepository/graph/DtopCatalogs/control-catalog.json
GOV-13,sol_medium_business_9ab72b2ed8,HAS_POSSIBLE_SOLUTION,Medium Business,control,DTOP-OLD/client/src/assets/docs/knowledgeRepository/graph/DtopCatalogs/control-catalog.json
GOV-14,sol_enterprise_0e23bf7dc6,HAS_POSSIBLE_SOLUTION,Enterprise,control,DTOP-OLD/client/src/assets/docs/knowledgeRepository/graph/DtopCatalogs/control-catalog.json
GOV-14,sol_large_business_2f77561d2b,HAS_POSSIBLE_SOLUTION,Large Business,control,DTOP-OLD/client/src/assets/docs/knowledgeRepository/graph/DtopCatalogs/control-catalog.json
GOV-14,sol_medium_business_cd2441ffc3,HAS_POSSIBLE_SOLUTION,Medium Business,control,DTOP-OLD/client/src/assets/docs/knowledgeRepository/graph/DtopCatalogs/control-catalog.json
GOV-15,sol_enterprise_0e23bf7dc6,HAS_POSSIBLE_SOLUTION,Enterprise,control,DTOP-OLD/client/src/assets/docs/knowledgeRepository/graph/DtopCatalogs/control-catalog.json
GOV-15,sol_large_business_2f77561d2b,HAS_POSSIBLE_SOLUTION,Large Business,control,DTOP-OLD/client/src/assets/docs/knowledgeRepository/graph/DtopCatalogs/control-catalog.json
GOV-15,sol_medium_business_cd2441ffc3,HAS_POSSIBLE_SOLUTION,Medium Business,control,DTOP-OLD/client/src/assets/docs/knowledgeRepository/graph/DtopCatalogs/control-catalog.json
GOV-15.1,sol_enterprise_a7766d05fe,HAS_POSSIBLE_SOLUTION,Enterprise,control,DTOP-OLD/client/src/assets/docs/knowledgeRepository/graph/DtopCatalogs/control-catalog.json
GOV-15.1,sol_large_business_ffffac7b8e,HAS_POSSIBLE_SOLUTION,Large Business,control,DTOP-OLD/client/src/assets/docs/knowledgeRepository/graph/DtopCatalogs/control-catalog.json
GOV-15.1,sol_medium_business_124609a9f4,HAS_POSSIBLE_SOLUTION,Medium Business,control,DTOP-OLD/client/src/assets/docs/knowledgeRepository/graph/DtopCatalogs/control-catalog.json
GOV-15.2,sol_enterprise_a7766d05fe,HAS_POSSIBLE_SOLUTION,Enterprise,control,DTOP-OLD/client/src/assets/docs/knowledgeRepository/graph/DtopCatalogs/control-catalog.json
GOV-15.2,sol_large_business_ffffac7b8e,HAS_POSSIBLE_SOLUTION,Large Business,control,DTOP-OLD/client/src/assets/docs/knowledgeRepository/graph/DtopCatalogs/control-catalog.json
GOV-15.2,sol_medium_business_124609a9f4,HAS_POSSIBLE_SOLUTION,Medium Business,control,DTOP-OLD/client/src/assets/docs/knowledgeRepository/graph/DtopCatalogs/control-catalog.json
GOV-15.3,sol_enterprise_a7766d05fe,HAS_POSSIBLE_SOLUTION,Enterprise,control,DTOP-OLD/client/src/assets/docs/knowledgeRepository/graph/DtopCatalogs/control-catalog.json
GOV-15.3,sol_large_business_ffffac7b8e,HAS_POSSIBLE_SOLUTION,Large Business,control,DTOP-OLD/client/src/assets/docs/knowledgeRepository/graph/DtopCatalogs/control-catalog.json
GOV-15.3,sol_medium_business_124609a9f4,HAS_POSSIBLE_SOLUTION,Medium Business,control,DTOP-OLD/client/src/assets/docs/knowledgeRepository/graph/DtopCatalogs/control-catalog.json
GOV-15.4,sol_enterprise_a7766d05fe,HAS_POSSIBLE_SOLUTION,Enterprise,control,DTOP-OLD/client/src/assets/docs/knowledgeRepository/graph/DtopCatalogs/control-catalog.json
GOV-15.4,sol_large_business_ffffac7b8e,HAS_POSSIBLE_SOLUTION,Large Business,control,DTOP-OLD/client/src/assets/docs/knowledgeRepository/graph/DtopCatalogs/control-catalog.json
GOV-15.4,sol_medium_business_124609a9f4,HAS_POSSIBLE_SOLUTION,Medium Business,control,DTOP-OLD/client/src/assets/docs/knowledgeRepository/graph/DtopCatalogs/control-catalog.json
GOV-15.5,sol_enterprise_a7766d05fe,HAS_POSSIBLE_SOLUTION,Enterprise,control,DTOP-OLD/client/src/assets/docs/knowledgeRepository/graph/DtopCatalogs/control-catalog.json
GOV-15.5,sol_large_business_ffffac7b8e,HAS_POSSIBLE_SOLUTION,Large Business,control,DTOP-OLD/client/src/assets/docs/knowledgeRepository/graph/DtopCatalogs/control-catalog.json
GOV-15.5,sol_medium_business_124609a9f4,HAS_POSSIBLE_SOLUTION,Medium Business,control,DTOP-OLD/client/src/assets/docs/knowledgeRepository/graph/DtopCatalogs/control-catalog.json
GOV-16,sol_enterprise_cb027842cf,HAS_POSSIBLE_SOLUTION,Enterprise,control,DTOP-OLD/client/src/assets/docs/knowledgeRepository/graph/DtopCatalogs/control-catalog.json
GOV-16,sol_large_business_424f4e6444,HAS_POSSIBLE_SOLUTION,Large Business,control,DTOP-OLD/client/src/assets/docs/knowledgeRepository/graph/DtopCatalogs/control-catalog.json
GOV-16,sol_medium_business_2bd9d2542c,HAS_POSSIBLE_SOLUTION,Medium Business,control,DTOP-OLD/client/src/assets/docs/knowledgeRepository/graph/DtopCatalogs/control-catalog.json
GOV-16.1,sol_enterprise_cb027842cf,HAS_POSSIBLE_SOLUTION,Enterprise,control,DTOP-OLD/client/src/assets/docs/knowledgeRepository/graph/DtopCatalogs/control-catalog.json
GOV-16.1,sol_large_business_424f4e6444,HAS_POSSIBLE_SOLUTION,Large Business,control,DTOP-OLD/client/src/assets/docs/knowledgeRepository/graph/DtopCatalogs/control-catalog.json
GOV-16.1,sol_medium_business_2bd9d2542c,HAS_POSSIBLE_SOLUTION,Medium Business,control,DTOP-OLD/client/src/assets/docs/knowledgeRepository/graph/DtopCatalogs/control-catalog.json
GOV-16.2,sol_enterprise_cb027842cf,HAS_POSSIBLE_SOLUTION,Enterprise,control,DTOP-OLD/client/src/assets/docs/knowledgeRepository/graph/DtopCatalogs/control-catalog.json
GOV-16.2,sol_large_business_424f4e6444,HAS_POSSIBLE_SOLUTION,Large Business,control,DTOP-OLD/client/src/assets/docs/knowledgeRepository/graph/DtopCatalogs/control-catalog.json
GOV-16.2,sol_medium_business_2bd9d2542c,HAS_POSSIBLE_SOLUTION,Medium Business,control,DTOP-OLD/client/src/assets/docs/knowledgeRepository/graph/DtopCatalogs/control-catalog.json
HRS-03,sol_enterprise_e75710fe3b,HAS_POSSIBLE_SOLUTION,Enterprise,control,DTOP-OLD/client/src/assets/docs/knowledgeRepository/graph/DtopCatalogs/control-catalog.json
HRS-03,sol_large_business_0dc7063cb0,HAS_POSSIBLE_SOLUTION,Large Business,control,DTOP-OLD/client/src/assets/docs/knowledgeRepository/graph/DtopCatalogs/control-catalog.json
HRS-03,sol_medium_business_28f063578a,HAS_POSSIBLE_SOLUTION,Medium Business,control,DTOP-OLD/client/src/assets/docs/knowledgeRepository/graph/DtopCatalogs/control-catalog.json
HRS-03.1,sol_enterprise_7e17712f33,HAS_POSSIBLE_SOLUTION,Enterprise,control,DTOP-OLD/client/src/assets/docs/knowledgeRepository/graph/DtopCatalogs/control-catalog.json
HRS-03.1,sol_large_business_c1b16697ea,HAS_POSSIBLE_SOLUTION,Large Business,control,DTOP-OLD/client/src/assets/docs/knowledgeRepository/graph/DtopCatalogs/control-catalog.json
HRS-03.1,sol_medium_business_6fba065966,HAS_POSSIBLE_SOLUTION,Medium Business,control,DTOP-OLD/client/src/assets/docs/knowledgeRepository/graph/DtopCatalogs/control-catalog.json
HRS-03.2,sol_enterprise_ef6321a41e,HAS_POSSIBLE_SOLUTION,Enterprise,control,DTOP-OLD/client/src/assets/docs/knowledgeRepository/graph/DtopCatalogs/control-catalog.json
HRS-03.2,sol_large_business_b097ff5052,HAS_POSSIBLE_SOLUTION,Large Business,control,DTOP-OLD/client/src/assets/docs/knowledgeRepository/graph/DtopCatalogs/control-catalog.json
HRS-03.2,sol_medium_business_d262acff06,HAS_POSSIBLE_SOLUTION,Medium Business,control,DTOP-OLD/client/src/assets/docs/knowledgeRepository/graph/DtopCatalogs/control-catalog.json
HRS-04,sol_enterprise_33c438ded9,HAS_POSSIBLE_SOLUTION,Enterprise,control,DTOP-OLD/client/src/assets/docs/knowledgeRepository/graph/DtopCatalogs/control-catalog.json
HRS-04,sol_large_business_65c19a0b9e,HAS_POSSIBLE_SOLUTION,Large Business,control,DTOP-OLD/client/src/assets/docs/knowledgeRepository/graph/DtopCatalogs/control-catalog.json
HRS-04,sol_medium_business_97d737a87c,HAS_POSSIBLE_SOLUTION,Medium Business,control,DTOP-OLD/client/src/assets/docs/knowledgeRepository/graph/DtopCatalogs/control-catalog.json
HRS-04.1,sol_enterprise_f5bea0f925,HAS_POSSIBLE_SOLUTION,Enterprise,control,DTOP-OLD/client/src/assets/docs/knowledgeRepository/graph/DtopCatalogs/control-catalog.json
HRS-04.1,sol_large_business_ce2814dcd6,HAS_POSSIBLE_SOLUTION,Large Business,control,DTOP-OLD/client/src/assets/docs/knowledgeRepository/graph/DtopCatalogs/control-catalog.json
HRS-04.1,sol_medium_business_6f0291906f,HAS_POSSIBLE_SOLUTION,Medium Business,control,DTOP-OLD/client/src/assets/docs/knowledgeRepository/graph/DtopCatalogs/control-catalog.json
HRS-04.2,sol_enterprise_aed2f4561e,HAS_POSSIBLE_SOLUTION,Enterprise,control,DTOP-OLD/client/src/assets/docs/knowledgeRepository/graph/DtopCatalogs/control-catalog.json
HRS-04.2,sol_large_business_bec2fb73cb,HAS_POSSIBLE_SOLUTION,Large Business,control,DTOP-OLD/client/src/assets/docs/knowledgeRepository/graph/DtopCatalogs/control-catalog.json
HRS-04.2,sol_medium_business_c09023d7d2,HAS_POSSIBLE_SOLUTION,Medium Business,control,DTOP-OLD/client/src/assets/docs/knowledgeRepository/graph/DtopCatalogs/control-catalog.json
HRS-05,sol_enterprise_7e17712f33,HAS_POSSIBLE_SOLUTION,Enterprise,control,DTOP-OLD/client/src/assets/docs/knowledgeRepository/graph/DtopCatalogs/control-catalog.json
HRS-05,sol_large_business_c1b16697ea,HAS_POSSIBLE_SOLUTION,Large Business,control,DTOP-OLD/client/src/assets/docs/knowledgeRepository/graph/DtopCatalogs/control-catalog.json
HRS-05,sol_medium_business_6fba065966,HAS_POSSIBLE_SOLUTION,Medium Business,control,DTOP-OLD/client/src/assets/docs/knowledgeRepository/graph/DtopCatalogs/control-catalog.json
HRS-05.1,sol_enterprise_7e17712f33,HAS_POSSIBLE_SOLUTION,Enterprise,control,DTOP-OLD/client/src/assets/docs/knowledgeRepository/graph/DtopCatalogs/control-catalog.json
HRS-05.1,sol_large_business_c1b16697ea,HAS_POSSIBLE_SOLUTION,Large Business,control,DTOP-OLD/client/src/assets/docs/knowledgeRepository/graph/DtopCatalogs/control-catalog.json
HRS-05.1,sol_medium_business_6fba065966,HAS_POSSIBLE_SOLUTION,Medium Business,control,DTOP-OLD/client/src/assets/docs/knowledgeRepository/graph/DtopCatalogs/control-catalog.json
HRS-05.2,sol_enterprise_7e17712f33,HAS_POSSIBLE_SOLUTION,Enterprise,control,DTOP-OLD/client/src/assets/docs/knowledgeRepository/graph/DtopCatalogs/control-catalog.json
HRS-05.2,sol_large_business_c1b16697ea,HAS_POSSIBLE_SOLUTION,Large Business,control,DTOP-OLD/client/src/assets/docs/knowledgeRepository/graph/DtopCatalogs/control-catalog.json
HRS-05.2,sol_medium_business_6fba065966,HAS_POSSIBLE_SOLUTION,Medium Business,control,DTOP-OLD/client/src/assets/docs/knowledgeRepository/graph/DtopCatalogs/control-catalog.json
HRS-05.3,sol_enterprise_7e17712f33,HAS_POSSIBLE_SOLUTION,Enterprise,control,DTOP-OLD/client/src/assets/docs/knowledgeRepository/graph/DtopCatalogs/control-catalog.json
HRS-05.3,sol_large_business_c1b16697ea,HAS_POSSIBLE_SOLUTION,Large Business,control,DTOP-OLD/client/src/assets/docs/knowledgeRepository/graph/DtopCatalogs/control-catalog.json
HRS-05.3,sol_medium_business_6fba065966,HAS_POSSIBLE_SOLUTION,Medium Business,control,DTOP-OLD/client/src/assets/docs/knowledgeRepository/graph/DtopCatalogs/control-catalog.json
HRS-05.4,sol_enterprise_7e17712f33,HAS_POSSIBLE_SOLUTION,Enterprise,control,DTOP-OLD/client/src/assets/docs/knowledgeRepository/graph/DtopCatalogs/control-catalog.json
HRS-05.4,sol_large_business_c1b16697ea,HAS_POSSIBLE_SOLUTION,Large Business,control,DTOP-OLD/client/src/assets/docs/knowledgeRepository/graph/DtopCatalogs/control-catalog.json
HRS-05.4,sol_medium_business_6fba065966,HAS_POSSIBLE_SOLUTION,Medium Business,control,DTOP-OLD/client/src/assets/docs/knowledgeRepository/graph/DtopCatalogs/control-catalog.json
HRS-05.5,sol_enterprise_7e17712f33,HAS_POSSIBLE_SOLUTION,Enterprise,control,DTOP-OLD/client/src/assets/docs/knowledgeRepository/graph/DtopCatalogs/control-catalog.json
HRS-05.5,sol_large_business_c1b16697ea,HAS_POSSIBLE_SOLUTION,Large Business,control,DTOP-OLD/client/src/assets/docs/knowledgeRepository/graph/DtopCatalogs/control-catalog.json
HRS-05.5,sol_medium_business_6fba065966,HAS_POSSIBLE_SOLUTION,Medium Business,control,DTOP-OLD/client/src/assets/docs/knowledgeRepository/graph/DtopCatalogs/control-catalog.json
HRS-05.7,sol_enterprise_788faae59a,HAS_POSSIBLE_SOLUTION,Enterprise,control,DTOP-OLD/client/src/assets/docs/knowledgeRepository/graph/DtopCatalogs/control-catalog.json
HRS-05.7,sol_large_business_a1db993591,HAS_POSSIBLE_SOLUTION,Large Business,control,DTOP-OLD/client/src/assets/docs/knowledgeRepository/graph/DtopCatalogs/control-catalog.json
HRS-05.7,sol_medium_business_1a677bf77a,HAS_POSSIBLE_SOLUTION,Medium Business,control,DTOP-OLD/client/src/assets/docs/knowledgeRepository/graph/DtopCatalogs/control-catalog.json
HRS-06,sol_enterprise_714d01ce6e,HAS_POSSIBLE_SOLUTION,Enterprise,control,DTOP-OLD/client/src/assets/docs/knowledgeRepository/graph/DtopCatalogs/control-catalog.json
HRS-06,sol_large_business_744cb575ee,HAS_POSSIBLE_SOLUTION,Large Business,control,DTOP-OLD/client/src/assets/docs/knowledgeRepository/graph/DtopCatalogs/control-catalog.json
HRS-06,sol_medium_business_175dfd8cf7,HAS_POSSIBLE_SOLUTION,Medium Business,control,DTOP-OLD/client/src/assets/docs/knowledgeRepository/graph/DtopCatalogs/control-catalog.json
HRS-06.1,sol_enterprise_714d01ce6e,HAS_POSSIBLE_SOLUTION,Enterprise,control,DTOP-OLD/client/src/assets/docs/knowledgeRepository/graph/DtopCatalogs/control-catalog.json
HRS-06.1,sol_large_business_744cb575ee,HAS_POSSIBLE_SOLUTION,Large Business,control,DTOP-OLD/client/src/assets/docs/knowledgeRepository/graph/DtopCatalogs/control-catalog.json
HRS-06.1,sol_medium_business_175dfd8cf7,HAS_POSSIBLE_SOLUTION,Medium Business,control,DTOP-OLD/client/src/assets/docs/knowledgeRepository/graph/DtopCatalogs/control-catalog.json
HRS-06.2,sol_enterprise_0a70f24ec0,HAS_POSSIBLE_SOLUTION,Enterprise,control,DTOP-OLD/client/src/assets/docs/knowledgeRepository/graph/DtopCatalogs/control-catalog.json
HRS-06.2,sol_large_business_b404abc882,HAS_POSSIBLE_SOLUTION,Large Business,control,DTOP-OLD/client/src/assets/docs/knowledgeRepository/graph/DtopCatalogs/control-catalog.json
HRS-06.2,sol_medium_business_0284c8ab7e,HAS_POSSIBLE_SOLUTION,Medium Business,control,DTOP-OLD/client/src/assets/docs/knowledgeRepository/graph/DtopCatalogs/control-catalog.json
HRS-09.3,sol_enterprise_0a70f24ec0,HAS_POSSIBLE_SOLUTION,Enterprise,control,DTOP-OLD/client/src/assets/docs/knowledgeRepository/graph/DtopCatalogs/control-catalog.json
HRS-09.3,sol_large_business_b404abc882,HAS_POSSIBLE_SOLUTION,Large Business,control,DTOP-OLD/client/src/assets/docs/knowledgeRepository/graph/DtopCatalogs/control-catalog.json
HRS-09.3,sol_medium_business_0284c8ab7e,HAS_POSSIBLE_SOLUTION,Medium Business,control,DTOP-OLD/client/src/assets/docs/knowledgeRepository/graph/DtopCatalogs/control-catalog.json
HRS-10,sol_enterprise_7b1bd9ae1c,HAS_POSSIBLE_SOLUTION,Enterprise,control,DTOP-OLD/client/src/assets/docs/knowledgeRepository/graph/DtopCatalogs/control-catalog.json
HRS-10,sol_large_business_108c56394e,HAS_POSSIBLE_SOLUTION,Large Business,control,DTOP-OLD/client/src/assets/docs/knowledgeRepository/graph/DtopCatalogs/control-catalog.json
HRS-10,sol_medium_business_27413b7c1c,HAS_POSSIBLE_SOLUTION,Medium Business,control,DTOP-OLD/client/src/assets/docs/knowledgeRepository/graph/DtopCatalogs/control-catalog.json
HRS-11,sol_enterprise_01e969927a,HAS_POSSIBLE_SOLUTION,Enterprise,control,DTOP-OLD/client/src/assets/docs/knowledgeRepository/graph/DtopCatalogs/control-catalog.json
HRS-11,sol_large_business_386d1855c9,HAS_POSSIBLE_SOLUTION,Large Business,control,DTOP-OLD/client/src/assets/docs/knowledgeRepository/graph/DtopCatalogs/control-catalog.json
HRS-11,sol_medium_business_0c0a639d10,HAS_POSSIBLE_SOLUTION,Medium Business,control,DTOP-OLD/client/src/assets/docs/knowledgeRepository/graph/DtopCatalogs/control-catalog.json
HRS-13,sol_enterprise_c73a020127,HAS_POSSIBLE_SOLUTION,Enterprise,control,DTOP-OLD/client/src/assets/docs/knowledgeRepository/graph/DtopCatalogs/control-catalog.json
HRS-13,sol_large_business_c2c70e6e73,HAS_POSSIBLE_SOLUTION,Large Business,control,DTOP-OLD/client/src/assets/docs/knowledgeRepository/graph/DtopCatalogs/control-catalog.json
HRS-13,sol_medium_business_dbc81d7b37,HAS_POSSIBLE_SOLUTION,Medium Business,control,DTOP-OLD/client/src/assets/docs/knowledgeRepository/graph/DtopCatalogs/control-catalog.json
HRS-13.1,sol_enterprise_8ea8b27179,HAS_POSSIBLE_SOLUTION,Enterprise,control,DTOP-OLD/client/src/assets/docs/knowledgeRepository/graph/DtopCatalogs/control-catalog.json
HRS-13.1,sol_large_business_c3d74495cd,HAS_POSSIBLE_SOLUTION,Large Business,control,DTOP-OLD/client/src/assets/docs/knowledgeRepository/graph/DtopCatalogs/control-catalog.json
HRS-13.1,sol_medium_business_51919396a9,HAS_POSSIBLE_SOLUTION,Medium Business,control,DTOP-OLD/client/src/assets/docs/knowledgeRepository/graph/DtopCatalogs/control-catalog.json
HRS-13.2,sol_enterprise_29ba6d107e,HAS_POSSIBLE_SOLUTION,Enterprise,control,DTOP-OLD/client/src/assets/docs/knowledgeRepository/graph/DtopCatalogs/control-catalog.json
HRS-13.2,sol_large_business_4904f1c544,HAS_POSSIBLE_SOLUTION,Large Business,control,DTOP-OLD/client/src/assets/docs/knowledgeRepository/graph/DtopCatalogs/control-catalog.json
HRS-13.2,sol_medium_business_34a64c3f9a,HAS_POSSIBLE_SOLUTION,Medium Business,control,DTOP-OLD/client/src/assets/docs/knowledgeRepository/graph/DtopCatalogs/control-catalog.json
HRS-13.3,sol_enterprise_8ea8b27179,HAS_POSSIBLE_SOLUTION,Enterprise,control,DTOP-OLD/client/src/assets/docs/knowledgeRepository/graph/DtopCatalogs/control-catalog.json
HRS-13.3,sol_large_business_c3d74495cd,HAS_POSSIBLE_SOLUTION,Large Business,control,DTOP-OLD/client/src/assets/docs/knowledgeRepository/graph/DtopCatalogs/control-catalog.json
HRS-13.3,sol_medium_business_51919396a9,HAS_POSSIBLE_SOLUTION,Medium Business,control,DTOP-OLD/client/src/assets/docs/knowledgeRepository/graph/DtopCatalogs/control-catalog.json
HRS-13.4,sol_enterprise_7c97317755,HAS_POSSIBLE_SOLUTION,Enterprise,control,DTOP-OLD/client/src/assets/docs/knowledgeRepository/graph/DtopCatalogs/control-catalog.json
HRS-13.4,sol_large_business_16332afc3f,HAS_POSSIBLE_SOLUTION,Large Business,control,DTOP-OLD/client/src/assets/docs/knowledgeRepository/graph/DtopCatalogs/control-catalog.json
HRS-13.4,sol_medium_business_fe7fb27118,HAS_POSSIBLE_SOLUTION,Medium Business,control,DTOP-OLD/client/src/assets/docs/knowledgeRepository/graph/DtopCatalogs/control-catalog.json
HRS-14,sol_enterprise_7c97317755,HAS_POSSIBLE_SOLUTION,Enterprise,control,DTOP-OLD/client/src/assets/docs/knowledgeRepository/graph/DtopCatalogs/control-catalog.json
HRS-14,sol_large_business_16332afc3f,HAS_POSSIBLE_SOLUTION,Large Business,control,DTOP-OLD/client/src/assets/docs/knowledgeRepository/graph/DtopCatalogs/control-catalog.json
HRS-14,sol_medium_business_fe7fb27118,HAS_POSSIBLE_SOLUTION,Medium Business,control,DTOP-OLD/client/src/assets/docs/knowledgeRepository/graph/DtopCatalogs/control-catalog.json
HRS-14.1,sol_enterprise_7c97317755,HAS_POSSIBLE_SOLUTION,Enterprise,control,DTOP-OLD/client/src/assets/docs/knowledgeRepository/graph/DtopCatalogs/control-catalog.json
HRS-14.1,sol_large_business_16332afc3f,HAS_POSSIBLE_SOLUTION,Large Business,control,DTOP-OLD/client/src/assets/docs/knowledgeRepository/graph/DtopCatalogs/control-catalog.json
HRS-14.1,sol_medium_business_fe7fb27118,HAS_POSSIBLE_SOLUTION,Medium Business,control,DTOP-OLD/client/src/assets/docs/knowledgeRepository/graph/DtopCatalogs/control-catalog.json
IAC-01,sol_enterprise_29eb62c2dd,HAS_POSSIBLE_SOLUTION,Enterprise,control,DTOP-OLD/client/src/assets/docs/knowledgeRepository/graph/DtopCatalogs/control-catalog.json
IAC-01,sol_large_business_47d07c38dc,HAS_POSSIBLE_SOLUTION,Large Business,control,DTOP-OLD/client/src/assets/docs/knowledgeRepository/graph/DtopCatalogs/control-catalog.json
IAC-01,sol_medium_business_a49d826e76,HAS_POSSIBLE_SOLUTION,Medium Business,control,DTOP-OLD/client/src/assets/docs/knowledgeRepository/graph/DtopCatalogs/control-catalog.json
IAC-01.2,sol_enterprise_02433e47ff,HAS_POSSIBLE_SOLUTION,Enterprise,control,DTOP-OLD/client/src/assets/docs/knowledgeRepository/graph/DtopCatalogs/control-catalog.json
IAC-01.2,sol_large_business_74765c166b,HAS_POSSIBLE_SOLUTION,Large Business,control,DTOP-OLD/client/src/assets/docs/knowledgeRepository/graph/DtopCatalogs/control-catalog.json
IAC-01.2,sol_medium_business_094328a09f,HAS_POSSIBLE_SOLUTION,Medium Business,control,DTOP-OLD/client/src/assets/docs/knowledgeRepository/graph/DtopCatalogs/control-catalog.json
IAC-01.3,sol_enterprise_02433e47ff,HAS_POSSIBLE_SOLUTION,Enterprise,control,DTOP-OLD/client/src/assets/docs/knowledgeRepository/graph/DtopCatalogs/control-catalog.json
IAC-01.3,sol_large_business_74765c166b,HAS_POSSIBLE_SOLUTION,Large Business,control,DTOP-OLD/client/src/assets/docs/knowledgeRepository/graph/DtopCatalogs/control-catalog.json
IAC-01.3,sol_medium_business_094328a09f,HAS_POSSIBLE_SOLUTION,Medium Business,control,DTOP-OLD/client/src/assets/docs/knowledgeRepository/graph/DtopCatalogs/control-catalog.json
IAC-02,sol_enterprise_02433e47ff,HAS_POSSIBLE_SOLUTION,Enterprise,control,DTOP-OLD/client/src/assets/docs/knowledgeRepository/graph/DtopCatalogs/control-catalog.json
IAC-02,sol_large_business_74765c166b,HAS_POSSIBLE_SOLUTION,Large Business,control,DTOP-OLD/client/src/assets/docs/knowledgeRepository/graph/DtopCatalogs/control-catalog.json
IAC-02,sol_medium_business_094328a09f,HAS_POSSIBLE_SOLUTION,Medium Business,control,DTOP-OLD/client/src/assets/docs/knowledgeRepository/graph/DtopCatalogs/control-catalog.json
IAC-02.1,sol_enterprise_3ad3defaa7,HAS_POSSIBLE_SOLUTION,Enterprise,control,DTOP-OLD/client/src/assets/docs/knowledgeRepository/graph/DtopCatalogs/control-catalog.json
IAC-02.1,sol_large_business_c780ef088f,HAS_POSSIBLE_SOLUTION,Large Business,control,DTOP-OLD/client/src/assets/docs/knowledgeRepository/graph/DtopCatalogs/control-catalog.json
IAC-02.1,sol_medium_business_b3263d24e9,HAS_POSSIBLE_SOLUTION,Medium Business,control,DTOP-OLD/client/src/assets/docs/knowledgeRepository/graph/DtopCatalogs/control-catalog.json
IAC-02.2,sol_enterprise_3ad3defaa7,HAS_POSSIBLE_SOLUTION,Enterprise,control,DTOP-OLD/client/src/assets/docs/knowledgeRepository/graph/DtopCatalogs/control-catalog.json
IAC-02.2,sol_large_business_c780ef088f,HAS_POSSIBLE_SOLUTION,Large Business,control,DTOP-OLD/client/src/assets/docs/knowledgeRepository/graph/DtopCatalogs/control-catalog.json
IAC-02.2,sol_medium_business_b3263d24e9,HAS_POSSIBLE_SOLUTION,Medium Business,control,DTOP-OLD/client/src/assets/docs/knowledgeRepository/graph/DtopCatalogs/control-catalog.json
IAC-02.3,sol_enterprise_3ad3defaa7,HAS_POSSIBLE_SOLUTION,Enterprise,control,DTOP-OLD/client/src/assets/docs/knowledgeRepository/graph/DtopCatalogs/control-catalog.json
IAC-02.3,sol_large_business_c780ef088f,HAS_POSSIBLE_SOLUTION,Large Business,control,DTOP-OLD/client/src/assets/docs/knowledgeRepository/graph/DtopCatalogs/control-catalog.json
IAC-02.3,sol_medium_business_b3263d24e9,HAS_POSSIBLE_SOLUTION,Medium Business,control,DTOP-OLD/client/src/assets/docs/knowledgeRepository/graph/DtopCatalogs/control-catalog.json
IAC-02.4,sol_enterprise_3ad3defaa7,HAS_POSSIBLE_SOLUTION,Enterprise,control,DTOP-OLD/client/src/assets/docs/knowledgeRepository/graph/DtopCatalogs/control-catalog.json
IAC-02.4,sol_large_business_c780ef088f,HAS_POSSIBLE_SOLUTION,Large Business,control,DTOP-OLD/client/src/assets/docs/knowledgeRepository/graph/DtopCatalogs/control-catalog.json
IAC-02.4,sol_medium_business_b3263d24e9,HAS_POSSIBLE_SOLUTION,Medium Business,control,DTOP-OLD/client/src/assets/docs/knowledgeRepository/graph/DtopCatalogs/control-catalog.json
IAC-03,sol_enterprise_02433e47ff,HAS_POSSIBLE_SOLUTION,Enterprise,control,DTOP-OLD/client/src/assets/docs/knowledgeRepository/graph/DtopCatalogs/control-catalog.json
IAC-03,sol_large_business_74765c166b,HAS_POSSIBLE_SOLUTION,Large Business,control,DTOP-OLD/client/src/assets/docs/knowledgeRepository/graph/DtopCatalogs/control-catalog.json
IAC-03,sol_medium_business_094328a09f,HAS_POSSIBLE_SOLUTION,Medium Business,control,DTOP-OLD/client/src/assets/docs/knowledgeRepository/graph/DtopCatalogs/control-catalog.json
IAC-03.1,sol_enterprise_3ad3defaa7,HAS_POSSIBLE_SOLUTION,Enterprise,control,DTOP-OLD/client/src/assets/docs/knowledgeRepository/graph/DtopCatalogs/control-catalog.json
IAC-03.1,sol_large_business_c780ef088f,HAS_POSSIBLE_SOLUTION,Large Business,control,DTOP-OLD/client/src/assets/docs/knowledgeRepository/graph/DtopCatalogs/control-catalog.json
IAC-03.1,sol_medium_business_b3263d24e9,HAS_POSSIBLE_SOLUTION,Medium Business,control,DTOP-OLD/client/src/assets/docs/knowledgeRepository/graph/DtopCatalogs/control-catalog.json
IAC-03.2,sol_enterprise_3ad3defaa7,HAS_POSSIBLE_SOLUTION,Enterprise,control,DTOP-OLD/client/src/assets/docs/knowledgeRepository/graph/DtopCatalogs/control-catalog.json
IAC-03.2,sol_large_business_c780ef088f,HAS_POSSIBLE_SOLUTION,Large Business,control,DTOP-OLD/client/src/assets/docs/knowledgeRepository/graph/DtopCatalogs/control-catalog.json
IAC-03.2,sol_medium_business_b3263d24e9,HAS_POSSIBLE_SOLUTION,Medium Business,control,DTOP-OLD/client/src/assets/docs/knowledgeRepository/graph/DtopCatalogs/control-catalog.json
IAC-03.3,sol_enterprise_3ad3defaa7,HAS_POSSIBLE_SOLUTION,Enterprise,control,DTOP-OLD/client/src/assets/docs/knowledgeRepository/graph/DtopCatalogs/control-catalog.json
IAC-03.3,sol_large_business_c780ef088f,HAS_POSSIBLE_SOLUTION,Large Business,control,DTOP-OLD/client/src/assets/docs/knowledgeRepository/graph/DtopCatalogs/control-catalog.json
IAC-03.3,sol_medium_business_b3263d24e9,HAS_POSSIBLE_SOLUTION,Medium Business,control,DTOP-OLD/client/src/assets/docs/knowledgeRepository/graph/DtopCatalogs/control-catalog.json
IAC-03.4,sol_enterprise_3ad3defaa7,HAS_POSSIBLE_SOLUTION,Enterprise,control,DTOP-OLD/client/src/assets/docs/knowledgeRepository/graph/DtopCatalogs/control-catalog.json
IAC-03.4,sol_large_business_c780ef088f,HAS_POSSIBLE_SOLUTION,Large Business,control,DTOP-OLD/client/src/assets/docs/knowledgeRepository/graph/DtopCatalogs/control-catalog.json
IAC-03.4,sol_medium_business_b3263d24e9,HAS_POSSIBLE_SOLUTION,Medium Business,control,DTOP-OLD/client/src/assets/docs/knowledgeRepository/graph/DtopCatalogs/control-catalog.json
IAC-03.5,sol_enterprise_3ad3defaa7,HAS_POSSIBLE_SOLUTION,Enterprise,control,DTOP-OLD/client/src/assets/docs/knowledgeRepository/graph/DtopCatalogs/control-catalog.json
IAC-03.5,sol_large_business_c780ef088f,HAS_POSSIBLE_SOLUTION,Large Business,control,DTOP-OLD/client/src/assets/docs/knowledgeRepository/graph/DtopCatalogs/control-catalog.json
IAC-03.5,sol_medium_business_b3263d24e9,HAS_POSSIBLE_SOLUTION,Medium Business,control,DTOP-OLD/client/src/assets/docs/knowledgeRepository/graph/DtopCatalogs/control-catalog.json
IAC-04,sol_enterprise_02433e47ff,HAS_POSSIBLE_SOLUTION,Enterprise,control,DTOP-OLD/client/src/assets/docs/knowledgeRepository/graph/DtopCatalogs/control-catalog.json
IAC-04,sol_large_business_74765c166b,HAS_POSSIBLE_SOLUTION,Large Business,control,DTOP-OLD/client/src/assets/docs/knowledgeRepository/graph/DtopCatalogs/control-catalog.json
IAC-04,sol_medium_business_094328a09f,HAS_POSSIBLE_SOLUTION,Medium Business,control,DTOP-OLD/client/src/assets/docs/knowledgeRepository/graph/DtopCatalogs/control-catalog.json
IAC-04.1,sol_enterprise_1aa0b32d97,HAS_POSSIBLE_SOLUTION,Enterprise,control,DTOP-OLD/client/src/assets/docs/knowledgeRepository/graph/DtopCatalogs/control-catalog.json
IAC-04.1,sol_large_business_7a471f5932,HAS_POSSIBLE_SOLUTION,Large Business,control,DTOP-OLD/client/src/assets/docs/knowledgeRepository/graph/DtopCatalogs/control-catalog.json
IAC-04.1,sol_medium_business_f48e012c35,HAS_POSSIBLE_SOLUTION,Medium Business,control,DTOP-OLD/client/src/assets/docs/knowledgeRepository/graph/DtopCatalogs/control-catalog.json
IAC-05,sol_enterprise_02433e47ff,HAS_POSSIBLE_SOLUTION,Enterprise,control,DTOP-OLD/client/src/assets/docs/knowledgeRepository/graph/DtopCatalogs/control-catalog.json
IAC-05,sol_large_business_74765c166b,HAS_POSSIBLE_SOLUTION,Large Business,control,DTOP-OLD/client/src/assets/docs/knowledgeRepository/graph/DtopCatalogs/control-catalog.json
IAC-05,sol_medium_business_094328a09f,HAS_POSSIBLE_SOLUTION,Medium Business,control,DTOP-OLD/client/src/assets/docs/knowledgeRepository/graph/DtopCatalogs/control-catalog.json
IAC-06,sol_enterprise_1a2545f48d,HAS_POSSIBLE_SOLUTION,Enterprise,control,DTOP-OLD/client/src/assets/docs/knowledgeRepository/graph/DtopCatalogs/control-catalog.json
IAC-06,sol_large_business_04f510146d,HAS_POSSIBLE_SOLUTION,Large Business,control,DTOP-OLD/client/src/assets/docs/knowledgeRepository/graph/DtopCatalogs/control-catalog.json
IAC-06,sol_medium_business_e7a4254f98,HAS_POSSIBLE_SOLUTION,Medium Business,control,DTOP-OLD/client/src/assets/docs/knowledgeRepository/graph/DtopCatalogs/control-catalog.json
IAC-06.1,sol_enterprise_1a2545f48d,HAS_POSSIBLE_SOLUTION,Enterprise,control,DTOP-OLD/client/src/assets/docs/knowledgeRepository/graph/DtopCatalogs/control-catalog.json
IAC-06.1,sol_large_business_04f510146d,HAS_POSSIBLE_SOLUTION,Large Business,control,DTOP-OLD/client/src/assets/docs/knowledgeRepository/graph/DtopCatalogs/control-catalog.json
IAC-06.1,sol_medium_business_e7a4254f98,HAS_POSSIBLE_SOLUTION,Medium Business,control,DTOP-OLD/client/src/assets/docs/knowledgeRepository/graph/DtopCatalogs/control-catalog.json
IAC-06.2,sol_enterprise_1a2545f48d,HAS_POSSIBLE_SOLUTION,Enterprise,control,DTOP-OLD/client/src/assets/docs/knowledgeRepository/graph/DtopCatalogs/control-catalog.json
IAC-06.2,sol_large_business_04f510146d,HAS_POSSIBLE_SOLUTION,Large Business,control,DTOP-OLD/client/src/assets/docs/knowledgeRepository/graph/DtopCatalogs/control-catalog.json
IAC-06.2,sol_medium_business_e7a4254f98,HAS_POSSIBLE_SOLUTION,Medium Business,control,DTOP-OLD/client/src/assets/docs/knowledgeRepository/graph/DtopCatalogs/control-catalog.json
IAC-06.3,sol_enterprise_1a2545f48d,HAS_POSSIBLE_SOLUTION,Enterprise,control,DTOP-OLD/client/src/assets/docs/knowledgeRepository/graph/DtopCatalogs/control-catalog.json
IAC-06.3,sol_large_business_04f510146d,HAS_POSSIBLE_SOLUTION,Large Business,control,DTOP-OLD/client/src/assets/docs/knowledgeRepository/graph/DtopCatalogs/control-catalog.json
IAC-06.3,sol_medium_business_e7a4254f98,HAS_POSSIBLE_SOLUTION,Medium Business,control,DTOP-OLD/client/src/assets/docs/knowledgeRepository/graph/DtopCatalogs/control-catalog.json
IAC-06.4,sol_enterprise_c511523e3e,HAS_POSSIBLE_SOLUTION,Enterprise,control,DTOP-OLD/client/src/assets/docs/knowledgeRepository/graph/DtopCatalogs/control-catalog.json
IAC-06.4,sol_large_business_7133a89394,HAS_POSSIBLE_SOLUTION,Large Business,control,DTOP-OLD/client/src/assets/docs/knowledgeRepository/graph/DtopCatalogs/control-catalog.json
IAC-06.4,sol_medium_business_9b6b67a0ca,HAS_POSSIBLE_SOLUTION,Medium Business,control,DTOP-OLD/client/src/assets/docs/knowledgeRepository/graph/DtopCatalogs/control-catalog.json
IAC-08,sol_enterprise_3618373ff7,HAS_POSSIBLE_SOLUTION,Enterprise,control,DTOP-OLD/client/src/assets/docs/knowledgeRepository/graph/DtopCatalogs/control-catalog.json
IAC-08,sol_large_business_e8daef6f83,HAS_POSSIBLE_SOLUTION,Large Business,control,DTOP-OLD/client/src/assets/docs/knowledgeRepository/graph/DtopCatalogs/control-catalog.json
IAC-08,sol_medium_business_8f5a11815f,HAS_POSSIBLE_SOLUTION,Medium Business,control,DTOP-OLD/client/src/assets/docs/knowledgeRepository/graph/DtopCatalogs/control-catalog.json
IAC-09,sol_enterprise_02433e47ff,HAS_POSSIBLE_SOLUTION,Enterprise,control,DTOP-OLD/client/src/assets/docs/knowledgeRepository/graph/DtopCatalogs/control-catalog.json
IAC-09,sol_large_business_74765c166b,HAS_POSSIBLE_SOLUTION,Large Business,control,DTOP-OLD/client/src/assets/docs/knowledgeRepository/graph/DtopCatalogs/control-catalog.json
IAC-09,sol_medium_business_094328a09f,HAS_POSSIBLE_SOLUTION,Medium Business,control,DTOP-OLD/client/src/assets/docs/knowledgeRepository/graph/DtopCatalogs/control-catalog.json
IAC-09.1,sol_enterprise_02433e47ff,HAS_POSSIBLE_SOLUTION,Enterprise,control,DTOP-OLD/client/src/assets/docs/knowledgeRepository/graph/DtopCatalogs/control-catalog.json
IAC-09.1,sol_large_business_74765c166b,HAS_POSSIBLE_SOLUTION,Large Business,control,DTOP-OLD/client/src/assets/docs/knowledgeRepository/graph/DtopCatalogs/control-catalog.json
IAC-09.1,sol_medium_business_094328a09f,HAS_POSSIBLE_SOLUTION,Medium Business,control,DTOP-OLD/client/src/assets/docs/knowledgeRepository/graph/DtopCatalogs/control-catalog.json
IAC-09.2,sol_enterprise_02433e47ff,HAS_POSSIBLE_SOLUTION,Enterprise,control,DTOP-OLD/client/src/assets/docs/knowledgeRepository/graph/DtopCatalogs/control-catalog.json
IAC-09.2,sol_large_business_74765c166b,HAS_POSSIBLE_SOLUTION,Large Business,control,DTOP-OLD/client/src/assets/docs/knowledgeRepository/graph/DtopCatalogs/control-catalog.json
IAC-09.2,sol_medium_business_094328a09f,HAS_POSSIBLE_SOLUTION,Medium Business,control,DTOP-OLD/client/src/assets/docs/knowledgeRepository/graph/DtopCatalogs/control-catalog.json
IAC-09.3,sol_enterprise_02433e47ff,HAS_POSSIBLE_SOLUTION,Enterprise,control,DTOP-OLD/client/src/assets/docs/knowledgeRepository/graph/DtopCatalogs/control-catalog.json
IAC-09.3,sol_large_business_74765c166b,HAS_POSSIBLE_SOLUTION,Large Business,control,DTOP-OLD/client/src/assets/docs/knowledgeRepository/graph/DtopCatalogs/control-catalog.json
IAC-09.3,sol_medium_business_094328a09f,HAS_POSSIBLE_SOLUTION,Medium Business,control,DTOP-OLD/client/src/assets/docs/knowledgeRepository/graph/DtopCatalogs/control-catalog.json
IAC-09.4,sol_enterprise_02433e47ff,HAS_POSSIBLE_SOLUTION,Enterprise,control,DTOP-OLD/client/src/assets/docs/knowledgeRepository/graph/DtopCatalogs/control-catalog.json
IAC-09.4,sol_large_business_74765c166b,HAS_POSSIBLE_SOLUTION,Large Business,control,DTOP-OLD/client/src/assets/docs/knowledgeRepository/graph/DtopCatalogs/control-catalog.json
IAC-09.4,sol_medium_business_094328a09f,HAS_POSSIBLE_SOLUTION,Medium Business,control,DTOP-OLD/client/src/assets/docs/knowledgeRepository/graph/DtopCatalogs/control-catalog.json
IAC-09.5,sol_enterprise_02433e47ff,HAS_POSSIBLE_SOLUTION,Enterprise,control,DTOP-OLD/client/src/assets/docs/knowledgeRepository/graph/DtopCatalogs/control-catalog.json
IAC-09.5,sol_large_business_74765c166b,HAS_POSSIBLE_SOLUTION,Large Business,control,DTOP-OLD/client/src/assets/docs/knowledgeRepository/graph/DtopCatalogs/control-catalog.json
IAC-09.5,sol_medium_business_094328a09f,HAS_POSSIBLE_SOLUTION,Medium Business,control,DTOP-OLD/client/src/assets/docs/knowledgeRepository/graph/DtopCatalogs/control-catalog.json
IAC-10,sol_enterprise_02433e47ff,HAS_POSSIBLE_SOLUTION,Enterprise,control,DTOP-OLD/client/src/assets/docs/knowledgeRepository/graph/DtopCatalogs/control-catalog.json
IAC-10,sol_large_business_74765c166b,HAS_POSSIBLE_SOLUTION,Large Business,control,DTOP-OLD/client/src/assets/docs/knowledgeRepository/graph/DtopCatalogs/control-catalog.json
IAC-10,sol_medium_business_094328a09f,HAS_POSSIBLE_SOLUTION,Medium Business,control,DTOP-OLD/client/src/assets/docs/knowledgeRepository/graph/DtopCatalogs/control-catalog.json
IAC-10.1,sol_enterprise_02433e47ff,HAS_POSSIBLE_SOLUTION,Enterprise,control,DTOP-OLD/client/src/assets/docs/knowledgeRepository/graph/DtopCatalogs/control-catalog.json
IAC-10.1,sol_large_business_74765c166b,HAS_POSSIBLE_SOLUTION,Large Business,control,DTOP-OLD/client/src/assets/docs/knowledgeRepository/graph/DtopCatalogs/control-catalog.json
IAC-10.1,sol_medium_business_094328a09f,HAS_POSSIBLE_SOLUTION,Medium Business,control,DTOP-OLD/client/src/assets/docs/knowledgeRepository/graph/DtopCatalogs/control-catalog.json
IAC-10.11,sol_enterprise_5e788da599,HAS_POSSIBLE_SOLUTION,Enterprise,control,DTOP-OLD/client/src/assets/docs/knowledgeRepository/graph/DtopCatalogs/control-catalog.json
IAC-10.11,sol_large_business_51eb4ab92c,HAS_POSSIBLE_SOLUTION,Large Business,control,DTOP-OLD/client/src/assets/docs/knowledgeRepository/graph/DtopCatalogs/control-catalog.json
IAC-10.11,sol_medium_business_226925121e,HAS_POSSIBLE_SOLUTION,Medium Business,control,DTOP-OLD/client/src/assets/docs/knowledgeRepository/graph/DtopCatalogs/control-catalog.json
IAC-10.2,sol_enterprise_02433e47ff,HAS_POSSIBLE_SOLUTION,Enterprise,control,DTOP-OLD/client/src/assets/docs/knowledgeRepository/graph/DtopCatalogs/control-catalog.json
IAC-10.2,sol_large_business_74765c166b,HAS_POSSIBLE_SOLUTION,Large Business,control,DTOP-OLD/client/src/assets/docs/knowledgeRepository/graph/DtopCatalogs/control-catalog.json
IAC-10.2,sol_medium_business_094328a09f,HAS_POSSIBLE_SOLUTION,Medium Business,control,DTOP-OLD/client/src/assets/docs/knowledgeRepository/graph/DtopCatalogs/control-catalog.json
IAC-10.4,sol_enterprise_02433e47ff,HAS_POSSIBLE_SOLUTION,Enterprise,control,DTOP-OLD/client/src/assets/docs/knowledgeRepository/graph/DtopCatalogs/control-catalog.json
IAC-10.4,sol_large_business_74765c166b,HAS_POSSIBLE_SOLUTION,Large Business,control,DTOP-OLD/client/src/assets/docs/knowledgeRepository/graph/DtopCatalogs/control-catalog.json
IAC-10.4,sol_medium_business_094328a09f,HAS_POSSIBLE_SOLUTION,Medium Business,control,DTOP-OLD/client/src/assets/docs/knowledgeRepository/graph/DtopCatalogs/control-catalog.json
IAC-10.6,sol_enterprise_3ad3defaa7,HAS_POSSIBLE_SOLUTION,Enterprise,control,DTOP-OLD/client/src/assets/docs/knowledgeRepository/graph/DtopCatalogs/control-catalog.json
IAC-10.6,sol_large_business_c780ef088f,HAS_POSSIBLE_SOLUTION,Large Business,control,DTOP-OLD/client/src/assets/docs/knowledgeRepository/graph/DtopCatalogs/control-catalog.json
IAC-10.6,sol_medium_business_b3263d24e9,HAS_POSSIBLE_SOLUTION,Medium Business,control,DTOP-OLD/client/src/assets/docs/knowledgeRepository/graph/DtopCatalogs/control-catalog.json
IAC-10.7,sol_enterprise_02433e47ff,HAS_POSSIBLE_SOLUTION,Enterprise,control,DTOP-OLD/client/src/assets/docs/knowledgeRepository/graph/DtopCatalogs/control-catalog.json
IAC-10.7,sol_large_business_74765c166b,HAS_POSSIBLE_SOLUTION,Large Business,control,DTOP-OLD/client/src/assets/docs/knowledgeRepository/graph/DtopCatalogs/control-catalog.json
IAC-10.7,sol_medium_business_094328a09f,HAS_POSSIBLE_SOLUTION,Medium Business,control,DTOP-OLD/client/src/assets/docs/knowledgeRepository/graph/DtopCatalogs/control-catalog.json
IAC-10.8,sol_enterprise_3ad3defaa7,HAS_POSSIBLE_SOLUTION,Enterprise,control,DTOP-OLD/client/src/assets/docs/knowledgeRepository/graph/DtopCatalogs/control-catalog.json
IAC-10.8,sol_large_business_c780ef088f,HAS_POSSIBLE_SOLUTION,Large Business,control,DTOP-OLD/client/src/assets/docs/knowledgeRepository/graph/DtopCatalogs/control-catalog.json
IAC-10.8,sol_medium_business_b3263d24e9,HAS_POSSIBLE_SOLUTION,Medium Business,control,DTOP-OLD/client/src/assets/docs/knowledgeRepository/graph/DtopCatalogs/control-catalog.json
IAC-11,sol_enterprise_3ad3defaa7,HAS_POSSIBLE_SOLUTION,Enterprise,control,DTOP-OLD/client/src/assets/docs/knowledgeRepository/graph/DtopCatalogs/control-catalog.json
IAC-11,sol_large_business_c780ef088f,HAS_POSSIBLE_SOLUTION,Large Business,control,DTOP-OLD/client/src/assets/docs/knowledgeRepository/graph/DtopCatalogs/control-catalog.json
IAC-11,sol_medium_business_b3263d24e9,HAS_POSSIBLE_SOLUTION,Medium Business,control,DTOP-OLD/client/src/assets/docs/knowledgeRepository/graph/DtopCatalogs/control-catalog.json
IAC-13.2,sol_enterprise_02433e47ff,HAS_POSSIBLE_SOLUTION,Enterprise,control,DTOP-OLD/client/src/assets/docs/knowledgeRepository/graph/DtopCatalogs/control-catalog.json
IAC-13.2,sol_large_business_74765c166b,HAS_POSSIBLE_SOLUTION,Large Business,control,DTOP-OLD/client/src/assets/docs/knowledgeRepository/graph/DtopCatalogs/control-catalog.json
IAC-13.2,sol_medium_business_094328a09f,HAS_POSSIBLE_SOLUTION,Medium Business,control,DTOP-OLD/client/src/assets/docs/knowledgeRepository/graph/DtopCatalogs/control-catalog.json
IAC-14,sol_enterprise_3ad3defaa7,HAS_POSSIBLE_SOLUTION,Enterprise,control,DTOP-OLD/client/src/assets/docs/knowledgeRepository/graph/DtopCatalogs/control-catalog.json
IAC-14,sol_large_business_c780ef088f,HAS_POSSIBLE_SOLUTION,Large Business,control,DTOP-OLD/client/src/assets/docs/knowledgeRepository/graph/DtopCatalogs/control-catalog.json
IAC-14,sol_medium_business_b3263d24e9,HAS_POSSIBLE_SOLUTION,Medium Business,control,DTOP-OLD/client/src/assets/docs/knowledgeRepository/graph/DtopCatalogs/control-catalog.json
IAC-15,sol_enterprise_02433e47ff,HAS_POSSIBLE_SOLUTION,Enterprise,control,DTOP-OLD/client/src/assets/docs/knowledgeRepository/graph/DtopCatalogs/control-catalog.json
IAC-15,sol_large_business_74765c166b,HAS_POSSIBLE_SOLUTION,Large Business,control,DTOP-OLD/client/src/assets/docs/knowledgeRepository/graph/DtopCatalogs/control-catalog.json
IAC-15,sol_medium_business_094328a09f,HAS_POSSIBLE_SOLUTION,Medium Business,control,DTOP-OLD/client/src/assets/docs/knowledgeRepository/graph/DtopCatalogs/control-catalog.json
IAC-15.1,sol_enterprise_02433e47ff,HAS_POSSIBLE_SOLUTION,Enterprise,control,DTOP-OLD/client/src/assets/docs/knowledgeRepository/graph/DtopCatalogs/control-catalog.json
IAC-15.1,sol_large_business_74765c166b,HAS_POSSIBLE_SOLUTION,Large Business,control,DTOP-OLD/client/src/assets/docs/knowledgeRepository/graph/DtopCatalogs/control-catalog.json
IAC-15.1,sol_medium_business_094328a09f,HAS_POSSIBLE_SOLUTION,Medium Business,control,DTOP-OLD/client/src/assets/docs/knowledgeRepository/graph/DtopCatalogs/control-catalog.json
IAC-15.4,sol_enterprise_02433e47ff,HAS_POSSIBLE_SOLUTION,Enterprise,control,DTOP-OLD/client/src/assets/docs/knowledgeRepository/graph/DtopCatalogs/control-catalog.json
IAC-15.4,sol_large_business_74765c166b,HAS_POSSIBLE_SOLUTION,Large Business,control,DTOP-OLD/client/src/assets/docs/knowledgeRepository/graph/DtopCatalogs/control-catalog.json
IAC-15.4,sol_medium_business_094328a09f,HAS_POSSIBLE_SOLUTION,Medium Business,control,DTOP-OLD/client/src/assets/docs/knowledgeRepository/graph/DtopCatalogs/control-catalog.json
IAC-15.8,sol_enterprise_1aa0b32d97,HAS_POSSIBLE_SOLUTION,Enterprise,control,DTOP-OLD/client/src/assets/docs/knowledgeRepository/graph/DtopCatalogs/control-catalog.json
IAC-15.8,sol_large_business_7a471f5932,HAS_POSSIBLE_SOLUTION,Large Business,control,DTOP-OLD/client/src/assets/docs/knowledgeRepository/graph/DtopCatalogs/control-catalog.json
IAC-15.8,sol_medium_business_f48e012c35,HAS_POSSIBLE_SOLUTION,Medium Business,control,DTOP-OLD/client/src/assets/docs/knowledgeRepository/graph/DtopCatalogs/control-catalog.json
IAC-16,sol_enterprise_0d50008d63,HAS_POSSIBLE_SOLUTION,Enterprise,control,DTOP-OLD/client/src/assets/docs/knowledgeRepository/graph/DtopCatalogs/control-catalog.json
IAC-16,sol_large_business_0d00c58d85,HAS_POSSIBLE_SOLUTION,Large Business,control,DTOP-OLD/client/src/assets/docs/knowledgeRepository/graph/DtopCatalogs/control-catalog.json
IAC-16,sol_medium_business_f44985a657,HAS_POSSIBLE_SOLUTION,Medium Business,control,DTOP-OLD/client/src/assets/docs/knowledgeRepository/graph/DtopCatalogs/control-catalog.json
IAC-16.1,sol_enterprise_02433e47ff,HAS_POSSIBLE_SOLUTION,Enterprise,control,DTOP-OLD/client/src/assets/docs/knowledgeRepository/graph/DtopCatalogs/control-catalog.json
IAC-16.1,sol_large_business_74765c166b,HAS_POSSIBLE_SOLUTION,Large Business,control,DTOP-OLD/client/src/assets/docs/knowledgeRepository/graph/DtopCatalogs/control-catalog.json
IAC-16.1,sol_medium_business_094328a09f,HAS_POSSIBLE_SOLUTION,Medium Business,control,DTOP-OLD/client/src/assets/docs/knowledgeRepository/graph/DtopCatalogs/control-catalog.json
IAC-20,sol_enterprise_02433e47ff,HAS_POSSIBLE_SOLUTION,Enterprise,control,DTOP-OLD/client/src/assets/docs/knowledgeRepository/graph/DtopCatalogs/control-catalog.json
IAC-20,sol_large_business_74765c166b,HAS_POSSIBLE_SOLUTION,Large Business,control,DTOP-OLD/client/src/assets/docs/knowledgeRepository/graph/DtopCatalogs/control-catalog.json
IAC-20,sol_medium_business_094328a09f,HAS_POSSIBLE_SOLUTION,Medium Business,control,DTOP-OLD/client/src/assets/docs/knowledgeRepository/graph/DtopCatalogs/control-catalog.json
IAC-20.1,sol_enterprise_02433e47ff,HAS_POSSIBLE_SOLUTION,Enterprise,control,DTOP-OLD/client/src/assets/docs/knowledgeRepository/graph/DtopCatalogs/control-catalog.json
IAC-20.1,sol_large_business_74765c166b,HAS_POSSIBLE_SOLUTION,Large Business,control,DTOP-OLD/client/src/assets/docs/knowledgeRepository/graph/DtopCatalogs/control-catalog.json
IAC-20.1,sol_medium_business_094328a09f,HAS_POSSIBLE_SOLUTION,Medium Business,control,DTOP-OLD/client/src/assets/docs/knowledgeRepository/graph/DtopCatalogs/control-catalog.json
IAC-20.3,sol_enterprise_dd177de2b3,HAS_POSSIBLE_SOLUTION,Enterprise,control,DTOP-OLD/client/src/assets/docs/knowledgeRepository/graph/DtopCatalogs/control-catalog.json
IAC-20.3,sol_large_business_ba1ba3f5e0,HAS_POSSIBLE_SOLUTION,Large Business,control,DTOP-OLD/client/src/assets/docs/knowledgeRepository/graph/DtopCatalogs/control-catalog.json
IAC-20.3,sol_medium_business_99c8ea08b9,HAS_POSSIBLE_SOLUTION,Medium Business,control,DTOP-OLD/client/src/assets/docs/knowledgeRepository/graph/DtopCatalogs/control-catalog.json
IAC-20.7,sol_enterprise_02433e47ff,HAS_POSSIBLE_SOLUTION,Enterprise,control,DTOP-OLD/client/src/assets/docs/knowledgeRepository/graph/DtopCatalogs/control-catalog.json
IAC-20.7,sol_large_business_74765c166b,HAS_POSSIBLE_SOLUTION,Large Business,control,DTOP-OLD/client/src/assets/docs/knowledgeRepository/graph/DtopCatalogs/control-catalog.json
IAC-20.7,sol_medium_business_094328a09f,HAS_POSSIBLE_SOLUTION,Medium Business,control,DTOP-OLD/client/src/assets/docs/knowledgeRepository/graph/DtopCatalogs/control-catalog.json
IAC-21,sol_enterprise_e2c524be1c,HAS_POSSIBLE_SOLUTION,Enterprise,control,DTOP-OLD/client/src/assets/docs/knowledgeRepository/graph/DtopCatalogs/control-catalog.json
IAC-21,sol_large_business_5b31b5f7cc,HAS_POSSIBLE_SOLUTION,Large Business,control,DTOP-OLD/client/src/assets/docs/knowledgeRepository/graph/DtopCatalogs/control-catalog.json
IAC-21,sol_medium_business_44aee86f77,HAS_POSSIBLE_SOLUTION,Medium Business,control,DTOP-OLD/client/src/assets/docs/knowledgeRepository/graph/DtopCatalogs/control-catalog.json
IAC-21.1,sol_enterprise_dd177de2b3,HAS_POSSIBLE_SOLUTION,Enterprise,control,DTOP-OLD/client/src/assets/docs/knowledgeRepository/graph/DtopCatalogs/control-catalog.json
IAC-21.1,sol_large_business_ba1ba3f5e0,HAS_POSSIBLE_SOLUTION,Large Business,control,DTOP-OLD/client/src/assets/docs/knowledgeRepository/graph/DtopCatalogs/control-catalog.json
IAC-21.1,sol_medium_business_99c8ea08b9,HAS_POSSIBLE_SOLUTION,Medium Business,control,DTOP-OLD/client/src/assets/docs/knowledgeRepository/graph/DtopCatalogs/control-catalog.json
IAC-21.3,sol_enterprise_dd177de2b3,HAS_POSSIBLE_SOLUTION,Enterprise,control,DTOP-OLD/client/src/assets/docs/knowledgeRepository/graph/DtopCatalogs/control-catalog.json
IAC-21.3,sol_large_business_ba1ba3f5e0,HAS_POSSIBLE_SOLUTION,Large Business,control,DTOP-OLD/client/src/assets/docs/knowledgeRepository/graph/DtopCatalogs/control-catalog.json
IAC-21.3,sol_medium_business_99c8ea08b9,HAS_POSSIBLE_SOLUTION,Medium Business,control,DTOP-OLD/client/src/assets/docs/knowledgeRepository/graph/DtopCatalogs/control-catalog.json
IAC-21.5,sol_enterprise_dd177de2b3,HAS_POSSIBLE_SOLUTION,Enterprise,control,DTOP-OLD/client/src/assets/docs/knowledgeRepository/graph/DtopCatalogs/control-catalog.json
IAC-21.5,sol_large_business_ba1ba3f5e0,HAS_POSSIBLE_SOLUTION,Large Business,control,DTOP-OLD/client/src/assets/docs/knowledgeRepository/graph/DtopCatalogs/control-catalog.json
IAC-21.5,sol_medium_business_99c8ea08b9,HAS_POSSIBLE_SOLUTION,Medium Business,control,DTOP-OLD/client/src/assets/docs/knowledgeRepository/graph/DtopCatalogs/control-catalog.json
IAC-21.7,sol_enterprise_e2c524be1c,HAS_POSSIBLE_SOLUTION,Enterprise,control,DTOP-OLD/client/src/assets/docs/knowledgeRepository/graph/DtopCatalogs/control-catalog.json
IAC-21.7,sol_large_business_5b31b5f7cc,HAS_POSSIBLE_SOLUTION,Large Business,control,DTOP-OLD/client/src/assets/docs/knowledgeRepository/graph/DtopCatalogs/control-catalog.json
IAC-21.7,sol_medium_business_44aee86f77,HAS_POSSIBLE_SOLUTION,Medium Business,control,DTOP-OLD/client/src/assets/docs/knowledgeRepository/graph/DtopCatalogs/control-catalog.json
IAC-22,sol_enterprise_02433e47ff,HAS_POSSIBLE_SOLUTION,Enterprise,control,DTOP-OLD/client/src/assets/docs/knowledgeRepository/graph/DtopCatalogs/control-catalog.json
IAC-22,sol_large_business_74765c166b,HAS_POSSIBLE_SOLUTION,Large Business,control,DTOP-OLD/client/src/assets/docs/knowledgeRepository/graph/DtopCatalogs/control-catalog.json
IAC-22,sol_medium_business_094328a09f,HAS_POSSIBLE_SOLUTION,Medium Business,control,DTOP-OLD/client/src/assets/docs/knowledgeRepository/graph/DtopCatalogs/control-catalog.json
IAC-23,sol_enterprise_8a8b32d3c8,HAS_POSSIBLE_SOLUTION,Enterprise,control,DTOP-OLD/client/src/assets/docs/knowledgeRepository/graph/DtopCatalogs/control-catalog.json
IAC-23,sol_large_business_4677148d88,HAS_POSSIBLE_SOLUTION,Large Business,control,DTOP-OLD/client/src/assets/docs/knowledgeRepository/graph/DtopCatalogs/control-catalog.json
IAC-23,sol_medium_business_c315644afc,HAS_POSSIBLE_SOLUTION,Medium Business,control,DTOP-OLD/client/src/assets/docs/knowledgeRepository/graph/DtopCatalogs/control-catalog.json
IAC-24,sol_enterprise_8a8b32d3c8,HAS_POSSIBLE_SOLUTION,Enterprise,control,DTOP-OLD/client/src/assets/docs/knowledgeRepository/graph/DtopCatalogs/control-catalog.json
IAC-24,sol_large_business_4677148d88,HAS_POSSIBLE_SOLUTION,Large Business,control,DTOP-OLD/client/src/assets/docs/knowledgeRepository/graph/DtopCatalogs/control-catalog.json
IAC-24,sol_medium_business_c315644afc,HAS_POSSIBLE_SOLUTION,Medium Business,control,DTOP-OLD/client/src/assets/docs/knowledgeRepository/graph/DtopCatalogs/control-catalog.json
IAC-24.1,sol_enterprise_8a8b32d3c8,HAS_POSSIBLE_SOLUTION,Enterprise,control,DTOP-OLD/client/src/assets/docs/knowledgeRepository/graph/DtopCatalogs/control-catalog.json
IAC-24.1,sol_large_business_4677148d88,HAS_POSSIBLE_SOLUTION,Large Business,control,DTOP-OLD/client/src/assets/docs/knowledgeRepository/graph/DtopCatalogs/control-catalog.json
IAC-24.1,sol_medium_business_c315644afc,HAS_POSSIBLE_SOLUTION,Medium Business,control,DTOP-OLD/client/src/assets/docs/knowledgeRepository/graph/DtopCatalogs/control-catalog.json
IAC-25,sol_enterprise_8a8b32d3c8,HAS_POSSIBLE_SOLUTION,Enterprise,control,DTOP-OLD/client/src/assets/docs/knowledgeRepository/graph/DtopCatalogs/control-catalog.json
IAC-25,sol_large_business_4677148d88,HAS_POSSIBLE_SOLUTION,Large Business,control,DTOP-OLD/client/src/assets/docs/knowledgeRepository/graph/DtopCatalogs/control-catalog.json
IAC-25,sol_medium_business_c315644afc,HAS_POSSIBLE_SOLUTION,Medium Business,control,DTOP-OLD/client/src/assets/docs/knowledgeRepository/graph/DtopCatalogs/control-catalog.json
IAC-25.1,sol_enterprise_8a8b32d3c8,HAS_POSSIBLE_SOLUTION,Enterprise,control,DTOP-OLD/client/src/assets/docs/knowledgeRepository/graph/DtopCatalogs/control-catalog.json
IAC-25.1,sol_large_business_4677148d88,HAS_POSSIBLE_SOLUTION,Large Business,control,DTOP-OLD/client/src/assets/docs/knowledgeRepository/graph/DtopCatalogs/control-catalog.json
IAC-25.1,sol_medium_business_c315644afc,HAS_POSSIBLE_SOLUTION,Medium Business,control,DTOP-OLD/client/src/assets/docs/knowledgeRepository/graph/DtopCatalogs/control-catalog.json
IAC-26,sol_enterprise_8a8b32d3c8,HAS_POSSIBLE_SOLUTION,Enterprise,control,DTOP-OLD/client/src/assets/docs/knowledgeRepository/graph/DtopCatalogs/control-catalog.json
IAC-26,sol_large_business_4677148d88,HAS_POSSIBLE_SOLUTION,Large Business,control,DTOP-OLD/client/src/assets/docs/knowledgeRepository/graph/DtopCatalogs/control-catalog.json
IAC-26,sol_medium_business_c315644afc,HAS_POSSIBLE_SOLUTION,Medium Business,control,DTOP-OLD/client/src/assets/docs/knowledgeRepository/graph/DtopCatalogs/control-catalog.json
IAC-27,sol_enterprise_8a8b32d3c8,HAS_POSSIBLE_SOLUTION,Enterprise,control,DTOP-OLD/client/src/assets/docs/knowledgeRepository/graph/DtopCatalogs/control-catalog.json
IAC-27,sol_large_business_4677148d88,HAS_POSSIBLE_SOLUTION,Large Business,control,DTOP-OLD/client/src/assets/docs/knowledgeRepository/graph/DtopCatalogs/control-catalog.json
IAC-27,sol_medium_business_c315644afc,HAS_POSSIBLE_SOLUTION,Medium Business,control,DTOP-OLD/client/src/assets/docs/knowledgeRepository/graph/DtopCatalogs/control-catalog.json
IAC-28,sol_enterprise_f835b5c3f5,HAS_POSSIBLE_SOLUTION,Enterprise,control,DTOP-OLD/client/src/assets/docs/knowledgeRepository/graph/DtopCatalogs/control-catalog.json
IAC-28,sol_large_business_52dbbd53c2,HAS_POSSIBLE_SOLUTION,Large Business,control,DTOP-OLD/client/src/assets/docs/knowledgeRepository/graph/DtopCatalogs/control-catalog.json
IAC-28,sol_medium_business_6b8d4af808,HAS_POSSIBLE_SOLUTION,Medium Business,control,DTOP-OLD/client/src/assets/docs/knowledgeRepository/graph/DtopCatalogs/control-catalog.json
IAC-28.2,sol_enterprise_f835b5c3f5,HAS_POSSIBLE_SOLUTION,Enterprise,control,DTOP-OLD/client/src/assets/docs/knowledgeRepository/graph/DtopCatalogs/control-catalog.json
IAC-28.2,sol_large_business_52dbbd53c2,HAS_POSSIBLE_SOLUTION,Large Business,control,DTOP-OLD/client/src/assets/docs/knowledgeRepository/graph/DtopCatalogs/control-catalog.json
IAC-28.2,sol_medium_business_6b8d4af808,HAS_POSSIBLE_SOLUTION,Medium Business,control,DTOP-OLD/client/src/assets/docs/knowledgeRepository/graph/DtopCatalogs/control-catalog.json
IAC-28.3,sol_enterprise_8aeb8c5a27,HAS_POSSIBLE_SOLUTION,Enterprise,control,DTOP-OLD/client/src/assets/docs/knowledgeRepository/graph/DtopCatalogs/control-catalog.json
IAC-28.3,sol_large_business_564b8ba00b,HAS_POSSIBLE_SOLUTION,Large Business,control,DTOP-OLD/client/src/assets/docs/knowledgeRepository/graph/DtopCatalogs/control-catalog.json
IAC-28.3,sol_medium_business_2561429e97,HAS_POSSIBLE_SOLUTION,Medium Business,control,DTOP-OLD/client/src/assets/docs/knowledgeRepository/graph/DtopCatalogs/control-catalog.json
IAC-28.4,sol_enterprise_d8fa5bbc48,HAS_POSSIBLE_SOLUTION,Enterprise,control,DTOP-OLD/client/src/assets/docs/knowledgeRepository/graph/DtopCatalogs/control-catalog.json
IAC-28.4,sol_large_business_4f7797527c,HAS_POSSIBLE_SOLUTION,Large Business,control,DTOP-OLD/client/src/assets/docs/knowledgeRepository/graph/DtopCatalogs/control-catalog.json
IAC-28.4,sol_medium_business_1ce835f444,HAS_POSSIBLE_SOLUTION,Medium Business,control,DTOP-OLD/client/src/assets/docs/knowledgeRepository/graph/DtopCatalogs/control-catalog.json
IAC-29,sol_enterprise_02433e47ff,HAS_POSSIBLE_SOLUTION,Enterprise,control,DTOP-OLD/client/src/assets/docs/knowledgeRepository/graph/DtopCatalogs/control-catalog.json
IAC-29,sol_large_business_74765c166b,HAS_POSSIBLE_SOLUTION,Large Business,control,DTOP-OLD/client/src/assets/docs/knowledgeRepository/graph/DtopCatalogs/control-catalog.json
IAC-29,sol_medium_business_094328a09f,HAS_POSSIBLE_SOLUTION,Medium Business,control,DTOP-OLD/client/src/assets/docs/knowledgeRepository/graph/DtopCatalogs/control-catalog.json
IAO-01,sol_enterprise_3ddecb098d,HAS_POSSIBLE_SOLUTION,Enterprise,control,DTOP-OLD/client/src/assets/docs/knowledgeRepository/graph/DtopCatalogs/control-catalog.json
IAO-01,sol_large_business_123455e5ff,HAS_POSSIBLE_SOLUTION,Large Business,control,DTOP-OLD/client/src/assets/docs/knowledgeRepository/graph/DtopCatalogs/control-catalog.json
IAO-01,sol_medium_business_9d77f42d16,HAS_POSSIBLE_SOLUTION,Medium Business,control,DTOP-OLD/client/src/assets/docs/knowledgeRepository/graph/DtopCatalogs/control-catalog.json
IAO-02,sol_enterprise_3ddecb098d,HAS_POSSIBLE_SOLUTION,Enterprise,control,DTOP-OLD/client/src/assets/docs/knowledgeRepository/graph/DtopCatalogs/control-catalog.json
IAO-02,sol_large_business_123455e5ff,HAS_POSSIBLE_SOLUTION,Large Business,control,DTOP-OLD/client/src/assets/docs/knowledgeRepository/graph/DtopCatalogs/control-catalog.json
IAO-02,sol_medium_business_9d77f42d16,HAS_POSSIBLE_SOLUTION,Medium Business,control,DTOP-OLD/client/src/assets/docs/knowledgeRepository/graph/DtopCatalogs/control-catalog.json
IAO-02.2,sol_enterprise_4c0b6eb7fa,HAS_POSSIBLE_SOLUTION,Enterprise,control,DTOP-OLD/client/src/assets/docs/knowledgeRepository/graph/DtopCatalogs/control-catalog.json
IAO-02.2,sol_large_business_ff750c83f2,HAS_POSSIBLE_SOLUTION,Large Business,control,DTOP-OLD/client/src/assets/docs/knowledgeRepository/graph/DtopCatalogs/control-catalog.json
IAO-02.2,sol_medium_business_9b6ac9a6a0,HAS_POSSIBLE_SOLUTION,Medium Business,control,DTOP-OLD/client/src/assets/docs/knowledgeRepository/graph/DtopCatalogs/control-catalog.json
IAO-02.3,sol_enterprise_80bbb3015b,HAS_POSSIBLE_SOLUTION,Enterprise,control,DTOP-OLD/client/src/assets/docs/knowledgeRepository/graph/DtopCatalogs/control-catalog.json
IAO-02.3,sol_large_business_e272af6f7a,HAS_POSSIBLE_SOLUTION,Large Business,control,DTOP-OLD/client/src/assets/docs/knowledgeRepository/graph/DtopCatalogs/control-catalog.json
IAO-02.3,sol_medium_business_05a02781c5,HAS_POSSIBLE_SOLUTION,Medium Business,control,DTOP-OLD/client/src/assets/docs/knowledgeRepository/graph/DtopCatalogs/control-catalog.json
IAO-02.4,sol_enterprise_d76e0da37e,HAS_POSSIBLE_SOLUTION,Enterprise,control,DTOP-OLD/client/src/assets/docs/knowledgeRepository/graph/DtopCatalogs/control-catalog.json
IAO-02.4,sol_large_business_f39e8b1c75,HAS_POSSIBLE_SOLUTION,Large Business,control,DTOP-OLD/client/src/assets/docs/knowledgeRepository/graph/DtopCatalogs/control-catalog.json
IAO-02.4,sol_medium_business_978d7e95fb,HAS_POSSIBLE_SOLUTION,Medium Business,control,DTOP-OLD/client/src/assets/docs/knowledgeRepository/graph/DtopCatalogs/control-catalog.json
IAO-03,sol_enterprise_5ea5ff6bdd,HAS_POSSIBLE_SOLUTION,Enterprise,control,DTOP-OLD/client/src/assets/docs/knowledgeRepository/graph/DtopCatalogs/control-catalog.json
IAO-03,sol_large_business_de8c516e77,HAS_POSSIBLE_SOLUTION,Large Business,control,DTOP-OLD/client/src/assets/docs/knowledgeRepository/graph/DtopCatalogs/control-catalog.json
IAO-03,sol_medium_business_d144bd1972,HAS_POSSIBLE_SOLUTION,Medium Business,control,DTOP-OLD/client/src/assets/docs/knowledgeRepository/graph/DtopCatalogs/control-catalog.json
IAO-03.1,sol_enterprise_7858dfa13f,HAS_POSSIBLE_SOLUTION,Enterprise,control,DTOP-OLD/client/src/assets/docs/knowledgeRepository/graph/DtopCatalogs/control-catalog.json
IAO-03.1,sol_large_business_bb07ee3e6d,HAS_POSSIBLE_SOLUTION,Large Business,control,DTOP-OLD/client/src/assets/docs/knowledgeRepository/graph/DtopCatalogs/control-catalog.json
IAO-03.1,sol_medium_business_89e128e71a,HAS_POSSIBLE_SOLUTION,Medium Business,control,DTOP-OLD/client/src/assets/docs/knowledgeRepository/graph/DtopCatalogs/control-catalog.json
IAO-03.2,sol_enterprise_b107ae361c,HAS_POSSIBLE_SOLUTION,Enterprise,control,DTOP-OLD/client/src/assets/docs/knowledgeRepository/graph/DtopCatalogs/control-catalog.json
IAO-03.2,sol_large_business_d0e05bd338,HAS_POSSIBLE_SOLUTION,Large Business,control,DTOP-OLD/client/src/assets/docs/knowledgeRepository/graph/DtopCatalogs/control-catalog.json
IAO-03.2,sol_medium_business_c9c8de0fb6,HAS_POSSIBLE_SOLUTION,Medium Business,control,DTOP-OLD/client/src/assets/docs/knowledgeRepository/graph/DtopCatalogs/control-catalog.json
IAO-04,sol_enterprise_c4e8f35806,HAS_POSSIBLE_SOLUTION,Enterprise,control,DTOP-OLD/client/src/assets/docs/knowledgeRepository/graph/DtopCatalogs/control-catalog.json
IAO-04,sol_large_business_11a99375b7,HAS_POSSIBLE_SOLUTION,Large Business,control,DTOP-OLD/client/src/assets/docs/knowledgeRepository/graph/DtopCatalogs/control-catalog.json
IAO-04,sol_medium_business_74374636b5,HAS_POSSIBLE_SOLUTION,Medium Business,control,DTOP-OLD/client/src/assets/docs/knowledgeRepository/graph/DtopCatalogs/control-catalog.json
IAO-05,sol_enterprise_e69eb6c754,HAS_POSSIBLE_SOLUTION,Enterprise,control,DTOP-OLD/client/src/assets/docs/knowledgeRepository/graph/DtopCatalogs/control-catalog.json
IAO-05,sol_large_business_8e6b0be811,HAS_POSSIBLE_SOLUTION,Large Business,control,DTOP-OLD/client/src/assets/docs/knowledgeRepository/graph/DtopCatalogs/control-catalog.json
IAO-05,sol_medium_business_280aa920e9,HAS_POSSIBLE_SOLUTION,Medium Business,control,DTOP-OLD/client/src/assets/docs/knowledgeRepository/graph/DtopCatalogs/control-catalog.json
IAO-06,sol_enterprise_4c0b6eb7fa,HAS_POSSIBLE_SOLUTION,Enterprise,control,DTOP-OLD/client/src/assets/docs/knowledgeRepository/graph/DtopCatalogs/control-catalog.json
IAO-06,sol_large_business_ff750c83f2,HAS_POSSIBLE_SOLUTION,Large Business,control,DTOP-OLD/client/src/assets/docs/knowledgeRepository/graph/DtopCatalogs/control-catalog.json
IAO-06,sol_medium_business_9b6ac9a6a0,HAS_POSSIBLE_SOLUTION,Medium Business,control,DTOP-OLD/client/src/assets/docs/knowledgeRepository/graph/DtopCatalogs/control-catalog.json
IRO-01,sol_enterprise_5fa21cd935,HAS_POSSIBLE_SOLUTION,Enterprise,control,DTOP-OLD/client/src/assets/docs/knowledgeRepository/graph/DtopCatalogs/control-catalog.json
IRO-01,sol_large_business_207ca730cf,HAS_POSSIBLE_SOLUTION,Large Business,control,DTOP-OLD/client/src/assets/docs/knowledgeRepository/graph/DtopCatalogs/control-catalog.json
IRO-01,sol_medium_business_9ef275b7b2,HAS_POSSIBLE_SOLUTION,Medium Business,control,DTOP-OLD/client/src/assets/docs/knowledgeRepository/graph/DtopCatalogs/control-catalog.json
IRO-02,sol_enterprise_b91116913c,HAS_POSSIBLE_SOLUTION,Enterprise,control,DTOP-OLD/client/src/assets/docs/knowledgeRepository/graph/DtopCatalogs/control-catalog.json
IRO-02,sol_large_business_4c65ccc2a0,HAS_POSSIBLE_SOLUTION,Large Business,control,DTOP-OLD/client/src/assets/docs/knowledgeRepository/graph/DtopCatalogs/control-catalog.json
IRO-02,sol_medium_business_3033b8a2fc,HAS_POSSIBLE_SOLUTION,Medium Business,control,DTOP-OLD/client/src/assets/docs/knowledgeRepository/graph/DtopCatalogs/control-catalog.json
IRO-02.1,sol_enterprise_02dd2abe3a,HAS_POSSIBLE_SOLUTION,Enterprise,control,DTOP-OLD/client/src/assets/docs/knowledgeRepository/graph/DtopCatalogs/control-catalog.json
IRO-02.1,sol_large_business_eb55b56fc5,HAS_POSSIBLE_SOLUTION,Large Business,control,DTOP-OLD/client/src/assets/docs/knowledgeRepository/graph/DtopCatalogs/control-catalog.json
IRO-02.1,sol_medium_business_cd9950220b,HAS_POSSIBLE_SOLUTION,Medium Business,control,DTOP-OLD/client/src/assets/docs/knowledgeRepository/graph/DtopCatalogs/control-catalog.json
IRO-02.3,sol_enterprise_02dd2abe3a,HAS_POSSIBLE_SOLUTION,Enterprise,control,DTOP-OLD/client/src/assets/docs/knowledgeRepository/graph/DtopCatalogs/control-catalog.json
IRO-02.3,sol_large_business_eb55b56fc5,HAS_POSSIBLE_SOLUTION,Large Business,control,DTOP-OLD/client/src/assets/docs/knowledgeRepository/graph/DtopCatalogs/control-catalog.json
IRO-02.3,sol_medium_business_cd9950220b,HAS_POSSIBLE_SOLUTION,Medium Business,control,DTOP-OLD/client/src/assets/docs/knowledgeRepository/graph/DtopCatalogs/control-catalog.json
IRO-02.4,sol_enterprise_b9a3ea79dc,HAS_POSSIBLE_SOLUTION,Enterprise,control,DTOP-OLD/client/src/assets/docs/knowledgeRepository/graph/DtopCatalogs/control-catalog.json
IRO-02.4,sol_large_business_9a31ee37fe,HAS_POSSIBLE_SOLUTION,Large Business,control,DTOP-OLD/client/src/assets/docs/knowledgeRepository/graph/DtopCatalogs/control-catalog.json
IRO-02.4,sol_medium_business_a6c284cd4d,HAS_POSSIBLE_SOLUTION,Medium Business,control,DTOP-OLD/client/src/assets/docs/knowledgeRepository/graph/DtopCatalogs/control-catalog.json
IRO-03,sol_enterprise_3a0744f219,HAS_POSSIBLE_SOLUTION,Enterprise,control,DTOP-OLD/client/src/assets/docs/knowledgeRepository/graph/DtopCatalogs/control-catalog.json
IRO-03,sol_large_business_c6e94dece9,HAS_POSSIBLE_SOLUTION,Large Business,control,DTOP-OLD/client/src/assets/docs/knowledgeRepository/graph/DtopCatalogs/control-catalog.json
IRO-03,sol_medium_business_ea2f40c106,HAS_POSSIBLE_SOLUTION,Medium Business,control,DTOP-OLD/client/src/assets/docs/knowledgeRepository/graph/DtopCatalogs/control-catalog.json
IRO-04,sol_enterprise_5fa21cd935,HAS_POSSIBLE_SOLUTION,Enterprise,control,DTOP-OLD/client/src/assets/docs/knowledgeRepository/graph/DtopCatalogs/control-catalog.json
IRO-04,sol_large_business_207ca730cf,HAS_POSSIBLE_SOLUTION,Large Business,control,DTOP-OLD/client/src/assets/docs/knowledgeRepository/graph/DtopCatalogs/control-catalog.json
IRO-04,sol_medium_business_9ef275b7b2,HAS_POSSIBLE_SOLUTION,Medium Business,control,DTOP-OLD/client/src/assets/docs/knowledgeRepository/graph/DtopCatalogs/control-catalog.json
IRO-04.1,sol_enterprise_5fa21cd935,HAS_POSSIBLE_SOLUTION,Enterprise,control,DTOP-OLD/client/src/assets/docs/knowledgeRepository/graph/DtopCatalogs/control-catalog.json
IRO-04.1,sol_large_business_207ca730cf,HAS_POSSIBLE_SOLUTION,Large Business,control,DTOP-OLD/client/src/assets/docs/knowledgeRepository/graph/DtopCatalogs/control-catalog.json
IRO-04.1,sol_medium_business_9ef275b7b2,HAS_POSSIBLE_SOLUTION,Medium Business,control,DTOP-OLD/client/src/assets/docs/knowledgeRepository/graph/DtopCatalogs/control-catalog.json
IRO-04.3,sol_enterprise_c51e7a5234,HAS_POSSIBLE_SOLUTION,Enterprise,control,DTOP-OLD/client/src/assets/docs/knowledgeRepository/graph/DtopCatalogs/control-catalog.json
IRO-04.3,sol_large_business_547bfd33ed,HAS_POSSIBLE_SOLUTION,Large Business,control,DTOP-OLD/client/src/assets/docs/knowledgeRepository/graph/DtopCatalogs/control-catalog.json
IRO-04.3,sol_medium_business_2885e4b4f3,HAS_POSSIBLE_SOLUTION,Medium Business,control,DTOP-OLD/client/src/assets/docs/knowledgeRepository/graph/DtopCatalogs/control-catalog.json
IRO-05,sol_enterprise_c51e7a5234,HAS_POSSIBLE_SOLUTION,Enterprise,control,DTOP-OLD/client/src/assets/docs/knowledgeRepository/graph/DtopCatalogs/control-catalog.json
IRO-05,sol_large_business_547bfd33ed,HAS_POSSIBLE_SOLUTION,Large Business,control,DTOP-OLD/client/src/assets/docs/knowledgeRepository/graph/DtopCatalogs/control-catalog.json
IRO-05,sol_medium_business_2885e4b4f3,HAS_POSSIBLE_SOLUTION,Medium Business,control,DTOP-OLD/client/src/assets/docs/knowledgeRepository/graph/DtopCatalogs/control-catalog.json
IRO-06,sol_enterprise_5bd12a0cd8,HAS_POSSIBLE_SOLUTION,Enterprise,control,DTOP-OLD/client/src/assets/docs/knowledgeRepository/graph/DtopCatalogs/control-catalog.json
IRO-06,sol_large_business_8460eb9b60,HAS_POSSIBLE_SOLUTION,Large Business,control,DTOP-OLD/client/src/assets/docs/knowledgeRepository/graph/DtopCatalogs/control-catalog.json
IRO-06,sol_medium_business_12f4a0e3d1,HAS_POSSIBLE_SOLUTION,Medium Business,control,DTOP-OLD/client/src/assets/docs/knowledgeRepository/graph/DtopCatalogs/control-catalog.json
IRO-07,sol_enterprise_ca48259be0,HAS_POSSIBLE_SOLUTION,Enterprise,control,DTOP-OLD/client/src/assets/docs/knowledgeRepository/graph/DtopCatalogs/control-catalog.json
IRO-07,sol_large_business_5bf51d69b8,HAS_POSSIBLE_SOLUTION,Large Business,control,DTOP-OLD/client/src/assets/docs/knowledgeRepository/graph/DtopCatalogs/control-catalog.json
IRO-07,sol_medium_business_ef810ada17,HAS_POSSIBLE_SOLUTION,Medium Business,control,DTOP-OLD/client/src/assets/docs/knowledgeRepository/graph/DtopCatalogs/control-catalog.json
IRO-08,sol_enterprise_0cc7aa59c5,HAS_POSSIBLE_SOLUTION,Enterprise,control,DTOP-OLD/client/src/assets/docs/knowledgeRepository/graph/DtopCatalogs/control-catalog.json
IRO-08,sol_large_business_f4b8db45c9,HAS_POSSIBLE_SOLUTION,Large Business,control,DTOP-OLD/client/src/assets/docs/knowledgeRepository/graph/DtopCatalogs/control-catalog.json
IRO-08,sol_medium_business_ab357668f0,HAS_POSSIBLE_SOLUTION,Medium Business,control,DTOP-OLD/client/src/assets/docs/knowledgeRepository/graph/DtopCatalogs/control-catalog.json
IRO-10.2,sol_enterprise_1c10d05815,HAS_POSSIBLE_SOLUTION,Enterprise,control,DTOP-OLD/client/src/assets/docs/knowledgeRepository/graph/DtopCatalogs/control-catalog.json
IRO-10.2,sol_large_business_adf6884165,HAS_POSSIBLE_SOLUTION,Large Business,control,DTOP-OLD/client/src/assets/docs/knowledgeRepository/graph/DtopCatalogs/control-catalog.json
IRO-10.2,sol_medium_business_06e7f2ffd3,HAS_POSSIBLE_SOLUTION,Medium Business,control,DTOP-OLD/client/src/assets/docs/knowledgeRepository/graph/DtopCatalogs/control-catalog.json
IRO-12,sol_enterprise_1c10d05815,HAS_POSSIBLE_SOLUTION,Enterprise,control,DTOP-OLD/client/src/assets/docs/knowledgeRepository/graph/DtopCatalogs/control-catalog.json
IRO-12,sol_large_business_adf6884165,HAS_POSSIBLE_SOLUTION,Large Business,control,DTOP-OLD/client/src/assets/docs/knowledgeRepository/graph/DtopCatalogs/control-catalog.json
IRO-12,sol_medium_business_06e7f2ffd3,HAS_POSSIBLE_SOLUTION,Medium Business,control,DTOP-OLD/client/src/assets/docs/knowledgeRepository/graph/DtopCatalogs/control-catalog.json
IRO-12.1,sol_enterprise_1c10d05815,HAS_POSSIBLE_SOLUTION,Enterprise,control,DTOP-OLD/client/src/assets/docs/knowledgeRepository/graph/DtopCatalogs/control-catalog.json
IRO-12.1,sol_large_business_adf6884165,HAS_POSSIBLE_SOLUTION,Large Business,control,DTOP-OLD/client/src/assets/docs/knowledgeRepository/graph/DtopCatalogs/control-catalog.json
IRO-12.1,sol_medium_business_06e7f2ffd3,HAS_POSSIBLE_SOLUTION,Medium Business,control,DTOP-OLD/client/src/assets/docs/knowledgeRepository/graph/DtopCatalogs/control-catalog.json
IRO-13,sol_enterprise_5cc4654d32,HAS_POSSIBLE_SOLUTION,Enterprise,control,DTOP-OLD/client/src/assets/docs/knowledgeRepository/graph/DtopCatalogs/control-catalog.json
IRO-13,sol_large_business_dd2260dd53,HAS_POSSIBLE_SOLUTION,Large Business,control,DTOP-OLD/client/src/assets/docs/knowledgeRepository/graph/DtopCatalogs/control-catalog.json
IRO-13,sol_medium_business_ba23e28113,HAS_POSSIBLE_SOLUTION,Medium Business,control,DTOP-OLD/client/src/assets/docs/knowledgeRepository/graph/DtopCatalogs/control-catalog.json
MDM-01,sol_enterprise_e4c7200a1c,HAS_POSSIBLE_SOLUTION,Enterprise,control,DTOP-OLD/client/src/assets/docs/knowledgeRepository/graph/DtopCatalogs/control-catalog.json
MDM-01,sol_large_business_8fa7432a12,HAS_POSSIBLE_SOLUTION,Large Business,control,DTOP-OLD/client/src/assets/docs/knowledgeRepository/graph/DtopCatalogs/control-catalog.json
MDM-01,sol_medium_business_6f46b54aa5,HAS_POSSIBLE_SOLUTION,Medium Business,control,DTOP-OLD/client/src/assets/docs/knowledgeRepository/graph/DtopCatalogs/control-catalog.json
MDM-02,sol_enterprise_1aa0b32d97,HAS_POSSIBLE_SOLUTION,Enterprise,control,DTOP-OLD/client/src/assets/docs/knowledgeRepository/graph/DtopCatalogs/control-catalog.json
MDM-02,sol_large_business_7a471f5932,HAS_POSSIBLE_SOLUTION,Large Business,control,DTOP-OLD/client/src/assets/docs/knowledgeRepository/graph/DtopCatalogs/control-catalog.json
MDM-02,sol_medium_business_f48e012c35,HAS_POSSIBLE_SOLUTION,Medium Business,control,DTOP-OLD/client/src/assets/docs/knowledgeRepository/graph/DtopCatalogs/control-catalog.json
MDM-03,sol_enterprise_1aa0b32d97,HAS_POSSIBLE_SOLUTION,Enterprise,control,DTOP-OLD/client/src/assets/docs/knowledgeRepository/graph/DtopCatalogs/control-catalog.json
MDM-03,sol_large_business_7a471f5932,HAS_POSSIBLE_SOLUTION,Large Business,control,DTOP-OLD/client/src/assets/docs/knowledgeRepository/graph/DtopCatalogs/control-catalog.json
MDM-03,sol_medium_business_f48e012c35,HAS_POSSIBLE_SOLUTION,Medium Business,control,DTOP-OLD/client/src/assets/docs/knowledgeRepository/graph/DtopCatalogs/control-catalog.json
MDM-04,sol_enterprise_f9bd87a242,HAS_POSSIBLE_SOLUTION,Enterprise,control,DTOP-OLD/client/src/assets/docs/knowledgeRepository/graph/DtopCatalogs/control-catalog.json
MDM-04,sol_large_business_27dd847bfd,HAS_POSSIBLE_SOLUTION,Large Business,control,DTOP-OLD/client/src/assets/docs/knowledgeRepository/graph/DtopCatalogs/control-catalog.json
MDM-04,sol_medium_business_7fc7f163bd,HAS_POSSIBLE_SOLUTION,Medium Business,control,DTOP-OLD/client/src/assets/docs/knowledgeRepository/graph/DtopCatalogs/control-catalog.json
MDM-05,sol_enterprise_1aa0b32d97,HAS_POSSIBLE_SOLUTION,Enterprise,control,DTOP-OLD/client/src/assets/docs/knowledgeRepository/graph/DtopCatalogs/control-catalog.json
MDM-05,sol_large_business_7a471f5932,HAS_POSSIBLE_SOLUTION,Large Business,control,DTOP-OLD/client/src/assets/docs/knowledgeRepository/graph/DtopCatalogs/control-catalog.json
MDM-05,sol_medium_business_f48e012c35,HAS_POSSIBLE_SOLUTION,Medium Business,control,DTOP-OLD/client/src/assets/docs/knowledgeRepository/graph/DtopCatalogs/control-catalog.json
MDM-06,sol_enterprise_1aa0b32d97,HAS_POSSIBLE_SOLUTION,Enterprise,control,DTOP-OLD/client/src/assets/docs/knowledgeRepository/graph/DtopCatalogs/control-catalog.json
MDM-06,sol_large_business_7a471f5932,HAS_POSSIBLE_SOLUTION,Large Business,control,DTOP-OLD/client/src/assets/docs/knowledgeRepository/graph/DtopCatalogs/control-catalog.json
MDM-06,sol_medium_business_f48e012c35,HAS_POSSIBLE_SOLUTION,Medium Business,control,DTOP-OLD/client/src/assets/docs/knowledgeRepository/graph/DtopCatalogs/control-catalog.json
MDM-07,sol_enterprise_1aa0b32d97,HAS_POSSIBLE_SOLUTION,Enterprise,control,DTOP-OLD/client/src/assets/docs/knowledgeRepository/graph/DtopCatalogs/control-catalog.json
MDM-07,sol_large_business_7a471f5932,HAS_POSSIBLE_SOLUTION,Large Business,control,DTOP-OLD/client/src/assets/docs/knowledgeRepository/graph/DtopCatalogs/control-catalog.json
MDM-07,sol_medium_business_f48e012c35,HAS_POSSIBLE_SOLUTION,Medium Business,control,DTOP-OLD/client/src/assets/docs/knowledgeRepository/graph/DtopCatalogs/control-catalog.json
MDM-09,sol_enterprise_1aa0b32d97,HAS_POSSIBLE_SOLUTION,Enterprise,control,DTOP-OLD/client/src/assets/docs/knowledgeRepository/graph/DtopCatalogs/control-catalog.json
MDM-09,sol_large_business_7a471f5932,HAS_POSSIBLE_SOLUTION,Large Business,control,DTOP-OLD/client/src/assets/docs/knowledgeRepository/graph/DtopCatalogs/control-catalog.json
MDM-09,sol_medium_business_b41c63fbb3,HAS_POSSIBLE_SOLUTION,Medium Business,control,DTOP-OLD/client/src/assets/docs/knowledgeRepository/graph/DtopCatalogs/control-catalog.json
MNT-01,sol_enterprise_0a41c746b9,HAS_POSSIBLE_SOLUTION,Enterprise,control,DTOP-OLD/client/src/assets/docs/knowledgeRepository/graph/DtopCatalogs/control-catalog.json
MNT-01,sol_large_business_1ce8d64a0e,HAS_POSSIBLE_SOLUTION,Large Business,control,DTOP-OLD/client/src/assets/docs/knowledgeRepository/graph/DtopCatalogs/control-catalog.json
MNT-01,sol_medium_business_85a2e43079,HAS_POSSIBLE_SOLUTION,Medium Business,control,DTOP-OLD/client/src/assets/docs/knowledgeRepository/graph/DtopCatalogs/control-catalog.json
MNT-02,sol_enterprise_6f9ee33798,HAS_POSSIBLE_SOLUTION,Enterprise,control,DTOP-OLD/client/src/assets/docs/knowledgeRepository/graph/DtopCatalogs/control-catalog.json
MNT-02,sol_large_business_bd122d4d37,HAS_POSSIBLE_SOLUTION,Large Business,control,DTOP-OLD/client/src/assets/docs/knowledgeRepository/graph/DtopCatalogs/control-catalog.json
MNT-02,sol_medium_business_bc02d2c1b0,HAS_POSSIBLE_SOLUTION,Medium Business,control,DTOP-OLD/client/src/assets/docs/knowledgeRepository/graph/DtopCatalogs/control-catalog.json
MNT-04.3,sol_enterprise_c3789a580e,HAS_POSSIBLE_SOLUTION,Enterprise,control,DTOP-OLD/client/src/assets/docs/knowledgeRepository/graph/DtopCatalogs/control-catalog.json
MNT-04.3,sol_large_business_79c1fbfa54,HAS_POSSIBLE_SOLUTION,Large Business,control,DTOP-OLD/client/src/assets/docs/knowledgeRepository/graph/DtopCatalogs/control-catalog.json
MNT-04.3,sol_medium_business_d0d481cadd,HAS_POSSIBLE_SOLUTION,Medium Business,control,DTOP-OLD/client/src/assets/docs/knowledgeRepository/graph/DtopCatalogs/control-catalog.json
MNT-04.4,sol_enterprise_fbe6a4518a,HAS_POSSIBLE_SOLUTION,Enterprise,control,DTOP-OLD/client/src/assets/docs/knowledgeRepository/graph/DtopCatalogs/control-catalog.json
MNT-04.4,sol_large_business_60c5dca626,HAS_POSSIBLE_SOLUTION,Large Business,control,DTOP-OLD/client/src/assets/docs/knowledgeRepository/graph/DtopCatalogs/control-catalog.json
MNT-04.4,sol_medium_business_300e048af2,HAS_POSSIBLE_SOLUTION,Medium Business,control,DTOP-OLD/client/src/assets/docs/knowledgeRepository/graph/DtopCatalogs/control-catalog.json
MNT-05.3,sol_enterprise_8a8b32d3c8,HAS_POSSIBLE_SOLUTION,Enterprise,control,DTOP-OLD/client/src/assets/docs/knowledgeRepository/graph/DtopCatalogs/control-catalog.json
MNT-05.3,sol_large_business_4677148d88,HAS_POSSIBLE_SOLUTION,Large Business,control,DTOP-OLD/client/src/assets/docs/knowledgeRepository/graph/DtopCatalogs/control-catalog.json
MNT-05.3,sol_medium_business_c315644afc,HAS_POSSIBLE_SOLUTION,Medium Business,control,DTOP-OLD/client/src/assets/docs/knowledgeRepository/graph/DtopCatalogs/control-catalog.json
MNT-05.4,sol_enterprise_8a8b32d3c8,HAS_POSSIBLE_SOLUTION,Enterprise,control,DTOP-OLD/client/src/assets/docs/knowledgeRepository/graph/DtopCatalogs/control-catalog.json
MNT-05.4,sol_large_business_4677148d88,HAS_POSSIBLE_SOLUTION,Large Business,control,DTOP-OLD/client/src/assets/docs/knowledgeRepository/graph/DtopCatalogs/control-catalog.json
MNT-05.4,sol_medium_business_c315644afc,HAS_POSSIBLE_SOLUTION,Medium Business,control,DTOP-OLD/client/src/assets/docs/knowledgeRepository/graph/DtopCatalogs/control-catalog.json
MNT-06,sol_enterprise_fbe6a4518a,HAS_POSSIBLE_SOLUTION,Enterprise,control,DTOP-OLD/client/src/assets/docs/knowledgeRepository/graph/DtopCatalogs/control-catalog.json
MNT-06,sol_large_business_60c5dca626,HAS_POSSIBLE_SOLUTION,Large Business,control,DTOP-OLD/client/src/assets/docs/knowledgeRepository/graph/DtopCatalogs/control-catalog.json
MNT-06,sol_medium_business_300e048af2,HAS_POSSIBLE_SOLUTION,Medium Business,control,DTOP-OLD/client/src/assets/docs/knowledgeRepository/graph/DtopCatalogs/control-catalog.json
MNT-06.1,sol_enterprise_e2c524be1c,HAS_POSSIBLE_SOLUTION,Enterprise,control,DTOP-OLD/client/src/assets/docs/knowledgeRepository/graph/DtopCatalogs/control-catalog.json
MNT-06.1,sol_large_business_5b31b5f7cc,HAS_POSSIBLE_SOLUTION,Large Business,control,DTOP-OLD/client/src/assets/docs/knowledgeRepository/graph/DtopCatalogs/control-catalog.json
MNT-06.1,sol_medium_business_44aee86f77,HAS_POSSIBLE_SOLUTION,Medium Business,control,DTOP-OLD/client/src/assets/docs/knowledgeRepository/graph/DtopCatalogs/control-catalog.json
MON-01,sol_enterprise_19dba79496,HAS_POSSIBLE_SOLUTION,Enterprise,control,DTOP-OLD/client/src/assets/docs/knowledgeRepository/graph/DtopCatalogs/control-catalog.json
MON-01,sol_large_business_d3e3c100a8,HAS_POSSIBLE_SOLUTION,Large Business,control,DTOP-OLD/client/src/assets/docs/knowledgeRepository/graph/DtopCatalogs/control-catalog.json
MON-01,sol_medium_business_c2bbc949df,HAS_POSSIBLE_SOLUTION,Medium Business,control,DTOP-OLD/client/src/assets/docs/knowledgeRepository/graph/DtopCatalogs/control-catalog.json
MON-01.1,sol_enterprise_2a18da39a7,HAS_POSSIBLE_SOLUTION,Enterprise,control,DTOP-OLD/client/src/assets/docs/knowledgeRepository/graph/DtopCatalogs/control-catalog.json
MON-01.1,sol_large_business_1d274f1395,HAS_POSSIBLE_SOLUTION,Large Business,control,DTOP-OLD/client/src/assets/docs/knowledgeRepository/graph/DtopCatalogs/control-catalog.json
MON-01.1,sol_medium_business_e3807a3aef,HAS_POSSIBLE_SOLUTION,Medium Business,control,DTOP-OLD/client/src/assets/docs/knowledgeRepository/graph/DtopCatalogs/control-catalog.json
MON-01.10,sol_enterprise_0b8a31cf80,HAS_POSSIBLE_SOLUTION,Enterprise,control,DTOP-OLD/client/src/assets/docs/knowledgeRepository/graph/DtopCatalogs/control-catalog.json
MON-01.10,sol_large_business_3e3755c5e0,HAS_POSSIBLE_SOLUTION,Large Business,control,DTOP-OLD/client/src/assets/docs/knowledgeRepository/graph/DtopCatalogs/control-catalog.json
MON-01.10,sol_medium_business_a053cae7d9,HAS_POSSIBLE_SOLUTION,Medium Business,control,DTOP-OLD/client/src/assets/docs/knowledgeRepository/graph/DtopCatalogs/control-catalog.json
MON-01.11,sol_enterprise_2a18da39a7,HAS_POSSIBLE_SOLUTION,Enterprise,control,DTOP-OLD/client/src/assets/docs/knowledgeRepository/graph/DtopCatalogs/control-catalog.json
MON-01.11,sol_large_business_1d274f1395,HAS_POSSIBLE_SOLUTION,Large Business,control,DTOP-OLD/client/src/assets/docs/knowledgeRepository/graph/DtopCatalogs/control-catalog.json
MON-01.11,sol_medium_business_e3807a3aef,HAS_POSSIBLE_SOLUTION,Medium Business,control,DTOP-OLD/client/src/assets/docs/knowledgeRepository/graph/DtopCatalogs/control-catalog.json
MON-01.12,sol_enterprise_0b8a31cf80,HAS_POSSIBLE_SOLUTION,Enterprise,control,DTOP-OLD/client/src/assets/docs/knowledgeRepository/graph/DtopCatalogs/control-catalog.json
MON-01.12,sol_large_business_3e3755c5e0,HAS_POSSIBLE_SOLUTION,Large Business,control,DTOP-OLD/client/src/assets/docs/knowledgeRepository/graph/DtopCatalogs/control-catalog.json
MON-01.12,sol_medium_business_a053cae7d9,HAS_POSSIBLE_SOLUTION,Medium Business,control,DTOP-OLD/client/src/assets/docs/knowledgeRepository/graph/DtopCatalogs/control-catalog.json
MON-01.13,sol_enterprise_0b8a31cf80,HAS_POSSIBLE_SOLUTION,Enterprise,control,DTOP-OLD/client/src/assets/docs/knowledgeRepository/graph/DtopCatalogs/control-catalog.json
MON-01.13,sol_large_business_3e3755c5e0,HAS_POSSIBLE_SOLUTION,Large Business,control,DTOP-OLD/client/src/assets/docs/knowledgeRepository/graph/DtopCatalogs/control-catalog.json
MON-01.13,sol_medium_business_a053cae7d9,HAS_POSSIBLE_SOLUTION,Medium Business,control,DTOP-OLD/client/src/assets/docs/knowledgeRepository/graph/DtopCatalogs/control-catalog.json
MON-01.14,sol_enterprise_0b8a31cf80,HAS_POSSIBLE_SOLUTION,Enterprise,control,DTOP-OLD/client/src/assets/docs/knowledgeRepository/graph/DtopCatalogs/control-catalog.json
MON-01.14,sol_large_business_3e3755c5e0,HAS_POSSIBLE_SOLUTION,Large Business,control,DTOP-OLD/client/src/assets/docs/knowledgeRepository/graph/DtopCatalogs/control-catalog.json
MON-01.14,sol_medium_business_a053cae7d9,HAS_POSSIBLE_SOLUTION,Medium Business,control,DTOP-OLD/client/src/assets/docs/knowledgeRepository/graph/DtopCatalogs/control-catalog.json
MON-01.15,sol_enterprise_0b8a31cf80,HAS_POSSIBLE_SOLUTION,Enterprise,control,DTOP-OLD/client/src/assets/docs/knowledgeRepository/graph/DtopCatalogs/control-catalog.json
MON-01.15,sol_large_business_3e3755c5e0,HAS_POSSIBLE_SOLUTION,Large Business,control,DTOP-OLD/client/src/assets/docs/knowledgeRepository/graph/DtopCatalogs/control-catalog.json
MON-01.15,sol_medium_business_a053cae7d9,HAS_POSSIBLE_SOLUTION,Medium Business,control,DTOP-OLD/client/src/assets/docs/knowledgeRepository/graph/DtopCatalogs/control-catalog.json
MON-01.2,sol_enterprise_bbc3473dfa,HAS_POSSIBLE_SOLUTION,Enterprise,control,DTOP-OLD/client/src/assets/docs/knowledgeRepository/graph/DtopCatalogs/control-catalog.json
MON-01.2,sol_large_business_e8f545f3bf,HAS_POSSIBLE_SOLUTION,Large Business,control,DTOP-OLD/client/src/assets/docs/knowledgeRepository/graph/DtopCatalogs/control-catalog.json
MON-01.2,sol_medium_business_8cb2ea265a,HAS_POSSIBLE_SOLUTION,Medium Business,control,DTOP-OLD/client/src/assets/docs/knowledgeRepository/graph/DtopCatalogs/control-catalog.json
MON-01.3,sol_enterprise_2a18da39a7,HAS_POSSIBLE_SOLUTION,Enterprise,control,DTOP-OLD/client/src/assets/docs/knowledgeRepository/graph/DtopCatalogs/control-catalog.json
MON-01.3,sol_large_business_1d274f1395,HAS_POSSIBLE_SOLUTION,Large Business,control,DTOP-OLD/client/src/assets/docs/knowledgeRepository/graph/DtopCatalogs/control-catalog.json
MON-01.3,sol_medium_business_e3807a3aef,HAS_POSSIBLE_SOLUTION,Medium Business,control,DTOP-OLD/client/src/assets/docs/knowledgeRepository/graph/DtopCatalogs/control-catalog.json
MON-01.4,sol_enterprise_8a8b32d3c8,HAS_POSSIBLE_SOLUTION,Enterprise,control,DTOP-OLD/client/src/assets/docs/knowledgeRepository/graph/DtopCatalogs/control-catalog.json
MON-01.4,sol_large_business_4677148d88,HAS_POSSIBLE_SOLUTION,Large Business,control,DTOP-OLD/client/src/assets/docs/knowledgeRepository/graph/DtopCatalogs/control-catalog.json
MON-01.4,sol_medium_business_c315644afc,HAS_POSSIBLE_SOLUTION,Medium Business,control,DTOP-OLD/client/src/assets/docs/knowledgeRepository/graph/DtopCatalogs/control-catalog.json
MON-01.5,sol_enterprise_2bc6a75d86,HAS_POSSIBLE_SOLUTION,Enterprise,control,DTOP-OLD/client/src/assets/docs/knowledgeRepository/graph/DtopCatalogs/control-catalog.json
MON-01.5,sol_large_business_42fdb6ddf3,HAS_POSSIBLE_SOLUTION,Large Business,control,DTOP-OLD/client/src/assets/docs/knowledgeRepository/graph/DtopCatalogs/control-catalog.json
MON-01.5,sol_medium_business_5e0cdb934e,HAS_POSSIBLE_SOLUTION,Medium Business,control,DTOP-OLD/client/src/assets/docs/knowledgeRepository/graph/DtopCatalogs/control-catalog.json
MON-01.6,sol_enterprise_a477c6ca4b,HAS_POSSIBLE_SOLUTION,Enterprise,control,DTOP-OLD/client/src/assets/docs/knowledgeRepository/graph/DtopCatalogs/control-catalog.json
MON-01.6,sol_large_business_f4740f0521,HAS_POSSIBLE_SOLUTION,Large Business,control,DTOP-OLD/client/src/assets/docs/knowledgeRepository/graph/DtopCatalogs/control-catalog.json
MON-01.6,sol_medium_business_efc82194a0,HAS_POSSIBLE_SOLUTION,Medium Business,control,DTOP-OLD/client/src/assets/docs/knowledgeRepository/graph/DtopCatalogs/control-catalog.json
MON-01.7,sol_enterprise_1e47105128,HAS_POSSIBLE_SOLUTION,Enterprise,control,DTOP-OLD/client/src/assets/docs/knowledgeRepository/graph/DtopCatalogs/control-catalog.json
MON-01.7,sol_large_business_6059f02b52,HAS_POSSIBLE_SOLUTION,Large Business,control,DTOP-OLD/client/src/assets/docs/knowledgeRepository/graph/DtopCatalogs/control-catalog.json
MON-01.7,sol_medium_business_afca66608f,HAS_POSSIBLE_SOLUTION,Medium Business,control,DTOP-OLD/client/src/assets/docs/knowledgeRepository/graph/DtopCatalogs/control-catalog.json
MON-01.8,sol_enterprise_0b8a31cf80,HAS_POSSIBLE_SOLUTION,Enterprise,control,DTOP-OLD/client/src/assets/docs/knowledgeRepository/graph/DtopCatalogs/control-catalog.json
MON-01.8,sol_large_business_3e3755c5e0,HAS_POSSIBLE_SOLUTION,Large Business,control,DTOP-OLD/client/src/assets/docs/knowledgeRepository/graph/DtopCatalogs/control-catalog.json
MON-01.8,sol_medium_business_a053cae7d9,HAS_POSSIBLE_SOLUTION,Medium Business,control,DTOP-OLD/client/src/assets/docs/knowledgeRepository/graph/DtopCatalogs/control-catalog.json
MON-02,sol_enterprise_0b8a31cf80,HAS_POSSIBLE_SOLUTION,Enterprise,control,DTOP-OLD/client/src/assets/docs/knowledgeRepository/graph/DtopCatalogs/control-catalog.json
MON-02,sol_large_business_3e3755c5e0,HAS_POSSIBLE_SOLUTION,Large Business,control,DTOP-OLD/client/src/assets/docs/knowledgeRepository/graph/DtopCatalogs/control-catalog.json
MON-02,sol_medium_business_bc0cd2d967,HAS_POSSIBLE_SOLUTION,Medium Business,control,DTOP-OLD/client/src/assets/docs/knowledgeRepository/graph/DtopCatalogs/control-catalog.json
MON-02.1,sol_enterprise_0b8a31cf80,HAS_POSSIBLE_SOLUTION,Enterprise,control,DTOP-OLD/client/src/assets/docs/knowledgeRepository/graph/DtopCatalogs/control-catalog.json
MON-02.1,sol_large_business_3e3755c5e0,HAS_POSSIBLE_SOLUTION,Large Business,control,DTOP-OLD/client/src/assets/docs/knowledgeRepository/graph/DtopCatalogs/control-catalog.json
MON-02.1,sol_medium_business_a053cae7d9,HAS_POSSIBLE_SOLUTION,Medium Business,control,DTOP-OLD/client/src/assets/docs/knowledgeRepository/graph/DtopCatalogs/control-catalog.json
MON-02.2,sol_enterprise_0b8a31cf80,HAS_POSSIBLE_SOLUTION,Enterprise,control,DTOP-OLD/client/src/assets/docs/knowledgeRepository/graph/DtopCatalogs/control-catalog.json
MON-02.2,sol_large_business_3e3755c5e0,HAS_POSSIBLE_SOLUTION,Large Business,control,DTOP-OLD/client/src/assets/docs/knowledgeRepository/graph/DtopCatalogs/control-catalog.json
MON-02.2,sol_medium_business_a053cae7d9,HAS_POSSIBLE_SOLUTION,Medium Business,control,DTOP-OLD/client/src/assets/docs/knowledgeRepository/graph/DtopCatalogs/control-catalog.json
MON-02.3,sol_enterprise_0b8a31cf80,HAS_POSSIBLE_SOLUTION,Enterprise,control,DTOP-OLD/client/src/assets/docs/knowledgeRepository/graph/DtopCatalogs/control-catalog.json
MON-02.3,sol_large_business_3e3755c5e0,HAS_POSSIBLE_SOLUTION,Large Business,control,DTOP-OLD/client/src/assets/docs/knowledgeRepository/graph/DtopCatalogs/control-catalog.json
MON-02.3,sol_medium_business_a053cae7d9,HAS_POSSIBLE_SOLUTION,Medium Business,control,DTOP-OLD/client/src/assets/docs/knowledgeRepository/graph/DtopCatalogs/control-catalog.json
MON-02.4,sol_enterprise_498d4ba70a,HAS_POSSIBLE_SOLUTION,Enterprise,control,DTOP-OLD/client/src/assets/docs/knowledgeRepository/graph/DtopCatalogs/control-catalog.json
MON-02.4,sol_large_business_abeff04291,HAS_POSSIBLE_SOLUTION,Large Business,control,DTOP-OLD/client/src/assets/docs/knowledgeRepository/graph/DtopCatalogs/control-catalog.json
MON-02.4,sol_medium_business_aa6395f1fb,HAS_POSSIBLE_SOLUTION,Medium Business,control,DTOP-OLD/client/src/assets/docs/knowledgeRepository/graph/DtopCatalogs/control-catalog.json
MON-02.5,sol_enterprise_8a8b32d3c8,HAS_POSSIBLE_SOLUTION,Enterprise,control,DTOP-OLD/client/src/assets/docs/knowledgeRepository/graph/DtopCatalogs/control-catalog.json
MON-02.5,sol_large_business_4677148d88,HAS_POSSIBLE_SOLUTION,Large Business,control,DTOP-OLD/client/src/assets/docs/knowledgeRepository/graph/DtopCatalogs/control-catalog.json
MON-02.5,sol_medium_business_c315644afc,HAS_POSSIBLE_SOLUTION,Medium Business,control,DTOP-OLD/client/src/assets/docs/knowledgeRepository/graph/DtopCatalogs/control-catalog.json
MON-02.7,sol_enterprise_0b8a31cf80,HAS_POSSIBLE_SOLUTION,Enterprise,control,DTOP-OLD/client/src/assets/docs/knowledgeRepository/graph/DtopCatalogs/control-catalog.json
MON-02.7,sol_large_business_3e3755c5e0,HAS_POSSIBLE_SOLUTION,Large Business,control,DTOP-OLD/client/src/assets/docs/knowledgeRepository/graph/DtopCatalogs/control-catalog.json
MON-02.7,sol_medium_business_a053cae7d9,HAS_POSSIBLE_SOLUTION,Medium Business,control,DTOP-OLD/client/src/assets/docs/knowledgeRepository/graph/DtopCatalogs/control-catalog.json
MON-02.8,sol_enterprise_ae8709b44c,HAS_POSSIBLE_SOLUTION,Enterprise,control,DTOP-OLD/client/src/assets/docs/knowledgeRepository/graph/DtopCatalogs/control-catalog.json
MON-02.8,sol_large_business_89d760fe3c,HAS_POSSIBLE_SOLUTION,Large Business,control,DTOP-OLD/client/src/assets/docs/knowledgeRepository/graph/DtopCatalogs/control-catalog.json
MON-02.8,sol_medium_business_86652b071b,HAS_POSSIBLE_SOLUTION,Medium Business,control,DTOP-OLD/client/src/assets/docs/knowledgeRepository/graph/DtopCatalogs/control-catalog.json
MON-03,sol_enterprise_8a8b32d3c8,HAS_POSSIBLE_SOLUTION,Enterprise,control,DTOP-OLD/client/src/assets/docs/knowledgeRepository/graph/DtopCatalogs/control-catalog.json
MON-03,sol_large_business_4677148d88,HAS_POSSIBLE_SOLUTION,Large Business,control,DTOP-OLD/client/src/assets/docs/knowledgeRepository/graph/DtopCatalogs/control-catalog.json
MON-03,sol_medium_business_c315644afc,HAS_POSSIBLE_SOLUTION,Medium Business,control,DTOP-OLD/client/src/assets/docs/knowledgeRepository/graph/DtopCatalogs/control-catalog.json
MON-03.1,sol_enterprise_1830d60bb0,HAS_POSSIBLE_SOLUTION,Enterprise,control,DTOP-OLD/client/src/assets/docs/knowledgeRepository/graph/DtopCatalogs/control-catalog.json
MON-03.1,sol_large_business_c1a3ac6898,HAS_POSSIBLE_SOLUTION,Large Business,control,DTOP-OLD/client/src/assets/docs/knowledgeRepository/graph/DtopCatalogs/control-catalog.json
MON-03.1,sol_medium_business_14375a3020,HAS_POSSIBLE_SOLUTION,Medium Business,control,DTOP-OLD/client/src/assets/docs/knowledgeRepository/graph/DtopCatalogs/control-catalog.json
MON-03.2,sol_enterprise_8a8b32d3c8,HAS_POSSIBLE_SOLUTION,Enterprise,control,DTOP-OLD/client/src/assets/docs/knowledgeRepository/graph/DtopCatalogs/control-catalog.json
MON-03.2,sol_large_business_4677148d88,HAS_POSSIBLE_SOLUTION,Large Business,control,DTOP-OLD/client/src/assets/docs/knowledgeRepository/graph/DtopCatalogs/control-catalog.json
MON-03.2,sol_medium_business_c315644afc,HAS_POSSIBLE_SOLUTION,Medium Business,control,DTOP-OLD/client/src/assets/docs/knowledgeRepository/graph/DtopCatalogs/control-catalog.json
MON-03.3,sol_enterprise_0b8a31cf80,HAS_POSSIBLE_SOLUTION,Enterprise,control,DTOP-OLD/client/src/assets/docs/knowledgeRepository/graph/DtopCatalogs/control-catalog.json
MON-03.3,sol_large_business_3e3755c5e0,HAS_POSSIBLE_SOLUTION,Large Business,control,DTOP-OLD/client/src/assets/docs/knowledgeRepository/graph/DtopCatalogs/control-catalog.json
MON-03.3,sol_medium_business_a053cae7d9,HAS_POSSIBLE_SOLUTION,Medium Business,control,DTOP-OLD/client/src/assets/docs/knowledgeRepository/graph/DtopCatalogs/control-catalog.json
MON-03.4,sol_enterprise_8a8b32d3c8,HAS_POSSIBLE_SOLUTION,Enterprise,control,DTOP-OLD/client/src/assets/docs/knowledgeRepository/graph/DtopCatalogs/control-catalog.json
MON-03.4,sol_large_business_4677148d88,HAS_POSSIBLE_SOLUTION,Large Business,control,DTOP-OLD/client/src/assets/docs/knowledgeRepository/graph/DtopCatalogs/control-catalog.json
MON-03.4,sol_medium_business_c315644afc,HAS_POSSIBLE_SOLUTION,Medium Business,control,DTOP-OLD/client/src/assets/docs/knowledgeRepository/graph/DtopCatalogs/control-catalog.json
MON-03.5,sol_enterprise_8a8b32d3c8,HAS_POSSIBLE_SOLUTION,Enterprise,control,DTOP-OLD/client/src/assets/docs/knowledgeRepository/graph/DtopCatalogs/control-catalog.json
MON-03.5,sol_large_business_4677148d88,HAS_POSSIBLE_SOLUTION,Large Business,control,DTOP-OLD/client/src/assets/docs/knowledgeRepository/graph/DtopCatalogs/control-catalog.json
MON-03.5,sol_medium_business_c315644afc,HAS_POSSIBLE_SOLUTION,Medium Business,control,DTOP-OLD/client/src/assets/docs/knowledgeRepository/graph/DtopCatalogs/control-catalog.json
MON-03.7,sol_enterprise_8a8b32d3c8,HAS_POSSIBLE_SOLUTION,Enterprise,control,DTOP-OLD/client/src/assets/docs/knowledgeRepository/graph/DtopCatalogs/control-catalog.json
MON-03.7,sol_large_business_4677148d88,HAS_POSSIBLE_SOLUTION,Large Business,control,DTOP-OLD/client/src/assets/docs/knowledgeRepository/graph/DtopCatalogs/control-catalog.json
MON-03.7,sol_medium_business_c315644afc,HAS_POSSIBLE_SOLUTION,Medium Business,control,DTOP-OLD/client/src/assets/docs/knowledgeRepository/graph/DtopCatalogs/control-catalog.json
MON-04,sol_enterprise_01f95a23b5,HAS_POSSIBLE_SOLUTION,Enterprise,control,DTOP-OLD/client/src/assets/docs/knowledgeRepository/graph/DtopCatalogs/control-catalog.json
MON-04,sol_large_business_9be3aff353,HAS_POSSIBLE_SOLUTION,Large Business,control,DTOP-OLD/client/src/assets/docs/knowledgeRepository/graph/DtopCatalogs/control-catalog.json
MON-04,sol_medium_business_432ef0c088,HAS_POSSIBLE_SOLUTION,Medium Business,control,DTOP-OLD/client/src/assets/docs/knowledgeRepository/graph/DtopCatalogs/control-catalog.json
MON-05,sol_enterprise_e9e3b5c3e2,HAS_POSSIBLE_SOLUTION,Enterprise,control,DTOP-OLD/client/src/assets/docs/knowledgeRepository/graph/DtopCatalogs/control-catalog.json
MON-05,sol_large_business_66b9386fab,HAS_POSSIBLE_SOLUTION,Large Business,control,DTOP-OLD/client/src/assets/docs/knowledgeRepository/graph/DtopCatalogs/control-catalog.json
MON-05,sol_medium_business_c0c0c55985,HAS_POSSIBLE_SOLUTION,Medium Business,control,DTOP-OLD/client/src/assets/docs/knowledgeRepository/graph/DtopCatalogs/control-catalog.json
MON-05.1,sol_enterprise_0b8a31cf80,HAS_POSSIBLE_SOLUTION,Enterprise,control,DTOP-OLD/client/src/assets/docs/knowledgeRepository/graph/DtopCatalogs/control-catalog.json
MON-05.1,sol_large_business_3e3755c5e0,HAS_POSSIBLE_SOLUTION,Large Business,control,DTOP-OLD/client/src/assets/docs/knowledgeRepository/graph/DtopCatalogs/control-catalog.json
MON-05.1,sol_medium_business_a053cae7d9,HAS_POSSIBLE_SOLUTION,Medium Business,control,DTOP-OLD/client/src/assets/docs/knowledgeRepository/graph/DtopCatalogs/control-catalog.json
MON-05.2,sol_enterprise_0b8a31cf80,HAS_POSSIBLE_SOLUTION,Enterprise,control,DTOP-OLD/client/src/assets/docs/knowledgeRepository/graph/DtopCatalogs/control-catalog.json
MON-05.2,sol_large_business_3e3755c5e0,HAS_POSSIBLE_SOLUTION,Large Business,control,DTOP-OLD/client/src/assets/docs/knowledgeRepository/graph/DtopCatalogs/control-catalog.json
MON-05.2,sol_medium_business_a053cae7d9,HAS_POSSIBLE_SOLUTION,Medium Business,control,DTOP-OLD/client/src/assets/docs/knowledgeRepository/graph/DtopCatalogs/control-catalog.json
MON-06,sol_enterprise_0b8a31cf80,HAS_POSSIBLE_SOLUTION,Enterprise,control,DTOP-OLD/client/src/assets/docs/knowledgeRepository/graph/DtopCatalogs/control-catalog.json
MON-06,sol_large_business_3e3755c5e0,HAS_POSSIBLE_SOLUTION,Large Business,control,DTOP-OLD/client/src/assets/docs/knowledgeRepository/graph/DtopCatalogs/control-catalog.json
MON-06,sol_medium_business_a053cae7d9,HAS_POSSIBLE_SOLUTION,Medium Business,control,DTOP-OLD/client/src/assets/docs/knowledgeRepository/graph/DtopCatalogs/control-catalog.json
MON-06.1,sol_enterprise_8a8b32d3c8,HAS_POSSIBLE_SOLUTION,Enterprise,control,DTOP-OLD/client/src/assets/docs/knowledgeRepository/graph/DtopCatalogs/control-catalog.json
MON-06.1,sol_large_business_4677148d88,HAS_POSSIBLE_SOLUTION,Large Business,control,DTOP-OLD/client/src/assets/docs/knowledgeRepository/graph/DtopCatalogs/control-catalog.json
MON-06.1,sol_medium_business_c315644afc,HAS_POSSIBLE_SOLUTION,Medium Business,control,DTOP-OLD/client/src/assets/docs/knowledgeRepository/graph/DtopCatalogs/control-catalog.json
MON-06.2,sol_enterprise_0b8a31cf80,HAS_POSSIBLE_SOLUTION,Enterprise,control,DTOP-OLD/client/src/assets/docs/knowledgeRepository/graph/DtopCatalogs/control-catalog.json
MON-06.2,sol_large_business_3e3755c5e0,HAS_POSSIBLE_SOLUTION,Large Business,control,DTOP-OLD/client/src/assets/docs/knowledgeRepository/graph/DtopCatalogs/control-catalog.json
MON-06.2,sol_medium_business_a053cae7d9,HAS_POSSIBLE_SOLUTION,Medium Business,control,DTOP-OLD/client/src/assets/docs/knowledgeRepository/graph/DtopCatalogs/control-catalog.json
MON-07,sol_enterprise_8a8b32d3c8,HAS_POSSIBLE_SOLUTION,Enterprise,control,DTOP-OLD/client/src/assets/docs/knowledgeRepository/graph/DtopCatalogs/control-catalog.json
MON-07,sol_large_business_4677148d88,HAS_POSSIBLE_SOLUTION,Large Business,control,DTOP-OLD/client/src/assets/docs/knowledgeRepository/graph/DtopCatalogs/control-catalog.json
MON-07,sol_medium_business_c315644afc,HAS_POSSIBLE_SOLUTION,Medium Business,control,DTOP-OLD/client/src/assets/docs/knowledgeRepository/graph/DtopCatalogs/control-catalog.json
MON-07.1,sol_enterprise_8a8b32d3c8,HAS_POSSIBLE_SOLUTION,Enterprise,control,DTOP-OLD/client/src/assets/docs/knowledgeRepository/graph/DtopCatalogs/control-catalog.json
MON-07.1,sol_large_business_4677148d88,HAS_POSSIBLE_SOLUTION,Large Business,control,DTOP-OLD/client/src/assets/docs/knowledgeRepository/graph/DtopCatalogs/control-catalog.json
MON-07.1,sol_medium_business_c315644afc,HAS_POSSIBLE_SOLUTION,Medium Business,control,DTOP-OLD/client/src/assets/docs/knowledgeRepository/graph/DtopCatalogs/control-catalog.json
MON-08,sol_enterprise_1830d60bb0,HAS_POSSIBLE_SOLUTION,Enterprise,control,DTOP-OLD/client/src/assets/docs/knowledgeRepository/graph/DtopCatalogs/control-catalog.json
MON-08,sol_large_business_c1a3ac6898,HAS_POSSIBLE_SOLUTION,Large Business,control,DTOP-OLD/client/src/assets/docs/knowledgeRepository/graph/DtopCatalogs/control-catalog.json
MON-08,sol_medium_business_14375a3020,HAS_POSSIBLE_SOLUTION,Medium Business,control,DTOP-OLD/client/src/assets/docs/knowledgeRepository/graph/DtopCatalogs/control-catalog.json
MON-08.1,sol_enterprise_0b8a31cf80,HAS_POSSIBLE_SOLUTION,Enterprise,control,DTOP-OLD/client/src/assets/docs/knowledgeRepository/graph/DtopCatalogs/control-catalog.json
MON-08.1,sol_large_business_3e3755c5e0,HAS_POSSIBLE_SOLUTION,Large Business,control,DTOP-OLD/client/src/assets/docs/knowledgeRepository/graph/DtopCatalogs/control-catalog.json
MON-08.1,sol_medium_business_a053cae7d9,HAS_POSSIBLE_SOLUTION,Medium Business,control,DTOP-OLD/client/src/assets/docs/knowledgeRepository/graph/DtopCatalogs/control-catalog.json
MON-08.2,sol_enterprise_1830d60bb0,HAS_POSSIBLE_SOLUTION,Enterprise,control,DTOP-OLD/client/src/assets/docs/knowledgeRepository/graph/DtopCatalogs/control-catalog.json
MON-08.2,sol_large_business_c1a3ac6898,HAS_POSSIBLE_SOLUTION,Large Business,control,DTOP-OLD/client/src/assets/docs/knowledgeRepository/graph/DtopCatalogs/control-catalog.json
MON-08.2,sol_medium_business_14375a3020,HAS_POSSIBLE_SOLUTION,Medium Business,control,DTOP-OLD/client/src/assets/docs/knowledgeRepository/graph/DtopCatalogs/control-catalog.json
MON-08.3,sol_enterprise_8a8b32d3c8,HAS_POSSIBLE_SOLUTION,Enterprise,control,DTOP-OLD/client/src/assets/docs/knowledgeRepository/graph/DtopCatalogs/control-catalog.json
MON-08.3,sol_large_business_4677148d88,HAS_POSSIBLE_SOLUTION,Large Business,control,DTOP-OLD/client/src/assets/docs/knowledgeRepository/graph/DtopCatalogs/control-catalog.json
MON-08.3,sol_medium_business_c315644afc,HAS_POSSIBLE_SOLUTION,Medium Business,control,DTOP-OLD/client/src/assets/docs/knowledgeRepository/graph/DtopCatalogs/control-catalog.json
MON-08.4,sol_enterprise_fbe6a4518a,HAS_POSSIBLE_SOLUTION,Enterprise,control,DTOP-OLD/client/src/assets/docs/knowledgeRepository/graph/DtopCatalogs/control-catalog.json
MON-08.4,sol_large_business_60c5dca626,HAS_POSSIBLE_SOLUTION,Large Business,control,DTOP-OLD/client/src/assets/docs/knowledgeRepository/graph/DtopCatalogs/control-catalog.json
MON-08.4,sol_medium_business_300e048af2,HAS_POSSIBLE_SOLUTION,Medium Business,control,DTOP-OLD/client/src/assets/docs/knowledgeRepository/graph/DtopCatalogs/control-catalog.json
MON-09,sol_enterprise_8a8b32d3c8,HAS_POSSIBLE_SOLUTION,Enterprise,control,DTOP-OLD/client/src/assets/docs/knowledgeRepository/graph/DtopCatalogs/control-catalog.json
MON-09,sol_large_business_4677148d88,HAS_POSSIBLE_SOLUTION,Large Business,control,DTOP-OLD/client/src/assets/docs/knowledgeRepository/graph/DtopCatalogs/control-catalog.json
MON-09,sol_medium_business_c315644afc,HAS_POSSIBLE_SOLUTION,Medium Business,control,DTOP-OLD/client/src/assets/docs/knowledgeRepository/graph/DtopCatalogs/control-catalog.json
MON-09.1,sol_enterprise_8a8b32d3c8,HAS_POSSIBLE_SOLUTION,Enterprise,control,DTOP-OLD/client/src/assets/docs/knowledgeRepository/graph/DtopCatalogs/control-catalog.json
MON-09.1,sol_large_business_4677148d88,HAS_POSSIBLE_SOLUTION,Large Business,control,DTOP-OLD/client/src/assets/docs/knowledgeRepository/graph/DtopCatalogs/control-catalog.json
MON-09.1,sol_medium_business_c315644afc,HAS_POSSIBLE_SOLUTION,Medium Business,control,DTOP-OLD/client/src/assets/docs/knowledgeRepository/graph/DtopCatalogs/control-catalog.json
MON-10,sol_enterprise_0b8a31cf80,HAS_POSSIBLE_SOLUTION,Enterprise,control,DTOP-OLD/client/src/assets/docs/knowledgeRepository/graph/DtopCatalogs/control-catalog.json
MON-10,sol_large_business_3e3755c5e0,HAS_POSSIBLE_SOLUTION,Large Business,control,DTOP-OLD/client/src/assets/docs/knowledgeRepository/graph/DtopCatalogs/control-catalog.json
MON-10,sol_medium_business_a053cae7d9,HAS_POSSIBLE_SOLUTION,Medium Business,control,DTOP-OLD/client/src/assets/docs/knowledgeRepository/graph/DtopCatalogs/control-catalog.json
MON-11,sol_enterprise_b1d7195213,HAS_POSSIBLE_SOLUTION,Enterprise,control,DTOP-OLD/client/src/assets/docs/knowledgeRepository/graph/DtopCatalogs/control-catalog.json
MON-11,sol_large_business_b091f66a12,HAS_POSSIBLE_SOLUTION,Large Business,control,DTOP-OLD/client/src/assets/docs/knowledgeRepository/graph/DtopCatalogs/control-catalog.json
MON-11,sol_medium_business_151546c5ce,HAS_POSSIBLE_SOLUTION,Medium Business,control,DTOP-OLD/client/src/assets/docs/knowledgeRepository/graph/DtopCatalogs/control-catalog.json
MON-11.1,sol_enterprise_6502a95e19,HAS_POSSIBLE_SOLUTION,Enterprise,control,DTOP-OLD/client/src/assets/docs/knowledgeRepository/graph/DtopCatalogs/control-catalog.json
MON-11.1,sol_large_business_6889cb5113,HAS_POSSIBLE_SOLUTION,Large Business,control,DTOP-OLD/client/src/assets/docs/knowledgeRepository/graph/DtopCatalogs/control-catalog.json
MON-11.1,sol_medium_business_f33c0cdced,HAS_POSSIBLE_SOLUTION,Medium Business,control,DTOP-OLD/client/src/assets/docs/knowledgeRepository/graph/DtopCatalogs/control-catalog.json
MON-11.2,sol_enterprise_888a3e171e,HAS_POSSIBLE_SOLUTION,Enterprise,control,DTOP-OLD/client/src/assets/docs/knowledgeRepository/graph/DtopCatalogs/control-catalog.json
MON-11.2,sol_large_business_e0c04264f6,HAS_POSSIBLE_SOLUTION,Large Business,control,DTOP-OLD/client/src/assets/docs/knowledgeRepository/graph/DtopCatalogs/control-catalog.json
MON-11.2,sol_medium_business_c007c5f561,HAS_POSSIBLE_SOLUTION,Medium Business,control,DTOP-OLD/client/src/assets/docs/knowledgeRepository/graph/DtopCatalogs/control-catalog.json
MON-11.3,sol_enterprise_888a3e171e,HAS_POSSIBLE_SOLUTION,Enterprise,control,DTOP-OLD/client/src/assets/docs/knowledgeRepository/graph/DtopCatalogs/control-catalog.json
MON-11.3,sol_large_business_e0c04264f6,HAS_POSSIBLE_SOLUTION,Large Business,control,DTOP-OLD/client/src/assets/docs/knowledgeRepository/graph/DtopCatalogs/control-catalog.json
MON-11.3,sol_medium_business_c007c5f561,HAS_POSSIBLE_SOLUTION,Medium Business,control,DTOP-OLD/client/src/assets/docs/knowledgeRepository/graph/DtopCatalogs/control-catalog.json
MON-12,sol_enterprise_ef8108726f,HAS_POSSIBLE_SOLUTION,Enterprise,control,DTOP-OLD/client/src/assets/docs/knowledgeRepository/graph/DtopCatalogs/control-catalog.json
MON-12,sol_large_business_71995e7054,HAS_POSSIBLE_SOLUTION,Large Business,control,DTOP-OLD/client/src/assets/docs/knowledgeRepository/graph/DtopCatalogs/control-catalog.json
MON-12,sol_medium_business_b2f6055141,HAS_POSSIBLE_SOLUTION,Medium Business,control,DTOP-OLD/client/src/assets/docs/knowledgeRepository/graph/DtopCatalogs/control-catalog.json
MON-13,sol_enterprise_0b8a31cf80,HAS_POSSIBLE_SOLUTION,Enterprise,control,DTOP-OLD/client/src/assets/docs/knowledgeRepository/graph/DtopCatalogs/control-catalog.json
MON-13,sol_large_business_3e3755c5e0,HAS_POSSIBLE_SOLUTION,Large Business,control,DTOP-OLD/client/src/assets/docs/knowledgeRepository/graph/DtopCatalogs/control-catalog.json
MON-13,sol_medium_business_a053cae7d9,HAS_POSSIBLE_SOLUTION,Medium Business,control,DTOP-OLD/client/src/assets/docs/knowledgeRepository/graph/DtopCatalogs/control-catalog.json
MON-14,sol_enterprise_498d4ba70a,HAS_POSSIBLE_SOLUTION,Enterprise,control,DTOP-OLD/client/src/assets/docs/knowledgeRepository/graph/DtopCatalogs/control-catalog.json
MON-14,sol_large_business_abeff04291,HAS_POSSIBLE_SOLUTION,Large Business,control,DTOP-OLD/client/src/assets/docs/knowledgeRepository/graph/DtopCatalogs/control-catalog.json
MON-14,sol_medium_business_aa6395f1fb,HAS_POSSIBLE_SOLUTION,Medium Business,control,DTOP-OLD/client/src/assets/docs/knowledgeRepository/graph/DtopCatalogs/control-catalog.json
MON-14.1,sol_enterprise_408bec4867,HAS_POSSIBLE_SOLUTION,Enterprise,control,DTOP-OLD/client/src/assets/docs/knowledgeRepository/graph/DtopCatalogs/control-catalog.json
MON-14.1,sol_large_business_25705f1158,HAS_POSSIBLE_SOLUTION,Large Business,control,DTOP-OLD/client/src/assets/docs/knowledgeRepository/graph/DtopCatalogs/control-catalog.json
MON-14.1,sol_medium_business_1a11c10c56,HAS_POSSIBLE_SOLUTION,Medium Business,control,DTOP-OLD/client/src/assets/docs/knowledgeRepository/graph/DtopCatalogs/control-catalog.json
MON-15,sol_enterprise_498d4ba70a,HAS_POSSIBLE_SOLUTION,Enterprise,control,DTOP-OLD/client/src/assets/docs/knowledgeRepository/graph/DtopCatalogs/control-catalog.json
MON-15,sol_large_business_abeff04291,HAS_POSSIBLE_SOLUTION,Large Business,control,DTOP-OLD/client/src/assets/docs/knowledgeRepository/graph/DtopCatalogs/control-catalog.json
MON-15,sol_medium_business_aa6395f1fb,HAS_POSSIBLE_SOLUTION,Medium Business,control,DTOP-OLD/client/src/assets/docs/knowledgeRepository/graph/DtopCatalogs/control-catalog.json
MON-16,sol_enterprise_dd9895cac5,HAS_POSSIBLE_SOLUTION,Enterprise,control,DTOP-OLD/client/src/assets/docs/knowledgeRepository/graph/DtopCatalogs/control-catalog.json
MON-16,sol_large_business_99891deaf5,HAS_POSSIBLE_SOLUTION,Large Business,control,DTOP-OLD/client/src/assets/docs/knowledgeRepository/graph/DtopCatalogs/control-catalog.json
MON-16,sol_medium_business_eecc9a2468,HAS_POSSIBLE_SOLUTION,Medium Business,control,DTOP-OLD/client/src/assets/docs/knowledgeRepository/graph/DtopCatalogs/control-catalog.json
MON-16.1,sol_enterprise_163a5e51d6,HAS_POSSIBLE_SOLUTION,Enterprise,control,DTOP-OLD/client/src/assets/docs/knowledgeRepository/graph/DtopCatalogs/control-catalog.json
MON-16.1,sol_large_business_95918fd2d7,HAS_POSSIBLE_SOLUTION,Large Business,control,DTOP-OLD/client/src/assets/docs/knowledgeRepository/graph/DtopCatalogs/control-catalog.json
MON-16.1,sol_medium_business_9306789181,HAS_POSSIBLE_SOLUTION,Medium Business,control,DTOP-OLD/client/src/assets/docs/knowledgeRepository/graph/DtopCatalogs/control-catalog.json
MON-16.2,sol_enterprise_a52674ba37,HAS_POSSIBLE_SOLUTION,Enterprise,control,DTOP-OLD/client/src/assets/docs/knowledgeRepository/graph/DtopCatalogs/control-catalog.json
MON-16.2,sol_large_business_e2cae18eb1,HAS_POSSIBLE_SOLUTION,Large Business,control,DTOP-OLD/client/src/assets/docs/knowledgeRepository/graph/DtopCatalogs/control-catalog.json
MON-16.2,sol_medium_business_a004fe7e7c,HAS_POSSIBLE_SOLUTION,Medium Business,control,DTOP-OLD/client/src/assets/docs/knowledgeRepository/graph/DtopCatalogs/control-catalog.json
MON-16.3,sol_enterprise_dd9895cac5,HAS_POSSIBLE_SOLUTION,Enterprise,control,DTOP-OLD/client/src/assets/docs/knowledgeRepository/graph/DtopCatalogs/control-catalog.json
MON-16.3,sol_large_business_99891deaf5,HAS_POSSIBLE_SOLUTION,Large Business,control,DTOP-OLD/client/src/assets/docs/knowledgeRepository/graph/DtopCatalogs/control-catalog.json
MON-16.3,sol_medium_business_eecc9a2468,HAS_POSSIBLE_SOLUTION,Medium Business,control,DTOP-OLD/client/src/assets/docs/knowledgeRepository/graph/DtopCatalogs/control-catalog.json
MON-16.4,sol_enterprise_8a8b32d3c8,HAS_POSSIBLE_SOLUTION,Enterprise,control,DTOP-OLD/client/src/assets/docs/knowledgeRepository/graph/DtopCatalogs/control-catalog.json
MON-16.4,sol_large_business_4677148d88,HAS_POSSIBLE_SOLUTION,Large Business,control,DTOP-OLD/client/src/assets/docs/knowledgeRepository/graph/DtopCatalogs/control-catalog.json
MON-16.4,sol_medium_business_c315644afc,HAS_POSSIBLE_SOLUTION,Medium Business,control,DTOP-OLD/client/src/assets/docs/knowledgeRepository/graph/DtopCatalogs/control-catalog.json
NET-03.4,sol_enterprise_e8c47b40de,HAS_POSSIBLE_SOLUTION,Enterprise,control,DTOP-OLD/client/src/assets/docs/knowledgeRepository/graph/DtopCatalogs/control-catalog.json
NET-03.4,sol_large_business_271a1f8828,HAS_POSSIBLE_SOLUTION,Large Business,control,DTOP-OLD/client/src/assets/docs/knowledgeRepository/graph/DtopCatalogs/control-catalog.json
NET-03.4,sol_medium_business_8187890f82,HAS_POSSIBLE_SOLUTION,Medium Business,control,DTOP-OLD/client/src/assets/docs/knowledgeRepository/graph/DtopCatalogs/control-catalog.json
NET-03.5,sol_enterprise_e8c47b40de,HAS_POSSIBLE_SOLUTION,Enterprise,control,DTOP-OLD/client/src/assets/docs/knowledgeRepository/graph/DtopCatalogs/control-catalog.json
NET-03.5,sol_large_business_271a1f8828,HAS_POSSIBLE_SOLUTION,Large Business,control,DTOP-OLD/client/src/assets/docs/knowledgeRepository/graph/DtopCatalogs/control-catalog.json
NET-03.5,sol_medium_business_8187890f82,HAS_POSSIBLE_SOLUTION,Medium Business,control,DTOP-OLD/client/src/assets/docs/knowledgeRepository/graph/DtopCatalogs/control-catalog.json
NET-04,sol_enterprise_b64855a5c9,HAS_POSSIBLE_SOLUTION,Enterprise,control,DTOP-OLD/client/src/assets/docs/knowledgeRepository/graph/DtopCatalogs/control-catalog.json
NET-04,sol_large_business_c525e3d121,HAS_POSSIBLE_SOLUTION,Large Business,control,DTOP-OLD/client/src/assets/docs/knowledgeRepository/graph/DtopCatalogs/control-catalog.json
NET-04,sol_medium_business_9f29893a8e,HAS_POSSIBLE_SOLUTION,Medium Business,control,DTOP-OLD/client/src/assets/docs/knowledgeRepository/graph/DtopCatalogs/control-catalog.json
NET-04.1,sol_enterprise_32febfa3db,HAS_POSSIBLE_SOLUTION,Enterprise,control,DTOP-OLD/client/src/assets/docs/knowledgeRepository/graph/DtopCatalogs/control-catalog.json
NET-04.1,sol_large_business_d37b7485ce,HAS_POSSIBLE_SOLUTION,Large Business,control,DTOP-OLD/client/src/assets/docs/knowledgeRepository/graph/DtopCatalogs/control-catalog.json
NET-04.1,sol_medium_business_81c03e95c9,HAS_POSSIBLE_SOLUTION,Medium Business,control,DTOP-OLD/client/src/assets/docs/knowledgeRepository/graph/DtopCatalogs/control-catalog.json
NET-05,sol_enterprise_62a1ccae45,HAS_POSSIBLE_SOLUTION,Enterprise,control,DTOP-OLD/client/src/assets/docs/knowledgeRepository/graph/DtopCatalogs/control-catalog.json
NET-05,sol_large_business_c216c97097,HAS_POSSIBLE_SOLUTION,Large Business,control,DTOP-OLD/client/src/assets/docs/knowledgeRepository/graph/DtopCatalogs/control-catalog.json
NET-05,sol_medium_business_8ffbea3e52,HAS_POSSIBLE_SOLUTION,Medium Business,control,DTOP-OLD/client/src/assets/docs/knowledgeRepository/graph/DtopCatalogs/control-catalog.json
NET-06,sol_enterprise_2cc4c026f9,HAS_POSSIBLE_SOLUTION,Enterprise,control,DTOP-OLD/client/src/assets/docs/knowledgeRepository/graph/DtopCatalogs/control-catalog.json
NET-06,sol_large_business_5eb2cd0470,HAS_POSSIBLE_SOLUTION,Large Business,control,DTOP-OLD/client/src/assets/docs/knowledgeRepository/graph/DtopCatalogs/control-catalog.json
NET-06,sol_medium_business_be5e7ae702,HAS_POSSIBLE_SOLUTION,Medium Business,control,DTOP-OLD/client/src/assets/docs/knowledgeRepository/graph/DtopCatalogs/control-catalog.json
NET-06.2,sol_enterprise_a70ef20be4,HAS_POSSIBLE_SOLUTION,Enterprise,control,DTOP-OLD/client/src/assets/docs/knowledgeRepository/graph/DtopCatalogs/control-catalog.json
NET-06.2,sol_large_business_06802791c9,HAS_POSSIBLE_SOLUTION,Large Business,control,DTOP-OLD/client/src/assets/docs/knowledgeRepository/graph/DtopCatalogs/control-catalog.json
NET-06.2,sol_medium_business_bd37f2b583,HAS_POSSIBLE_SOLUTION,Medium Business,control,DTOP-OLD/client/src/assets/docs/knowledgeRepository/graph/DtopCatalogs/control-catalog.json
NET-06.5,sol_enterprise_32febfa3db,HAS_POSSIBLE_SOLUTION,Enterprise,control,DTOP-OLD/client/src/assets/docs/knowledgeRepository/graph/DtopCatalogs/control-catalog.json
NET-06.5,sol_large_business_d37b7485ce,HAS_POSSIBLE_SOLUTION,Large Business,control,DTOP-OLD/client/src/assets/docs/knowledgeRepository/graph/DtopCatalogs/control-catalog.json
NET-06.5,sol_medium_business_81c03e95c9,HAS_POSSIBLE_SOLUTION,Medium Business,control,DTOP-OLD/client/src/assets/docs/knowledgeRepository/graph/DtopCatalogs/control-catalog.json
NET-08,sol_enterprise_10cd96930c,HAS_POSSIBLE_SOLUTION,Enterprise,control,DTOP-OLD/client/src/assets/docs/knowledgeRepository/graph/DtopCatalogs/control-catalog.json
NET-08,sol_large_business_4b810d5102,HAS_POSSIBLE_SOLUTION,Large Business,control,DTOP-OLD/client/src/assets/docs/knowledgeRepository/graph/DtopCatalogs/control-catalog.json
NET-08,sol_medium_business_6dc9a14b0c,HAS_POSSIBLE_SOLUTION,Medium Business,control,DTOP-OLD/client/src/assets/docs/knowledgeRepository/graph/DtopCatalogs/control-catalog.json
NET-08.1,sol_enterprise_4ed7b0f0c6,HAS_POSSIBLE_SOLUTION,Enterprise,control,DTOP-OLD/client/src/assets/docs/knowledgeRepository/graph/DtopCatalogs/control-catalog.json
NET-08.1,sol_large_business_22f1121618,HAS_POSSIBLE_SOLUTION,Large Business,control,DTOP-OLD/client/src/assets/docs/knowledgeRepository/graph/DtopCatalogs/control-catalog.json
NET-08.1,sol_medium_business_4e47514d11,HAS_POSSIBLE_SOLUTION,Medium Business,control,DTOP-OLD/client/src/assets/docs/knowledgeRepository/graph/DtopCatalogs/control-catalog.json
NET-08.2,sol_enterprise_5de255d12e,HAS_POSSIBLE_SOLUTION,Enterprise,control,DTOP-OLD/client/src/assets/docs/knowledgeRepository/graph/DtopCatalogs/control-catalog.json
NET-08.2,sol_large_business_59f17dcc7a,HAS_POSSIBLE_SOLUTION,Large Business,control,DTOP-OLD/client/src/assets/docs/knowledgeRepository/graph/DtopCatalogs/control-catalog.json
NET-08.2,sol_medium_business_9105f75bc2,HAS_POSSIBLE_SOLUTION,Medium Business,control,DTOP-OLD/client/src/assets/docs/knowledgeRepository/graph/DtopCatalogs/control-catalog.json
NET-10,sol_enterprise_8a8b32d3c8,HAS_POSSIBLE_SOLUTION,Enterprise,control,DTOP-OLD/client/src/assets/docs/knowledgeRepository/graph/DtopCatalogs/control-catalog.json
NET-10,sol_large_business_4677148d88,HAS_POSSIBLE_SOLUTION,Large Business,control,DTOP-OLD/client/src/assets/docs/knowledgeRepository/graph/DtopCatalogs/control-catalog.json
NET-10,sol_medium_business_c315644afc,HAS_POSSIBLE_SOLUTION,Medium Business,control,DTOP-OLD/client/src/assets/docs/knowledgeRepository/graph/DtopCatalogs/control-catalog.json
NET-10.3,sol_enterprise_8a8b32d3c8,HAS_POSSIBLE_SOLUTION,Enterprise,control,DTOP-OLD/client/src/assets/docs/knowledgeRepository/graph/DtopCatalogs/control-catalog.json
NET-10.3,sol_large_business_4677148d88,HAS_POSSIBLE_SOLUTION,Large Business,control,DTOP-OLD/client/src/assets/docs/knowledgeRepository/graph/DtopCatalogs/control-catalog.json
NET-10.3,sol_medium_business_c315644afc,HAS_POSSIBLE_SOLUTION,Medium Business,control,DTOP-OLD/client/src/assets/docs/knowledgeRepository/graph/DtopCatalogs/control-catalog.json
NET-12.2,sol_enterprise_b97fce297b,HAS_POSSIBLE_SOLUTION,Enterprise,control,DTOP-OLD/client/src/assets/docs/knowledgeRepository/graph/DtopCatalogs/control-catalog.json
NET-12.2,sol_large_business_784cce19ad,HAS_POSSIBLE_SOLUTION,Large Business,control,DTOP-OLD/client/src/assets/docs/knowledgeRepository/graph/DtopCatalogs/control-catalog.json
NET-12.2,sol_medium_business_f3a7d8e060,HAS_POSSIBLE_SOLUTION,Medium Business,control,DTOP-OLD/client/src/assets/docs/knowledgeRepository/graph/DtopCatalogs/control-catalog.json
NET-13,sol_enterprise_b97fce297b,HAS_POSSIBLE_SOLUTION,Enterprise,control,DTOP-OLD/client/src/assets/docs/knowledgeRepository/graph/DtopCatalogs/control-catalog.json
NET-13,sol_large_business_784cce19ad,HAS_POSSIBLE_SOLUTION,Large Business,control,DTOP-OLD/client/src/assets/docs/knowledgeRepository/graph/DtopCatalogs/control-catalog.json
NET-13,sol_medium_business_f3a7d8e060,HAS_POSSIBLE_SOLUTION,Medium Business,control,DTOP-OLD/client/src/assets/docs/knowledgeRepository/graph/DtopCatalogs/control-catalog.json
NET-14.7,sol_enterprise_1aa0b32d97,HAS_POSSIBLE_SOLUTION,Enterprise,control,DTOP-OLD/client/src/assets/docs/knowledgeRepository/graph/DtopCatalogs/control-catalog.json
NET-14.7,sol_large_business_7a471f5932,HAS_POSSIBLE_SOLUTION,Large Business,control,DTOP-OLD/client/src/assets/docs/knowledgeRepository/graph/DtopCatalogs/control-catalog.json
NET-14.7,sol_medium_business_f48e012c35,HAS_POSSIBLE_SOLUTION,Medium Business,control,DTOP-OLD/client/src/assets/docs/knowledgeRepository/graph/DtopCatalogs/control-catalog.json
NET-15,sol_enterprise_8a8b32d3c8,HAS_POSSIBLE_SOLUTION,Enterprise,control,DTOP-OLD/client/src/assets/docs/knowledgeRepository/graph/DtopCatalogs/control-catalog.json
NET-15,sol_large_business_4677148d88,HAS_POSSIBLE_SOLUTION,Large Business,control,DTOP-OLD/client/src/assets/docs/knowledgeRepository/graph/DtopCatalogs/control-catalog.json
NET-15,sol_medium_business_c315644afc,HAS_POSSIBLE_SOLUTION,Medium Business,control,DTOP-OLD/client/src/assets/docs/knowledgeRepository/graph/DtopCatalogs/control-catalog.json
NET-15.1,sol_enterprise_8a8b32d3c8,HAS_POSSIBLE_SOLUTION,Enterprise,control,DTOP-OLD/client/src/assets/docs/knowledgeRepository/graph/DtopCatalogs/control-catalog.json
NET-15.1,sol_large_business_4677148d88,HAS_POSSIBLE_SOLUTION,Large Business,control,DTOP-OLD/client/src/assets/docs/knowledgeRepository/graph/DtopCatalogs/control-catalog.json
NET-15.1,sol_medium_business_c315644afc,HAS_POSSIBLE_SOLUTION,Medium Business,control,DTOP-OLD/client/src/assets/docs/knowledgeRepository/graph/DtopCatalogs/control-catalog.json
NET-15.2,sol_enterprise_8a8b32d3c8,HAS_POSSIBLE_SOLUTION,Enterprise,control,DTOP-OLD/client/src/assets/docs/knowledgeRepository/graph/DtopCatalogs/control-catalog.json
NET-15.2,sol_large_business_4677148d88,HAS_POSSIBLE_SOLUTION,Large Business,control,DTOP-OLD/client/src/assets/docs/knowledgeRepository/graph/DtopCatalogs/control-catalog.json
NET-15.2,sol_medium_business_c315644afc,HAS_POSSIBLE_SOLUTION,Medium Business,control,DTOP-OLD/client/src/assets/docs/knowledgeRepository/graph/DtopCatalogs/control-catalog.json
NET-15.3,sol_enterprise_8a8b32d3c8,HAS_POSSIBLE_SOLUTION,Enterprise,control,DTOP-OLD/client/src/assets/docs/knowledgeRepository/graph/DtopCatalogs/control-catalog.json
NET-15.3,sol_large_business_4677148d88,HAS_POSSIBLE_SOLUTION,Large Business,control,DTOP-OLD/client/src/assets/docs/knowledgeRepository/graph/DtopCatalogs/control-catalog.json
NET-15.3,sol_medium_business_c315644afc,HAS_POSSIBLE_SOLUTION,Medium Business,control,DTOP-OLD/client/src/assets/docs/knowledgeRepository/graph/DtopCatalogs/control-catalog.json
NET-17,sol_enterprise_e8c47b40de,HAS_POSSIBLE_SOLUTION,Enterprise,control,DTOP-OLD/client/src/assets/docs/knowledgeRepository/graph/DtopCatalogs/control-catalog.json
NET-17,sol_large_business_271a1f8828,HAS_POSSIBLE_SOLUTION,Large Business,control,DTOP-OLD/client/src/assets/docs/knowledgeRepository/graph/DtopCatalogs/control-catalog.json
NET-17,sol_medium_business_8187890f82,HAS_POSSIBLE_SOLUTION,Medium Business,control,DTOP-OLD/client/src/assets/docs/knowledgeRepository/graph/DtopCatalogs/control-catalog.json
NET-18,sol_enterprise_8a8b32d3c8,HAS_POSSIBLE_SOLUTION,Enterprise,control,DTOP-OLD/client/src/assets/docs/knowledgeRepository/graph/DtopCatalogs/control-catalog.json
NET-18,sol_large_business_4677148d88,HAS_POSSIBLE_SOLUTION,Large Business,control,DTOP-OLD/client/src/assets/docs/knowledgeRepository/graph/DtopCatalogs/control-catalog.json
NET-18,sol_medium_business_c315644afc,HAS_POSSIBLE_SOLUTION,Medium Business,control,DTOP-OLD/client/src/assets/docs/knowledgeRepository/graph/DtopCatalogs/control-catalog.json
OPS-01,sol_enterprise_7226dc939e,HAS_POSSIBLE_SOLUTION,Enterprise,control,DTOP-OLD/client/src/assets/docs/knowledgeRepository/graph/DtopCatalogs/control-catalog.json
OPS-01,sol_large_business_f7ebb63386,HAS_POSSIBLE_SOLUTION,Large Business,control,DTOP-OLD/client/src/assets/docs/knowledgeRepository/graph/DtopCatalogs/control-catalog.json
OPS-01,sol_medium_business_210efd6067,HAS_POSSIBLE_SOLUTION,Medium Business,control,DTOP-OLD/client/src/assets/docs/knowledgeRepository/graph/DtopCatalogs/control-catalog.json
OPS-01.1,sol_enterprise_9ddbda9efd,HAS_POSSIBLE_SOLUTION,Enterprise,control,DTOP-OLD/client/src/assets/docs/knowledgeRepository/graph/DtopCatalogs/control-catalog.json
OPS-01.1,sol_large_business_a6282d0671,HAS_POSSIBLE_SOLUTION,Large Business,control,DTOP-OLD/client/src/assets/docs/knowledgeRepository/graph/DtopCatalogs/control-catalog.json
OPS-01.1,sol_medium_business_b3d3973989,HAS_POSSIBLE_SOLUTION,Medium Business,control,DTOP-OLD/client/src/assets/docs/knowledgeRepository/graph/DtopCatalogs/control-catalog.json
OPS-02,sol_enterprise_b739dfea21,HAS_POSSIBLE_SOLUTION,Enterprise,control,DTOP-OLD/client/src/assets/docs/knowledgeRepository/graph/DtopCatalogs/control-catalog.json
OPS-02,sol_large_business_c9e12cf9d9,HAS_POSSIBLE_SOLUTION,Large Business,control,DTOP-OLD/client/src/assets/docs/knowledgeRepository/graph/DtopCatalogs/control-catalog.json
OPS-02,sol_medium_business_122000efc6,HAS_POSSIBLE_SOLUTION,Medium Business,control,DTOP-OLD/client/src/assets/docs/knowledgeRepository/graph/DtopCatalogs/control-catalog.json
OPS-03,sol_enterprise_7226dc939e,HAS_POSSIBLE_SOLUTION,Enterprise,control,DTOP-OLD/client/src/assets/docs/knowledgeRepository/graph/DtopCatalogs/control-catalog.json
OPS-03,sol_large_business_f7ebb63386,HAS_POSSIBLE_SOLUTION,Large Business,control,DTOP-OLD/client/src/assets/docs/knowledgeRepository/graph/DtopCatalogs/control-catalog.json
OPS-03,sol_medium_business_210efd6067,HAS_POSSIBLE_SOLUTION,Medium Business,control,DTOP-OLD/client/src/assets/docs/knowledgeRepository/graph/DtopCatalogs/control-catalog.json
OPS-04,sol_enterprise_5d54e98fa9,HAS_POSSIBLE_SOLUTION,Enterprise,control,DTOP-OLD/client/src/assets/docs/knowledgeRepository/graph/DtopCatalogs/control-catalog.json
OPS-04,sol_large_business_0632dfb8bc,HAS_POSSIBLE_SOLUTION,Large Business,control,DTOP-OLD/client/src/assets/docs/knowledgeRepository/graph/DtopCatalogs/control-catalog.json
OPS-04,sol_medium_business_36deae837b,HAS_POSSIBLE_SOLUTION,Medium Business,control,DTOP-OLD/client/src/assets/docs/knowledgeRepository/graph/DtopCatalogs/control-catalog.json
OPS-05,sol_enterprise_d80adfac1e,HAS_POSSIBLE_SOLUTION,Enterprise,control,DTOP-OLD/client/src/assets/docs/knowledgeRepository/graph/DtopCatalogs/control-catalog.json
OPS-05,sol_large_business_94ee4c9125,HAS_POSSIBLE_SOLUTION,Large Business,control,DTOP-OLD/client/src/assets/docs/knowledgeRepository/graph/DtopCatalogs/control-catalog.json
OPS-05,sol_medium_business_fd7a0dcc1c,HAS_POSSIBLE_SOLUTION,Medium Business,control,DTOP-OLD/client/src/assets/docs/knowledgeRepository/graph/DtopCatalogs/control-catalog.json
OPS-06,sol_enterprise_19dba79496,HAS_POSSIBLE_SOLUTION,Enterprise,control,DTOP-OLD/client/src/assets/docs/knowledgeRepository/graph/DtopCatalogs/control-catalog.json
OPS-06,sol_large_business_d3e3c100a8,HAS_POSSIBLE_SOLUTION,Large Business,control,DTOP-OLD/client/src/assets/docs/knowledgeRepository/graph/DtopCatalogs/control-catalog.json
OPS-06,sol_medium_business_c2bbc949df,HAS_POSSIBLE_SOLUTION,Medium Business,control,DTOP-OLD/client/src/assets/docs/knowledgeRepository/graph/DtopCatalogs/control-catalog.json
OPS-07,sol_enterprise_d80adfac1e,HAS_POSSIBLE_SOLUTION,Enterprise,control,DTOP-OLD/client/src/assets/docs/knowledgeRepository/graph/DtopCatalogs/control-catalog.json
OPS-07,sol_large_business_94ee4c9125,HAS_POSSIBLE_SOLUTION,Large Business,control,DTOP-OLD/client/src/assets/docs/knowledgeRepository/graph/DtopCatalogs/control-catalog.json
OPS-07,sol_medium_business_fd7a0dcc1c,HAS_POSSIBLE_SOLUTION,Medium Business,control,DTOP-OLD/client/src/assets/docs/knowledgeRepository/graph/DtopCatalogs/control-catalog.json
PES-01.1,sol_enterprise_720cbcba47,HAS_POSSIBLE_SOLUTION,Enterprise,control,DTOP-OLD/client/src/assets/docs/knowledgeRepository/graph/DtopCatalogs/control-catalog.json
PES-01.1,sol_large_business_14a20c0265,HAS_POSSIBLE_SOLUTION,Large Business,control,DTOP-OLD/client/src/assets/docs/knowledgeRepository/graph/DtopCatalogs/control-catalog.json
PES-01.1,sol_medium_business_cec285d79c,HAS_POSSIBLE_SOLUTION,Medium Business,control,DTOP-OLD/client/src/assets/docs/knowledgeRepository/graph/DtopCatalogs/control-catalog.json
PES-03,sol_enterprise_a3d2e998c4,HAS_POSSIBLE_SOLUTION,Enterprise,control,DTOP-OLD/client/src/assets/docs/knowledgeRepository/graph/DtopCatalogs/control-catalog.json
PES-03,sol_large_business_4c6f48f088,HAS_POSSIBLE_SOLUTION,Large Business,control,DTOP-OLD/client/src/assets/docs/knowledgeRepository/graph/DtopCatalogs/control-catalog.json
PES-03,sol_medium_business_23bb8c24f5,HAS_POSSIBLE_SOLUTION,Medium Business,control,DTOP-OLD/client/src/assets/docs/knowledgeRepository/graph/DtopCatalogs/control-catalog.json
PES-03.1,sol_enterprise_a0c5636727,HAS_POSSIBLE_SOLUTION,Enterprise,control,DTOP-OLD/client/src/assets/docs/knowledgeRepository/graph/DtopCatalogs/control-catalog.json
PES-03.1,sol_large_business_272bb9fc05,HAS_POSSIBLE_SOLUTION,Large Business,control,DTOP-OLD/client/src/assets/docs/knowledgeRepository/graph/DtopCatalogs/control-catalog.json
PES-03.1,sol_medium_business_2cb881fe60,HAS_POSSIBLE_SOLUTION,Medium Business,control,DTOP-OLD/client/src/assets/docs/knowledgeRepository/graph/DtopCatalogs/control-catalog.json
PES-03.3,sol_enterprise_297227ce64,HAS_POSSIBLE_SOLUTION,Enterprise,control,DTOP-OLD/client/src/assets/docs/knowledgeRepository/graph/DtopCatalogs/control-catalog.json
PES-03.3,sol_large_business_44d8f43a15,HAS_POSSIBLE_SOLUTION,Large Business,control,DTOP-OLD/client/src/assets/docs/knowledgeRepository/graph/DtopCatalogs/control-catalog.json
PES-03.3,sol_medium_business_d9bfb5bfe7,HAS_POSSIBLE_SOLUTION,Medium Business,control,DTOP-OLD/client/src/assets/docs/knowledgeRepository/graph/DtopCatalogs/control-catalog.json
PES-04,sol_enterprise_9f4d717869,HAS_POSSIBLE_SOLUTION,Enterprise,control,DTOP-OLD/client/src/assets/docs/knowledgeRepository/graph/DtopCatalogs/control-catalog.json
PES-04,sol_large_business_8f3c7d0807,HAS_POSSIBLE_SOLUTION,Large Business,control,DTOP-OLD/client/src/assets/docs/knowledgeRepository/graph/DtopCatalogs/control-catalog.json
PES-04,sol_medium_business_c5e481edd7,HAS_POSSIBLE_SOLUTION,Medium Business,control,DTOP-OLD/client/src/assets/docs/knowledgeRepository/graph/DtopCatalogs/control-catalog.json
PES-04.1,sol_enterprise_41baba4dd6,HAS_POSSIBLE_SOLUTION,Enterprise,control,DTOP-OLD/client/src/assets/docs/knowledgeRepository/graph/DtopCatalogs/control-catalog.json
PES-04.1,sol_large_business_58d57ec621,HAS_POSSIBLE_SOLUTION,Large Business,control,DTOP-OLD/client/src/assets/docs/knowledgeRepository/graph/DtopCatalogs/control-catalog.json
PES-04.1,sol_medium_business_ddfccff60c,HAS_POSSIBLE_SOLUTION,Medium Business,control,DTOP-OLD/client/src/assets/docs/knowledgeRepository/graph/DtopCatalogs/control-catalog.json
PES-05,sol_enterprise_fcf91669f0,HAS_POSSIBLE_SOLUTION,Enterprise,control,DTOP-OLD/client/src/assets/docs/knowledgeRepository/graph/DtopCatalogs/control-catalog.json
PES-05,sol_large_business_cb192a4ab0,HAS_POSSIBLE_SOLUTION,Large Business,control,DTOP-OLD/client/src/assets/docs/knowledgeRepository/graph/DtopCatalogs/control-catalog.json
PES-05,sol_medium_business_38d9318231,HAS_POSSIBLE_SOLUTION,Medium Business,control,DTOP-OLD/client/src/assets/docs/knowledgeRepository/graph/DtopCatalogs/control-catalog.json
PES-05.1,sol_enterprise_8a56d4d042,HAS_POSSIBLE_SOLUTION,Enterprise,control,DTOP-OLD/client/src/assets/docs/knowledgeRepository/graph/DtopCatalogs/control-catalog.json
PES-05.1,sol_large_business_8c02ea71c9,HAS_POSSIBLE_SOLUTION,Large Business,control,DTOP-OLD/client/src/assets/docs/knowledgeRepository/graph/DtopCatalogs/control-catalog.json
PES-05.1,sol_medium_business_38d9318231,HAS_POSSIBLE_SOLUTION,Medium Business,control,DTOP-OLD/client/src/assets/docs/knowledgeRepository/graph/DtopCatalogs/control-catalog.json
PES-05.2,sol_enterprise_f02d457d8d,HAS_POSSIBLE_SOLUTION,Enterprise,control,DTOP-OLD/client/src/assets/docs/knowledgeRepository/graph/DtopCatalogs/control-catalog.json
PES-05.2,sol_large_business_3909c94409,HAS_POSSIBLE_SOLUTION,Large Business,control,DTOP-OLD/client/src/assets/docs/knowledgeRepository/graph/DtopCatalogs/control-catalog.json
PES-05.2,sol_medium_business_febba43879,HAS_POSSIBLE_SOLUTION,Medium Business,control,DTOP-OLD/client/src/assets/docs/knowledgeRepository/graph/DtopCatalogs/control-catalog.json
PES-06,sol_enterprise_297227ce64,HAS_POSSIBLE_SOLUTION,Enterprise,control,DTOP-OLD/client/src/assets/docs/knowledgeRepository/graph/DtopCatalogs/control-catalog.json
PES-06,sol_large_business_44d8f43a15,HAS_POSSIBLE_SOLUTION,Large Business,control,DTOP-OLD/client/src/assets/docs/knowledgeRepository/graph/DtopCatalogs/control-catalog.json
PES-06,sol_medium_business_d9bfb5bfe7,HAS_POSSIBLE_SOLUTION,Medium Business,control,DTOP-OLD/client/src/assets/docs/knowledgeRepository/graph/DtopCatalogs/control-catalog.json
PES-06.1,sol_enterprise_c85d085633,HAS_POSSIBLE_SOLUTION,Enterprise,control,DTOP-OLD/client/src/assets/docs/knowledgeRepository/graph/DtopCatalogs/control-catalog.json
PES-06.1,sol_large_business_5e25cb1a8d,HAS_POSSIBLE_SOLUTION,Large Business,control,DTOP-OLD/client/src/assets/docs/knowledgeRepository/graph/DtopCatalogs/control-catalog.json
PES-06.1,sol_medium_business_88b49fe180,HAS_POSSIBLE_SOLUTION,Medium Business,control,DTOP-OLD/client/src/assets/docs/knowledgeRepository/graph/DtopCatalogs/control-catalog.json
PES-07.5,sol_enterprise_f4ec2b19fe,HAS_POSSIBLE_SOLUTION,Enterprise,control,DTOP-OLD/client/src/assets/docs/knowledgeRepository/graph/DtopCatalogs/control-catalog.json
PES-07.5,sol_large_business_62d40c9218,HAS_POSSIBLE_SOLUTION,Large Business,control,DTOP-OLD/client/src/assets/docs/knowledgeRepository/graph/DtopCatalogs/control-catalog.json
PES-07.5,sol_medium_business_2f957f6ae1,HAS_POSSIBLE_SOLUTION,Medium Business,control,DTOP-OLD/client/src/assets/docs/knowledgeRepository/graph/DtopCatalogs/control-catalog.json
PES-11,sol_enterprise_7be43202b1,HAS_POSSIBLE_SOLUTION,Enterprise,control,DTOP-OLD/client/src/assets/docs/knowledgeRepository/graph/DtopCatalogs/control-catalog.json
PES-11,sol_large_business_7a3567946f,HAS_POSSIBLE_SOLUTION,Large Business,control,DTOP-OLD/client/src/assets/docs/knowledgeRepository/graph/DtopCatalogs/control-catalog.json
PES-11,sol_medium_business_a7c8e242ea,HAS_POSSIBLE_SOLUTION,Medium Business,control,DTOP-OLD/client/src/assets/docs/knowledgeRepository/graph/DtopCatalogs/control-catalog.json
PES-12.2,sol_enterprise_208bf50ee5,HAS_POSSIBLE_SOLUTION,Enterprise,control,DTOP-OLD/client/src/assets/docs/knowledgeRepository/graph/DtopCatalogs/control-catalog.json
PES-12.2,sol_large_business_69ba25ccae,HAS_POSSIBLE_SOLUTION,Large Business,control,DTOP-OLD/client/src/assets/docs/knowledgeRepository/graph/DtopCatalogs/control-catalog.json
PES-12.2,sol_medium_business_10c73a8bd4,HAS_POSSIBLE_SOLUTION,Medium Business,control,DTOP-OLD/client/src/assets/docs/knowledgeRepository/graph/DtopCatalogs/control-catalog.json
PES-14,sol_enterprise_e1f95f1ed9,HAS_POSSIBLE_SOLUTION,Enterprise,control,DTOP-OLD/client/src/assets/docs/knowledgeRepository/graph/DtopCatalogs/control-catalog.json
PES-14,sol_large_business_33eae970ba,HAS_POSSIBLE_SOLUTION,Large Business,control,DTOP-OLD/client/src/assets/docs/knowledgeRepository/graph/DtopCatalogs/control-catalog.json
PES-14,sol_medium_business_642df7d404,HAS_POSSIBLE_SOLUTION,Medium Business,control,DTOP-OLD/client/src/assets/docs/knowledgeRepository/graph/DtopCatalogs/control-catalog.json
PES-15,sol_enterprise_b286907bbf,HAS_POSSIBLE_SOLUTION,Enterprise,control,DTOP-OLD/client/src/assets/docs/knowledgeRepository/graph/DtopCatalogs/control-catalog.json
PES-15,sol_large_business_4e23945f87,HAS_POSSIBLE_SOLUTION,Large Business,control,DTOP-OLD/client/src/assets/docs/knowledgeRepository/graph/DtopCatalogs/control-catalog.json
PRI-01,sol_enterprise_9ce5800210,HAS_POSSIBLE_SOLUTION,Enterprise,control,DTOP-OLD/client/src/assets/docs/knowledgeRepository/graph/DtopCatalogs/control-catalog.json
PRI-01,sol_large_business_fe83f0ae4e,HAS_POSSIBLE_SOLUTION,Large Business,control,DTOP-OLD/client/src/assets/docs/knowledgeRepository/graph/DtopCatalogs/control-catalog.json
PRI-01,sol_medium_business_71beb44d3e,HAS_POSSIBLE_SOLUTION,Medium Business,control,DTOP-OLD/client/src/assets/docs/knowledgeRepository/graph/DtopCatalogs/control-catalog.json
PRI-01.1,sol_enterprise_c2279919a8,HAS_POSSIBLE_SOLUTION,Enterprise,control,DTOP-OLD/client/src/assets/docs/knowledgeRepository/graph/DtopCatalogs/control-catalog.json
PRI-01.1,sol_large_business_fa00a66e68,HAS_POSSIBLE_SOLUTION,Large Business,control,DTOP-OLD/client/src/assets/docs/knowledgeRepository/graph/DtopCatalogs/control-catalog.json
PRI-01.1,sol_medium_business_9dddf27ec4,HAS_POSSIBLE_SOLUTION,Medium Business,control,DTOP-OLD/client/src/assets/docs/knowledgeRepository/graph/DtopCatalogs/control-catalog.json
PRI-01.2,sol_enterprise_9ce5800210,HAS_POSSIBLE_SOLUTION,Enterprise,control,DTOP-OLD/client/src/assets/docs/knowledgeRepository/graph/DtopCatalogs/control-catalog.json
PRI-01.2,sol_large_business_fe83f0ae4e,HAS_POSSIBLE_SOLUTION,Large Business,control,DTOP-OLD/client/src/assets/docs/knowledgeRepository/graph/DtopCatalogs/control-catalog.json
PRI-01.2,sol_medium_business_71beb44d3e,HAS_POSSIBLE_SOLUTION,Medium Business,control,DTOP-OLD/client/src/assets/docs/knowledgeRepository/graph/DtopCatalogs/control-catalog.json
PRI-01.3,sol_enterprise_9ce5800210,HAS_POSSIBLE_SOLUTION,Enterprise,control,DTOP-OLD/client/src/assets/docs/knowledgeRepository/graph/DtopCatalogs/control-catalog.json
PRI-01.3,sol_large_business_fe83f0ae4e,HAS_POSSIBLE_SOLUTION,Large Business,control,DTOP-OLD/client/src/assets/docs/knowledgeRepository/graph/DtopCatalogs/control-catalog.json
PRI-01.3,sol_medium_business_71beb44d3e,HAS_POSSIBLE_SOLUTION,Medium Business,control,DTOP-OLD/client/src/assets/docs/knowledgeRepository/graph/DtopCatalogs/control-catalog.json
PRI-01.4,sol_enterprise_6dbdfac16c,HAS_POSSIBLE_SOLUTION,Enterprise,control,DTOP-OLD/client/src/assets/docs/knowledgeRepository/graph/DtopCatalogs/control-catalog.json
PRI-01.4,sol_large_business_1a591ad0e6,HAS_POSSIBLE_SOLUTION,Large Business,control,DTOP-OLD/client/src/assets/docs/knowledgeRepository/graph/DtopCatalogs/control-catalog.json
PRI-01.4,sol_medium_business_fa3245e6b5,HAS_POSSIBLE_SOLUTION,Medium Business,control,DTOP-OLD/client/src/assets/docs/knowledgeRepository/graph/DtopCatalogs/control-catalog.json
PRI-01.5,sol_enterprise_9ce5800210,HAS_POSSIBLE_SOLUTION,Enterprise,control,DTOP-OLD/client/src/assets/docs/knowledgeRepository/graph/DtopCatalogs/control-catalog.json
PRI-01.5,sol_large_business_fe83f0ae4e,HAS_POSSIBLE_SOLUTION,Large Business,control,DTOP-OLD/client/src/assets/docs/knowledgeRepository/graph/DtopCatalogs/control-catalog.json
PRI-01.5,sol_medium_business_71beb44d3e,HAS_POSSIBLE_SOLUTION,Medium Business,control,DTOP-OLD/client/src/assets/docs/knowledgeRepository/graph/DtopCatalogs/control-catalog.json
PRI-01.6,sol_enterprise_3bb6a6848c,HAS_POSSIBLE_SOLUTION,Enterprise,control,DTOP-OLD/client/src/assets/docs/knowledgeRepository/graph/DtopCatalogs/control-catalog.json
PRI-01.6,sol_large_business_3d0c280570,HAS_POSSIBLE_SOLUTION,Large Business,control,DTOP-OLD/client/src/assets/docs/knowledgeRepository/graph/DtopCatalogs/control-catalog.json
PRI-01.6,sol_medium_business_bfc8f34b9a,HAS_POSSIBLE_SOLUTION,Medium Business,control,DTOP-OLD/client/src/assets/docs/knowledgeRepository/graph/DtopCatalogs/control-catalog.json
PRI-01.7,sol_enterprise_3bb6a6848c,HAS_POSSIBLE_SOLUTION,Enterprise,control,DTOP-OLD/client/src/assets/docs/knowledgeRepository/graph/DtopCatalogs/control-catalog.json
PRI-01.7,sol_large_business_3d0c280570,HAS_POSSIBLE_SOLUTION,Large Business,control,DTOP-OLD/client/src/assets/docs/knowledgeRepository/graph/DtopCatalogs/control-catalog.json
PRI-01.7,sol_medium_business_bfc8f34b9a,HAS_POSSIBLE_SOLUTION,Medium Business,control,DTOP-OLD/client/src/assets/docs/knowledgeRepository/graph/DtopCatalogs/control-catalog.json
PRI-02,sol_enterprise_3bb6a6848c,HAS_POSSIBLE_SOLUTION,Enterprise,control,DTOP-OLD/client/src/assets/docs/knowledgeRepository/graph/DtopCatalogs/control-catalog.json
PRI-02,sol_large_business_3d0c280570,HAS_POSSIBLE_SOLUTION,Large Business,control,DTOP-OLD/client/src/assets/docs/knowledgeRepository/graph/DtopCatalogs/control-catalog.json
PRI-02,sol_medium_business_bfc8f34b9a,HAS_POSSIBLE_SOLUTION,Medium Business,control,DTOP-OLD/client/src/assets/docs/knowledgeRepository/graph/DtopCatalogs/control-catalog.json
PRI-02.1,sol_enterprise_3bb6a6848c,HAS_POSSIBLE_SOLUTION,Enterprise,control,DTOP-OLD/client/src/assets/docs/knowledgeRepository/graph/DtopCatalogs/control-catalog.json
PRI-02.1,sol_large_business_3d0c280570,HAS_POSSIBLE_SOLUTION,Large Business,control,DTOP-OLD/client/src/assets/docs/knowledgeRepository/graph/DtopCatalogs/control-catalog.json
PRI-02.1,sol_medium_business_bfc8f34b9a,HAS_POSSIBLE_SOLUTION,Medium Business,control,DTOP-OLD/client/src/assets/docs/knowledgeRepository/graph/DtopCatalogs/control-catalog.json
PRI-02.2,sol_enterprise_3bb6a6848c,HAS_POSSIBLE_SOLUTION,Enterprise,control,DTOP-OLD/client/src/assets/docs/knowledgeRepository/graph/DtopCatalogs/control-catalog.json
PRI-02.2,sol_large_business_3d0c280570,HAS_POSSIBLE_SOLUTION,Large Business,control,DTOP-OLD/client/src/assets/docs/knowledgeRepository/graph/DtopCatalogs/control-catalog.json
PRI-02.2,sol_medium_business_bfc8f34b9a,HAS_POSSIBLE_SOLUTION,Medium Business,control,DTOP-OLD/client/src/assets/docs/knowledgeRepository/graph/DtopCatalogs/control-catalog.json
PRI-02.3,sol_enterprise_3bb6a6848c,HAS_POSSIBLE_SOLUTION,Enterprise,control,DTOP-OLD/client/src/assets/docs/knowledgeRepository/graph/DtopCatalogs/control-catalog.json
PRI-02.3,sol_large_business_3d0c280570,HAS_POSSIBLE_SOLUTION,Large Business,control,DTOP-OLD/client/src/assets/docs/knowledgeRepository/graph/DtopCatalogs/control-catalog.json
PRI-02.3,sol_medium_business_bfc8f34b9a,HAS_POSSIBLE_SOLUTION,Medium Business,control,DTOP-OLD/client/src/assets/docs/knowledgeRepository/graph/DtopCatalogs/control-catalog.json
PRI-02.4,sol_enterprise_3bb6a6848c,HAS_POSSIBLE_SOLUTION,Enterprise,control,DTOP-OLD/client/src/assets/docs/knowledgeRepository/graph/DtopCatalogs/control-catalog.json
PRI-02.4,sol_large_business_3d0c280570,HAS_POSSIBLE_SOLUTION,Large Business,control,DTOP-OLD/client/src/assets/docs/knowledgeRepository/graph/DtopCatalogs/control-catalog.json
PRI-02.4,sol_medium_business_bfc8f34b9a,HAS_POSSIBLE_SOLUTION,Medium Business,control,DTOP-OLD/client/src/assets/docs/knowledgeRepository/graph/DtopCatalogs/control-catalog.json
PRI-02.5,sol_enterprise_3bb6a6848c,HAS_POSSIBLE_SOLUTION,Enterprise,control,DTOP-OLD/client/src/assets/docs/knowledgeRepository/graph/DtopCatalogs/control-catalog.json
PRI-02.5,sol_large_business_3d0c280570,HAS_POSSIBLE_SOLUTION,Large Business,control,DTOP-OLD/client/src/assets/docs/knowledgeRepository/graph/DtopCatalogs/control-catalog.json
PRI-02.5,sol_medium_business_bfc8f34b9a,HAS_POSSIBLE_SOLUTION,Medium Business,control,DTOP-OLD/client/src/assets/docs/knowledgeRepository/graph/DtopCatalogs/control-catalog.json
PRI-02.6,sol_enterprise_3bb6a6848c,HAS_POSSIBLE_SOLUTION,Enterprise,control,DTOP-OLD/client/src/assets/docs/knowledgeRepository/graph/DtopCatalogs/control-catalog.json
PRI-02.6,sol_large_business_3d0c280570,HAS_POSSIBLE_SOLUTION,Large Business,control,DTOP-OLD/client/src/assets/docs/knowledgeRepository/graph/DtopCatalogs/control-catalog.json
PRI-02.6,sol_medium_business_bfc8f34b9a,HAS_POSSIBLE_SOLUTION,Medium Business,control,DTOP-OLD/client/src/assets/docs/knowledgeRepository/graph/DtopCatalogs/control-catalog.json
PRI-02.7,sol_enterprise_3bb6a6848c,HAS_POSSIBLE_SOLUTION,Enterprise,control,DTOP-OLD/client/src/assets/docs/knowledgeRepository/graph/DtopCatalogs/control-catalog.json
PRI-02.7,sol_large_business_3d0c280570,HAS_POSSIBLE_SOLUTION,Large Business,control,DTOP-OLD/client/src/assets/docs/knowledgeRepository/graph/DtopCatalogs/control-catalog.json
PRI-02.7,sol_medium_business_bfc8f34b9a,HAS_POSSIBLE_SOLUTION,Medium Business,control,DTOP-OLD/client/src/assets/docs/knowledgeRepository/graph/DtopCatalogs/control-catalog.json
PRI-03,sol_enterprise_3bb6a6848c,HAS_POSSIBLE_SOLUTION,Enterprise,control,DTOP-OLD/client/src/assets/docs/knowledgeRepository/graph/DtopCatalogs/control-catalog.json
PRI-03,sol_large_business_3d0c280570,HAS_POSSIBLE_SOLUTION,Large Business,control,DTOP-OLD/client/src/assets/docs/knowledgeRepository/graph/DtopCatalogs/control-catalog.json
PRI-03,sol_medium_business_bfc8f34b9a,HAS_POSSIBLE_SOLUTION,Medium Business,control,DTOP-OLD/client/src/assets/docs/knowledgeRepository/graph/DtopCatalogs/control-catalog.json
PRI-03.1,sol_enterprise_3bb6a6848c,HAS_POSSIBLE_SOLUTION,Enterprise,control,DTOP-OLD/client/src/assets/docs/knowledgeRepository/graph/DtopCatalogs/control-catalog.json
PRI-03.1,sol_large_business_3d0c280570,HAS_POSSIBLE_SOLUTION,Large Business,control,DTOP-OLD/client/src/assets/docs/knowledgeRepository/graph/DtopCatalogs/control-catalog.json
PRI-03.1,sol_medium_business_bfc8f34b9a,HAS_POSSIBLE_SOLUTION,Medium Business,control,DTOP-OLD/client/src/assets/docs/knowledgeRepository/graph/DtopCatalogs/control-catalog.json
PRI-03.2,sol_enterprise_3bb6a6848c,HAS_POSSIBLE_SOLUTION,Enterprise,control,DTOP-OLD/client/src/assets/docs/knowledgeRepository/graph/DtopCatalogs/control-catalog.json
PRI-03.2,sol_large_business_3d0c280570,HAS_POSSIBLE_SOLUTION,Large Business,control,DTOP-OLD/client/src/assets/docs/knowledgeRepository/graph/DtopCatalogs/control-catalog.json
PRI-03.2,sol_medium_business_bfc8f34b9a,HAS_POSSIBLE_SOLUTION,Medium Business,control,DTOP-OLD/client/src/assets/docs/knowledgeRepository/graph/DtopCatalogs/control-catalog.json
PRI-03.3,sol_enterprise_3bb6a6848c,HAS_POSSIBLE_SOLUTION,Enterprise,control,DTOP-OLD/client/src/assets/docs/knowledgeRepository/graph/DtopCatalogs/control-catalog.json
PRI-03.3,sol_large_business_3d0c280570,HAS_POSSIBLE_SOLUTION,Large Business,control,DTOP-OLD/client/src/assets/docs/knowledgeRepository/graph/DtopCatalogs/control-catalog.json
PRI-03.3,sol_medium_business_bfc8f34b9a,HAS_POSSIBLE_SOLUTION,Medium Business,control,DTOP-OLD/client/src/assets/docs/knowledgeRepository/graph/DtopCatalogs/control-catalog.json
PRI-03.4,sol_enterprise_3bb6a6848c,HAS_POSSIBLE_SOLUTION,Enterprise,control,DTOP-OLD/client/src/assets/docs/knowledgeRepository/graph/DtopCatalogs/control-catalog.json
PRI-03.4,sol_large_business_3d0c280570,HAS_POSSIBLE_SOLUTION,Large Business,control,DTOP-OLD/client/src/assets/docs/knowledgeRepository/graph/DtopCatalogs/control-catalog.json
PRI-03.4,sol_medium_business_bfc8f34b9a,HAS_POSSIBLE_SOLUTION,Medium Business,control,DTOP-OLD/client/src/assets/docs/knowledgeRepository/graph/DtopCatalogs/control-catalog.json
PRI-03.5,sol_enterprise_3bb6a6848c,HAS_POSSIBLE_SOLUTION,Enterprise,control,DTOP-OLD/client/src/assets/docs/knowledgeRepository/graph/DtopCatalogs/control-catalog.json
PRI-03.5,sol_large_business_3d0c280570,HAS_POSSIBLE_SOLUTION,Large Business,control,DTOP-OLD/client/src/assets/docs/knowledgeRepository/graph/DtopCatalogs/control-catalog.json
PRI-03.5,sol_medium_business_bfc8f34b9a,HAS_POSSIBLE_SOLUTION,Medium Business,control,DTOP-OLD/client/src/assets/docs/knowledgeRepository/graph/DtopCatalogs/control-catalog.json
PRI-03.6,sol_enterprise_3bb6a6848c,HAS_POSSIBLE_SOLUTION,Enterprise,control,DTOP-OLD/client/src/assets/docs/knowledgeRepository/graph/DtopCatalogs/control-catalog.json
PRI-03.6,sol_large_business_3d0c280570,HAS_POSSIBLE_SOLUTION,Large Business,control,DTOP-OLD/client/src/assets/docs/knowledgeRepository/graph/DtopCatalogs/control-catalog.json
PRI-03.6,sol_medium_business_bfc8f34b9a,HAS_POSSIBLE_SOLUTION,Medium Business,control,DTOP-OLD/client/src/assets/docs/knowledgeRepository/graph/DtopCatalogs/control-catalog.json
PRI-03.7,sol_enterprise_3bb6a6848c,HAS_POSSIBLE_SOLUTION,Enterprise,control,DTOP-OLD/client/src/assets/docs/knowledgeRepository/graph/DtopCatalogs/control-catalog.json
PRI-03.7,sol_large_business_3d0c280570,HAS_POSSIBLE_SOLUTION,Large Business,control,DTOP-OLD/client/src/assets/docs/knowledgeRepository/graph/DtopCatalogs/control-catalog.json
PRI-03.7,sol_medium_business_bfc8f34b9a,HAS_POSSIBLE_SOLUTION,Medium Business,control,DTOP-OLD/client/src/assets/docs/knowledgeRepository/graph/DtopCatalogs/control-catalog.json
PRI-03.8,sol_enterprise_3bb6a6848c,HAS_POSSIBLE_SOLUTION,Enterprise,control,DTOP-OLD/client/src/assets/docs/knowledgeRepository/graph/DtopCatalogs/control-catalog.json
PRI-03.8,sol_large_business_3d0c280570,HAS_POSSIBLE_SOLUTION,Large Business,control,DTOP-OLD/client/src/assets/docs/knowledgeRepository/graph/DtopCatalogs/control-catalog.json
PRI-03.8,sol_medium_business_bfc8f34b9a,HAS_POSSIBLE_SOLUTION,Medium Business,control,DTOP-OLD/client/src/assets/docs/knowledgeRepository/graph/DtopCatalogs/control-catalog.json
PRI-04,sol_enterprise_3bb6a6848c,HAS_POSSIBLE_SOLUTION,Enterprise,control,DTOP-OLD/client/src/assets/docs/knowledgeRepository/graph/DtopCatalogs/control-catalog.json
PRI-04,sol_large_business_3d0c280570,HAS_POSSIBLE_SOLUTION,Large Business,control,DTOP-OLD/client/src/assets/docs/knowledgeRepository/graph/DtopCatalogs/control-catalog.json
PRI-04,sol_medium_business_bfc8f34b9a,HAS_POSSIBLE_SOLUTION,Medium Business,control,DTOP-OLD/client/src/assets/docs/knowledgeRepository/graph/DtopCatalogs/control-catalog.json
PRI-04.1,sol_enterprise_3bb6a6848c,HAS_POSSIBLE_SOLUTION,Enterprise,control,DTOP-OLD/client/src/assets/docs/knowledgeRepository/graph/DtopCatalogs/control-catalog.json
PRI-04.1,sol_large_business_3d0c280570,HAS_POSSIBLE_SOLUTION,Large Business,control,DTOP-OLD/client/src/assets/docs/knowledgeRepository/graph/DtopCatalogs/control-catalog.json
PRI-04.1,sol_medium_business_bfc8f34b9a,HAS_POSSIBLE_SOLUTION,Medium Business,control,DTOP-OLD/client/src/assets/docs/knowledgeRepository/graph/DtopCatalogs/control-catalog.json
PRI-04.2,sol_enterprise_3bb6a6848c,HAS_POSSIBLE_SOLUTION,Enterprise,control,DTOP-OLD/client/src/assets/docs/knowledgeRepository/graph/DtopCatalogs/control-catalog.json
PRI-04.2,sol_large_business_3d0c280570,HAS_POSSIBLE_SOLUTION,Large Business,control,DTOP-OLD/client/src/assets/docs/knowledgeRepository/graph/DtopCatalogs/control-catalog.json
PRI-04.2,sol_medium_business_bfc8f34b9a,HAS_POSSIBLE_SOLUTION,Medium Business,control,DTOP-OLD/client/src/assets/docs/knowledgeRepository/graph/DtopCatalogs/control-catalog.json
PRI-04.3,sol_enterprise_3bb6a6848c,HAS_POSSIBLE_SOLUTION,Enterprise,control,DTOP-OLD/client/src/assets/docs/knowledgeRepository/graph/DtopCatalogs/control-catalog.json
PRI-04.3,sol_large_business_3d0c280570,HAS_POSSIBLE_SOLUTION,Large Business,control,DTOP-OLD/client/src/assets/docs/knowledgeRepository/graph/DtopCatalogs/control-catalog.json
PRI-04.3,sol_medium_business_bfc8f34b9a,HAS_POSSIBLE_SOLUTION,Medium Business,control,DTOP-OLD/client/src/assets/docs/knowledgeRepository/graph/DtopCatalogs/control-catalog.json
PRI-04.4,sol_enterprise_3bb6a6848c,HAS_POSSIBLE_SOLUTION,Enterprise,control,DTOP-OLD/client/src/assets/docs/knowledgeRepository/graph/DtopCatalogs/control-catalog.json
PRI-04.4,sol_large_business_3d0c280570,HAS_POSSIBLE_SOLUTION,Large Business,control,DTOP-OLD/client/src/assets/docs/knowledgeRepository/graph/DtopCatalogs/control-catalog.json
PRI-04.4,sol_medium_business_bfc8f34b9a,HAS_POSSIBLE_SOLUTION,Medium Business,control,DTOP-OLD/client/src/assets/docs/knowledgeRepository/graph/DtopCatalogs/control-catalog.json
PRI-04.5,sol_enterprise_3bb6a6848c,HAS_POSSIBLE_SOLUTION,Enterprise,control,DTOP-OLD/client/src/assets/docs/knowledgeRepository/graph/DtopCatalogs/control-catalog.json
PRI-04.5,sol_large_business_3d0c280570,HAS_POSSIBLE_SOLUTION,Large Business,control,DTOP-OLD/client/src/assets/docs/knowledgeRepository/graph/DtopCatalogs/control-catalog.json
PRI-04.5,sol_medium_business_bfc8f34b9a,HAS_POSSIBLE_SOLUTION,Medium Business,control,DTOP-OLD/client/src/assets/docs/knowledgeRepository/graph/DtopCatalogs/control-catalog.json
PRI-04.6,sol_enterprise_3bb6a6848c,HAS_POSSIBLE_SOLUTION,Enterprise,control,DTOP-OLD/client/src/assets/docs/knowledgeRepository/graph/DtopCatalogs/control-catalog.json
PRI-04.6,sol_large_business_3d0c280570,HAS_POSSIBLE_SOLUTION,Large Business,control,DTOP-OLD/client/src/assets/docs/knowledgeRepository/graph/DtopCatalogs/control-catalog.json
PRI-04.6,sol_medium_business_bfc8f34b9a,HAS_POSSIBLE_SOLUTION,Medium Business,control,DTOP-OLD/client/src/assets/docs/knowledgeRepository/graph/DtopCatalogs/control-catalog.json
PRI-05,sol_enterprise_3bb6a6848c,HAS_POSSIBLE_SOLUTION,Enterprise,control,DTOP-OLD/client/src/assets/docs/knowledgeRepository/graph/DtopCatalogs/control-catalog.json
PRI-05,sol_large_business_3d0c280570,HAS_POSSIBLE_SOLUTION,Large Business,control,DTOP-OLD/client/src/assets/docs/knowledgeRepository/graph/DtopCatalogs/control-catalog.json
PRI-05,sol_medium_business_bfc8f34b9a,HAS_POSSIBLE_SOLUTION,Medium Business,control,DTOP-OLD/client/src/assets/docs/knowledgeRepository/graph/DtopCatalogs/control-catalog.json
PRI-05.1,sol_enterprise_3bb6a6848c,HAS_POSSIBLE_SOLUTION,Enterprise,control,DTOP-OLD/client/src/assets/docs/knowledgeRepository/graph/DtopCatalogs/control-catalog.json
PRI-05.1,sol_large_business_3d0c280570,HAS_POSSIBLE_SOLUTION,Large Business,control,DTOP-OLD/client/src/assets/docs/knowledgeRepository/graph/DtopCatalogs/control-catalog.json
PRI-05.1,sol_medium_business_bfc8f34b9a,HAS_POSSIBLE_SOLUTION,Medium Business,control,DTOP-OLD/client/src/assets/docs/knowledgeRepository/graph/DtopCatalogs/control-catalog.json
PRI-05.2,sol_enterprise_3bb6a6848c,HAS_POSSIBLE_SOLUTION,Enterprise,control,DTOP-OLD/client/src/assets/docs/knowledgeRepository/graph/DtopCatalogs/control-catalog.json
PRI-05.2,sol_large_business_3d0c280570,HAS_POSSIBLE_SOLUTION,Large Business,control,DTOP-OLD/client/src/assets/docs/knowledgeRepository/graph/DtopCatalogs/control-catalog.json
PRI-05.2,sol_medium_business_bfc8f34b9a,HAS_POSSIBLE_SOLUTION,Medium Business,control,DTOP-OLD/client/src/assets/docs/knowledgeRepository/graph/DtopCatalogs/control-catalog.json
PRI-05.3,sol_enterprise_3bb6a6848c,HAS_POSSIBLE_SOLUTION,Enterprise,control,DTOP-OLD/client/src/assets/docs/knowledgeRepository/graph/DtopCatalogs/control-catalog.json
PRI-05.3,sol_large_business_3d0c280570,HAS_POSSIBLE_SOLUTION,Large Business,control,DTOP-OLD/client/src/assets/docs/knowledgeRepository/graph/DtopCatalogs/control-catalog.json
PRI-05.3,sol_medium_business_bfc8f34b9a,HAS_POSSIBLE_SOLUTION,Medium Business,control,DTOP-OLD/client/src/assets/docs/knowledgeRepository/graph/DtopCatalogs/control-catalog.json
PRI-05.4,sol_enterprise_3bb6a6848c,HAS_POSSIBLE_SOLUTION,Enterprise,control,DTOP-OLD/client/src/assets/docs/knowledgeRepository/graph/DtopCatalogs/control-catalog.json
PRI-05.4,sol_large_business_3d0c280570,HAS_POSSIBLE_SOLUTION,Large Business,control,DTOP-OLD/client/src/assets/docs/knowledgeRepository/graph/DtopCatalogs/control-catalog.json
PRI-05.4,sol_medium_business_bfc8f34b9a,HAS_POSSIBLE_SOLUTION,Medium Business,control,DTOP-OLD/client/src/assets/docs/knowledgeRepository/graph/DtopCatalogs/control-catalog.json
PRI-05.5,sol_enterprise_3bb6a6848c,HAS_POSSIBLE_SOLUTION,Enterprise,control,DTOP-OLD/client/src/assets/docs/knowledgeRepository/graph/DtopCatalogs/control-catalog.json
PRI-05.5,sol_large_business_3d0c280570,HAS_POSSIBLE_SOLUTION,Large Business,control,DTOP-OLD/client/src/assets/docs/knowledgeRepository/graph/DtopCatalogs/control-catalog.json
PRI-05.5,sol_medium_business_bfc8f34b9a,HAS_POSSIBLE_SOLUTION,Medium Business,control,DTOP-OLD/client/src/assets/docs/knowledgeRepository/graph/DtopCatalogs/control-catalog.json
PRI-05.6,sol_enterprise_3bb6a6848c,HAS_POSSIBLE_SOLUTION,Enterprise,control,DTOP-OLD/client/src/assets/docs/knowledgeRepository/graph/DtopCatalogs/control-catalog.json
PRI-05.6,sol_large_business_3d0c280570,HAS_POSSIBLE_SOLUTION,Large Business,control,DTOP-OLD/client/src/assets/docs/knowledgeRepository/graph/DtopCatalogs/control-catalog.json
PRI-05.6,sol_medium_business_bfc8f34b9a,HAS_POSSIBLE_SOLUTION,Medium Business,control,DTOP-OLD/client/src/assets/docs/knowledgeRepository/graph/DtopCatalogs/control-catalog.json
PRI-05.7,sol_enterprise_3bb6a6848c,HAS_POSSIBLE_SOLUTION,Enterprise,control,DTOP-OLD/client/src/assets/docs/knowledgeRepository/graph/DtopCatalogs/control-catalog.json
PRI-05.7,sol_large_business_3d0c280570,HAS_POSSIBLE_SOLUTION,Large Business,control,DTOP-OLD/client/src/assets/docs/knowledgeRepository/graph/DtopCatalogs/control-catalog.json
PRI-05.7,sol_medium_business_bfc8f34b9a,HAS_POSSIBLE_SOLUTION,Medium Business,control,DTOP-OLD/client/src/assets/docs/knowledgeRepository/graph/DtopCatalogs/control-catalog.json
PRI-06,sol_enterprise_3bb6a6848c,HAS_POSSIBLE_SOLUTION,Enterprise,control,DTOP-OLD/client/src/assets/docs/knowledgeRepository/graph/DtopCatalogs/control-catalog.json
PRI-06,sol_large_business_3d0c280570,HAS_POSSIBLE_SOLUTION,Large Business,control,DTOP-OLD/client/src/assets/docs/knowledgeRepository/graph/DtopCatalogs/control-catalog.json
PRI-06,sol_medium_business_bfc8f34b9a,HAS_POSSIBLE_SOLUTION,Medium Business,control,DTOP-OLD/client/src/assets/docs/knowledgeRepository/graph/DtopCatalogs/control-catalog.json
PRI-06.1,sol_enterprise_3bb6a6848c,HAS_POSSIBLE_SOLUTION,Enterprise,control,DTOP-OLD/client/src/assets/docs/knowledgeRepository/graph/DtopCatalogs/control-catalog.json
PRI-06.1,sol_large_business_3d0c280570,HAS_POSSIBLE_SOLUTION,Large Business,control,DTOP-OLD/client/src/assets/docs/knowledgeRepository/graph/DtopCatalogs/control-catalog.json
PRI-06.1,sol_medium_business_bfc8f34b9a,HAS_POSSIBLE_SOLUTION,Medium Business,control,DTOP-OLD/client/src/assets/docs/knowledgeRepository/graph/DtopCatalogs/control-catalog.json
PRI-06.2,sol_enterprise_3bb6a6848c,HAS_POSSIBLE_SOLUTION,Enterprise,control,DTOP-OLD/client/src/assets/docs/knowledgeRepository/graph/DtopCatalogs/control-catalog.json
PRI-06.2,sol_large_business_3d0c280570,HAS_POSSIBLE_SOLUTION,Large Business,control,DTOP-OLD/client/src/assets/docs/knowledgeRepository/graph/DtopCatalogs/control-catalog.json
PRI-06.2,sol_medium_business_bfc8f34b9a,HAS_POSSIBLE_SOLUTION,Medium Business,control,DTOP-OLD/client/src/assets/docs/knowledgeRepository/graph/DtopCatalogs/control-catalog.json
PRI-06.3,sol_enterprise_3bb6a6848c,HAS_POSSIBLE_SOLUTION,Enterprise,control,DTOP-OLD/client/src/assets/docs/knowledgeRepository/graph/DtopCatalogs/control-catalog.json
PRI-06.3,sol_large_business_3d0c280570,HAS_POSSIBLE_SOLUTION,Large Business,control,DTOP-OLD/client/src/assets/docs/knowledgeRepository/graph/DtopCatalogs/control-catalog.json
PRI-06.3,sol_medium_business_bfc8f34b9a,HAS_POSSIBLE_SOLUTION,Medium Business,control,DTOP-OLD/client/src/assets/docs/knowledgeRepository/graph/DtopCatalogs/control-catalog.json
PRI-06.4,sol_enterprise_3bb6a6848c,HAS_POSSIBLE_SOLUTION,Enterprise,control,DTOP-OLD/client/src/assets/docs/knowledgeRepository/graph/DtopCatalogs/control-catalog.json
PRI-06.4,sol_large_business_3d0c280570,HAS_POSSIBLE_SOLUTION,Large Business,control,DTOP-OLD/client/src/assets/docs/knowledgeRepository/graph/DtopCatalogs/control-catalog.json
PRI-06.4,sol_medium_business_bfc8f34b9a,HAS_POSSIBLE_SOLUTION,Medium Business,control,DTOP-OLD/client/src/assets/docs/knowledgeRepository/graph/DtopCatalogs/control-catalog.json
PRI-06.5,sol_enterprise_3bb6a6848c,HAS_POSSIBLE_SOLUTION,Enterprise,control,DTOP-OLD/client/src/assets/docs/knowledgeRepository/graph/DtopCatalogs/control-catalog.json
PRI-06.5,sol_large_business_3d0c280570,HAS_POSSIBLE_SOLUTION,Large Business,control,DTOP-OLD/client/src/assets/docs/knowledgeRepository/graph/DtopCatalogs/control-catalog.json
PRI-06.5,sol_medium_business_bfc8f34b9a,HAS_POSSIBLE_SOLUTION,Medium Business,control,DTOP-OLD/client/src/assets/docs/knowledgeRepository/graph/DtopCatalogs/control-catalog.json
PRI-06.6,sol_enterprise_3bb6a6848c,HAS_POSSIBLE_SOLUTION,Enterprise,control,DTOP-OLD/client/src/assets/docs/knowledgeRepository/graph/DtopCatalogs/control-catalog.json
PRI-06.6,sol_large_business_3d0c280570,HAS_POSSIBLE_SOLUTION,Large Business,control,DTOP-OLD/client/src/assets/docs/knowledgeRepository/graph/DtopCatalogs/control-catalog.json
PRI-06.6,sol_medium_business_bfc8f34b9a,HAS_POSSIBLE_SOLUTION,Medium Business,control,DTOP-OLD/client/src/assets/docs/knowledgeRepository/graph/DtopCatalogs/control-catalog.json
PRI-06.7,sol_enterprise_3bb6a6848c,HAS_POSSIBLE_SOLUTION,Enterprise,control,DTOP-OLD/client/src/assets/docs/knowledgeRepository/graph/DtopCatalogs/control-catalog.json
PRI-06.7,sol_large_business_3d0c280570,HAS_POSSIBLE_SOLUTION,Large Business,control,DTOP-OLD/client/src/assets/docs/knowledgeRepository/graph/DtopCatalogs/control-catalog.json
PRI-06.7,sol_medium_business_bfc8f34b9a,HAS_POSSIBLE_SOLUTION,Medium Business,control,DTOP-OLD/client/src/assets/docs/knowledgeRepository/graph/DtopCatalogs/control-catalog.json
PRI-07,sol_enterprise_3bb6a6848c,HAS_POSSIBLE_SOLUTION,Enterprise,control,DTOP-OLD/client/src/assets/docs/knowledgeRepository/graph/DtopCatalogs/control-catalog.json
PRI-07,sol_large_business_3d0c280570,HAS_POSSIBLE_SOLUTION,Large Business,control,DTOP-OLD/client/src/assets/docs/knowledgeRepository/graph/DtopCatalogs/control-catalog.json
PRI-07,sol_medium_business_bfc8f34b9a,HAS_POSSIBLE_SOLUTION,Medium Business,control,DTOP-OLD/client/src/assets/docs/knowledgeRepository/graph/DtopCatalogs/control-catalog.json
PRI-07.1,sol_enterprise_3bb6a6848c,HAS_POSSIBLE_SOLUTION,Enterprise,control,DTOP-OLD/client/src/assets/docs/knowledgeRepository/graph/DtopCatalogs/control-catalog.json
PRI-07.1,sol_large_business_3d0c280570,HAS_POSSIBLE_SOLUTION,Large Business,control,DTOP-OLD/client/src/assets/docs/knowledgeRepository/graph/DtopCatalogs/control-catalog.json
PRI-07.1,sol_medium_business_bfc8f34b9a,HAS_POSSIBLE_SOLUTION,Medium Business,control,DTOP-OLD/client/src/assets/docs/knowledgeRepository/graph/DtopCatalogs/control-catalog.json
PRI-07.2,sol_enterprise_3bb6a6848c,HAS_POSSIBLE_SOLUTION,Enterprise,control,DTOP-OLD/client/src/assets/docs/knowledgeRepository/graph/DtopCatalogs/control-catalog.json
PRI-07.2,sol_large_business_3d0c280570,HAS_POSSIBLE_SOLUTION,Large Business,control,DTOP-OLD/client/src/assets/docs/knowledgeRepository/graph/DtopCatalogs/control-catalog.json
PRI-07.2,sol_medium_business_bfc8f34b9a,HAS_POSSIBLE_SOLUTION,Medium Business,control,DTOP-OLD/client/src/assets/docs/knowledgeRepository/graph/DtopCatalogs/control-catalog.json
PRI-07.3,sol_enterprise_3bb6a6848c,HAS_POSSIBLE_SOLUTION,Enterprise,control,DTOP-OLD/client/src/assets/docs/knowledgeRepository/graph/DtopCatalogs/control-catalog.json
PRI-07.3,sol_large_business_3d0c280570,HAS_POSSIBLE_SOLUTION,Large Business,control,DTOP-OLD/client/src/assets/docs/knowledgeRepository/graph/DtopCatalogs/control-catalog.json
PRI-07.3,sol_medium_business_bfc8f34b9a,HAS_POSSIBLE_SOLUTION,Medium Business,control,DTOP-OLD/client/src/assets/docs/knowledgeRepository/graph/DtopCatalogs/control-catalog.json
PRI-07.4,sol_enterprise_3bb6a6848c,HAS_POSSIBLE_SOLUTION,Enterprise,control,DTOP-OLD/client/src/assets/docs/knowledgeRepository/graph/DtopCatalogs/control-catalog.json
PRI-07.4,sol_large_business_3d0c280570,HAS_POSSIBLE_SOLUTION,Large Business,control,DTOP-OLD/client/src/assets/docs/knowledgeRepository/graph/DtopCatalogs/control-catalog.json
PRI-07.4,sol_medium_business_bfc8f34b9a,HAS_POSSIBLE_SOLUTION,Medium Business,control,DTOP-OLD/client/src/assets/docs/knowledgeRepository/graph/DtopCatalogs/control-catalog.json
PRI-07.5,sol_enterprise_3bb6a6848c,HAS_POSSIBLE_SOLUTION,Enterprise,control,DTOP-OLD/client/src/assets/docs/knowledgeRepository/graph/DtopCatalogs/control-catalog.json
PRI-07.5,sol_large_business_3d0c280570,HAS_POSSIBLE_SOLUTION,Large Business,control,DTOP-OLD/client/src/assets/docs/knowledgeRepository/graph/DtopCatalogs/control-catalog.json
PRI-07.5,sol_medium_business_bfc8f34b9a,HAS_POSSIBLE_SOLUTION,Medium Business,control,DTOP-OLD/client/src/assets/docs/knowledgeRepository/graph/DtopCatalogs/control-catalog.json
PRI-08,sol_enterprise_3bb6a6848c,HAS_POSSIBLE_SOLUTION,Enterprise,control,DTOP-OLD/client/src/assets/docs/knowledgeRepository/graph/DtopCatalogs/control-catalog.json
PRI-08,sol_large_business_3d0c280570,HAS_POSSIBLE_SOLUTION,Large Business,control,DTOP-OLD/client/src/assets/docs/knowledgeRepository/graph/DtopCatalogs/control-catalog.json
PRI-08,sol_medium_business_bfc8f34b9a,HAS_POSSIBLE_SOLUTION,Medium Business,control,DTOP-OLD/client/src/assets/docs/knowledgeRepository/graph/DtopCatalogs/control-catalog.json
PRI-09,sol_enterprise_3bb6a6848c,HAS_POSSIBLE_SOLUTION,Enterprise,control,DTOP-OLD/client/src/assets/docs/knowledgeRepository/graph/DtopCatalogs/control-catalog.json
PRI-09,sol_large_business_3d0c280570,HAS_POSSIBLE_SOLUTION,Large Business,control,DTOP-OLD/client/src/assets/docs/knowledgeRepository/graph/DtopCatalogs/control-catalog.json
PRI-09,sol_medium_business_bfc8f34b9a,HAS_POSSIBLE_SOLUTION,Medium Business,control,DTOP-OLD/client/src/assets/docs/knowledgeRepository/graph/DtopCatalogs/control-catalog.json
PRI-10,sol_enterprise_3bb6a6848c,HAS_POSSIBLE_SOLUTION,Enterprise,control,DTOP-OLD/client/src/assets/docs/knowledgeRepository/graph/DtopCatalogs/control-catalog.json
PRI-10,sol_large_business_3d0c280570,HAS_POSSIBLE_SOLUTION,Large Business,control,DTOP-OLD/client/src/assets/docs/knowledgeRepository/graph/DtopCatalogs/control-catalog.json
PRI-10,sol_medium_business_bfc8f34b9a,HAS_POSSIBLE_SOLUTION,Medium Business,control,DTOP-OLD/client/src/assets/docs/knowledgeRepository/graph/DtopCatalogs/control-catalog.json
PRI-10.1,sol_enterprise_3bb6a6848c,HAS_POSSIBLE_SOLUTION,Enterprise,control,DTOP-OLD/client/src/assets/docs/knowledgeRepository/graph/DtopCatalogs/control-catalog.json
PRI-10.1,sol_large_business_3d0c280570,HAS_POSSIBLE_SOLUTION,Large Business,control,DTOP-OLD/client/src/assets/docs/knowledgeRepository/graph/DtopCatalogs/control-catalog.json
PRI-10.1,sol_medium_business_bfc8f34b9a,HAS_POSSIBLE_SOLUTION,Medium Business,control,DTOP-OLD/client/src/assets/docs/knowledgeRepository/graph/DtopCatalogs/control-catalog.json
PRI-10.2,sol_enterprise_3bb6a6848c,HAS_POSSIBLE_SOLUTION,Enterprise,control,DTOP-OLD/client/src/assets/docs/knowledgeRepository/graph/DtopCatalogs/control-catalog.json
PRI-10.2,sol_large_business_3d0c280570,HAS_POSSIBLE_SOLUTION,Large Business,control,DTOP-OLD/client/src/assets/docs/knowledgeRepository/graph/DtopCatalogs/control-catalog.json
PRI-10.2,sol_medium_business_bfc8f34b9a,HAS_POSSIBLE_SOLUTION,Medium Business,control,DTOP-OLD/client/src/assets/docs/knowledgeRepository/graph/DtopCatalogs/control-catalog.json
PRI-11,sol_enterprise_3bb6a6848c,HAS_POSSIBLE_SOLUTION,Enterprise,control,DTOP-OLD/client/src/assets/docs/knowledgeRepository/graph/DtopCatalogs/control-catalog.json
PRI-11,sol_large_business_3d0c280570,HAS_POSSIBLE_SOLUTION,Large Business,control,DTOP-OLD/client/src/assets/docs/knowledgeRepository/graph/DtopCatalogs/control-catalog.json
PRI-11,sol_medium_business_bfc8f34b9a,HAS_POSSIBLE_SOLUTION,Medium Business,control,DTOP-OLD/client/src/assets/docs/knowledgeRepository/graph/DtopCatalogs/control-catalog.json
PRI-12,sol_enterprise_3bb6a6848c,HAS_POSSIBLE_SOLUTION,Enterprise,control,DTOP-OLD/client/src/assets/docs/knowledgeRepository/graph/DtopCatalogs/control-catalog.json
PRI-12,sol_large_business_3d0c280570,HAS_POSSIBLE_SOLUTION,Large Business,control,DTOP-OLD/client/src/assets/docs/knowledgeRepository/graph/DtopCatalogs/control-catalog.json
PRI-12,sol_medium_business_bfc8f34b9a,HAS_POSSIBLE_SOLUTION,Medium Business,control,DTOP-OLD/client/src/assets/docs/knowledgeRepository/graph/DtopCatalogs/control-catalog.json
PRI-13,sol_enterprise_3bb6a6848c,HAS_POSSIBLE_SOLUTION,Enterprise,control,DTOP-OLD/client/src/assets/docs/knowledgeRepository/graph/DtopCatalogs/control-catalog.json
PRI-13,sol_large_business_3d0c280570,HAS_POSSIBLE_SOLUTION,Large Business,control,DTOP-OLD/client/src/assets/docs/knowledgeRepository/graph/DtopCatalogs/control-catalog.json
PRI-13,sol_medium_business_bfc8f34b9a,HAS_POSSIBLE_SOLUTION,Medium Business,control,DTOP-OLD/client/src/assets/docs/knowledgeRepository/graph/DtopCatalogs/control-catalog.json
PRI-14,sol_enterprise_3bb6a6848c,HAS_POSSIBLE_SOLUTION,Enterprise,control,DTOP-OLD/client/src/assets/docs/knowledgeRepository/graph/DtopCatalogs/control-catalog.json
PRI-14,sol_large_business_3d0c280570,HAS_POSSIBLE_SOLUTION,Large Business,control,DTOP-OLD/client/src/assets/docs/knowledgeRepository/graph/DtopCatalogs/control-catalog.json
PRI-14,sol_medium_business_bfc8f34b9a,HAS_POSSIBLE_SOLUTION,Medium Business,control,DTOP-OLD/client/src/assets/docs/knowledgeRepository/graph/DtopCatalogs/control-catalog.json
PRI-14.1,sol_enterprise_3bb6a6848c,HAS_POSSIBLE_SOLUTION,Enterprise,control,DTOP-OLD/client/src/assets/docs/knowledgeRepository/graph/DtopCatalogs/control-catalog.json
PRI-14.1,sol_large_business_3d0c280570,HAS_POSSIBLE_SOLUTION,Large Business,control,DTOP-OLD/client/src/assets/docs/knowledgeRepository/graph/DtopCatalogs/control-catalog.json
PRI-14.1,sol_medium_business_bfc8f34b9a,HAS_POSSIBLE_SOLUTION,Medium Business,control,DTOP-OLD/client/src/assets/docs/knowledgeRepository/graph/DtopCatalogs/control-catalog.json
PRI-14.2,sol_enterprise_3bb6a6848c,HAS_POSSIBLE_SOLUTION,Enterprise,control,DTOP-OLD/client/src/assets/docs/knowledgeRepository/graph/DtopCatalogs/control-catalog.json
PRI-14.2,sol_large_business_3d0c280570,HAS_POSSIBLE_SOLUTION,Large Business,control,DTOP-OLD/client/src/assets/docs/knowledgeRepository/graph/DtopCatalogs/control-catalog.json
PRI-14.2,sol_medium_business_bfc8f34b9a,HAS_POSSIBLE_SOLUTION,Medium Business,control,DTOP-OLD/client/src/assets/docs/knowledgeRepository/graph/DtopCatalogs/control-catalog.json
PRI-15,sol_enterprise_3bb6a6848c,HAS_POSSIBLE_SOLUTION,Enterprise,control,DTOP-OLD/client/src/assets/docs/knowledgeRepository/graph/DtopCatalogs/control-catalog.json
PRI-15,sol_large_business_3d0c280570,HAS_POSSIBLE_SOLUTION,Large Business,control,DTOP-OLD/client/src/assets/docs/knowledgeRepository/graph/DtopCatalogs/control-catalog.json
PRI-15,sol_medium_business_bfc8f34b9a,HAS_POSSIBLE_SOLUTION,Medium Business,control,DTOP-OLD/client/src/assets/docs/knowledgeRepository/graph/DtopCatalogs/control-catalog.json
PRI-16,sol_enterprise_de8cb37519,HAS_POSSIBLE_SOLUTION,Enterprise,control,DTOP-OLD/client/src/assets/docs/knowledgeRepository/graph/DtopCatalogs/control-catalog.json
PRI-16,sol_large_business_21b20806c6,HAS_POSSIBLE_SOLUTION,Large Business,control,DTOP-OLD/client/src/assets/docs/knowledgeRepository/graph/DtopCatalogs/control-catalog.json
PRI-16,sol_medium_business_bfc8f34b9a,HAS_POSSIBLE_SOLUTION,Medium Business,control,DTOP-OLD/client/src/assets/docs/knowledgeRepository/graph/DtopCatalogs/control-catalog.json
PRI-17,sol_enterprise_3bb6a6848c,HAS_POSSIBLE_SOLUTION,Enterprise,control,DTOP-OLD/client/src/assets/docs/knowledgeRepository/graph/DtopCatalogs/control-catalog.json
PRI-17,sol_large_business_3d0c280570,HAS_POSSIBLE_SOLUTION,Large Business,control,DTOP-OLD/client/src/assets/docs/knowledgeRepository/graph/DtopCatalogs/control-catalog.json
PRI-17,sol_medium_business_bfc8f34b9a,HAS_POSSIBLE_SOLUTION,Medium Business,control,DTOP-OLD/client/src/assets/docs/knowledgeRepository/graph/DtopCatalogs/control-catalog.json
PRI-17.1,sol_enterprise_3bb6a6848c,HAS_POSSIBLE_SOLUTION,Enterprise,control,DTOP-OLD/client/src/assets/docs/knowledgeRepository/graph/DtopCatalogs/control-catalog.json
PRI-17.1,sol_large_business_3d0c280570,HAS_POSSIBLE_SOLUTION,Large Business,control,DTOP-OLD/client/src/assets/docs/knowledgeRepository/graph/DtopCatalogs/control-catalog.json
PRI-17.1,sol_medium_business_bfc8f34b9a,HAS_POSSIBLE_SOLUTION,Medium Business,control,DTOP-OLD/client/src/assets/docs/knowledgeRepository/graph/DtopCatalogs/control-catalog.json
PRI-17.2,sol_enterprise_3bb6a6848c,HAS_POSSIBLE_SOLUTION,Enterprise,control,DTOP-OLD/client/src/assets/docs/knowledgeRepository/graph/DtopCatalogs/control-catalog.json
PRI-17.2,sol_large_business_3d0c280570,HAS_POSSIBLE_SOLUTION,Large Business,control,DTOP-OLD/client/src/assets/docs/knowledgeRepository/graph/DtopCatalogs/control-catalog.json
PRI-17.2,sol_medium_business_bfc8f34b9a,HAS_POSSIBLE_SOLUTION,Medium Business,control,DTOP-OLD/client/src/assets/docs/knowledgeRepository/graph/DtopCatalogs/control-catalog.json
PRI-18,sol_enterprise_3bb6a6848c,HAS_POSSIBLE_SOLUTION,Enterprise,control,DTOP-OLD/client/src/assets/docs/knowledgeRepository/graph/DtopCatalogs/control-catalog.json
PRI-18,sol_large_business_3d0c280570,HAS_POSSIBLE_SOLUTION,Large Business,control,DTOP-OLD/client/src/assets/docs/knowledgeRepository/graph/DtopCatalogs/control-catalog.json
PRI-18,sol_medium_business_bfc8f34b9a,HAS_POSSIBLE_SOLUTION,Medium Business,control,DTOP-OLD/client/src/assets/docs/knowledgeRepository/graph/DtopCatalogs/control-catalog.json
PRM-01.1,sol_enterprise_ce81b37f29,HAS_POSSIBLE_SOLUTION,Enterprise,control,DTOP-OLD/client/src/assets/docs/knowledgeRepository/graph/DtopCatalogs/control-catalog.json
PRM-01.1,sol_large_business_dda3a7a185,HAS_POSSIBLE_SOLUTION,Large Business,control,DTOP-OLD/client/src/assets/docs/knowledgeRepository/graph/DtopCatalogs/control-catalog.json
PRM-01.1,sol_medium_business_bc4f30eb11,HAS_POSSIBLE_SOLUTION,Medium Business,control,DTOP-OLD/client/src/assets/docs/knowledgeRepository/graph/DtopCatalogs/control-catalog.json
PRM-01.2,sol_enterprise_1a50317441,HAS_POSSIBLE_SOLUTION,Enterprise,control,DTOP-OLD/client/src/assets/docs/knowledgeRepository/graph/DtopCatalogs/control-catalog.json
PRM-01.2,sol_large_business_9fe7a9c4ab,HAS_POSSIBLE_SOLUTION,Large Business,control,DTOP-OLD/client/src/assets/docs/knowledgeRepository/graph/DtopCatalogs/control-catalog.json
PRM-01.2,sol_medium_business_9b8efb5ecf,HAS_POSSIBLE_SOLUTION,Medium Business,control,DTOP-OLD/client/src/assets/docs/knowledgeRepository/graph/DtopCatalogs/control-catalog.json
PRM-02,sol_enterprise_71ab702b53,HAS_POSSIBLE_SOLUTION,Enterprise,control,DTOP-OLD/client/src/assets/docs/knowledgeRepository/graph/DtopCatalogs/control-catalog.json
PRM-02,sol_large_business_be380e3a67,HAS_POSSIBLE_SOLUTION,Large Business,control,DTOP-OLD/client/src/assets/docs/knowledgeRepository/graph/DtopCatalogs/control-catalog.json
PRM-02,sol_medium_business_93be80b3ce,HAS_POSSIBLE_SOLUTION,Medium Business,control,DTOP-OLD/client/src/assets/docs/knowledgeRepository/graph/DtopCatalogs/control-catalog.json
PRM-03,sol_enterprise_b50801dd0f,HAS_POSSIBLE_SOLUTION,Enterprise,control,DTOP-OLD/client/src/assets/docs/knowledgeRepository/graph/DtopCatalogs/control-catalog.json
PRM-03,sol_large_business_7ec7688681,HAS_POSSIBLE_SOLUTION,Large Business,control,DTOP-OLD/client/src/assets/docs/knowledgeRepository/graph/DtopCatalogs/control-catalog.json
PRM-03,sol_medium_business_21005ffb57,HAS_POSSIBLE_SOLUTION,Medium Business,control,DTOP-OLD/client/src/assets/docs/knowledgeRepository/graph/DtopCatalogs/control-catalog.json
PRM-04,sol_enterprise_d80adfac1e,HAS_POSSIBLE_SOLUTION,Enterprise,control,DTOP-OLD/client/src/assets/docs/knowledgeRepository/graph/DtopCatalogs/control-catalog.json
PRM-04,sol_large_business_94ee4c9125,HAS_POSSIBLE_SOLUTION,Large Business,control,DTOP-OLD/client/src/assets/docs/knowledgeRepository/graph/DtopCatalogs/control-catalog.json
PRM-04,sol_medium_business_fd7a0dcc1c,HAS_POSSIBLE_SOLUTION,Medium Business,control,DTOP-OLD/client/src/assets/docs/knowledgeRepository/graph/DtopCatalogs/control-catalog.json
PRM-05,sol_enterprise_84deb97862,HAS_POSSIBLE_SOLUTION,Enterprise,control,DTOP-OLD/client/src/assets/docs/knowledgeRepository/graph/DtopCatalogs/control-catalog.json
PRM-05,sol_large_business_a2945e9f81,HAS_POSSIBLE_SOLUTION,Large Business,control,DTOP-OLD/client/src/assets/docs/knowledgeRepository/graph/DtopCatalogs/control-catalog.json
PRM-05,sol_medium_business_1304ccc5da,HAS_POSSIBLE_SOLUTION,Medium Business,control,DTOP-OLD/client/src/assets/docs/knowledgeRepository/graph/DtopCatalogs/control-catalog.json
PRM-06,sol_enterprise_41e3413d62,HAS_POSSIBLE_SOLUTION,Enterprise,control,DTOP-OLD/client/src/assets/docs/knowledgeRepository/graph/DtopCatalogs/control-catalog.json
PRM-06,sol_large_business_f463da70dd,HAS_POSSIBLE_SOLUTION,Large Business,control,DTOP-OLD/client/src/assets/docs/knowledgeRepository/graph/DtopCatalogs/control-catalog.json
PRM-06,sol_medium_business_623061a066,HAS_POSSIBLE_SOLUTION,Medium Business,control,DTOP-OLD/client/src/assets/docs/knowledgeRepository/graph/DtopCatalogs/control-catalog.json
PRM-07,sol_enterprise_41e3413d62,HAS_POSSIBLE_SOLUTION,Enterprise,control,DTOP-OLD/client/src/assets/docs/knowledgeRepository/graph/DtopCatalogs/control-catalog.json
PRM-07,sol_large_business_f463da70dd,HAS_POSSIBLE_SOLUTION,Large Business,control,DTOP-OLD/client/src/assets/docs/knowledgeRepository/graph/DtopCatalogs/control-catalog.json
PRM-07,sol_medium_business_623061a066,HAS_POSSIBLE_SOLUTION,Medium Business,control,DTOP-OLD/client/src/assets/docs/knowledgeRepository/graph/DtopCatalogs/control-catalog.json
RSK-01,sol_enterprise_5938382f19,HAS_POSSIBLE_SOLUTION,Enterprise,control,DTOP-OLD/client/src/assets/docs/knowledgeRepository/graph/DtopCatalogs/control-catalog.json
RSK-01,sol_large_business_3ae2891721,HAS_POSSIBLE_SOLUTION,Large Business,control,DTOP-OLD/client/src/assets/docs/knowledgeRepository/graph/DtopCatalogs/control-catalog.json
RSK-01,sol_medium_business_f2913f0f5a,HAS_POSSIBLE_SOLUTION,Medium Business,control,DTOP-OLD/client/src/assets/docs/knowledgeRepository/graph/DtopCatalogs/control-catalog.json
RSK-01.1,sol_enterprise_5938382f19,HAS_POSSIBLE_SOLUTION,Enterprise,control,DTOP-OLD/client/src/assets/docs/knowledgeRepository/graph/DtopCatalogs/control-catalog.json
RSK-01.1,sol_large_business_3ae2891721,HAS_POSSIBLE_SOLUTION,Large Business,control,DTOP-OLD/client/src/assets/docs/knowledgeRepository/graph/DtopCatalogs/control-catalog.json
RSK-01.1,sol_medium_business_f2913f0f5a,HAS_POSSIBLE_SOLUTION,Medium Business,control,DTOP-OLD/client/src/assets/docs/knowledgeRepository/graph/DtopCatalogs/control-catalog.json
RSK-01.2,sol_enterprise_5938382f19,HAS_POSSIBLE_SOLUTION,Enterprise,control,DTOP-OLD/client/src/assets/docs/knowledgeRepository/graph/DtopCatalogs/control-catalog.json
RSK-01.2,sol_large_business_3ae2891721,HAS_POSSIBLE_SOLUTION,Large Business,control,DTOP-OLD/client/src/assets/docs/knowledgeRepository/graph/DtopCatalogs/control-catalog.json
RSK-01.2,sol_medium_business_f2913f0f5a,HAS_POSSIBLE_SOLUTION,Medium Business,control,DTOP-OLD/client/src/assets/docs/knowledgeRepository/graph/DtopCatalogs/control-catalog.json
RSK-01.3,sol_enterprise_5daa73263c,HAS_POSSIBLE_SOLUTION,Enterprise,control,DTOP-OLD/client/src/assets/docs/knowledgeRepository/graph/DtopCatalogs/control-catalog.json
RSK-01.3,sol_large_business_aec674e4d7,HAS_POSSIBLE_SOLUTION,Large Business,control,DTOP-OLD/client/src/assets/docs/knowledgeRepository/graph/DtopCatalogs/control-catalog.json
RSK-01.3,sol_medium_business_6d21556cf2,HAS_POSSIBLE_SOLUTION,Medium Business,control,DTOP-OLD/client/src/assets/docs/knowledgeRepository/graph/DtopCatalogs/control-catalog.json
RSK-01.4,sol_enterprise_374ba642db,HAS_POSSIBLE_SOLUTION,Enterprise,control,DTOP-OLD/client/src/assets/docs/knowledgeRepository/graph/DtopCatalogs/control-catalog.json
RSK-01.4,sol_large_business_b8781b5a6e,HAS_POSSIBLE_SOLUTION,Large Business,control,DTOP-OLD/client/src/assets/docs/knowledgeRepository/graph/DtopCatalogs/control-catalog.json
RSK-01.4,sol_medium_business_122e05ae7a,HAS_POSSIBLE_SOLUTION,Medium Business,control,DTOP-OLD/client/src/assets/docs/knowledgeRepository/graph/DtopCatalogs/control-catalog.json
RSK-01.5,sol_enterprise_5daa73263c,HAS_POSSIBLE_SOLUTION,Enterprise,control,DTOP-OLD/client/src/assets/docs/knowledgeRepository/graph/DtopCatalogs/control-catalog.json
RSK-01.5,sol_large_business_aec674e4d7,HAS_POSSIBLE_SOLUTION,Large Business,control,DTOP-OLD/client/src/assets/docs/knowledgeRepository/graph/DtopCatalogs/control-catalog.json
RSK-01.5,sol_medium_business_6d21556cf2,HAS_POSSIBLE_SOLUTION,Medium Business,control,DTOP-OLD/client/src/assets/docs/knowledgeRepository/graph/DtopCatalogs/control-catalog.json
RSK-02,sol_enterprise_5938382f19,HAS_POSSIBLE_SOLUTION,Enterprise,control,DTOP-OLD/client/src/assets/docs/knowledgeRepository/graph/DtopCatalogs/control-catalog.json
RSK-02,sol_large_business_3ae2891721,HAS_POSSIBLE_SOLUTION,Large Business,control,DTOP-OLD/client/src/assets/docs/knowledgeRepository/graph/DtopCatalogs/control-catalog.json
RSK-02,sol_medium_business_f2913f0f5a,HAS_POSSIBLE_SOLUTION,Medium Business,control,DTOP-OLD/client/src/assets/docs/knowledgeRepository/graph/DtopCatalogs/control-catalog.json
RSK-02.1,sol_enterprise_5938382f19,HAS_POSSIBLE_SOLUTION,Enterprise,control,DTOP-OLD/client/src/assets/docs/knowledgeRepository/graph/DtopCatalogs/control-catalog.json
RSK-02.1,sol_large_business_3ae2891721,HAS_POSSIBLE_SOLUTION,Large Business,control,DTOP-OLD/client/src/assets/docs/knowledgeRepository/graph/DtopCatalogs/control-catalog.json
RSK-02.1,sol_medium_business_f2913f0f5a,HAS_POSSIBLE_SOLUTION,Medium Business,control,DTOP-OLD/client/src/assets/docs/knowledgeRepository/graph/DtopCatalogs/control-catalog.json
RSK-03,sol_enterprise_5938382f19,HAS_POSSIBLE_SOLUTION,Enterprise,control,DTOP-OLD/client/src/assets/docs/knowledgeRepository/graph/DtopCatalogs/control-catalog.json
RSK-03,sol_large_business_3ae2891721,HAS_POSSIBLE_SOLUTION,Large Business,control,DTOP-OLD/client/src/assets/docs/knowledgeRepository/graph/DtopCatalogs/control-catalog.json
RSK-03,sol_medium_business_f2913f0f5a,HAS_POSSIBLE_SOLUTION,Medium Business,control,DTOP-OLD/client/src/assets/docs/knowledgeRepository/graph/DtopCatalogs/control-catalog.json
RSK-03.1,sol_enterprise_09d4d452b3,HAS_POSSIBLE_SOLUTION,Enterprise,control,DTOP-OLD/client/src/assets/docs/knowledgeRepository/graph/DtopCatalogs/control-catalog.json
RSK-03.1,sol_large_business_74b81d405a,HAS_POSSIBLE_SOLUTION,Large Business,control,DTOP-OLD/client/src/assets/docs/knowledgeRepository/graph/DtopCatalogs/control-catalog.json
RSK-03.1,sol_medium_business_cf0c5826be,HAS_POSSIBLE_SOLUTION,Medium Business,control,DTOP-OLD/client/src/assets/docs/knowledgeRepository/graph/DtopCatalogs/control-catalog.json
RSK-04,sol_enterprise_be50901f61,HAS_POSSIBLE_SOLUTION,Enterprise,control,DTOP-OLD/client/src/assets/docs/knowledgeRepository/graph/DtopCatalogs/control-catalog.json
RSK-04,sol_large_business_a849399538,HAS_POSSIBLE_SOLUTION,Large Business,control,DTOP-OLD/client/src/assets/docs/knowledgeRepository/graph/DtopCatalogs/control-catalog.json
RSK-04,sol_medium_business_557b7e73d8,HAS_POSSIBLE_SOLUTION,Medium Business,control,DTOP-OLD/client/src/assets/docs/knowledgeRepository/graph/DtopCatalogs/control-catalog.json
RSK-04.1,sol_enterprise_8b61c39efd,HAS_POSSIBLE_SOLUTION,Enterprise,control,DTOP-OLD/client/src/assets/docs/knowledgeRepository/graph/DtopCatalogs/control-catalog.json
RSK-04.1,sol_large_business_ec81d89a6d,HAS_POSSIBLE_SOLUTION,Large Business,control,DTOP-OLD/client/src/assets/docs/knowledgeRepository/graph/DtopCatalogs/control-catalog.json
RSK-04.1,sol_medium_business_fc286edaea,HAS_POSSIBLE_SOLUTION,Medium Business,control,DTOP-OLD/client/src/assets/docs/knowledgeRepository/graph/DtopCatalogs/control-catalog.json
RSK-05,sol_enterprise_8b61c39efd,HAS_POSSIBLE_SOLUTION,Enterprise,control,DTOP-OLD/client/src/assets/docs/knowledgeRepository/graph/DtopCatalogs/control-catalog.json
RSK-05,sol_large_business_ec81d89a6d,HAS_POSSIBLE_SOLUTION,Large Business,control,DTOP-OLD/client/src/assets/docs/knowledgeRepository/graph/DtopCatalogs/control-catalog.json
RSK-05,sol_medium_business_fc286edaea,HAS_POSSIBLE_SOLUTION,Medium Business,control,DTOP-OLD/client/src/assets/docs/knowledgeRepository/graph/DtopCatalogs/control-catalog.json
RSK-06,sol_enterprise_8b61c39efd,HAS_POSSIBLE_SOLUTION,Enterprise,control,DTOP-OLD/client/src/assets/docs/knowledgeRepository/graph/DtopCatalogs/control-catalog.json
RSK-06,sol_large_business_ec81d89a6d,HAS_POSSIBLE_SOLUTION,Large Business,control,DTOP-OLD/client/src/assets/docs/knowledgeRepository/graph/DtopCatalogs/control-catalog.json
RSK-06,sol_medium_business_fc286edaea,HAS_POSSIBLE_SOLUTION,Medium Business,control,DTOP-OLD/client/src/assets/docs/knowledgeRepository/graph/DtopCatalogs/control-catalog.json
RSK-06.1,sol_enterprise_8b61c39efd,HAS_POSSIBLE_SOLUTION,Enterprise,control,DTOP-OLD/client/src/assets/docs/knowledgeRepository/graph/DtopCatalogs/control-catalog.json
RSK-06.1,sol_large_business_ec81d89a6d,HAS_POSSIBLE_SOLUTION,Large Business,control,DTOP-OLD/client/src/assets/docs/knowledgeRepository/graph/DtopCatalogs/control-catalog.json
RSK-06.1,sol_medium_business_fc286edaea,HAS_POSSIBLE_SOLUTION,Medium Business,control,DTOP-OLD/client/src/assets/docs/knowledgeRepository/graph/DtopCatalogs/control-catalog.json
RSK-06.2,sol_enterprise_5938382f19,HAS_POSSIBLE_SOLUTION,Enterprise,control,DTOP-OLD/client/src/assets/docs/knowledgeRepository/graph/DtopCatalogs/control-catalog.json
RSK-06.2,sol_large_business_3ae2891721,HAS_POSSIBLE_SOLUTION,Large Business,control,DTOP-OLD/client/src/assets/docs/knowledgeRepository/graph/DtopCatalogs/control-catalog.json
RSK-06.2,sol_medium_business_f2913f0f5a,HAS_POSSIBLE_SOLUTION,Medium Business,control,DTOP-OLD/client/src/assets/docs/knowledgeRepository/graph/DtopCatalogs/control-catalog.json
RSK-07,sol_enterprise_5938382f19,HAS_POSSIBLE_SOLUTION,Enterprise,control,DTOP-OLD/client/src/assets/docs/knowledgeRepository/graph/DtopCatalogs/control-catalog.json
RSK-07,sol_large_business_3ae2891721,HAS_POSSIBLE_SOLUTION,Large Business,control,DTOP-OLD/client/src/assets/docs/knowledgeRepository/graph/DtopCatalogs/control-catalog.json
RSK-07,sol_medium_business_f2913f0f5a,HAS_POSSIBLE_SOLUTION,Medium Business,control,DTOP-OLD/client/src/assets/docs/knowledgeRepository/graph/DtopCatalogs/control-catalog.json
RSK-08,sol_enterprise_587e8858d6,HAS_POSSIBLE_SOLUTION,Enterprise,control,DTOP-OLD/client/src/assets/docs/knowledgeRepository/graph/DtopCatalogs/control-catalog.json
RSK-08,sol_large_business_19f732e245,HAS_POSSIBLE_SOLUTION,Large Business,control,DTOP-OLD/client/src/assets/docs/knowledgeRepository/graph/DtopCatalogs/control-catalog.json
RSK-08,sol_medium_business_0d3412bddf,HAS_POSSIBLE_SOLUTION,Medium Business,control,DTOP-OLD/client/src/assets/docs/knowledgeRepository/graph/DtopCatalogs/control-catalog.json
RSK-09,sol_enterprise_925976333e,HAS_POSSIBLE_SOLUTION,Enterprise,control,DTOP-OLD/client/src/assets/docs/knowledgeRepository/graph/DtopCatalogs/control-catalog.json
RSK-09,sol_large_business_6d4f98c0c2,HAS_POSSIBLE_SOLUTION,Large Business,control,DTOP-OLD/client/src/assets/docs/knowledgeRepository/graph/DtopCatalogs/control-catalog.json
RSK-09,sol_medium_business_d3ac4a1dda,HAS_POSSIBLE_SOLUTION,Medium Business,control,DTOP-OLD/client/src/assets/docs/knowledgeRepository/graph/DtopCatalogs/control-catalog.json
RSK-09.1,sol_enterprise_587e8858d6,HAS_POSSIBLE_SOLUTION,Enterprise,control,DTOP-OLD/client/src/assets/docs/knowledgeRepository/graph/DtopCatalogs/control-catalog.json
RSK-09.1,sol_large_business_19f732e245,HAS_POSSIBLE_SOLUTION,Large Business,control,DTOP-OLD/client/src/assets/docs/knowledgeRepository/graph/DtopCatalogs/control-catalog.json
RSK-09.1,sol_medium_business_0d3412bddf,HAS_POSSIBLE_SOLUTION,Medium Business,control,DTOP-OLD/client/src/assets/docs/knowledgeRepository/graph/DtopCatalogs/control-catalog.json
RSK-09.2,sol_enterprise_587e8858d6,HAS_POSSIBLE_SOLUTION,Enterprise,control,DTOP-OLD/client/src/assets/docs/knowledgeRepository/graph/DtopCatalogs/control-catalog.json
RSK-09.2,sol_large_business_19f732e245,HAS_POSSIBLE_SOLUTION,Large Business,control,DTOP-OLD/client/src/assets/docs/knowledgeRepository/graph/DtopCatalogs/control-catalog.json
RSK-09.2,sol_medium_business_0d3412bddf,HAS_POSSIBLE_SOLUTION,Medium Business,control,DTOP-OLD/client/src/assets/docs/knowledgeRepository/graph/DtopCatalogs/control-catalog.json
RSK-10,sol_enterprise_b6ffce0e26,HAS_POSSIBLE_SOLUTION,Enterprise,control,DTOP-OLD/client/src/assets/docs/knowledgeRepository/graph/DtopCatalogs/control-catalog.json
RSK-10,sol_large_business_e2f5556003,HAS_POSSIBLE_SOLUTION,Large Business,control,DTOP-OLD/client/src/assets/docs/knowledgeRepository/graph/DtopCatalogs/control-catalog.json
RSK-10,sol_medium_business_e0c352bbd7,HAS_POSSIBLE_SOLUTION,Medium Business,control,DTOP-OLD/client/src/assets/docs/knowledgeRepository/graph/DtopCatalogs/control-catalog.json
RSK-11,sol_enterprise_8b61c39efd,HAS_POSSIBLE_SOLUTION,Enterprise,control,DTOP-OLD/client/src/assets/docs/knowledgeRepository/graph/DtopCatalogs/control-catalog.json
RSK-11,sol_large_business_ec81d89a6d,HAS_POSSIBLE_SOLUTION,Large Business,control,DTOP-OLD/client/src/assets/docs/knowledgeRepository/graph/DtopCatalogs/control-catalog.json
RSK-11,sol_medium_business_fc286edaea,HAS_POSSIBLE_SOLUTION,Medium Business,control,DTOP-OLD/client/src/assets/docs/knowledgeRepository/graph/DtopCatalogs/control-catalog.json
RSK-12,sol_enterprise_5938382f19,HAS_POSSIBLE_SOLUTION,Enterprise,control,DTOP-OLD/client/src/assets/docs/knowledgeRepository/graph/DtopCatalogs/control-catalog.json
RSK-12,sol_large_business_3ae2891721,HAS_POSSIBLE_SOLUTION,Large Business,control,DTOP-OLD/client/src/assets/docs/knowledgeRepository/graph/DtopCatalogs/control-catalog.json
RSK-12,sol_medium_business_f2913f0f5a,HAS_POSSIBLE_SOLUTION,Medium Business,control,DTOP-OLD/client/src/assets/docs/knowledgeRepository/graph/DtopCatalogs/control-catalog.json
SAT-01,sol_enterprise_37d4d138a8,HAS_POSSIBLE_SOLUTION,Enterprise,control,DTOP-OLD/client/src/assets/docs/knowledgeRepository/graph/DtopCatalogs/control-catalog.json
SAT-01,sol_large_business_68a8847b47,HAS_POSSIBLE_SOLUTION,Large Business,control,DTOP-OLD/client/src/assets/docs/knowledgeRepository/graph/DtopCatalogs/control-catalog.json
SAT-01,sol_medium_business_f6e572cd46,HAS_POSSIBLE_SOLUTION,Medium Business,control,DTOP-OLD/client/src/assets/docs/knowledgeRepository/graph/DtopCatalogs/control-catalog.json
SAT-02,sol_enterprise_d946d093a7,HAS_POSSIBLE_SOLUTION,Enterprise,control,DTOP-OLD/client/src/assets/docs/knowledgeRepository/graph/DtopCatalogs/control-catalog.json
SAT-02,sol_large_business_af5567e44b,HAS_POSSIBLE_SOLUTION,Large Business,control,DTOP-OLD/client/src/assets/docs/knowledgeRepository/graph/DtopCatalogs/control-catalog.json
SAT-02,sol_medium_business_718513be01,HAS_POSSIBLE_SOLUTION,Medium Business,control,DTOP-OLD/client/src/assets/docs/knowledgeRepository/graph/DtopCatalogs/control-catalog.json
SAT-03,sol_enterprise_271305bdfd,HAS_POSSIBLE_SOLUTION,Enterprise,control,DTOP-OLD/client/src/assets/docs/knowledgeRepository/graph/DtopCatalogs/control-catalog.json
SAT-03,sol_large_business_4a0041924a,HAS_POSSIBLE_SOLUTION,Large Business,control,DTOP-OLD/client/src/assets/docs/knowledgeRepository/graph/DtopCatalogs/control-catalog.json
SAT-03,sol_medium_business_e6c2adc41b,HAS_POSSIBLE_SOLUTION,Medium Business,control,DTOP-OLD/client/src/assets/docs/knowledgeRepository/graph/DtopCatalogs/control-catalog.json
SAT-03.6,sol_enterprise_90e8c5bd7f,HAS_POSSIBLE_SOLUTION,Enterprise,control,DTOP-OLD/client/src/assets/docs/knowledgeRepository/graph/DtopCatalogs/control-catalog.json
SAT-03.6,sol_large_business_98813acdd4,HAS_POSSIBLE_SOLUTION,Large Business,control,DTOP-OLD/client/src/assets/docs/knowledgeRepository/graph/DtopCatalogs/control-catalog.json
SAT-03.6,sol_medium_business_917ab02b3a,HAS_POSSIBLE_SOLUTION,Medium Business,control,DTOP-OLD/client/src/assets/docs/knowledgeRepository/graph/DtopCatalogs/control-catalog.json
SAT-03.7,sol_enterprise_b522d4f92b,HAS_POSSIBLE_SOLUTION,Enterprise,control,DTOP-OLD/client/src/assets/docs/knowledgeRepository/graph/DtopCatalogs/control-catalog.json
SAT-03.7,sol_large_business_9742944f47,HAS_POSSIBLE_SOLUTION,Large Business,control,DTOP-OLD/client/src/assets/docs/knowledgeRepository/graph/DtopCatalogs/control-catalog.json
SAT-03.7,sol_medium_business_888aa1f5ba,HAS_POSSIBLE_SOLUTION,Medium Business,control,DTOP-OLD/client/src/assets/docs/knowledgeRepository/graph/DtopCatalogs/control-catalog.json
SAT-03.8,sol_enterprise_b522d4f92b,HAS_POSSIBLE_SOLUTION,Enterprise,control,DTOP-OLD/client/src/assets/docs/knowledgeRepository/graph/DtopCatalogs/control-catalog.json
SAT-03.8,sol_large_business_9742944f47,HAS_POSSIBLE_SOLUTION,Large Business,control,DTOP-OLD/client/src/assets/docs/knowledgeRepository/graph/DtopCatalogs/control-catalog.json
SAT-03.8,sol_medium_business_888aa1f5ba,HAS_POSSIBLE_SOLUTION,Medium Business,control,DTOP-OLD/client/src/assets/docs/knowledgeRepository/graph/DtopCatalogs/control-catalog.json
SAT-04,sol_enterprise_271305bdfd,HAS_POSSIBLE_SOLUTION,Enterprise,control,DTOP-OLD/client/src/assets/docs/knowledgeRepository/graph/DtopCatalogs/control-catalog.json
SAT-04,sol_large_business_4a0041924a,HAS_POSSIBLE_SOLUTION,Large Business,control,DTOP-OLD/client/src/assets/docs/knowledgeRepository/graph/DtopCatalogs/control-catalog.json
SAT-04,sol_medium_business_e6c2adc41b,HAS_POSSIBLE_SOLUTION,Medium Business,control,DTOP-OLD/client/src/assets/docs/knowledgeRepository/graph/DtopCatalogs/control-catalog.json
SEA-01,sol_enterprise_8f02aac7a7,HAS_POSSIBLE_SOLUTION,Enterprise,control,DTOP-OLD/client/src/assets/docs/knowledgeRepository/graph/DtopCatalogs/control-catalog.json
SEA-01,sol_large_business_d36ea835ac,HAS_POSSIBLE_SOLUTION,Large Business,control,DTOP-OLD/client/src/assets/docs/knowledgeRepository/graph/DtopCatalogs/control-catalog.json
SEA-01,sol_medium_business_e337298d13,HAS_POSSIBLE_SOLUTION,Medium Business,control,DTOP-OLD/client/src/assets/docs/knowledgeRepository/graph/DtopCatalogs/control-catalog.json
SEA-01.1,sol_enterprise_af919e7182,HAS_POSSIBLE_SOLUTION,Enterprise,control,DTOP-OLD/client/src/assets/docs/knowledgeRepository/graph/DtopCatalogs/control-catalog.json
SEA-01.1,sol_large_business_67c640d172,HAS_POSSIBLE_SOLUTION,Large Business,control,DTOP-OLD/client/src/assets/docs/knowledgeRepository/graph/DtopCatalogs/control-catalog.json
SEA-01.1,sol_medium_business_eac4804fea,HAS_POSSIBLE_SOLUTION,Medium Business,control,DTOP-OLD/client/src/assets/docs/knowledgeRepository/graph/DtopCatalogs/control-catalog.json
SEA-01.2,sol_enterprise_8f02aac7a7,HAS_POSSIBLE_SOLUTION,Enterprise,control,DTOP-OLD/client/src/assets/docs/knowledgeRepository/graph/DtopCatalogs/control-catalog.json
SEA-01.2,sol_large_business_d36ea835ac,HAS_POSSIBLE_SOLUTION,Large Business,control,DTOP-OLD/client/src/assets/docs/knowledgeRepository/graph/DtopCatalogs/control-catalog.json
SEA-01.2,sol_medium_business_e337298d13,HAS_POSSIBLE_SOLUTION,Medium Business,control,DTOP-OLD/client/src/assets/docs/knowledgeRepository/graph/DtopCatalogs/control-catalog.json
SEA-02,sol_enterprise_9f735d6006,HAS_POSSIBLE_SOLUTION,Enterprise,control,DTOP-OLD/client/src/assets/docs/knowledgeRepository/graph/DtopCatalogs/control-catalog.json
SEA-02,sol_large_business_a6cf76fbf0,HAS_POSSIBLE_SOLUTION,Large Business,control,DTOP-OLD/client/src/assets/docs/knowledgeRepository/graph/DtopCatalogs/control-catalog.json
SEA-02,sol_medium_business_8fc8f7b8ce,HAS_POSSIBLE_SOLUTION,Medium Business,control,DTOP-OLD/client/src/assets/docs/knowledgeRepository/graph/DtopCatalogs/control-catalog.json
SEA-02.3,sol_enterprise_dd05964d86,HAS_POSSIBLE_SOLUTION,Enterprise,control,DTOP-OLD/client/src/assets/docs/knowledgeRepository/graph/DtopCatalogs/control-catalog.json
SEA-02.3,sol_large_business_65d443b123,HAS_POSSIBLE_SOLUTION,Large Business,control,DTOP-OLD/client/src/assets/docs/knowledgeRepository/graph/DtopCatalogs/control-catalog.json
SEA-02.3,sol_medium_business_89ddc56f5a,HAS_POSSIBLE_SOLUTION,Medium Business,control,DTOP-OLD/client/src/assets/docs/knowledgeRepository/graph/DtopCatalogs/control-catalog.json
SEA-03,sol_enterprise_1cd803bb5f,HAS_POSSIBLE_SOLUTION,Enterprise,control,DTOP-OLD/client/src/assets/docs/knowledgeRepository/graph/DtopCatalogs/control-catalog.json
SEA-03,sol_large_business_02e926d0de,HAS_POSSIBLE_SOLUTION,Large Business,control,DTOP-OLD/client/src/assets/docs/knowledgeRepository/graph/DtopCatalogs/control-catalog.json
SEA-03,sol_medium_business_924c0d3859,HAS_POSSIBLE_SOLUTION,Medium Business,control,DTOP-OLD/client/src/assets/docs/knowledgeRepository/graph/DtopCatalogs/control-catalog.json
SEA-03.1,sol_enterprise_8a8b32d3c8,HAS_POSSIBLE_SOLUTION,Enterprise,control,DTOP-OLD/client/src/assets/docs/knowledgeRepository/graph/DtopCatalogs/control-catalog.json
SEA-03.1,sol_large_business_4677148d88,HAS_POSSIBLE_SOLUTION,Large Business,control,DTOP-OLD/client/src/assets/docs/knowledgeRepository/graph/DtopCatalogs/control-catalog.json
SEA-03.1,sol_medium_business_c315644afc,HAS_POSSIBLE_SOLUTION,Medium Business,control,DTOP-OLD/client/src/assets/docs/knowledgeRepository/graph/DtopCatalogs/control-catalog.json
SEA-03.2,sol_enterprise_8a8b32d3c8,HAS_POSSIBLE_SOLUTION,Enterprise,control,DTOP-OLD/client/src/assets/docs/knowledgeRepository/graph/DtopCatalogs/control-catalog.json
SEA-03.2,sol_large_business_4677148d88,HAS_POSSIBLE_SOLUTION,Large Business,control,DTOP-OLD/client/src/assets/docs/knowledgeRepository/graph/DtopCatalogs/control-catalog.json
SEA-03.2,sol_medium_business_c315644afc,HAS_POSSIBLE_SOLUTION,Medium Business,control,DTOP-OLD/client/src/assets/docs/knowledgeRepository/graph/DtopCatalogs/control-catalog.json
SEA-04,sol_enterprise_8a8b32d3c8,HAS_POSSIBLE_SOLUTION,Enterprise,control,DTOP-OLD/client/src/assets/docs/knowledgeRepository/graph/DtopCatalogs/control-catalog.json
SEA-04,sol_large_business_4677148d88,HAS_POSSIBLE_SOLUTION,Large Business,control,DTOP-OLD/client/src/assets/docs/knowledgeRepository/graph/DtopCatalogs/control-catalog.json
SEA-04,sol_medium_business_c315644afc,HAS_POSSIBLE_SOLUTION,Medium Business,control,DTOP-OLD/client/src/assets/docs/knowledgeRepository/graph/DtopCatalogs/control-catalog.json
SEA-04.1,sol_enterprise_8a8b32d3c8,HAS_POSSIBLE_SOLUTION,Enterprise,control,DTOP-OLD/client/src/assets/docs/knowledgeRepository/graph/DtopCatalogs/control-catalog.json
SEA-04.1,sol_large_business_4677148d88,HAS_POSSIBLE_SOLUTION,Large Business,control,DTOP-OLD/client/src/assets/docs/knowledgeRepository/graph/DtopCatalogs/control-catalog.json
SEA-04.1,sol_medium_business_c315644afc,HAS_POSSIBLE_SOLUTION,Medium Business,control,DTOP-OLD/client/src/assets/docs/knowledgeRepository/graph/DtopCatalogs/control-catalog.json
SEA-05,sol_enterprise_601434b99b,HAS_POSSIBLE_SOLUTION,Enterprise,control,DTOP-OLD/client/src/assets/docs/knowledgeRepository/graph/DtopCatalogs/control-catalog.json
SEA-05,sol_large_business_e041bb3846,HAS_POSSIBLE_SOLUTION,Large Business,control,DTOP-OLD/client/src/assets/docs/knowledgeRepository/graph/DtopCatalogs/control-catalog.json
SEA-05,sol_medium_business_de2648ccd9,HAS_POSSIBLE_SOLUTION,Medium Business,control,DTOP-OLD/client/src/assets/docs/knowledgeRepository/graph/DtopCatalogs/control-catalog.json
SEA-06,sol_enterprise_8a8b32d3c8,HAS_POSSIBLE_SOLUTION,Enterprise,control,DTOP-OLD/client/src/assets/docs/knowledgeRepository/graph/DtopCatalogs/control-catalog.json
SEA-06,sol_large_business_4677148d88,HAS_POSSIBLE_SOLUTION,Large Business,control,DTOP-OLD/client/src/assets/docs/knowledgeRepository/graph/DtopCatalogs/control-catalog.json
SEA-06,sol_medium_business_c315644afc,HAS_POSSIBLE_SOLUTION,Medium Business,control,DTOP-OLD/client/src/assets/docs/knowledgeRepository/graph/DtopCatalogs/control-catalog.json
SEA-07,sol_enterprise_513d3e197f,HAS_POSSIBLE_SOLUTION,Enterprise,control,DTOP-OLD/client/src/assets/docs/knowledgeRepository/graph/DtopCatalogs/control-catalog.json
SEA-07,sol_large_business_d2486b0694,HAS_POSSIBLE_SOLUTION,Large Business,control,DTOP-OLD/client/src/assets/docs/knowledgeRepository/graph/DtopCatalogs/control-catalog.json
SEA-07,sol_medium_business_bab1f8f87c,HAS_POSSIBLE_SOLUTION,Medium Business,control,DTOP-OLD/client/src/assets/docs/knowledgeRepository/graph/DtopCatalogs/control-catalog.json
SEA-07.1,sol_enterprise_513d3e197f,HAS_POSSIBLE_SOLUTION,Enterprise,control,DTOP-OLD/client/src/assets/docs/knowledgeRepository/graph/DtopCatalogs/control-catalog.json
SEA-07.1,sol_large_business_d2486b0694,HAS_POSSIBLE_SOLUTION,Large Business,control,DTOP-OLD/client/src/assets/docs/knowledgeRepository/graph/DtopCatalogs/control-catalog.json
SEA-07.1,sol_medium_business_bab1f8f87c,HAS_POSSIBLE_SOLUTION,Medium Business,control,DTOP-OLD/client/src/assets/docs/knowledgeRepository/graph/DtopCatalogs/control-catalog.json
SEA-07.2,sol_enterprise_8a8b32d3c8,HAS_POSSIBLE_SOLUTION,Enterprise,control,DTOP-OLD/client/src/assets/docs/knowledgeRepository/graph/DtopCatalogs/control-catalog.json
SEA-07.2,sol_large_business_4677148d88,HAS_POSSIBLE_SOLUTION,Large Business,control,DTOP-OLD/client/src/assets/docs/knowledgeRepository/graph/DtopCatalogs/control-catalog.json
SEA-07.2,sol_medium_business_c315644afc,HAS_POSSIBLE_SOLUTION,Medium Business,control,DTOP-OLD/client/src/assets/docs/knowledgeRepository/graph/DtopCatalogs/control-catalog.json
SEA-07.3,sol_enterprise_8a8b32d3c8,HAS_POSSIBLE_SOLUTION,Enterprise,control,DTOP-OLD/client/src/assets/docs/knowledgeRepository/graph/DtopCatalogs/control-catalog.json
SEA-07.3,sol_large_business_4677148d88,HAS_POSSIBLE_SOLUTION,Large Business,control,DTOP-OLD/client/src/assets/docs/knowledgeRepository/graph/DtopCatalogs/control-catalog.json
SEA-07.3,sol_medium_business_c315644afc,HAS_POSSIBLE_SOLUTION,Medium Business,control,DTOP-OLD/client/src/assets/docs/knowledgeRepository/graph/DtopCatalogs/control-catalog.json
SEA-08,sol_enterprise_8a8b32d3c8,HAS_POSSIBLE_SOLUTION,Enterprise,control,DTOP-OLD/client/src/assets/docs/knowledgeRepository/graph/DtopCatalogs/control-catalog.json
SEA-08,sol_large_business_4677148d88,HAS_POSSIBLE_SOLUTION,Large Business,control,DTOP-OLD/client/src/assets/docs/knowledgeRepository/graph/DtopCatalogs/control-catalog.json
SEA-08,sol_medium_business_c315644afc,HAS_POSSIBLE_SOLUTION,Medium Business,control,DTOP-OLD/client/src/assets/docs/knowledgeRepository/graph/DtopCatalogs/control-catalog.json
SEA-09.1,sol_enterprise_5901dd5e79,HAS_POSSIBLE_SOLUTION,Enterprise,control,DTOP-OLD/client/src/assets/docs/knowledgeRepository/graph/DtopCatalogs/control-catalog.json
SEA-09.1,sol_large_business_dd55e4b623,HAS_POSSIBLE_SOLUTION,Large Business,control,DTOP-OLD/client/src/assets/docs/knowledgeRepository/graph/DtopCatalogs/control-catalog.json
SEA-09.1,sol_medium_business_db58d56d76,HAS_POSSIBLE_SOLUTION,Medium Business,control,DTOP-OLD/client/src/assets/docs/knowledgeRepository/graph/DtopCatalogs/control-catalog.json
SEA-10,sol_enterprise_8a8b32d3c8,HAS_POSSIBLE_SOLUTION,Enterprise,control,DTOP-OLD/client/src/assets/docs/knowledgeRepository/graph/DtopCatalogs/control-catalog.json
SEA-10,sol_large_business_4677148d88,HAS_POSSIBLE_SOLUTION,Large Business,control,DTOP-OLD/client/src/assets/docs/knowledgeRepository/graph/DtopCatalogs/control-catalog.json
SEA-10,sol_medium_business_c315644afc,HAS_POSSIBLE_SOLUTION,Medium Business,control,DTOP-OLD/client/src/assets/docs/knowledgeRepository/graph/DtopCatalogs/control-catalog.json
SEA-17,sol_enterprise_8a8b32d3c8,HAS_POSSIBLE_SOLUTION,Enterprise,control,DTOP-OLD/client/src/assets/docs/knowledgeRepository/graph/DtopCatalogs/control-catalog.json
SEA-17,sol_large_business_4677148d88,HAS_POSSIBLE_SOLUTION,Large Business,control,DTOP-OLD/client/src/assets/docs/knowledgeRepository/graph/DtopCatalogs/control-catalog.json
SEA-17,sol_medium_business_c315644afc,HAS_POSSIBLE_SOLUTION,Medium Business,control,DTOP-OLD/client/src/assets/docs/knowledgeRepository/graph/DtopCatalogs/control-catalog.json
SEA-18,sol_enterprise_8a8b32d3c8,HAS_POSSIBLE_SOLUTION,Enterprise,control,DTOP-OLD/client/src/assets/docs/knowledgeRepository/graph/DtopCatalogs/control-catalog.json
SEA-18,sol_large_business_4677148d88,HAS_POSSIBLE_SOLUTION,Large Business,control,DTOP-OLD/client/src/assets/docs/knowledgeRepository/graph/DtopCatalogs/control-catalog.json
SEA-18,sol_medium_business_c315644afc,HAS_POSSIBLE_SOLUTION,Medium Business,control,DTOP-OLD/client/src/assets/docs/knowledgeRepository/graph/DtopCatalogs/control-catalog.json
SEA-18.1,sol_enterprise_8a8b32d3c8,HAS_POSSIBLE_SOLUTION,Enterprise,control,DTOP-OLD/client/src/assets/docs/knowledgeRepository/graph/DtopCatalogs/control-catalog.json
SEA-18.1,sol_large_business_4677148d88,HAS_POSSIBLE_SOLUTION,Large Business,control,DTOP-OLD/client/src/assets/docs/knowledgeRepository/graph/DtopCatalogs/control-catalog.json
SEA-18.1,sol_medium_business_c315644afc,HAS_POSSIBLE_SOLUTION,Medium Business,control,DTOP-OLD/client/src/assets/docs/knowledgeRepository/graph/DtopCatalogs/control-catalog.json
SEA-18.2,sol_enterprise_8a8b32d3c8,HAS_POSSIBLE_SOLUTION,Enterprise,control,DTOP-OLD/client/src/assets/docs/knowledgeRepository/graph/DtopCatalogs/control-catalog.json
SEA-18.2,sol_large_business_4677148d88,HAS_POSSIBLE_SOLUTION,Large Business,control,DTOP-OLD/client/src/assets/docs/knowledgeRepository/graph/DtopCatalogs/control-catalog.json
SEA-18.2,sol_medium_business_c315644afc,HAS_POSSIBLE_SOLUTION,Medium Business,control,DTOP-OLD/client/src/assets/docs/knowledgeRepository/graph/DtopCatalogs/control-catalog.json
SEA-19,sol_enterprise_8a8b32d3c8,HAS_POSSIBLE_SOLUTION,Enterprise,control,DTOP-OLD/client/src/assets/docs/knowledgeRepository/graph/DtopCatalogs/control-catalog.json
SEA-19,sol_large_business_4677148d88,HAS_POSSIBLE_SOLUTION,Large Business,control,DTOP-OLD/client/src/assets/docs/knowledgeRepository/graph/DtopCatalogs/control-catalog.json
SEA-19,sol_medium_business_c315644afc,HAS_POSSIBLE_SOLUTION,Medium Business,control,DTOP-OLD/client/src/assets/docs/knowledgeRepository/graph/DtopCatalogs/control-catalog.json
SEA-20,sol_enterprise_8a8b32d3c8,HAS_POSSIBLE_SOLUTION,Enterprise,control,DTOP-OLD/client/src/assets/docs/knowledgeRepository/graph/DtopCatalogs/control-catalog.json
SEA-20,sol_large_business_4677148d88,HAS_POSSIBLE_SOLUTION,Large Business,control,DTOP-OLD/client/src/assets/docs/knowledgeRepository/graph/DtopCatalogs/control-catalog.json
SEA-20,sol_medium_business_c315644afc,HAS_POSSIBLE_SOLUTION,Medium Business,control,DTOP-OLD/client/src/assets/docs/knowledgeRepository/graph/DtopCatalogs/control-catalog.json
TDA-01,sol_enterprise_1dc4360c38,HAS_POSSIBLE_SOLUTION,Enterprise,control,DTOP-OLD/client/src/assets/docs/knowledgeRepository/graph/DtopCatalogs/control-catalog.json
TDA-01,sol_large_business_41778f4aff,HAS_POSSIBLE_SOLUTION,Large Business,control,DTOP-OLD/client/src/assets/docs/knowledgeRepository/graph/DtopCatalogs/control-catalog.json
TDA-01,sol_medium_business_d81d4e2c1f,HAS_POSSIBLE_SOLUTION,Medium Business,control,DTOP-OLD/client/src/assets/docs/knowledgeRepository/graph/DtopCatalogs/control-catalog.json
TDA-01.1,sol_enterprise_41e3413d62,HAS_POSSIBLE_SOLUTION,Enterprise,control,DTOP-OLD/client/src/assets/docs/knowledgeRepository/graph/DtopCatalogs/control-catalog.json
TDA-01.1,sol_large_business_f463da70dd,HAS_POSSIBLE_SOLUTION,Large Business,control,DTOP-OLD/client/src/assets/docs/knowledgeRepository/graph/DtopCatalogs/control-catalog.json
TDA-01.1,sol_medium_business_623061a066,HAS_POSSIBLE_SOLUTION,Medium Business,control,DTOP-OLD/client/src/assets/docs/knowledgeRepository/graph/DtopCatalogs/control-catalog.json
TDA-01.2,sol_enterprise_989dcba0fd,HAS_POSSIBLE_SOLUTION,Enterprise,control,DTOP-OLD/client/src/assets/docs/knowledgeRepository/graph/DtopCatalogs/control-catalog.json
TDA-01.2,sol_large_business_2f99625c84,HAS_POSSIBLE_SOLUTION,Large Business,control,DTOP-OLD/client/src/assets/docs/knowledgeRepository/graph/DtopCatalogs/control-catalog.json
TDA-01.2,sol_medium_business_cddcaaa120,HAS_POSSIBLE_SOLUTION,Medium Business,control,DTOP-OLD/client/src/assets/docs/knowledgeRepository/graph/DtopCatalogs/control-catalog.json
TDA-01.4,sol_enterprise_41e3413d62,HAS_POSSIBLE_SOLUTION,Enterprise,control,DTOP-OLD/client/src/assets/docs/knowledgeRepository/graph/DtopCatalogs/control-catalog.json
TDA-01.4,sol_large_business_f463da70dd,HAS_POSSIBLE_SOLUTION,Large Business,control,DTOP-OLD/client/src/assets/docs/knowledgeRepository/graph/DtopCatalogs/control-catalog.json
TDA-01.4,sol_medium_business_623061a066,HAS_POSSIBLE_SOLUTION,Medium Business,control,DTOP-OLD/client/src/assets/docs/knowledgeRepository/graph/DtopCatalogs/control-catalog.json
TDA-02,sol_enterprise_41e3413d62,HAS_POSSIBLE_SOLUTION,Enterprise,control,DTOP-OLD/client/src/assets/docs/knowledgeRepository/graph/DtopCatalogs/control-catalog.json
TDA-02,sol_large_business_f463da70dd,HAS_POSSIBLE_SOLUTION,Large Business,control,DTOP-OLD/client/src/assets/docs/knowledgeRepository/graph/DtopCatalogs/control-catalog.json
TDA-02,sol_medium_business_623061a066,HAS_POSSIBLE_SOLUTION,Medium Business,control,DTOP-OLD/client/src/assets/docs/knowledgeRepository/graph/DtopCatalogs/control-catalog.json
TDA-02.1,sol_enterprise_81dec26e8a,HAS_POSSIBLE_SOLUTION,Enterprise,control,DTOP-OLD/client/src/assets/docs/knowledgeRepository/graph/DtopCatalogs/control-catalog.json
TDA-02.1,sol_large_business_a7066d3817,HAS_POSSIBLE_SOLUTION,Large Business,control,DTOP-OLD/client/src/assets/docs/knowledgeRepository/graph/DtopCatalogs/control-catalog.json
TDA-02.1,sol_medium_business_9b404f9af7,HAS_POSSIBLE_SOLUTION,Medium Business,control,DTOP-OLD/client/src/assets/docs/knowledgeRepository/graph/DtopCatalogs/control-catalog.json
TDA-02.3,sol_enterprise_1dc4360c38,HAS_POSSIBLE_SOLUTION,Enterprise,control,DTOP-OLD/client/src/assets/docs/knowledgeRepository/graph/DtopCatalogs/control-catalog.json
TDA-02.3,sol_large_business_41778f4aff,HAS_POSSIBLE_SOLUTION,Large Business,control,DTOP-OLD/client/src/assets/docs/knowledgeRepository/graph/DtopCatalogs/control-catalog.json
TDA-02.3,sol_medium_business_c41ab6826c,HAS_POSSIBLE_SOLUTION,Medium Business,control,DTOP-OLD/client/src/assets/docs/knowledgeRepository/graph/DtopCatalogs/control-catalog.json
TDA-02.4,sol_enterprise_1f962b9b67,HAS_POSSIBLE_SOLUTION,Enterprise,control,DTOP-OLD/client/src/assets/docs/knowledgeRepository/graph/DtopCatalogs/control-catalog.json
TDA-02.4,sol_large_business_577ccd5572,HAS_POSSIBLE_SOLUTION,Large Business,control,DTOP-OLD/client/src/assets/docs/knowledgeRepository/graph/DtopCatalogs/control-catalog.json
TDA-02.4,sol_medium_business_cfc84c2e55,HAS_POSSIBLE_SOLUTION,Medium Business,control,DTOP-OLD/client/src/assets/docs/knowledgeRepository/graph/DtopCatalogs/control-catalog.json
TDA-02.5,sol_enterprise_81dec26e8a,HAS_POSSIBLE_SOLUTION,Enterprise,control,DTOP-OLD/client/src/assets/docs/knowledgeRepository/graph/DtopCatalogs/control-catalog.json
TDA-02.5,sol_large_business_a7066d3817,HAS_POSSIBLE_SOLUTION,Large Business,control,DTOP-OLD/client/src/assets/docs/knowledgeRepository/graph/DtopCatalogs/control-catalog.json
TDA-02.5,sol_medium_business_9b404f9af7,HAS_POSSIBLE_SOLUTION,Medium Business,control,DTOP-OLD/client/src/assets/docs/knowledgeRepository/graph/DtopCatalogs/control-catalog.json
TDA-02.6,sol_enterprise_8a8b32d3c8,HAS_POSSIBLE_SOLUTION,Enterprise,control,DTOP-OLD/client/src/assets/docs/knowledgeRepository/graph/DtopCatalogs/control-catalog.json
TDA-02.6,sol_large_business_4677148d88,HAS_POSSIBLE_SOLUTION,Large Business,control,DTOP-OLD/client/src/assets/docs/knowledgeRepository/graph/DtopCatalogs/control-catalog.json
TDA-02.6,sol_medium_business_c315644afc,HAS_POSSIBLE_SOLUTION,Medium Business,control,DTOP-OLD/client/src/assets/docs/knowledgeRepository/graph/DtopCatalogs/control-catalog.json
TDA-02.7,sol_enterprise_020370de95,HAS_POSSIBLE_SOLUTION,Enterprise,control,DTOP-OLD/client/src/assets/docs/knowledgeRepository/graph/DtopCatalogs/control-catalog.json
TDA-02.7,sol_large_business_18372bf5bc,HAS_POSSIBLE_SOLUTION,Large Business,control,DTOP-OLD/client/src/assets/docs/knowledgeRepository/graph/DtopCatalogs/control-catalog.json
TDA-02.7,sol_medium_business_4f1a1d5fd8,HAS_POSSIBLE_SOLUTION,Medium Business,control,DTOP-OLD/client/src/assets/docs/knowledgeRepository/graph/DtopCatalogs/control-catalog.json
TDA-03,sol_enterprise_1ce37b6977,HAS_POSSIBLE_SOLUTION,Enterprise,control,DTOP-OLD/client/src/assets/docs/knowledgeRepository/graph/DtopCatalogs/control-catalog.json
TDA-03,sol_large_business_c21b104132,HAS_POSSIBLE_SOLUTION,Large Business,control,DTOP-OLD/client/src/assets/docs/knowledgeRepository/graph/DtopCatalogs/control-catalog.json
TDA-03,sol_medium_business_a1195d0d83,HAS_POSSIBLE_SOLUTION,Medium Business,control,DTOP-OLD/client/src/assets/docs/knowledgeRepository/graph/DtopCatalogs/control-catalog.json
TDA-03.1,sol_enterprise_50323c12a5,HAS_POSSIBLE_SOLUTION,Enterprise,control,DTOP-OLD/client/src/assets/docs/knowledgeRepository/graph/DtopCatalogs/control-catalog.json
TDA-03.1,sol_large_business_5dbfc0709b,HAS_POSSIBLE_SOLUTION,Large Business,control,DTOP-OLD/client/src/assets/docs/knowledgeRepository/graph/DtopCatalogs/control-catalog.json
TDA-03.1,sol_medium_business_5be45446db,HAS_POSSIBLE_SOLUTION,Medium Business,control,DTOP-OLD/client/src/assets/docs/knowledgeRepository/graph/DtopCatalogs/control-catalog.json
TDA-04,sol_enterprise_50323c12a5,HAS_POSSIBLE_SOLUTION,Enterprise,control,DTOP-OLD/client/src/assets/docs/knowledgeRepository/graph/DtopCatalogs/control-catalog.json
TDA-04,sol_large_business_5dbfc0709b,HAS_POSSIBLE_SOLUTION,Large Business,control,DTOP-OLD/client/src/assets/docs/knowledgeRepository/graph/DtopCatalogs/control-catalog.json
TDA-04,sol_medium_business_5be45446db,HAS_POSSIBLE_SOLUTION,Medium Business,control,DTOP-OLD/client/src/assets/docs/knowledgeRepository/graph/DtopCatalogs/control-catalog.json
TDA-04.1,sol_enterprise_50323c12a5,HAS_POSSIBLE_SOLUTION,Enterprise,control,DTOP-OLD/client/src/assets/docs/knowledgeRepository/graph/DtopCatalogs/control-catalog.json
TDA-04.1,sol_large_business_5dbfc0709b,HAS_POSSIBLE_SOLUTION,Large Business,control,DTOP-OLD/client/src/assets/docs/knowledgeRepository/graph/DtopCatalogs/control-catalog.json
TDA-04.1,sol_medium_business_5be45446db,HAS_POSSIBLE_SOLUTION,Medium Business,control,DTOP-OLD/client/src/assets/docs/knowledgeRepository/graph/DtopCatalogs/control-catalog.json
TDA-04.2,sol_enterprise_71cb8ddda6,HAS_POSSIBLE_SOLUTION,Enterprise,control,DTOP-OLD/client/src/assets/docs/knowledgeRepository/graph/DtopCatalogs/control-catalog.json
TDA-04.2,sol_large_business_b1e063c24d,HAS_POSSIBLE_SOLUTION,Large Business,control,DTOP-OLD/client/src/assets/docs/knowledgeRepository/graph/DtopCatalogs/control-catalog.json
TDA-04.2,sol_medium_business_95716c6085,HAS_POSSIBLE_SOLUTION,Medium Business,control,DTOP-OLD/client/src/assets/docs/knowledgeRepository/graph/DtopCatalogs/control-catalog.json
TDA-05,sol_enterprise_1dc4360c38,HAS_POSSIBLE_SOLUTION,Enterprise,control,DTOP-OLD/client/src/assets/docs/knowledgeRepository/graph/DtopCatalogs/control-catalog.json
TDA-05,sol_large_business_41778f4aff,HAS_POSSIBLE_SOLUTION,Large Business,control,DTOP-OLD/client/src/assets/docs/knowledgeRepository/graph/DtopCatalogs/control-catalog.json
TDA-05,sol_medium_business_c41ab6826c,HAS_POSSIBLE_SOLUTION,Medium Business,control,DTOP-OLD/client/src/assets/docs/knowledgeRepository/graph/DtopCatalogs/control-catalog.json
TDA-05.1,sol_enterprise_8a8b32d3c8,HAS_POSSIBLE_SOLUTION,Enterprise,control,DTOP-OLD/client/src/assets/docs/knowledgeRepository/graph/DtopCatalogs/control-catalog.json
TDA-05.1,sol_large_business_4677148d88,HAS_POSSIBLE_SOLUTION,Large Business,control,DTOP-OLD/client/src/assets/docs/knowledgeRepository/graph/DtopCatalogs/control-catalog.json
TDA-05.1,sol_medium_business_c315644afc,HAS_POSSIBLE_SOLUTION,Medium Business,control,DTOP-OLD/client/src/assets/docs/knowledgeRepository/graph/DtopCatalogs/control-catalog.json
TDA-06,sol_enterprise_a82a5cacb6,HAS_POSSIBLE_SOLUTION,Enterprise,control,DTOP-OLD/client/src/assets/docs/knowledgeRepository/graph/DtopCatalogs/control-catalog.json
TDA-06,sol_large_business_beda556c5b,HAS_POSSIBLE_SOLUTION,Large Business,control,DTOP-OLD/client/src/assets/docs/knowledgeRepository/graph/DtopCatalogs/control-catalog.json
TDA-06,sol_medium_business_dc72f04472,HAS_POSSIBLE_SOLUTION,Medium Business,control,DTOP-OLD/client/src/assets/docs/knowledgeRepository/graph/DtopCatalogs/control-catalog.json
TDA-06.3,sol_enterprise_e826cde84d,HAS_POSSIBLE_SOLUTION,Enterprise,control,DTOP-OLD/client/src/assets/docs/knowledgeRepository/graph/DtopCatalogs/control-catalog.json
TDA-06.3,sol_large_business_de1bec478c,HAS_POSSIBLE_SOLUTION,Large Business,control,DTOP-OLD/client/src/assets/docs/knowledgeRepository/graph/DtopCatalogs/control-catalog.json
TDA-06.3,sol_medium_business_9b515018a6,HAS_POSSIBLE_SOLUTION,Medium Business,control,DTOP-OLD/client/src/assets/docs/knowledgeRepository/graph/DtopCatalogs/control-catalog.json
TDA-09,sol_enterprise_d9659a043e,HAS_POSSIBLE_SOLUTION,Enterprise,control,DTOP-OLD/client/src/assets/docs/knowledgeRepository/graph/DtopCatalogs/control-catalog.json
TDA-09,sol_large_business_8cef44a337,HAS_POSSIBLE_SOLUTION,Large Business,control,DTOP-OLD/client/src/assets/docs/knowledgeRepository/graph/DtopCatalogs/control-catalog.json
TDA-09,sol_medium_business_f8e9cdc486,HAS_POSSIBLE_SOLUTION,Medium Business,control,DTOP-OLD/client/src/assets/docs/knowledgeRepository/graph/DtopCatalogs/control-catalog.json
TDA-15,sol_enterprise_d9659a043e,HAS_POSSIBLE_SOLUTION,Enterprise,control,DTOP-OLD/client/src/assets/docs/knowledgeRepository/graph/DtopCatalogs/control-catalog.json
TDA-15,sol_large_business_8cef44a337,HAS_POSSIBLE_SOLUTION,Large Business,control,DTOP-OLD/client/src/assets/docs/knowledgeRepository/graph/DtopCatalogs/control-catalog.json
TDA-15,sol_medium_business_f8e9cdc486,HAS_POSSIBLE_SOLUTION,Medium Business,control,DTOP-OLD/client/src/assets/docs/knowledgeRepository/graph/DtopCatalogs/control-catalog.json
TDA-17,sol_enterprise_48c566afee,HAS_POSSIBLE_SOLUTION,Enterprise,control,DTOP-OLD/client/src/assets/docs/knowledgeRepository/graph/DtopCatalogs/control-catalog.json
TDA-17,sol_large_business_72c5eabc1c,HAS_POSSIBLE_SOLUTION,Large Business,control,DTOP-OLD/client/src/assets/docs/knowledgeRepository/graph/DtopCatalogs/control-catalog.json
TDA-17,sol_medium_business_a1dfe226c0,HAS_POSSIBLE_SOLUTION,Medium Business,control,DTOP-OLD/client/src/assets/docs/knowledgeRepository/graph/DtopCatalogs/control-catalog.json
TDA-17.1,sol_enterprise_50323c12a5,HAS_POSSIBLE_SOLUTION,Enterprise,control,DTOP-OLD/client/src/assets/docs/knowledgeRepository/graph/DtopCatalogs/control-catalog.json
TDA-17.1,sol_large_business_5dbfc0709b,HAS_POSSIBLE_SOLUTION,Large Business,control,DTOP-OLD/client/src/assets/docs/knowledgeRepository/graph/DtopCatalogs/control-catalog.json
TDA-17.1,sol_medium_business_5be45446db,HAS_POSSIBLE_SOLUTION,Medium Business,control,DTOP-OLD/client/src/assets/docs/knowledgeRepository/graph/DtopCatalogs/control-catalog.json
TDA-20.3,sol_enterprise_91970f1413,HAS_POSSIBLE_SOLUTION,Enterprise,control,DTOP-OLD/client/src/assets/docs/knowledgeRepository/graph/DtopCatalogs/control-catalog.json
TDA-20.3,sol_large_business_1cc9261a7f,HAS_POSSIBLE_SOLUTION,Large Business,control,DTOP-OLD/client/src/assets/docs/knowledgeRepository/graph/DtopCatalogs/control-catalog.json
TDA-20.3,sol_medium_business_7bcc6544d0,HAS_POSSIBLE_SOLUTION,Medium Business,control,DTOP-OLD/client/src/assets/docs/knowledgeRepository/graph/DtopCatalogs/control-catalog.json
THR-01,sol_enterprise_24552bbec0,HAS_POSSIBLE_SOLUTION,Enterprise,control,DTOP-OLD/client/src/assets/docs/knowledgeRepository/graph/DtopCatalogs/control-catalog.json
THR-01,sol_large_business_ab9e7440a8,HAS_POSSIBLE_SOLUTION,Large Business,control,DTOP-OLD/client/src/assets/docs/knowledgeRepository/graph/DtopCatalogs/control-catalog.json
THR-01,sol_medium_business_3eaf84862a,HAS_POSSIBLE_SOLUTION,Medium Business,control,DTOP-OLD/client/src/assets/docs/knowledgeRepository/graph/DtopCatalogs/control-catalog.json
THR-02,sol_enterprise_a15fbad7b4,HAS_POSSIBLE_SOLUTION,Enterprise,control,DTOP-OLD/client/src/assets/docs/knowledgeRepository/graph/DtopCatalogs/control-catalog.json
THR-02,sol_large_business_dabbcdcea7,HAS_POSSIBLE_SOLUTION,Large Business,control,DTOP-OLD/client/src/assets/docs/knowledgeRepository/graph/DtopCatalogs/control-catalog.json
THR-02,sol_medium_business_e3e1bcc388,HAS_POSSIBLE_SOLUTION,Medium Business,control,DTOP-OLD/client/src/assets/docs/knowledgeRepository/graph/DtopCatalogs/control-catalog.json
THR-03,sol_enterprise_90e8c5bd7f,HAS_POSSIBLE_SOLUTION,Enterprise,control,DTOP-OLD/client/src/assets/docs/knowledgeRepository/graph/DtopCatalogs/control-catalog.json
THR-03,sol_large_business_98813acdd4,HAS_POSSIBLE_SOLUTION,Large Business,control,DTOP-OLD/client/src/assets/docs/knowledgeRepository/graph/DtopCatalogs/control-catalog.json
THR-03,sol_medium_business_917ab02b3a,HAS_POSSIBLE_SOLUTION,Medium Business,control,DTOP-OLD/client/src/assets/docs/knowledgeRepository/graph/DtopCatalogs/control-catalog.json
THR-03.1,sol_enterprise_90e8c5bd7f,HAS_POSSIBLE_SOLUTION,Enterprise,control,DTOP-OLD/client/src/assets/docs/knowledgeRepository/graph/DtopCatalogs/control-catalog.json
THR-03.1,sol_large_business_98813acdd4,HAS_POSSIBLE_SOLUTION,Large Business,control,DTOP-OLD/client/src/assets/docs/knowledgeRepository/graph/DtopCatalogs/control-catalog.json
THR-03.1,sol_medium_business_917ab02b3a,HAS_POSSIBLE_SOLUTION,Medium Business,control,DTOP-OLD/client/src/assets/docs/knowledgeRepository/graph/DtopCatalogs/control-catalog.json
THR-04,sol_enterprise_83df6619bb,HAS_POSSIBLE_SOLUTION,Enterprise,control,DTOP-OLD/client/src/assets/docs/knowledgeRepository/graph/DtopCatalogs/control-catalog.json
THR-04,sol_large_business_c9ff01744b,HAS_POSSIBLE_SOLUTION,Large Business,control,DTOP-OLD/client/src/assets/docs/knowledgeRepository/graph/DtopCatalogs/control-catalog.json
THR-04,sol_medium_business_a027332589,HAS_POSSIBLE_SOLUTION,Medium Business,control,DTOP-OLD/client/src/assets/docs/knowledgeRepository/graph/DtopCatalogs/control-catalog.json
THR-06,sol_enterprise_cabc67e38e,HAS_POSSIBLE_SOLUTION,Enterprise,control,DTOP-OLD/client/src/assets/docs/knowledgeRepository/graph/DtopCatalogs/control-catalog.json
THR-06,sol_large_business_b6be0dfeeb,HAS_POSSIBLE_SOLUTION,Large Business,control,DTOP-OLD/client/src/assets/docs/knowledgeRepository/graph/DtopCatalogs/control-catalog.json
THR-06,sol_medium_business_5a4d80faab,HAS_POSSIBLE_SOLUTION,Medium Business,control,DTOP-OLD/client/src/assets/docs/knowledgeRepository/graph/DtopCatalogs/control-catalog.json
THR-06.1,sol_enterprise_cabc67e38e,HAS_POSSIBLE_SOLUTION,Enterprise,control,DTOP-OLD/client/src/assets/docs/knowledgeRepository/graph/DtopCatalogs/control-catalog.json
THR-06.1,sol_large_business_b6be0dfeeb,HAS_POSSIBLE_SOLUTION,Large Business,control,DTOP-OLD/client/src/assets/docs/knowledgeRepository/graph/DtopCatalogs/control-catalog.json
THR-06.1,sol_medium_business_5a4d80faab,HAS_POSSIBLE_SOLUTION,Medium Business,control,DTOP-OLD/client/src/assets/docs/knowledgeRepository/graph/DtopCatalogs/control-catalog.json
THR-07,sol_enterprise_15ec6a9e7d,HAS_POSSIBLE_SOLUTION,Enterprise,control,DTOP-OLD/client/src/assets/docs/knowledgeRepository/graph/DtopCatalogs/control-catalog.json
THR-07,sol_large_business_59091864fe,HAS_POSSIBLE_SOLUTION,Large Business,control,DTOP-OLD/client/src/assets/docs/knowledgeRepository/graph/DtopCatalogs/control-catalog.json
THR-07,sol_medium_business_070ee6cde3,HAS_POSSIBLE_SOLUTION,Medium Business,control,DTOP-OLD/client/src/assets/docs/knowledgeRepository/graph/DtopCatalogs/control-catalog.json
THR-09,sol_enterprise_7af6a0a4b2,HAS_POSSIBLE_SOLUTION,Enterprise,control,DTOP-OLD/client/src/assets/docs/knowledgeRepository/graph/DtopCatalogs/control-catalog.json
THR-09,sol_large_business_741ab0cba9,HAS_POSSIBLE_SOLUTION,Large Business,control,DTOP-OLD/client/src/assets/docs/knowledgeRepository/graph/DtopCatalogs/control-catalog.json
THR-09,sol_medium_business_0be8ee44c1,HAS_POSSIBLE_SOLUTION,Medium Business,control,DTOP-OLD/client/src/assets/docs/knowledgeRepository/graph/DtopCatalogs/control-catalog.json
THR-10,sol_enterprise_3d68124fd0,HAS_POSSIBLE_SOLUTION,Enterprise,control,DTOP-OLD/client/src/assets/docs/knowledgeRepository/graph/DtopCatalogs/control-catalog.json
THR-10,sol_large_business_d72c4c45ce,HAS_POSSIBLE_SOLUTION,Large Business,control,DTOP-OLD/client/src/assets/docs/knowledgeRepository/graph/DtopCatalogs/control-catalog.json
THR-10,sol_medium_business_faf11edf53,HAS_POSSIBLE_SOLUTION,Medium Business,control,DTOP-OLD/client/src/assets/docs/knowledgeRepository/graph/DtopCatalogs/control-catalog.json
TPM-01,sol_enterprise_50323c12a5,HAS_POSSIBLE_SOLUTION,Enterprise,control,DTOP-OLD/client/src/assets/docs/knowledgeRepository/graph/DtopCatalogs/control-catalog.json
TPM-01,sol_large_business_5dbfc0709b,HAS_POSSIBLE_SOLUTION,Large Business,control,DTOP-OLD/client/src/assets/docs/knowledgeRepository/graph/DtopCatalogs/control-catalog.json
TPM-01,sol_medium_business_5be45446db,HAS_POSSIBLE_SOLUTION,Medium Business,control,DTOP-OLD/client/src/assets/docs/knowledgeRepository/graph/DtopCatalogs/control-catalog.json
TPM-01.1,sol_enterprise_6e2c906431,HAS_POSSIBLE_SOLUTION,Enterprise,control,DTOP-OLD/client/src/assets/docs/knowledgeRepository/graph/DtopCatalogs/control-catalog.json
TPM-01.1,sol_large_business_0ebb793fa7,HAS_POSSIBLE_SOLUTION,Large Business,control,DTOP-OLD/client/src/assets/docs/knowledgeRepository/graph/DtopCatalogs/control-catalog.json
TPM-01.1,sol_medium_business_1219b89742,HAS_POSSIBLE_SOLUTION,Medium Business,control,DTOP-OLD/client/src/assets/docs/knowledgeRepository/graph/DtopCatalogs/control-catalog.json
TPM-02,sol_enterprise_2014f54165,HAS_POSSIBLE_SOLUTION,Enterprise,control,DTOP-OLD/client/src/assets/docs/knowledgeRepository/graph/DtopCatalogs/control-catalog.json
TPM-02,sol_large_business_ba36ba50ee,HAS_POSSIBLE_SOLUTION,Large Business,control,DTOP-OLD/client/src/assets/docs/knowledgeRepository/graph/DtopCatalogs/control-catalog.json
TPM-02,sol_medium_business_3aacd470ed,HAS_POSSIBLE_SOLUTION,Medium Business,control,DTOP-OLD/client/src/assets/docs/knowledgeRepository/graph/DtopCatalogs/control-catalog.json
TPM-03,sol_enterprise_2014f54165,HAS_POSSIBLE_SOLUTION,Enterprise,control,DTOP-OLD/client/src/assets/docs/knowledgeRepository/graph/DtopCatalogs/control-catalog.json
TPM-03,sol_large_business_ba36ba50ee,HAS_POSSIBLE_SOLUTION,Large Business,control,DTOP-OLD/client/src/assets/docs/knowledgeRepository/graph/DtopCatalogs/control-catalog.json
TPM-03,sol_medium_business_3aacd470ed,HAS_POSSIBLE_SOLUTION,Medium Business,control,DTOP-OLD/client/src/assets/docs/knowledgeRepository/graph/DtopCatalogs/control-catalog.json
TPM-03.1,sol_enterprise_2014f54165,HAS_POSSIBLE_SOLUTION,Enterprise,control,DTOP-OLD/client/src/assets/docs/knowledgeRepository/graph/DtopCatalogs/control-catalog.json
TPM-03.1,sol_large_business_ba36ba50ee,HAS_POSSIBLE_SOLUTION,Large Business,control,DTOP-OLD/client/src/assets/docs/knowledgeRepository/graph/DtopCatalogs/control-catalog.json
TPM-03.1,sol_medium_business_3aacd470ed,HAS_POSSIBLE_SOLUTION,Medium Business,control,DTOP-OLD/client/src/assets/docs/knowledgeRepository/graph/DtopCatalogs/control-catalog.json
TPM-03.2,sol_enterprise_2877737065,HAS_POSSIBLE_SOLUTION,Enterprise,control,DTOP-OLD/client/src/assets/docs/knowledgeRepository/graph/DtopCatalogs/control-catalog.json
TPM-03.2,sol_large_business_811bb1b9a7,HAS_POSSIBLE_SOLUTION,Large Business,control,DTOP-OLD/client/src/assets/docs/knowledgeRepository/graph/DtopCatalogs/control-catalog.json
TPM-03.2,sol_medium_business_45f2212f40,HAS_POSSIBLE_SOLUTION,Medium Business,control,DTOP-OLD/client/src/assets/docs/knowledgeRepository/graph/DtopCatalogs/control-catalog.json
TPM-03.3,sol_enterprise_2877737065,HAS_POSSIBLE_SOLUTION,Enterprise,control,DTOP-OLD/client/src/assets/docs/knowledgeRepository/graph/DtopCatalogs/control-catalog.json
TPM-03.3,sol_large_business_811bb1b9a7,HAS_POSSIBLE_SOLUTION,Large Business,control,DTOP-OLD/client/src/assets/docs/knowledgeRepository/graph/DtopCatalogs/control-catalog.json
TPM-03.3,sol_medium_business_45f2212f40,HAS_POSSIBLE_SOLUTION,Medium Business,control,DTOP-OLD/client/src/assets/docs/knowledgeRepository/graph/DtopCatalogs/control-catalog.json
TPM-04,sol_enterprise_2014f54165,HAS_POSSIBLE_SOLUTION,Enterprise,control,DTOP-OLD/client/src/assets/docs/knowledgeRepository/graph/DtopCatalogs/control-catalog.json
TPM-04,sol_large_business_ba36ba50ee,HAS_POSSIBLE_SOLUTION,Large Business,control,DTOP-OLD/client/src/assets/docs/knowledgeRepository/graph/DtopCatalogs/control-catalog.json
TPM-04,sol_medium_business_3aacd470ed,HAS_POSSIBLE_SOLUTION,Medium Business,control,DTOP-OLD/client/src/assets/docs/knowledgeRepository/graph/DtopCatalogs/control-catalog.json
TPM-04.1,sol_enterprise_2014f54165,HAS_POSSIBLE_SOLUTION,Enterprise,control,DTOP-OLD/client/src/assets/docs/knowledgeRepository/graph/DtopCatalogs/control-catalog.json
TPM-04.1,sol_large_business_ba36ba50ee,HAS_POSSIBLE_SOLUTION,Large Business,control,DTOP-OLD/client/src/assets/docs/knowledgeRepository/graph/DtopCatalogs/control-catalog.json
TPM-04.1,sol_medium_business_3aacd470ed,HAS_POSSIBLE_SOLUTION,Medium Business,control,DTOP-OLD/client/src/assets/docs/knowledgeRepository/graph/DtopCatalogs/control-catalog.json
TPM-04.2,sol_enterprise_2014f54165,HAS_POSSIBLE_SOLUTION,Enterprise,control,DTOP-OLD/client/src/assets/docs/knowledgeRepository/graph/DtopCatalogs/control-catalog.json
TPM-04.2,sol_large_business_ba36ba50ee,HAS_POSSIBLE_SOLUTION,Large Business,control,DTOP-OLD/client/src/assets/docs/knowledgeRepository/graph/DtopCatalogs/control-catalog.json
TPM-04.2,sol_medium_business_3aacd470ed,HAS_POSSIBLE_SOLUTION,Medium Business,control,DTOP-OLD/client/src/assets/docs/knowledgeRepository/graph/DtopCatalogs/control-catalog.json
TPM-04.3,sol_enterprise_5dd97e6425,HAS_POSSIBLE_SOLUTION,Enterprise,control,DTOP-OLD/client/src/assets/docs/knowledgeRepository/graph/DtopCatalogs/control-catalog.json
TPM-04.3,sol_large_business_98ae70d5e6,HAS_POSSIBLE_SOLUTION,Large Business,control,DTOP-OLD/client/src/assets/docs/knowledgeRepository/graph/DtopCatalogs/control-catalog.json
TPM-04.3,sol_medium_business_68637c0bd4,HAS_POSSIBLE_SOLUTION,Medium Business,control,DTOP-OLD/client/src/assets/docs/knowledgeRepository/graph/DtopCatalogs/control-catalog.json
TPM-04.4,sol_enterprise_2014f54165,HAS_POSSIBLE_SOLUTION,Enterprise,control,DTOP-OLD/client/src/assets/docs/knowledgeRepository/graph/DtopCatalogs/control-catalog.json
TPM-04.4,sol_large_business_ba36ba50ee,HAS_POSSIBLE_SOLUTION,Large Business,control,DTOP-OLD/client/src/assets/docs/knowledgeRepository/graph/DtopCatalogs/control-catalog.json
TPM-04.4,sol_medium_business_3aacd470ed,HAS_POSSIBLE_SOLUTION,Medium Business,control,DTOP-OLD/client/src/assets/docs/knowledgeRepository/graph/DtopCatalogs/control-catalog.json
TPM-05,sol_enterprise_242d943d1a,HAS_POSSIBLE_SOLUTION,Enterprise,control,DTOP-OLD/client/src/assets/docs/knowledgeRepository/graph/DtopCatalogs/control-catalog.json
TPM-05,sol_large_business_9a5795ab3e,HAS_POSSIBLE_SOLUTION,Large Business,control,DTOP-OLD/client/src/assets/docs/knowledgeRepository/graph/DtopCatalogs/control-catalog.json
TPM-05,sol_medium_business_a4c8d85865,HAS_POSSIBLE_SOLUTION,Medium Business,control,DTOP-OLD/client/src/assets/docs/knowledgeRepository/graph/DtopCatalogs/control-catalog.json
TPM-05.1,sol_enterprise_5dd97e6425,HAS_POSSIBLE_SOLUTION,Enterprise,control,DTOP-OLD/client/src/assets/docs/knowledgeRepository/graph/DtopCatalogs/control-catalog.json
TPM-05.1,sol_large_business_98ae70d5e6,HAS_POSSIBLE_SOLUTION,Large Business,control,DTOP-OLD/client/src/assets/docs/knowledgeRepository/graph/DtopCatalogs/control-catalog.json
TPM-05.1,sol_medium_business_68637c0bd4,HAS_POSSIBLE_SOLUTION,Medium Business,control,DTOP-OLD/client/src/assets/docs/knowledgeRepository/graph/DtopCatalogs/control-catalog.json
TPM-05.2,sol_enterprise_5dd97e6425,HAS_POSSIBLE_SOLUTION,Enterprise,control,DTOP-OLD/client/src/assets/docs/knowledgeRepository/graph/DtopCatalogs/control-catalog.json
TPM-05.2,sol_large_business_98ae70d5e6,HAS_POSSIBLE_SOLUTION,Large Business,control,DTOP-OLD/client/src/assets/docs/knowledgeRepository/graph/DtopCatalogs/control-catalog.json
TPM-05.2,sol_medium_business_68637c0bd4,HAS_POSSIBLE_SOLUTION,Medium Business,control,DTOP-OLD/client/src/assets/docs/knowledgeRepository/graph/DtopCatalogs/control-catalog.json
TPM-05.3,sol_enterprise_5dd97e6425,HAS_POSSIBLE_SOLUTION,Enterprise,control,DTOP-OLD/client/src/assets/docs/knowledgeRepository/graph/DtopCatalogs/control-catalog.json
TPM-05.3,sol_large_business_98ae70d5e6,HAS_POSSIBLE_SOLUTION,Large Business,control,DTOP-OLD/client/src/assets/docs/knowledgeRepository/graph/DtopCatalogs/control-catalog.json
TPM-05.3,sol_medium_business_68637c0bd4,HAS_POSSIBLE_SOLUTION,Medium Business,control,DTOP-OLD/client/src/assets/docs/knowledgeRepository/graph/DtopCatalogs/control-catalog.json
TPM-05.4,sol_enterprise_d2dd030321,HAS_POSSIBLE_SOLUTION,Enterprise,control,DTOP-OLD/client/src/assets/docs/knowledgeRepository/graph/DtopCatalogs/control-catalog.json
TPM-05.4,sol_large_business_340cd371b3,HAS_POSSIBLE_SOLUTION,Large Business,control,DTOP-OLD/client/src/assets/docs/knowledgeRepository/graph/DtopCatalogs/control-catalog.json
TPM-05.4,sol_medium_business_b0f6d67e1a,HAS_POSSIBLE_SOLUTION,Medium Business,control,DTOP-OLD/client/src/assets/docs/knowledgeRepository/graph/DtopCatalogs/control-catalog.json
TPM-05.5,sol_enterprise_6e2c906431,HAS_POSSIBLE_SOLUTION,Enterprise,control,DTOP-OLD/client/src/assets/docs/knowledgeRepository/graph/DtopCatalogs/control-catalog.json
TPM-05.5,sol_large_business_0ebb793fa7,HAS_POSSIBLE_SOLUTION,Large Business,control,DTOP-OLD/client/src/assets/docs/knowledgeRepository/graph/DtopCatalogs/control-catalog.json
TPM-05.5,sol_medium_business_1219b89742,HAS_POSSIBLE_SOLUTION,Medium Business,control,DTOP-OLD/client/src/assets/docs/knowledgeRepository/graph/DtopCatalogs/control-catalog.json
TPM-05.6,sol_enterprise_6e2c906431,HAS_POSSIBLE_SOLUTION,Enterprise,control,DTOP-OLD/client/src/assets/docs/knowledgeRepository/graph/DtopCatalogs/control-catalog.json
TPM-05.6,sol_large_business_0ebb793fa7,HAS_POSSIBLE_SOLUTION,Large Business,control,DTOP-OLD/client/src/assets/docs/knowledgeRepository/graph/DtopCatalogs/control-catalog.json
TPM-05.6,sol_medium_business_1219b89742,HAS_POSSIBLE_SOLUTION,Medium Business,control,DTOP-OLD/client/src/assets/docs/knowledgeRepository/graph/DtopCatalogs/control-catalog.json
TPM-05.7,sol_enterprise_6e2c906431,HAS_POSSIBLE_SOLUTION,Enterprise,control,DTOP-OLD/client/src/assets/docs/knowledgeRepository/graph/DtopCatalogs/control-catalog.json
TPM-05.7,sol_large_business_0ebb793fa7,HAS_POSSIBLE_SOLUTION,Large Business,control,DTOP-OLD/client/src/assets/docs/knowledgeRepository/graph/DtopCatalogs/control-catalog.json
TPM-05.7,sol_medium_business_1219b89742,HAS_POSSIBLE_SOLUTION,Medium Business,control,DTOP-OLD/client/src/assets/docs/knowledgeRepository/graph/DtopCatalogs/control-catalog.json
TPM-05.8,sol_enterprise_6e2c906431,HAS_POSSIBLE_SOLUTION,Enterprise,control,DTOP-OLD/client/src/assets/docs/knowledgeRepository/graph/DtopCatalogs/control-catalog.json
TPM-05.8,sol_large_business_0ebb793fa7,HAS_POSSIBLE_SOLUTION,Large Business,control,DTOP-OLD/client/src/assets/docs/knowledgeRepository/graph/DtopCatalogs/control-catalog.json
TPM-05.8,sol_medium_business_1219b89742,HAS_POSSIBLE_SOLUTION,Medium Business,control,DTOP-OLD/client/src/assets/docs/knowledgeRepository/graph/DtopCatalogs/control-catalog.json
TPM-06,sol_enterprise_6e2c906431,HAS_POSSIBLE_SOLUTION,Enterprise,control,DTOP-OLD/client/src/assets/docs/knowledgeRepository/graph/DtopCatalogs/control-catalog.json
TPM-06,sol_large_business_0ebb793fa7,HAS_POSSIBLE_SOLUTION,Large Business,control,DTOP-OLD/client/src/assets/docs/knowledgeRepository/graph/DtopCatalogs/control-catalog.json
TPM-06,sol_medium_business_1219b89742,HAS_POSSIBLE_SOLUTION,Medium Business,control,DTOP-OLD/client/src/assets/docs/knowledgeRepository/graph/DtopCatalogs/control-catalog.json
TPM-07,sol_enterprise_6e2c906431,HAS_POSSIBLE_SOLUTION,Enterprise,control,DTOP-OLD/client/src/assets/docs/knowledgeRepository/graph/DtopCatalogs/control-catalog.json
TPM-07,sol_large_business_0ebb793fa7,HAS_POSSIBLE_SOLUTION,Large Business,control,DTOP-OLD/client/src/assets/docs/knowledgeRepository/graph/DtopCatalogs/control-catalog.json
TPM-07,sol_medium_business_1219b89742,HAS_POSSIBLE_SOLUTION,Medium Business,control,DTOP-OLD/client/src/assets/docs/knowledgeRepository/graph/DtopCatalogs/control-catalog.json
TPM-08,sol_enterprise_6e2c906431,HAS_POSSIBLE_SOLUTION,Enterprise,control,DTOP-OLD/client/src/assets/docs/knowledgeRepository/graph/DtopCatalogs/control-catalog.json
TPM-08,sol_large_business_0ebb793fa7,HAS_POSSIBLE_SOLUTION,Large Business,control,DTOP-OLD/client/src/assets/docs/knowledgeRepository/graph/DtopCatalogs/control-catalog.json
TPM-08,sol_medium_business_1219b89742,HAS_POSSIBLE_SOLUTION,Medium Business,control,DTOP-OLD/client/src/assets/docs/knowledgeRepository/graph/DtopCatalogs/control-catalog.json
TPM-09,sol_enterprise_c7fcc3ac14,HAS_POSSIBLE_SOLUTION,Enterprise,control,DTOP-OLD/client/src/assets/docs/knowledgeRepository/graph/DtopCatalogs/control-catalog.json
TPM-09,sol_large_business_09ccb84cd4,HAS_POSSIBLE_SOLUTION,Large Business,control,DTOP-OLD/client/src/assets/docs/knowledgeRepository/graph/DtopCatalogs/control-catalog.json
TPM-09,sol_medium_business_a494144caa,HAS_POSSIBLE_SOLUTION,Medium Business,control,DTOP-OLD/client/src/assets/docs/knowledgeRepository/graph/DtopCatalogs/control-catalog.json
TPM-10,sol_enterprise_5dd97e6425,HAS_POSSIBLE_SOLUTION,Enterprise,control,DTOP-OLD/client/src/assets/docs/knowledgeRepository/graph/DtopCatalogs/control-catalog.json
TPM-10,sol_large_business_98ae70d5e6,HAS_POSSIBLE_SOLUTION,Large Business,control,DTOP-OLD/client/src/assets/docs/knowledgeRepository/graph/DtopCatalogs/control-catalog.json
TPM-10,sol_medium_business_68637c0bd4,HAS_POSSIBLE_SOLUTION,Medium Business,control,DTOP-OLD/client/src/assets/docs/knowledgeRepository/graph/DtopCatalogs/control-catalog.json
TPM-11,sol_enterprise_c7fcc3ac14,HAS_POSSIBLE_SOLUTION,Enterprise,control,DTOP-OLD/client/src/assets/docs/knowledgeRepository/graph/DtopCatalogs/control-catalog.json
TPM-11,sol_large_business_09ccb84cd4,HAS_POSSIBLE_SOLUTION,Large Business,control,DTOP-OLD/client/src/assets/docs/knowledgeRepository/graph/DtopCatalogs/control-catalog.json
TPM-11,sol_medium_business_a494144caa,HAS_POSSIBLE_SOLUTION,Medium Business,control,DTOP-OLD/client/src/assets/docs/knowledgeRepository/graph/DtopCatalogs/control-catalog.json
VPM-01,sol_enterprise_eeb648eeb1,HAS_POSSIBLE_SOLUTION,Enterprise,control,DTOP-OLD/client/src/assets/docs/knowledgeRepository/graph/DtopCatalogs/control-catalog.json
VPM-01,sol_large_business_c5df053857,HAS_POSSIBLE_SOLUTION,Large Business,control,DTOP-OLD/client/src/assets/docs/knowledgeRepository/graph/DtopCatalogs/control-catalog.json
VPM-01,sol_medium_business_cac28f8492,HAS_POSSIBLE_SOLUTION,Medium Business,control,DTOP-OLD/client/src/assets/docs/knowledgeRepository/graph/DtopCatalogs/control-catalog.json
VPM-05,sol_enterprise_84336b8c06,HAS_POSSIBLE_SOLUTION,Enterprise,control,DTOP-OLD/client/src/assets/docs/knowledgeRepository/graph/DtopCatalogs/control-catalog.json
VPM-05,sol_large_business_975dace370,HAS_POSSIBLE_SOLUTION,Large Business,control,DTOP-OLD/client/src/assets/docs/knowledgeRepository/graph/DtopCatalogs/control-catalog.json
VPM-05,sol_medium_business_b44e9a969c,HAS_POSSIBLE_SOLUTION,Medium Business,control,DTOP-OLD/client/src/assets/docs/knowledgeRepository/graph/DtopCatalogs/control-catalog.json
VPM-05.4,sol_enterprise_01ad08df55,HAS_POSSIBLE_SOLUTION,Enterprise,control,DTOP-OLD/client/src/assets/docs/knowledgeRepository/graph/DtopCatalogs/control-catalog.json
VPM-05.4,sol_large_business_b1d7d2c3d8,HAS_POSSIBLE_SOLUTION,Large Business,control,DTOP-OLD/client/src/assets/docs/knowledgeRepository/graph/DtopCatalogs/control-catalog.json
VPM-05.4,sol_medium_business_7e9d9ab28a,HAS_POSSIBLE_SOLUTION,Medium Business,control,DTOP-OLD/client/src/assets/docs/knowledgeRepository/graph/DtopCatalogs/control-catalog.json
VPM-06,sol_enterprise_96f500883a,HAS_POSSIBLE_SOLUTION,Enterprise,control,DTOP-OLD/client/src/assets/docs/knowledgeRepository/graph/DtopCatalogs/control-catalog.json
VPM-06,sol_large_business_f40ec1b955,HAS_POSSIBLE_SOLUTION,Large Business,control,DTOP-OLD/client/src/assets/docs/knowledgeRepository/graph/DtopCatalogs/control-catalog.json
VPM-06,sol_medium_business_f7660d5275,HAS_POSSIBLE_SOLUTION,Medium Business,control,DTOP-OLD/client/src/assets/docs/knowledgeRepository/graph/DtopCatalogs/control-catalog.json
VPM-06.6,sol_enterprise_bb1c32bae4,HAS_POSSIBLE_SOLUTION,Enterprise,control,DTOP-OLD/client/src/assets/docs/knowledgeRepository/graph/DtopCatalogs/control-catalog.json
VPM-06.6,sol_large_business_2fa747cd41,HAS_POSSIBLE_SOLUTION,Large Business,control,DTOP-OLD/client/src/assets/docs/knowledgeRepository/graph/DtopCatalogs/control-catalog.json
VPM-06.6,sol_medium_business_ac584167f0,HAS_POSSIBLE_SOLUTION,Medium Business,control,DTOP-OLD/client/src/assets/docs/knowledgeRepository/graph/DtopCatalogs/control-catalog.json
VPM-06.7,sol_enterprise_bb1c32bae4,HAS_POSSIBLE_SOLUTION,Enterprise,control,DTOP-OLD/client/src/assets/docs/knowledgeRepository/graph/DtopCatalogs/control-catalog.json
VPM-06.7,sol_large_business_2fa747cd41,HAS_POSSIBLE_SOLUTION,Large Business,control,DTOP-OLD/client/src/assets/docs/knowledgeRepository/graph/DtopCatalogs/control-catalog.json
VPM-06.7,sol_medium_business_ac584167f0,HAS_POSSIBLE_SOLUTION,Medium Business,control,DTOP-OLD/client/src/assets/docs/knowledgeRepository/graph/DtopCatalogs/control-catalog.json
VPM-08,sol_enterprise_5340128f1c,HAS_POSSIBLE_SOLUTION,Enterprise,control,DTOP-OLD/client/src/assets/docs/knowledgeRepository/graph/DtopCatalogs/control-catalog.json
VPM-08,sol_large_business_0add4af093,HAS_POSSIBLE_SOLUTION,Large Business,control,DTOP-OLD/client/src/assets/docs/knowledgeRepository/graph/DtopCatalogs/control-catalog.json
VPM-08,sol_medium_business_e04ee8f9dc,HAS_POSSIBLE_SOLUTION,Medium Business,control,DTOP-OLD/client/src/assets/docs/knowledgeRepository/graph/DtopCatalogs/control-catalog.json
VPM-10,sol_enterprise_219776d7eb,HAS_POSSIBLE_SOLUTION,Enterprise,control,DTOP-OLD/client/src/assets/docs/knowledgeRepository/graph/DtopCatalogs/control-catalog.json
VPM-10,sol_large_business_7ee31787cd,HAS_POSSIBLE_SOLUTION,Large Business,control,DTOP-OLD/client/src/assets/docs/knowledgeRepository/graph/DtopCatalogs/control-catalog.json
WEB-03,sol_enterprise_9bc57fc931,HAS_POSSIBLE_SOLUTION,Enterprise,control,DTOP-OLD/client/src/assets/docs/knowledgeRepository/graph/DtopCatalogs/control-catalog.json
WEB-03,sol_large_business_0d66a9cf97,HAS_POSSIBLE_SOLUTION,Large Business,control,DTOP-OLD/client/src/assets/docs/knowledgeRepository/graph/DtopCatalogs/control-catalog.json
WEB-03,sol_medium_business_9dd4eb23a3,HAS_POSSIBLE_SOLUTION,Medium Business,control,DTOP-OLD/client/src/assets/docs/knowledgeRepository/graph/DtopCatalogs/control-catalog.json
