clause_id,article_id,clause_type,marker,text,source_line,source_document
Art2-I,Art2,fraction,I.,"Establish the bases, principles and procedures to guarantee the right of every person to the protection of their personal data, held by obligated subjects;",50,Mexico LGPDPPSO (DOF 20-03-2025) — PDP-Public_03-21-2025_GoogleTranslate.pdf (machine translation)
Art2-II,Art2,fraction,II.,Distribute powers between the Secretariat and the Guarantor Authorities regarding the protection of personal data held by obliged subjects;,53,Mexico LGPDPPSO (DOF 20-03-2025) — PDP-Public_03-21-2025_GoogleTranslate.pdf (machine translation)
Art2-III,Art2,fraction,III.,"Establish the minimum bases and homogeneous conditions that will govern the processing of personal data and the exercise of the rights of access, rectification, cancellation and opposition, through simple and expeditious procedures;",55,Mexico LGPDPPSO (DOF 20-03-2025) — PDP-Public_03-21-2025_GoogleTranslate.pdf (machine translation)
Art2-IV,Art2,fraction,IV.,Ensure compliance with the principles of personal data protection provided for in this document Law and other provisions that are applicable in the matter;,60,Mexico LGPDPPSO (DOF 20-03-2025) — PDP-Public_03-21-2025_GoogleTranslate.pdf (machine translation)
Art2-V,Art2,fraction,V.,"Protect personal data in the possession of any authority, entity, body and organization of the Executive, Legislative and Judicial Powers, autonomous bodies, trusts and public funds, of the Federation, political parties, the Federative Entities and the municipalities, with the purpose of regulating their due treatment;",62,Mexico LGPDPPSO (DOF 20-03-2025) — PDP-Public_03-21-2025_GoogleTranslate.pdf (machine translation)
Art2-VI,Art2,fraction,VI.,Ensure that every person can exercise the right to the protection of personal data;,66,Mexico LGPDPPSO (DOF 20-03-2025) — PDP-Public_03-21-2025_GoogleTranslate.pdf (machine translation)
Art2-VII,Art2,fraction,VII.,"Promote, encourage and disseminate a culture of personal data protection, and",68,Mexico LGPDPPSO (DOF 20-03-2025) — PDP-Public_03-21-2025_GoogleTranslate.pdf (machine translation)
Art2-VIII,Art2,fraction,VIII.,Establish mechanisms to ensure compliance and effective enforcement of appropriate enforcement measures for conduct that violates the provisions of this Law.,83,Mexico LGPDPPSO (DOF 20-03-2025) — PDP-Public_03-21-2025_GoogleTranslate.pdf (machine translation)
Art3-I,Art3,fraction,I.,"Areas: Instances of the obligated subjects provided for in the respective internal regulations, organic statutes or equivalent instruments, which have or may have, process, and be responsible for or in charge of personal data;",88,Mexico LGPDPPSO (DOF 20-03-2025) — PDP-Public_03-21-2025_GoogleTranslate.pdf (machine translation)
Art3-II,Art3,fraction,II.,"Guarantor authorities: Control and disciplinary body of the Judiciary; the internal control bodies of the autonomous constitutional bodies; the internal comptroller's offices of the Congress of the Union; the National Electoral Institute, with regard to access to the protection of personal data by political parties; and the bodies in charge of internal comptrollership or their counterparts. Executive, Legislative and Judicial Powers, as well as the autonomous constitutional bodies, of the Federative Entities;",93,Mexico LGPDPPSO (DOF 20-03-2025) — PDP-Public_03-21-2025_GoogleTranslate.pdf (machine translation)
Art3-III,Art3,fraction,III.,"Privacy Notice: Document available to the data subject, whether physically, electronically, or in any format generated by the data controller, from the moment in which their personal data is collected, in order to inform them of the purposes for which said data is processed;",99,Mexico LGPDPPSO (DOF 20-03-2025) — PDP-Public_03-21-2025_GoogleTranslate.pdf (machine translation)
Art3-IV,Art3,fraction,IV.,"Databases: An ordered set of personal data relating to an identified or identifiable person, subject to certain criteria, regardless of the form or method of its creation, type of support, processing, storage and organization;",104,Mexico LGPDPPSO (DOF 20-03-2025) — PDP-Public_03-21-2025_GoogleTranslate.pdf (machine translation)
Art3-V,Art3,fraction,V.,"Blocking: Identification and retention of personal data once the purpose for which it was collected has been fulfilled, for the sole purpose of determining potential liabilities related to its processing, until the statutory or contractual limitation period for such processing expires. During this period, personal data may not be processed, and once this period has elapsed, they will be deleted from the corresponding database.",108,Mexico LGPDPPSO (DOF 20-03-2025) — PDP-Public_03-21-2025_GoogleTranslate.pdf (machine translation)
Art3-VI,Art3,fraction,VI.,Transparency Committee: Body referred to in article 39 of the General Law of Transparency and Access to Public Information;,114,Mexico LGPDPPSO (DOF 20-03-2025) — PDP-Public_03-21-2025_GoogleTranslate.pdf (machine translation)
Art3-VII,Art3,fraction,VII.,"Cloud computing: A model for the external provision of on-demand computing services, which involves the provision of infrastructure, a platform, or software, distributed flexibly, through virtual procedures, on dynamically shared resources;",116,Mexico LGPDPPSO (DOF 20-03-2025) — PDP-Public_03-21-2025_GoogleTranslate.pdf (machine translation)
Art3-VIII,Art3,fraction,VIII.,"Consent: Manifestation of the free, specific and informed will of the data subject through which the processing of the data is carried out;",119,Mexico LGPDPPSO (DOF 20-03-2025) — PDP-Public_03-21-2025_GoogleTranslate.pdf (machine translation)
Art3-IX,Art3,fraction,IX.,"Personal data: Any information relating to an identified or identifiable person. A person is considered identifiable when their identity can be determined, directly or indirectly, from any information;",121,Mexico LGPDPPSO (DOF 20-03-2025) — PDP-Public_03-21-2025_GoogleTranslate.pdf (machine translation)
Art3-X,Art3,fraction,X.,"Sensitive personal data: Data that relates to the most intimate sphere of the data subject, or whose improper use could give rise to discrimination or pose a serious risk to discrimination. By way of example, but not limited to, sensitive personal data includes data that may reveal aspects such as racial or ethnic origin, current or future health status, genetic information, religious, philosophical, and moral beliefs, political opinions, and sexual preference.",126,Mexico LGPDPPSO (DOF 20-03-2025) — PDP-Public_03-21-2025_GoogleTranslate.pdf (machine translation)
Art3-XI,Art3,fraction,XI.,"ARCO Rights: Rights of access, rectification, cancellation and opposition to the processing of personal data;",132,Mexico LGPDPPSO (DOF 20-03-2025) — PDP-Public_03-21-2025_GoogleTranslate.pdf (machine translation)
Art3-XII,Art3,fraction,XII.,Days: Business days;,135,Mexico LGPDPPSO (DOF 20-03-2025) — PDP-Public_03-21-2025_GoogleTranslate.pdf (machine translation)
Art3-XIII,Art3,fraction,XIII.,"Dissociation: Procedure by which personal data cannot be associated with the data subject nor, due to their structure, content or degree of disaggregation, allow their identification;",136,Mexico LGPDPPSO (DOF 20-03-2025) — PDP-Public_03-21-2025_GoogleTranslate.pdf (machine translation)
Art3-XIV,Art3,fraction,XIV.,"Security document: Instrument that describes and provides a general account of the technical, physical and administrative security measures adopted by the controller to guarantee the confidentiality, integrity and availability of the personal data it holds;",138,Mexico LGPDPPSO (DOF 20-03-2025) — PDP-Public_03-21-2025_GoogleTranslate.pdf (machine translation)
Art3-XV,Art3,fraction,XV.,"Personal data protection impact assessment: Document through which obligated subjects who intend to implement or modify public policies, programs, computer systems or platforms, electronic applications or any other technology that involves the intensive or relevant processing of personal data, assess the real impacts regarding certain processing of personal data, in order to identify and mitigate possible risks related to the principles, duties and rights of the data subjects, as well as the duties of those responsible and those in charge, provided for in the applicable legal provisions;",156,Mexico LGPDPPSO (DOF 20-03-2025) — PDP-Public_03-21-2025_GoogleTranslate.pdf (machine translation)
Art3-XVI,Art3,fraction,XVI.,"Publicly accessible sources: Those databases, systems, or files that, by law, may be publicly consulted when there is no impediment imposed by a restrictive rule and with no other requirement than, where applicable, the payment of a fee, contribution, or consideration. A source shall not be considered publicly accessible when the information contained therein was obtained or comes from an illicit source, in accordance with the provisions of this Law and other applicable legal provisions;",164,Mexico LGPDPPSO (DOF 20-03-2025) — PDP-Public_03-21-2025_GoogleTranslate.pdf (machine translation)
Art3-XVII,Art3,fraction,XVII.,"Compensatory measures: Alternative mechanisms to inform the data subjects of the privacy notice, through its dissemination through mass media or other broad-based media;",171,Mexico LGPDPPSO (DOF 20-03-2025) — PDP-Public_03-21-2025_GoogleTranslate.pdf (machine translation)
Art3-XVIII,Art3,fraction,XVIII.,"Security measures: Set of actions, activities, controls or administrative, technical and physical mechanisms that allow the protection of personal data;",173,Mexico LGPDPPSO (DOF 20-03-2025) — PDP-Public_03-21-2025_GoogleTranslate.pdf (machine translation)
Art3-XIX,Art3,fraction,XIX.,"Administrative security measures: Policies and procedures for the management, support, and review of information security at the organizational level, the identification, classification, and secure deletion of information, as well as staff awareness and training on personal data protection;",175,Mexico LGPDPPSO (DOF 20-03-2025) — PDP-Public_03-21-2025_GoogleTranslate.pdf (machine translation)
Art3-XX,Art3,fraction,XX.,"Physical security measures: A set of actions and mechanisms to protect the physical environment of personal data and the resources involved in its processing. The following activities should be considered, but are not limited to:",180,Mexico LGPDPPSO (DOF 20-03-2025) — PDP-Public_03-21-2025_GoogleTranslate.pdf (machine translation)
Art3-XX-a,Art3,letter,a),"Prevent unauthorized access to the organization's perimeter, its physical facilities, areas reviews, resources and information;",183,Mexico LGPDPPSO (DOF 20-03-2025) — PDP-Public_03-21-2025_GoogleTranslate.pdf (machine translation)
Art3-XX-b,Art3,letter,b),"Prevent damage or interference to the physical facilities, critical areas of the organization, resources and information;",185,Mexico LGPDPPSO (DOF 20-03-2025) — PDP-Public_03-21-2025_GoogleTranslate.pdf (machine translation)
Art3-XX-c,Art3,letter,c),"Protect mobile and portable resources and any physical or electronic media that may leave the organization, and",188,Mexico LGPDPPSO (DOF 20-03-2025) — PDP-Public_03-21-2025_GoogleTranslate.pdf (machine translation)
Art3-XX-d,Art3,letter,d),Provide equipment containing or storing personal data with effective maintenance to ensure its availability and integrity;,191,Mexico LGPDPPSO (DOF 20-03-2025) — PDP-Public_03-21-2025_GoogleTranslate.pdf (machine translation)
Art3-XXI,Art3,fraction,XXI.,"Technical security measures: A set of actions and mechanisms that use hardware and software technology to protect the digital environment of personal data and the resources involved in its processing. The following activities should be considered, but are not limited to:",193,Mexico LGPDPPSO (DOF 20-03-2025) — PDP-Public_03-21-2025_GoogleTranslate.pdf (machine translation)
Art3-XXI-a,Art3,letter,a),"Prevent access to databases or information, as well as resources, by identified and authorized users;",198,Mexico LGPDPPSO (DOF 20-03-2025) — PDP-Public_03-21-2025_GoogleTranslate.pdf (machine translation)
Art3-XXI-b,Art3,letter,b),Generate a privilege scheme so that the user can carry out the activities required by his/her duties;,201,Mexico LGPDPPSO (DOF 20-03-2025) — PDP-Public_03-21-2025_GoogleTranslate.pdf (machine translation)
Art3-XXI-c,Art3,letter,c),"Review the security configuration in the acquisition, operation, development and maintenance of software and hardware, and",204,Mexico LGPDPPSO (DOF 20-03-2025) — PDP-Public_03-21-2025_GoogleTranslate.pdf (machine translation)
Art3-XXI-d,Art3,letter,d),"Manage communications, operations and storage media of resources computer scientists in the processing of personal data;",207,Mexico LGPDPPSO (DOF 20-03-2025) — PDP-Public_03-21-2025_GoogleTranslate.pdf (machine translation)
Art3-XXII,Art3,fraction,XXII.,"Person in Charge: A natural or legal person, public or private, outside the organization of the person responsible, who alone or jointly with others processes personal data on behalf of and for the account of the person responsible;",209,Mexico LGPDPPSO (DOF 20-03-2025) — PDP-Public_03-21-2025_GoogleTranslate.pdf (machine translation)
Art3-XXIII,Art3,fraction,XXIII.,National Platform: National Transparency Platform referred to in article 44 of the General Law on Transparency and Access to Public Information;,213,Mexico LGPDPPSO (DOF 20-03-2025) — PDP-Public_03-21-2025_GoogleTranslate.pdf (machine translation)
Art3-XXIV,Art3,fraction,XXIV.,"Referral: All communication of personal data carried out exclusively between the controller and the person in charge, within or outside Mexican territory;",229,Mexico LGPDPPSO (DOF 20-03-2025) — PDP-Public_03-21-2025_GoogleTranslate.pdf (machine translation)
Art3-XXV,Art3,fraction,XXV.,Responsible: Obligated subjects referred to in section XXVII of this article who decide on the processing of personal data;,231,Mexico LGPDPPSO (DOF 20-03-2025) — PDP-Public_03-21-2025_GoogleTranslate.pdf (machine translation)
Art3-XXVI,Art3,fraction,XXVI.,Secretariat: Anti-Corruption and Good Government Secretariat;,233,Mexico LGPDPPSO (DOF 20-03-2025) — PDP-Public_03-21-2025_GoogleTranslate.pdf (machine translation)
Art3-XXVII,Art3,fraction,XXVII.,"Obligated Subjects: Any authority, entity, body and organization of the executive, legislative and judicial branches, autonomous bodies, political parties, trusts and public funds, at the federal, state and municipal level or in the territorial demarcations of Mexico City;",236,Mexico LGPDPPSO (DOF 20-03-2025) — PDP-Public_03-21-2025_GoogleTranslate.pdf (machine translation)
Art3-XXVIII,Art3,fraction,XXVIII.,"Deletion: Archival removal of personal data in accordance with the applicable legal provisions on archives, which results in the elimination, erasure or destruction of personal data under the security measures previously established by the controller;",239,Mexico LGPDPPSO (DOF 20-03-2025) — PDP-Public_03-21-2025_GoogleTranslate.pdf (machine translation)
Art3-XXIX,Art3,fraction,XXIX.,Data Subject: Subject to whom the personal data correspond;,242,Mexico LGPDPPSO (DOF 20-03-2025) — PDP-Public_03-21-2025_GoogleTranslate.pdf (machine translation)
Art3-XXX,Art3,fraction,XXX.,"Transfer: Any communication of personal data within or outside Mexican territory, made to a person other than the owner, the controller or the person in charge;",243,Mexico LGPDPPSO (DOF 20-03-2025) — PDP-Public_03-21-2025_GoogleTranslate.pdf (machine translation)
Art3-XXXI,Art3,fraction,XXXI.,"Processing: Any operation or set of operations carried out by manual or automated procedures applied to personal data, related to the obtaining, use, registration, organization, conservation, elaboration, utilization, communication, dissemination, storage, possession, access, handling, exploitation, disclosure, transfer or disposition of personal data, and",245,Mexico LGPDPPSO (DOF 20-03-2025) — PDP-Public_03-21-2025_GoogleTranslate.pdf (machine translation)
Art3-XXXII,Art3,fraction,XXXII.,Transparency Unit: Instance referred to in article 41 of the General Law of Transparency and Access to Public Information.,251,Mexico LGPDPPSO (DOF 20-03-2025) — PDP-Public_03-21-2025_GoogleTranslate.pdf (machine translation)
Art5-I,Art5,fraction,I.,"Internet pages or remote or local means of electronic, optical and other technological communication, provided that the site where the personal data is located is designed to provide information to the public and is open to general consultation;",258,Mexico LGPDPPSO (DOF 20-03-2025) — PDP-Public_03-21-2025_GoogleTranslate.pdf (machine translation)
Art5-II,Art5,fraction,II.,Telephone directories in terms of specific regulations;,262,Mexico LGPDPPSO (DOF 20-03-2025) — PDP-Public_03-21-2025_GoogleTranslate.pdf (machine translation)
Art5-III,Art5,fraction,III.,"Newspapers, gazettes or official bulletins, in accordance with the corresponding legal provisions;",263,Mexico LGPDPPSO (DOF 20-03-2025) — PDP-Public_03-21-2025_GoogleTranslate.pdf (machine translation)
Art5-IV,Art5,fraction,IV.,"Social media, and",264,Mexico LGPDPPSO (DOF 20-03-2025) — PDP-Public_03-21-2025_GoogleTranslate.pdf (machine translation)
Art5-V,Art5,fraction,V.,Public records in accordance with the provisions applicable to them.,265,Mexico LGPDPPSO (DOF 20-03-2025) — PDP-Public_03-21-2025_GoogleTranslate.pdf (machine translation)
Art5-P2,Art5,paragraph,paragraph 2,"For the assumptions listed in this article to be considered publicly accessible sources, they must be accessible by any person not impeded by a restrictive rule, or without any requirement other than, where applicable, the payment of a fee, right, or charge. A source will not be considered publicly accessible when the information it contains is or comes from an illicit source.",268,Mexico LGPDPPSO (DOF 20-03-2025) — PDP-Public_03-21-2025_GoogleTranslate.pdf (machine translation)
Art6-P2,Art6,paragraph,paragraph 2,"The right to the protection of personal data shall only be limited for reasons of national security, in accordance with the relevant law, public order, public health and safety provisions, or to protect the rights of third parties.",274,Mexico LGPDPPSO (DOF 20-03-2025) — PDP-Public_03-21-2025_GoogleTranslate.pdf (machine translation)
Art7-P2,Art7,paragraph,paragraph 2,"In the processing of personal data of minors, the best interests of the girl must be given priority, child and adolescent, in terms of the applicable legal provisions.",296,Mexico LGPDPPSO (DOF 20-03-2025) — PDP-Public_03-21-2025_GoogleTranslate.pdf (machine translation)
Art8-P2,Art8,paragraph,paragraph 2,"In the case of interpretation, the criteria, determinations, and opinions of national and international organizations regarding the protection of personal data may be taken into account.",304,Mexico LGPDPPSO (DOF 20-03-2025) — PDP-Public_03-21-2025_GoogleTranslate.pdf (machine translation)
Art9-P2,Art9,paragraph,paragraph 2,"The laws of the Federal Entities, within the scope of their respective powers, shall determine the provisions applicable to the Guarantor Authorities in the application and interpretation of this Law.",308,Mexico LGPDPPSO (DOF 20-03-2025) — PDP-Public_03-21-2025_GoogleTranslate.pdf (machine translation)
Art12-P2,Art12,paragraph,paragraph 2,"The data controller may process personal data for purposes other than those established in the privacy notice, provided that it has the authority granted by applicable law and the data subject has given his or her consent, unless the data subject has been reported missing, in accordance with the terms set forth in this Law and other applicable provisions.",325,Mexico LGPDPPSO (DOF 20-03-2025) — PDP-Public_03-21-2025_GoogleTranslate.pdf (machine translation)
Art14-I,Art14,fraction,I.,"Free: Without any error, bad faith, violence or fraud that could affect the manifestation of the will of the holder;",337,Mexico LGPDPPSO (DOF 20-03-2025) — PDP-Public_03-21-2025_GoogleTranslate.pdf (machine translation)
Art14-II,Art14,fraction,II.,"Specific: Referred to specific, lawful, explicit and legitimate purposes that justify the treatment, and",342,Mexico LGPDPPSO (DOF 20-03-2025) — PDP-Public_03-21-2025_GoogleTranslate.pdf (machine translation)
Art14-III,Art14,fraction,III.,Informed: That the data subject is aware of the privacy notice prior to the processing of his or her personal data.,347,Mexico LGPDPPSO (DOF 20-03-2025) — PDP-Public_03-21-2025_GoogleTranslate.pdf (machine translation)
Art14-P2,Art14,paragraph,paragraph 2,"When obtaining the consent of minors or those who are under interdiction or declared incapacitated in accordance with applicable legal provisions, the rules of representation provided for in applicable civil legislation shall apply.",349,Mexico LGPDPPSO (DOF 20-03-2025) — PDP-Public_03-21-2025_GoogleTranslate.pdf (machine translation)
Art15-P2,Art15,paragraph,paragraph 2,"Consent will be tacit when the privacy notice has been made available to the owner, This does not express its will to the contrary.",371,Mexico LGPDPPSO (DOF 20-03-2025) — PDP-Public_03-21-2025_GoogleTranslate.pdf (machine translation)
Art15-P3,Art15,paragraph,paragraph 3,"As a general rule, tacit consent will be valid, unless applicable legal provisions require that the will of the data subject be expressly stated.",374,Mexico LGPDPPSO (DOF 20-03-2025) — PDP-Public_03-21-2025_GoogleTranslate.pdf (machine translation)
Art15-P4,Art15,paragraph,paragraph 4,"In the case of sensitive personal data, the data controller must obtain the data subject's express written consent for its processing, through his or her handwritten signature, electronic signature, or any other authentication mechanism established for this purpose, except in the cases provided for in Article 16 of this Law.",377,Mexico LGPDPPSO (DOF 20-03-2025) — PDP-Public_03-21-2025_GoogleTranslate.pdf (machine translation)
Art16-I,Art16,fraction,I.,"When applicable legislation so provides, such assumptions must be in accordance with the bases, principles and provisions established in this Law, and in no case may they contravene it;",383,Mexico LGPDPPSO (DOF 20-03-2025) — PDP-Public_03-21-2025_GoogleTranslate.pdf (machine translation)
Art16-II,Art16,fraction,II.,"When transfers are made between controllers, they are about personal data that are used for the exercise of their own powers, compatible or analogous with the purpose that motivated the processing of the personal data;",386,Mexico LGPDPPSO (DOF 20-03-2025) — PDP-Public_03-21-2025_GoogleTranslate.pdf (machine translation)
Art16-III,Art16,fraction,III.,"When there is a well-founded and motivated court order, resolution or mandate from a competent authority;",390,Mexico LGPDPPSO (DOF 20-03-2025) — PDP-Public_03-21-2025_GoogleTranslate.pdf (machine translation)
Art16-IV,Art16,fraction,IV.,For the recognition or defense of the rights of the holder before the competent authority;,391,Mexico LGPDPPSO (DOF 20-03-2025) — PDP-Public_03-21-2025_GoogleTranslate.pdf (machine translation)
Art16-V,Art16,fraction,V.,When personal data is required to exercise a right or fulfill obligations arising from a legal relationship between the data subject and the data controller;,392,Mexico LGPDPPSO (DOF 20-03-2025) — PDP-Public_03-21-2025_GoogleTranslate.pdf (machine translation)
Art16-VI,Art16,fraction,VI.,When there is an emergency situation that could potentially harm an individual in person or property;,394,Mexico LGPDPPSO (DOF 20-03-2025) — PDP-Public_03-21-2025_GoogleTranslate.pdf (machine translation)
Art16-VII,Art16,fraction,VII.,"When personal data is necessary to carry out processing for prevention, diagnosis or the provision of healthcare;",399,Mexico LGPDPPSO (DOF 20-03-2025) — PDP-Public_03-21-2025_GoogleTranslate.pdf (machine translation)
Art16-VIII,Art16,fraction,VIII.,When personal data appear in publicly accessible sources;,404,Mexico LGPDPPSO (DOF 20-03-2025) — PDP-Public_03-21-2025_GoogleTranslate.pdf (machine translation)
Art16-IX,Art16,fraction,IX.,"When personal data are subject to a prior dissociation procedure, or",405,Mexico LGPDPPSO (DOF 20-03-2025) — PDP-Public_03-21-2025_GoogleTranslate.pdf (machine translation)
Art16-X,Art16,fraction,X.,When the person holding the personal data is a person reported missing under the terms of the legal provisions on the matter.,406,Mexico LGPDPPSO (DOF 20-03-2025) — PDP-Public_03-21-2025_GoogleTranslate.pdf (machine translation)
Art17-P2,Art17,paragraph,paragraph 2,It is presumed that personal data quality is met when it is provided directly by the data subject and until the data subject states and proves otherwise.,414,Mexico LGPDPPSO (DOF 20-03-2025) — PDP-Public_03-21-2025_GoogleTranslate.pdf (machine translation)
Art17-P3,Art17,paragraph,paragraph 3,"When personal data is no longer necessary for the purposes set forth in the privacy notice and which motivated its processing in accordance with applicable provisions, it must be deleted, after blocking it if necessary, and once the retention period for the data has expired.",417,Mexico LGPDPPSO (DOF 20-03-2025) — PDP-Public_03-21-2025_GoogleTranslate.pdf (machine translation)
Art17-P4,Art17,paragraph,paragraph 4,"The retention periods for personal data shall not exceed those necessary to fulfill the purposes for which they were processed. They shall comply with the applicable provisions in the relevant matter and consider the administrative, accounting, tax, legal, and historical aspects of the personal data.",421,Mexico LGPDPPSO (DOF 20-03-2025) — PDP-Public_03-21-2025_GoogleTranslate.pdf (machine translation)
Art18-P2,Art18,paragraph,paragraph 2,"In the procedures referred to in the preceding paragraph, the controller must include mechanisms that allow it to comply with the deadlines set for the deletion of personal data, as well as to conduct a periodic review of the need to retain the personal data.",430,Mexico LGPDPPSO (DOF 20-03-2025) — PDP-Public_03-21-2025_GoogleTranslate.pdf (machine translation)
Art20-P2,Art20,paragraph,paragraph 2,"The privacy notice must be disseminated by the electronic and physical means available to the responsible party, Likewise, it must be made available in its simplified form.",450,Mexico LGPDPPSO (DOF 20-03-2025) — PDP-Public_03-21-2025_GoogleTranslate.pdf (machine translation)
Art20-P3,Art20,paragraph,paragraph 3,"In order for the privacy notice to efficiently fulfill its information function, it must be drafted and structured in a clear and simple manner.",452,Mexico LGPDPPSO (DOF 20-03-2025) — PDP-Public_03-21-2025_GoogleTranslate.pdf (machine translation)
Art20-P4,Art20,paragraph,paragraph 4,"When it is impossible to communicate the privacy notice to the data subject directly or it requires disproportionate efforts, the data controller may implement compensatory mass communication measures in accordance with the criteria issued for this purpose by the Secretariat.",454,Mexico LGPDPPSO (DOF 20-03-2025) — PDP-Public_03-21-2025_GoogleTranslate.pdf (machine translation)
Art21-I,Art21,fraction,I.,The name and address of the person responsible;,458,Mexico LGPDPPSO (DOF 20-03-2025) — PDP-Public_03-21-2025_GoogleTranslate.pdf (machine translation)
Art21-II,Art21,fraction,II.,"The personal data that will be processed, identifying those that are sensitive;",460,Mexico LGPDPPSO (DOF 20-03-2025) — PDP-Public_03-21-2025_GoogleTranslate.pdf (machine translation)
Art21-III,Art21,fraction,III.,The legal basis that authorizes the controller to carry out the processing;,461,Mexico LGPDPPSO (DOF 20-03-2025) — PDP-Public_03-21-2025_GoogleTranslate.pdf (machine translation)
Art21-IV,Art21,fraction,IV.,"The purposes of the processing for which the personal data are obtained, distinguishing those that require the consent of the data subject;",462,Mexico LGPDPPSO (DOF 20-03-2025) — PDP-Public_03-21-2025_GoogleTranslate.pdf (machine translation)
Art21-V,Art21,fraction,V.,"The mechanisms, means and procedures available to exercise ARCO rights;",464,Mexico LGPDPPSO (DOF 20-03-2025) — PDP-Public_03-21-2025_GoogleTranslate.pdf (machine translation)
Art21-VI,Art21,fraction,VI.,The address of the Transparency Unit;,465,Mexico LGPDPPSO (DOF 20-03-2025) — PDP-Public_03-21-2025_GoogleTranslate.pdf (machine translation)
Art21-VII,Art21,fraction,VII.,"When transfers of personal data are made that require consent, the following must be reported:",466,Mexico LGPDPPSO (DOF 20-03-2025) — PDP-Public_03-21-2025_GoogleTranslate.pdf (machine translation)
Art21-VII-a,Art21,letter,a),"The authorities, powers, entities, bodies and government agencies of the three levels of government and the natural or legal persons to whom the personal data are transferred, and",471,Mexico LGPDPPSO (DOF 20-03-2025) — PDP-Public_03-21-2025_GoogleTranslate.pdf (machine translation)
Art21-VII-b,Art21,letter,b),The purposes of these transfers;,473,Mexico LGPDPPSO (DOF 20-03-2025) — PDP-Public_03-21-2025_GoogleTranslate.pdf (machine translation)
Art21-VIII,Art21,fraction,VIII.,"The mechanisms and means available so that the data subject, where applicable, can express his or her refusal to have his or her personal data processed for purposes and transfers of personal data that require the data subject's consent, and",474,Mexico LGPDPPSO (DOF 20-03-2025) — PDP-Public_03-21-2025_GoogleTranslate.pdf (machine translation)
Art21-IX,Art21,fraction,IX.,The means through which the controller will communicate changes to the privacy notice to the data subjects.,477,Mexico LGPDPPSO (DOF 20-03-2025) — PDP-Public_03-21-2025_GoogleTranslate.pdf (machine translation)
Art21-P2,Art21,paragraph,paragraph 2,"The mechanisms and means referred to in Section VIII of this article must be available so that the data subject can express his or her refusal to have his or her personal data processed for purposes or transfers that require his or her consent, prior to such processing taking place.",481,Mexico LGPDPPSO (DOF 20-03-2025) — PDP-Public_03-21-2025_GoogleTranslate.pdf (machine translation)
Art22-P2,Art22,paragraph,paragraph 2,The availability of the privacy notice referred to in this article does not exempt the data controller from its obligation to provide mechanisms for the data subject to be aware of the full content of the privacy notice.,488,Mexico LGPDPPSO (DOF 20-03-2025) — PDP-Public_03-21-2025_GoogleTranslate.pdf (machine translation)
Art24-I,Art24,fraction,I.,Allocate authorized resources for this purpose for the implementation of personal data protection programs and policies;,512,Mexico LGPDPPSO (DOF 20-03-2025) — PDP-Public_03-21-2025_GoogleTranslate.pdf (machine translation)
Art24-II,Art24,fraction,II.,Develop personal data protection policies and programs that are mandatory and enforceable within the controller's organization;,515,Mexico LGPDPPSO (DOF 20-03-2025) — PDP-Public_03-21-2025_GoogleTranslate.pdf (machine translation)
Art24-III,Art24,fraction,III.,Implement a training and updating program for staff on obligations and other duties regarding personal data protection;,517,Mexico LGPDPPSO (DOF 20-03-2025) — PDP-Public_03-21-2025_GoogleTranslate.pdf (machine translation)
Art24-IV,Art24,fraction,IV.,Periodically review personal data security policies and programs to determine any required modifications;,519,Mexico LGPDPPSO (DOF 20-03-2025) — PDP-Public_03-21-2025_GoogleTranslate.pdf (machine translation)
Art24-V,Art24,fraction,V.,"Establish an internal and/or external monitoring and surveillance system, including audits, to verify compliance with personal data protection policies;",523,Mexico LGPDPPSO (DOF 20-03-2025) — PDP-Public_03-21-2025_GoogleTranslate.pdf (machine translation)
Art24-VI,Art24,fraction,VI.,Establish procedures to receive and respond to questions and complaints from the owners;,525,Mexico LGPDPPSO (DOF 20-03-2025) — PDP-Public_03-21-2025_GoogleTranslate.pdf (machine translation)
Art24-VII,Art24,fraction,VII.,"Design, develop and implement public policies, programs, services, computer systems or platforms, electronic applications or any other technology that involves the processing of personal data, in accordance with the provisions set forth in this Law and any other applicable provisions on the matter, and",526,Mexico LGPDPPSO (DOF 20-03-2025) — PDP-Public_03-21-2025_GoogleTranslate.pdf (machine translation)
Art24-VIII,Art24,fraction,VIII.,"Ensure that its public policies, programs, services, computer systems or platforms, electronic applications, or any other technology that involves the processing of personal data comply by default with the obligations set forth in this Law and any other applicable laws.",531,Mexico LGPDPPSO (DOF 20-03-2025) — PDP-Public_03-21-2025_GoogleTranslate.pdf (machine translation)
Art26-I,Art26,fraction,I.,The risk inherent in the personal data processed;,546,Mexico LGPDPPSO (DOF 20-03-2025) — PDP-Public_03-21-2025_GoogleTranslate.pdf (machine translation)
Art26-II,Art26,fraction,II.,The sensitivity of the personal data processed;,548,Mexico LGPDPPSO (DOF 20-03-2025) — PDP-Public_03-21-2025_GoogleTranslate.pdf (machine translation)
Art26-III,Art26,fraction,III.,Technological development;,549,Mexico LGPDPPSO (DOF 20-03-2025) — PDP-Public_03-21-2025_GoogleTranslate.pdf (machine translation)
Art26-IV,Art26,fraction,IV.,The possible consequences of a breach for the rights holders;,550,Mexico LGPDPPSO (DOF 20-03-2025) — PDP-Public_03-21-2025_GoogleTranslate.pdf (machine translation)
Art26-V,Art26,fraction,V.,The transfers of personal data that are made;,551,Mexico LGPDPPSO (DOF 20-03-2025) — PDP-Public_03-21-2025_GoogleTranslate.pdf (machine translation)
Art26-VI,Art26,fraction,VI.,The number of holders;,552,Mexico LGPDPPSO (DOF 20-03-2025) — PDP-Public_03-21-2025_GoogleTranslate.pdf (machine translation)
Art26-VII,Art26,fraction,VII.,"Previous breaches in treatment systems, and",553,Mexico LGPDPPSO (DOF 20-03-2025) — PDP-Public_03-21-2025_GoogleTranslate.pdf (machine translation)
Art26-VIII,Art26,fraction,VIII.,The risk of the potential quantitative or qualitative value that personal data processed could have for a third party not authorized to possess it.,554,Mexico LGPDPPSO (DOF 20-03-2025) — PDP-Public_03-21-2025_GoogleTranslate.pdf (machine translation)
Art27-I,Art27,fraction,I.,"Create internal policies for the management and processing of personal data that take into account the context in which the processing occurs and the life cycle of personal data, that is, its collection, use, and subsequent deletion;",559,Mexico LGPDPPSO (DOF 20-03-2025) — PDP-Public_03-21-2025_GoogleTranslate.pdf (machine translation)
Art27-II,Art27,fraction,II.,Define the functions and obligations of the personnel involved in the processing of personal data;,564,Mexico LGPDPPSO (DOF 20-03-2025) — PDP-Public_03-21-2025_GoogleTranslate.pdf (machine translation)
Art27-III,Art27,fraction,III.,Prepare an inventory of personal data and processing systems;,565,Mexico LGPDPPSO (DOF 20-03-2025) — PDP-Public_03-21-2025_GoogleTranslate.pdf (machine translation)
Art27-IV,Art27,fraction,IV.,"Conduct a risk analysis of personal data, considering the threats and vulnerabilities existing for personal data and the resources involved in its processing, such as, but not limited to, hardware, software, personnel of the controller, among others;",566,Mexico LGPDPPSO (DOF 20-03-2025) — PDP-Public_03-21-2025_GoogleTranslate.pdf (machine translation)
Art27-V,Art27,fraction,V.,"Conduct a gap analysis, comparing existing security measures against those missing in the responsible organization;",582,Mexico LGPDPPSO (DOF 20-03-2025) — PDP-Public_03-21-2025_GoogleTranslate.pdf (machine translation)
Art27-VI,Art27,fraction,VI.,"Develop a work plan for implementing the missing security measures, as well as measures for daily compliance with personal data management and processing policies;",584,Mexico LGPDPPSO (DOF 20-03-2025) — PDP-Public_03-21-2025_GoogleTranslate.pdf (machine translation)
Art27-VII,Art27,fraction,VII.,"Monitor and periodically review the security measures implemented, as well as the threats and violations to which personal data are subject, and",588,Mexico LGPDPPSO (DOF 20-03-2025) — PDP-Public_03-21-2025_GoogleTranslate.pdf (machine translation)
Art27-VIII,Art27,fraction,VIII.,"Design and implement different levels of training for personnel under your command, depending on their roles and responsibilities regarding the processing of personal data.",590,Mexico LGPDPPSO (DOF 20-03-2025) — PDP-Public_03-21-2025_GoogleTranslate.pdf (machine translation)
Art28-P2,Art28,paragraph,paragraph 2,"A management system shall be understood as the set of interrelated elements and activities to establish, implement, operate, monitor, review, maintain, and improve the processing and security of personal data, in accordance with the provisions of this Law and other legal provisions applicable to the matter.",596,Mexico LGPDPPSO (DOF 20-03-2025) — PDP-Public_03-21-2025_GoogleTranslate.pdf (machine translation)
Art29-I,Art29,fraction,I.,The inventory of personal data and processing systems;,602,Mexico LGPDPPSO (DOF 20-03-2025) — PDP-Public_03-21-2025_GoogleTranslate.pdf (machine translation)
Art29-II,Art29,fraction,II.,The functions and obligations of persons who process personal data;,604,Mexico LGPDPPSO (DOF 20-03-2025) — PDP-Public_03-21-2025_GoogleTranslate.pdf (machine translation)
Art29-III,Art29,fraction,III.,Risk analysis;,605,Mexico LGPDPPSO (DOF 20-03-2025) — PDP-Public_03-21-2025_GoogleTranslate.pdf (machine translation)
Art29-IV,Art29,fraction,IV.,Gap analysis;,606,Mexico LGPDPPSO (DOF 20-03-2025) — PDP-Public_03-21-2025_GoogleTranslate.pdf (machine translation)
Art29-V,Art29,fraction,V.,The work plan;,607,Mexico LGPDPPSO (DOF 20-03-2025) — PDP-Public_03-21-2025_GoogleTranslate.pdf (machine translation)
Art29-VI,Art29,fraction,VI.,"The mechanisms for monitoring and reviewing security measures, and",608,Mexico LGPDPPSO (DOF 20-03-2025) — PDP-Public_03-21-2025_GoogleTranslate.pdf (machine translation)
Art29-VII,Art29,fraction,VII.,The general training program.,609,Mexico LGPDPPSO (DOF 20-03-2025) — PDP-Public_03-21-2025_GoogleTranslate.pdf (machine translation)
Art30-I,Art30,fraction,I.,Substantial changes occur in the processing of personal data that result in a change in the level of risk;,612,Mexico LGPDPPSO (DOF 20-03-2025) — PDP-Public_03-21-2025_GoogleTranslate.pdf (machine translation)
Art30-II,Art30,fraction,II.,"As a result of a continuous improvement process, derived from the monitoring and review of the management system;",616,Mexico LGPDPPSO (DOF 20-03-2025) — PDP-Public_03-21-2025_GoogleTranslate.pdf (machine translation)
Art30-III,Art30,fraction,III.,"As a result of an improvement process to mitigate the impact of a security breach that occurred, and",618,Mexico LGPDPPSO (DOF 20-03-2025) — PDP-Public_03-21-2025_GoogleTranslate.pdf (machine translation)
Art30-IV,Art30,fraction,IV.,Implementation of corrective and preventive actions in the event of a security breach.,622,Mexico LGPDPPSO (DOF 20-03-2025) — PDP-Public_03-21-2025_GoogleTranslate.pdf (machine translation)
Art32-I,Art32,fraction,I.,Unauthorized loss or destruction;,631,Mexico LGPDPPSO (DOF 20-03-2025) — PDP-Public_03-21-2025_GoogleTranslate.pdf (machine translation)
Art32-II,Art32,fraction,II.,"Theft, loss or unauthorized copying;",633,Mexico LGPDPPSO (DOF 20-03-2025) — PDP-Public_03-21-2025_GoogleTranslate.pdf (machine translation)
Art32-III,Art32,fraction,III.,"Unauthorized use, access or processing, or",634,Mexico LGPDPPSO (DOF 20-03-2025) — PDP-Public_03-21-2025_GoogleTranslate.pdf (machine translation)
Art32-IV,Art32,fraction,IV.,"Unauthorized damage, alteration or modification.",635,Mexico LGPDPPSO (DOF 20-03-2025) — PDP-Public_03-21-2025_GoogleTranslate.pdf (machine translation)
Art35-I,Art35,fraction,I.,The nature of the incident;,666,Mexico LGPDPPSO (DOF 20-03-2025) — PDP-Public_03-21-2025_GoogleTranslate.pdf (machine translation)
Art35-II,Art35,fraction,II.,The personal data compromised;,669,Mexico LGPDPPSO (DOF 20-03-2025) — PDP-Public_03-21-2025_GoogleTranslate.pdf (machine translation)
Art35-III,Art35,fraction,III.,Recommendations on measures that the data subject may adopt to protect his or her interests;,671,Mexico LGPDPPSO (DOF 20-03-2025) — PDP-Public_03-21-2025_GoogleTranslate.pdf (machine translation)
Art35-IV,Art35,fraction,IV.,"Corrective actions carried out immediately, and",676,Mexico LGPDPPSO (DOF 20-03-2025) — PDP-Public_03-21-2025_GoogleTranslate.pdf (machine translation)
Art35-V,Art35,fraction,V.,The means where you can get more information about it.,678,Mexico LGPDPPSO (DOF 20-03-2025) — PDP-Public_03-21-2025_GoogleTranslate.pdf (machine translation)
Art36-P2,Art36,paragraph,paragraph 2,"The foregoing, without prejudice to the provisions established in the provisions on access to public information.",687,Mexico LGPDPPSO (DOF 20-03-2025) — PDP-Public_03-21-2025_GoogleTranslate.pdf (machine translation)
Art41-I,Art41,fraction,I.,"Even if the treatment is lawful, it must cease to prevent its persistence from causing harm or damage, and",717,Mexico LGPDPPSO (DOF 20-03-2025) — PDP-Public_03-21-2025_GoogleTranslate.pdf (machine translation)
Art41-II,Art41,fraction,II.,"Your personal data are subject to automated processing, which produces undesired legal effects or significantly affects your interests, rights or freedoms, and is intended to evaluate, without human intervention, certain personal aspects of the same or to analyze or predict, in particular, its professional performance, economic situation, health status, sexual preferences, reliability or behavior.",723,Mexico LGPDPPSO (DOF 20-03-2025) — PDP-Public_03-21-2025_GoogleTranslate.pdf (machine translation)
Art43-P2,Art43,paragraph,paragraph 2,"The exercise of ARCO rights by a person other than the owner or his/her representative will be possible, exceptionally, in those cases provided for by legal provision or, where appropriate, by court order.",752,Mexico LGPDPPSO (DOF 20-03-2025) — PDP-Public_03-21-2025_GoogleTranslate.pdf (machine translation)
Art43-P3,Art43,paragraph,paragraph 3,"In the exercise of ARCO rights by minors or persons who are under interdiction or incapacitated, in accordance with civil laws, the rules of representation established in the same legislation shall apply.",755,Mexico LGPDPPSO (DOF 20-03-2025) — PDP-Public_03-21-2025_GoogleTranslate.pdf (machine translation)
Art43-P4,Art43,paragraph,paragraph 4,"In the case of personal data concerning deceased persons, the person who proves to have a legal interest, in accordance with applicable laws, may exercise the rights conferred by this Chapter, provided that the person holding the rights has duly expressed his or her will to that effect or that there is a court order to that effect.",759,Mexico LGPDPPSO (DOF 20-03-2025) — PDP-Public_03-21-2025_GoogleTranslate.pdf (machine translation)
Art44-P2,Art44,paragraph,paragraph 2,"For the purposes of access to personal data, the laws that establish the costs of reproduction and certification They must consider in their determination that the amounts allow or facilitate the exercise of this right.",767,Mexico LGPDPPSO (DOF 20-03-2025) — PDP-Public_03-21-2025_GoogleTranslate.pdf (machine translation)
Art44-P3,Art44,paragraph,paragraph 3,"When the owner provides the magnetic, electronic medium or the mechanism necessary to reproduce personal data must be provided to the latter free of charge.",770,Mexico LGPDPPSO (DOF 20-03-2025) — PDP-Public_03-21-2025_GoogleTranslate.pdf (machine translation)
Art44-P4,Art44,paragraph,paragraph 4,"The information must be provided free of charge, when it involves the delivery of no more than twenty single sheets. Transparency units may exempt payment for reproduction and shipping depending on the socioeconomic circumstances of the data subject.",773,Mexico LGPDPPSO (DOF 20-03-2025) — PDP-Public_03-21-2025_GoogleTranslate.pdf (machine translation)
Art44-P5,Art44,paragraph,paragraph 5,The data controller may not establish any service or means for submitting requests to exercise ARCO rights that entail a cost for the data subject.,777,Mexico LGPDPPSO (DOF 20-03-2025) — PDP-Public_03-21-2025_GoogleTranslate.pdf (machine translation)
Art45-P2,Art45,paragraph,paragraph 2,"The period referred to in the previous paragraph may be extended once for up to ten days when so required. justify the circumstances, as long as the owner is notified within the response period.",785,Mexico LGPDPPSO (DOF 20-03-2025) — PDP-Public_03-21-2025_GoogleTranslate.pdf (machine translation)
Art45-P3,Art45,paragraph,paragraph 3,"If the exercise of ARCO rights is appropriate, the data controller must do so within a period not to exceed fifteen days from the day after the data subject is notified of the response.",788,Mexico LGPDPPSO (DOF 20-03-2025) — PDP-Public_03-21-2025_GoogleTranslate.pdf (machine translation)
Art46-I,Art46,fraction,I.,The name of the holder and his/her address or any other means to receive notifications;,795,Mexico LGPDPPSO (DOF 20-03-2025) — PDP-Public_03-21-2025_GoogleTranslate.pdf (machine translation)
Art46-II,Art46,fraction,II.,"Documents proving the identity of the holder and, where applicable, the personality and identity of his or her representative;",797,Mexico LGPDPPSO (DOF 20-03-2025) — PDP-Public_03-21-2025_GoogleTranslate.pdf (machine translation)
Art46-III,Art46,fraction,III.,"If possible, the responsible area that processes the personal data and to which the request is submitted;",799,Mexico LGPDPPSO (DOF 20-03-2025) — PDP-Public_03-21-2025_GoogleTranslate.pdf (machine translation)
Art46-IV,Art46,fraction,IV.,"A clear and precise description of the personal data in respect of which you seek to exercise any of the ARCO rights, unless it is the right of access;",816,Mexico LGPDPPSO (DOF 20-03-2025) — PDP-Public_03-21-2025_GoogleTranslate.pdf (machine translation)
Art46-V,Art46,fraction,V.,"The description of the ARCO right that is intended to be exercised, or what the holder requests, and",819,Mexico LGPDPPSO (DOF 20-03-2025) — PDP-Public_03-21-2025_GoogleTranslate.pdf (machine translation)
Art46-VI,Art46,fraction,VI.,"Any other element or document that facilitates the location of personal data, if applicable.",821,Mexico LGPDPPSO (DOF 20-03-2025) — PDP-Public_03-21-2025_GoogleTranslate.pdf (machine translation)
Art46-P2,Art46,paragraph,paragraph 2,"In the case of a request for access to personal data, the data subject must indicate the method in which they prefer the data to be reproduced. The data controller must respond to the request in the manner requested by the data subject, unless there is a physical or legal impossibility that limits the ability to reproduce the personal data in that manner. In this case, the data controller must offer alternative methods for providing the personal data, providing reasons and justifications for such action.",824,Mexico LGPDPPSO (DOF 20-03-2025) — PDP-Public_03-21-2025_GoogleTranslate.pdf (machine translation)
Art46-P3,Art46,paragraph,paragraph 3,"In the event that the data protection request does not satisfy any of the requirements referred to in this article, and the Secretariat or the Guaranteeing Authorities do not have the elements to correct it, the data subject shall be warned within five days following the submission of the request to exercise ARCO rights, on one occasion only, to correct the omissions within a period of ten days counted from the day following the notification.",830,Mexico LGPDPPSO (DOF 20-03-2025) — PDP-Public_03-21-2025_GoogleTranslate.pdf (machine translation)
Art46-P4,Art46,paragraph,paragraph 4,"If the deadline has elapsed without addressing the prevention, the request to exercise ARCO rights will be considered not submitted.",837,Mexico LGPDPPSO (DOF 20-03-2025) — PDP-Public_03-21-2025_GoogleTranslate.pdf (machine translation)
Art46-P5,Art46,paragraph,paragraph 5,The prevention will have the effect of interrupting the time that those responsible have to resolve the request to exercise ARCO rights.,840,Mexico LGPDPPSO (DOF 20-03-2025) — PDP-Public_03-21-2025_GoogleTranslate.pdf (machine translation)
Art46-P6,Art46,paragraph,paragraph 6,"In relation to a cancellation request, the owner must indicate the reasons that motivate him/her to request it. the deletion of your personal data from the files, records or databases of the controller.",843,Mexico LGPDPPSO (DOF 20-03-2025) — PDP-Public_03-21-2025_GoogleTranslate.pdf (machine translation)
Art46-P7,Art46,paragraph,paragraph 7,"In the case of a request to object, the data subject must state the legitimate reasons or the specific situation that led them to request cessation of processing, as well as the harm or damage that continued processing would cause or, where applicable, the specific purposes for which they need to exercise the right to object.",846,Mexico LGPDPPSO (DOF 20-03-2025) — PDP-Public_03-21-2025_GoogleTranslate.pdf (machine translation)
Art46-P8,Art46,paragraph,paragraph 8,"Applications for the exercise of ARCO rights must be submitted to the Transparency Unit of the competent authority, through written documents, forms, electronic media, or any other means established for this purpose by the Secretariat or the Guarantor Authorities, within the scope of their respective powers.",851,Mexico LGPDPPSO (DOF 20-03-2025) — PDP-Public_03-21-2025_GoogleTranslate.pdf (machine translation)
Art46-P9,Art46,paragraph,paragraph 9,The person responsible must process all requests for the exercise of ARCO rights and deliver the acknowledgment of corresponding receipt.,855,Mexico LGPDPPSO (DOF 20-03-2025) — PDP-Public_03-21-2025_GoogleTranslate.pdf (machine translation)
Art46-P10,Art46,paragraph,paragraph 10,"The Secretariat and the Guarantor Authorities, according to their area of competence, may establish forms, systems and other simplified methods to facilitate the exercise of ARCO rights by holders.",858,Mexico LGPDPPSO (DOF 20-03-2025) — PDP-Public_03-21-2025_GoogleTranslate.pdf (machine translation)
Art46-P11,Art46,paragraph,paragraph 11,"The means and procedures enabled by the data controller to respond to requests for the exercise of ARCO rights must be easily accessible and offer the broadest possible coverage, taking into account the profile of the data subjects and the manner in which they maintain daily or regular contact with the data controller.",861,Mexico LGPDPPSO (DOF 20-03-2025) — PDP-Public_03-21-2025_GoogleTranslate.pdf (machine translation)
Art47-P2,Art47,paragraph,paragraph 2,"If the data controller declares that the personal data does not exist in its files, records, systems, or files, this declaration must be included in a resolution from the Transparency Committee confirming the absence of the personal data.",869,Mexico LGPDPPSO (DOF 20-03-2025) — PDP-Public_03-21-2025_GoogleTranslate.pdf (machine translation)
Art47-P3,Art47,paragraph,paragraph 3,"In the event that the responsible party notices that the request for the exercise of ARCO rights corresponds to a rights other than those provided for in this Law, must redirect the route by informing the holder.",873,Mexico LGPDPPSO (DOF 20-03-2025) — PDP-Public_03-21-2025_GoogleTranslate.pdf (machine translation)
Art49-I,Art49,fraction,I.,When the owner or his/her representative is not duly accredited to do so;,901,Mexico LGPDPPSO (DOF 20-03-2025) — PDP-Public_03-21-2025_GoogleTranslate.pdf (machine translation)
Art49-II,Art49,fraction,II.,When the personal data are not in the possession of the controller;,903,Mexico LGPDPPSO (DOF 20-03-2025) — PDP-Public_03-21-2025_GoogleTranslate.pdf (machine translation)
Art49-III,Art49,fraction,III.,When there is a legal impediment;,904,Mexico LGPDPPSO (DOF 20-03-2025) — PDP-Public_03-21-2025_GoogleTranslate.pdf (machine translation)
Art49-IV,Art49,fraction,IV.,When the rights of a third party are injured;,905,Mexico LGPDPPSO (DOF 20-03-2025) — PDP-Public_03-21-2025_GoogleTranslate.pdf (machine translation)
Art49-V,Art49,fraction,V.,When judicial or administrative proceedings are obstructed;,906,Mexico LGPDPPSO (DOF 20-03-2025) — PDP-Public_03-21-2025_GoogleTranslate.pdf (machine translation)
Art49-VI,Art49,fraction,VI.,"When there is a resolution from a competent authority that restricts access to personal data or does not allow rectification, cancellation or opposition thereof;",907,Mexico LGPDPPSO (DOF 20-03-2025) — PDP-Public_03-21-2025_GoogleTranslate.pdf (machine translation)
Art49-VII,Art49,fraction,VII.,When the cancellation or opposition has been previously made;,909,Mexico LGPDPPSO (DOF 20-03-2025) — PDP-Public_03-21-2025_GoogleTranslate.pdf (machine translation)
Art49-VIII,Art49,fraction,VIII.,When the person responsible is not competent;,910,Mexico LGPDPPSO (DOF 20-03-2025) — PDP-Public_03-21-2025_GoogleTranslate.pdf (machine translation)
Art49-IX,Art49,fraction,IX.,When they are necessary to protect the legally protected interests of the holder;,911,Mexico LGPDPPSO (DOF 20-03-2025) — PDP-Public_03-21-2025_GoogleTranslate.pdf (machine translation)
Art49-X,Art49,fraction,X.,When they are necessary to comply with obligations legally acquired by the holder;,912,Mexico LGPDPPSO (DOF 20-03-2025) — PDP-Public_03-21-2025_GoogleTranslate.pdf (machine translation)
Art49-XI,Art49,fraction,XI.,"When, based on its legal powers, daily use, protection and management are necessary and proportional to maintain the integrity, stability and permanence of the Mexican State, or",916,Mexico LGPDPPSO (DOF 20-03-2025) — PDP-Public_03-21-2025_GoogleTranslate.pdf (machine translation)
Art49-XII,Art49,fraction,XII.,"When personal data is part of the information that entities subject to the financial regulation and supervision of the obliged subject have provided to the latter, in compliance with requests for such information about their operations, organization, and activities.",918,Mexico LGPDPPSO (DOF 20-03-2025) — PDP-Public_03-21-2025_GoogleTranslate.pdf (machine translation)
Art49-P2,Art49,paragraph,paragraph 2,"In all of the above cases, the responsible party must inform the owner of the reason for their decision within the period of up to twenty days referred to in the first paragraph of Article 45 of this Law, and by the same means in which the request was made, accompanying, where appropriate, any relevant evidence.",922,Mexico LGPDPPSO (DOF 20-03-2025) — PDP-Public_03-21-2025_GoogleTranslate.pdf (machine translation)
Art51-P2,Art51,paragraph,paragraph 2,"Where the data subject has provided personal data and the processing is based on consent or a contract, they shall have the right to transmit such personal data and any other information they have provided and which is stored in an automated processing system to another system in a commonly used electronic format, without hindrance from the data controller from whom the personal data are obtained.",935,Mexico LGPDPPSO (DOF 20-03-2025) — PDP-Public_03-21-2025_GoogleTranslate.pdf (machine translation)
Art53-P2,Art53,paragraph,paragraph 2,The contract or legal instrument decided by the responsible party must provide for at least the following: General clauses related to the services provided by the person in charge:,965,Mexico LGPDPPSO (DOF 20-03-2025) — PDP-Public_03-21-2025_GoogleTranslate.pdf (machine translation)
Art53-I,Art53,fraction,I.,Carry out the processing of personal data in accordance with the instructions of the controller;,967,Mexico LGPDPPSO (DOF 20-03-2025) — PDP-Public_03-21-2025_GoogleTranslate.pdf (machine translation)
Art53-II,Art53,fraction,II.,Refrain from processing personal data for purposes other than those instructed by the controller;,969,Mexico LGPDPPSO (DOF 20-03-2025) — PDP-Public_03-21-2025_GoogleTranslate.pdf (machine translation)
Art53-III,Art53,fraction,III.,Implement security measures in accordance with applicable legal instruments;,970,Mexico LGPDPPSO (DOF 20-03-2025) — PDP-Public_03-21-2025_GoogleTranslate.pdf (machine translation)
Art53-IV,Art53,fraction,IV.,Inform the controller when a breach occurs of the personal data that he or she processes on his or her instructions;,971,Mexico LGPDPPSO (DOF 20-03-2025) — PDP-Public_03-21-2025_GoogleTranslate.pdf (machine translation)
Art53-V,Art53,fraction,V.,Maintain confidentiality regarding the personal data processed;,976,Mexico LGPDPPSO (DOF 20-03-2025) — PDP-Public_03-21-2025_GoogleTranslate.pdf (machine translation)
Art53-VI,Art53,fraction,VI.,"Delete or return the personal data being processed once the legal relationship with the controller has been fulfilled, provided that there is no legal provision requiring the retention of the personal data, and",977,Mexico LGPDPPSO (DOF 20-03-2025) — PDP-Public_03-21-2025_GoogleTranslate.pdf (machine translation)
Art53-VII,Art53,fraction,VII.,"Refrain from transferring personal data except when the data controller so determines, or the communication results from subcontracting, or by express mandate of the competent authority.",981,Mexico LGPDPPSO (DOF 20-03-2025) — PDP-Public_03-21-2025_GoogleTranslate.pdf (machine translation)
Art53-P3,Art53,paragraph,paragraph 3,"Agreements between the controller and the person in charge related to the processing of personal data must not contravene this Law and other applicable provisions, as well as the provisions of the corresponding privacy notice.",984,Mexico LGPDPPSO (DOF 20-03-2025) — PDP-Public_03-21-2025_GoogleTranslate.pdf (machine translation)
Art55-P2,Art55,paragraph,paragraph 2,"When the contract or legal instrument formalizing the relationship between the controller and the person in charge provides that the latter may, in turn, subcontract services, the authorization referred to in the previous paragraph shall be deemed to have been granted pursuant to the provisions of these provisions.",997,Mexico LGPDPPSO (DOF 20-03-2025) — PDP-Public_03-21-2025_GoogleTranslate.pdf (machine translation)
Art57-P2,Art57,paragraph,paragraph 2,"Where appropriate, the controller must delimit the processing of personal data by the person external provider through contractual clauses or other legal instruments.",1011,Mexico LGPDPPSO (DOF 20-03-2025) — PDP-Public_03-21-2025_GoogleTranslate.pdf (machine translation)
Art58-I,Art58,fraction,I.,Comply with at least the following:,1017,Mexico LGPDPPSO (DOF 20-03-2025) — PDP-Public_03-21-2025_GoogleTranslate.pdf (machine translation)
Art58-I-a,Art58,letter,a),Have and apply personal data protection policies that are in line with the principles and duties that correspond to the provisions of this Law and other applicable legal provisions;,1020,Mexico LGPDPPSO (DOF 20-03-2025) — PDP-Public_03-21-2025_GoogleTranslate.pdf (machine translation)
Art58-I-b,Art58,letter,b),Make transparent the subcontracting that involves the information on which the service is provided. service;,1024,Mexico LGPDPPSO (DOF 20-03-2025) — PDP-Public_03-21-2025_GoogleTranslate.pdf (machine translation)
Art58-I-c,Art58,letter,c),"Refrain from including conditions in the provision of the service that authorize or allow you to assume the ownership or property of the information on which the service is provided, and",1042,Mexico LGPDPPSO (DOF 20-03-2025) — PDP-Public_03-21-2025_GoogleTranslate.pdf (machine translation)
Art58-I-d,Art58,letter,d),"Maintain confidentiality regarding the personal data on which the service is provided, and",1045,Mexico LGPDPPSO (DOF 20-03-2025) — PDP-Public_03-21-2025_GoogleTranslate.pdf (machine translation)
Art58-II,Art58,fraction,II.,"Have mechanisms in place, at least, to:",1046,Mexico LGPDPPSO (DOF 20-03-2025) — PDP-Public_03-21-2025_GoogleTranslate.pdf (machine translation)
Art58-II-a,Art58,letter,a),Announce changes to its privacy policies or conditions of the service it provides;,1048,Mexico LGPDPPSO (DOF 20-03-2025) — PDP-Public_03-21-2025_GoogleTranslate.pdf (machine translation)
Art58-II-b,Art58,letter,b),Allow the controller to limit the type of processing of personal data about which it is processed. provides the service;,1050,Mexico LGPDPPSO (DOF 20-03-2025) — PDP-Public_03-21-2025_GoogleTranslate.pdf (machine translation)
Art58-II-c,Art58,letter,c),Establish and maintain security measures for the protection of personal data on which the service is provided;,1053,Mexico LGPDPPSO (DOF 20-03-2025) — PDP-Public_03-21-2025_GoogleTranslate.pdf (machine translation)
Art58-II-d,Art58,letter,d),"Ensure the deletion of personal data once the service provided to the controller has concluded and the controller has been able to recover them, and",1056,Mexico LGPDPPSO (DOF 20-03-2025) — PDP-Public_03-21-2025_GoogleTranslate.pdf (machine translation)
Art58-II-e,Art58,letter,e),"Prevent access to personal data by persons who do not have access privileges, or, in the case of a well- founded and motivated request from a competent authority, inform the controller of this fact.",1058,Mexico LGPDPPSO (DOF 20-03-2025) — PDP-Public_03-21-2025_GoogleTranslate.pdf (machine translation)
Art58-P2,Art58,paragraph,paragraph 2,"In any case, the person responsible may not adhere to services that do not guarantee the proper protection of the data. personal data, in accordance with this Law and other provisions applicable to the matter.",1062,Mexico LGPDPPSO (DOF 20-03-2025) — PDP-Public_03-21-2025_GoogleTranslate.pdf (machine translation)
Art60-P2,Art60,paragraph,paragraph 2,The provisions of the preceding paragraph shall not apply in the following cases:,1077,Mexico LGPDPPSO (DOF 20-03-2025) — PDP-Public_03-21-2025_GoogleTranslate.pdf (machine translation)
Art60-I,Art60,fraction,I.,"When the transfer is national and is carried out between responsible parties by virtue of compliance with a legal provision or in the exercise of powers expressly conferred on them, or",1078,Mexico LGPDPPSO (DOF 20-03-2025) — PDP-Public_03-21-2025_GoogleTranslate.pdf (machine translation)
Art60-II,Art60,fraction,II.,"When the transfer is international and is provided for in a law or treaty signed and ratified by Mexico, or is made at the request of a foreign authority or competent international organization in its capacity as recipient, provided that the powers between the transferring controller and the recipient are homologous or the purposes that motivate the transfer are analogous or compatible with those that gave rise to the processing by the transferring controller.",1081,Mexico LGPDPPSO (DOF 20-03-2025) — PDP-Public_03-21-2025_GoogleTranslate.pdf (machine translation)
Art64-I,Art64,fraction,I.,"When the transfer is provided for in this Law or other laws, conventions or international treaties to which the Mexican State is a party;",1116,Mexico LGPDPPSO (DOF 20-03-2025) — PDP-Public_03-21-2025_GoogleTranslate.pdf (machine translation)
Art64-II,Art64,fraction,II.,"When the transfer is made between controllers, as long as the personal data is used for the exercise of their own powers, compatible or analogous with the purpose that motivated the processing of the personal data;",1119,Mexico LGPDPPSO (DOF 20-03-2025) — PDP-Public_03-21-2025_GoogleTranslate.pdf (machine translation)
Art64-III,Art64,fraction,III.,"When the transfer is legally required for the investigation and prosecution of crimes, as well as the procurement or administration of justice;",1123,Mexico LGPDPPSO (DOF 20-03-2025) — PDP-Public_03-21-2025_GoogleTranslate.pdf (machine translation)
Art64-IV,Art64,fraction,IV.,"When the transfer is necessary for the recognition, exercise or defense of a right before a competent authority, provided that the latter requests it;",1125,Mexico LGPDPPSO (DOF 20-03-2025) — PDP-Public_03-21-2025_GoogleTranslate.pdf (machine translation)
Art64-V,Art64,fraction,V.,"When the transfer is necessary for medical prevention or diagnosis, the provision of healthcare, medical treatment or the management of healthcare services, provided that such purposes are accredited;",1127,Mexico LGPDPPSO (DOF 20-03-2025) — PDP-Public_03-21-2025_GoogleTranslate.pdf (machine translation)
Art64-VI,Art64,fraction,VI.,When the transfer is necessary for the maintenance or fulfillment of a legal relationship between the controller and the owner;,1131,Mexico LGPDPPSO (DOF 20-03-2025) — PDP-Public_03-21-2025_GoogleTranslate.pdf (machine translation)
Art64-VII,Art64,fraction,VII.,"When the transfer is necessary by virtue of a contract entered into or to be entered into in the interest of the data subject, by the data controller and a third party;",1133,Mexico LGPDPPSO (DOF 20-03-2025) — PDP-Public_03-21-2025_GoogleTranslate.pdf (machine translation)
Art64-VIII,Art64,fraction,VIII.,"When it concerns cases in which the controller is not obliged to obtain the consent of the data subject for the processing and transfer of his or her personal data, in accordance with the provisions of Article 16 of this Law, or",1135,Mexico LGPDPPSO (DOF 20-03-2025) — PDP-Public_03-21-2025_GoogleTranslate.pdf (machine translation)
Art64-IX,Art64,fraction,IX.,When the transfer is necessary for reasons of national security.,1138,Mexico LGPDPPSO (DOF 20-03-2025) — PDP-Public_03-21-2025_GoogleTranslate.pdf (machine translation)
Art64-P2,Art64,paragraph,paragraph 2,The updating of some of the exceptions provided for in this article does not exempt the person responsible from complying with the applicable obligations provided for in this Chapter.,1140,Mexico LGPDPPSO (DOF 20-03-2025) — PDP-Public_03-21-2025_GoogleTranslate.pdf (machine translation)
Art66-I,Art66,fraction,I.,Raise the level of protection of personal data;,1154,Mexico LGPDPPSO (DOF 20-03-2025) — PDP-Public_03-21-2025_GoogleTranslate.pdf (machine translation)
Art66-II,Art66,fraction,II.,Harmonize the processing of personal data in a specific sector;,1156,Mexico LGPDPPSO (DOF 20-03-2025) — PDP-Public_03-21-2025_GoogleTranslate.pdf (machine translation)
Art66-III,Art66,fraction,III.,Facilitate the exercise of ARCO rights by the holders;,1157,Mexico LGPDPPSO (DOF 20-03-2025) — PDP-Public_03-21-2025_GoogleTranslate.pdf (machine translation)
Art66-IV,Art66,fraction,IV.,Facilitate transfers of personal data;,1158,Mexico LGPDPPSO (DOF 20-03-2025) — PDP-Public_03-21-2025_GoogleTranslate.pdf (machine translation)
Art66-V,Art66,fraction,V.,"Complement the provisions set forth in the applicable regulations regarding the protection of personal data, and",1159,Mexico LGPDPPSO (DOF 20-03-2025) — PDP-Public_03-21-2025_GoogleTranslate.pdf (machine translation)
Art66-VI,Art66,fraction,VI.,Demonstrate to the Secretariat or the guarantor authorities compliance with applicable regulations regarding the protection of personal data.,1162,Mexico LGPDPPSO (DOF 20-03-2025) — PDP-Public_03-21-2025_GoogleTranslate.pdf (machine translation)
Art67-I,Art67,fraction,I.,"Comply with the criteria and parameters issued for this purpose by the Secretariat or the corresponding Guarantor Authority according to its area of competence, and",1166,Mexico LGPDPPSO (DOF 20-03-2025) — PDP-Public_03-21-2025_GoogleTranslate.pdf (machine translation)
Art67-II,Art67,fraction,II.,"To be notified to the Secretariat or the Guarantee Authorities in accordance with the procedure established in the parameters indicated in the previous section, so that they may be evaluated and, where appropriate, validated or recognized and registered in the registry referred to in the last paragraph of this article.",1169,Mexico LGPDPPSO (DOF 20-03-2025) — PDP-Public_03-21-2025_GoogleTranslate.pdf (machine translation)
Art67-P2,Art67,paragraph,paragraph 2,"The Secretariat or the Guarantor Authorities, depending on their area of expertise, must issue the operating rules for the registries in which those validated or recognized best practice schemes will be registered. The Guarantor Authorities may register the best practice schemes they have recognized or validated in the registry administered by the Secretariat, in accordance with the rules established by the latter.",1185,Mexico LGPDPPSO (DOF 20-03-2025) — PDP-Public_03-21-2025_GoogleTranslate.pdf (machine translation)
Art68-P2,Art68,paragraph,paragraph 2,"The content of the personal data protection impact assessment shall be determined by the Secretariat or the Guaranteeing Authority, within its scope of competence.",1196,Mexico LGPDPPSO (DOF 20-03-2025) — PDP-Public_03-21-2025_GoogleTranslate.pdf (machine translation)
Art69-I,Art69,fraction,I.,There are risks inherent to the personal data to be processed;,1201,Mexico LGPDPPSO (DOF 20-03-2025) — PDP-Public_03-21-2025_GoogleTranslate.pdf (machine translation)
Art69-II,Art69,fraction,II.,"Sensitive personal data is processed, and",1203,Mexico LGPDPPSO (DOF 20-03-2025) — PDP-Public_03-21-2025_GoogleTranslate.pdf (machine translation)
Art69-III,Art69,fraction,III.,Transfers of personal data are made or are intended to be made.,1204,Mexico LGPDPPSO (DOF 20-03-2025) — PDP-Public_03-21-2025_GoogleTranslate.pdf (machine translation)
Art70-I,Art70,fraction,I.,The number of holders;,1211,Mexico LGPDPPSO (DOF 20-03-2025) — PDP-Public_03-21-2025_GoogleTranslate.pdf (machine translation)
Art70-II,Art70,fraction,II.,The target audience;,1213,Mexico LGPDPPSO (DOF 20-03-2025) — PDP-Public_03-21-2025_GoogleTranslate.pdf (machine translation)
Art70-III,Art70,fraction,III.,"The development of the technology used, and",1214,Mexico LGPDPPSO (DOF 20-03-2025) — PDP-Public_03-21-2025_GoogleTranslate.pdf (machine translation)
Art70-IV,Art70,fraction,IV.,"The relevance of the processing of personal data in light of its social or economic impact, or the public interest pursued.",1215,Mexico LGPDPPSO (DOF 20-03-2025) — PDP-Public_03-21-2025_GoogleTranslate.pdf (machine translation)
Art72-P2,Art72,paragraph,paragraph 2,The deadline for issuing the recommendations referred to in the previous paragraph will be within thirty days from the day following the submission of the personal data protection impact assessment.,1228,Mexico LGPDPPSO (DOF 20-03-2025) — PDP-Public_03-21-2025_GoogleTranslate.pdf (machine translation)
Art74-P2,Art74,paragraph,paragraph 2,Authorities that access and store personal data collected by individuals in compliance with the corresponding legal provisions must comply with the provisions set forth in this Chapter.,1262,Mexico LGPDPPSO (DOF 20-03-2025) — PDP-Public_03-21-2025_GoogleTranslate.pdf (machine translation)
Art75-P2,Art75,paragraph,paragraph 2,"Private communications are inviolable. Only the federal judicial authority, at the request of the federal authority authorized by law or the head of the Public Prosecutor's Office of the corresponding federal entity, may authorize the intervention of any private communication.",1269,Mexico LGPDPPSO (DOF 20-03-2025) — PDP-Public_03-21-2025_GoogleTranslate.pdf (machine translation)
Art77-P2,Art77,paragraph,paragraph 2,The Transparency Committee will be the highest authority on personal data protection.,1285,Mexico LGPDPPSO (DOF 20-03-2025) — PDP-Public_03-21-2025_GoogleTranslate.pdf (machine translation)
Art78-I,Art78,fraction,I.,"Coordinate, supervise and carry out the necessary actions to guarantee the right to the protection of personal data in the organization of the controller, in accordance with the provisions of this document. Law and other applicable provisions on the matter;",1288,Mexico LGPDPPSO (DOF 20-03-2025) — PDP-Public_03-21-2025_GoogleTranslate.pdf (machine translation)
Art78-II,Art78,fraction,II.,"Establish, where appropriate, internal procedures to ensure the greatest efficiency in the management of requests for the exercise of ARCO rights;",1292,Mexico LGPDPPSO (DOF 20-03-2025) — PDP-Public_03-21-2025_GoogleTranslate.pdf (machine translation)
Art78-III,Art78,fraction,III.,"Confirm, modify or revoke decisions declaring the nonexistence of personal data, or denying the exercise of any of the ARCO rights for any reason;",1294,Mexico LGPDPPSO (DOF 20-03-2025) — PDP-Public_03-21-2025_GoogleTranslate.pdf (machine translation)
Art78-IV,Art78,fraction,IV.,Establish and supervise the application of specific criteria that are necessary for better compliance with this Law and other applicable provisions on the matter;,1296,Mexico LGPDPPSO (DOF 20-03-2025) — PDP-Public_03-21-2025_GoogleTranslate.pdf (machine translation)
Art78-V,Art78,fraction,V.,"Supervise, in coordination with the competent areas or administrative units, compliance with the measures, controls and actions provided for in the security document;",1298,Mexico LGPDPPSO (DOF 20-03-2025) — PDP-Public_03-21-2025_GoogleTranslate.pdf (machine translation)
Art78-VI,Art78,fraction,VI.,"Follow up and comply with the resolutions issued by the Secretariat or the Guarantor Authorities, as appropriate;",1300,Mexico LGPDPPSO (DOF 20-03-2025) — PDP-Public_03-21-2025_GoogleTranslate.pdf (machine translation)
Art78-VII,Art78,fraction,VII.,"Establish training and updating programs for public servants in matters of personal data protection, and",1304,Mexico LGPDPPSO (DOF 20-03-2025) — PDP-Public_03-21-2025_GoogleTranslate.pdf (machine translation)
Art78-VIII,Art78,fraction,VIII.,"To notify the internal supervisory body or equivalent body in cases where it becomes aware, in the exercise of its powers, of a suspected irregularity regarding certain personal data processing, particularly in cases involving a declaration of non-existence made by those responsible.",1308,Mexico LGPDPPSO (DOF 20-03-2025) — PDP-Public_03-21-2025_GoogleTranslate.pdf (machine translation)
Art79-I,Art79,fraction,I.,Assist and guide the data subject who requires it in relation to the exercise of the right to the protection of personal data;,1331,Mexico LGPDPPSO (DOF 20-03-2025) — PDP-Public_03-21-2025_GoogleTranslate.pdf (machine translation)
Art79-II,Art79,fraction,II.,Manage requests for the exercise of ARCO rights;,1334,Mexico LGPDPPSO (DOF 20-03-2025) — PDP-Public_03-21-2025_GoogleTranslate.pdf (machine translation)
Art79-III,Art79,fraction,III.,Establish mechanisms to ensure that personal data is only delivered to the data subject or his or her duly accredited representative;,1337,Mexico LGPDPPSO (DOF 20-03-2025) — PDP-Public_03-21-2025_GoogleTranslate.pdf (machine translation)
Art79-IV,Art79,fraction,IV.,"Inform the data subject or his/her representative of the amount of costs to be covered for the reproduction and transmission of personal data, based on the provisions of the applicable legal provisions;",1339,Mexico LGPDPPSO (DOF 20-03-2025) — PDP-Public_03-21-2025_GoogleTranslate.pdf (machine translation)
Art79-V,Art79,fraction,V.,Propose to the Transparency Committee internal procedures that ensure and strengthen greater efficiency in the management of requests for the exercise of ARCO rights;,1341,Mexico LGPDPPSO (DOF 20-03-2025) — PDP-Public_03-21-2025_GoogleTranslate.pdf (machine translation)
Art79-VI,Art79,fraction,VI.,"Apply quality assessment instruments to the management of requests for the exercise of ARCO rights, and",1343,Mexico LGPDPPSO (DOF 20-03-2025) — PDP-Public_03-21-2025_GoogleTranslate.pdf (machine translation)
Art79-VII,Art79,fraction,VII.,Advise the areas assigned to the controller on matters of personal data protection.,1347,Mexico LGPDPPSO (DOF 20-03-2025) — PDP-Public_03-21-2025_GoogleTranslate.pdf (machine translation)
Art79-P2,Art79,paragraph,paragraph 2,"Data controllers who, in the exercise of their substantive functions, carry out significant or intensive processing of personal data may appoint a personal data protection officer specialized in the subject matter. The officer will carry out the duties mentioned in this article and will be part of the Transparency Unit.",1350,Mexico LGPDPPSO (DOF 20-03-2025) — PDP-Public_03-21-2025_GoogleTranslate.pdf (machine translation)
Art79-P3,Art79,paragraph,paragraph 3,"Obligated entities will promote agreements with specialized public institutions that could assist them in receiving, processing, and delivering responses to information requests more efficiently, in the indigenous language, Braille, or any other accessible format.",1353,Mexico LGPDPPSO (DOF 20-03-2025) — PDP-Public_03-21-2025_GoogleTranslate.pdf (machine translation)
Art81-I,Art81,fraction,I.,Guarantee the exercise of the right to protection of personal data held by obliged subjects;,1365,Mexico LGPDPPSO (DOF 20-03-2025) — PDP-Public_03-21-2025_GoogleTranslate.pdf (machine translation)
Art81-II,Art81,fraction,II.,Interpret this Law in the administrative sphere;,1370,Mexico LGPDPPSO (DOF 20-03-2025) — PDP-Public_03-21-2025_GoogleTranslate.pdf (machine translation)
Art81-III,Art81,fraction,III.,"To hear and resolve appeals for review filed by the holders, in accordance with the provisions of this Law and other applicable provisions on the matter;",1371,Mexico LGPDPPSO (DOF 20-03-2025) — PDP-Public_03-21-2025_GoogleTranslate.pdf (machine translation)
Art81-IV,Art81,fraction,IV.,"To hear and resolve, ex officio or at the reasoned request of the guarantor authorities, the appeals for review that merit it due to their interest and significance, in terms of the provisions of this document. Law and other provisions that are applicable in the matter;",1373,Mexico LGPDPPSO (DOF 20-03-2025) — PDP-Public_03-21-2025_GoogleTranslate.pdf (machine translation)
Art81-V,Art81,fraction,V.,"Know, substantiate and resolve verification procedures;",1376,Mexico LGPDPPSO (DOF 20-03-2025) — PDP-Public_03-21-2025_GoogleTranslate.pdf (machine translation)
Art81-VI,Art81,fraction,VI.,Establish and execute the enforcement measures provided for in terms of the provisions of this document. Law and other provisions that are applicable in the matter;,1377,Mexico LGPDPPSO (DOF 20-03-2025) — PDP-Public_03-21-2025_GoogleTranslate.pdf (machine translation)
Art81-VII,Art81,fraction,VII.,"Report to the competent authorities any alleged violations of this Law and, where appropriate, provide any evidence available;",1379,Mexico LGPDPPSO (DOF 20-03-2025) — PDP-Public_03-21-2025_GoogleTranslate.pdf (machine translation)
Art81-VIII,Art81,fraction,VIII.,"Coordinate with the competent authorities so that requests for the exercise of rights ARCO and the appeals for review that are submitted in an indigenous language, shall be addressed in the same language;",1395,Mexico LGPDPPSO (DOF 20-03-2025) — PDP-Public_03-21-2025_GoogleTranslate.pdf (machine translation)
Art81-IX,Art81,fraction,IX.,"Guarantee, within the scope of their respective competence, accessibility conditions so that data subjects belonging to priority attention groups can exercise, under equal circumstances, their right to the protection of personal data;",1398,Mexico LGPDPPSO (DOF 20-03-2025) — PDP-Public_03-21-2025_GoogleTranslate.pdf (machine translation)
Art81-X,Art81,fraction,X.,Prepare and publish studies and research to disseminate and expand knowledge on the subject matter of this Law;,1402,Mexico LGPDPPSO (DOF 20-03-2025) — PDP-Public_03-21-2025_GoogleTranslate.pdf (machine translation)
Art81-XI,Art81,fraction,XI.,Provide technical support to those responsible for compliance with the obligations established in this Law;,1405,Mexico LGPDPPSO (DOF 20-03-2025) — PDP-Public_03-21-2025_GoogleTranslate.pdf (machine translation)
Art81-XII,Art81,fraction,XII.,"Disseminate and issue recommendations, standards and best practices in the matters regulated by this Law;",1408,Mexico LGPDPPSO (DOF 20-03-2025) — PDP-Public_03-21-2025_GoogleTranslate.pdf (machine translation)
Art81-XIII,Art81,fraction,XIII.,Monitor and verify compliance with the provisions contained in this Law;,1411,Mexico LGPDPPSO (DOF 20-03-2025) — PDP-Public_03-21-2025_GoogleTranslate.pdf (machine translation)
Art81-XIV,Art81,fraction,XIV.,Manage the registry of best practice schemes referred to in this Law and issue their operating rules;,1412,Mexico LGPDPPSO (DOF 20-03-2025) — PDP-Public_03-21-2025_GoogleTranslate.pdf (machine translation)
Art81-XV,Art81,fraction,XV.,"Issue, where appropriate, non-binding recommendations corresponding to the personal data protection impact assessment submitted to it;",1415,Mexico LGPDPPSO (DOF 20-03-2025) — PDP-Public_03-21-2025_GoogleTranslate.pdf (machine translation)
Art81-XVI,Art81,fraction,XVI.,Issue general provisions for the development of the verification procedure;,1417,Mexico LGPDPPSO (DOF 20-03-2025) — PDP-Public_03-21-2025_GoogleTranslate.pdf (machine translation)
Art81-XVII,Art81,fraction,XVII.,"Carry out the corresponding assessments of the best practice schemes that are notified to them, in order to decide on the appropriateness of their recognition or validation and registration in the registry of best practice schemes, as well as promote their adoption;",1418,Mexico LGPDPPSO (DOF 20-03-2025) — PDP-Public_03-21-2025_GoogleTranslate.pdf (machine translation)
Art81-XVIII,Art81,fraction,XVIII.,"Issue, within the scope of its jurisdiction, general administrative provisions for the due compliance with the principles, duties and obligations established by this Law, as well as for the exercise of the rights of the holders;",1421,Mexico LGPDPPSO (DOF 20-03-2025) — PDP-Public_03-21-2025_GoogleTranslate.pdf (machine translation)
Art81-XIX,Art81,fraction,XIX.,"Enter into agreements with data controllers to develop programs aimed at standardizing personal data processing in specific sectors, enhancing personal data protection, and making any improvements to relevant practices;",1425,Mexico LGPDPPSO (DOF 20-03-2025) — PDP-Public_03-21-2025_GoogleTranslate.pdf (machine translation)
Art81-XX,Art81,fraction,XX.,"Define and develop the certification system for personal data protection, in accordance with the parameters set forth in this Law;",1429,Mexico LGPDPPSO (DOF 20-03-2025) — PDP-Public_03-21-2025_GoogleTranslate.pdf (machine translation)
Art81-XXI,Art81,fraction,XXI.,"Carry out actions and activities that promote knowledge of the right to the protection of personal data, as well as its prerogatives;",1431,Mexico LGPDPPSO (DOF 20-03-2025) — PDP-Public_03-21-2025_GoogleTranslate.pdf (machine translation)
Art81-XXII,Art81,fraction,XXII.,Design and apply indicators and criteria to evaluate the performance of those responsible with respect to compliance with this Law and other provisions applicable to the matter;,1433,Mexico LGPDPPSO (DOF 20-03-2025) — PDP-Public_03-21-2025_GoogleTranslate.pdf (machine translation)
Art81-XXIII,Art81,fraction,XXIII.,Promote training and updating in personal data protection among data controllers;,1435,Mexico LGPDPPSO (DOF 20-03-2025) — PDP-Public_03-21-2025_GoogleTranslate.pdf (machine translation)
Art81-XXIV,Art81,fraction,XXIV.,Issue general guidelines for the proper treatment of personal data;,1438,Mexico LGPDPPSO (DOF 20-03-2025) — PDP-Public_03-21-2025_GoogleTranslate.pdf (machine translation)
Art81-XXV,Art81,fraction,XXV.,Issue guidelines to standardize the exercise of ARCO rights;,1439,Mexico LGPDPPSO (DOF 20-03-2025) — PDP-Public_03-21-2025_GoogleTranslate.pdf (machine translation)
Art81-XXVI,Art81,fraction,XXVI.,Issue general interpretation criteria to guarantee the right to the protection of personal data;,1440,Mexico LGPDPPSO (DOF 20-03-2025) — PDP-Public_03-21-2025_GoogleTranslate.pdf (machine translation)
Art81-XXVII,Art81,fraction,XXVII.,"Cooperate with other supervisory authorities and national and international bodies in order to assist in matters of personal data protection, in accordance with the provisions set forth in this Law and other applicable legal provisions;",1445,Mexico LGPDPPSO (DOF 20-03-2025) — PDP-Public_03-21-2025_GoogleTranslate.pdf (machine translation)
Art81-XXVIII,Art81,fraction,XXVIII.,Promote and encourage the exercise and protection of the right to the protection of personal data through the implementation and administration of the National Platform;,1449,Mexico LGPDPPSO (DOF 20-03-2025) — PDP-Public_03-21-2025_GoogleTranslate.pdf (machine translation)
Art81-XXIX,Art81,fraction,XXIX.,Cooperate with other national or international authorities to combat conduct related to the improper processing of personal data;,1464,Mexico LGPDPPSO (DOF 20-03-2025) — PDP-Public_03-21-2025_GoogleTranslate.pdf (machine translation)
Art81-XXX,Art81,fraction,XXX.,"Design, monitor and, where appropriate, operate the system of good practices in the area of personal data protection, as well as the certification system in this area, through general provisions issued for such purposes;",1466,Mexico LGPDPPSO (DOF 20-03-2025) — PDP-Public_03-21-2025_GoogleTranslate.pdf (machine translation)
Art81-XXXI,Art81,fraction,XXXI.,"Enter into agreements with the guarantor and responsible Authorities that contribute to the fulfillment of the objectives set forth in this Law and other applicable provisions on the matter, and",1471,Mexico LGPDPPSO (DOF 20-03-2025) — PDP-Public_03-21-2025_GoogleTranslate.pdf (machine translation)
Art81-XXXII,Art81,fraction,XXXII.,Any other powers conferred by this Law and other applicable regulations.,1473,Mexico LGPDPPSO (DOF 20-03-2025) — PDP-Public_03-21-2025_GoogleTranslate.pdf (machine translation)
Art83-I,Art83,fraction,I.,"To hear, substantiate and resolve, within the scope of their respective powers, appeals for review filed by the holders, in accordance with the provisions of this Law and other applicable legal provisions;",1486,Mexico LGPDPPSO (DOF 20-03-2025) — PDP-Public_03-21-2025_GoogleTranslate.pdf (machine translation)
Art83-II,Art83,fraction,II.,"Submit a reasoned petition to the Secretariat to hear appeals for review that merit it due to their interest and significance, in accordance with the provisions of this Law and other applicable legal provisions;",1491,Mexico LGPDPPSO (DOF 20-03-2025) — PDP-Public_03-21-2025_GoogleTranslate.pdf (machine translation)
Art83-III,Art83,fraction,III.,Impose enforcement measures to ensure compliance with its resolutions;,1495,Mexico LGPDPPSO (DOF 20-03-2025) — PDP-Public_03-21-2025_GoogleTranslate.pdf (machine translation)
Art83-IV,Art83,fraction,IV.,Promote and disseminate the exercise of the right to the protection of personal data;,1496,Mexico LGPDPPSO (DOF 20-03-2025) — PDP-Public_03-21-2025_GoogleTranslate.pdf (machine translation)
Art83-V,Art83,fraction,V.,"Coordinate with the competent authorities so that requests for the exercise of rights ARCO and the review resources that are presented in indigenous languages, are attended to in the same language;",1497,Mexico LGPDPPSO (DOF 20-03-2025) — PDP-Public_03-21-2025_GoogleTranslate.pdf (machine translation)
Art83-VI,Art83,fraction,VI.,"Guarantee, within the scope of their respective powers, accessibility conditions so that data subjects belonging to priority care groups can exercise, under equal circumstances, their right to the protection of personal data;",1500,Mexico LGPDPPSO (DOF 20-03-2025) — PDP-Public_03-21-2025_GoogleTranslate.pdf (machine translation)
Art83-VII,Art83,fraction,VII.,Prepare and publish studies and research to disseminate and expand knowledge on the subject matter of this Law;,1504,Mexico LGPDPPSO (DOF 20-03-2025) — PDP-Public_03-21-2025_GoogleTranslate.pdf (machine translation)
Art83-VIII,Art83,fraction,VIII.,To inform the competent authorities of the probable liability arising from non-compliance with the obligations provided for in this Law and in other legal provisions applicable in this matter;,1506,Mexico LGPDPPSO (DOF 20-03-2025) — PDP-Public_03-21-2025_GoogleTranslate.pdf (machine translation)
Art83-IX,Art83,fraction,IX.,Sign collaboration agreements with the Secretariat to achieve the objectives set forth in this Law and other applicable legal provisions;,1510,Mexico LGPDPPSO (DOF 20-03-2025) — PDP-Public_03-21-2025_GoogleTranslate.pdf (machine translation)
Art83-X,Art83,fraction,X.,"Monitor, within the scope of their respective powers, compliance with this Law and other applicable legal provisions;",1512,Mexico LGPDPPSO (DOF 20-03-2025) — PDP-Public_03-21-2025_GoogleTranslate.pdf (machine translation)
Art83-XI,Art83,fraction,XI.,"Carry out actions and activities that promote knowledge of the right to the protection of personal data, as well as its prerogatives;",1515,Mexico LGPDPPSO (DOF 20-03-2025) — PDP-Public_03-21-2025_GoogleTranslate.pdf (machine translation)
Art83-XII,Art83,fraction,XII.,Apply indicators and criteria to evaluate the performance of those responsible for compliance with this Law and other applicable legal provisions;,1533,Mexico LGPDPPSO (DOF 20-03-2025) — PDP-Public_03-21-2025_GoogleTranslate.pdf (machine translation)
Art83-XIII,Art83,fraction,XIII.,Promote training and updating in personal data protection among data controllers;,1535,Mexico LGPDPPSO (DOF 20-03-2025) — PDP-Public_03-21-2025_GoogleTranslate.pdf (machine translation)
Art83-XIV,Art83,fraction,XIV.,"Request the cooperation of the Secretariat in the terms of article 81, section XXVII of this document Law, and",1541,Mexico LGPDPPSO (DOF 20-03-2025) — PDP-Public_03-21-2025_GoogleTranslate.pdf (machine translation)
Art83-XV,Art83,fraction,XV.,"Issue, where appropriate, non-binding recommendations corresponding to the personal data protection impact assessment submitted to it.",1544,Mexico LGPDPPSO (DOF 20-03-2025) — PDP-Public_03-21-2025_GoogleTranslate.pdf (machine translation)
Art85-I,Art85,fraction,I.,"Promote the inclusion of content on the right to personal data protection, as well as a culture of its exercise and respect, in the programs and curricula, books, and materials used in educational institutions at all levels and modalities in the State;",1560,Mexico LGPDPPSO (DOF 20-03-2025) — PDP-Public_03-21-2025_GoogleTranslate.pdf (machine translation)
Art85-II,Art85,fraction,II.,"Promote, together with higher education institutions, the integration of research, dissemination and teaching centers on the right to the protection of personal data that promote knowledge on this topic and assist the Secretariat and the Guarantor Authorities in their substantive tasks, and",1567,Mexico LGPDPPSO (DOF 20-03-2025) — PDP-Public_03-21-2025_GoogleTranslate.pdf (machine translation)
Art85-III,Art85,fraction,III.,"Promote the creation of spaces for social and citizen participation that encourage the exchange of ideas between society, citizen representative bodies, and decision-makers.",1573,Mexico LGPDPPSO (DOF 20-03-2025) — PDP-Public_03-21-2025_GoogleTranslate.pdf (machine translation)
Art86-I,Art86,fraction,I.,"In writing at the address of the Secretariat or the Guarantor Authorities, as appropriate, or at the authorized offices established for this purpose;",1589,Mexico LGPDPPSO (DOF 20-03-2025) — PDP-Public_03-21-2025_GoogleTranslate.pdf (machine translation)
Art86-II,Art86,fraction,II.,By registered mail with return receipt requested;,1593,Mexico LGPDPPSO (DOF 20-03-2025) — PDP-Public_03-21-2025_GoogleTranslate.pdf (machine translation)
Art86-III,Art86,fraction,III.,"By formats issued for this purpose by the Secretariat or the guarantor Authorities, as appropriate;",1595,Mexico LGPDPPSO (DOF 20-03-2025) — PDP-Public_03-21-2025_GoogleTranslate.pdf (machine translation)
Art86-IV,Art86,fraction,IV.,"By electronic means authorized for such purpose, or",1597,Mexico LGPDPPSO (DOF 20-03-2025) — PDP-Public_03-21-2025_GoogleTranslate.pdf (machine translation)
Art86-V,Art86,fraction,V.,"Any other means established for this purpose by the Secretariat or the Guarantor Authorities, as appropriate.",1599,Mexico LGPDPPSO (DOF 20-03-2025) — PDP-Public_03-21-2025_GoogleTranslate.pdf (machine translation)
Art86-P2,Art86,paragraph,paragraph 2,"It will be presumed that the owner accepts that notifications be made to him/her through the same channel as submitted his/her written document, unless he/she proves that he/she has indicated a different one to receive notifications.",1616,Mexico LGPDPPSO (DOF 20-03-2025) — PDP-Public_03-21-2025_GoogleTranslate.pdf (machine translation)
Art87-I,Art87,fraction,I.,Official identification;,1620,Mexico LGPDPPSO (DOF 20-03-2025) — PDP-Public_03-21-2025_GoogleTranslate.pdf (machine translation)
Art87-II,Art87,fraction,II.,"Advanced electronic signature or the electronic instrument that replaces it, or",1623,Mexico LGPDPPSO (DOF 20-03-2025) — PDP-Public_03-21-2025_GoogleTranslate.pdf (machine translation)
Art87-III,Art87,fraction,III.,"Authentication mechanisms authorized by the Secretariat or the Guarantor Authorities, as appropriate, through an agreement published in the Official Gazette of the Federation or in the official gazettes of the Federal Entities.",1624,Mexico LGPDPPSO (DOF 20-03-2025) — PDP-Public_03-21-2025_GoogleTranslate.pdf (machine translation)
Art87-P2,Art87,paragraph,paragraph 2,The use of an advanced electronic signature or any electronic instrument that replaces it will exempt you from submitting a copy of your identification document.,1628,Mexico LGPDPPSO (DOF 20-03-2025) — PDP-Public_03-21-2025_GoogleTranslate.pdf (machine translation)
Art88-I,Art88,fraction,I.,"If it is a natural person, through a simple power of attorney signed before two witnesses attaching a copy of the subscribers' identifications, or public instrument, or declaration in personal appearance of the holder and the representative before the Secretariat or the Guarantor Authorities, and",1633,Mexico LGPDPPSO (DOF 20-03-2025) — PDP-Public_03-21-2025_GoogleTranslate.pdf (machine translation)
Art88-II,Art88,fraction,II.,"If it is a legal entity, by public instrument.",1639,Mexico LGPDPPSO (DOF 20-03-2025) — PDP-Public_03-21-2025_GoogleTranslate.pdf (machine translation)
Art90-P2,Art90,paragraph,paragraph 2,Notifications may be made:,1648,Mexico LGPDPPSO (DOF 20-03-2025) — PDP-Public_03-21-2025_GoogleTranslate.pdf (machine translation)
Art90-I,Art90,fraction,I.,Personally in the following cases:,1649,Mexico LGPDPPSO (DOF 20-03-2025) — PDP-Public_03-21-2025_GoogleTranslate.pdf (machine translation)
Art90-I-a,Art90,letter,a),It is the first notification;,1652,Mexico LGPDPPSO (DOF 20-03-2025) — PDP-Public_03-21-2025_GoogleTranslate.pdf (machine translation)
Art90-I-b,Art90,letter,b),It is a request for an act from the party that must comply with it;,1654,Mexico LGPDPPSO (DOF 20-03-2025) — PDP-Public_03-21-2025_GoogleTranslate.pdf (machine translation)
Art90-I-c,Art90,letter,c),It is a request for reports or documents;,1656,Mexico LGPDPPSO (DOF 20-03-2025) — PDP-Public_03-21-2025_GoogleTranslate.pdf (machine translation)
Art90-I-d,Art90,letter,d),"It is the resolution that puts an end to the procedure in question, and",1658,Mexico LGPDPPSO (DOF 20-03-2025) — PDP-Public_03-21-2025_GoogleTranslate.pdf (machine translation)
Art90-I-e,Art90,letter,e),In other cases provided by law;,1660,Mexico LGPDPPSO (DOF 20-03-2025) — PDP-Public_03-21-2025_GoogleTranslate.pdf (machine translation)
Art90-II,Art90,fraction,II.,"By certified mail with acknowledgment of receipt or digital means or systems authorized by the Secretariat or the Guarantor Authorities, as appropriate, by agreement published in the Official Gazette of the Federation or official newspapers or gazettes of the Federative Entities, when it concerns requirements, summons, requests for reports or documents and resolutions that may be challenged;",1661,Mexico LGPDPPSO (DOF 20-03-2025) — PDP-Public_03-21-2025_GoogleTranslate.pdf (machine translation)
Art90-III,Art90,fraction,III.,"By ordinary postal mail or by ordinary email when it concerns acts other than those indicated in the previous sections, or",1667,Mexico LGPDPPSO (DOF 20-03-2025) — PDP-Public_03-21-2025_GoogleTranslate.pdf (machine translation)
Art90-IV,Art90,fraction,IV.,"By court, when the person to be notified cannot be reached at their address, or when their address or that of their representative is unknown.",1669,Mexico LGPDPPSO (DOF 20-03-2025) — PDP-Public_03-21-2025_GoogleTranslate.pdf (machine translation)
Art91-P2,Art91,paragraph,paragraph 2,"Once the deadlines set for the parties have expired, any rights that should have been exercised within them shall be deemed lost, without the need for a notice of default by the Secretariat.",1675,Mexico LGPDPPSO (DOF 20-03-2025) — PDP-Public_03-21-2025_GoogleTranslate.pdf (machine translation)
Art94-I,Art94,fraction,I.,The public documentary;,1702,Mexico LGPDPPSO (DOF 20-03-2025) — PDP-Public_03-21-2025_GoogleTranslate.pdf (machine translation)
Art94-II,Art94,fraction,II.,The private documentary;,1704,Mexico LGPDPPSO (DOF 20-03-2025) — PDP-Public_03-21-2025_GoogleTranslate.pdf (machine translation)
Art94-III,Art94,fraction,III.,The inspection;,1705,Mexico LGPDPPSO (DOF 20-03-2025) — PDP-Public_03-21-2025_GoogleTranslate.pdf (machine translation)
Art94-IV,Art94,fraction,IV.,The expert opinion;,1706,Mexico LGPDPPSO (DOF 20-03-2025) — PDP-Public_03-21-2025_GoogleTranslate.pdf (machine translation)
Art94-V,Art94,fraction,V.,The testimonial;,1708,Mexico LGPDPPSO (DOF 20-03-2025) — PDP-Public_03-21-2025_GoogleTranslate.pdf (machine translation)
Art94-VI,Art94,fraction,VI.,"The confessional, except in the case of authorities;",1709,Mexico LGPDPPSO (DOF 20-03-2025) — PDP-Public_03-21-2025_GoogleTranslate.pdf (machine translation)
Art94-VII,Art94,fraction,VII.,"Photographic images, electronic pages, writings and other elements contributed by science and technology, and",1710,Mexico LGPDPPSO (DOF 20-03-2025) — PDP-Public_03-21-2025_GoogleTranslate.pdf (machine translation)
Art94-VIII,Art94,fraction,VIII.,The legal and human presumption.,1714,Mexico LGPDPPSO (DOF 20-03-2025) — PDP-Public_03-21-2025_GoogleTranslate.pdf (machine translation)
Art94-P2,Art94,paragraph,paragraph 2,"The Secretariat and the Guarantor Authorities, as appropriate, may obtain any evidence they deem necessary, with no limitations other than those established in the applicable legislation.",1716,Mexico LGPDPPSO (DOF 20-03-2025) — PDP-Public_03-21-2025_GoogleTranslate.pdf (machine translation)
Art96-I,Art96,fraction,I.,Personal data is classified as confidential without meeting the characteristics indicated in the applicable legal provisions;,1724,Mexico LGPDPPSO (DOF 20-03-2025) — PDP-Public_03-21-2025_GoogleTranslate.pdf (machine translation)
Art96-II,Art96,fraction,II.,Declare the nonexistence of the personal data;,1727,Mexico LGPDPPSO (DOF 20-03-2025) — PDP-Public_03-21-2025_GoogleTranslate.pdf (machine translation)
Art96-III,Art96,fraction,III.,The person responsible is declared incompetent;,1728,Mexico LGPDPPSO (DOF 20-03-2025) — PDP-Public_03-21-2025_GoogleTranslate.pdf (machine translation)
Art96-IV,Art96,fraction,IV.,Incomplete personal data is provided;,1729,Mexico LGPDPPSO (DOF 20-03-2025) — PDP-Public_03-21-2025_GoogleTranslate.pdf (machine translation)
Art96-V,Art96,fraction,V.,Personal data is provided that does not correspond to what was requested;,1730,Mexico LGPDPPSO (DOF 20-03-2025) — PDP-Public_03-21-2025_GoogleTranslate.pdf (machine translation)
Art96-VI,Art96,fraction,VI.,"Access, rectification, cancellation or opposition of personal data is denied;",1731,Mexico LGPDPPSO (DOF 20-03-2025) — PDP-Public_03-21-2025_GoogleTranslate.pdf (machine translation)
Art96-VII,Art96,fraction,VII.,Failure to respond to a request for the exercise of ARCO rights within the time limits established in this Law and other applicable provisions on the matter;,1732,Mexico LGPDPPSO (DOF 20-03-2025) — PDP-Public_03-21-2025_GoogleTranslate.pdf (machine translation)
Art96-VIII,Art96,fraction,VIII.,"Personal data is delivered or made available in a manner or format other than that requested, or in an incomprehensible format;",1734,Mexico LGPDPPSO (DOF 20-03-2025) — PDP-Public_03-21-2025_GoogleTranslate.pdf (machine translation)
Art96-IX,Art96,fraction,IX.,"The data subject is dissatisfied with the costs of reproduction, shipping or delivery times of the personal data;",1736,Mexico LGPDPPSO (DOF 20-03-2025) — PDP-Public_03-21-2025_GoogleTranslate.pdf (machine translation)
Art96-X,Art96,fraction,X.,"The exercise of ARCO rights is hindered, despite having been notified of their origin;",1740,Mexico LGPDPPSO (DOF 20-03-2025) — PDP-Public_03-21-2025_GoogleTranslate.pdf (machine translation)
Art96-XI,Art96,fraction,XI.,"A request for the exercise of ARCO rights is not processed, and",1743,Mexico LGPDPPSO (DOF 20-03-2025) — PDP-Public_03-21-2025_GoogleTranslate.pdf (machine translation)
Art96-XII,Art96,fraction,XII.,In other cases provided for by applicable legislation.,1744,Mexico LGPDPPSO (DOF 20-03-2025) — PDP-Public_03-21-2025_GoogleTranslate.pdf (machine translation)
Art97-I,Art97,fraction,I.,The responsible area to whom the request for the exercise of ARCO rights was submitted;,1760,Mexico LGPDPPSO (DOF 20-03-2025) — PDP-Public_03-21-2025_GoogleTranslate.pdf (machine translation)
Art97-II,Art97,fraction,II.,"The name of the person appealing or his/her representative and, where applicable, the third party concerned, as well as the address or means indicated for receiving notifications;",1762,Mexico LGPDPPSO (DOF 20-03-2025) — PDP-Public_03-21-2025_GoogleTranslate.pdf (machine translation)
Art97-III,Art97,fraction,III.,"The date on which the response was notified to the owner, or, in the absence of a response, the date on which the request for the exercise of ARCO rights was submitted;",1764,Mexico LGPDPPSO (DOF 20-03-2025) — PDP-Public_03-21-2025_GoogleTranslate.pdf (machine translation)
Art97-IV,Art97,fraction,IV.,"The act being appealed and the points being requested, as well as the reasons or motives for disagreement;",1767,Mexico LGPDPPSO (DOF 20-03-2025) — PDP-Public_03-21-2025_GoogleTranslate.pdf (machine translation)
Art97-V,Art97,fraction,V.,"If applicable, a copy of the contested response and the corresponding notification, and",1768,Mexico LGPDPPSO (DOF 20-03-2025) — PDP-Public_03-21-2025_GoogleTranslate.pdf (machine translation)
Art97-VI,Art97,fraction,VI.,"Documents proving the identity of the holder and, where applicable, the personality and identity of his or her representative.",1769,Mexico LGPDPPSO (DOF 20-03-2025) — PDP-Public_03-21-2025_GoogleTranslate.pdf (machine translation)
Art97-P2,Art97,paragraph,paragraph 2,"The appeal for review may be accompanied by evidence and other elements that the holder considers appropriate to submit to the judgment of the Secretariat or, where appropriate, the Guarantor Authorities.",1771,Mexico LGPDPPSO (DOF 20-03-2025) — PDP-Public_03-21-2025_GoogleTranslate.pdf (machine translation)
Art97-P3,Art97,paragraph,paragraph 3,In no case will it be necessary for the holder to ratify the appeal for review filed.,1773,Mexico LGPDPPSO (DOF 20-03-2025) — PDP-Public_03-21-2025_GoogleTranslate.pdf (machine translation)
Art98-P2,Art98,paragraph,paragraph 2,"If an agreement is reached, it will be recorded in writing and will be binding. The appeal for review will be dismissed, and the Secretariat or, where appropriate, the Guarantor Authorities must verify compliance with the respective agreement.",1776,Mexico LGPDPPSO (DOF 20-03-2025) — PDP-Public_03-21-2025_GoogleTranslate.pdf (machine translation)
Art99-I,Art99,fraction,I.,"The parties shall be required to express, by any means, their willingness to reach an agreement within a period of no more than seven days from the date of notification of said agreement. This agreement shall contain a summary of the appeal and the response of the responsible party, if any, indicating the common elements and points of controversy. The conciliation may be held in person, remotely, electronically, or by any other means determined, as appropriate. In any case, the conciliation must be documented by any means that allows its existence to be proven. The conciliation stage is exempt when the holder is a minor and any of the rights contemplated in the General Law on the Rights of Girls, Boys and Children has been violated. Adolescents and other applicable legal provisions, unless they have duly accredited legal representation;",1784,Mexico LGPDPPSO (DOF 20-03-2025) — PDP-Public_03-21-2025_GoogleTranslate.pdf (machine translation)
Art99-II,Art99,fraction,II.,"Once the expression of the will to reconcile has been received from both parties, the Secretariat or the Guaranteeing Authority, as appropriate, will indicate the place or means, day and time for the holding of a conciliation hearing in which an attempt will be made to reconcile the interests between the owner and the responsible party. This hearing must be held within ten days of receiving the aforementioned expression. The Secretariat or the Guarantor Authority, in its capacity as conciliator, may, at any time during the conciliation stage, require the parties to submit, within a maximum period of five days, any evidence it deems necessary for the conciliation. The conciliator may suspend the hearing for one occasion when she deems appropriate, or at the request of both parties. If the hearing is suspended, the conciliator will set a date and time for its resumption within the following five days. Minutes shall be kept of every conciliation hearing, recording the outcome. If the responsible party or the person in charge, or their respective representatives, do not sign the minutes, this will not affect their validity, and such refusal must be recorded.",1798,Mexico LGPDPPSO (DOF 20-03-2025) — PDP-Public_03-21-2025_GoogleTranslate.pdf (machine translation)
Art99-III,Art99,fraction,III.,"If either party fails to attend the conciliation hearing and justifies their absence within three days, they will be summoned to a second conciliation hearing within five days. In case If either party does not attend the latter, the appeal for review will continue. If either party fails to attend the conciliation hearing without justification, the procedure will continue;",1814,Mexico LGPDPPSO (DOF 20-03-2025) — PDP-Public_03-21-2025_GoogleTranslate.pdf (machine translation)
Art99-IV,Art99,fraction,IV.,"If there is no agreement at the conciliation hearing, the appeal for review will continue;",1834,Mexico LGPDPPSO (DOF 20-03-2025) — PDP-Public_03-21-2025_GoogleTranslate.pdf (machine translation)
Art99-V,Art99,fraction,V.,"If an agreement is reached, it will be recorded in writing and will be binding. The appeal for review will be dismissed, and the Secretariat or, where appropriate, the Guarantor Authorities must verify compliance with the respective agreement.",1836,Mexico LGPDPPSO (DOF 20-03-2025) — PDP-Public_03-21-2025_GoogleTranslate.pdf (machine translation)
Art99-VI,Art99,fraction,VI.,"Compliance with the agreement will conclude the review appeal; otherwise, the Secretariat or the Guaranteeing Authority will resume the procedure.",1840,Mexico LGPDPPSO (DOF 20-03-2025) — PDP-Public_03-21-2025_GoogleTranslate.pdf (machine translation)
Art100-P2,Art100,paragraph,paragraph 2,The period referred to in the preceding paragraph shall be suspended during the period of compliance with the conciliation agreement.,1846,Mexico LGPDPPSO (DOF 20-03-2025) — PDP-Public_03-21-2025_GoogleTranslate.pdf (machine translation)
Art102-P2,Art102,paragraph,paragraph 2,"The holder will have a period not to exceed five days, starting from the day following notification of the warning, to correct the omissions, with the warning that, if the requirement is not complied with, the appeal for review will be dismissed.",1862,Mexico LGPDPPSO (DOF 20-03-2025) — PDP-Public_03-21-2025_GoogleTranslate.pdf (machine translation)
Art102-P3,Art102,paragraph,paragraph 3,"The prevention will have the effect of interrupting the period of time that the Secretariat and the Guarantor Authorities have to resolve the appeal, so it will begin to be computed from the day after its resolution.",1866,Mexico LGPDPPSO (DOF 20-03-2025) — PDP-Public_03-21-2025_GoogleTranslate.pdf (machine translation)
Art103-I,Art103,fraction,I.,Dismiss or dismiss the appeal for review as inadmissible;,1870,Mexico LGPDPPSO (DOF 20-03-2025) — PDP-Public_03-21-2025_GoogleTranslate.pdf (machine translation)
Art103-II,Art103,fraction,II.,Confirm the response of the person in charge;,1873,Mexico LGPDPPSO (DOF 20-03-2025) — PDP-Public_03-21-2025_GoogleTranslate.pdf (machine translation)
Art103-III,Art103,fraction,III.,"Revoke or modify the response of the controller, or",1875,Mexico LGPDPPSO (DOF 20-03-2025) — PDP-Public_03-21-2025_GoogleTranslate.pdf (machine translation)
Art103-IV,Art103,fraction,IV.,"Order the delivery of personal data, in case of omission by the controller.",1877,Mexico LGPDPPSO (DOF 20-03-2025) — PDP-Public_03-21-2025_GoogleTranslate.pdf (machine translation)
Art103-P2,Art103,paragraph,paragraph 2,"The resolutions shall establish, where applicable, the deadlines and timeframes for compliance and the procedures to ensure their execution. Those responsible must inform the Secretariat or, where appropriate, the Guarantee Authorities of compliance with their resolutions.",1882,Mexico LGPDPPSO (DOF 20-03-2025) — PDP-Public_03-21-2025_GoogleTranslate.pdf (machine translation)
Art103-P3,Art103,paragraph,paragraph 3,"In the absence of a resolution by the Secretariat, or where appropriate, by the guarantor Authorities, it will be understood the response of the person in charge has been confirmed.",1886,Mexico LGPDPPSO (DOF 20-03-2025) — PDP-Public_03-21-2025_GoogleTranslate.pdf (machine translation)
Art103-P4,Art103,paragraph,paragraph 4,"When the Secretariat or, where appropriate, the Guarantor Authorities determine during the substantiation of the review appeal that probable liability may have been incurred for failure to comply with the obligations provided for in this Law and other applicable legal provisions on the matter, they must inform the internal control body or the competent authority so that it may initiate, where appropriate, the respective liability procedure.",1889,Mexico LGPDPPSO (DOF 20-03-2025) — PDP-Public_03-21-2025_GoogleTranslate.pdf (machine translation)
Art104-I,Art104,fraction,I.,It is untimely because the period established in article 86 of this Law has elapsed;,1910,Mexico LGPDPPSO (DOF 20-03-2025) — PDP-Public_03-21-2025_GoogleTranslate.pdf (machine translation)
Art104-II,Art104,fraction,II.,The holder or his representative does not duly prove his identity and personality of the latter;,1912,Mexico LGPDPPSO (DOF 20-03-2025) — PDP-Public_03-21-2025_GoogleTranslate.pdf (machine translation)
Art104-III,Art104,fraction,III.,"The Secretariat or, where appropriate, the Guarantor Authorities have previously made a final decision on the subject matter thereof;",1916,Mexico LGPDPPSO (DOF 20-03-2025) — PDP-Public_03-21-2025_GoogleTranslate.pdf (machine translation)
Art104-IV,Art104,fraction,IV.,None of the grounds for appeal for review provided for in Article 96 of this Law are updated;,1918,Mexico LGPDPPSO (DOF 20-03-2025) — PDP-Public_03-21-2025_GoogleTranslate.pdf (machine translation)
Art104-V,Art104,fraction,V.,"Any appeal or means of defense filed by the appellant or, where appropriate, by the interested third party, against the contested act before the competent courts is being processed. Secretariat or the Guarantor Authorities, as appropriate;",1921,Mexico LGPDPPSO (DOF 20-03-2025) — PDP-Public_03-21-2025_GoogleTranslate.pdf (machine translation)
Art104-VI,Art104,fraction,VI.,"The appellant modifies or expands his/her request in the appeal for review, solely with respect to the new content, or",1924,Mexico LGPDPPSO (DOF 20-03-2025) — PDP-Public_03-21-2025_GoogleTranslate.pdf (machine translation)
Art104-VII,Art104,fraction,VII.,The appellant does not prove legal interest.,1926,Mexico LGPDPPSO (DOF 20-03-2025) — PDP-Public_03-21-2025_GoogleTranslate.pdf (machine translation)
Art104-P2,Art104,paragraph,paragraph 2,"Dismissal does not imply the preclusion of the right of the holder to file a complaint with the Secretariat or the Guarantor Authorities, as appropriate, a new appeal for review.",1929,Mexico LGPDPPSO (DOF 20-03-2025) — PDP-Public_03-21-2025_GoogleTranslate.pdf (machine translation)
Art105-I,Art105,fraction,I.,The appellant expressly withdraws;,1932,Mexico LGPDPPSO (DOF 20-03-2025) — PDP-Public_03-21-2025_GoogleTranslate.pdf (machine translation)
Art105-II,Art105,fraction,II.,The appellant dies;,1935,Mexico LGPDPPSO (DOF 20-03-2025) — PDP-Public_03-21-2025_GoogleTranslate.pdf (machine translation)
Art105-III,Art105,fraction,III.,"Once admitted, any cause of inadmissibility is updated under the terms of this Law;",1936,Mexico LGPDPPSO (DOF 20-03-2025) — PDP-Public_03-21-2025_GoogleTranslate.pdf (machine translation)
Art105-IV,Art105,fraction,IV.,"The person responsible modifies or revokes his response in such a way that it becomes without substance, or",1937,Mexico LGPDPPSO (DOF 20-03-2025) — PDP-Public_03-21-2025_GoogleTranslate.pdf (machine translation)
Art105-V,Art105,fraction,V.,I ran out of matter.,1938,Mexico LGPDPPSO (DOF 20-03-2025) — PDP-Public_03-21-2025_GoogleTranslate.pdf (machine translation)
Art107-P2,Art107,paragraph,paragraph 2,The holders may challenge these resolutions before the judges and courts specialized in personal data matters established by the Federal Judicial Branch through the amparo trial.,1944,Mexico LGPDPPSO (DOF 20-03-2025) — PDP-Public_03-21-2025_GoogleTranslate.pdf (machine translation)
Art108-P2,Art108,paragraph,paragraph 2,"The appeal must be filed within seven days of the date on which the guarantor authority notifies the obligated party of the decision. The Supreme Court of Justice of the Nation shall immediately, if appropriate, suspend the execution of the decision, and within five days of the filing of the appeal, it shall decide whether it is admissible or inadmissible.",1952,Mexico LGPDPPSO (DOF 20-03-2025) — PDP-Public_03-21-2025_GoogleTranslate.pdf (machine translation)
Art110-P2,Art110,paragraph,paragraph 2,"At all times, Ministers must have access to classified information to determine its nature, as required. Access will be granted in accordance with the legal provisions applicable to the safeguarding of information by obliged entities.",1980,Mexico LGPDPPSO (DOF 20-03-2025) — PDP-Public_03-21-2025_GoogleTranslate.pdf (machine translation)
Art112-P2,Art112,paragraph,paragraph 2,"In the event that the resolution is revoked, the Secretariat must act in accordance with the terms ordered by the Supreme Court. Court of Justice of the Nation.",1990,Mexico LGPDPPSO (DOF 20-03-2025) — PDP-Public_03-21-2025_GoogleTranslate.pdf (machine translation)
Art113-P2,Art113,paragraph,paragraph 2,"The Secretariat may issue guiding criteria for the Guarantor Authorities, which will be established by reiteration when resolving three consecutive similar cases in the same sense, arising from resolutions that have become final.",2002,Mexico LGPDPPSO (DOF 20-03-2025) — PDP-Public_03-21-2025_GoogleTranslate.pdf (machine translation)
Art114-P2,Art114,paragraph,paragraph 2,Every criterion issued by the Secretariat must contain a control key for proper identification.,2009,Mexico LGPDPPSO (DOF 20-03-2025) — PDP-Public_03-21-2025_GoogleTranslate.pdf (machine translation)
Art115-P2,Art115,paragraph,paragraph 2,"In the exercise of their oversight and verification functions, the Secretariat's staff or, where applicable, the Guarantor Authorities shall be required to maintain confidentiality regarding the information to which they have access by virtue of the corresponding verification.",2021,Mexico LGPDPPSO (DOF 20-03-2025) — PDP-Public_03-21-2025_GoogleTranslate.pdf (machine translation)
Art115-P3,Art115,paragraph,paragraph 3,"The person responsible may not deny access to the documentation requested for verification or to its personal databases, nor may it invoke the confidentiality or reserve of the information.",2025,Mexico LGPDPPSO (DOF 20-03-2025) — PDP-Public_03-21-2025_GoogleTranslate.pdf (machine translation)
Art116-I,Art116,fraction,I.,"Ex officio when the Secretariat or the guarantor Authorities have evidence that gives rise to a well-founded and motivated presumption of the existence of violations of the corresponding laws, or",2029,Mexico LGPDPPSO (DOF 20-03-2025) — PDP-Public_03-21-2025_GoogleTranslate.pdf (machine translation)
Art116-II,Art116,fraction,II.,"By filing a complaint by the owner when they consider that they have been affected by acts of the controller that may be contrary to the provisions of this Law and other applicable legal provisions or, where appropriate, by any person when they have knowledge of alleged breaches of the obligations provided for in this Law and other applicable provisions on the matter.",2032,Mexico LGPDPPSO (DOF 20-03-2025) — PDP-Public_03-21-2025_GoogleTranslate.pdf (machine translation)
Art116-P2,Art116,paragraph,paragraph 2,"The right to file a complaint expires one year after the day following the occurrence of the acts or omissions that are the subject of the complaint. When the acts or omissions are successive, the period begins to run from the business day following the last act.",2051,Mexico LGPDPPSO (DOF 20-03-2025) — PDP-Public_03-21-2025_GoogleTranslate.pdf (machine translation)
Art116-P3,Art116,paragraph,paragraph 3,Verification will not be carried out and will not be admitted in the cases where the appeal for review provided for in this Law is admissible.,2056,Mexico LGPDPPSO (DOF 20-03-2025) — PDP-Public_03-21-2025_GoogleTranslate.pdf (machine translation)
Art116-P4,Art116,paragraph,paragraph 4,"Prior to the respective verification, the Secretariat or the guarantor Authorities may carry out investigations prior, in order to have elements to establish and motivate the respective start agreement.",2059,Mexico LGPDPPSO (DOF 20-03-2025) — PDP-Public_03-21-2025_GoogleTranslate.pdf (machine translation)
Art117-I,Art117,fraction,I.,"The name of the person making the complaint or, where applicable, his or her representative;",2065,Mexico LGPDPPSO (DOF 20-03-2025) — PDP-Public_03-21-2025_GoogleTranslate.pdf (machine translation)
Art117-II,Art117,fraction,II.,The address or means of receiving notifications from the person making the complaint;,2067,Mexico LGPDPPSO (DOF 20-03-2025) — PDP-Public_03-21-2025_GoogleTranslate.pdf (machine translation)
Art117-III,Art117,fraction,III.,The statement of facts on which the complaint is based and the elements available to prove your claim;,2068,Mexico LGPDPPSO (DOF 20-03-2025) — PDP-Public_03-21-2025_GoogleTranslate.pdf (machine translation)
Art117-IV,Art117,fraction,IV.,"The person reported responsible and his address or, where appropriate, the data for his identification and/or location, and",2072,Mexico LGPDPPSO (DOF 20-03-2025) — PDP-Public_03-21-2025_GoogleTranslate.pdf (machine translation)
Art117-V,Art117,fraction,V.,"The signature of the reporting person or, where applicable, their representative. If they cannot sign, a fingerprint will suffice.",2076,Mexico LGPDPPSO (DOF 20-03-2025) — PDP-Public_03-21-2025_GoogleTranslate.pdf (machine translation)
Art117-P2,Art117,paragraph,paragraph 2,"The complaint may be submitted in free writing or through formats, electronic means or any other means established for this purpose by the Secretariat or the guarantor Authorities, as appropriate.",2078,Mexico LGPDPPSO (DOF 20-03-2025) — PDP-Public_03-21-2025_GoogleTranslate.pdf (machine translation)
Art117-P3,Art117,paragraph,paragraph 3,"Once the complaint has been received, the Secretariat and the Guarantor Authorities, as appropriate, must accuse receipt thereof. The corresponding agreement will be notified to the reporting person.",2080,Mexico LGPDPPSO (DOF 20-03-2025) — PDP-Public_03-21-2025_GoogleTranslate.pdf (machine translation)
Art118-P2,Art118,paragraph,paragraph 2,"For verification purposes in national security and public security instances, the resolution shall require a reinforced rationale and motivation for the cause of the procedure, and the information shall be secured for the exclusive use of the authority and for the purposes established in Article 119 of this Law.",2088,Mexico LGPDPPSO (DOF 20-03-2025) — PDP-Public_03-21-2025_GoogleTranslate.pdf (machine translation)
Art118-P3,Art118,paragraph,paragraph 3,The verification procedure must have a maximum duration of fifty days.,2091,Mexico LGPDPPSO (DOF 20-03-2025) — PDP-Public_03-21-2025_GoogleTranslate.pdf (machine translation)
Art118-P4,Art118,paragraph,paragraph 4,"The Secretariat or the guarantor authorities may order precautionary measures if, based on the verification, they find imminent or irreparable harm to the protection of personal data, provided that they do not impede the performance of the functions or the security of the databases of the obligated subjects.",2093,Mexico LGPDPPSO (DOF 20-03-2025) — PDP-Public_03-21-2025_GoogleTranslate.pdf (machine translation)
Art118-P5,Art118,paragraph,paragraph 5,These measures may only have a corrective purpose and will be temporary until then the obligated subjects carry out the recommendations made by the Secretariat or the Guarantor Authorities as appropriate.,2096,Mexico LGPDPPSO (DOF 20-03-2025) — PDP-Public_03-21-2025_GoogleTranslate.pdf (machine translation)
Art120-P2,Art120,paragraph,paragraph 2,"The audit report must assess the adequacy of the measures and controls implemented by the responsible party, identify any deficiencies, and propose additional corrective actions or recommendations, as appropriate.",2107,Mexico LGPDPPSO (DOF 20-03-2025) — PDP-Public_03-21-2025_GoogleTranslate.pdf (machine translation)
Art122-I,Art122,fraction,I.,"Public reprimand, or",2134,Mexico LGPDPPSO (DOF 20-03-2025) — PDP-Public_03-21-2025_GoogleTranslate.pdf (machine translation)
Art122-II,Art122,fraction,II.,"The fine, equivalent to the amount of one hundred and fifty to one thousand five hundred times the daily value of the Unit of Measurement and Update.",2136,Mexico LGPDPPSO (DOF 20-03-2025) — PDP-Public_03-21-2025_GoogleTranslate.pdf (machine translation)
Art122-P2,Art122,paragraph,paragraph 2,Non-compliance by obliged subjects will be disseminated on the transparency obligations portals of the Secretariat and the guarantor authorities and considered in the evaluations they carry out.,2138,Mexico LGPDPPSO (DOF 20-03-2025) — PDP-Public_03-21-2025_GoogleTranslate.pdf (machine translation)
Art122-P3,Art122,paragraph,paragraph 3,"If failure to comply with the decisions of the Secretariat or the guarantor authorities implies the alleged commission of a crime or one of the acts described in Article 132 of this Law, the facts must be reported to the competent authority. Financial coercion measures may not be covered by public funds.",2140,Mexico LGPDPPSO (DOF 20-03-2025) — PDP-Public_03-21-2025_GoogleTranslate.pdf (machine translation)
Art123-P2,Art123,paragraph,paragraph 2,"Once the deadline has elapsed and compliance has not been met, the competent authority in matters of administrative responsibilities.",2148,Mexico LGPDPPSO (DOF 20-03-2025) — PDP-Public_03-21-2025_GoogleTranslate.pdf (machine translation)
Art126-I,Art126,fraction,I.,"The seriousness of the fault of the responsible party, determined by elements such as the damage caused, the indications of intentionality, the duration of the non-compliance with the determinations of the Secretariat or the guarantor Authorities, and the impact on the exercise of their powers;",2157,Mexico LGPDPPSO (DOF 20-03-2025) — PDP-Public_03-21-2025_GoogleTranslate.pdf (machine translation)
Art126-II,Art126,fraction,II.,"The economic condition of the offender, and",2161,Mexico LGPDPPSO (DOF 20-03-2025) — PDP-Public_03-21-2025_GoogleTranslate.pdf (machine translation)
Art126-III,Art126,fraction,III.,Recidivism.,2162,Mexico LGPDPPSO (DOF 20-03-2025) — PDP-Public_03-21-2025_GoogleTranslate.pdf (machine translation)
Art126-P2,Art126,paragraph,paragraph 2,"The Secretariat or the Guarantor Authorities shall establish, through general guidelines, the powers of the areas responsible for assessing the seriousness of non-compliance with their determinations and for the notification and execution of enforcement measures that they apply and implement, in accordance with the elements developed in this Chapter.",2165,Mexico LGPDPPSO (DOF 20-03-2025) — PDP-Public_03-21-2025_GoogleTranslate.pdf (machine translation)
Art127-P2,Art127,paragraph,paragraph 2,"A repeat offender will be considered to be someone who, having committed an infraction that has been sanctioned, commits another one. of the same type or nature.",2172,Mexico LGPDPPSO (DOF 20-03-2025) — PDP-Public_03-21-2025_GoogleTranslate.pdf (machine translation)
Art132-I,Art132,fraction,I.,"Acting with negligence, fraud or bad faith during the processing of requests for the exercise of ARCO rights;",2208,Mexico LGPDPPSO (DOF 20-03-2025) — PDP-Public_03-21-2025_GoogleTranslate.pdf (machine translation)
Art132-II,Art132,fraction,II.,"Failure to comply with the deadlines for responding to requests for the exercise of ARCO rights or to enforce the right in question, as provided for in this Law;",2213,Mexico LGPDPPSO (DOF 20-03-2025) — PDP-Public_03-21-2025_GoogleTranslate.pdf (machine translation)
Art132-III,Art132,fraction,III.,"Use, remove, disclose, hide, alter, mutilate, destroy or render useless, in whole or in part and in an improper manner, personal data that is in your custody or to which you have access or knowledge due to your employment, position or commission;",2216,Mexico LGPDPPSO (DOF 20-03-2025) — PDP-Public_03-21-2025_GoogleTranslate.pdf (machine translation)
Art132-IV,Art132,fraction,IV.,Intentionally processing personal data in violation of the principles and duties established in this Law;,2220,Mexico LGPDPPSO (DOF 20-03-2025) — PDP-Public_03-21-2025_GoogleTranslate.pdf (machine translation)
Art132-V,Art132,fraction,V.,"Failure to have a privacy notice, or omitting from it any of the elements referred to in Article 21 of this Law, as the case may be, and other provisions that are applicable in the matter;",2225,Mexico LGPDPPSO (DOF 20-03-2025) — PDP-Public_03-21-2025_GoogleTranslate.pdf (machine translation)
Art132-VI,Art132,fraction,VI.,Fraudulently or negligently classifying personal data as confidential without meeting the criteria specified in the applicable legal provisions. The sanction will only be imposed when a prior ruling has become final regarding the criteria for classifying personal data;,2229,Mexico LGPDPPSO (DOF 20-03-2025) — PDP-Public_03-21-2025_GoogleTranslate.pdf (machine translation)
Art132-VII,Art132,fraction,VII.,Failure to comply with the duty of confidentiality established in Article 36 of this Law;,2235,Mexico LGPDPPSO (DOF 20-03-2025) — PDP-Public_03-21-2025_GoogleTranslate.pdf (machine translation)
Art132-VIII,Art132,fraction,VIII.,"Failure to establish security measures in accordance with the provisions of Articles 25, 26 and 27 of this Law;",2237,Mexico LGPDPPSO (DOF 20-03-2025) — PDP-Public_03-21-2025_GoogleTranslate.pdf (machine translation)
Art132-IX,Art132,fraction,IX.,"Present violations of personal data due to the lack of implementation of security measures in accordance with articles 25, 26 and 27 of this Law;",2242,Mexico LGPDPPSO (DOF 20-03-2025) — PDP-Public_03-21-2025_GoogleTranslate.pdf (machine translation)
Art132-X,Art132,fraction,X.,Carry out the transfer of personal data in violation of the provisions of this Law;,2245,Mexico LGPDPPSO (DOF 20-03-2025) — PDP-Public_03-21-2025_GoogleTranslate.pdf (machine translation)
Art132-XI,Art132,fraction,XI.,Obstructing the acts of verification of the authority;,2247,Mexico LGPDPPSO (DOF 20-03-2025) — PDP-Public_03-21-2025_GoogleTranslate.pdf (machine translation)
Art132-XII,Art132,fraction,XII.,Creating personal databases in violation of the provisions of Article 5 of this Law;,2249,Mexico LGPDPPSO (DOF 20-03-2025) — PDP-Public_03-21-2025_GoogleTranslate.pdf (machine translation)
Art132-XIII,Art132,fraction,XIII.,"Failure to comply with the resolutions issued by the Secretariat or the guarantor Authorities, and",2251,Mexico LGPDPPSO (DOF 20-03-2025) — PDP-Public_03-21-2025_GoogleTranslate.pdf (machine translation)
Art132-XIV,Art132,fraction,XIV.,"Failing to submit the annual report and other reports referred to in Article 40, Section VI of the General Law on Transparency and Access to Public Information, or submitting them late.",2253,Mexico LGPDPPSO (DOF 20-03-2025) — PDP-Public_03-21-2025_GoogleTranslate.pdf (machine translation)
Art132-P2,Art132,paragraph,paragraph 2,"The causes of liability provided for in sections I, II, IV, VI, X, XII and XIV of this article, as well as the recurrence of the conduct provided for in the rest of its sections, will be considered serious for the purposes of their administrative sanction.",2259,Mexico LGPDPPSO (DOF 20-03-2025) — PDP-Public_03-21-2025_GoogleTranslate.pdf (machine translation)
Art132-P3,Art132,paragraph,paragraph 3,"If the alleged violation was committed by a member of a political party, the investigation and, where appropriate, sanction will be the responsibility of the competent electoral authority.",2263,Mexico LGPDPPSO (DOF 20-03-2025) — PDP-Public_03-21-2025_GoogleTranslate.pdf (machine translation)
Art132-P4,Art132,paragraph,paragraph 4,Financial sanctions may not be covered with public resources.,2266,Mexico LGPDPPSO (DOF 20-03-2025) — PDP-Public_03-21-2025_GoogleTranslate.pdf (machine translation)
Art134-P2,Art134,paragraph,paragraph 2,"These responsibilities will be determined autonomously, through the procedures provided for in the applicable laws, and any sanctions imposed by the competent authorities will also be executed independently.",2286,Mexico LGPDPPSO (DOF 20-03-2025) — PDP-Public_03-21-2025_GoogleTranslate.pdf (machine translation)
Art134-P3,Art134,paragraph,paragraph 3,"For such purposes, the Secretariat or the guarantor authorities may report to the competent authorities any act or omission that violates this Law and provide the evidence they deem relevant, in accordance with the applicable laws.",2290,Mexico LGPDPPSO (DOF 20-03-2025) — PDP-Public_03-21-2025_GoogleTranslate.pdf (machine translation)
Art135-P2,Art135,paragraph,paragraph 2,"In the case of potential violations related to public trusts or funds, the Secretariat or the competent guarantor authority must notify the internal control body or equivalent of the corresponding obligated subject so that it can implement the appropriate administrative procedures.",2299,Mexico LGPDPPSO (DOF 20-03-2025) — PDP-Public_03-21-2025_GoogleTranslate.pdf (machine translation)
Art136-P2,Art136,paragraph,paragraph 2,"The authority that is aware of the matter must report on the conclusion of the procedure and, where appropriate, on the execution of the sanction to the Secretariat or the Guarantor Authority, as appropriate.",2309,Mexico LGPDPPSO (DOF 20-03-2025) — PDP-Public_03-21-2025_GoogleTranslate.pdf (machine translation)
Art136-P3,Art136,paragraph,paragraph 3,"In order to carry out the procedure referred to in this article, the Secretariat or the corresponding Guarantee Authority must prepare the following:",2312,Mexico LGPDPPSO (DOF 20-03-2025) — PDP-Public_03-21-2025_GoogleTranslate.pdf (machine translation)
Art136-I,Art136,fraction,I.,"Complaint addressed to the comptroller's office, internal control body or equivalent, with a precise description of the acts or omissions that, in its opinion, affect the proper application of this document. Law and that could constitute a potential liability, and",2314,Mexico LGPDPPSO (DOF 20-03-2025) — PDP-Public_03-21-2025_GoogleTranslate.pdf (machine translation)
Art136-II,Art136,fraction,II.,"File containing all the evidence considered relevant to support the existence of possible liability, and which proves the causal link between the disputed facts and the evidence presented.",2318,Mexico LGPDPPSO (DOF 20-03-2025) — PDP-Public_03-21-2025_GoogleTranslate.pdf (machine translation)
Art136-P4,Art136,paragraph,paragraph 4,"The complaint and the file must be submitted to the Comptroller's Office, internal oversight body, or equivalent within fifteen days of the Secretariat or the corresponding Guarantor Authority becoming aware of the facts.",2322,Mexico LGPDPPSO (DOF 20-03-2025) — PDP-Public_03-21-2025_GoogleTranslate.pdf (machine translation)
Art137-P2,Art137,paragraph,paragraph 2,Article Three and Article Four.- ………,2330,Mexico LGPDPPSO (DOF 20-03-2025) — PDP-Public_03-21-2025_GoogleTranslate.pdf (machine translation)
