item_id,parent_id,parent_type,item_label,item_text,source_document
AC-1-a,AC-1,Control,a.,"Develop, document, and disseminate to [Assignment: organization-defined personnel or roles]:",NIST SP 800-53r5
AC-1-a-1,AC-1-a,ControlItem,1.,[Selection (one or more): Organization-level; Mission/business process-level; System-level] access control policy that:,NIST SP 800-53r5
AC-1-a-1-a,AC-1-a-1,ControlItem,(a),"Addresses purpose, scope, roles, responsibilities, management commitment, coordination among organizational entities, and compliance; and",NIST SP 800-53r5
AC-1-a-1-b,AC-1-a-1,ControlItem,(b),"Is consistent with applicable laws, executive orders, directives, regulations, policies, standards, and guidelines; and",NIST SP 800-53r5
AC-1-a-2,AC-1-a,ControlItem,2.,Procedures to facilitate the implementation of the access control policy and the associated access controls;,NIST SP 800-53r5
AC-1-b,AC-1,Control,b.,"Designate an [Assignment: organization-defined official] to manage the development, documentation, and dissemination of the access control policy and procedures; and",NIST SP 800-53r5
AC-1-c,AC-1,Control,c.,Review and update the current access control:,NIST SP 800-53r5
AC-1-c-1,AC-1-c,ControlItem,1.,Policy [Assignment: organization-defined frequency] and following [Assignment: organization-defined events]; and,NIST SP 800-53r5
AC-1-c-2,AC-1-c,ControlItem,2.,Procedures [Assignment: organization-defined frequency] and following [Assignment: organization-defined events].,NIST SP 800-53r5
AC-2-a,AC-2,Control,a.,Define and document the types of accounts allowed and specifically prohibited for use within the system;,NIST SP 800-53r5
AC-2-b,AC-2,Control,b.,Assign account managers;,NIST SP 800-53r5
AC-2-c,AC-2,Control,c.,Require [Assignment: organization-defined prerequisites and criteria] for group and role membership;,NIST SP 800-53r5
AC-2-d,AC-2,Control,d.,Specify:,NIST SP 800-53r5
AC-2-d-1,AC-2-d,ControlItem,1.,Authorized users of the system;,NIST SP 800-53r5
AC-2-d-2,AC-2-d,ControlItem,2.,Group and role membership; and,NIST SP 800-53r5
AC-2-d-3,AC-2-d,ControlItem,3.,"Access authorizations (i.e., privileges) and [Assignment: organization-defined attributes (as required)] for each account;",NIST SP 800-53r5
AC-2-e,AC-2,Control,e.,Require approvals by [Assignment: organization-defined personnel or roles] for requests to create accounts;,NIST SP 800-53r5
AC-2-f,AC-2,Control,f.,"Create, enable, modify, disable, and remove accounts in accordance with [Assignment: organization-defined policy, procedures, prerequisites, and criteria];",NIST SP 800-53r5
AC-2-g,AC-2,Control,g.,Monitor the use of accounts;,NIST SP 800-53r5
AC-2-h,AC-2,Control,h.,Notify account managers and [Assignment: organization-defined personnel or roles] within:,NIST SP 800-53r5
AC-2-h-1,AC-2-h,ControlItem,1.,[Assignment: organization-defined time period] when accounts are no longer required;,NIST SP 800-53r5
AC-2-h-2,AC-2-h,ControlItem,2.,[Assignment: organization-defined time period] when users are terminated or transferred; and,NIST SP 800-53r5
AC-2-h-3,AC-2-h,ControlItem,3.,[Assignment: organization-defined time period] when system usage or need-to-know changes for an individual;,NIST SP 800-53r5
AC-2-i,AC-2,Control,i.,Authorize access to the system based on:,NIST SP 800-53r5
AC-2-i-1,AC-2-i,ControlItem,1.,A valid access authorization;,NIST SP 800-53r5
AC-2-i-2,AC-2-i,ControlItem,2.,Intended system usage; and,NIST SP 800-53r5
AC-2-i-3,AC-2-i,ControlItem,3.,[Assignment: organization-defined attributes (as required)];,NIST SP 800-53r5
AC-2-j,AC-2,Control,j.,Review accounts for compliance with account management requirements [Assignment: organization-defined frequency];,NIST SP 800-53r5
AC-2-k,AC-2,Control,k.,Establish and implement a process for changing shared or group account authenticators (if deployed) when individuals are removed from the group; and,NIST SP 800-53r5
AC-2-l,AC-2,Control,l.,Align account management processes with personnel termination and transfer processes.,NIST SP 800-53r5
AC-2(3)-a,AC-2(3),ControlEnhancement,(a),Have expired;,NIST SP 800-53r5
AC-2(3)-b,AC-2(3),ControlEnhancement,(b),Are no longer associated with a user or individual;,NIST SP 800-53r5
AC-2(3)-c,AC-2(3),ControlEnhancement,(c),Are in violation of organizational policy; or,NIST SP 800-53r5
AC-2(3)-d,AC-2(3),ControlEnhancement,(d),Have been inactive for [Assignment: organization-defined time period].,NIST SP 800-53r5
AC-2(7)-a,AC-2(7),ControlEnhancement,(a),Establish and administer privileged user accounts in accordance with [Selection: a role-based access scheme; an attribute-based access scheme];,NIST SP 800-53r5
AC-2(7)-b,AC-2(7),ControlEnhancement,(b),Monitor privileged role or attribute assignments;,NIST SP 800-53r5
AC-2(7)-c,AC-2(7),ControlEnhancement,(c),Monitor changes to roles or attributes; and,NIST SP 800-53r5
AC-2(7)-d,AC-2(7),ControlEnhancement,(d),Revoke access when privileged role or attribute assignments are no longer appropriate.,NIST SP 800-53r5
AC-2(12)-a,AC-2(12),ControlEnhancement,(a),Monitor system accounts for [Assignment: organization-defined atypical usage]; and,NIST SP 800-53r5
AC-2(12)-b,AC-2(12),ControlEnhancement,(b),Report atypical usage of system accounts to [Assignment: organization-defined personnel or roles].,NIST SP 800-53r5
AC-3(3)-a,AC-3(3),ControlEnhancement,(a),Is uniformly enforced across the covered subjects and objects within the system;,NIST SP 800-53r5
AC-3(3)-b,AC-3(3),ControlEnhancement,(b),Specifies that a subject that has been granted access to information is constrained from doing any of the following;,NIST SP 800-53r5
AC-3(3)-b-1,AC-3(3)-b,ControlItem,(1),Passing the information to unauthorized subjects or objects;,NIST SP 800-53r5
AC-3(3)-b-2,AC-3(3)-b,ControlItem,(2),Granting its privileges to other subjects;,NIST SP 800-53r5
AC-3(3)-b-3,AC-3(3)-b,ControlItem,(3),"Changing one or more security attributes (specified by the policy) on subjects, objects, the system, or system components;",NIST SP 800-53r5
AC-3(3)-b-4,AC-3(3)-b,ControlItem,(4),Choosing the security attributes and attribute values (specified by the policy) to be associated with newly created or modified objects; and,NIST SP 800-53r5
AC-3(3)-b-5,AC-3(3)-b,ControlItem,(5),Changing the rules governing access control; and,NIST SP 800-53r5
AC-3(3)-c,AC-3(3),ControlEnhancement,(c),Specifies that [Assignment: organization-defined subjects] may explicitly be granted [Assignment: organization-defined privileges] such that they are not limited by any defined subset (or all) of the above constraints.,NIST SP 800-53r5
AC-3(4)-a,AC-3(4),ControlEnhancement,(a),Pass the information to any other subjects or objects;,NIST SP 800-53r5
AC-3(4)-b,AC-3(4),ControlEnhancement,(b),Grant its privileges to other subjects;,NIST SP 800-53r5
AC-3(4)-c,AC-3(4),ControlEnhancement,(c),"Change security attributes on subjects, objects, the system, or the system’s components;",NIST SP 800-53r5
AC-3(4)-d,AC-3(4),ControlEnhancement,(d),Choose the security attributes to be associated with newly created or revised objects; or,NIST SP 800-53r5
AC-3(4)-e,AC-3(4),ControlEnhancement,(e),Change the rules governing access control.,NIST SP 800-53r5
AC-3(9)-a,AC-3(9),ControlEnhancement,(a),The receiving [Assignment: organization-defined system or system component] provides [Assignment: organization-defined controls]; and,NIST SP 800-53r5
AC-3(9)-b,AC-3(9),ControlEnhancement,(b),[Assignment: organization-defined controls] are used to validate the appropriateness of the information designated for release.,NIST SP 800-53r5
AC-3(12)-a,AC-3(12),ControlEnhancement,(a),"Require applications to assert, as part of the installation process, the access needed to the following system applications and functions: [Assignment: organization-defined system applications and functions];",NIST SP 800-53r5
AC-3(12)-b,AC-3(12),ControlEnhancement,(b),Provide an enforcement mechanism to prevent unauthorized access; and,NIST SP 800-53r5
AC-3(12)-c,AC-3(12),ControlEnhancement,(c),Approve access changes after initial installation of the application.,NIST SP 800-53r5
AC-3(15)-a,AC-3(15),ControlEnhancement,(a),Enforce [Assignment: organization-defined mandatory access control policy] over the set of covered subjects and objects specified in the policy; and,NIST SP 800-53r5
AC-3(15)-b,AC-3(15),ControlEnhancement,(b),Enforce [Assignment: organization-defined discretionary access control policy] over the set of covered subjects and objects specified in the policy.,NIST SP 800-53r5
AC-4(8)-a,AC-4(8),ControlEnhancement,(a),Enforce information flow control using [Assignment: organization-defined security or privacy policy filters] as a basis for flow control decisions for [Assignment: organization-defined information flows]; and,NIST SP 800-53r5
AC-4(8)-b,AC-4(8),ControlEnhancement,(b),[Selection (one or more): Block; Strip; Modify; Quarantine] data after a filter processing failure in accordance with [Assignment: organization-defined security or privacy policy].,NIST SP 800-53r5
AC-4(29)-a,AC-4(29),ControlEnhancement,(a),Content filtering mechanisms successfully complete execution without errors; and,NIST SP 800-53r5
AC-4(29)-b,AC-4(29),ControlEnhancement,(b),Content filtering actions occur in the correct order and comply with [Assignment: organization-defined policy].,NIST SP 800-53r5
AC-4(32)-a,AC-4(32),ControlEnhancement,(a),Does not filter message content;,NIST SP 800-53r5
AC-4(32)-b,AC-4(32),ControlEnhancement,(b),Validates filtering metadata;,NIST SP 800-53r5
AC-4(32)-c,AC-4(32),ControlEnhancement,(c),Ensures the content associated with the filtering metadata has successfully completed filtering; and,NIST SP 800-53r5
AC-4(32)-d,AC-4(32),ControlEnhancement,(d),Transfers the content to the destination filter pipeline.,NIST SP 800-53r5
AC-5-a,AC-5,Control,a.,Identify and document [Assignment: organization-defined duties of individuals requiring separation]; and,NIST SP 800-53r5
AC-5-b,AC-5,Control,b.,Define system access authorizations to support separation of duties.,NIST SP 800-53r5
AC-6(1)-a,AC-6(1),ControlEnhancement,(a),"[Assignment: organization-defined security functions (deployed in hardware, software, and firmware)]; and",NIST SP 800-53r5
AC-6(1)-b,AC-6(1),ControlEnhancement,(b),[Assignment: organization-defined security-relevant information].,NIST SP 800-53r5
AC-6(7)-a,AC-6(7),ControlEnhancement,(a),Review [Assignment: organization-defined frequency] the privileges assigned to [Assignment: organization-defined roles or classes of users] to validate the need for such privileges; and,NIST SP 800-53r5
AC-6(7)-b,AC-6(7),ControlEnhancement,(b),"Reassign or remove privileges, if necessary, to correctly reflect organizational mission and business needs.",NIST SP 800-53r5
AC-7-a,AC-7,Control,a.,Enforce a limit of [Assignment: organization-defined number] consecutive invalid logon attempts by a user during a [Assignment: organization-defined time period]; and,NIST SP 800-53r5
AC-7-b,AC-7,Control,b.,Automatically [Selection (one or more): lock the account or node for an [Assignment: organization-defined time period]; lock the account or node until released by an administrator; delay next logon prompt per [Assignment: organization-defined delay algorithm]; notify system administrator; take other [Assignment: organization-defined action]] when the maximum number of unsuccessful attempts is exceeded.,NIST SP 800-53r5
AC-7(4)-a,AC-7(4),ControlEnhancement,(a),Allow the use of [Assignment: organization-defined authentication factors] that are different from the primary authentication factors after the number of organization-defined consecutive invalid logon attempts have been exceeded; and,NIST SP 800-53r5
AC-7(4)-b,AC-7(4),ControlEnhancement,(b),Enforce a limit of [Assignment: organization-defined number] consecutive invalid logon attempts through use of the alternative factors by a user during a [Assignment: organization-defined time period].,NIST SP 800-53r5
AC-8-a,AC-8,Control,a.,"Display [Assignment: organization-defined system use notification message or banner] to users before granting access to the system that provides privacy and security notices consistent with applicable laws, executive orders, directives, regulations, policies, standards, and guidelines and state that:",NIST SP 800-53r5
AC-8-a-1,AC-8-a,ControlItem,1.,Users are accessing a U.S. Government system;,NIST SP 800-53r5
AC-8-a-2,AC-8-a,ControlItem,2.,"System usage may be monitored, recorded, and subject to audit;",NIST SP 800-53r5
AC-8-a-3,AC-8-a,ControlItem,3.,Unauthorized use of the system is prohibited and subject to criminal and civil penalties; and,NIST SP 800-53r5
AC-8-a-4,AC-8-a,ControlItem,4.,Use of the system indicates consent to monitoring and recording;,NIST SP 800-53r5
AC-8-b,AC-8,Control,b.,Retain the notification message or banner on the screen until users acknowledge the usage conditions and take explicit actions to log on to or further access the system; and,NIST SP 800-53r5
AC-8-c,AC-8,Control,c.,For publicly accessible systems:,NIST SP 800-53r5
AC-8-c-1,AC-8-c,ControlItem,1.,"Display system use information [Assignment: organization-defined conditions], before granting further access to the publicly accessible system;",NIST SP 800-53r5
AC-8-c-2,AC-8-c,ControlItem,2.,"Display references, if any, to monitoring, recording, or auditing that are consistent with privacy accommodations for such systems that generally prohibit those activities; and",NIST SP 800-53r5
AC-8-c-3,AC-8-c,ControlItem,3.,Include a description of the authorized uses of the system.,NIST SP 800-53r5
AC-11-a,AC-11,Control,a.,Prevent further access to the system by [Selection (one or more): initiating a device lock after [Assignment: organization-defined time period] of inactivity; requiring the user to initiate a device lock before leaving the system unattended]; and,NIST SP 800-53r5
AC-11-b,AC-11,Control,b.,Retain the device lock until the user reestablishes access using established identification and authentication procedures.,NIST SP 800-53r5
AC-14-a,AC-14,Control,a.,Identify [Assignment: organization-defined user actions] that can be performed on the system without identification or authentication consistent with organizational mission and business functions; and,NIST SP 800-53r5
AC-14-b,AC-14,Control,b.,"Document and provide supporting rationale in the security plan for the system, user actions not requiring identification or authentication.",NIST SP 800-53r5
AC-16-a,AC-16,Control,a.,"Provide the means to associate [Assignment: organization-defined types of security and privacy attributes] with [Assignment: organization-defined security and privacy attribute values] for information in storage, in process, and/or in transmission;",NIST SP 800-53r5
AC-16-b,AC-16,Control,b.,Ensure that the attribute associations are made and retained with the information;,NIST SP 800-53r5
AC-16-c,AC-16,Control,c.,Establish the following permitted security and privacy attributes from the attributes defined in AC-16a for [Assignment: organization-defined systems]: [Assignment: organization-defined security and privacy attributes];,NIST SP 800-53r5
AC-16-d,AC-16,Control,d.,Determine the following permitted attribute values or ranges for each of the established attributes: [Assignment: organization-defined attribute values or ranges for established attributes];,NIST SP 800-53r5
AC-16-e,AC-16,Control,e.,Audit changes to attributes; and,NIST SP 800-53r5
AC-16-f,AC-16,Control,f.,Review [Assignment: organization-defined security and privacy attributes] for applicability [Assignment: organization-defined frequency].,NIST SP 800-53r5
AC-17-a,AC-17,Control,a.,"Establish and document usage restrictions, configuration/connection requirements, and implementation guidance for each type of remote access allowed; and",NIST SP 800-53r5
AC-17-b,AC-17,Control,b.,Authorize each type of remote access to the system prior to allowing such connections.,NIST SP 800-53r5
AC-17(4)-a,AC-17(4),ControlEnhancement,(a),Authorize the execution of privileged commands and access to security-relevant information via remote access only in a format that provides assessable evidence and for the following needs: [Assignment: organization-defined needs]; and,NIST SP 800-53r5
AC-17(4)-b,AC-17(4),ControlEnhancement,(b),Document the rationale for remote access in the security plan for the system.,NIST SP 800-53r5
AC-18-a,AC-18,Control,a.,"Establish configuration requirements, connection requirements, and implementation guidance for each type of wireless access; and",NIST SP 800-53r5
AC-18-b,AC-18,Control,b.,Authorize each type of wireless access to the system prior to allowing such connections.,NIST SP 800-53r5
AC-19-a,AC-19,Control,a.,"Establish configuration requirements, connection requirements, and implementation guidance for organization-controlled mobile devices, to include when such devices are outside of controlled areas; and",NIST SP 800-53r5
AC-19-b,AC-19,Control,b.,Authorize the connection of mobile devices to organizational systems.,NIST SP 800-53r5
AC-19(4)-a,AC-19(4),ControlEnhancement,(a),"Prohibit the use of unclassified mobile devices in facilities containing systems processing, storing, or transmitting classified information unless specifically permitted by the authorizing official; and",NIST SP 800-53r5
AC-19(4)-b,AC-19(4),ControlEnhancement,(b),"Enforce the following restrictions on individuals permitted by the authorizing official to use unclassified mobile devices in facilities containing systems processing, storing, or transmitting classified information:",NIST SP 800-53r5
AC-19(4)-b-1,AC-19(4)-b,ControlItem,(1),Connection of unclassified mobile devices to classified systems is prohibited;,NIST SP 800-53r5
AC-19(4)-b-2,AC-19(4)-b,ControlItem,(2),Connection of unclassified mobile devices to unclassified systems requires approval from the authorizing official;,NIST SP 800-53r5
AC-19(4)-b-3,AC-19(4)-b,ControlItem,(3),Use of internal or external modems or wireless interfaces within the unclassified mobile devices is prohibited; and,NIST SP 800-53r5
AC-19(4)-b-4,AC-19(4)-b,ControlItem,(4),"Unclassified mobile devices and the information stored on those devices are subject to random reviews and inspections by [Assignment: organization-defined security officials], and if classified information is found, the incident handling policy is followed.",NIST SP 800-53r5
AC-19(4)-c,AC-19(4),ControlEnhancement,(c),Restrict the connection of classified mobile devices to classified systems in accordance with [Assignment: organization-defined security policies].,NIST SP 800-53r5
AC-20-a,AC-20,Control,a.,"[Selection (one or more): Establish [Assignment: organization-defined terms and conditions]; Identify [Assignment: organization-defined controls asserted to be implemented on external systems]], consistent with the trust relationships established with other organizations owning, operating, and/or maintaining external systems, allowing authorized individuals to:",NIST SP 800-53r5
AC-20-a-1,AC-20-a,ControlItem,1.,Access the system from external systems; and,NIST SP 800-53r5
AC-20-a-2,AC-20-a,ControlItem,2.,"Process, store, or transmit organization-controlled information using external systems; or",NIST SP 800-53r5
AC-20-b,AC-20,Control,b.,Prohibit the use of [Assignment: organizationally-defined types of external systems].,NIST SP 800-53r5
AC-20(1)-a,AC-20(1),ControlEnhancement,(a),Verification of the implementation of controls on the external system as specified in the organization’s security and privacy policies and security and privacy plans; or,NIST SP 800-53r5
AC-20(1)-b,AC-20(1),ControlEnhancement,(b),Retention of approved system connection or processing agreements with the organizational entity hosting the external system.,NIST SP 800-53r5
AC-21-a,AC-21,Control,a.,Enable authorized users to determine whether access authorizations assigned to a sharing partner match the information’s access and use restrictions for [Assignment: organization-defined information sharing circumstances where user discretion is required]; and,NIST SP 800-53r5
AC-21-b,AC-21,Control,b.,Employ [Assignment: organization-defined automated mechanisms or manual processes] to assist users in making information sharing and collaboration decisions.,NIST SP 800-53r5
AC-22-a,AC-22,Control,a.,Designate individuals authorized to make information publicly accessible;,NIST SP 800-53r5
AC-22-b,AC-22,Control,b.,Train authorized individuals to ensure that publicly accessible information does not contain nonpublic information;,NIST SP 800-53r5
AC-22-c,AC-22,Control,c.,Review the proposed content of information prior to posting onto the publicly accessible system to ensure that nonpublic information is not included; and,NIST SP 800-53r5
AC-22-d,AC-22,Control,d.,"Review the content on the publicly accessible system for nonpublic information [Assignment: organization-defined frequency] and remove such information, if discovered.",NIST SP 800-53r5
AT-1-a,AT-1,Control,a.,"Develop, document, and disseminate to [Assignment: organization-defined personnel or roles]:",NIST SP 800-53r5
AT-1-a-1,AT-1-a,ControlItem,1.,[Selection (one or more): Organization-level; Mission/business process-level; System-level] awareness and training policy that:,NIST SP 800-53r5
AT-1-a-1-a,AT-1-a-1,ControlItem,(a),"Addresses purpose, scope, roles, responsibilities, management commitment, coordination among organizational entities, and compliance; and",NIST SP 800-53r5
AT-1-a-1-b,AT-1-a-1,ControlItem,(b),"Is consistent with applicable laws, executive orders, directives, regulations, policies, standards, and guidelines; and",NIST SP 800-53r5
AT-1-a-2,AT-1-a,ControlItem,2.,Procedures to facilitate the implementation of the awareness and training policy and the associated awareness and training controls;,NIST SP 800-53r5
AT-1-b,AT-1,Control,b.,"Designate an [Assignment: organization-defined official] to manage the development, documentation, and dissemination of the awareness and training policy and procedures; and",NIST SP 800-53r5
AT-1-c,AT-1,Control,c.,Review and update the current awareness and training:,NIST SP 800-53r5
AT-1-c-1,AT-1-c,ControlItem,1.,Policy [Assignment: organization-defined frequency] and following [Assignment: organization-defined events]; and,NIST SP 800-53r5
AT-1-c-2,AT-1-c,ControlItem,2.,Procedures [Assignment: organization-defined frequency] and following [Assignment: organization-defined events].,NIST SP 800-53r5
AT-2-a,AT-2,Control,a.,"Provide security and privacy literacy training to system users (including managers, senior executives, and contractors):",NIST SP 800-53r5
AT-2-a-1,AT-2-a,ControlItem,1.,As part of initial training for new users and [Assignment: organization-defined frequency] thereafter; and,NIST SP 800-53r5
AT-2-a-2,AT-2-a,ControlItem,2.,When required by system changes or following [Assignment: organization-defined events];,NIST SP 800-53r5
AT-2-b,AT-2,Control,b.,Employ the following techniques to increase the security and privacy awareness of system users [Assignment: organization-defined awareness techniques];,NIST SP 800-53r5
AT-2-c,AT-2,Control,c.,Update literacy training and awareness content [Assignment: organization-defined frequency] and following [Assignment: organization-defined events]; and,NIST SP 800-53r5
AT-2-d,AT-2,Control,d.,Incorporate lessons learned from internal or external security incidents or breaches into literacy training and awareness techniques.,NIST SP 800-53r5
AT-2(6)-a,AT-2(6),ControlEnhancement,(a),Provide literacy training on the cyber threat environment; and,NIST SP 800-53r5
AT-2(6)-b,AT-2(6),ControlEnhancement,(b),Reflect current cyber threat information in system operations.,NIST SP 800-53r5
AT-3-a,AT-3,Control,a.,Provide role-based security and privacy training to personnel with the following roles and responsibilities: [Assignment: organization-defined roles and responsibilities]:,NIST SP 800-53r5
AT-3-a-1,AT-3-a,ControlItem,1.,"Before authorizing access to the system, information, or performing assigned duties, and [Assignment: organization-defined frequency] thereafter; and",NIST SP 800-53r5
AT-3-a-2,AT-3-a,ControlItem,2.,When required by system changes;,NIST SP 800-53r5
AT-3-b,AT-3,Control,b.,Update role-based training content [Assignment: organization-defined frequency] and following [Assignment: organization-defined events]; and,NIST SP 800-53r5
AT-3-c,AT-3,Control,c.,Incorporate lessons learned from internal or external security incidents or breaches into role-based training.,NIST SP 800-53r5
AT-4-a,AT-4,Control,a.,"Document and monitor information security and privacy training activities, including security and privacy awareness training and specific role-based security and privacy training; and",NIST SP 800-53r5
AT-4-b,AT-4,Control,b.,Retain individual training records for [Assignment: organization-defined time period].,NIST SP 800-53r5
AU-1-a,AU-1,Control,a.,"Develop, document, and disseminate to [Assignment: organization-defined personnel or roles]:",NIST SP 800-53r5
AU-1-a-1,AU-1-a,ControlItem,1.,[Selection (one or more): Organization-level; Mission/business process-level; System-level] audit and accountability policy that:,NIST SP 800-53r5
AU-1-a-1-a,AU-1-a-1,ControlItem,(a),"Addresses purpose, scope, roles, responsibilities, management commitment, coordination among organizational entities, and compliance; and",NIST SP 800-53r5
AU-1-a-1-b,AU-1-a-1,ControlItem,(b),"Is consistent with applicable laws, executive orders, directives, regulations, policies, standards, and guidelines; and",NIST SP 800-53r5
AU-1-a-2,AU-1-a,ControlItem,2.,Procedures to facilitate the implementation of the audit and accountability policy and the associated audit and accountability controls;,NIST SP 800-53r5
AU-1-b,AU-1,Control,b.,"Designate an [Assignment: organization-defined official] to manage the development, documentation, and dissemination of the audit and accountability policy and procedures; and",NIST SP 800-53r5
AU-1-c,AU-1,Control,c.,Review and update the current audit and accountability:,NIST SP 800-53r5
AU-1-c-1,AU-1-c,ControlItem,1.,Policy [Assignment: organization-defined frequency] and following [Assignment: organization-defined events]; and,NIST SP 800-53r5
AU-1-c-2,AU-1-c,ControlItem,2.,Procedures [Assignment: organization-defined frequency] and following [Assignment: organization-defined events].,NIST SP 800-53r5
AU-2-a,AU-2,Control,a.,Identify the types of events that the system is capable of logging in support of the audit function: [Assignment: organization-defined event types that the system is capable of logging];,NIST SP 800-53r5
AU-2-b,AU-2,Control,b.,Coordinate the event logging function with other organizational entities requiring audit-related information to guide and inform the selection criteria for events to be logged;,NIST SP 800-53r5
AU-2-c,AU-2,Control,c.,Specify the following event types for logging within the system: [Assignment: organization-defined event types (subset of the event types defined in AU-2a.) along with the frequency of (or situation requiring) logging for each identified event type];,NIST SP 800-53r5
AU-2-d,AU-2,Control,d.,Provide a rationale for why the event types selected for logging are deemed to be adequate to support after-the-fact investigations of incidents; and,NIST SP 800-53r5
AU-2-e,AU-2,Control,e.,Review and update the event types selected for logging [Assignment: organization-defined frequency].,NIST SP 800-53r5
AU-3-a,AU-3,Control,a.,What type of event occurred;,NIST SP 800-53r5
AU-3-b,AU-3,Control,b.,When the event occurred;,NIST SP 800-53r5
AU-3-c,AU-3,Control,c.,Where the event occurred;,NIST SP 800-53r5
AU-3-d,AU-3,Control,d.,Source of the event;,NIST SP 800-53r5
AU-3-e,AU-3,Control,e.,Outcome of the event; and,NIST SP 800-53r5
AU-3-f,AU-3,Control,f.,"Identity of any individuals, subjects, or objects/entities associated with the event.",NIST SP 800-53r5
AU-5-a,AU-5,Control,a.,Alert [Assignment: organization-defined personnel or roles] within [Assignment: organization-defined time period] in the event of an audit logging process failure; and,NIST SP 800-53r5
AU-5-b,AU-5,Control,b.,Take the following additional actions: [Assignment: organization-defined additional actions].,NIST SP 800-53r5
AU-6-a,AU-6,Control,a.,Review and analyze system audit records [Assignment: organization-defined frequency] for indications of [Assignment: organization-defined inappropriate or unusual activity] and the potential impact of the inappropriate or unusual activity;,NIST SP 800-53r5
AU-6-b,AU-6,Control,b.,Report findings to [Assignment: organization-defined personnel or roles]; and,NIST SP 800-53r5
AU-6-c,AU-6,Control,c.,"Adjust the level of audit record review, analysis, and reporting within the system when there is a change in risk based on law enforcement information, intelligence information, or other credible sources of information.",NIST SP 800-53r5
AU-7-a,AU-7,Control,a.,"Supports on-demand audit record review, analysis, and reporting requirements and after-the-fact investigations of incidents; and",NIST SP 800-53r5
AU-7-b,AU-7,Control,b.,Does not alter the original content or time ordering of audit records.,NIST SP 800-53r5
AU-8-a,AU-8,Control,a.,Use internal system clocks to generate time stamps for audit records; and,NIST SP 800-53r5
AU-8-b,AU-8,Control,b.,"Record time stamps for audit records that meet [Assignment: organization-defined granularity of time measurement] and that use Coordinated Universal Time, have a fixed local time offset from Coordinated Universal Time, or that include the local time offset as part of the time stamp.",NIST SP 800-53r5
AU-9-a,AU-9,Control,a.,"Protect audit information and audit logging tools from unauthorized access, modification, and deletion; and",NIST SP 800-53r5
AU-9-b,AU-9,Control,b.,"Alert [Assignment: organization-defined personnel or roles] upon detection of unauthorized access, modification, or deletion of audit information.",NIST SP 800-53r5
AU-10(1)-a,AU-10(1),ControlEnhancement,(a),Bind the identity of the information producer with the information to [Assignment: organization-defined strength of binding]; and,NIST SP 800-53r5
AU-10(1)-b,AU-10(1),ControlEnhancement,(b),Provide the means for authorized individuals to determine the identity of the producer of the information.,NIST SP 800-53r5
AU-10(2)-a,AU-10(2),ControlEnhancement,(a),Validate the binding of the information producer identity to the information at [Assignment: organization-defined frequency]; and,NIST SP 800-53r5
AU-10(2)-b,AU-10(2),ControlEnhancement,(b),Perform [Assignment: organization-defined actions] in the event of a validation error.,NIST SP 800-53r5
AU-10(4)-a,AU-10(4),ControlEnhancement,(a),Validate the binding of the information reviewer identity to the information at the transfer or release points prior to release or transfer between [Assignment: organization-defined security domains]; and,NIST SP 800-53r5
AU-10(4)-b,AU-10(4),ControlEnhancement,(b),Perform [Assignment: organization-defined actions] in the event of a validation error.,NIST SP 800-53r5
AU-12-a,AU-12,Control,a.,Provide audit record generation capability for the event types the system is capable of auditing as defined in AU-2a on [Assignment: organization-defined system components];,NIST SP 800-53r5
AU-12-b,AU-12,Control,b.,Allow [Assignment: organization-defined personnel or roles] to select the event types that are to be logged by specific components of the system; and,NIST SP 800-53r5
AU-12-c,AU-12,Control,c.,Generate audit records for the event types defined in AU-2c that include the audit record content defined in AU-3.,NIST SP 800-53r5
AU-13-a,AU-13,Control,a.,Monitor [Assignment: organization-defined open-source information and/or information sites] [Assignment: organization-defined frequency] for evidence of unauthorized disclosure of organizational information; and,NIST SP 800-53r5
AU-13-b,AU-13,Control,b.,If an information disclosure is discovered:,NIST SP 800-53r5
AU-13-b-1,AU-13-b,ControlItem,1.,Notify [Assignment: organization-defined personnel or roles]; and,NIST SP 800-53r5
AU-13-b-2,AU-13-b,ControlItem,2.,Take the following additional actions: [Assignment: organization-defined additional actions].,NIST SP 800-53r5
AU-14-a,AU-14,Control,a.,Provide and implement the capability for [Assignment: organization-defined users or roles] to [Selection (one or more): record; view; hear; log] the content of a user session under [Assignment: organization-defined circumstances]; and,NIST SP 800-53r5
AU-14-b,AU-14,Control,b.,"Develop, integrate, and use session auditing activities in consultation with legal counsel and in accordance with applicable laws, executive orders, directives, regulations, policies, standards, and guidelines.",NIST SP 800-53r5
CA-1-a,CA-1,Control,a.,"Develop, document, and disseminate to [Assignment: organization-defined personnel or roles]:",NIST SP 800-53r5
CA-1-a-1,CA-1-a,ControlItem,1.,"[Selection (one or more): Organization-level; Mission/business process-level; System-level] assessment, authorization, and monitoring policy that:",NIST SP 800-53r5
CA-1-a-1-a,CA-1-a-1,ControlItem,(a),"Addresses purpose, scope, roles, responsibilities, management commitment, coordination among organizational entities, and compliance; and",NIST SP 800-53r5
CA-1-a-1-b,CA-1-a-1,ControlItem,(b),"Is consistent with applicable laws, executive orders, directives, regulations, policies, standards, and guidelines; and",NIST SP 800-53r5
CA-1-a-2,CA-1-a,ControlItem,2.,"Procedures to facilitate the implementation of the assessment, authorization, and monitoring policy and the associated assessment, authorization, and monitoring controls;",NIST SP 800-53r5
CA-1-b,CA-1,Control,b.,"Designate an [Assignment: organization-defined official] to manage the development, documentation, and dissemination of the assessment, authorization, and monitoring policy and procedures; and",NIST SP 800-53r5
CA-1-c,CA-1,Control,c.,"Review and update the current assessment, authorization, and monitoring:",NIST SP 800-53r5
CA-1-c-1,CA-1-c,ControlItem,1.,Policy [Assignment: organization-defined frequency] and following [Assignment: organization-defined events]; and,NIST SP 800-53r5
CA-1-c-2,CA-1-c,ControlItem,2.,Procedures [Assignment: organization-defined frequency] and following [Assignment: organization-defined events].,NIST SP 800-53r5
CA-2-a,CA-2,Control,a.,Select the appropriate assessor or assessment team for the type of assessment to be conducted;,NIST SP 800-53r5
CA-2-b,CA-2,Control,b.,Develop a control assessment plan that describes the scope of the assessment including:,NIST SP 800-53r5
CA-2-b-1,CA-2-b,ControlItem,1.,Controls and control enhancements under assessment;,NIST SP 800-53r5
CA-2-b-2,CA-2-b,ControlItem,2.,Assessment procedures to be used to determine control effectiveness; and,NIST SP 800-53r5
CA-2-b-3,CA-2-b,ControlItem,3.,"Assessment environment, assessment team, and assessment roles and responsibilities;",NIST SP 800-53r5
CA-2-c,CA-2,Control,c.,Ensure the control assessment plan is reviewed and approved by the authorizing official or designated representative prior to conducting the assessment;,NIST SP 800-53r5
CA-2-d,CA-2,Control,d.,"Assess the controls in the system and its environment of operation [Assignment: organization-defined frequency] to determine the extent to which the controls are implemented correctly, operating as intended, and producing the desired outcome with respect to meeting established security and privacy requirements;",NIST SP 800-53r5
CA-2-e,CA-2,Control,e.,Produce a control assessment report that document the results of the assessment; and,NIST SP 800-53r5
CA-2-f,CA-2,Control,f.,Provide the results of the control assessment to [Assignment: organization-defined individuals or roles].,NIST SP 800-53r5
CA-3-a,CA-3,Control,a.,Approve and manage the exchange of information between the system and other systems using [Selection (one or more): interconnection security agreements; information exchange security agreements; memoranda of understanding or agreement; service level agreements; user agreements; nondisclosure agreements; [Assignment: organization-defined type of agreement]];,NIST SP 800-53r5
CA-3-b,CA-3,Control,b.,"Document, as part of each exchange agreement, the interface characteristics, security and privacy requirements, controls, and responsibilities for each system, and the impact level of the information communicated; and",NIST SP 800-53r5
CA-3-c,CA-3,Control,c.,Review and update the agreements [Assignment: organization-defined frequency].,NIST SP 800-53r5
CA-3(7)-a,CA-3(7),ControlEnhancement,(a),Identify transitive (downstream) information exchanges with other systems through the systems identified in CA-3a; and,NIST SP 800-53r5
CA-3(7)-b,CA-3(7),ControlEnhancement,(b),Take measures to ensure that transitive (downstream) information exchanges cease when the controls on identified transitive (downstream) systems cannot be verified or validated.,NIST SP 800-53r5
CA-5-a,CA-5,Control,a.,Develop a plan of action and milestones for the system to document the planned remediation actions of the organization to correct weaknesses or deficiencies noted during the assessment of the controls and to reduce or eliminate known vulnerabilities in the system; and,NIST SP 800-53r5
CA-5-b,CA-5,Control,b.,"Update existing plan of action and milestones [Assignment: organization-defined frequency] based on the findings from control assessments, independent audits or reviews, and continuous monitoring activities.",NIST SP 800-53r5
CA-6-a,CA-6,Control,a.,Assign a senior official as the authorizing official for the system;,NIST SP 800-53r5
CA-6-b,CA-6,Control,b.,Assign a senior official as the authorizing official for common controls available for inheritance by organizational systems;,NIST SP 800-53r5
CA-6-c,CA-6,Control,c.,"Ensure that the authorizing official for the system, before commencing operations:",NIST SP 800-53r5
CA-6-c-1,CA-6-c,ControlItem,1.,Accepts the use of common controls inherited by the system; and,NIST SP 800-53r5
CA-6-c-2,CA-6-c,ControlItem,2.,Authorizes the system to operate;,NIST SP 800-53r5
CA-6-d,CA-6,Control,d.,Ensure that the authorizing official for common controls authorizes the use of those controls for inheritance by organizational systems;,NIST SP 800-53r5
CA-6-e,CA-6,Control,e.,Update the authorizations [Assignment: organization-defined frequency].,NIST SP 800-53r5
CA-7-a,CA-7,Control,a.,Establishing the following system-level metrics to be monitored: [Assignment: organization-defined system-level metrics];,NIST SP 800-53r5
CA-7-b,CA-7,Control,b.,Establishing [Assignment: organization-defined frequencies] for monitoring and [Assignment: organization-defined frequencies] for assessment of control effectiveness;,NIST SP 800-53r5
CA-7-c,CA-7,Control,c.,Ongoing control assessments in accordance with the continuous monitoring strategy;,NIST SP 800-53r5
CA-7-d,CA-7,Control,d.,Ongoing monitoring of system and organization-defined metrics in accordance with the continuous monitoring strategy;,NIST SP 800-53r5
CA-7-e,CA-7,Control,e.,Correlation and analysis of information generated by control assessments and monitoring;,NIST SP 800-53r5
CA-7-f,CA-7,Control,f.,Response actions to address results of the analysis of control assessment and monitoring information; and,NIST SP 800-53r5
CA-7-g,CA-7,Control,g.,Reporting the security and privacy status of the system to [Assignment: organization-defined personnel or roles] [Assignment: organization-defined frequency].,NIST SP 800-53r5
CA-7(4)-a,CA-7(4),ControlEnhancement,(a),Effectiveness monitoring;,NIST SP 800-53r5
CA-7(4)-b,CA-7(4),ControlEnhancement,(b),Compliance monitoring; and Change monitoring. (c),NIST SP 800-53r5
CA-9-a,CA-9,Control,a.,Authorize internal connections of [Assignment: organization-defined system components or classes of components] to the system;,NIST SP 800-53r5
CA-9-b,CA-9,Control,b.,"Document, for each internal connection, the interface characteristics, security and privacy requirements, and the nature of the information communicated;",NIST SP 800-53r5
CA-9-c,CA-9,Control,c.,Terminate internal system connections after [Assignment: organization-defined conditions]; and,NIST SP 800-53r5
CA-9-d,CA-9,Control,d.,Review [Assignment: organization-defined frequency] the continued need for each internal connection.,NIST SP 800-53r5
CM-1::a.,CM-1,Control,a.,"Develop, document, and disseminate to [Assignment: organization-defined personnel or roles]:",NIST.SP.800-53r5.pdf
CM-1::a.::1.,CM-1::a.,ControlItem,1.,[Selection (one or more): Organization-level; Mission/business process-level; System-level] configuration management policy that:,NIST.SP.800-53r5.pdf
CM-1::a.::1.::(a),CM-1::a.::1.,ControlItem,(a),"Addresses purpose, scope, roles, responsibilities, management commitment, coordination among organizational entities, and compliance; and",NIST.SP.800-53r5.pdf
CM-1::a.::1.::(b),CM-1::a.::1.,ControlItem,(b),"Is consistent with applicable laws, executive orders, directives, regulations, policies, standards, and guidelines; and",NIST.SP.800-53r5.pdf
CM-1::a.::2.,CM-1::a.,ControlItem,2.,Procedures to facilitate the implementation of the configuration management policy and the associated configuration management controls;,NIST.SP.800-53r5.pdf
CM-1::b.,CM-1,Control,b.,"Designate an [Assignment: organization-defined official] to manage the development, documentation, and dissemination of the configuration management policy and procedures; and",NIST.SP.800-53r5.pdf
CM-1::c.,CM-1,Control,c.,Review and update the current configuration management:,NIST.SP.800-53r5.pdf
CM-1::c.::1.,CM-1::c.,ControlItem,1.,Policy [Assignment: organization-defined frequency] and following [Assignment: organization-defined events]; and,NIST.SP.800-53r5.pdf
CM-1::c.::2.,CM-1::c.,ControlItem,2.,Procedures [Assignment: organization-defined frequency] and following [Assignment: organization-defined events].,NIST.SP.800-53r5.pdf
CM-2::a.,CM-2,Control,a.,"Develop, document, and maintain under configuration control, a current baseline configuration of the system; and",NIST.SP.800-53r5.pdf
CM-2::b.,CM-2,Control,b.,Review and update the baseline configuration of the system:,NIST.SP.800-53r5.pdf
CM-2::b.::1.,CM-2::b.,ControlItem,1.,[Assignment: organization-defined frequency];,NIST.SP.800-53r5.pdf
CM-2::b.::2.,CM-2::b.,ControlItem,2.,When required due to [Assignment: organization-defined circumstances]; and,NIST.SP.800-53r5.pdf
CM-2::b.::3.,CM-2::b.,ControlItem,3.,When system components are installed or upgraded.,NIST.SP.800-53r5.pdf
CM-2(7)::(a),CM-2(7),ControlEnhancement,(a),Issue [Assignment: organization-defined systems or system components] with [Assignment: organization-defined configurations] to individuals traveling to locations that the organization deems to be of significant risk; and,NIST.SP.800-53r5.pdf
CM-2(7)::(b),CM-2(7),ControlEnhancement,(b),Apply the following controls to the systems or components when the individuals return from travel: [Assignment: organization-defined controls].,NIST.SP.800-53r5.pdf
CM-3::a.,CM-3,Control,a.,Determine and document the types of changes to the system that are configuration-controlled;,NIST.SP.800-53r5.pdf
CM-3::b.,CM-3,Control,b.,Review proposed configuration-controlled changes to the system and approve or disapprove such changes with explicit consideration for security and privacy impact analyses;,NIST.SP.800-53r5.pdf
CM-3::c.,CM-3,Control,c.,Document configuration change decisions associated with the system;,NIST.SP.800-53r5.pdf
CM-3::d.,CM-3,Control,d.,Implement approved configuration-controlled changes to the system;,NIST.SP.800-53r5.pdf
CM-3::e.,CM-3,Control,e.,Retain records of configuration-controlled changes to the system for [Assignment: organization-defined time period];,NIST.SP.800-53r5.pdf
CM-3::f.,CM-3,Control,f.,Monitor and review activities associated with configuration-controlled changes to the system; and,NIST.SP.800-53r5.pdf
CM-3::g.,CM-3,Control,g.,Coordinate and provide oversight for configuration change control activities through [Assignment: organization-defined configuration change control element] that convenes [Selection (one or more): [Assignment: organization-defined frequency]; when [Assignment: organization-defined configuration change conditions]].,NIST.SP.800-53r5.pdf
CM-3(1)::(a),CM-3(1),ControlEnhancement,(a),Document proposed changes to the system;,NIST.SP.800-53r5.pdf
CM-3(1)::(b),CM-3(1),ControlEnhancement,(b),Notify [Assignment: organization-defined approval authorities] of proposed changes to the system and request change approval;,NIST.SP.800-53r5.pdf
CM-3(1)::(c),CM-3(1),ControlEnhancement,(c),Highlight proposed changes to the system that have not been approved or disapproved within [Assignment: organization-defined time period];,NIST.SP.800-53r5.pdf
CM-3(1)::(d),CM-3(1),ControlEnhancement,(d),Prohibit changes to the system until designated approvals are received;,NIST.SP.800-53r5.pdf
CM-3(1)::(e),CM-3(1),ControlEnhancement,(e),Document all changes to the system; and,NIST.SP.800-53r5.pdf
CM-3(1)::(f),CM-3(1),ControlEnhancement,(f),Notify [Assignment: organization-defined personnel] when approved changes to the system are completed.,NIST.SP.800-53r5.pdf
CM-5(1)::(a),CM-5(1),ControlEnhancement,(a),Enforce access restrictions using [Assignment: organization-defined automated mechanisms]; and,NIST.SP.800-53r5.pdf
CM-5(1)::(b),CM-5(1),ControlEnhancement,(b),Automatically generate audit records of the enforcement actions.,NIST.SP.800-53r5.pdf
CM-5(5)::(a),CM-5(5),ControlEnhancement,(a),Limit privileges to change system components and system-related information within a production or operational environment; and,NIST.SP.800-53r5.pdf
CM-5(5)::(b),CM-5(5),ControlEnhancement,(b),Review and reevaluate privileges [Assignment: organization-defined frequency].,NIST.SP.800-53r5.pdf
CM-6::a.,CM-6,Control,a.,Establish and document configuration settings for components employed within the system that reflect the most restrictive mode consistent with operational requirements using [Assignment: organization-defined common secure configurations];,NIST.SP.800-53r5.pdf
CM-6::b.,CM-6,Control,b.,Implement the configuration settings;,NIST.SP.800-53r5.pdf
CM-6::c.,CM-6,Control,c.,"Identify, document, and approve any deviations from established configuration settings for [Assignment: organization-defined system components] based on [Assignment: organization-defined operational requirements]; and",NIST.SP.800-53r5.pdf
CM-6::d.,CM-6,Control,d.,Monitor and control changes to the configuration settings in accordance with organizational policies and procedures.,NIST.SP.800-53r5.pdf
CM-7::a.,CM-7,Control,a.,Configure the system to provide only [Assignment: organization-defined mission essential capabilities]; and,NIST.SP.800-53r5.pdf
CM-7::b.,CM-7,Control,b.,"Prohibit or restrict the use of the following functions, ports, protocols, software, and/or services: [Assignment: organization-defined prohibited or restricted functions, system ports, protocols, software, and/or services].",NIST.SP.800-53r5.pdf
CM-7(1)::(a),CM-7(1),ControlEnhancement,(a),"Review the system [Assignment: organization-defined frequency] to identify unnecessary and/or nonsecure functions, ports, protocols, software, and services; and",NIST.SP.800-53r5.pdf
CM-7(1)::(b),CM-7(1),ControlEnhancement,(b),"Disable or remove [Assignment: organization-defined functions, ports, protocols, software, and services within the system deemed to be unnecessary and/or nonsecure].",NIST.SP.800-53r5.pdf
CM-7(4)::(a),CM-7(4),ControlEnhancement,(a),Identify [Assignment: organization-defined software programs not authorized to execute on the system];,NIST.SP.800-53r5.pdf
CM-7(4)::(b),CM-7(4),ControlEnhancement,(b),"Employ an allow-all, deny-by-exception policy to prohibit the execution of unauthorized software programs on the system; and",NIST.SP.800-53r5.pdf
CM-7(4)::(c),CM-7(4),ControlEnhancement,(c),Review and update the list of unauthorized software programs [Assignment: organization-defined frequency].,NIST.SP.800-53r5.pdf
CM-7(5)::(a),CM-7(5),ControlEnhancement,(a),Identify [Assignment: organization-defined software programs authorized to execute on the system];,NIST.SP.800-53r5.pdf
CM-7(5)::(b),CM-7(5),ControlEnhancement,(b),"Employ a deny-all, permit-by-exception policy to allow the execution of authorized software programs on the system; and",NIST.SP.800-53r5.pdf
CM-7(5)::(c),CM-7(5),ControlEnhancement,(c),Review and update the list of authorized software programs [Assignment: organization-defined frequency].,NIST.SP.800-53r5.pdf
CM-7(7)::(a),CM-7(7),ControlEnhancement,(a),Obtained from sources with limited or no warranty; and/or,NIST.SP.800-53r5.pdf
CM-7(7)::(b),CM-7(7),ControlEnhancement,(b),Without the provision of source code.,NIST.SP.800-53r5.pdf
CM-7(8)::(a),CM-7(8),ControlEnhancement,(a),Prohibit the use of binary or machine-executable code from sources with limited or no warranty or without the provision of source code; and,NIST.SP.800-53r5.pdf
CM-7(8)::(b),CM-7(8),ControlEnhancement,(b),Allow exceptions only for compelling mission or operational requirements and with the approval of the authorizing official.,NIST.SP.800-53r5.pdf
CM-7(9)::(a),CM-7(9),ControlEnhancement,(a),Identify [Assignment: organization-defined hardware components authorized for system use];,NIST.SP.800-53r5.pdf
CM-7(9)::(b),CM-7(9),ControlEnhancement,(b),Prohibit the use or connection of unauthorized hardware components;,NIST.SP.800-53r5.pdf
CM-7(9)::(c),CM-7(9),ControlEnhancement,(c),Review and update the list of authorized hardware components [Assignment: organization-defined frequency].,NIST.SP.800-53r5.pdf
CM-8::a.,CM-8,Control,a.,Develop and document an inventory of system components that:,NIST.SP.800-53r5.pdf
CM-8::a.::1.,CM-8::a.,ControlItem,1.,Accurately reflects the system;,NIST.SP.800-53r5.pdf
CM-8::a.::2.,CM-8::a.,ControlItem,2.,Includes all components within the system;,NIST.SP.800-53r5.pdf
CM-8::a.::3.,CM-8::a.,ControlItem,3.,Does not include duplicate accounting of components or components assigned to any other system;,NIST.SP.800-53r5.pdf
CM-8::a.::4.,CM-8::a.,ControlItem,4.,Is at the level of granularity deemed necessary for tracking and reporting; and,NIST.SP.800-53r5.pdf
CM-8::a.::5.,CM-8::a.,ControlItem,5.,Includes the following information to achieve system component accountability: [Assignment: organization-defined information deemed necessary to achieve effective system component accountability]; and,NIST.SP.800-53r5.pdf
CM-8::b.,CM-8,Control,b.,Review and update the system component inventory [Assignment: organization-defined frequency].,NIST.SP.800-53r5.pdf
CM-8(3)::(a),CM-8(3),ControlEnhancement,(a),"Detect the presence of unauthorized hardware, software, and firmware components within the system using [Assignment: organization-defined automated mechanisms] [Assignment: organization-defined frequency]; and",NIST.SP.800-53r5.pdf
CM-8(3)::(b),CM-8(3),ControlEnhancement,(b),Take the following actions when unauthorized components are detected: [Selection (one or more): disable network access by such components; isolate the components; notify [Assignment: organization-defined personnel or roles]].,NIST.SP.800-53r5.pdf
CM-8(9)::(a),CM-8(9),ControlEnhancement,(a),Assign system components to a system; and,NIST.SP.800-53r5.pdf
CM-8(9)::(b),CM-8(9),ControlEnhancement,(b),Receive an acknowledgement from [Assignment: organization-defined personnel or roles] of this assignment.,NIST.SP.800-53r5.pdf
CM-9::a.,CM-9,Control,a.,"Addresses roles, responsibilities, and configuration management processes and procedures;",NIST.SP.800-53r5.pdf
CM-9::b.,CM-9,Control,b.,Establishes a process for identifying configuration items throughout the system development life cycle and for managing the configuration of the configuration items;,NIST.SP.800-53r5.pdf
CM-9::c.,CM-9,Control,c.,Defines the configuration items for the system and places the configuration items under configuration management;,NIST.SP.800-53r5.pdf
CM-9::d.,CM-9,Control,d.,Is reviewed and approved by [Assignment: organization-defined personnel or roles]; and,NIST.SP.800-53r5.pdf
CM-9::e.,CM-9,Control,e.,Protects the configuration management plan from unauthorized disclosure and modification.,NIST.SP.800-53r5.pdf
CM-10::a.,CM-10,Control,a.,Use software and associated documentation in accordance with contract agreements and copyright laws;,NIST.SP.800-53r5.pdf
CM-10::b.,CM-10,Control,b.,Track the use of software and associated documentation protected by quantity licenses to control copying and distribution; and,NIST.SP.800-53r5.pdf
CM-10::c.,CM-10,Control,c.,"Control and document the use of peer-to-peer file sharing technology to ensure that this capability is not used for the unauthorized distribution, display, performance, or reproduction of copyrighted work.",NIST.SP.800-53r5.pdf
CM-11::a.,CM-11,Control,a.,Establish [Assignment: organization-defined policies] governing the installation of software by users;,NIST.SP.800-53r5.pdf
CM-11::b.,CM-11,Control,b.,Enforce software installation policies through the following methods: [Assignment: organization-defined methods]; and,NIST.SP.800-53r5.pdf
CM-11::c.,CM-11,Control,c.,Monitor policy compliance [Assignment: organization-defined frequency].,NIST.SP.800-53r5.pdf
CM-12::a.,CM-12,Control,a.,Identify and document the location of [Assignment: organization-defined information] and the specific system components on which the information is processed and stored;,NIST.SP.800-53r5.pdf
CM-12::b.,CM-12,Control,b.,Identify and document the users who have access to the system and system components where the information is processed and stored; and,NIST.SP.800-53r5.pdf
CM-12::c.,CM-12,Control,c.,"Document changes to the location (i.e., system or system components) where the information is processed and stored.",NIST.SP.800-53r5.pdf
CP-1::a.,CP-1,Control,a.,"Develop, document, and disseminate to [Assignment: organization-defined personnel or roles]:",NIST.SP.800-53r5.pdf
CP-1::a.::1.,CP-1::a.,ControlItem,1.,[Selection (one or more): Organization-level; Mission/business process-level; System-level] contingency planning policy that:,NIST.SP.800-53r5.pdf
CP-1::a.::1.::(a),CP-1::a.::1.,ControlItem,(a),"Addresses purpose, scope, roles, responsibilities, management commitment, coordination among organizational entities, and compliance; and",NIST.SP.800-53r5.pdf
CP-1::a.::1.::(b),CP-1::a.::1.,ControlItem,(b),"Is consistent with applicable laws, executive orders, directives, regulations, policies, standards, and guidelines; and",NIST.SP.800-53r5.pdf
CP-1::a.::2.,CP-1::a.,ControlItem,2.,Procedures to facilitate the implementation of the contingency planning policy and the associated contingency planning controls;,NIST.SP.800-53r5.pdf
CP-1::b.,CP-1,Control,b.,"Designate an [Assignment: organization-defined official] to manage the development, documentation, and dissemination of the contingency planning policy and procedures; and",NIST.SP.800-53r5.pdf
CP-1::c.,CP-1,Control,c.,Review and update the current contingency planning:,NIST.SP.800-53r5.pdf
CP-1::c.::1.,CP-1::c.,ControlItem,1.,Policy [Assignment: organization-defined frequency] and following [Assignment: organization-defined events]; and,NIST.SP.800-53r5.pdf
CP-1::c.::2.,CP-1::c.,ControlItem,2.,Procedures [Assignment: organization-defined frequency] and following [Assignment: organization-defined events].,NIST.SP.800-53r5.pdf
CP-2::a.,CP-2,Control,a.,Develop a contingency plan for the system that:,NIST.SP.800-53r5.pdf
CP-2::a.::1.,CP-2::a.,ControlItem,1.,Identifies essential mission and business functions and associated contingency requirements;,NIST.SP.800-53r5.pdf
CP-2::a.::2.,CP-2::a.,ControlItem,2.,"Provides recovery objectives, restoration priorities, and metrics;",NIST.SP.800-53r5.pdf
CP-2::a.::3.,CP-2::a.,ControlItem,3.,"Addresses contingency roles, responsibilities, assigned individuals with contact information;",NIST.SP.800-53r5.pdf
CP-2::a.::4.,CP-2::a.,ControlItem,4.,"Addresses maintaining essential mission and business functions despite a system disruption, compromise, or failure;",NIST.SP.800-53r5.pdf
CP-2::a.::5.,CP-2::a.,ControlItem,5.,"Addresses eventual, full system restoration without deterioration of the controls originally planned and implemented;",NIST.SP.800-53r5.pdf
CP-2::a.::6.,CP-2::a.,ControlItem,6.,Addresses the sharing of contingency information; and,NIST.SP.800-53r5.pdf
CP-2::a.::7.,CP-2::a.,ControlItem,7.,Is reviewed and approved by [Assignment: organization-defined personnel or roles];,NIST.SP.800-53r5.pdf
CP-2::b.,CP-2,Control,b.,Distribute copies of the contingency plan to [Assignment: organization-defined key contingency personnel (identified by name and/or by role) and organizational elements];,NIST.SP.800-53r5.pdf
CP-2::c.,CP-2,Control,c.,Coordinate contingency planning activities with incident handling activities;,NIST.SP.800-53r5.pdf
CP-2::d.,CP-2,Control,d.,Review the contingency plan for the system [Assignment: organization-defined frequency];,NIST.SP.800-53r5.pdf
CP-2::e.,CP-2,Control,e.,"Update the contingency plan to address changes to the organization, system, or environment of operation and problems encountered during contingency plan implementation, execution, or testing;",NIST.SP.800-53r5.pdf
CP-2::f.,CP-2,Control,f.,Communicate contingency plan changes to [Assignment: organization-defined key contingency personnel (identified by name and/or by role) and organizational elements];,NIST.SP.800-53r5.pdf
CP-2::g.,CP-2,Control,g.,"Incorporate lessons learned from contingency plan testing, training, or actual contingency activities into contingency testing and training; and",NIST.SP.800-53r5.pdf
CP-2::h.,CP-2,Control,h.,Protect the contingency plan from unauthorized disclosure and modification.,NIST.SP.800-53r5.pdf
CP-3::a.,CP-3,Control,a.,Provide contingency training to system users consistent with assigned roles and responsibilities:,NIST.SP.800-53r5.pdf
CP-3::a.::1.,CP-3::a.,ControlItem,1.,Within [Assignment: organization-defined time period] of assuming a contingency role or responsibility;,NIST.SP.800-53r5.pdf
CP-3::a.::2.,CP-3::a.,ControlItem,2.,When required by system changes; and,NIST.SP.800-53r5.pdf
CP-3::a.::3.,CP-3::a.,ControlItem,3.,[Assignment: organization-defined frequency] thereafter; and,NIST.SP.800-53r5.pdf
CP-3::b.,CP-3,Control,b.,Review and update contingency training content [Assignment: organization-defined frequency] and following [Assignment: organization-defined events].,NIST.SP.800-53r5.pdf
CP-4::a.,CP-4,Control,a.,Test the contingency plan for the system [Assignment: organization-defined frequency] using the following tests to determine the effectiveness of the plan and the readiness to execute the plan: [Assignment: organization-defined tests].,NIST.SP.800-53r5.pdf
CP-4::b.,CP-4,Control,b.,Review the contingency plan test results; and,NIST.SP.800-53r5.pdf
CP-4::c.,CP-4,Control,c.,"Initiate corrective actions, if needed.",NIST.SP.800-53r5.pdf
CP-4(2)::(a),CP-4(2),ControlEnhancement,(a),To familiarize contingency personnel with the facility and available resources; and,NIST.SP.800-53r5.pdf
CP-4(2)::(b),CP-4(2),ControlEnhancement,(b),To evaluate the capabilities of the alternate processing site to support contingency operations.,NIST.SP.800-53r5.pdf
CP-6::a.,CP-6,Control,a.,"Establish an alternate storage site, including necessary agreements to permit the storage and retrieval of system backup information; and",NIST.SP.800-53r5.pdf
CP-6::b.,CP-6,Control,b.,Ensure that the alternate storage site provides controls equivalent to that of the primary site.,NIST.SP.800-53r5.pdf
CP-7::a.,CP-7,Control,a.,"Establish an alternate processing site, including necessary agreements to permit the transfer and resumption of [Assignment: organization-defined system operations] for essential mission and business functions within [Assignment: organization-defined time period consistent with recovery time and recovery point objectives] when the primary processing capabilities are unavailable;",NIST.SP.800-53r5.pdf
CP-7::b.,CP-7,Control,b.,"Make available at the alternate processing site, the equipment and supplies required to transfer and resume operations or put contracts in place to support delivery to the site within the organization-defined time period for transfer and resumption; and",NIST.SP.800-53r5.pdf
CP-7::c.,CP-7,Control,c.,Provide controls at the alternate processing site that are equivalent to those at the primary site.,NIST.SP.800-53r5.pdf
CP-8(1)::(a),CP-8(1),ControlEnhancement,(a),Develop primary and alternate telecommunications service agreements that contain priority-of-service provisions in accordance with availability requirements (including recovery time objectives); and,NIST.SP.800-53r5.pdf
CP-8(1)::(b),CP-8(1),ControlEnhancement,(b),Request Telecommunications Service Priority for all telecommunications services used for national security emergency preparedness if the primary and/or alternate telecommunications services are provided by a common carrier.,NIST.SP.800-53r5.pdf
CP-8(4)::(a),CP-8(4),ControlEnhancement,(a),Require primary and alternate telecommunications service providers to have contingency plans;,NIST.SP.800-53r5.pdf
CP-8(4)::(b),CP-8(4),ControlEnhancement,(b),Review provider contingency plans to ensure that the plans meet organizational contingency requirements; and,NIST.SP.800-53r5.pdf
CP-8(4)::(c),CP-8(4),ControlEnhancement,(c),Obtain evidence of contingency testing and training by providers [Assignment: organization-defined frequency].,NIST.SP.800-53r5.pdf
CP-9::a.,CP-9,Control,a.,Conduct backups of user-level information contained in [Assignment: organization-defined system components] [Assignment: organization-defined frequency consistent with recovery time and recovery point objectives];,NIST.SP.800-53r5.pdf
CP-9::b.,CP-9,Control,b.,Conduct backups of system-level information contained in the system [Assignment: organization-defined frequency consistent with recovery time and recovery point objectives];,NIST.SP.800-53r5.pdf
CP-9::c.,CP-9,Control,c.,"Conduct backups of system documentation, including security- and privacy-related documentation [Assignment: organization-defined frequency consistent with recovery time and recovery point objectives]; and",NIST.SP.800-53r5.pdf
CP-9::d.,CP-9,Control,d.,"Protect the confidentiality, integrity, and availability of backup information.",NIST.SP.800-53r5.pdf
IA-1::a.,IA-1,Control,a.,"Develop, document, and disseminate to [Assignment: organization-defined personnel or roles]:",NIST.SP.800-53r5.pdf
IA-1::a.::1.,IA-1::a.,ControlItem,1.,[Selection (one or more): Organization-level; Mission/business process-level; System-level] identification and authentication policy that:,NIST.SP.800-53r5.pdf
IA-1::a.::1.::(a),IA-1::a.::1.,ControlItem,(a),"Addresses purpose, scope, roles, responsibilities, management commitment, coordination among organizational entities, and compliance; and",NIST.SP.800-53r5.pdf
IA-1::a.::1.::(b),IA-1::a.::1.,ControlItem,(b),"Is consistent with applicable laws, executive orders, directives, regulations, policies, standards, and guidelines; and",NIST.SP.800-53r5.pdf
IA-1::a.::2.,IA-1::a.,ControlItem,2.,Procedures to facilitate the implementation of the identification and authentication policy and the associated identification and authentication controls;,NIST.SP.800-53r5.pdf
IA-1::b.,IA-1,Control,b.,"Designate an [Assignment: organization-defined official] to manage the development, documentation, and dissemination of the identification and authentication policy and procedures; and",NIST.SP.800-53r5.pdf
IA-1::c.,IA-1,Control,c.,Review and update the current identification and authentication:,NIST.SP.800-53r5.pdf
IA-1::c.::1.,IA-1::c.,ControlItem,1.,Policy [Assignment: organization-defined frequency] and following [Assignment: organization-defined events]; and,NIST.SP.800-53r5.pdf
IA-1::c.::2.,IA-1::c.,ControlItem,2.,Procedures [Assignment: organization-defined frequency] and following [Assignment: organization-defined events].,NIST.SP.800-53r5.pdf
IA-2(6)::(a),IA-2(6),ControlEnhancement,(a),One of the factors is provided by a device separate from the system gaining access; and,NIST.SP.800-53r5.pdf
IA-2(6)::(b),IA-2(6),ControlEnhancement,(b),The device meets [Assignment: organization-defined strength of mechanism requirements].,NIST.SP.800-53r5.pdf
IA-3(3)::(a),IA-3(3),ControlEnhancement,(a),"Where addresses are allocated dynamically, standardize dynamic address allocation lease information and the lease duration assigned to devices in accordance with [Assignment: organization-defined lease information and lease duration]; and",NIST.SP.800-53r5.pdf
IA-3(3)::(b),IA-3(3),ControlEnhancement,(b),Audit lease information when assigned to a device.,NIST.SP.800-53r5.pdf
IA-4::a.,IA-4,Control,a.,"Receiving authorization from [Assignment: organization-defined personnel or roles] to assign an individual, group, role, service, or device identifier;",NIST.SP.800-53r5.pdf
IA-4::b.,IA-4,Control,b.,"Selecting an identifier that identifies an individual, group, role, service, or device;",NIST.SP.800-53r5.pdf
IA-4::c.,IA-4,Control,c.,"Assigning the identifier to the intended individual, group, role, service, or device; and",NIST.SP.800-53r5.pdf
IA-4::d.,IA-4,Control,d.,Preventing reuse of identifiers for [Assignment: organization-defined time period].,NIST.SP.800-53r5.pdf
IA-5::a.,IA-5,Control,a.,"Verifying, as part of the initial authenticator distribution, the identity of the individual, group, role, service, or device receiving the authenticator;",NIST.SP.800-53r5.pdf
IA-5::b.,IA-5,Control,b.,Establishing initial authenticator content for any authenticators issued by the organization;,NIST.SP.800-53r5.pdf
IA-5::c.,IA-5,Control,c.,Ensuring that authenticators have sufficient strength of mechanism for their intended use;,NIST.SP.800-53r5.pdf
IA-5::d.,IA-5,Control,d.,"Establishing and implementing administrative procedures for initial authenticator distribution, for lost or compromised or damaged authenticators, and for revoking authenticators;",NIST.SP.800-53r5.pdf
IA-5::e.,IA-5,Control,e.,Changing default authenticators prior to first use;,NIST.SP.800-53r5.pdf
IA-5::f.,IA-5,Control,f.,Changing or refreshing authenticators [Assignment: organization-defined time period by authenticator type] or when [Assignment: organization-defined events] occur;,NIST.SP.800-53r5.pdf
IA-5::g.,IA-5,Control,g.,Protecting authenticator content from unauthorized disclosure and modification;,NIST.SP.800-53r5.pdf
IA-5::h.,IA-5,Control,h.,"Requiring individuals to take, and having devices implement, specific controls to protect authenticators; and",NIST.SP.800-53r5.pdf
IA-5::i.,IA-5,Control,i.,Changing authenticators for group or role accounts when membership to those accounts changes.,NIST.SP.800-53r5.pdf
IA-5(1)::(a),IA-5(1),ControlEnhancement,(a),"Maintain a list of commonly-used, expected, or compromised passwords and update the list [Assignment: organization-defined frequency] and when organizational passwords are suspected to have been compromised directly or indirectly;",NIST.SP.800-53r5.pdf
IA-5(1)::(b),IA-5(1),ControlEnhancement,(b),"Verify, when users create or update passwords, that the passwords are not found on the list of commonly-used, expected, or compromised passwords in IA-5(1)(a);",NIST.SP.800-53r5.pdf
IA-5(1)::(c),IA-5(1),ControlEnhancement,(c),Transmit passwords only over cryptographically-protected channels;,NIST.SP.800-53r5.pdf
IA-5(1)::(d),IA-5(1),ControlEnhancement,(d),"Store passwords using an approved salted key derivation function, preferably using a keyed hash;",NIST.SP.800-53r5.pdf
IA-5(1)::(e),IA-5(1),ControlEnhancement,(e),Require immediate selection of a new password upon account recovery;,NIST.SP.800-53r5.pdf
IA-5(1)::(f),IA-5(1),ControlEnhancement,(f),"Allow user selection of long passwords and passphrases, including spaces and all printable characters;",NIST.SP.800-53r5.pdf
IA-5(1)::(g),IA-5(1),ControlEnhancement,(g),Employ automated tools to assist the user in selecting strong password authenticators; and,NIST.SP.800-53r5.pdf
IA-5(1)::(h),IA-5(1),ControlEnhancement,(h),Enforce the following composition and complexity rules: [Assignment: organization-defined composition and complexity rules].,NIST.SP.800-53r5.pdf
IA-5(2)::(a),IA-5(2),ControlEnhancement,(a),For public key-based authentication:,NIST.SP.800-53r5.pdf
IA-5(2)::(a)::(1),IA-5(2)::(a),ControlItem,(1),Enforce authorized access to the corresponding private key; and,NIST.SP.800-53r5.pdf
IA-5(2)::(a)::(2),IA-5(2)::(a),ControlItem,(2),Map the authenticated identity to the account of the individual or group; and,NIST.SP.800-53r5.pdf
IA-5(2)::(b),IA-5(2),ControlEnhancement,(b),When public key infrastructure (PKI) is used:,NIST.SP.800-53r5.pdf
IA-5(2)::(b)::(1),IA-5(2)::(b),ControlItem,(1),"Validate certificates by constructing and verifying a certification path to an accepted trust anchor, including checking certificate status information; and",NIST.SP.800-53r5.pdf
IA-5(2)::(b)::(2),IA-5(2)::(b),ControlItem,(2),Implement a local cache of revocation data to support path discovery and validation.,NIST.SP.800-53r5.pdf
IA-5(18)::(a),IA-5(18),ControlEnhancement,(a),Employ [Assignment: organization-defined password managers] to generate and manage passwords; and,NIST.SP.800-53r5.pdf
IA-5(18)::(b),IA-5(18),ControlEnhancement,(b),Protect the passwords using [Assignment: organization-defined controls].,NIST.SP.800-53r5.pdf
IA-8(2)::(a),IA-8(2),ControlEnhancement,(a),Accept only external authenticators that are NIST-compliant; and,NIST.SP.800-53r5.pdf
IA-8(2)::(b),IA-8(2),ControlEnhancement,(b),Document and maintain a list of accepted external authenticators.,NIST.SP.800-53r5.pdf
IA-12::a.,IA-12,Control,a.,Identity proof users that require accounts for logical access to systems based on appropriate identity assurance level requirements as specified in applicable standards and guidelines;,NIST.SP.800-53r5.pdf
IA-12::b.,IA-12,Control,b.,Resolve user identities to a unique individual; and,NIST.SP.800-53r5.pdf
IA-12::c.,IA-12,Control,c.,"Collect, validate, and verify identity evidence.",NIST.SP.800-53r5.pdf
IR-1::a.,IR-1,Control,a.,"Develop, document, and disseminate to [Assignment: organization-defined personnel or roles]:",NIST.SP.800-53r5.pdf
IR-1::a.::1.,IR-1::a.,ControlItem,1.,[Selection (one or more): Organization-level; Mission/business process-level; System-level] incident response policy that:,NIST.SP.800-53r5.pdf
IR-1::a.::1.::(a),IR-1::a.::1.,ControlItem,(a),"Addresses purpose, scope, roles, responsibilities, management commitment, coordination among organizational entities, and compliance; and",NIST.SP.800-53r5.pdf
IR-1::a.::1.::(b),IR-1::a.::1.,ControlItem,(b),"Is consistent with applicable laws, executive orders, directives, regulations, policies, standards, and guidelines; and",NIST.SP.800-53r5.pdf
IR-1::a.::2.,IR-1::a.,ControlItem,2.,Procedures to facilitate the implementation of the incident response policy and the associated incident response controls;,NIST.SP.800-53r5.pdf
IR-1::b.,IR-1,Control,b.,"Designate an [Assignment: organization-defined official] to manage the development, documentation, and dissemination of the incident response policy and procedures; and",NIST.SP.800-53r5.pdf
IR-1::c.,IR-1,Control,c.,Review and update the current incident response:,NIST.SP.800-53r5.pdf
IR-1::c.::1.,IR-1::c.,ControlItem,1.,Policy [Assignment: organization-defined frequency] and following [Assignment: organization-defined events]; and,NIST.SP.800-53r5.pdf
IR-1::c.::2.,IR-1::c.,ControlItem,2.,Procedures [Assignment: organization-defined frequency] and following [Assignment: organization-defined events].,NIST.SP.800-53r5.pdf
IR-2::a.,IR-2,Control,a.,Provide incident response training to system users consistent with assigned roles and responsibilities:,NIST.SP.800-53r5.pdf
IR-2::a.::1.,IR-2::a.,ControlItem,1.,Within [Assignment: organization-defined time period] of assuming an incident response role or responsibility or acquiring system access;,NIST.SP.800-53r5.pdf
IR-2::a.::2.,IR-2::a.,ControlItem,2.,When required by system changes; and,NIST.SP.800-53r5.pdf
IR-2::a.::3.,IR-2::a.,ControlItem,3.,[Assignment: organization-defined frequency] thereafter; and,NIST.SP.800-53r5.pdf
IR-2::b.,IR-2,Control,b.,Review and update incident response training content [Assignment: organization-defined frequency] and following [Assignment: organization-defined events].,NIST.SP.800-53r5.pdf
IR-3(3)::(a),IR-3(3),ControlEnhancement,(a),Determine the effectiveness of incident response processes;,NIST.SP.800-53r5.pdf
IR-3(3)::(b),IR-3(3),ControlEnhancement,(b),Continuously improve incident response processes; and,NIST.SP.800-53r5.pdf
IR-3(3)::(c),IR-3(3),ControlEnhancement,(c),"Provide incident response measures and metrics that are accurate, consistent, and in a reproducible format.",NIST.SP.800-53r5.pdf
IR-4::a.,IR-4,Control,a.,"Implement an incident handling capability for incidents that is consistent with the incident response plan and includes preparation, detection and analysis, containment, eradication, and recovery;",NIST.SP.800-53r5.pdf
IR-4::b.,IR-4,Control,b.,Coordinate incident handling activities with contingency planning activities;,NIST.SP.800-53r5.pdf
IR-4::c.,IR-4,Control,c.,"Incorporate lessons learned from ongoing incident handling activities into incident response procedures, training, and testing, and implement the resulting changes accordingly; and",NIST.SP.800-53r5.pdf
IR-4::d.,IR-4,Control,d.,"Ensure the rigor, intensity, scope, and results of incident handling activities are comparable and predictable across the organization.",NIST.SP.800-53r5.pdf
IR-4(15)::(a),IR-4(15),ControlEnhancement,(a),Manage public relations associated with an incident; and,NIST.SP.800-53r5.pdf
IR-4(15)::(b),IR-4(15),ControlEnhancement,(b),Employ measures to repair the reputation of the organization.,NIST.SP.800-53r5.pdf
IR-6::a.,IR-6,Control,a.,Require personnel to report suspected incidents to the organizational incident response capability within [Assignment: organization-defined time period]; and,NIST.SP.800-53r5.pdf
IR-6::b.,IR-6,Control,b.,Report incident information to [Assignment: organization-defined authorities].,NIST.SP.800-53r5.pdf
IR-7(2)::(a),IR-7(2),ControlEnhancement,(a),"Establish a direct, cooperative relationship between its incident response capability and external providers of system protection capability; and",NIST.SP.800-53r5.pdf
IR-7(2)::(b),IR-7(2),ControlEnhancement,(b),Identify organizational incident response team members to the external providers.,NIST.SP.800-53r5.pdf
IR-8::a.,IR-8,Control,a.,Develop an incident response plan that:,NIST.SP.800-53r5.pdf
IR-8::a.::1.,IR-8::a.,ControlItem,1.,Provides the organization with a roadmap for implementing its incident response capability;,NIST.SP.800-53r5.pdf
IR-8::a.::2.,IR-8::a.,ControlItem,2.,Describes the structure and organization of the incident response capability;,NIST.SP.800-53r5.pdf
IR-8::a.::3.,IR-8::a.,ControlItem,3.,Provides a high-level approach for how the incident response capability fits into the overall organization;,NIST.SP.800-53r5.pdf
IR-8::a.::4.,IR-8::a.,ControlItem,4.,"Meets the unique requirements of the organization, which relate to mission, size, structure, and functions;",NIST.SP.800-53r5.pdf
IR-8::a.::5.,IR-8::a.,ControlItem,5.,Defines reportable incidents;,NIST.SP.800-53r5.pdf
IR-8::a.::6.,IR-8::a.,ControlItem,6.,Provides metrics for measuring the incident response capability within the organization;,NIST.SP.800-53r5.pdf
IR-8::a.::7.,IR-8::a.,ControlItem,7.,Defines the resources and management support needed to effectively maintain and mature an incident response capability;,NIST.SP.800-53r5.pdf
IR-8::a.::8.,IR-8::a.,ControlItem,8.,Addresses the sharing of incident information;,NIST.SP.800-53r5.pdf
IR-8::a.::9.,IR-8::a.,ControlItem,9.,Is reviewed and approved by [Assignment: organization-defined personnel or roles] [Assignment: organization-defined frequency]; and,NIST.SP.800-53r5.pdf
IR-8::a.::10.,IR-8::a.,ControlItem,10.,"Explicitly designates responsibility for incident response to [Assignment: organization-defined entities, personnel, or roles].",NIST.SP.800-53r5.pdf
IR-8::b.,IR-8,Control,b.,Distribute copies of the incident response plan to [Assignment: organization-defined incident response personnel (identified by name and/or by role) and organizational elements];,NIST.SP.800-53r5.pdf
IR-8::c.,IR-8,Control,c.,"Update the incident response plan to address system and organizational changes or problems encountered during plan implementation, execution, or testing;",NIST.SP.800-53r5.pdf
IR-8::d.,IR-8,Control,d.,Communicate incident response plan changes to [Assignment: organization-defined incident response personnel (identified by name and/or by role) and organizational elements]; and,NIST.SP.800-53r5.pdf
IR-8::e.,IR-8,Control,e.,Protect the incident response plan from unauthorized disclosure and modification.,NIST.SP.800-53r5.pdf
IR-8(1)::(a),IR-8(1),ControlEnhancement,(a),"A process to determine if notice to individuals or other organizations, including oversight organizations, is needed;",NIST.SP.800-53r5.pdf
IR-8(1)::(b),IR-8(1),ControlEnhancement,(b),"An assessment process to determine the extent of the harm, embarrassment, inconvenience, or unfairness to affected individuals and any mechanisms to mitigate such harms; and",NIST.SP.800-53r5.pdf
IR-8(1)::(c),IR-8(1),ControlEnhancement,(c),Identification of applicable privacy requirements.,NIST.SP.800-53r5.pdf
IR-9::a.,IR-9,Control,a.,Assigning [Assignment: organization-defined personnel or roles] with responsibility for responding to information spills;,NIST.SP.800-53r5.pdf
IR-9::b.,IR-9,Control,b.,Identifying the specific information involved in the system contamination;,NIST.SP.800-53r5.pdf
IR-9::c.,IR-9,Control,c.,Alerting [Assignment: organization-defined personnel or roles] of the information spill using a method of communication not associated with the spill;,NIST.SP.800-53r5.pdf
IR-9::d.,IR-9,Control,d.,Isolating the contaminated system or system component;,NIST.SP.800-53r5.pdf
IR-9::e.,IR-9,Control,e.,Eradicating the information from the contaminated system or component;,NIST.SP.800-53r5.pdf
IR-9::f.,IR-9,Control,f.,Identifying other systems or system components that may have been subsequently contaminated; and,NIST.SP.800-53r5.pdf
IR-9::g.,IR-9,Control,g.,Performing the following additional actions: [Assignment: organization-defined actions].,NIST.SP.800-53r5.pdf
MA-1-ITEM-a,MA-1,Control,a.,"Develop, document, and disseminate to [Assignment: organization-defined personnel or roles]:",NIST.SP.800-53r5.pdf
MA-1-ITEM-a1,MA-1,Control,a.1.,[Selection (one or more): Organization-level; Mission/business process-level; System-level] maintenance policy that:,NIST.SP.800-53r5.pdf
MA-1-ITEM-a1a,MA-1,Control,a.1.(a),"Addresses purpose, scope, roles, responsibilities, management commitment, coordination among organizational entities, and compliance; and",NIST.SP.800-53r5.pdf
MA-1-ITEM-a1b,MA-1,Control,a.1.(b),"Is consistent with applicable laws, executive orders, directives, regulations, policies, standards, and guidelines; and",NIST.SP.800-53r5.pdf
MA-1-ITEM-a2,MA-1,Control,a.2.,Procedures to facilitate the implementation of the maintenance policy and the associated maintenance controls;,NIST.SP.800-53r5.pdf
MA-1-ITEM-b,MA-1,Control,b.,"Designate an [Assignment: organization-defined official] to manage the development, documentation, and dissemination of the maintenance policy and procedures; and",NIST.SP.800-53r5.pdf
MA-1-ITEM-c,MA-1,Control,c.,Review and update the current maintenance:,NIST.SP.800-53r5.pdf
MA-1-ITEM-c1,MA-1,Control,c.1.,Policy [Assignment: organization-defined frequency] and following [Assignment: organization-defined events]; and,NIST.SP.800-53r5.pdf
MA-1-ITEM-c2,MA-1,Control,c.2.,Procedures [Assignment: organization-defined frequency] and following [Assignment: organization-defined events].,NIST.SP.800-53r5.pdf
MA-2-ITEM-a,MA-2,Control,a.,"Schedule, document, and review records of maintenance, repair, and replacement on system components in accordance with manufacturer or vendor specifications and/or organizational requirements;",NIST.SP.800-53r5.pdf
MA-2-ITEM-b,MA-2,Control,b.,"Approve and monitor all maintenance activities, whether performed on site or remotely and whether the system or system components are serviced on site or removed to another location;",NIST.SP.800-53r5.pdf
MA-2-ITEM-c,MA-2,Control,c.,"Require that [Assignment: organization-defined personnel or roles] explicitly approve the removal of the system or system components from organizational facilities for off-site maintenance, repair, or replacement;",NIST.SP.800-53r5.pdf
MA-2-ITEM-d,MA-2,Control,d.,"Sanitize equipment to remove the following information from associated media prior to removal from organizational facilities for off-site maintenance, repair, or replacement: [Assignment: organization-defined information];",NIST.SP.800-53r5.pdf
MA-2-ITEM-e,MA-2,Control,e.,"Check all potentially impacted controls to verify that the controls are still functioning properly following maintenance, repair, or replacement actions; and",NIST.SP.800-53r5.pdf
MA-2-ITEM-f,MA-2,Control,f.,Include the following information in organizational maintenance records: [Assignment: organization-defined information].,NIST.SP.800-53r5.pdf
MA-2(2)-ITEM-a,MA-2(2),ControlEnhancement,(a),"Schedule, conduct, and document maintenance, repair, and replacement actions for the system using [Assignment: organization-defined automated mechanisms]; and",NIST.SP.800-53r5.pdf
MA-2(2)-ITEM-b,MA-2(2),ControlEnhancement,(b),"Produce up-to date, accurate, and complete records of all maintenance, repair, and replacement actions requested, scheduled, in process, and completed.",NIST.SP.800-53r5.pdf
MA-3-ITEM-a,MA-3,Control,a.,"Approve, control, and monitor the use of system maintenance tools; and",NIST.SP.800-53r5.pdf
MA-3-ITEM-b,MA-3,Control,b.,Review previously approved system maintenance tools [Assignment: organization-defined frequency].,NIST.SP.800-53r5.pdf
MA-3(3)-ITEM-a,MA-3(3),ControlEnhancement,(a),Verifying that there is no organizational information contained on the equipment;,NIST.SP.800-53r5.pdf
MA-3(3)-ITEM-b,MA-3(3),ControlEnhancement,(b),Sanitizing or destroying the equipment;,NIST.SP.800-53r5.pdf
MA-3(3)-ITEM-c,MA-3(3),ControlEnhancement,(c),Retaining the equipment within the facility; or,NIST.SP.800-53r5.pdf
MA-3(3)-ITEM-d,MA-3(3),ControlEnhancement,(d),Obtaining an exemption from [Assignment: organization-defined personnel or roles] explicitly authorizing removal of the equipment from the facility.,NIST.SP.800-53r5.pdf
MA-4-ITEM-a,MA-4,Control,a.,Approve and monitor nonlocal maintenance and diagnostic activities;,NIST.SP.800-53r5.pdf
MA-4-ITEM-b,MA-4,Control,b.,Allow the use of nonlocal maintenance and diagnostic tools only as consistent with organizational policy and documented in the security plan for the system;,NIST.SP.800-53r5.pdf
MA-4-ITEM-c,MA-4,Control,c.,Employ strong authentication in the establishment of nonlocal maintenance and diagnostic sessions;,NIST.SP.800-53r5.pdf
MA-4-ITEM-d,MA-4,Control,d.,Maintain records for nonlocal maintenance and diagnostic activities; and,NIST.SP.800-53r5.pdf
MA-4-ITEM-e,MA-4,Control,e.,Terminate session and network connections when nonlocal maintenance is completed.,NIST.SP.800-53r5.pdf
MA-4(1)-ITEM-a,MA-4(1),ControlEnhancement,(a),Log [Assignment: organization-defined audit events] for nonlocal maintenance and diagnostic sessions; and,NIST.SP.800-53r5.pdf
MA-4(1)-ITEM-b,MA-4(1),ControlEnhancement,(b),Review the audit records of the maintenance and diagnostic sessions to detect anomalous behavior.,NIST.SP.800-53r5.pdf
MA-4(3)-ITEM-a,MA-4(3),ControlEnhancement,(a),Require that nonlocal maintenance and diagnostic services be performed from a system that implements a security capability comparable to the capability implemented on the system being serviced; or,NIST.SP.800-53r5.pdf
MA-4(3)-ITEM-b,MA-4(3),ControlEnhancement,(b),"Remove the component to be serviced from the system prior to nonlocal maintenance or diagnostic services; sanitize the component (for organizational information); and after the service is performed, inspect and sanitize the component (for potentially malicious software) before reconnecting the component to the system.",NIST.SP.800-53r5.pdf
MA-4(4)-ITEM-a,MA-4(4),ControlEnhancement,(a),Employing [Assignment: organization-defined authenticators that are replay resistant]; and,NIST.SP.800-53r5.pdf
MA-4(4)-ITEM-b,MA-4(4),ControlEnhancement,(b),Separating the maintenance sessions from other network sessions with the system by either:,NIST.SP.800-53r5.pdf
MA-4(4)-ITEM-b1,MA-4(4),ControlEnhancement,(b)(1),Physically separated communications paths; or,NIST.SP.800-53r5.pdf
MA-4(4)-ITEM-b2,MA-4(4),ControlEnhancement,(b)(2),Logically separated communications paths.,NIST.SP.800-53r5.pdf
MA-4(5)-ITEM-a,MA-4(5),ControlEnhancement,(a),Require the approval of each nonlocal maintenance session by [Assignment: organization-defined personnel or roles]; and,NIST.SP.800-53r5.pdf
MA-4(5)-ITEM-b,MA-4(5),ControlEnhancement,(b),Notify the following personnel or roles of the date and time of planned nonlocal maintenance: [Assignment: organization-defined personnel or roles].,NIST.SP.800-53r5.pdf
MA-5-ITEM-a,MA-5,Control,a.,Establish a process for maintenance personnel authorization and maintain a list of authorized maintenance organizations or personnel;,NIST.SP.800-53r5.pdf
MA-5-ITEM-b,MA-5,Control,b.,Verify that non-escorted personnel performing maintenance on the system possess the required access authorizations; and,NIST.SP.800-53r5.pdf
MA-5-ITEM-c,MA-5,Control,c.,Designate organizational personnel with required access authorizations and technical competence to supervise the maintenance activities of personnel who do not possess the required access authorizations.,NIST.SP.800-53r5.pdf
MA-5(1)-ITEM-a,MA-5(1),ControlEnhancement,(a),"Implement procedures for the use of maintenance personnel that lack appropriate security clearances or are not U.S. citizens, that include the following requirements:",NIST.SP.800-53r5.pdf
MA-5(1)-ITEM-a1,MA-5(1),ControlEnhancement,(a)(1),"Maintenance personnel who do not have needed access authorizations, clearances, or formal access approvals are escorted and supervised during the performance of maintenance and diagnostic activities on the system by approved organizational personnel who are fully cleared, have appropriate access authorizations, and are technically qualified; and",NIST.SP.800-53r5.pdf
MA-5(1)-ITEM-a2,MA-5(1),ControlEnhancement,(a)(2),"Prior to initiating maintenance or diagnostic activities by personnel who do not have needed access authorizations, clearances or formal access approvals, all volatile information storage components within the system are sanitized and all nonvolatile storage media are removed or physically disconnected from the system and secured; and",NIST.SP.800-53r5.pdf
MA-5(1)-ITEM-b,MA-5(1),ControlEnhancement,(b),"Develop and implement [Assignment: organization-defined alternate controls] in the event a system component cannot be sanitized, removed, or disconnected from the system.",NIST.SP.800-53r5.pdf
MA-5(4)-ITEM-a,MA-5(4),ControlEnhancement,(a),"Foreign nationals with appropriate security clearances are used to conduct maintenance and diagnostic activities on classified systems only when the systems are jointly owned and operated by the United States and foreign allied governments, or owned and operated solely by foreign allied governments; and",NIST.SP.800-53r5.pdf
MA-5(4)-ITEM-b,MA-5(4),ControlEnhancement,(b),"Approvals, consents, and detailed operational conditions regarding the use of foreign nationals to conduct maintenance and diagnostic activities on classified systems are fully documented within Memoranda of Agreements.",NIST.SP.800-53r5.pdf
MP-1-ITEM-a,MP-1,Control,a.,"Develop, document, and disseminate to [Assignment: organization-defined personnel or roles]:",NIST.SP.800-53r5.pdf
MP-1-ITEM-a1,MP-1,Control,a.1.,[Selection (one or more): Organization-level; Mission/business process-level; System-level] media protection policy that:,NIST.SP.800-53r5.pdf
MP-1-ITEM-a1a,MP-1,Control,a.1.(a),"Addresses purpose, scope, roles, responsibilities, management commitment, coordination among organizational entities, and compliance; and",NIST.SP.800-53r5.pdf
MP-1-ITEM-a1b,MP-1,Control,a.1.(b),"Is consistent with applicable laws, executive orders, directives, regulations, policies, standards, and guidelines; and",NIST.SP.800-53r5.pdf
MP-1-ITEM-a2,MP-1,Control,a.2.,Procedures to facilitate the implementation of the media protection policy and the associated media protection controls;,NIST.SP.800-53r5.pdf
MP-1-ITEM-b,MP-1,Control,b.,"Designate an [Assignment: organization-defined official] to manage the development, documentation, and dissemination of the media protection policy and procedures; and",NIST.SP.800-53r5.pdf
MP-1-ITEM-c,MP-1,Control,c.,Review and update the current media protection:,NIST.SP.800-53r5.pdf
MP-1-ITEM-c1,MP-1,Control,c.1.,Policy [Assignment: organization-defined frequency] and following [Assignment: organization-defined events]; and,NIST.SP.800-53r5.pdf
MP-1-ITEM-c2,MP-1,Control,c.2.,Procedures [Assignment: organization-defined frequency] and following [Assignment: organization-defined events].,NIST.SP.800-53r5.pdf
MP-3-ITEM-a,MP-3,Control,a.,"Mark system media indicating the distribution limitations, handling caveats, and applicable security markings (if any) of the information; and",NIST.SP.800-53r5.pdf
MP-3-ITEM-b,MP-3,Control,b.,Exempt [Assignment: organization-defined types of system media] from marking if the media remain within [Assignment: organization-defined controlled areas].,NIST.SP.800-53r5.pdf
MP-4-ITEM-a,MP-4,Control,a.,Physically control and securely store [Assignment: organization-defined types of digital and/or non-digital media] within [Assignment: organization-defined controlled areas]; and,NIST.SP.800-53r5.pdf
MP-4-ITEM-b,MP-4,Control,b.,"Protect system media types defined in MP-4a until the media are destroyed or sanitized using approved equipment, techniques, and procedures.",NIST.SP.800-53r5.pdf
MP-5-ITEM-a,MP-5,Control,a.,Protect and control [Assignment: organization-defined types of system media] during transport outside of controlled areas using [Assignment: organization-defined controls];,NIST.SP.800-53r5.pdf
MP-5-ITEM-b,MP-5,Control,b.,Maintain accountability for system media during transport outside of controlled areas;,NIST.SP.800-53r5.pdf
MP-5-ITEM-c,MP-5,Control,c.,Document activities associated with the transport of system media; and,NIST.SP.800-53r5.pdf
MP-5-ITEM-d,MP-5,Control,d.,Restrict the activities associated with the transport of system media to authorized personnel.,NIST.SP.800-53r5.pdf
MP-6-ITEM-a,MP-6,Control,a.,"Sanitize [Assignment: organization-defined system media] prior to disposal, release out of organizational control, or release for reuse using [Assignment: organization-defined sanitization techniques and procedures]; and",NIST.SP.800-53r5.pdf
MP-6-ITEM-b,MP-6,Control,b.,Employ sanitization mechanisms with the strength and integrity commensurate with the security category or classification of the information.,NIST.SP.800-53r5.pdf
MP-7-ITEM-a,MP-7,Control,a.,[Selection: Restrict; Prohibit] the use of [Assignment: organization-defined types of system media] on [Assignment: organization-defined systems or system components] using [Assignment: organization-defined controls]; and,NIST.SP.800-53r5.pdf
MP-7-ITEM-b,MP-7,Control,b.,Prohibit the use of portable storage devices in organizational systems when such devices have no identifiable owner.,NIST.SP.800-53r5.pdf
MP-8-ITEM-a,MP-8,Control,a.,Establish [Assignment: organization-defined system media downgrading process] that includes employing downgrading mechanisms with strength and integrity commensurate with the security category or classification of the information;,NIST.SP.800-53r5.pdf
MP-8-ITEM-b,MP-8,Control,b.,Verify that the system media downgrading process is commensurate with the security category and/or classification level of the information to be removed and the access authorizations of the potential recipients of the downgraded information;,NIST.SP.800-53r5.pdf
MP-8-ITEM-c,MP-8,Control,c.,Identify [Assignment: organization-defined system media requiring downgrading]; and,NIST.SP.800-53r5.pdf
MP-8-ITEM-d,MP-8,Control,d.,Downgrade the identified system media using the established process.,NIST.SP.800-53r5.pdf
PE-1-ITEM-a,PE-1,Control,a.,"Develop, document, and disseminate to [Assignment: organization-defined personnel or roles]:",NIST.SP.800-53r5.pdf
PE-1-ITEM-a1,PE-1,Control,a.1.,[Selection (one or more): Organization-level; Mission/business process-level; System-level] physical and environmental protection policy that:,NIST.SP.800-53r5.pdf
PE-1-ITEM-a1a,PE-1,Control,a.1.(a),"Addresses purpose, scope, roles, responsibilities, management commitment, coordination among organizational entities, and compliance; and",NIST.SP.800-53r5.pdf
PE-1-ITEM-a1b,PE-1,Control,a.1.(b),"Is consistent with applicable laws, executive orders, directives, regulations, policies, standards, and guidelines; and",NIST.SP.800-53r5.pdf
PE-1-ITEM-a2,PE-1,Control,a.2.,Procedures to facilitate the implementation of the physical and environmental protection policy and the associated physical and environmental protection controls;,NIST.SP.800-53r5.pdf
PE-1-ITEM-b,PE-1,Control,b.,"Designate an [Assignment: organization-defined official] to manage the development, documentation, and dissemination of the physical and environmental protection policy and procedures; and",NIST.SP.800-53r5.pdf
PE-1-ITEM-c,PE-1,Control,c.,Review and update the current physical and environmental protection:,NIST.SP.800-53r5.pdf
PE-1-ITEM-c1,PE-1,Control,c.1.,Policy [Assignment: organization-defined frequency] and following [Assignment: organization-defined events]; and,NIST.SP.800-53r5.pdf
PE-1-ITEM-c2,PE-1,Control,c.2.,Procedures [Assignment: organization-defined frequency] and following [Assignment: organization-defined events].,NIST.SP.800-53r5.pdf
PE-2-ITEM-a,PE-2,Control,a.,"Develop, approve, and maintain a list of individuals with authorized access to the facility where the system resides;",NIST.SP.800-53r5.pdf
PE-2-ITEM-b,PE-2,Control,b.,Issue authorization credentials for facility access;,NIST.SP.800-53r5.pdf
PE-2-ITEM-c,PE-2,Control,c.,Review the access list detailing authorized facility access by individuals [Assignment: organization-defined frequency]; and,NIST.SP.800-53r5.pdf
PE-2-ITEM-d,PE-2,Control,d.,Remove individuals from the facility access list when access is no longer required.,NIST.SP.800-53r5.pdf
PE-3-ITEM-a,PE-3,Control,a.,Enforce physical access authorizations at [Assignment: organization-defined entry and exit points to the facility where the system resides] by:,NIST.SP.800-53r5.pdf
PE-3-ITEM-a1,PE-3,Control,a.1.,Verifying individual access authorizations before granting access to the facility; and,NIST.SP.800-53r5.pdf
PE-3-ITEM-a2,PE-3,Control,a.2.,Controlling ingress and egress to the facility using [Selection (one or more): [Assignment: organization-defined physical access control systems or devices]; guards];,NIST.SP.800-53r5.pdf
PE-3-ITEM-b,PE-3,Control,b.,Maintain physical access audit logs for [Assignment: organization-defined entry or exit points];,NIST.SP.800-53r5.pdf
PE-3-ITEM-c,PE-3,Control,c.,Control access to areas within the facility designated as publicly accessible by implementing the following controls: [Assignment: organization-defined physical access controls];,NIST.SP.800-53r5.pdf
PE-3-ITEM-d,PE-3,Control,d.,Escort visitors and control visitor activity [Assignment: organization-defined circumstances requiring visitor escorts and control of visitor activity];,NIST.SP.800-53r5.pdf
PE-3-ITEM-e,PE-3,Control,e.,"Secure keys, combinations, and other physical access devices;",NIST.SP.800-53r5.pdf
PE-3-ITEM-f,PE-3,Control,f.,Inventory [Assignment: organization-defined physical access devices] every [Assignment: organization-defined frequency]; and,NIST.SP.800-53r5.pdf
PE-3-ITEM-g,PE-3,Control,g.,"Change combinations and keys [Assignment: organization-defined frequency] and/or when keys are lost, combinations are compromised, or when individuals possessing the keys or combinations are transferred or terminated.",NIST.SP.800-53r5.pdf
PE-6-ITEM-a,PE-6,Control,a.,Monitor physical access to the facility where the system resides to detect and respond to physical security incidents;,NIST.SP.800-53r5.pdf
PE-6-ITEM-b,PE-6,Control,b.,Review physical access logs [Assignment: organization-defined frequency] and upon occurrence of [Assignment: organization-defined events or potential indications of events]; and,NIST.SP.800-53r5.pdf
PE-6-ITEM-c,PE-6,Control,c.,Coordinate results of reviews and investigations with the organizational incident response capability.,NIST.SP.800-53r5.pdf
PE-6(3)-ITEM-a,PE-6(3),ControlEnhancement,(a),Employ video surveillance of [Assignment: organization-defined operational areas];,NIST.SP.800-53r5.pdf
PE-6(3)-ITEM-b,PE-6(3),ControlEnhancement,(b),Review video recordings [Assignment: organization-defined frequency]; and,NIST.SP.800-53r5.pdf
PE-6(3)-ITEM-c,PE-6(3),ControlEnhancement,(c),Retain video recordings for [Assignment: organization-defined time period].,NIST.SP.800-53r5.pdf
PE-8-ITEM-a,PE-8,Control,a.,Maintain visitor access records to the facility where the system resides for [Assignment: organization-defined time period];,NIST.SP.800-53r5.pdf
PE-8-ITEM-b,PE-8,Control,b.,Review visitor access records [Assignment: organization-defined frequency]; and,NIST.SP.800-53r5.pdf
PE-8-ITEM-c,PE-8,Control,c.,Report anomalies in visitor access records to [Assignment: organization-defined personnel].,NIST.SP.800-53r5.pdf
PE-10-ITEM-a,PE-10,Control,a.,Provide the capability of shutting off power to [Assignment: organization-defined system or individual system components] in emergency situations;,NIST.SP.800-53r5.pdf
PE-10-ITEM-b,PE-10,Control,b.,Place emergency shutoff switches or devices in [Assignment: organization-defined location by system or system component] to facilitate access for authorized personnel; and,NIST.SP.800-53r5.pdf
PE-10-ITEM-c,PE-10,Control,c.,Protect emergency power shutoff capability from unauthorized activation.,NIST.SP.800-53r5.pdf
PE-11(2)-ITEM-a,PE-11(2),ControlEnhancement,(a),Self-contained;,NIST.SP.800-53r5.pdf
PE-11(2)-ITEM-b,PE-11(2),ControlEnhancement,(b),Not reliant on external power generation; and,NIST.SP.800-53r5.pdf
PE-11(2)-ITEM-c,PE-11(2),ControlEnhancement,(c),Capable of maintaining [Selection: minimally required operational capability; full operational capability] in the event of an extended loss of the primary power source.,NIST.SP.800-53r5.pdf
PE-13(2)-ITEM-a,PE-13(2),ControlEnhancement,(a),Employ fire suppression systems that activate automatically and notify [Assignment: organization-defined personnel or roles] and [Assignment: organization-defined emergency responders]; and,NIST.SP.800-53r5.pdf
PE-13(2)-ITEM-b,PE-13(2),ControlEnhancement,(b),Employ an automatic fire suppression capability when the facility is not staffed on a continuous basis.,NIST.SP.800-53r5.pdf
PE-14-ITEM-a,PE-14,Control,a.,Maintain [Selection (one or more): temperature; humidity; pressure; radiation; [Assignment: organization-defined environmental control]] levels within the facility where the system resides at [Assignment: organization-defined acceptable levels]; and,NIST.SP.800-53r5.pdf
PE-14-ITEM-b,PE-14,Control,b.,Monitor environmental control levels [Assignment: organization-defined frequency].,NIST.SP.800-53r5.pdf
PE-16-ITEM-a,PE-16,Control,a.,Authorize and control [Assignment: organization-defined types of system components] entering and exiting the facility; and,NIST.SP.800-53r5.pdf
PE-16-ITEM-b,PE-16,Control,b.,Maintain records of the system components.,NIST.SP.800-53r5.pdf
PE-17-ITEM-a,PE-17,Control,a.,Determine and document the [Assignment: organization-defined alternate work sites] allowed for use by employees;,NIST.SP.800-53r5.pdf
PE-17-ITEM-b,PE-17,Control,b.,Employ the following controls at alternate work sites: [Assignment: organization-defined controls];,NIST.SP.800-53r5.pdf
PE-17-ITEM-c,PE-17,Control,c.,Assess the effectiveness of controls at alternate work sites; and,NIST.SP.800-53r5.pdf
PE-17-ITEM-d,PE-17,Control,d.,Provide a means for employees to communicate with information security and privacy personnel in case of incidents.,NIST.SP.800-53r5.pdf
PE-23-ITEM-a,PE-23,Control,a.,Plan the location or site of the facility where the system resides considering physical and environmental hazards; and,NIST.SP.800-53r5.pdf
PE-23-ITEM-b,PE-23,Control,b.,"For existing facilities, consider the physical and environmental hazards in the organizational risk management strategy.",NIST.SP.800-53r5.pdf
PL-1-ITEM-a,PL-1,Control,a.,"Develop, document, and disseminate to [Assignment: organization-defined personnel or roles]:",NIST.SP.800-53r5.pdf
PL-1-ITEM-a1,PL-1,Control,a.1.,[Selection (one or more): Organization-level; Mission/business process-level; System-level] planning policy that:,NIST.SP.800-53r5.pdf
PL-1-ITEM-a1a,PL-1,Control,a.1.(a),"Addresses purpose, scope, roles, responsibilities, management commitment, coordination among organizational entities, and compliance; and",NIST.SP.800-53r5.pdf
PL-1-ITEM-a1b,PL-1,Control,a.1.(b),"Is consistent with applicable laws, executive orders, directives, regulations, policies, standards, and guidelines; and",NIST.SP.800-53r5.pdf
PL-1-ITEM-a2,PL-1,Control,a.2.,Procedures to facilitate the implementation of the planning policy and the associated planning controls;,NIST.SP.800-53r5.pdf
PL-1-ITEM-b,PL-1,Control,b.,"Designate an [Assignment: organization-defined official] to manage the development, documentation, and dissemination of the planning policy and procedures; and",NIST.SP.800-53r5.pdf
PL-1-ITEM-c,PL-1,Control,c.,Review and update the current planning:,NIST.SP.800-53r5.pdf
PL-1-ITEM-c1,PL-1,Control,c.1.,Policy [Assignment: organization-defined frequency] and following [Assignment: organization-defined events]; and,NIST.SP.800-53r5.pdf
PL-1-ITEM-c2,PL-1,Control,c.2.,Procedures [Assignment: organization-defined frequency] and following [Assignment: organization-defined events].,NIST.SP.800-53r5.pdf
PL-2-ITEM-a,PL-2,Control,a.,Develop security and privacy plans for the system that:,NIST.SP.800-53r5.pdf
PL-2-ITEM-a1,PL-2,Control,a.1.,Are consistent with the organization’s enterprise architecture;,NIST.SP.800-53r5.pdf
PL-2-ITEM-a2,PL-2,Control,a.2.,Explicitly define the constituent system components;,NIST.SP.800-53r5.pdf
PL-2-ITEM-a3,PL-2,Control,a.3.,Describe the operational context of the system in terms of mission and business processes;,NIST.SP.800-53r5.pdf
PL-2-ITEM-a4,PL-2,Control,a.4.,Identify the individuals that fulfill system roles and responsibilities;,NIST.SP.800-53r5.pdf
PL-2-ITEM-a5,PL-2,Control,a.5.,"Identify the information types processed, stored, and transmitted by the system;",NIST.SP.800-53r5.pdf
PL-2-ITEM-a6,PL-2,Control,a.6.,"Provide the security categorization of the system, including supporting rationale;",NIST.SP.800-53r5.pdf
PL-2-ITEM-a7,PL-2,Control,a.7.,Describe any specific threats to the system that are of concern to the organization;,NIST.SP.800-53r5.pdf
PL-2-ITEM-a8,PL-2,Control,a.8.,Provide the results of a privacy risk assessment for systems processing personally identifiable information;,NIST.SP.800-53r5.pdf
PL-2-ITEM-a9,PL-2,Control,a.9.,Describe the operational environment for the system and any dependencies on or connections to other systems or system components;,NIST.SP.800-53r5.pdf
PL-2-ITEM-a10,PL-2,Control,a.10.,Provide an overview of the security and privacy requirements for the system;,NIST.SP.800-53r5.pdf
PL-2-ITEM-a11,PL-2,Control,a.11.,"Identify any relevant control baselines or overlays, if applicable;",NIST.SP.800-53r5.pdf
PL-2-ITEM-a12,PL-2,Control,a.12.,"Describe the controls in place or planned for meeting the security and privacy requirements, including a rationale for any tailoring decisions;",NIST.SP.800-53r5.pdf
PL-2-ITEM-a13,PL-2,Control,a.13.,Include risk determinations for security and privacy architecture and design decisions;,NIST.SP.800-53r5.pdf
PL-2-ITEM-a14,PL-2,Control,a.14.,Include security- and privacy-related activities affecting the system that require planning and coordination with [Assignment: organization-defined individuals or groups]; and,NIST.SP.800-53r5.pdf
PL-2-ITEM-a15,PL-2,Control,a.15.,Are reviewed and approved by the authorizing official or designated representative prior to plan implementation.,NIST.SP.800-53r5.pdf
PL-2-ITEM-b,PL-2,Control,b.,Distribute copies of the plans and communicate subsequent changes to the plans to [Assignment: organization-defined personnel or roles];,NIST.SP.800-53r5.pdf
PL-2-ITEM-c,PL-2,Control,c.,Review the plans [Assignment: organization-defined frequency];,NIST.SP.800-53r5.pdf
PL-2-ITEM-d,PL-2,Control,d.,Update the plans to address changes to the system and environment of operation or problems identified during plan implementation or control assessments; and,NIST.SP.800-53r5.pdf
PL-2-ITEM-e,PL-2,Control,e.,Protect the plans from unauthorized disclosure and modification.,NIST.SP.800-53r5.pdf
PL-4-ITEM-a,PL-4,Control,a.,"Establish and provide to individuals requiring access to the system, the rules that describe their responsibilities and expected behavior for information and system usage, security, and privacy;",NIST.SP.800-53r5.pdf
PL-4-ITEM-b,PL-4,Control,b.,"Receive a documented acknowledgment from such individuals, indicating that they have read, understand, and agree to abide by the rules of behavior, before authorizing access to information and the system;",NIST.SP.800-53r5.pdf
PL-4-ITEM-c,PL-4,Control,c.,Review and update the rules of behavior [Assignment: organization-defined frequency]; and,NIST.SP.800-53r5.pdf
PL-4-ITEM-d,PL-4,Control,d.,Require individuals who have acknowledged a previous version of the rules of behavior to read and re-acknowledge [Selection (one or more): [Assignment: organization-defined frequency]; when the rules are revised or updated].,NIST.SP.800-53r5.pdf
PL-4(1)-ITEM-a,PL-4(1),ControlEnhancement,(a),"Use of social media, social networking sites, and external sites/applications;",NIST.SP.800-53r5.pdf
PL-4(1)-ITEM-b,PL-4(1),ControlEnhancement,(b),Posting organizational information on public websites; and,NIST.SP.800-53r5.pdf
PL-4(1)-ITEM-c,PL-4(1),ControlEnhancement,(c),"Use of organization-provided identifiers (e.g., email addresses) and authentication secrets (e.g., passwords) for creating accounts on external sites/applications.",NIST.SP.800-53r5.pdf
PL-7-ITEM-a,PL-7,Control,a.,Develop a Concept of Operations (CONOPS) for the system describing how the organization intends to operate the system from the perspective of information security and privacy; and,NIST.SP.800-53r5.pdf
PL-7-ITEM-b,PL-7,Control,b.,Review and update the CONOPS [Assignment: organization-defined frequency].,NIST.SP.800-53r5.pdf
PL-8-ITEM-a,PL-8,Control,a.,Develop security and privacy architectures for the system that:,NIST.SP.800-53r5.pdf
PL-8-ITEM-a1,PL-8,Control,a.1.,"Describe the requirements and approach to be taken for protecting the confidentiality, integrity, and availability of organizational information;",NIST.SP.800-53r5.pdf
PL-8-ITEM-a2,PL-8,Control,a.2.,Describe the requirements and approach to be taken for processing personally identifiable information to minimize privacy risk to individuals;,NIST.SP.800-53r5.pdf
PL-8-ITEM-a3,PL-8,Control,a.3.,Describe how the architectures are integrated into and support the enterprise architecture; and,NIST.SP.800-53r5.pdf
PL-8-ITEM-a4,PL-8,Control,a.4.,"Describe any assumptions about, and dependencies on, external systems and services;",NIST.SP.800-53r5.pdf
PL-8-ITEM-b,PL-8,Control,b.,Review and update the architectures [Assignment: organization-defined frequency] to reflect changes in the enterprise architecture; and,NIST.SP.800-53r5.pdf
PL-8-ITEM-c,PL-8,Control,c.,"Reflect planned architecture changes in security and privacy plans, Concept of Operations (CONOPS), criticality analysis, organizational procedures, and procurements and acquisitions.",NIST.SP.800-53r5.pdf
PL-8(1)-ITEM-a,PL-8(1),ControlEnhancement,(a),Allocates [Assignment: organization-defined controls] to [Assignment: organization-defined locations and architectural layers]; and,NIST.SP.800-53r5.pdf
PL-8(1)-ITEM-b,PL-8(1),ControlEnhancement,(b),Ensures that the allocated controls operate in a coordinated and mutually reinforcing manner.,NIST.SP.800-53r5.pdf
PM-1-ITEM-a,PM-1,Control,a.,Develop and disseminate an organization-wide information security program plan that:,NIST SP 800-53r5 (KB 2/USA/NIST.SP.800-53r5.pdf)
PM-1-ITEM-a1,PM-1,Control,a.1.,Provides an overview of the requirements for the security program and a description of the security program management controls and common controls in place or planned for meeting those requirements;,NIST SP 800-53r5 (KB 2/USA/NIST.SP.800-53r5.pdf)
PM-1-ITEM-a2,PM-1,Control,a.2.,"Includes the identification and assignment of roles, responsibilities, management commitment, coordination among organizational entities, and compliance;",NIST SP 800-53r5 (KB 2/USA/NIST.SP.800-53r5.pdf)
PM-1-ITEM-a3,PM-1,Control,a.3.,Reflects the coordination among organizational entities responsible for information security; and,NIST SP 800-53r5 (KB 2/USA/NIST.SP.800-53r5.pdf)
PM-1-ITEM-a4,PM-1,Control,a.4.,"Is approved by a senior official with responsibility and accountability for the risk being incurred to organizational operations (including mission, functions, image, and reputation), organizational assets, individuals, other organizations, and the Nation;",NIST SP 800-53r5 (KB 2/USA/NIST.SP.800-53r5.pdf)
PM-1-ITEM-b,PM-1,Control,b.,Review and update the organization-wide information security program plan [Assignment: organization-defined frequency] and following [Assignment: organization-defined events]; and,NIST SP 800-53r5 (KB 2/USA/NIST.SP.800-53r5.pdf)
PM-1-ITEM-c,PM-1,Control,c.,Protect the information security program plan from unauthorized disclosure and modification.,NIST SP 800-53r5 (KB 2/USA/NIST.SP.800-53r5.pdf)
PM-3-ITEM-a,PM-3,Control,a.,Include the resources needed to implement the information security and privacy programs in capital planning and investment requests and document all exceptions to this requirement;,NIST SP 800-53r5 (KB 2/USA/NIST.SP.800-53r5.pdf)
PM-3-ITEM-b,PM-3,Control,b.,"Prepare documentation required for addressing information security and privacy programs in capital planning and investment requests in accordance with applicable laws, executive orders, directives, policies, regulations, standards; and",NIST SP 800-53r5 (KB 2/USA/NIST.SP.800-53r5.pdf)
PM-3-ITEM-c,PM-3,Control,c.,"Make available for expenditure, the planned information security and privacy resources.",NIST SP 800-53r5 (KB 2/USA/NIST.SP.800-53r5.pdf)
PM-4-ITEM-a,PM-4,Control,a.,"Implement a process to ensure that plans of action and milestones for the information security, privacy, and supply chain risk management programs and associated organizational systems:",NIST SP 800-53r5 (KB 2/USA/NIST.SP.800-53r5.pdf)
PM-4-ITEM-a1,PM-4,Control,a.1.,Are developed and maintained;,NIST SP 800-53r5 (KB 2/USA/NIST.SP.800-53r5.pdf)
PM-4-ITEM-a2,PM-4,Control,a.2.,"Document the remedial information security, privacy, and supply chain risk management actions to adequately respond to risk to organizational operations and assets, individuals, other organizations, and the Nation; and",NIST SP 800-53r5 (KB 2/USA/NIST.SP.800-53r5.pdf)
PM-4-ITEM-a3,PM-4,Control,a.3.,Are reported in accordance with established reporting requirements.,NIST SP 800-53r5 (KB 2/USA/NIST.SP.800-53r5.pdf)
PM-4-ITEM-b,PM-4,Control,b.,Review plans of action and milestones for consistency with the organizational risk management strategy and organization-wide priorities for risk response actions.,NIST SP 800-53r5 (KB 2/USA/NIST.SP.800-53r5.pdf)
PM-9-ITEM-a,PM-9,Control,a.,Develops a comprehensive strategy to manage:,NIST SP 800-53r5 (KB 2/USA/NIST.SP.800-53r5.pdf)
PM-9-ITEM-a1,PM-9,Control,a.1.,"Security risk to organizational operations and assets, individuals, other organizations, and the Nation associated with the operation and use of organizational systems; and",NIST SP 800-53r5 (KB 2/USA/NIST.SP.800-53r5.pdf)
PM-9-ITEM-a2,PM-9,Control,a.2.,Privacy risk to individuals resulting from the authorized processing of personally identifiable information;,NIST SP 800-53r5 (KB 2/USA/NIST.SP.800-53r5.pdf)
PM-9-ITEM-b,PM-9,Control,b.,Implement the risk management strategy consistently across the organization; and,NIST SP 800-53r5 (KB 2/USA/NIST.SP.800-53r5.pdf)
PM-9-ITEM-c,PM-9,Control,c.,"Review and update the risk management strategy [Assignment: organization-defined frequency] or as required, to address organizational changes.",NIST SP 800-53r5 (KB 2/USA/NIST.SP.800-53r5.pdf)
PM-10-ITEM-a,PM-10,Control,a.,Manage the security and privacy state of organizational systems and the environments in which those systems operate through authorization processes;,NIST SP 800-53r5 (KB 2/USA/NIST.SP.800-53r5.pdf)
PM-10-ITEM-b,PM-10,Control,b.,Designate individuals to fulfill specific roles and responsibilities within the organizational risk management process; and,NIST SP 800-53r5 (KB 2/USA/NIST.SP.800-53r5.pdf)
PM-10-ITEM-c,PM-10,Control,c.,Integrate the authorization processes into an organization-wide risk management program.,NIST SP 800-53r5 (KB 2/USA/NIST.SP.800-53r5.pdf)
PM-11-ITEM-a,PM-11,Control,a.,"Define organizational mission and business processes with consideration for information security and privacy and the resulting risk to organizational operations, organizational assets, individuals, other organizations, and the Nation; and",NIST SP 800-53r5 (KB 2/USA/NIST.SP.800-53r5.pdf)
PM-11-ITEM-b,PM-11,Control,b.,Determine information protection and personally identifiable information processing needs arising from the defined mission and business processes; and,NIST SP 800-53r5 (KB 2/USA/NIST.SP.800-53r5.pdf)
PM-11-ITEM-c,PM-11,Control,c.,Review and revise the mission and business processes [Assignment: organization-defined frequency].,NIST SP 800-53r5 (KB 2/USA/NIST.SP.800-53r5.pdf)
PM-14-ITEM-a,PM-14,Control,a.,"Implement a process for ensuring that organizational plans for conducting security and privacy testing, training, and monitoring activities associated with organizational systems:",NIST SP 800-53r5 (KB 2/USA/NIST.SP.800-53r5.pdf)
PM-14-ITEM-a1,PM-14,Control,a.1.,Are developed and maintained; and,NIST SP 800-53r5 (KB 2/USA/NIST.SP.800-53r5.pdf)
PM-14-ITEM-a2,PM-14,Control,a.2.,Continue to be executed; and,NIST SP 800-53r5 (KB 2/USA/NIST.SP.800-53r5.pdf)
PM-14-ITEM-b,PM-14,Control,b.,"Review testing, training, and monitoring plans for consistency with the organizational risk management strategy and organization-wide priorities for risk response actions.",NIST SP 800-53r5 (KB 2/USA/NIST.SP.800-53r5.pdf)
PM-15-ITEM-a,PM-15,Control,a.,To facilitate ongoing security and privacy education and training for organizational personnel;,NIST SP 800-53r5 (KB 2/USA/NIST.SP.800-53r5.pdf)
PM-15-ITEM-b,PM-15,Control,b.,"To maintain currency with recommended security and privacy practices, techniques, and technologies; and",NIST SP 800-53r5 (KB 2/USA/NIST.SP.800-53r5.pdf)
PM-15-ITEM-c,PM-15,Control,c.,"To share current security and privacy information, including threats, vulnerabilities, and incidents.",NIST SP 800-53r5 (KB 2/USA/NIST.SP.800-53r5.pdf)
PM-17-ITEM-a,PM-17,Control,a.,"Establish policy and procedures to ensure that requirements for the protection of controlled unclassified information that is processed, stored or transmitted on external systems, are implemented in accordance with applicable laws, executive orders, directives, policies, regulations, and standards; and",NIST SP 800-53r5 (KB 2/USA/NIST.SP.800-53r5.pdf)
PM-17-ITEM-b,PM-17,Control,b.,Review and update the policy and procedures [Assignment: organization-defined frequency].,NIST SP 800-53r5 (KB 2/USA/NIST.SP.800-53r5.pdf)
PM-18-ITEM-a,PM-18,Control,a.,"Develop and disseminate an organization-wide privacy program plan that provides an overview of the agency’s privacy program, and:",NIST SP 800-53r5 (KB 2/USA/NIST.SP.800-53r5.pdf)
PM-18-ITEM-a1,PM-18,Control,a.1.,Includes a description of the structure of the privacy program and the resources dedicated to the privacy program;,NIST SP 800-53r5 (KB 2/USA/NIST.SP.800-53r5.pdf)
PM-18-ITEM-a2,PM-18,Control,a.2.,Provides an overview of the requirements for the privacy program and a description of the privacy program management controls and common controls in place or planned for meeting those requirements;,NIST SP 800-53r5 (KB 2/USA/NIST.SP.800-53r5.pdf)
PM-18-ITEM-a3,PM-18,Control,a.3.,Includes the role of the senior agency official for privacy and the identification and assignment of roles of other privacy officials and staff and their responsibilities;,NIST SP 800-53r5 (KB 2/USA/NIST.SP.800-53r5.pdf)
PM-18-ITEM-a4,PM-18,Control,a.4.,"Describes management commitment, compliance, and the strategic goals and objectives of the privacy program;",NIST SP 800-53r5 (KB 2/USA/NIST.SP.800-53r5.pdf)
PM-18-ITEM-a5,PM-18,Control,a.5.,Reflects coordination among organizational entities responsible for the different aspects of privacy; and,NIST SP 800-53r5 (KB 2/USA/NIST.SP.800-53r5.pdf)
PM-18-ITEM-a6,PM-18,Control,a.6.,"Is approved by a senior official with responsibility and accountability for the privacy risk being incurred to organizational operations (including mission, functions, image, and reputation), organizational assets, individuals, other organizations, and the Nation; and",NIST SP 800-53r5 (KB 2/USA/NIST.SP.800-53r5.pdf)
PM-18-ITEM-b,PM-18,Control,b.,Update the plan [Assignment: organization-defined frequency] and to address changes in federal privacy laws and policy and organizational changes and problems identified during plan implementation or privacy control assessments.,NIST SP 800-53r5 (KB 2/USA/NIST.SP.800-53r5.pdf)
PM-20-ITEM-a,PM-20,Control,a.,Ensures that the public has access to information about organizational privacy activities and can communicate with its senior agency official for privacy;,NIST SP 800-53r5 (KB 2/USA/NIST.SP.800-53r5.pdf)
PM-20-ITEM-b,PM-20,Control,b.,Ensures that organizational privacy practices and reports are publicly available; and,NIST SP 800-53r5 (KB 2/USA/NIST.SP.800-53r5.pdf)
PM-20-ITEM-c,PM-20,Control,c.,Employs publicly facing email addresses and/or phone lines to enable the public to provide feedback and/or direct questions to privacy offices regarding privacy practices.,NIST SP 800-53r5 (KB 2/USA/NIST.SP.800-53r5.pdf)
PM-20(1)-ITEM-a,PM-20(1),ControlEnhancement,(a),Are written in plain language and organized in a way that is easy to understand and navigate;,NIST SP 800-53r5 (KB 2/USA/NIST.SP.800-53r5.pdf)
PM-20(1)-ITEM-b,PM-20(1),ControlEnhancement,(b),Provide information needed by the public to make an informed decision about whether and how to interact with the organization; and,NIST SP 800-53r5 (KB 2/USA/NIST.SP.800-53r5.pdf)
PM-20(1)-ITEM-c,PM-20(1),ControlEnhancement,(c),Are updated whenever the organization makes a substantive change to the practices it describes and includes a time/date stamp to inform the public of the date of the most recent changes.,NIST SP 800-53r5 (KB 2/USA/NIST.SP.800-53r5.pdf)
PM-21-ITEM-a,PM-21,Control,a.,"Develop and maintain an accurate accounting of disclosures of personally identifiable information, including:",NIST SP 800-53r5 (KB 2/USA/NIST.SP.800-53r5.pdf)
PM-21-ITEM-a1,PM-21,Control,a.1.,"Date, nature, and purpose of each disclosure; and",NIST SP 800-53r5 (KB 2/USA/NIST.SP.800-53r5.pdf)
PM-21-ITEM-a2,PM-21,Control,a.2.,"Name and address, or other contact information of the individual or organization to which the disclosure was made;",NIST SP 800-53r5 (KB 2/USA/NIST.SP.800-53r5.pdf)
PM-21-ITEM-b,PM-21,Control,b.,"Retain the accounting of disclosures for the length of the time the personally identifiable information is maintained or five years after the disclosure is made, whichever is longer; and",NIST SP 800-53r5 (KB 2/USA/NIST.SP.800-53r5.pdf)
PM-21-ITEM-c,PM-21,Control,c.,Make the accounting of disclosures available to the individual to whom the personally identifiable information relates upon request.,NIST SP 800-53r5 (KB 2/USA/NIST.SP.800-53r5.pdf)
PM-22-ITEM-a,PM-22,Control,a.,"Reviewing for the accuracy, relevance, timeliness, and completeness of personally identifiable information across the information life cycle;",NIST SP 800-53r5 (KB 2/USA/NIST.SP.800-53r5.pdf)
PM-22-ITEM-b,PM-22,Control,b.,Correcting or deleting inaccurate or outdated personally identifiable information;,NIST SP 800-53r5 (KB 2/USA/NIST.SP.800-53r5.pdf)
PM-22-ITEM-c,PM-22,Control,c.,Disseminating notice of corrected or deleted personally identifiable information to individuals or other appropriate entities; and,NIST SP 800-53r5 (KB 2/USA/NIST.SP.800-53r5.pdf)
PM-22-ITEM-d,PM-22,Control,d.,Appeals of adverse decisions on correction or deletion requests.,NIST SP 800-53r5 (KB 2/USA/NIST.SP.800-53r5.pdf)
PM-24-ITEM-a,PM-24,Control,a.,Review proposals to conduct or participate in a matching program; and,NIST SP 800-53r5 (KB 2/USA/NIST.SP.800-53r5.pdf)
PM-24-ITEM-b,PM-24,Control,b.,Conduct an annual review of all matching programs in which the agency has participated.,NIST SP 800-53r5 (KB 2/USA/NIST.SP.800-53r5.pdf)
PM-25-ITEM-a,PM-25,Control,a.,"Develop, document, and implement policies and procedures that address the use of personally identifiable information for internal testing, training, and research;",NIST SP 800-53r5 (KB 2/USA/NIST.SP.800-53r5.pdf)
PM-25-ITEM-b,PM-25,Control,b.,"Limit or minimize the amount of personally identifiable information used for internal testing, training, and research purposes;",NIST SP 800-53r5 (KB 2/USA/NIST.SP.800-53r5.pdf)
PM-25-ITEM-c,PM-25,Control,c.,"Authorize the use of personally identifiable information when such information is required for internal testing, training, and research; and",NIST SP 800-53r5 (KB 2/USA/NIST.SP.800-53r5.pdf)
PM-25-ITEM-d,PM-25,Control,d.,Review and update policies and procedures [Assignment: organization-defined frequency].,NIST SP 800-53r5 (KB 2/USA/NIST.SP.800-53r5.pdf)
PM-26-ITEM-a,PM-26,Control,a.,Mechanisms that are easy to use and readily accessible by the public;,NIST SP 800-53r5 (KB 2/USA/NIST.SP.800-53r5.pdf)
PM-26-ITEM-b,PM-26,Control,b.,All information necessary for successfully filing complaints;,NIST SP 800-53r5 (KB 2/USA/NIST.SP.800-53r5.pdf)
PM-26-ITEM-c,PM-26,Control,c.,Tracking mechanisms to ensure all complaints received are reviewed and addressed within [Assignment: organization-defined time period];,NIST SP 800-53r5 (KB 2/USA/NIST.SP.800-53r5.pdf)
PM-26-ITEM-d,PM-26,Control,d.,"Acknowledgement of receipt of complaints, concerns, or questions from individuals within [Assignment: organization-defined time period]; and",NIST SP 800-53r5 (KB 2/USA/NIST.SP.800-53r5.pdf)
PM-26-ITEM-e,PM-26,Control,e.,"Response to complaints, concerns, or questions from individuals within [Assignment: organization-defined time period].",NIST SP 800-53r5 (KB 2/USA/NIST.SP.800-53r5.pdf)
PM-27-ITEM-a,PM-27,Control,a.,Develop [Assignment: organization-defined privacy reports] and disseminate to:,NIST SP 800-53r5 (KB 2/USA/NIST.SP.800-53r5.pdf)
PM-27-ITEM-a1,PM-27,Control,a.1.,"[Assignment: organization-defined oversight bodies] to demonstrate accountability with statutory, regulatory, and policy privacy mandates; and",NIST SP 800-53r5 (KB 2/USA/NIST.SP.800-53r5.pdf)
PM-27-ITEM-a2,PM-27,Control,a.2.,[Assignment: organization-defined officials] and other personnel with responsibility for monitoring privacy program compliance; and,NIST SP 800-53r5 (KB 2/USA/NIST.SP.800-53r5.pdf)
PM-27-ITEM-b,PM-27,Control,b.,Review and update privacy reports [Assignment: organization-defined frequency].,NIST SP 800-53r5 (KB 2/USA/NIST.SP.800-53r5.pdf)
PM-28-ITEM-a,PM-28,Control,a.,Identify and document:,NIST SP 800-53r5 (KB 2/USA/NIST.SP.800-53r5.pdf)
PM-28-ITEM-a1,PM-28,Control,a.1.,"Assumptions affecting risk assessments, risk responses, and risk monitoring;",NIST SP 800-53r5 (KB 2/USA/NIST.SP.800-53r5.pdf)
PM-28-ITEM-a2,PM-28,Control,a.2.,"Constraints affecting risk assessments, risk responses, and risk monitoring;",NIST SP 800-53r5 (KB 2/USA/NIST.SP.800-53r5.pdf)
PM-28-ITEM-a3,PM-28,Control,a.3.,Priorities and trade-offs considered by the organization for managing risk; and,NIST SP 800-53r5 (KB 2/USA/NIST.SP.800-53r5.pdf)
PM-28-ITEM-a4,PM-28,Control,a.4.,Organizational risk tolerance;,NIST SP 800-53r5 (KB 2/USA/NIST.SP.800-53r5.pdf)
PM-28-ITEM-b,PM-28,Control,b.,Distribute the results of risk framing activities to [Assignment: organization-defined personnel]; and,NIST SP 800-53r5 (KB 2/USA/NIST.SP.800-53r5.pdf)
PM-28-ITEM-c,PM-28,Control,c.,Review and update risk framing considerations [Assignment: organization-defined frequency].,NIST SP 800-53r5 (KB 2/USA/NIST.SP.800-53r5.pdf)
PM-29-ITEM-a,PM-29,Control,a.,"Appoint a Senior Accountable Official for Risk Management to align organizational information security and privacy management processes with strategic, operational, and budgetary planning processes; and",NIST SP 800-53r5 (KB 2/USA/NIST.SP.800-53r5.pdf)
PM-29-ITEM-b,PM-29,Control,b.,Establish a Risk Executive (function) to view and analyze risk from an organization-wide perspective and ensure management of risk is consistent across the organization.,NIST SP 800-53r5 (KB 2/USA/NIST.SP.800-53r5.pdf)
PM-30-ITEM-a,PM-30,Control,a.,"Develop an organization-wide strategy for managing supply chain risks associated with the development, acquisition, maintenance, and disposal of systems, system components, and system services;",NIST SP 800-53r5 (KB 2/USA/NIST.SP.800-53r5.pdf)
PM-30-ITEM-b,PM-30,Control,b.,Implement the supply chain risk management strategy consistently across the organization; and,NIST SP 800-53r5 (KB 2/USA/NIST.SP.800-53r5.pdf)
PM-30-ITEM-c,PM-30,Control,c.,"Review and update the supply chain risk management strategy on [Assignment: organization-defined frequency] or as required, to address organizational changes.",NIST SP 800-53r5 (KB 2/USA/NIST.SP.800-53r5.pdf)
PM-31-ITEM-a,PM-31,Control,a.,Establishing the following organization-wide metrics to be monitored: [Assignment: organization-defined metrics];,NIST SP 800-53r5 (KB 2/USA/NIST.SP.800-53r5.pdf)
PM-31-ITEM-b,PM-31,Control,b.,Establishing [Assignment: organization-defined frequencies] for monitoring and [Assignment: organization-defined frequencies] for assessment of control effectiveness;,NIST SP 800-53r5 (KB 2/USA/NIST.SP.800-53r5.pdf)
PM-31-ITEM-c,PM-31,Control,c.,Ongoing monitoring of organizationally-defined metrics in accordance with the continuous monitoring strategy;,NIST SP 800-53r5 (KB 2/USA/NIST.SP.800-53r5.pdf)
PM-31-ITEM-d,PM-31,Control,d.,Correlation and analysis of information generated by control assessments and monitoring;,NIST SP 800-53r5 (KB 2/USA/NIST.SP.800-53r5.pdf)
PM-31-ITEM-e,PM-31,Control,e.,Response actions to address results of the analysis of control assessment and monitoring information; and,NIST SP 800-53r5 (KB 2/USA/NIST.SP.800-53r5.pdf)
PM-31-ITEM-f,PM-31,Control,f.,Reporting the security and privacy status of organizational systems to [Assignment: organization-defined personnel or roles] [Assignment: organization-defined frequency].,NIST SP 800-53r5 (KB 2/USA/NIST.SP.800-53r5.pdf)
PS-1-ITEM-a,PS-1,Control,a.,"Develop, document, and disseminate to [Assignment: organization-defined personnel or roles]:",NIST SP 800-53r5 (KB 2/USA/NIST.SP.800-53r5.pdf)
PS-1-ITEM-a1,PS-1,Control,a.1.,[Selection (one or more): Organization-level; Mission/business process-level; System- level] personnel security policy that:,NIST SP 800-53r5 (KB 2/USA/NIST.SP.800-53r5.pdf)
PS-1-ITEM-a1a,PS-1,Control,a.1.(a),"Addresses purpose, scope, roles, responsibilities, management commitment, coordination among organizational entities, and compliance; and",NIST SP 800-53r5 (KB 2/USA/NIST.SP.800-53r5.pdf)
PS-1-ITEM-a1b,PS-1,Control,a.1.(b),"Is consistent with applicable laws, executive orders, directives, regulations, policies, standards, and guidelines; and",NIST SP 800-53r5 (KB 2/USA/NIST.SP.800-53r5.pdf)
PS-1-ITEM-a2,PS-1,Control,a.2.,Procedures to facilitate the implementation of the personnel security policy and the associated personnel security controls;,NIST SP 800-53r5 (KB 2/USA/NIST.SP.800-53r5.pdf)
PS-1-ITEM-b,PS-1,Control,b.,"Designate an [Assignment: organization-defined official] to manage the development, documentation, and dissemination of the personnel security policy and procedures; and",NIST SP 800-53r5 (KB 2/USA/NIST.SP.800-53r5.pdf)
PS-1-ITEM-c,PS-1,Control,c.,Review and update the current personnel security:,NIST SP 800-53r5 (KB 2/USA/NIST.SP.800-53r5.pdf)
PS-1-ITEM-c1,PS-1,Control,c.1.,Policy [Assignment: organization-defined frequency] and following [Assignment: organization-defined events]; and,NIST SP 800-53r5 (KB 2/USA/NIST.SP.800-53r5.pdf)
PS-1-ITEM-c2,PS-1,Control,c.2.,Procedures [Assignment: organization-defined frequency] and following [Assignment: organization-defined events].,NIST SP 800-53r5 (KB 2/USA/NIST.SP.800-53r5.pdf)
PS-2-ITEM-a,PS-2,Control,a.,Assign a risk designation to all organizational positions;,NIST SP 800-53r5 (KB 2/USA/NIST.SP.800-53r5.pdf)
PS-2-ITEM-b,PS-2,Control,b.,Establish screening criteria for individuals filling those positions; and,NIST SP 800-53r5 (KB 2/USA/NIST.SP.800-53r5.pdf)
PS-2-ITEM-c,PS-2,Control,c.,Review and update position risk designations [Assignment: organization-defined frequency].,NIST SP 800-53r5 (KB 2/USA/NIST.SP.800-53r5.pdf)
PS-3-ITEM-a,PS-3,Control,a.,Screen individuals prior to authorizing access to the system; and,NIST SP 800-53r5 (KB 2/USA/NIST.SP.800-53r5.pdf)
PS-3-ITEM-b,PS-3,Control,b.,"Rescreen individuals in accordance with [Assignment: organization-defined conditions requiring rescreening and, where rescreening is so indicated, the frequency of rescreening].",NIST SP 800-53r5 (KB 2/USA/NIST.SP.800-53r5.pdf)
PS-3(3)-ITEM-a,PS-3(3),ControlEnhancement,(a),Have valid access authorizations that are demonstrated by assigned official government duties; and,NIST SP 800-53r5 (KB 2/USA/NIST.SP.800-53r5.pdf)
PS-3(3)-ITEM-b,PS-3(3),ControlEnhancement,(b),Satisfy [Assignment: organization-defined additional personnel screening criteria].,NIST SP 800-53r5 (KB 2/USA/NIST.SP.800-53r5.pdf)
PS-4-ITEM-a,PS-4,Control,a.,Disable system access within [Assignment: organization-defined time period];,NIST SP 800-53r5 (KB 2/USA/NIST.SP.800-53r5.pdf)
PS-4-ITEM-b,PS-4,Control,b.,Terminate or revoke any authenticators and credentials associated with the individual;,NIST SP 800-53r5 (KB 2/USA/NIST.SP.800-53r5.pdf)
PS-4-ITEM-c,PS-4,Control,c.,Conduct exit interviews that include a discussion of [Assignment: organization-defined information security topics];,NIST SP 800-53r5 (KB 2/USA/NIST.SP.800-53r5.pdf)
PS-4-ITEM-d,PS-4,Control,d.,Retrieve all security-related organizational system-related property; and,NIST SP 800-53r5 (KB 2/USA/NIST.SP.800-53r5.pdf)
PS-4-ITEM-e,PS-4,Control,e.,Retain access to organizational information and systems formerly controlled by terminated individual.,NIST SP 800-53r5 (KB 2/USA/NIST.SP.800-53r5.pdf)
PS-4(1)-ITEM-a,PS-4(1),ControlEnhancement,(a),"Notify terminated individuals of applicable, legally binding post-employment requirements for the protection of organizational information; and",NIST SP 800-53r5 (KB 2/USA/NIST.SP.800-53r5.pdf)
PS-4(1)-ITEM-b,PS-4(1),ControlEnhancement,(b),Require terminated individuals to sign an acknowledgment of post-employment requirements as part of the organizational termination process.,NIST SP 800-53r5 (KB 2/USA/NIST.SP.800-53r5.pdf)
PS-5-ITEM-a,PS-5,Control,a.,Review and confirm ongoing operational need for current logical and physical access authorizations to systems and facilities when individuals are reassigned or transferred to other positions within the organization;,NIST SP 800-53r5 (KB 2/USA/NIST.SP.800-53r5.pdf)
PS-5-ITEM-b,PS-5,Control,b.,Initiate [Assignment: organization-defined transfer or reassignment actions] within [Assignment: organization-defined time period following the formal transfer action];,NIST SP 800-53r5 (KB 2/USA/NIST.SP.800-53r5.pdf)
PS-5-ITEM-c,PS-5,Control,c.,Modify access authorization as needed to correspond with any changes in operational need due to reassignment or transfer; and,NIST SP 800-53r5 (KB 2/USA/NIST.SP.800-53r5.pdf)
PS-5-ITEM-d,PS-5,Control,d.,Notify [Assignment: organization-defined personnel or roles] within [Assignment: organization-defined time period].,NIST SP 800-53r5 (KB 2/USA/NIST.SP.800-53r5.pdf)
PS-6-ITEM-a,PS-6,Control,a.,Develop and document access agreements for organizational systems;,NIST SP 800-53r5 (KB 2/USA/NIST.SP.800-53r5.pdf)
PS-6-ITEM-b,PS-6,Control,b.,Review and update the access agreements [Assignment: organization-defined frequency]; and,NIST SP 800-53r5 (KB 2/USA/NIST.SP.800-53r5.pdf)
PS-6-ITEM-c,PS-6,Control,c.,Verify that individuals requiring access to organizational information and systems:,NIST SP 800-53r5 (KB 2/USA/NIST.SP.800-53r5.pdf)
PS-6-ITEM-c1,PS-6,Control,c.1.,Sign appropriate access agreements prior to being granted access; and,NIST SP 800-53r5 (KB 2/USA/NIST.SP.800-53r5.pdf)
PS-6-ITEM-c2,PS-6,Control,c.2.,Re-sign access agreements to maintain access to organizational systems when access agreements have been updated or [Assignment: organization-defined frequency].,NIST SP 800-53r5 (KB 2/USA/NIST.SP.800-53r5.pdf)
PS-6(2)-ITEM-a,PS-6(2),ControlEnhancement,(a),Have a valid access authorization that is demonstrated by assigned official government duties;,NIST SP 800-53r5 (KB 2/USA/NIST.SP.800-53r5.pdf)
PS-6(2)-ITEM-b,PS-6(2),ControlEnhancement,(b),Satisfy associated personnel security criteria; and,NIST SP 800-53r5 (KB 2/USA/NIST.SP.800-53r5.pdf)
PS-6(2)-ITEM-c,PS-6(2),ControlEnhancement,(c),"Have read, understood, and signed a nondisclosure agreement.",NIST SP 800-53r5 (KB 2/USA/NIST.SP.800-53r5.pdf)
PS-6(3)-ITEM-a,PS-6(3),ControlEnhancement,(a),"Notify individuals of applicable, legally binding post-employment requirements for protection of organizational information; and",NIST SP 800-53r5 (KB 2/USA/NIST.SP.800-53r5.pdf)
PS-6(3)-ITEM-b,PS-6(3),ControlEnhancement,(b),"Require individuals to sign an acknowledgment of these requirements, if applicable, as part of granting initial access to covered information.",NIST SP 800-53r5 (KB 2/USA/NIST.SP.800-53r5.pdf)
PS-7-ITEM-a,PS-7,Control,a.,"Establish personnel security requirements, including security roles and responsibilities for external providers;",NIST SP 800-53r5 (KB 2/USA/NIST.SP.800-53r5.pdf)
PS-7-ITEM-b,PS-7,Control,b.,Require external providers to comply with personnel security policies and procedures established by the organization;,NIST SP 800-53r5 (KB 2/USA/NIST.SP.800-53r5.pdf)
PS-7-ITEM-c,PS-7,Control,c.,Document personnel security requirements;,NIST SP 800-53r5 (KB 2/USA/NIST.SP.800-53r5.pdf)
PS-7-ITEM-d,PS-7,Control,d.,"Require external providers to notify [Assignment: organization-defined personnel or roles] of any personnel transfers or terminations of external personnel who possess organizational credentials and/or badges, or who have system privileges within [Assignment: organization- defined time period]; and",NIST SP 800-53r5 (KB 2/USA/NIST.SP.800-53r5.pdf)
PS-7-ITEM-e,PS-7,Control,e.,Monitor provider compliance with personnel security requirements.,NIST SP 800-53r5 (KB 2/USA/NIST.SP.800-53r5.pdf)
PS-8-ITEM-a,PS-8,Control,a.,Employ a formal sanctions process for individuals failing to comply with established information security and privacy policies and procedures; and,NIST SP 800-53r5 (KB 2/USA/NIST.SP.800-53r5.pdf)
PS-8-ITEM-b,PS-8,Control,b.,"Notify [Assignment: organization-defined personnel or roles] within [Assignment: organization-defined time period] when a formal employee sanctions process is initiated, identifying the individual sanctioned and the reason for the sanction.",NIST SP 800-53r5 (KB 2/USA/NIST.SP.800-53r5.pdf)
PT-1-ITEM-a,PT-1,Control,a.,"Develop, document, and disseminate to [Assignment: organization-defined personnel or roles]:",NIST SP 800-53r5 (KB 2/USA/NIST.SP.800-53r5.pdf)
PT-1-ITEM-a1,PT-1,Control,a.1.,[Selection (one or more): Organization-level; Mission/business process-level; System- level] personally identifiable information processing and transparency policy that:,NIST SP 800-53r5 (KB 2/USA/NIST.SP.800-53r5.pdf)
PT-1-ITEM-a1a,PT-1,Control,a.1.(a),"Addresses purpose, scope, roles, responsibilities, management commitment, coordination among organizational entities, and compliance; and",NIST SP 800-53r5 (KB 2/USA/NIST.SP.800-53r5.pdf)
PT-1-ITEM-a1b,PT-1,Control,a.1.(b),"Is consistent with applicable laws, executive orders, directives, regulations, policies, standards, and guidelines; and",NIST SP 800-53r5 (KB 2/USA/NIST.SP.800-53r5.pdf)
PT-1-ITEM-a2,PT-1,Control,a.2.,Procedures to facilitate the implementation of the personally identifiable information processing and transparency policy and the associated personally identifiable information processing and transparency controls;,NIST SP 800-53r5 (KB 2/USA/NIST.SP.800-53r5.pdf)
PT-1-ITEM-b,PT-1,Control,b.,"Designate an [Assignment: organization-defined official] to manage the development, documentation, and dissemination of the personally identifiable information processing and transparency policy and procedures; and",NIST SP 800-53r5 (KB 2/USA/NIST.SP.800-53r5.pdf)
PT-1-ITEM-c,PT-1,Control,c.,Review and update the current personally identifiable information processing and transparency:,NIST SP 800-53r5 (KB 2/USA/NIST.SP.800-53r5.pdf)
PT-1-ITEM-c1,PT-1,Control,c.1.,Policy [Assignment: organization-defined frequency] and following [Assignment: organization-defined events]; and,NIST SP 800-53r5 (KB 2/USA/NIST.SP.800-53r5.pdf)
PT-1-ITEM-c2,PT-1,Control,c.2.,Procedures [Assignment: organization-defined frequency] and following [Assignment: organization-defined events].,NIST SP 800-53r5 (KB 2/USA/NIST.SP.800-53r5.pdf)
PT-2-ITEM-a,PT-2,Control,a.,Determine and document the [Assignment: organization-defined authority] that permits the [Assignment: organization-defined processing] of personally identifiable information; and,NIST SP 800-53r5 (KB 2/USA/NIST.SP.800-53r5.pdf)
PT-2-ITEM-b,PT-2,Control,b.,Restrict the [Assignment: organization-defined processing] of personally identifiable information to only that which is authorized.,NIST SP 800-53r5 (KB 2/USA/NIST.SP.800-53r5.pdf)
PT-3-ITEM-a,PT-3,Control,a.,Identify and document the [Assignment: organization-defined purpose(s)] for processing personally identifiable information;,NIST SP 800-53r5 (KB 2/USA/NIST.SP.800-53r5.pdf)
PT-3-ITEM-b,PT-3,Control,b.,Describe the purpose(s) in the public privacy notices and policies of the organization;,NIST SP 800-53r5 (KB 2/USA/NIST.SP.800-53r5.pdf)
PT-3-ITEM-c,PT-3,Control,c.,Restrict the [Assignment: organization-defined processing] of personally identifiable information to only that which is compatible with the identified purpose(s); and,NIST SP 800-53r5 (KB 2/USA/NIST.SP.800-53r5.pdf)
PT-3-ITEM-d,PT-3,Control,d.,Monitor changes in processing personally identifiable information and implement [Assignment: organization-defined mechanisms] to ensure that any changes are made in accordance with [Assignment: organization-defined requirements].,NIST SP 800-53r5 (KB 2/USA/NIST.SP.800-53r5.pdf)
PT-5-ITEM-a,PT-5,Control,a.,"Is available to individuals upon first interacting with an organization, and subsequently at [Assignment: organization-defined frequency];",NIST SP 800-53r5 (KB 2/USA/NIST.SP.800-53r5.pdf)
PT-5-ITEM-b,PT-5,Control,b.,"Is clear and easy-to-understand, expressing information about personally identifiable information processing in plain language;",NIST SP 800-53r5 (KB 2/USA/NIST.SP.800-53r5.pdf)
PT-5-ITEM-c,PT-5,Control,c.,Identifies the authority that authorizes the processing of personally identifiable information;,NIST SP 800-53r5 (KB 2/USA/NIST.SP.800-53r5.pdf)
PT-5-ITEM-d,PT-5,Control,d.,Identifies the purposes for which personally identifiable information is to be processed; and,NIST SP 800-53r5 (KB 2/USA/NIST.SP.800-53r5.pdf)
PT-5-ITEM-e,PT-5,Control,e.,Includes [Assignment: organization-defined information].,NIST SP 800-53r5 (KB 2/USA/NIST.SP.800-53r5.pdf)
PT-6-ITEM-a,PT-6,Control,a.,Draft system of records notices in accordance with OMB guidance and submit new and significantly modified system of records notices to the OMB and appropriate congressional committees for advance review;,NIST SP 800-53r5 (KB 2/USA/NIST.SP.800-53r5.pdf)
PT-6-ITEM-b,PT-6,Control,b.,Publish system of records notices in the Federal Register; and,NIST SP 800-53r5 (KB 2/USA/NIST.SP.800-53r5.pdf)
PT-6-ITEM-c,PT-6,Control,c.,"Keep system of records notices accurate, up-to-date, and scoped in accordance with policy.",NIST SP 800-53r5 (KB 2/USA/NIST.SP.800-53r5.pdf)
PT-7(1)-ITEM-a,PT-7(1),ControlEnhancement,(a),"Eliminate unnecessary collection, maintenance, and use of Social Security numbers, and explore alternatives to their use as a personal identifier;",NIST SP 800-53r5 (KB 2/USA/NIST.SP.800-53r5.pdf)
PT-7(1)-ITEM-b,PT-7(1),ControlEnhancement,(b),"Do not deny any individual any right, benefit, or privilege provided by law because of such individual’s refusal to disclose his or her Social Security number; and",NIST SP 800-53r5 (KB 2/USA/NIST.SP.800-53r5.pdf)
PT-7(1)-ITEM-c,PT-7(1),ControlEnhancement,(c),"Inform any individual who is asked to disclose his or her Social Security number whether that disclosure is mandatory or voluntary, by what statutory or other authority such number is solicited, and what uses will be made of it.",NIST SP 800-53r5 (KB 2/USA/NIST.SP.800-53r5.pdf)
PT-8-ITEM-a,PT-8,Control,a.,Obtain approval from the Data Integrity Board to conduct the matching program;,NIST SP 800-53r5 (KB 2/USA/NIST.SP.800-53r5.pdf)
PT-8-ITEM-b,PT-8,Control,b.,Develop and enter into a computer matching agreement;,NIST SP 800-53r5 (KB 2/USA/NIST.SP.800-53r5.pdf)
PT-8-ITEM-c,PT-8,Control,c.,Publish a matching notice in the Federal Register;,NIST SP 800-53r5 (KB 2/USA/NIST.SP.800-53r5.pdf)
PT-8-ITEM-d,PT-8,Control,d.,"Independently verify the information produced by the matching program before taking adverse action against an individual, if required; and",NIST SP 800-53r5 (KB 2/USA/NIST.SP.800-53r5.pdf)
PT-8-ITEM-e,PT-8,Control,e.,Provide individuals with notice and an opportunity to contest the findings before taking adverse action against an individual.,NIST SP 800-53r5 (KB 2/USA/NIST.SP.800-53r5.pdf)
RA-1-ITEM-a,RA-1,Control,a.,"Develop, document, and disseminate to [Assignment: organization-defined personnel or roles]:",NIST SP 800-53r5 (KB 2/USA/NIST.SP.800-53r5.pdf)
RA-1-ITEM-a1,RA-1,Control,a.1.,[Selection (one or more): Organization-level; Mission/business process-level; System- level] risk assessment policy that:,NIST SP 800-53r5 (KB 2/USA/NIST.SP.800-53r5.pdf)
RA-1-ITEM-a1a,RA-1,Control,a.1.(a),"Addresses purpose, scope, roles, responsibilities, management commitment, coordination among organizational entities, and compliance; and",NIST SP 800-53r5 (KB 2/USA/NIST.SP.800-53r5.pdf)
RA-1-ITEM-a1b,RA-1,Control,a.1.(b),"Is consistent with applicable laws, executive orders, directives, regulations, policies, standards, and guidelines; and",NIST SP 800-53r5 (KB 2/USA/NIST.SP.800-53r5.pdf)
RA-1-ITEM-a2,RA-1,Control,a.2.,Procedures to facilitate the implementation of the risk assessment policy and the associated risk assessment controls;,NIST SP 800-53r5 (KB 2/USA/NIST.SP.800-53r5.pdf)
RA-1-ITEM-b,RA-1,Control,b.,"Designate an [Assignment: organization-defined official] to manage the development, documentation, and dissemination of the risk assessment policy and procedures; and",NIST SP 800-53r5 (KB 2/USA/NIST.SP.800-53r5.pdf)
RA-1-ITEM-c,RA-1,Control,c.,Review and update the current risk assessment:,NIST SP 800-53r5 (KB 2/USA/NIST.SP.800-53r5.pdf)
RA-1-ITEM-c1,RA-1,Control,c.1.,Policy [Assignment: organization-defined frequency] and following [Assignment: organization-defined events]; and,NIST SP 800-53r5 (KB 2/USA/NIST.SP.800-53r5.pdf)
RA-1-ITEM-c2,RA-1,Control,c.2.,Procedures [Assignment: organization-defined frequency] and following [Assignment: organization-defined events].,NIST SP 800-53r5 (KB 2/USA/NIST.SP.800-53r5.pdf)
RA-2-ITEM-a,RA-2,Control,a.,"Categorize the system and information it processes, stores, and transmits;",NIST SP 800-53r5 (KB 2/USA/NIST.SP.800-53r5.pdf)
RA-2-ITEM-b,RA-2,Control,b.,"Document the security categorization results, including supporting rationale, in the security plan for the system; and",NIST SP 800-53r5 (KB 2/USA/NIST.SP.800-53r5.pdf)
RA-2-ITEM-c,RA-2,Control,c.,Verify that the authorizing official or authorizing official designated representative reviews and approves the security categorization decision.,NIST SP 800-53r5 (KB 2/USA/NIST.SP.800-53r5.pdf)
RA-3-ITEM-a,RA-3,Control,a.,"Conduct a risk assessment, including:",NIST SP 800-53r5 (KB 2/USA/NIST.SP.800-53r5.pdf)
RA-3-ITEM-a1,RA-3,Control,a.1.,Identifying threats to and vulnerabilities in the system;,NIST SP 800-53r5 (KB 2/USA/NIST.SP.800-53r5.pdf)
RA-3-ITEM-a2,RA-3,Control,a.2.,"Determining the likelihood and magnitude of harm from unauthorized access, use, disclosure, disruption, modification, or destruction of the system, the information it processes, stores, or transmits, and any related information; and",NIST SP 800-53r5 (KB 2/USA/NIST.SP.800-53r5.pdf)
RA-3-ITEM-a3,RA-3,Control,a.3.,Determining the likelihood and impact of adverse effects on individuals arising from the processing of personally identifiable information;,NIST SP 800-53r5 (KB 2/USA/NIST.SP.800-53r5.pdf)
RA-3-ITEM-b,RA-3,Control,b.,Integrate risk assessment results and risk management decisions from the organization and mission or business process perspectives with system-level risk assessments;,NIST SP 800-53r5 (KB 2/USA/NIST.SP.800-53r5.pdf)
RA-3-ITEM-c,RA-3,Control,c.,Document risk assessment results in [Selection: security and privacy plans; risk assessment report; [Assignment: organization-defined document]];,NIST SP 800-53r5 (KB 2/USA/NIST.SP.800-53r5.pdf)
RA-3-ITEM-d,RA-3,Control,d.,Review risk assessment results [Assignment: organization-defined frequency];,NIST SP 800-53r5 (KB 2/USA/NIST.SP.800-53r5.pdf)
RA-3-ITEM-e,RA-3,Control,e.,Disseminate risk assessment results to [Assignment: organization-defined personnel or roles]; and,NIST SP 800-53r5 (KB 2/USA/NIST.SP.800-53r5.pdf)
RA-3-ITEM-f,RA-3,Control,f.,"Update the risk assessment [Assignment: organization-defined frequency] or when there are significant changes to the system, its environment of operation, or other conditions that may impact the security or privacy state of the system.",NIST SP 800-53r5 (KB 2/USA/NIST.SP.800-53r5.pdf)
RA-3(1)-ITEM-a,RA-3(1),ControlEnhancement,(a),"Assess supply chain risks associated with [Assignment: organization-defined systems, system components, and system services]; and",NIST SP 800-53r5 (KB 2/USA/NIST.SP.800-53r5.pdf)
RA-3(1)-ITEM-b,RA-3(1),ControlEnhancement,(b),"Update the supply chain risk assessment [Assignment: organization-defined frequency], when there are significant changes to the relevant supply chain, or when changes to the system, environments of operation, or other conditions may necessitate a change in the supply chain.",NIST SP 800-53r5 (KB 2/USA/NIST.SP.800-53r5.pdf)
RA-5-ITEM-a,RA-5,Control,a.,Monitor and scan for vulnerabilities in the system and hosted applications [Assignment: organization-defined frequency and/or randomly in accordance with organization-defined process] and when new vulnerabilities potentially affecting the system are identified and reported;,NIST SP 800-53r5 (KB 2/USA/NIST.SP.800-53r5.pdf)
RA-5-ITEM-b,RA-5,Control,b.,Employ vulnerability monitoring tools and techniques that facilitate interoperability among tools and automate parts of the vulnerability management process by using standards for:,NIST SP 800-53r5 (KB 2/USA/NIST.SP.800-53r5.pdf)
RA-5-ITEM-b1,RA-5,Control,b.1.,"Enumerating platforms, software flaws, and improper configurations;",NIST SP 800-53r5 (KB 2/USA/NIST.SP.800-53r5.pdf)
RA-5-ITEM-b2,RA-5,Control,b.2.,Formatting checklists and test procedures; and,NIST SP 800-53r5 (KB 2/USA/NIST.SP.800-53r5.pdf)
RA-5-ITEM-b3,RA-5,Control,b.3.,Measuring vulnerability impact;,NIST SP 800-53r5 (KB 2/USA/NIST.SP.800-53r5.pdf)
RA-5-ITEM-c,RA-5,Control,c.,Analyze vulnerability scan reports and results from vulnerability monitoring;,NIST SP 800-53r5 (KB 2/USA/NIST.SP.800-53r5.pdf)
RA-5-ITEM-d,RA-5,Control,d.,Remediate legitimate vulnerabilities [Assignment: organization-defined response times] in accordance with an organizational assessment of risk;,NIST SP 800-53r5 (KB 2/USA/NIST.SP.800-53r5.pdf)
RA-5-ITEM-e,RA-5,Control,e.,Share information obtained from the vulnerability monitoring process and control assessments with [Assignment: organization-defined personnel or roles] to help eliminate similar vulnerabilities in other systems; and,NIST SP 800-53r5 (KB 2/USA/NIST.SP.800-53r5.pdf)
RA-5-ITEM-f,RA-5,Control,f.,Employ vulnerability monitoring tools that include the capability to readily update the vulnerabilities to be scanned.,NIST SP 800-53r5 (KB 2/USA/NIST.SP.800-53r5.pdf)
RA-8-ITEM-a,RA-8,Control,a.,Developing or procuring information technology that processes personally identifiable information; and,NIST SP 800-53r5 (KB 2/USA/NIST.SP.800-53r5.pdf)
RA-8-ITEM-b,RA-8,Control,b.,Initiating a new collection of personally identifiable information that:,NIST SP 800-53r5 (KB 2/USA/NIST.SP.800-53r5.pdf)
RA-8-ITEM-b1,RA-8,Control,b.1.,Will be processed using information technology; and,NIST SP 800-53r5 (KB 2/USA/NIST.SP.800-53r5.pdf)
RA-8-ITEM-b2,RA-8,Control,b.2.,"Includes personally identifiable information permitting the physical or virtual (online) contacting of a specific individual, if identical questions have been posed to, or identical reporting requirements imposed on, ten or more individuals, other than agencies, instrumentalities, or employees of the federal government.",NIST SP 800-53r5 (KB 2/USA/NIST.SP.800-53r5.pdf)
RA-10-ITEM-a,RA-10,Control,a.,Establish and maintain a cyber threat hunting capability to:,NIST SP 800-53r5 (KB 2/USA/NIST.SP.800-53r5.pdf)
RA-10-ITEM-a1,RA-10,Control,a.1.,Search for indicators of compromise in organizational systems; and,NIST SP 800-53r5 (KB 2/USA/NIST.SP.800-53r5.pdf)
RA-10-ITEM-a2,RA-10,Control,a.2.,"Detect, track, and disrupt threats that evade existing controls; and",NIST SP 800-53r5 (KB 2/USA/NIST.SP.800-53r5.pdf)
RA-10-ITEM-b,RA-10,Control,b.,Employ the threat hunting capability [Assignment: organization-defined frequency].,NIST SP 800-53r5 (KB 2/USA/NIST.SP.800-53r5.pdf)
SA-1::a,SA-1,Control,a.,"Develop, document, and disseminate to [Assignment: organization-defined personnel or roles]:",NIST SP 800-53r5
SA-1::a.1,SA-1::a,ControlItem,1.,[Selection (one or more): Organization-level; Mission/business process-level; System-level] system and services acquisition policy that:,NIST SP 800-53r5
SA-1::a.1.a,SA-1::a.1,ControlItem,(a),"Addresses purpose, scope, roles, responsibilities, management commitment, coordination among organizational entities, and compliance; and",NIST SP 800-53r5
SA-1::a.1.b,SA-1::a.1,ControlItem,(b),"Is consistent with applicable laws, executive orders, directives, regulations, policies, standards, and guidelines; and",NIST SP 800-53r5
SA-1::a.2,SA-1::a,ControlItem,2.,Procedures to facilitate the implementation of the system and services acquisition policy and the associated system and services acquisition controls;,NIST SP 800-53r5
SA-1::b,SA-1,Control,b.,"Designate an [Assignment: organization-defined official] to manage the development, documentation, and dissemination of the system and services acquisition policy and procedures; and",NIST SP 800-53r5
SA-1::c,SA-1,Control,c.,Review and update the current system and services acquisition:,NIST SP 800-53r5
SA-1::c.1,SA-1::c,ControlItem,1.,Policy [Assignment: organization-defined frequency] and following [Assignment: organization-defined events]; and,NIST SP 800-53r5
SA-1::c.2,SA-1::c,ControlItem,2.,Procedures [Assignment: organization-defined frequency] and following [Assignment: organization-defined events].,NIST SP 800-53r5
SA-2::a,SA-2,Control,a.,Determine the high-level information security and privacy requirements for the system or system service in mission and business process planning;,NIST SP 800-53r5
SA-2::b,SA-2,Control,b.,"Determine, document, and allocate the resources required to protect the system or system service as part of the organizational capital planning and investment control process; and",NIST SP 800-53r5
SA-2::c,SA-2,Control,c.,Establish a discrete line item for information security and privacy in organizational programming and budgeting documentation.,NIST SP 800-53r5
SA-3::a,SA-3,Control,a.,"Acquire, develop, and manage the system using [Assignment: organization-defined system development life cycle] that incorporates information security and privacy considerations;",NIST SP 800-53r5
SA-3::b,SA-3,Control,b.,Define and document information security and privacy roles and responsibilities throughout the system development life cycle;,NIST SP 800-53r5
SA-3::c,SA-3,Control,c.,Identify individuals having information security and privacy roles and responsibilities; and,NIST SP 800-53r5
SA-3::d,SA-3,Control,d.,Integrate the organizational information security and privacy risk management process into system development life cycle activities.,NIST SP 800-53r5
SA-3(2)::a,SA-3(2),ControlEnhancement,(a),"Approve, document, and control the use of live data in preproduction environments for the system, system component, or system service; and",NIST SP 800-53r5
SA-3(2)::b,SA-3(2),ControlEnhancement,(b),"Protect preproduction environments for the system, system component, or system service at the same impact or classification level as any live data in use within the preproduction environments.",NIST SP 800-53r5
SA-4::a,SA-4,Control,a.,Security and privacy functional requirements;,NIST SP 800-53r5
SA-4::b,SA-4,Control,b.,Strength of mechanism requirements;,NIST SP 800-53r5
SA-4::c,SA-4,Control,c.,Security and privacy assurance requirements;,NIST SP 800-53r5
SA-4::d,SA-4,Control,d.,Controls needed to satisfy the security and privacy requirements.,NIST SP 800-53r5
SA-4::e,SA-4,Control,e.,Security and privacy documentation requirements;,NIST SP 800-53r5
SA-4::f,SA-4,Control,f.,Requirements for protecting security and privacy documentation;,NIST SP 800-53r5
SA-4::g,SA-4,Control,g.,Description of the system development environment and environment in which the system is intended to operate;,NIST SP 800-53r5
SA-4::h,SA-4,Control,h.,"Allocation of responsibility or identification of parties responsible for information security, privacy, and supply chain risk management; and",NIST SP 800-53r5
SA-4::i,SA-4,Control,i.,Acceptance criteria.,NIST SP 800-53r5
SA-4(3)::a,SA-4(3),ControlEnhancement,(a),[Assignment: organization-defined systems engineering methods];,NIST SP 800-53r5
SA-4(3)::b,SA-4(3),ControlEnhancement,(b),[Assignment: organization-defined [Selection (one or more): systems security; privacy] engineering methods]; and,NIST SP 800-53r5
SA-4(3)::c,SA-4(3),ControlEnhancement,(c),"[Assignment: organization-defined software development methods; testing, evaluation, assessment, verification, and validation methods; and quality control processes].",NIST SP 800-53r5
SA-4(5)::a,SA-4(5),ControlEnhancement,(a),"Deliver the system, component, or service with [Assignment: organization-defined security configurations] implemented; and",NIST SP 800-53r5
SA-4(5)::b,SA-4(5),ControlEnhancement,(b),"Use the configurations as the default for any subsequent system, component, or service reinstallation or upgrade.",NIST SP 800-53r5
SA-4(6)::a,SA-4(6),ControlEnhancement,(a),Employ only government off-the-shelf or commercial off-the-shelf information assurance and information assurance-enabled information technology products that compose an NSA-approved solution to protect classified information when the networks used to transmit the information are at a lower classification level than the information being transmitted; and,NIST SP 800-53r5
SA-4(6)::b,SA-4(6),ControlEnhancement,(b),Ensure that these products have been evaluated and/or validated by NSA or in accordance with NSA-approved procedures.,NIST SP 800-53r5
SA-4(7)::a,SA-4(7),ControlEnhancement,(a),"Limit the use of commercially provided information assurance and information assurance-enabled information technology products to those products that have been successfully evaluated against a National Information Assurance partnership (NIAP)-approved Protection Profile for a specific technology type, if such a profile exists; and",NIST SP 800-53r5
SA-4(7)::b,SA-4(7),ControlEnhancement,(b),"Require, if no NIAP-approved Protection Profile exists for a specific technology type but a commercially provided information technology product relies on cryptographic functionality to enforce its security policy, that the cryptographic module is FIPS-validated or NSA-approved.",NIST SP 800-53r5
SA-4(12)::a,SA-4(12),ControlEnhancement,(a),Include organizational data ownership requirements in the acquisition contract; and,NIST SP 800-53r5
SA-4(12)::b,SA-4(12),ControlEnhancement,(b),Require all data to be removed from the contractor’s system and returned to the organization within [Assignment: organization-defined time frame].,NIST SP 800-53r5
SA-5::a,SA-5,Control,a.,"Obtain or develop administrator documentation for the system, system component, or system service that describes:",NIST SP 800-53r5
SA-5::a.1,SA-5::a,ControlItem,1.,"Secure configuration, installation, and operation of the system, component, or service;",NIST SP 800-53r5
SA-5::a.2,SA-5::a,ControlItem,2.,Effective use and maintenance of security and privacy functions and mechanisms; and,NIST SP 800-53r5
SA-5::a.3,SA-5::a,ControlItem,3.,Known vulnerabilities regarding configuration and use of administrative or privileged functions;,NIST SP 800-53r5
SA-5::b,SA-5,Control,b.,"Obtain or develop user documentation for the system, system component, or system service that describes:",NIST SP 800-53r5
SA-5::b.1,SA-5::b,ControlItem,1.,User-accessible security and privacy functions and mechanisms and how to effectively use those functions and mechanisms;,NIST SP 800-53r5
SA-5::b.2,SA-5::b,ControlItem,2.,"Methods for user interaction, which enables individuals to use the system, component, or service in a more secure manner and protect individual privacy; and",NIST SP 800-53r5
SA-5::b.3,SA-5::b,ControlItem,3.,"User responsibilities in maintaining the security of the system, component, or service and privacy of individuals;",NIST SP 800-53r5
SA-5::c,SA-5,Control,c.,"Document attempts to obtain system, system component, or system service documentation when such documentation is either unavailable or nonexistent and take [Assignment: organization-defined actions] in response; and",NIST SP 800-53r5
SA-5::d,SA-5,Control,d.,Distribute documentation to [Assignment: organization-defined personnel or roles].,NIST SP 800-53r5
SA-9::a,SA-9,Control,a.,Require that providers of external system services comply with organizational security and privacy requirements and employ the following controls: [Assignment: organization-defined controls];,NIST SP 800-53r5
SA-9::b,SA-9,Control,b.,Define and document organizational oversight and user roles and responsibilities with regard to external system services; and,NIST SP 800-53r5
SA-9::c,SA-9,Control,c.,"Employ the following processes, methods, and techniques to monitor control compliance by external service providers on an ongoing basis: [Assignment: organization-defined processes, methods, and techniques].",NIST SP 800-53r5
SA-9(1)::a,SA-9(1),ControlEnhancement,(a),Conduct an organizational assessment of risk prior to the acquisition or outsourcing of information security services; and,NIST SP 800-53r5
SA-9(1)::b,SA-9(1),ControlEnhancement,(b),Verify that the acquisition or outsourcing of dedicated information security services is approved by [Assignment: organization-defined personnel or roles].,NIST SP 800-53r5
SA-10::a,SA-10,Control,a.,"Perform configuration management during system, component, or service [Selection (one or more): design; development; implementation; operation; disposal];",NIST SP 800-53r5
SA-10::b,SA-10,Control,b.,"Document, manage, and control the integrity of changes to [Assignment: organization-defined configuration items under configuration management];",NIST SP 800-53r5
SA-10::c,SA-10,Control,c.,"Implement only organization-approved changes to the system, component, or service;",NIST SP 800-53r5
SA-10::d,SA-10,Control,d.,"Document approved changes to the system, component, or service and the potential security and privacy impacts of such changes; and",NIST SP 800-53r5
SA-10::e,SA-10,Control,e.,"Track security flaws and flaw resolution within the system, component, or service and report findings to [Assignment: organization-defined personnel].",NIST SP 800-53r5
SA-11::a,SA-11,Control,a.,Develop and implement a plan for ongoing security and privacy control assessments;,NIST SP 800-53r5
SA-11::b,SA-11,Control,b.,Perform [Selection (one or more): unit; integration; system; regression] testing/evaluation [Assignment: organization-defined frequency] at [Assignment: organization-defined depth and coverage];,NIST SP 800-53r5
SA-11::c,SA-11,Control,c.,Produce evidence of the execution of the assessment plan and the results of the testing and evaluation;,NIST SP 800-53r5
SA-11::d,SA-11,Control,d.,Implement a verifiable flaw remediation process; and,NIST SP 800-53r5
SA-11::e,SA-11,Control,e.,Correct flaws identified during testing and evaluation.,NIST SP 800-53r5
SA-11(2)::a,SA-11(2),ControlEnhancement,(a),"Uses the following contextual information: [Assignment: organization-defined information concerning impact, environment of operations, known or assumed threats, and acceptable risk levels];",NIST SP 800-53r5
SA-11(2)::b,SA-11(2),ControlEnhancement,(b),Employs the following tools and methods: [Assignment: organization-defined tools and methods];,NIST SP 800-53r5
SA-11(2)::c,SA-11(2),ControlEnhancement,(c),Conducts the modeling and analyses at the following level of rigor: [Assignment: organization-defined breadth and depth of modeling and analyses]; and,NIST SP 800-53r5
SA-11(2)::d,SA-11(2),ControlEnhancement,(d),Produces evidence that meets the following acceptance criteria: [Assignment: organization-defined acceptance criteria].,NIST SP 800-53r5
SA-11(3)::a,SA-11(3),ControlEnhancement,(a),Require an independent agent satisfying [Assignment: organization-defined independence criteria] to verify the correct implementation of the developer security and privacy assessment plans and the evidence produced during testing and evaluation; and,NIST SP 800-53r5
SA-11(3)::b,SA-11(3),ControlEnhancement,(b),Verify that the independent agent is provided with sufficient information to complete the verification process or granted the authority to obtain such information.,NIST SP 800-53r5
SA-11(5)::a,SA-11(5),ControlEnhancement,(a),At the following level of rigor: [Assignment: organization-defined breadth and depth of testing]; and,NIST SP 800-53r5
SA-11(5)::b,SA-11(5),ControlEnhancement,(b),Under the following constraints: [Assignment: organization-defined constraints].,NIST SP 800-53r5
SA-15::a,SA-15,Control,a.,"Require the developer of the system, system component, or system service to follow a documented development process that:",NIST SP 800-53r5
SA-15::a.1,SA-15::a,ControlItem,1.,Explicitly addresses security and privacy requirements;,NIST SP 800-53r5
SA-15::a.2,SA-15::a,ControlItem,2.,Identifies the standards and tools used in the development process;,NIST SP 800-53r5
SA-15::a.3,SA-15::a,ControlItem,3.,Documents the specific tool options and tool configurations used in the development process; and,NIST SP 800-53r5
SA-15::a.4,SA-15::a,ControlItem,4.,"Documents, manages, and ensures the integrity of changes to the process and/or tools used in development; and",NIST SP 800-53r5
SA-15::b,SA-15,Control,b.,"Review the development process, standards, tools, tool options, and tool configurations [Assignment: organization-defined frequency] to determine if the process, standards, tools, tool options and tool configurations selected and employed can satisfy the following security and privacy requirements: [Assignment: organization-defined security and privacy requirements].",NIST SP 800-53r5
SA-15(1)::a,SA-15(1),ControlEnhancement,(a),Define quality metrics at the beginning of the development process; and,NIST SP 800-53r5
SA-15(1)::b,SA-15(1),ControlEnhancement,(b),Provide evidence of meeting the quality metrics [Selection (one or more): [Assignment: organization-defined frequency]; [Assignment: organization-defined program review milestones]; upon delivery].,NIST SP 800-53r5
SA-15(3)::a,SA-15(3),ControlEnhancement,(a),At the following decision points in the system development life cycle: [Assignment: organization-defined decision points in the system development life cycle]; and,NIST SP 800-53r5
SA-15(3)::b,SA-15(3),ControlEnhancement,(b),At the following level of rigor: [Assignment: organization-defined breadth and depth of criticality analysis].,NIST SP 800-53r5
SA-15(7)::a,SA-15(7),ControlEnhancement,(a),Perform an automated vulnerability analysis using [Assignment: organization-defined tools];,NIST SP 800-53r5
SA-15(7)::b,SA-15(7),ControlEnhancement,(b),Determine the exploitation potential for discovered vulnerabilities;,NIST SP 800-53r5
SA-15(7)::c,SA-15(7),ControlEnhancement,(c),Determine potential risk mitigations for delivered vulnerabilities; and,NIST SP 800-53r5
SA-15(7)::d,SA-15(7),ControlEnhancement,(d),Deliver the outputs of the tools and results of the analysis to [Assignment: organization-defined personnel or roles].,NIST SP 800-53r5
SA-17::a,SA-17,Control,a.,Is consistent with the organization’s security and privacy architecture that is an integral part the organization’s enterprise architecture;,NIST SP 800-53r5
SA-17::b,SA-17,Control,b.,"Accurately and completely describes the required security and privacy functionality, and the allocation of controls among physical and logical components; and",NIST SP 800-53r5
SA-17::c,SA-17,Control,c.,"Expresses how individual security and privacy functions, mechanisms, and services work together to provide required security and privacy capabilities and a unified approach to protection.",NIST SP 800-53r5
SA-17(1)::a,SA-17(1),ControlEnhancement,(a),"Produce, as an integral part of the development process, a formal policy model describing the [Assignment: organization-defined elements of organizational security and privacy policy] to be enforced; and",NIST SP 800-53r5
SA-17(1)::b,SA-17(1),ControlEnhancement,(b),Prove that the formal policy model is internally consistent and sufficient to enforce the defined elements of the organizational security and privacy policy when implemented.,NIST SP 800-53r5
SA-17(2)::a,SA-17(2),ControlEnhancement,(a),"Define security-relevant hardware, software, and firmware; and",NIST SP 800-53r5
SA-17(2)::b,SA-17(2),ControlEnhancement,(b),"Provide a rationale that the definition for security-relevant hardware, software, and firmware is complete.",NIST SP 800-53r5
SA-17(3)::a,SA-17(3),ControlEnhancement,(a),"Produce, as an integral part of the development process, a formal top-level specification that specifies the interfaces to security-relevant hardware, software, and firmware in terms of exceptions, error messages, and effects;",NIST SP 800-53r5
SA-17(3)::b,SA-17(3),ControlEnhancement,(b),"Show via proof to the extent feasible with additional informal demonstration as necessary, that the formal top-level specification is consistent with the formal policy model;",NIST SP 800-53r5
SA-17(3)::c,SA-17(3),ControlEnhancement,(c),"Show via informal demonstration, that the formal top-level specification completely covers the interfaces to security-relevant hardware, software, and firmware;",NIST SP 800-53r5
SA-17(3)::d,SA-17(3),ControlEnhancement,(d),"Show that the formal top-level specification is an accurate description of the implemented security-relevant hardware, software, and firmware; and",NIST SP 800-53r5
SA-17(3)::e,SA-17(3),ControlEnhancement,(e),"Describe the security-relevant hardware, software, and firmware mechanisms not addressed in the formal top-level specification but strictly internal to the security-relevant hardware, software, and firmware.",NIST SP 800-53r5
SA-17(4)::a,SA-17(4),ControlEnhancement,(a),"Produce, as an integral part of the development process, an informal descriptive top-level specification that specifies the interfaces to security-relevant hardware, software, and firmware in terms of exceptions, error messages, and effects;",NIST SP 800-53r5
SA-17(4)::b,SA-17(4),ControlEnhancement,(b),Show via [Selection: informal demonstration; convincing argument with formal methods as feasible] that the descriptive top-level specification is consistent with the formal policy model;,NIST SP 800-53r5
SA-17(4)::c,SA-17(4),ControlEnhancement,(c),"Show via informal demonstration, that the descriptive top-level specification completely covers the interfaces to security-relevant hardware, software, and firmware;",NIST SP 800-53r5
SA-17(4)::d,SA-17(4),ControlEnhancement,(d),"Show that the descriptive top-level specification is an accurate description of the interfaces to security-relevant hardware, software, and firmware; and",NIST SP 800-53r5
SA-17(4)::e,SA-17(4),ControlEnhancement,(e),"Describe the security-relevant hardware, software, and firmware mechanisms not addressed in the descriptive top-level specification but strictly internal to the security-relevant hardware, software, and firmware.",NIST SP 800-53r5
SA-17(5)::a,SA-17(5),ControlEnhancement,(a),"Design and structure the security-relevant hardware, software, and firmware to use a complete, conceptually simple protection mechanism with precisely defined semantics; and",NIST SP 800-53r5
SA-17(5)::b,SA-17(5),ControlEnhancement,(b),"Internally structure the security-relevant hardware, software, and firmware with specific regard for this mechanism.",NIST SP 800-53r5
SA-21::a,SA-21,Control,a.,Has appropriate access authorizations as determined by assigned [Assignment: organization-defined official government duties]; and,NIST SP 800-53r5
SA-21::b,SA-21,Control,b.,Satisfies the following additional personnel screening criteria: [Assignment: organization-defined additional personnel screening criteria].,NIST SP 800-53r5
SA-22::a,SA-22,Control,a.,"Replace system components when support for the components is no longer available from the developer, vendor, or manufacturer; or",NIST SP 800-53r5
SA-22::b,SA-22,Control,b.,Provide the following options for alternative sources for continued support for unsupported components [Selection (one or more): in-house support; [Assignment: organization-defined support from external providers]].,NIST SP 800-53r5
SC-1::a,SC-1,Control,a.,"Develop, document, and disseminate to [Assignment: organization-defined personnel or roles]:",NIST SP 800-53r5
SC-1::a.1,SC-1::a,ControlItem,1.,[Selection (one or more): Organization-level; Mission/business process-level; System-level] system and communications protection policy that:,NIST SP 800-53r5
SC-1::a.1.a,SC-1::a.1,ControlItem,(a),"Addresses purpose, scope, roles, responsibilities, management commitment, coordination among organizational entities, and compliance; and",NIST SP 800-53r5
SC-1::a.1.b,SC-1::a.1,ControlItem,(b),"Is consistent with applicable laws, executive orders, directives, regulations, policies, standards, and guidelines; and",NIST SP 800-53r5
SC-1::a.2,SC-1::a,ControlItem,2.,Procedures to facilitate the implementation of the system and communications protection policy and the associated system and communications protection controls;,NIST SP 800-53r5
SC-1::b,SC-1,Control,b.,"Designate an [Assignment: organization-defined official] to manage the development, documentation, and dissemination of the system and communications protection policy and procedures; and",NIST SP 800-53r5
SC-1::c,SC-1,Control,c.,Review and update the current system and communications protection:,NIST SP 800-53r5
SC-1::c.1,SC-1::c,ControlItem,1.,Policy [Assignment: organization-defined frequency] and following [Assignment: organization-defined events]; and,NIST SP 800-53r5
SC-1::c.2,SC-1::c,ControlItem,2.,Procedures [Assignment: organization-defined frequency] and following [Assignment: organization-defined events].,NIST SP 800-53r5
SC-5::a,SC-5,Control,a.,[Selection: Protect against; Limit] the effects of the following types of denial-of-service events: [Assignment: organization-defined types of denial-of-service events]; and,NIST SP 800-53r5
SC-5::b,SC-5,Control,b.,Employ the following controls to achieve the denial-of-service objective: [Assignment: organization-defined controls by type of denial-of-service event].,NIST SP 800-53r5
SC-5(3)::a,SC-5(3),ControlEnhancement,(a),"Employ the following monitoring tools to detect indicators of denial-of-service attacks against, or launched from, the system: [Assignment: organization-defined monitoring tools]; and",NIST SP 800-53r5
SC-5(3)::b,SC-5(3),ControlEnhancement,(b),Monitor the following system resources to determine if sufficient resources exist to prevent effective denial-of-service attacks: [Assignment: organization-defined system resources].,NIST SP 800-53r5
SC-7::a,SC-7,Control,a.,Monitor and control communications at the external managed interfaces to the system and at key internal managed interfaces within the system;,NIST SP 800-53r5
SC-7::b,SC-7,Control,b.,Implement subnetworks for publicly accessible system components that are [Selection: physically; logically] separated from internal organizational networks; and,NIST SP 800-53r5
SC-7::c,SC-7,Control,c.,Connect to external networks or systems only through managed interfaces consisting of boundary protection devices arranged in accordance with an organizational security and privacy architecture.,NIST SP 800-53r5
SC-7(4)::a,SC-7(4),ControlEnhancement,(a),Implement a managed interface for each external telecommunication service;,NIST SP 800-53r5
SC-7(4)::b,SC-7(4),ControlEnhancement,(b),Establish a traffic flow policy for each managed interface;,NIST SP 800-53r5
SC-7(4)::c,SC-7(4),ControlEnhancement,(c),Protect the confidentiality and integrity of the information being transmitted across each interface;,NIST SP 800-53r5
SC-7(4)::d,SC-7(4),ControlEnhancement,(d),Document each exception to the traffic flow policy with a supporting mission or business need and duration of that need;,NIST SP 800-53r5
SC-7(4)::e,SC-7(4),ControlEnhancement,(e),Review exceptions to the traffic flow policy [Assignment: organization-defined frequency] and remove exceptions that are no longer supported by an explicit mission or business need;,NIST SP 800-53r5
SC-7(4)::f,SC-7(4),ControlEnhancement,(f),Prevent unauthorized exchange of control plane traffic with external networks;,NIST SP 800-53r5
SC-7(4)::g,SC-7(4),ControlEnhancement,(g),Publish information to enable remote networks to detect unauthorized control plane traffic from internal networks; and,NIST SP 800-53r5
SC-7(4)::h,SC-7(4),ControlEnhancement,(h),Filter unauthorized control plane traffic from external networks.,NIST SP 800-53r5
SC-7(9)::a,SC-7(9),ControlEnhancement,(a),Detect and deny outgoing communications traffic posing a threat to external systems; and,NIST SP 800-53r5
SC-7(9)::b,SC-7(9),ControlEnhancement,(b),Audit the identity of internal users associated with denied communications.,NIST SP 800-53r5
SC-7(10)::a,SC-7(10),ControlEnhancement,(a),Prevent the exfiltration of information; and,NIST SP 800-53r5
SC-7(10)::b,SC-7(10),ControlEnhancement,(b),Conduct exfiltration tests [Assignment: organization-defined frequency].,NIST SP 800-53r5
SC-7(24)::a,SC-7(24),ControlEnhancement,(a),Apply the following processing rules to data elements of personally identifiable information: [Assignment: organization-defined processing rules];,NIST SP 800-53r5
SC-7(24)::b,SC-7(24),ControlEnhancement,(b),Monitor for permitted processing at the external interfaces to the system and at key internal boundaries within the system;,NIST SP 800-53r5
SC-7(24)::c,SC-7(24),ControlEnhancement,(c),Document each processing exception; and,NIST SP 800-53r5
SC-7(24)::d,SC-7(24),ControlEnhancement,(d),Review and remove exceptions that are no longer supported.,NIST SP 800-53r5
SC-11::a,SC-11,Control,a.,Provide a [Selection: physically; logically] isolated trusted communications path for communications between the user and the trusted components of the system; and,NIST SP 800-53r5
SC-11::b,SC-11,Control,b.,"Permit users to invoke the trusted communications path for communications between the user and the following security functions of the system, including at a minimum, authentication and re-authentication: [Assignment: organization-defined security functions].",NIST SP 800-53r5
SC-11(1)::a,SC-11(1),ControlEnhancement,(a),Provide a trusted communications path that is irrefutably distinguishable from other communications paths; and,NIST SP 800-53r5
SC-11(1)::b,SC-11(1),ControlEnhancement,(b),Initiate the trusted communications path for communications between the [Assignment: organization-defined security functions] of the system and the user.,NIST SP 800-53r5
SC-13::a,SC-13,Control,a.,Determine the [Assignment: organization-defined cryptographic uses]; and,NIST SP 800-53r5
SC-13::b,SC-13,Control,b.,Implement the following types of cryptography required for each specified cryptographic use: [Assignment: organization-defined types of cryptography for each specified cryptographic use].,NIST SP 800-53r5
SC-15::a,SC-15,Control,a.,Prohibit remote activation of collaborative computing devices and applications with the following exceptions: [Assignment: organization-defined exceptions where remote activation is to be allowed]; and,NIST SP 800-53r5
SC-15::b,SC-15,Control,b.,Provide an explicit indication of use to users physically present at the devices.,NIST SP 800-53r5
SC-17::a,SC-17,Control,a.,Issue public key certificates under an [Assignment: organization-defined certificate policy] or obtain public key certificates from an approved service provider; and,NIST SP 800-53r5
SC-17::b,SC-17,Control,b.,Include only approved trust anchors in trust stores or certificate stores managed by the organization.,NIST SP 800-53r5
SC-18::a,SC-18,Control,a.,Define acceptable and unacceptable mobile code and mobile code technologies; and,NIST SP 800-53r5
SC-18::b,SC-18,Control,b.,"Authorize, monitor, and control the use of mobile code within the system.",NIST SP 800-53r5
SC-20::a,SC-20,Control,a.,Provide additional data origin authentication and integrity verification artifacts along with the authoritative name resolution data the system returns in response to external name/address resolution queries; and,NIST SP 800-53r5
SC-20::b,SC-20,Control,b.,"Provide the means to indicate the security status of child zones and (if the child supports secure resolution services) to enable verification of a chain of trust among parent and child domains, when operating as part of a distributed, hierarchical namespace.",NIST SP 800-53r5
SC-31::a,SC-31,Control,a.,Perform a covert channel analysis to identify those aspects of communications within the system that are potential avenues for covert [Selection (one or more): storage; timing] channels; and,NIST SP 800-53r5
SC-31::b,SC-31,Control,b.,Estimate the maximum bandwidth of those channels.,NIST SP 800-53r5
SC-34::a,SC-34,Control,a.,"The operating environment from hardware-enforced, read-only media; and",NIST SP 800-53r5
SC-34::b,SC-34,Control,b.,"The following applications from hardware-enforced, read-only media: [Assignment: organization-defined applications].",NIST SP 800-53r5
SC-36(1)::a,SC-36(1),ControlEnhancement,(a),"Employ polling techniques to identify potential faults, errors, or compromises to the following processing and storage components: [Assignment: organization-defined distributed processing and storage components]; and",NIST SP 800-53r5
SC-36(1)::b,SC-36(1),ControlEnhancement,(b),"Take the following actions in response to identified faults, errors, or compromises: [Assignment: organization-defined actions].",NIST SP 800-53r5
SC-42::a,SC-42,Control,a.,"Prohibit [Selection (one or more): the use of devices possessing [Assignment: organization-defined environmental sensing capabilities] in [Assignment: organization-defined facilities, areas, or systems]; the remote activation of environmental sensing capabilities on organizational systems or system components with the following exceptions: [Assignment: organization-defined exceptions where remote activation of sensors is allowed]]; and",NIST SP 800-53r5
SC-42::b,SC-42,Control,b.,Provide an explicit indication of sensor use to [Assignment: organization-defined group of users].,NIST SP 800-53r5
SC-43::a,SC-43,Control,a.,Establish usage restrictions and implementation guidelines for the following system components: [Assignment: organization-defined system components]; and,NIST SP 800-53r5
SC-43::b,SC-43,Control,b.,"Authorize, monitor, and control the use of such components within the system.",NIST SP 800-53r5
SC-45(1)::a,SC-45(1),ControlEnhancement,(a),Compare the internal system clocks [Assignment: organization-defined frequency] with [Assignment: organization-defined authoritative time source]; and,NIST SP 800-53r5
SC-45(1)::b,SC-45(1),ControlEnhancement,(b),Synchronize the internal system clocks to the authoritative time source when the time difference is greater than [Assignment: organization-defined time period].,NIST SP 800-53r5
SC-45(2)::a,SC-45(2),ControlEnhancement,(a),Identify a secondary authoritative time source that is in a different geographic region than the primary authoritative time source; and,NIST SP 800-53r5
SC-45(2)::b,SC-45(2),ControlEnhancement,(b),Synchronize the internal system clocks to the secondary authoritative time source if the primary authoritative time source is unavailable.,NIST SP 800-53r5
SC-51::a,SC-51,Control,a.,"Employ hardware-based, write-protect for [Assignment: organization-defined system firmware components]; and",NIST SP 800-53r5
SC-51::b,SC-51,Control,b.,Implement specific procedures for [Assignment: organization-defined authorized individuals] to manually disable hardware write-protect for firmware modifications and re-enable the write-protect prior to returning to operational mode.,NIST SP 800-53r5
SI-1::a,SI-1,Control,a.,"Develop, document, and disseminate to [Assignment: organization-defined personnel or roles]:",NIST SP 800-53r5
SI-1::a.1,SI-1::a,ControlItem,1.,[Selection (one or more): Organization-level; Mission/business process-level; System-level] system and information integrity policy that:,NIST SP 800-53r5
SI-1::a.1.a,SI-1::a.1,ControlItem,(a),"Addresses purpose, scope, roles, responsibilities, management commitment, coordination among organizational entities, and compliance; and",NIST SP 800-53r5
SI-1::a.1.b,SI-1::a.1,ControlItem,(b),"Is consistent with applicable laws, executive orders, directives, regulations, policies, standards, and guidelines; and",NIST SP 800-53r5
SI-1::a.2,SI-1::a,ControlItem,2.,Procedures to facilitate the implementation of the system and information integrity policy and the associated system and information integrity controls;,NIST SP 800-53r5
SI-1::b,SI-1,Control,b.,"Designate an [Assignment: organization-defined official] to manage the development, documentation, and dissemination of the system and information integrity policy and procedures; and",NIST SP 800-53r5
SI-1::c,SI-1,Control,c.,Review and update the current system and information integrity:,NIST SP 800-53r5
SI-1::c.1,SI-1::c,ControlItem,1.,Policy [Assignment: organization-defined frequency] and following [Assignment: organization-defined events]; and,NIST SP 800-53r5
SI-1::c.2,SI-1::c,ControlItem,2.,Procedures [Assignment: organization-defined frequency] and following [Assignment: organization-defined events].,NIST SP 800-53r5
SI-2::a,SI-2,Control,a.,"Identify, report, and correct system flaws;",NIST SP 800-53r5
SI-2::b,SI-2,Control,b.,Test software and firmware updates related to flaw remediation for effectiveness and potential side effects before installation;,NIST SP 800-53r5
SI-2::c,SI-2,Control,c.,Install security-relevant software and firmware updates within [Assignment: organization-defined time period] of the release of the updates; and,NIST SP 800-53r5
SI-2::d,SI-2,Control,d.,Incorporate flaw remediation into the organizational configuration management process.,NIST SP 800-53r5
SI-2(3)::a,SI-2(3),ControlEnhancement,(a),Measure the time between flaw identification and flaw remediation; and,NIST SP 800-53r5
SI-2(3)::b,SI-2(3),ControlEnhancement,(b),Establish the following benchmarks for taking corrective actions: [Assignment: organization-defined benchmarks].,NIST SP 800-53r5
SI-3::a,SI-3,Control,a.,Implement [Selection (one or more): signature based; non-signature based] malicious code protection mechanisms at system entry and exit points to detect and eradicate malicious code;,NIST SP 800-53r5
SI-3::b,SI-3,Control,b.,Automatically update malicious code protection mechanisms as new releases are available in accordance with organizational configuration management policy and procedures;,NIST SP 800-53r5
SI-3::c,SI-3,Control,c.,Configure malicious code protection mechanisms to:,NIST SP 800-53r5
SI-3::c.1,SI-3::c,ControlItem,1.,"Perform periodic scans of the system [Assignment: organization-defined frequency] and real-time scans of files from external sources at [Selection (one or more): endpoint; network entry and exit points] as the files are downloaded, opened, or executed in accordance with organizational policy; and",NIST SP 800-53r5
SI-3::c.2,SI-3::c,ControlItem,2.,[Selection (one or more): block malicious code; quarantine malicious code; take [Assignment: organization-defined action]]; and send alert to [Assignment: organization-defined personnel or roles] in response to malicious code detection; and,NIST SP 800-53r5
SI-3::d,SI-3,Control,d.,Address the receipt of false positives during malicious code detection and eradication and the resulting potential impact on the availability of the system.,NIST SP 800-53r5
SI-3(6)::a,SI-3(6),ControlEnhancement,(a),Test malicious code protection mechanisms [Assignment: organization-defined frequency] by introducing known benign code into the system; and,NIST SP 800-53r5
SI-3(6)::b,SI-3(6),ControlEnhancement,(b),Verify that the detection of the code and the associated incident reporting occur.,NIST SP 800-53r5
SI-3(8)::a,SI-3(8),ControlEnhancement,(a),Detect the following unauthorized operating system commands through the kernel application programming interface on [Assignment: organization-defined system hardware components]: [Assignment: organization-defined unauthorized operating system commands]; and,NIST SP 800-53r5
SI-3(8)::b,SI-3(8),ControlEnhancement,(b),[Selection (one or more): issue a warning; audit the command execution; prevent the execution of the command].,NIST SP 800-53r5
SI-3(10)::a,SI-3(10),ControlEnhancement,(a),Employ the following tools and techniques to analyze the characteristics and behavior of malicious code: [Assignment: organization-defined tools and techniques]; and,NIST SP 800-53r5
SI-3(10)::b,SI-3(10),ControlEnhancement,(b),Incorporate the results from malicious code analysis into organizational incident response and flaw remediation processes.,NIST SP 800-53r5
SI-4::a,SI-4,Control,a.,Monitor the system to detect:,NIST SP 800-53r5
SI-4::a.1,SI-4::a,ControlItem,1.,Attacks and indicators of potential attacks in accordance with the following monitoring objectives: [Assignment: organization-defined monitoring objectives]; and,NIST SP 800-53r5
SI-4::a.2,SI-4::a,ControlItem,2.,"Unauthorized local, network, and remote connections;",NIST SP 800-53r5
SI-4::b,SI-4,Control,b.,Identify unauthorized use of the system through the following techniques and methods: [Assignment: organization-defined techniques and methods];,NIST SP 800-53r5
SI-4::c,SI-4,Control,c.,Invoke internal monitoring capabilities or deploy monitoring devices:,NIST SP 800-53r5
SI-4::c.1,SI-4::c,ControlItem,1.,Strategically within the system to collect organization-determined essential information; and,NIST SP 800-53r5
SI-4::c.2,SI-4::c,ControlItem,2.,At ad hoc locations within the system to track specific types of transactions of interest to the organization;,NIST SP 800-53r5
SI-4::d,SI-4,Control,d.,Analyze detected events and anomalies;,NIST SP 800-53r5
SI-4::e,SI-4,Control,e.,"Adjust the level of system monitoring activity when there is a change in risk to organizational operations and assets, individuals, other organizations, or the Nation;",NIST SP 800-53r5
SI-4::f,SI-4,Control,f.,Obtain legal opinion regarding system monitoring activities; and,NIST SP 800-53r5
SI-4::g,SI-4,Control,g.,Provide [Assignment: organization-defined system monitoring information] to [Assignment: organization-defined personnel or roles] [Selection (one or more): as needed; [Assignment: organization-defined frequency]].,NIST SP 800-53r5
SI-4(4)::a,SI-4(4),ControlEnhancement,(a),Determine criteria for unusual or unauthorized activities or conditions for inbound and outbound communications traffic;,NIST SP 800-53r5
SI-4(4)::b,SI-4(4),ControlEnhancement,(b),Monitor inbound and outbound communications traffic [Assignment: organization-defined frequency] for [Assignment: organization-defined unusual or unauthorized activities or conditions].,NIST SP 800-53r5
SI-4(7)::a,SI-4(7),ControlEnhancement,(a),Notify [Assignment: organization-defined incident response personnel (identified by name and/or by role)] of detected suspicious events; and,NIST SP 800-53r5
SI-4(7)::b,SI-4(7),ControlEnhancement,(b),Take the following actions upon detection: [Assignment: organization-defined least-disruptive actions to terminate suspicious events].,NIST SP 800-53r5
SI-4(13)::a,SI-4(13),ControlEnhancement,(a),Analyze communications traffic and event patterns for the system;,NIST SP 800-53r5
SI-4(13)::b,SI-4(13),ControlEnhancement,(b),Develop profiles representing common traffic and event patterns; and,NIST SP 800-53r5
SI-4(13)::c,SI-4(13),ControlEnhancement,(c),Use the traffic and event profiles in tuning system-monitoring devices.,NIST SP 800-53r5
SI-4(22)::a,SI-4(22),ControlEnhancement,(a),Detect network services that have not been authorized or approved by [Assignment: organization-defined authorization or approval processes]; and,NIST SP 800-53r5
SI-4(22)::b,SI-4(22),ControlEnhancement,(b),[Selection (one or more): Audit; Alert [Assignment: organization-defined personnel or roles]] when detected.,NIST SP 800-53r5
SI-5::a,SI-5,Control,a.,"Receive system security alerts, advisories, and directives from [Assignment: organization-defined external organizations] on an ongoing basis;",NIST SP 800-53r5
SI-5::b,SI-5,Control,b.,"Generate internal security alerts, advisories, and directives as deemed necessary;",NIST SP 800-53r5
SI-5::c,SI-5,Control,c.,"Disseminate security alerts, advisories, and directives to: [Selection (one or more): [Assignment: organization-defined personnel or roles]; [Assignment: organization-defined elements within the organization]; [Assignment: organization-defined external organizations]]; and",NIST SP 800-53r5
SI-5::d,SI-5,Control,d.,"Implement security directives in accordance with established time frames, or notify the issuing organization of the degree of noncompliance.",NIST SP 800-53r5
SI-6::a,SI-6,Control,a.,Verify the correct operation of [Assignment: organization-defined security and privacy functions];,NIST SP 800-53r5
SI-6::b,SI-6,Control,b.,Perform the verification of the functions specified in SI-6a [Selection (one or more): [Assignment: organization-defined system transitional states]; upon command by user with appropriate privilege; [Assignment: organization-defined frequency]];,NIST SP 800-53r5
SI-6::c,SI-6,Control,c.,Alert [Assignment: organization-defined personnel or roles] to failed security and privacy verification tests; and,NIST SP 800-53r5
SI-6::d,SI-6,Control,d.,[Selection (one or more): Shut the system down; Restart the system; [Assignment: organization-defined alternative action(s)]] when anomalies are discovered.,NIST SP 800-53r5
SI-7::a,SI-7,Control,a.,"Employ integrity verification tools to detect unauthorized changes to the following software, firmware, and information: [Assignment: organization-defined software, firmware, and information]; and",NIST SP 800-53r5
SI-7::b,SI-7,Control,b.,"Take the following actions when unauthorized changes to the software, firmware, and information are detected: [Assignment: organization-defined actions].",NIST SP 800-53r5
SI-8::a,SI-8,Control,a.,Employ spam protection mechanisms at system entry and exit points to detect and act on unsolicited messages; and,NIST SP 800-53r5
SI-8::b,SI-8,Control,b.,Update spam protection mechanisms when new releases are available in accordance with organizational configuration management policy and procedures.,NIST SP 800-53r5
SI-10(1)::a,SI-10(1),ControlEnhancement,(a),Provide a manual override capability for input validation of the following information inputs: [Assignment: organization-defined inputs defined in the base control (SI-10)];,NIST SP 800-53r5
SI-10(1)::b,SI-10(1),ControlEnhancement,(b),Restrict the use of the manual override capability to only [Assignment: organization-defined authorized individuals]; and,NIST SP 800-53r5
SI-10(1)::c,SI-10(1),ControlEnhancement,(c),Audit the use of the manual override capability.,NIST SP 800-53r5
SI-11::a,SI-11,Control,a.,Generate error messages that provide information necessary for corrective actions without revealing information that could be exploited; and,NIST SP 800-53r5
SI-11::b,SI-11,Control,b.,Reveal error messages only to [Assignment: organization-defined personnel or roles].,NIST SP 800-53r5
SI-13::a,SI-13,Control,a.,Determine mean time to failure (MTTF) for the following system components in specific environments of operation: [Assignment: organization-defined system components]; and,NIST SP 800-53r5
SI-13::b,SI-13,Control,b.,Provide substitute system components and a means to exchange active and standby components in accordance with the following criteria: [Assignment: organization-defined MTTF substitution criteria].,NIST SP 800-53r5
SI-13(4)::a,SI-13(4),ControlEnhancement,(a),Ensure that the standby components are successfully and transparently installed within [Assignment: organization-defined time period]; and,NIST SP 800-53r5
SI-13(4)::b,SI-13(4),ControlEnhancement,(b),[Selection (one or more): Activate [Assignment: organization-defined alarm]; Automatically shut down the system; [Assignment: organization-defined action]].,NIST SP 800-53r5
SI-14(2)::a,SI-14(2),ControlEnhancement,(a),[Selection: Refresh [Assignment: organization-defined information] [Assignment: organization-defined frequency]; Generate [Assignment: organization-defined information] on demand]; and,NIST SP 800-53r5
SI-14(2)::b,SI-14(2),ControlEnhancement,(b),Delete information when no longer needed.,NIST SP 800-53r5
SI-18::a,SI-18,Control,a.,"Check the accuracy, relevance, timeliness, and completeness of personally identifiable information across the information life cycle [Assignment: organization-defined frequency]; and",NIST SP 800-53r5
SI-18::b,SI-18,Control,b.,Correct or delete inaccurate or outdated personally identifiable information.,NIST SP 800-53r5
SI-19::a,SI-19,Control,a.,Remove the following elements of personally identifiable information from datasets: [Assignment: organization-defined elements of personally identifiable information]; and,NIST SP 800-53r5
SI-19::b,SI-19,Control,b.,Evaluate [Assignment: organization-defined frequency] for effectiveness of de-identification.,NIST SP 800-53r5
SI-22::a,SI-22,Control,a.,Identify the following alternative sources of information for [Assignment: organization-defined essential functions and services]: [Assignment: organization-defined alternative information sources]; and,NIST SP 800-53r5
SI-22::b,SI-22,Control,b.,Use an alternative information source for the execution of essential functions or services on [Assignment: organization-defined systems or system components] when the primary source of information is corrupted or unavailable.,NIST SP 800-53r5
SI-23::a,SI-23,Control,a.,Fragment the following information: [Assignment: organization-defined information]; and,NIST SP 800-53r5
SI-23::b,SI-23,Control,b.,Distribute the fragmented information across the following systems or system components: [Assignment organization-defined systems or system components].,NIST SP 800-53r5
SR-1::a,SR-1,Control,a.,"Develop, document, and disseminate to [Assignment: organization-defined personnel or roles]:",NIST SP 800-53r5
SR-1::a.1,SR-1::a,ControlItem,1.,[Selection (one or more): Organization-level; Mission/business process-level; System-level] supply chain risk management policy that:,NIST SP 800-53r5
SR-1::a.1.a,SR-1::a.1,ControlItem,(a),"Addresses purpose, scope, roles, responsibilities, management commitment, coordination among organizational entities, and compliance; and",NIST SP 800-53r5
SR-1::a.1.b,SR-1::a.1,ControlItem,(b),"Is consistent with applicable laws, executive orders, directives, regulations, policies, standards, and guidelines; and",NIST SP 800-53r5
SR-1::a.2,SR-1::a,ControlItem,2.,Procedures to facilitate the implementation of the supply chain risk management policy and the associated supply chain risk management controls;,NIST SP 800-53r5
SR-1::b,SR-1,Control,b.,"Designate an [Assignment: organization-defined official] to manage the development, documentation, and dissemination of the supply chain risk management policy and procedures; and",NIST SP 800-53r5
SR-1::c,SR-1,Control,c.,Review and update the current supply chain risk management:,NIST SP 800-53r5
SR-1::c.1,SR-1::c,ControlItem,1.,Policy [Assignment: organization-defined frequency] and following [Assignment: organization-defined events]; and,NIST SP 800-53r5
SR-1::c.2,SR-1::c,ControlItem,2.,Procedures [Assignment: organization-defined frequency] and following [Assignment: organization-defined events].,NIST SP 800-53r5
SR-2::a,SR-2,Control,a.,"Develop a plan for managing supply chain risks associated with the research and development, design, manufacturing, acquisition, delivery, integration, operations and maintenance, and disposal of the following systems, system components or system services: [Assignment: organization-defined systems, system components, or system services];",NIST SP 800-53r5
SR-2::b,SR-2,Control,b.,"Review and update the supply chain risk management plan [Assignment: organization-defined frequency] or as required, to address threat, organizational or environmental changes; and",NIST SP 800-53r5
SR-2::c,SR-2,Control,c.,Protect the supply chain risk management plan from unauthorized disclosure and modification.,NIST SP 800-53r5
SR-3::a,SR-3,Control,a.,Establish a process or processes to identify and address weaknesses or deficiencies in the supply chain elements and processes of [Assignment: organization-defined system or system component] in coordination with [Assignment: organization-defined supply chain personnel];,NIST SP 800-53r5
SR-3::b,SR-3,Control,b.,"Employ the following controls to protect against supply chain risks to the system, system component, or system service and to limit the harm or consequences from supply chain-related events: [Assignment: organization-defined supply chain controls]; and",NIST SP 800-53r5
SR-3::c,SR-3,Control,c.,Document the selected and implemented supply chain processes and controls in [Selection: security and privacy plans; supply chain risk management plan; [Assignment: organization-defined document]].,NIST SP 800-53r5
SR-11::a,SR-11,Control,a.,Develop and implement anti-counterfeit policy and procedures that include the means to detect and prevent counterfeit components from entering the system; and,NIST SP 800-53r5
SR-11::b,SR-11,Control,b.,Report counterfeit system components to [Selection (one or more): source of counterfeit component; [Assignment: organization-defined external reporting organizations]; [Assignment: organization-defined personnel or roles]].,NIST SP 800-53r5
