clause_id,section_id,clause_path,label,level,text,reserved,parent_id,part_id,source_document
SEC-120.1(a),SEC-120.1,(a),a,1,"Authority and delegation. Section 38 of the Arms Export Control Act (22 U.S.C. 2778), as amended, authorizes the President to control the export and import of defense articles and defense services. The statutory authority of the President to promulgate regulations with respect to exports of defense articles and defense services is delegated to the Secretary of State by Executive Order 13637. This subchapter implements that authority, as well as other relevant authorities in the Arms Export Control Act (22 U.S.C. 2751 et seq.). The Secretary of State delegates the authority to administer the regulations in this subchapter to the Deputy Assistant Secretary of State for Defense Trade Controls, Bureau of Political- Military Affairs.",,SEC-120.1,PART-120,"International Traffic in Arms Regulations (ITAR), 22 CFR Parts 120-130, amended through 2 October 2025 (KB 2/USA/ITAR.pdf)"
SEC-120.1(b),SEC-120.1,(b),b,1,Authorized officials.,,SEC-120.1,PART-120,"International Traffic in Arms Regulations (ITAR), 22 CFR Parts 120-130, amended through 2 October 2025 (KB 2/USA/ITAR.pdf)"
SEC-120.1(c),SEC-120.1,(c),c,1,All authorities administered by the Deputy Assistant Secretary of State for Defense Trade Controls pursuant to this subchapter may be exercised at any time by the Under Secretary of State for Arms Controls and International Security or the Assistant Secretary of State for Political-Military Affairs.,,SEC-120.1,PART-120,"International Traffic in Arms Regulations (ITAR), 22 CFR Parts 120-130, amended through 2 October 2025 (KB 2/USA/ITAR.pdf)"
SEC-120.1(d),SEC-120.1,(d),d,1,"The Deputy Assistant Secretary of State for Defense Trade Controls supervises the Directorate of Defense Trade Controls, which is comprised of the following offices:",,SEC-120.1,PART-120,"International Traffic in Arms Regulations (ITAR), 22 CFR Parts 120-130, amended through 2 October 2025 (KB 2/USA/ITAR.pdf)"
SEC-120.1(e),SEC-120.1,(e),e,1,"The Office of Defense Trade Controls Licensing and the Director, Office of Defense Trade Controls Licensing, which have responsibilities related to licensing or other approvals of defense trade, including references under this part and parts 123, 124, 125, 126, 129, and 130 of this subchapter.",,SEC-120.1,PART-120,"International Traffic in Arms Regulations (ITAR), 22 CFR Parts 120-130, amended through 2 October 2025 (KB 2/USA/ITAR.pdf)"
SEC-120.1(f),SEC-120.1,(f),f,1,"The office of Defense Trade Controls Compliance and the Director, Office of Defense Trade Controls Compliance, which have responsibilities related to violations of law or regulation and compliance therewith, including references contained in parts 122, 126, 127, 128, and 130 of this subchapter, and those portions under this part and part 129 of this subchapter pertaining to registration.",,SEC-120.1,PART-120,"International Traffic in Arms Regulations (ITAR), 22 CFR Parts 120-130, amended through 2 October 2025 (KB 2/USA/ITAR.pdf)"
SEC-120.1(g),SEC-120.1,(g),g,1,"The Office of Defense Trade Controls Policy and the Director, Office of Defense Trade Controls Policy, which have responsibilities related to the general policies of defense trade, including references under this part and part 126 of this subchapter, and the commodity jurisdiction procedure under this part.",,SEC-120.1,PART-120,"International Traffic in Arms Regulations (ITAR), 22 CFR Parts 120-130, amended through 2 October 2025 (KB 2/USA/ITAR.pdf)"
SEC-120.3(a),SEC-120.3,(a),a,1,"For purposes of this subchapter, a specific article or service may be designated a defense article (see § 120.31) or defense service (see § 120.32) if it:",,SEC-120.3,PART-120,"International Traffic in Arms Regulations (ITAR), 22 CFR Parts 120-130, amended through 2 October 2025 (KB 2/USA/ITAR.pdf)"
SEC-120.3(a)(1),SEC-120.3,(a)(1),1,2,Meets the criteria of a defense article or defense service on the U.S. Munitions List,,SEC-120.3(a),PART-120,"International Traffic in Arms Regulations (ITAR), 22 CFR Parts 120-130, amended through 2 October 2025 (KB 2/USA/ITAR.pdf)"
SEC-120.3(a)(1)(USML),SEC-120.3,(a)(1)(USML),USML,3,(part 121 of this subchapter); or,,SEC-120.3(a)(1),PART-120,"International Traffic in Arms Regulations (ITAR), 22 CFR Parts 120-130, amended through 2 October 2025 (KB 2/USA/ITAR.pdf)"
SEC-120.3(a)(2),SEC-120.3,(a)(2),2,2,Provides the equivalent performance capabilities of a defense article on the USML.,,SEC-120.3(a),PART-120,"International Traffic in Arms Regulations (ITAR), 22 CFR Parts 120-130, amended through 2 October 2025 (KB 2/USA/ITAR.pdf)"
SEC-120.3(b),SEC-120.3,(b),b,1,"For purposes of this subchapter, a specific article or service shall be determined",,SEC-120.3,PART-120,"International Traffic in Arms Regulations (ITAR), 22 CFR Parts 120-130, amended through 2 October 2025 (KB 2/USA/ITAR.pdf)"
SEC-120.3(c),SEC-120.3,(c),c,1,in the future as a defense article or defense service if it provides a critical military or intelligence advantage such that it warrants controls under this subchapter.,,SEC-120.3,PART-120,"International Traffic in Arms Regulations (ITAR), 22 CFR Parts 120-130, amended through 2 October 2025 (KB 2/USA/ITAR.pdf)"
SEC-120.3(d),SEC-120.3,(d),d,1,A specific article or service is not a defense article or defense service for purposes of this subchapter if it:,,SEC-120.3,PART-120,"International Traffic in Arms Regulations (ITAR), 22 CFR Parts 120-130, amended through 2 October 2025 (KB 2/USA/ITAR.pdf)"
SEC-120.3(d)(1),SEC-120.3,(d)(1),1,2,Is determined to be under the jurisdiction of another department or agency of the U.S. Government (see § 120.5) pursuant to a commodity jurisdiction determination (see § 120.4) unless superseded by changes to the USML or by a subsequent commodity jurisdiction determination; or,,SEC-120.3(d),PART-120,"International Traffic in Arms Regulations (ITAR), 22 CFR Parts 120-130, amended through 2 October 2025 (KB 2/USA/ITAR.pdf)"
SEC-120.3(d)(2),SEC-120.3,(d)(2),2,2,Meets one of the criteria of § 120.41(b) when the article is used in or with a defense article and specially designed is used as a control criteria.,,SEC-120.3(d),PART-120,"International Traffic in Arms Regulations (ITAR), 22 CFR Parts 120-130, amended through 2 October 2025 (KB 2/USA/ITAR.pdf)"
SEC-120.4(a),SEC-120.4,(a),a,1,The commodity jurisdiction procedure is used with the U.S. Government if doubt exists as to whether an article or service is covered by the U.S. Munitions List (USML). It may also be used for consideration of a redesignation of an article or service currently covered by the USML. The Department must provide notice to Congress at least 30 days before any item is removed from the USML.,,SEC-120.4,PART-120,"International Traffic in Arms Regulations (ITAR), 22 CFR Parts 120-130, amended through 2 October 2025 (KB 2/USA/ITAR.pdf)"
SEC-120.4(b),SEC-120.4,(b),b,1,The procedure for submitting a Commodity Jurisdiction Determination Request to the Directorate of Defense Trade Controls is set forth in § 120.12.,,SEC-120.4,PART-120,"International Traffic in Arms Regulations (ITAR), 22 CFR Parts 120-130, amended through 2 October 2025 (KB 2/USA/ITAR.pdf)"
SEC-120.5(a),SEC-120.5,(a),a,1,"The Department of Justice, the U.S. Munitions Import List (USMIL), and permanent imports. Defense articles and defense services covered by the U.S. Munitions List set forth in this subchapter are regulated by the Department of State (see also § 120.2) for purposes of export, reexport, retransfer, and temporary import. The President has delegated the authority to control the permanent import of defense articles and services to the Attorney General. The defense articles and services controlled by the Secretary of State and the Attorney General collectively comprise the U.S. Munitions List under the Arms Export Control Act. As the Attorney General exercises independent delegated authority to designate defense articles and services for purposes of permanent import controls, the permanent import control list administered by the Department of Justice has been separately labeled the U.S. Munitions Import List (27 CFR part 447) to distinguish it from the list set out in this subchapter. In carrying out the functions delegated to the Attorney General pursuant to the Arms Export Control Act, the Attorney General shall be guided by the views of the Secretary of State on matters affecting world peace and the external security and foreign policy of the United States.",,SEC-120.5,PART-120,"International Traffic in Arms Regulations (ITAR), 22 CFR Parts 120-130, amended through 2 October 2025 (KB 2/USA/ITAR.pdf)"
SEC-120.5(b),SEC-120.5,(b),b,1,The Department of Commerce and the Export Administration Regulations –,,SEC-120.5,PART-120,"International Traffic in Arms Regulations (ITAR), 22 CFR Parts 120-130, amended through 2 October 2025 (KB 2/USA/ITAR.pdf)"
SEC-120.5(b)(1),SEC-120.5,(b)(1),1,2,"Export of items subject to the Export Administration Regulations by authority of the Department of Commerce. The Department of Commerce regulates the export, reexport, and in-country transfer of items on the Commerce Control List and other items subject to its jurisdiction, as well as certain activities performed by U.S. persons, including those that may contribute to the proliferation of weapons of mass destruction, under the Export Administration Regulations (EAR) (15 CFR parts 730 through 774).",,SEC-120.5(b),PART-120,"International Traffic in Arms Regulations (ITAR), 22 CFR Parts 120-130, amended through 2 October 2025 (KB 2/USA/ITAR.pdf)"
SEC-120.5(b)(2),SEC-120.5,(b)(2),2,2,"Export of items subject to the EAR by authority of the Department of State. A license or other approval (see § 120.57) from the Department of State granted in accordance with this subchapter may also authorize the export of items subject to the EAR (see § 120.58). An exemption (see § 120.57 and parts 123, 124, 125, and 126 of this subchapter) may only be used to export an item subject to the EAR that is for use in or with a defense article and is included in the same shipment as any defense article. Separate approval from the Department of Commerce is not required for these items. No exemption under this subchapter may be utilized to export an item subject to the EAR if not accompanied by a defense article. Those items subject to the EAR exported pursuant to a Department of State license or other approval would remain under the jurisdiction of the Department of Commerce for any subsequent transactions. The inclusion of items subject to the EAR on a Department of State license or other approval does not change the licensing jurisdiction of the items.",,SEC-120.5(b),PART-120,"International Traffic in Arms Regulations (ITAR), 22 CFR Parts 120-130, amended through 2 October 2025 (KB 2/USA/ITAR.pdf)"
SEC-120.5(c),SEC-120.5,(c),c,1,Nuclear related controls; Department of Energy and the Nuclear Regulatory Commission.,,SEC-120.5,PART-120,"International Traffic in Arms Regulations (ITAR), 22 CFR Parts 120-130, amended through 2 October 2025 (KB 2/USA/ITAR.pdf)"
SEC-120.5(c)(1),SEC-120.5,(c)(1),1,2,"The provisions of this subchapter do not apply to articles, technical data, or services in Category VI, Category XV, Category XVI, and Category XX of § 121.1 of this subchapter to the extent that exports of such articles, technical data, or services are controlled by the Department of Energy or the Nuclear Regulatory Commission pursuant to the Atomic Energy Act of 1954 (AEA), as amended, and the Nuclear Non- Proliferation Act of 1978, as amended, or are government transfers authorized pursuant to these Acts. For Department of Commerce controls, see 15 CFR 742.3 and 744.2, administered pursuant to Section 309(c) of the Nuclear Nonproliferation Act of 1978, as amended (42 U.S.C. 2139a(c)), and 15 CFR 744.5, which are not subject to this subchapter.",,SEC-120.5(c),PART-120,"International Traffic in Arms Regulations (ITAR), 22 CFR Parts 120-130, amended through 2 October 2025 (KB 2/USA/ITAR.pdf)"
SEC-120.5(c)(2),SEC-120.5,(c)(2),2,2,"The transfer of materials, including special nuclear materials, nuclear parts of nuclear weapons, or other, non-nuclear parts of nuclear weapons systems involving Restricted Data or of assistance involving any person directly or indirectly engaging in the production or use thereof is prohibited except as authorized by the AEA. The transfer of Restricted Data or such assistance is prohibited except as authorized by the AEA. The technical data or defense services relating to nuclear weapons, nuclear weapons systems or related defense purposes (and such data or services relating to applications of atomic energy for peaceful purposes, or related research and development) may constitute Restricted Data or such assistance, subject to the foregoing prohibition.",,SEC-120.5(c),PART-120,"International Traffic in Arms Regulations (ITAR), 22 CFR Parts 120-130, amended through 2 October 2025 (KB 2/USA/ITAR.pdf)"
SEC-120.5(c)(3),SEC-120.5,(c)(3),3,2,"A license for the export of a defense article, technical data, or the furnishing of a defense service relating to defense articles referred to in Category VI(e) or Category XX(b)(1) of",,SEC-120.5(c),PART-120,"International Traffic in Arms Regulations (ITAR), 22 CFR Parts 120-130, amended through 2 October 2025 (KB 2/USA/ITAR.pdf)"
SEC-120.5(c)(3)(i),SEC-120.5,(c)(3)(i),i,3,If the proposed export involves an article which is identical to that in use in an unclassified civilian nuclear power plant;,,SEC-120.5(c)(3),PART-120,"International Traffic in Arms Regulations (ITAR), 22 CFR Parts 120-130, amended through 2 October 2025 (KB 2/USA/ITAR.pdf)"
SEC-120.5(c)(3)(ii),SEC-120.5,(c)(3)(ii),ii,3,If the proposed export has no relationship to naval nuclear propulsion; and,,SEC-120.5(c)(3),PART-120,"International Traffic in Arms Regulations (ITAR), 22 CFR Parts 120-130, amended through 2 October 2025 (KB 2/USA/ITAR.pdf)"
SEC-120.5(c)(3)(iii),SEC-120.5,(c)(3)(iii),iii,3,If it is not for use in a naval propulsion plant.,,SEC-120.5(c)(3),PART-120,"International Traffic in Arms Regulations (ITAR), 22 CFR Parts 120-130, amended through 2 October 2025 (KB 2/USA/ITAR.pdf)"
SEC-120.6(a),SEC-120.6,(a),a,1,Section 38 of the Arms Export Control Act (22 U.S.C. 2778);,,SEC-120.6,PART-120,"International Traffic in Arms Regulations (ITAR), 22 CFR Parts 120-130, amended through 2 October 2025 (KB 2/USA/ITAR.pdf)"
SEC-120.6(b),SEC-120.6,(b),b,1,Section 1760 of the Export Control Reform Act of 2018 (50 U.S.C. 4819) or section 11 of the Export Administration Act of 1979 (50 U.S.C. 4610);,,SEC-120.6,PART-120,"International Traffic in Arms Regulations (ITAR), 22 CFR Parts 120-130, amended through 2 October 2025 (KB 2/USA/ITAR.pdf)"
SEC-120.6(c),SEC-120.6,(c),c,1,"Section 793, 794, or 798 of title 18, United States Code (relating to espionage involving defense or classified information) or section 2332d, 2339A, 2339B, 2339C, or 2339D of such title (relating to financial transactions with the government of a country designated as a country supporting international terrorism, providing material support to terrorists or terrorist organizations, financing of terrorism, or receiving military-type training from a foreign terrorist organization);",,SEC-120.6,PART-120,"International Traffic in Arms Regulations (ITAR), 22 CFR Parts 120-130, amended through 2 October 2025 (KB 2/USA/ITAR.pdf)"
SEC-120.6(d),SEC-120.6,(d),d,1,Section 16 of the Trading with the Enemy Act (50 U.S.C. 4315);,,SEC-120.6,PART-120,"International Traffic in Arms Regulations (ITAR), 22 CFR Parts 120-130, amended through 2 October 2025 (KB 2/USA/ITAR.pdf)"
SEC-120.6(e),SEC-120.6,(e),e,1,Section 206 of the International Emergency Economic Powers Act (relating to foreign assets controls; 50 U.S.C. 1705);,,SEC-120.6,PART-120,"International Traffic in Arms Regulations (ITAR), 22 CFR Parts 120-130, amended through 2 October 2025 (KB 2/USA/ITAR.pdf)"
SEC-120.6(f),SEC-120.6,(f),f,1,Section 30A of the Securities Exchange Act of 1934 (15 U.S.C. 78dd-1) or section 104 of the Foreign Corrupt Practices Act (15 U.S.C. 78dd-2 or 78dd-3);,,SEC-120.6,PART-120,"International Traffic in Arms Regulations (ITAR), 22 CFR Parts 120-130, amended through 2 October 2025 (KB 2/USA/ITAR.pdf)"
SEC-120.6(g),SEC-120.6,(g),g,1,"Chapter 105 of title 18, United States Code (relating to sabotage);",,SEC-120.6,PART-120,"International Traffic in Arms Regulations (ITAR), 22 CFR Parts 120-130, amended through 2 October 2025 (KB 2/USA/ITAR.pdf)"
SEC-120.6(h),SEC-120.6,(h),h,1,Section 4(b) of the Internal Security Act of 1950 (relating to communication of classified information; 50 U.S.C. 783(a));,,SEC-120.6,PART-120,"International Traffic in Arms Regulations (ITAR), 22 CFR Parts 120-130, amended through 2 October 2025 (KB 2/USA/ITAR.pdf)"
SEC-120.6(i),SEC-120.6,(i),i,1,"Sections 57, 92, 101, 222, 224, 225, or 226 of the Atomic Energy Act of 1954 (42 U.S.C. 2077, 2122, 2131, 2134, 2272, 2274, 2275, and 2276);",,SEC-120.6,PART-120,"International Traffic in Arms Regulations (ITAR), 22 CFR Parts 120-130, amended through 2 October 2025 (KB 2/USA/ITAR.pdf)"
SEC-120.6(j),SEC-120.6,(j),j,1,Section 601 of the National Security Act of 1947 (relating to intelligence identities protection; 50 U.S.C. 421);,,SEC-120.6,PART-120,"International Traffic in Arms Regulations (ITAR), 22 CFR Parts 120-130, amended through 2 October 2025 (KB 2/USA/ITAR.pdf)"
SEC-120.6(k),SEC-120.6,(k),k,1,"Section 371 of title 18, United States Code (when it involves conspiracy to violate any of the statutes listed in this section);",,SEC-120.6,PART-120,"International Traffic in Arms Regulations (ITAR), 22 CFR Parts 120-130, amended through 2 October 2025 (KB 2/USA/ITAR.pdf)"
SEC-120.6(l),SEC-120.6,(l),l,1,"Section 3, 4, 5, and 6 of the Intelligence Reform and Terrorism Prevention Act of 2004, Public Law 108-458 sections 6903-6906, relating to missile systems designed to destroy aircraft (18 U.S.C. 2332g), prohibitions governing atomic weapons (42 U.S.C. 2122), radiological dispersal services (18 U.S.C. 2332h), and variola virus (18 U.S.C. 175c);",,SEC-120.6,PART-120,"International Traffic in Arms Regulations (ITAR), 22 CFR Parts 120-130, amended through 2 October 2025 (KB 2/USA/ITAR.pdf)"
SEC-120.6(m),SEC-120.6,(m),m,1,"Sections 2779 and 2780 of title 22, United States Code (relating to fees of military sales agents and other payments, and transactions with countries supporting acts of international terrorism);",,SEC-120.6,PART-120,"International Traffic in Arms Regulations (ITAR), 22 CFR Parts 120-130, amended through 2 October 2025 (KB 2/USA/ITAR.pdf)"
SEC-120.6(n),SEC-120.6,(n),n,1,"Section 542 of title 18, United States Code (relating to the entry of goods by means of false statements), where the underlying offense involves a defense article, including technical data, or violations related to the Arms Export Control Act (AECA) or International Traffic in Arms Regulations (ITAR) in this subchapter;",,SEC-120.6,PART-120,"International Traffic in Arms Regulations (ITAR), 22 CFR Parts 120-130, amended through 2 October 2025 (KB 2/USA/ITAR.pdf)"
SEC-120.6(o),SEC-120.6,(o),o,1,"Section 545 of title 18, United States Code (relating to smuggling goods into the United States), where the underlying offense involves a defense article, including technical data, or violations related to the AECA or ITAR;",,SEC-120.6,PART-120,"International Traffic in Arms Regulations (ITAR), 22 CFR Parts 120-130, amended through 2 October 2025 (KB 2/USA/ITAR.pdf)"
SEC-120.6(p),SEC-120.6,(p),p,1,"Section 554 of title 18, United States Code (relating to smuggling goods from the United States), where the underlying offense involves a defense article, including technical data, or violations related to the AECA or ITAR; and",,SEC-120.6,PART-120,"International Traffic in Arms Regulations (ITAR), 22 CFR Parts 120-130, amended through 2 October 2025 (KB 2/USA/ITAR.pdf)"
SEC-120.6(q),SEC-120.6,(q),q,1,"Section 1001 of title 18, United States Code (relating to false statements or entries generally), Section 1831 of title 18, United States Code (relating to economic espionage), and Section 1832 of title 18, United States Code (relating to theft of trade secrets) where the underlying offense involves a defense article, including technical data, or violations relating to the AECA or ITAR.",,SEC-120.6,PART-120,"International Traffic in Arms Regulations (ITAR), 22 CFR Parts 120-130, amended through 2 October 2025 (KB 2/USA/ITAR.pdf)"
SEC-120.7(a),SEC-120.7,(a),a,1,"The provisions in this subchapter are in addition to, and are not in lieu of, any other provisions of law or regulations. The sale of firearms in the United States, for example, remains subject to the provisions of the Gun Control Act of 1968 and regulations administered by the Department of Justice. The performance of defense services on behalf of foreign governments by retired military personnel continues to require consent pursuant to part 3a of this title. Persons who intend to export defense articles or furnish defense services should not assume that satisfying the requirements of this subchapter relieves one of other requirements of law.",,SEC-120.7,PART-120,"International Traffic in Arms Regulations (ITAR), 22 CFR Parts 120-130, amended through 2 October 2025 (KB 2/USA/ITAR.pdf)"
SEC-120.7(b),SEC-120.7,(b),b,1,"All determinations, authorizations, licenses, approvals of contracts and agreements, and other action issues, authorized, undertaken, or entered into by the Department of State pursuant to section 414 of the Mutual Security Act of 1954, as amended, or under the previous provisions of this subchapter, continue in full force and effect until or unless modified, revoked, or superseded by the Department of State.",,SEC-120.7,PART-120,"International Traffic in Arms Regulations (ITAR), 22 CFR Parts 120-130, amended through 2 October 2025 (KB 2/USA/ITAR.pdf)"
SEC-120.10(a),SEC-120.10,(a),a,1,"The U.S. Munitions List. The articles, services, and related technical data designated as defense articles or defense services pursuant to section 38 and 47(7) of the Arms Export Control Act appear in part 121 of this subchapter and constitute the U.S. Munitions List",,SEC-120.10,PART-120,"International Traffic in Arms Regulations (ITAR), 22 CFR Parts 120-130, amended through 2 October 2025 (KB 2/USA/ITAR.pdf)"
SEC-120.10(a)(USML),SEC-120.10,(a)(USML),USML,2,. Changes in designations are published in the Federal Register. Paragraphs (b) through (d) of this section describe or explain the elements of a USML category.,,SEC-120.10(a),PART-120,"International Traffic in Arms Regulations (ITAR), 22 CFR Parts 120-130, amended through 2 October 2025 (KB 2/USA/ITAR.pdf)"
SEC-120.10(b),SEC-120.10,(b),b,1,"Composition of U.S. Munitions List categories. USML categories are organized by paragraphs and subparagraphs identified alphanumerically. They usually start by enumerating or otherwise describing end-items, followed by major systems and equipment; parts, components, accessories, and attachments; and technical data and defense services directly related to the defense articles of that USML category.",,SEC-120.10,PART-120,"International Traffic in Arms Regulations (ITAR), 22 CFR Parts 120-130, amended through 2 October 2025 (KB 2/USA/ITAR.pdf)"
SEC-120.10(c),SEC-120.10,(c),c,1,Significant Military Equipment paragraphs in the USML. All items described within a USML paragraph or subordinate paragraph that is preceded by an asterisk (*) are designated Significant Military Equipment (SME). Note that technical data directly related to the manufacture or production of a defense article designated as SME is also designated as SME.,,SEC-120.10,PART-120,"International Traffic in Arms Regulations (ITAR), 22 CFR Parts 120-130, amended through 2 October 2025 (KB 2/USA/ITAR.pdf)"
SEC-120.10(d),SEC-120.10,(d),d,1,Missile Technology Control Regime (MTCR) designation. Annotation with the parenthetical,,SEC-120.10,PART-120,"International Traffic in Arms Regulations (ITAR), 22 CFR Parts 120-130, amended through 2 October 2025 (KB 2/USA/ITAR.pdf)"
SEC-120.10(d)(MT),SEC-120.10,(d)(MT),MT,2,at the end of a USML entry indicates those defense articles that are on the MTCR Annex.,,SEC-120.10(d),PART-120,"International Traffic in Arms Regulations (ITAR), 22 CFR Parts 120-130, amended through 2 October 2025 (KB 2/USA/ITAR.pdf)"
SEC-120.11(a),SEC-120.11,(a),a,1,Control. Articles are controlled on the U.S. Munitions List (USML) because they are either:,,SEC-120.11,PART-120,"International Traffic in Arms Regulations (ITAR), 22 CFR Parts 120-130, amended through 2 October 2025 (KB 2/USA/ITAR.pdf)"
SEC-120.11(a)(1),SEC-120.11,(a)(1),1,2,Enumerated in a category; or,,SEC-120.11(a),PART-120,"International Traffic in Arms Regulations (ITAR), 22 CFR Parts 120-130, amended through 2 October 2025 (KB 2/USA/ITAR.pdf)"
SEC-120.11(a)(2),SEC-120.11,(a)(2),2,2,"Described in a catch-all paragraph that incorporates specially designed as a control parameter. In order to classify an item on the USML, begin with a review of the general characteristics of the item. This should guide you to the appropriate category, whereupon you should attempt to match the particular characteristics and functions of the article to a specific entry within that category.",,SEC-120.11(a),PART-120,"International Traffic in Arms Regulations (ITAR), 22 CFR Parts 120-130, amended through 2 October 2025 (KB 2/USA/ITAR.pdf)"
SEC-120.11(b),SEC-120.11,(b),b,1,Specially designed.,,SEC-120.11,PART-120,"International Traffic in Arms Regulations (ITAR), 22 CFR Parts 120-130, amended through 2 October 2025 (KB 2/USA/ITAR.pdf)"
SEC-120.11(b)(1),SEC-120.11,(b)(1),1,2,"If the entry includes the term specially designed, refer to § 120.41 to determine if the article qualifies for one or more of the exclusions articulated in § 120.41(b).",,SEC-120.11(b),PART-120,"International Traffic in Arms Regulations (ITAR), 22 CFR Parts 120-130, amended through 2 October 2025 (KB 2/USA/ITAR.pdf)"
SEC-120.11(b)(2),SEC-120.11,(b)(2),2,2,An item described in multiple entries should be categorized according to an enumerated entry rather than a specially designed catch-all paragraph.,,SEC-120.11(b),PART-120,"International Traffic in Arms Regulations (ITAR), 22 CFR Parts 120-130, amended through 2 October 2025 (KB 2/USA/ITAR.pdf)"
SEC-120.11(c),SEC-120.11,(c),c,1,"Integration of controlled items. Defense articles described on the USML are controlled and remain subject to this subchapter following incorporation or integration into any item not described on the USML, unless specifically provided otherwise in this subchapter.",,SEC-120.11,PART-120,"International Traffic in Arms Regulations (ITAR), 22 CFR Parts 120-130, amended through 2 October 2025 (KB 2/USA/ITAR.pdf)"
SEC-120.11(d),SEC-120.11,(d),d,1,"Other controls. In all cases, articles not controlled on the USML may be subject to another U.S. Government regulatory agency (see § 120.5, and Supplement No. 4 to part 774 of the Export Administration Regulations (EAR) in title 15 of the CFR for guidance on classifying an item subject to the EAR).",,SEC-120.11,PART-120,"International Traffic in Arms Regulations (ITAR), 22 CFR Parts 120-130, amended through 2 October 2025 (KB 2/USA/ITAR.pdf)"
SEC-120.12(a),SEC-120.12,(a),a,1,"Upon electronic submission of a Commodity Jurisdiction Determination Form (Form DS- 4076), the Directorate of Defense Trade Controls (DDTC) shall provide a determination of whether a particular article or service is covered by the U.S. Munitions List in part 121 of this subchapter. The determination, consistent with §§ 120.2, 120.3, and 120.4, entails consultation among the Department of State, Defense, Commerce, and other U.S. Government agencies and industry in appropriate cases. State, Defense, and Commerce will resolve commodity jurisdiction determination disputes in accordance with established procedures. State shall notify Defense and Commerce, and other U.S. Government agencies as appropriate, of the initiation and conclusion of each case.",,SEC-120.12,PART-120,"International Traffic in Arms Regulations (ITAR), 22 CFR Parts 120-130, amended through 2 October 2025 (KB 2/USA/ITAR.pdf)"
SEC-120.12(b),SEC-120.12,(b),b,1,"A determination that an article or service meets the criteria of a defense article or defense service, or provides the equivalent performance capabilities of a defense article on the U.S. Munitions List, is made on a case-by-case basis, taking into account:",,SEC-120.12,PART-120,"International Traffic in Arms Regulations (ITAR), 22 CFR Parts 120-130, amended through 2 October 2025 (KB 2/USA/ITAR.pdf)"
SEC-120.12(b)(1),SEC-120.12,(b)(1),1,2,The form and fit of the article;,,SEC-120.12(b),PART-120,"International Traffic in Arms Regulations (ITAR), 22 CFR Parts 120-130, amended through 2 October 2025 (KB 2/USA/ITAR.pdf)"
SEC-120.12(b)(2),SEC-120.12,(b)(2),2,2,The function and performance capability of the article; and,,SEC-120.12(b),PART-120,"International Traffic in Arms Regulations (ITAR), 22 CFR Parts 120-130, amended through 2 October 2025 (KB 2/USA/ITAR.pdf)"
SEC-120.12(b)(3),SEC-120.12,(b)(3),3,2,"Other applicant-provided information, to include a history of the product’s design, development, and use, as well as specifications and any other relevant data as described in brochures and other related documents.",,SEC-120.12(b),PART-120,"International Traffic in Arms Regulations (ITAR), 22 CFR Parts 120-130, amended through 2 October 2025 (KB 2/USA/ITAR.pdf)"
SEC-120.12(c),SEC-120.12,(c),c,1,"A determination that an article or service has a critical military or intelligence advantage such that it warrants control under Category XXI of § 121.1 of this subchapter is made, on a case- by-case base, taking into account:",,SEC-120.12,PART-120,"International Traffic in Arms Regulations (ITAR), 22 CFR Parts 120-130, amended through 2 October 2025 (KB 2/USA/ITAR.pdf)"
SEC-120.12(c)(1),SEC-120.12,(c)(1),1,2,The function and performance capability of the article; and,,SEC-120.12(c),PART-120,"International Traffic in Arms Regulations (ITAR), 22 CFR Parts 120-130, amended through 2 October 2025 (KB 2/USA/ITAR.pdf)"
SEC-120.12(c)(2),SEC-120.12,(c)(2),2,2,The nature of controls imposed by other nations on such items (including the Wassenaar Arrangement and other multilateral controls).,,SEC-120.12(c),PART-120,"International Traffic in Arms Regulations (ITAR), 22 CFR Parts 120-130, amended through 2 October 2025 (KB 2/USA/ITAR.pdf)"
SEC-120.12(d),SEC-120.12,(d),d,1,"DDTC will provide a preliminary response within 10 working days of receipt of a complete request for commodity jurisdiction determination. If after 45 days DDTC has not provided a final commodity jurisdiction determination, the applicant may request in writing to the Director, Office of Defense Trade Controls Policy that this determination be given expedited processing.",,SEC-120.12,PART-120,"International Traffic in Arms Regulations (ITAR), 22 CFR Parts 120-130, amended through 2 October 2025 (KB 2/USA/ITAR.pdf)"
SEC-120.12(e),SEC-120.12,(e),e,1,"A person may appeal a commodity jurisdiction determination by submitting a written request for reconsideration to the Deputy Assistant Secretary of State for Defense Trade Controls. The Deputy Assistant Secretary’s determination of the appeal will be provided, in writing, within 30 days of receipt of the appeal. If desired, an appeal of the Deputy Assistant Secretary’s decision can then be made to the Assistant Secretary of State for Political-Military Affairs.",,SEC-120.12,PART-120,"International Traffic in Arms Regulations (ITAR), 22 CFR Parts 120-130, amended through 2 October 2025 (KB 2/USA/ITAR.pdf)"
SEC-120.12(f),SEC-120.12,(f),f,1,Registration with DDTC as described in part 122 of this subchapter is not required prior to submission of a commodity jurisdiction determination request.,,SEC-120.12,PART-120,"International Traffic in Arms Regulations (ITAR), 22 CFR Parts 120-130, amended through 2 October 2025 (KB 2/USA/ITAR.pdf)"
SEC-120.13(a),SEC-120.13,(a),a,1,"Any person who engages in the United States in the business of manufacturing or exporting or temporarily importing defense articles, or furnishing defense services, is required to register with the Directorate of Defense Trade Controls as set forth in part 122 of this subchapter. For the purpose of this subchapter, engaging in such a business requires only one occasion of manufacturing or exporting or temporarily importing a defense article or furnishing a defense service. A manufacturer who does not engage in exporting must nevertheless register.",,SEC-120.13,PART-120,"International Traffic in Arms Regulations (ITAR), 22 CFR Parts 120-130, amended through 2 October 2025 (KB 2/USA/ITAR.pdf)"
SEC-120.13(b),SEC-120.13,(b),b,1,"Any U.S. person; foreign person located in the United States; or foreign person located outside the United States that is owned or controlled by a U.S. person, who engages in brokering activities is required to register with the Directorate of Defense Trade Controls as set forth in part 129 of this subchapter.",,SEC-120.13,PART-120,"International Traffic in Arms Regulations (ITAR), 22 CFR Parts 120-130, amended through 2 October 2025 (KB 2/USA/ITAR.pdf)"
SEC-120.14(a),SEC-120.14,(a),a,1,"Export, reexport, retransfer, or temporary import, or defense articles. The approval of the Directorate or Defense Trade Controls (DDTC) must be requested and obtained before the export, reexport, retransfer, or temporary import of a defense article, unless an exemption under the provisions of this subchapter is applicable.",,SEC-120.14,PART-120,"International Traffic in Arms Regulations (ITAR), 22 CFR Parts 120-130, amended through 2 October 2025 (KB 2/USA/ITAR.pdf)"
SEC-120.14(b),SEC-120.14,(b),b,1,"Furnishing defense services. The approval of DDTC must be requested and obtained before a defense service may be furnished, unless an exemption under the provisions of this subchapter is applicable.",,SEC-120.14,PART-120,"International Traffic in Arms Regulations (ITAR), 22 CFR Parts 120-130, amended through 2 October 2025 (KB 2/USA/ITAR.pdf)"
SEC-120.14(c),SEC-120.14,(c),c,1,"Brokering activities. The approval of DDTC must be requested and obtained before engaging in the business of brokering activities for the defense articles described in § 129.4(a) of this subchapter by a person who is required to register as a broker under part 129 of this subchapter, unless an exemption under the provisions of part 129 is applicable.",,SEC-120.14,PART-120,"International Traffic in Arms Regulations (ITAR), 22 CFR Parts 120-130, amended through 2 October 2025 (KB 2/USA/ITAR.pdf)"
SEC-120.15(a),SEC-120.15,(a),a,1,Persons otherwise required to register with the Directorate of Defense Trade Controls in accordance with this subchapter must do so prior to utilization of an exemption.,,SEC-120.15,PART-120,"International Traffic in Arms Regulations (ITAR), 22 CFR Parts 120-130, amended through 2 October 2025 (KB 2/USA/ITAR.pdf)"
SEC-120.15(b),SEC-120.15,(b),b,1,"Exemptions provided in this subchapter may not be utilized for transactions in which the exporter, any party to the export, any source or manufacturer, broker, or other participant in the brokering activities, is generally ineligible as set forth in § 120.16, unless prior written authorization has been granted by the Directorate of Defense Trade Controls.",,SEC-120.15,PART-120,"International Traffic in Arms Regulations (ITAR), 22 CFR Parts 120-130, amended through 2 October 2025 (KB 2/USA/ITAR.pdf)"
SEC-120.15(c),SEC-120.15,(c),c,1,"Exemptions provided in this subchapter do not apply with respect to defense articles or defense services originating in or for export to any proscribed countries, areas, or persons identified in",,SEC-120.15,PART-120,"International Traffic in Arms Regulations (ITAR), 22 CFR Parts 120-130, amended through 2 October 2025 (KB 2/USA/ITAR.pdf)"
SEC-120.15(d),SEC-120.15,(d),d,1,Each exemption provided in this subchapter is subject to limitation as described in the section or paragraph of this subchapter in which the exemption is prescribed.,,SEC-120.15,PART-120,"International Traffic in Arms Regulations (ITAR), 22 CFR Parts 120-130, amended through 2 October 2025 (KB 2/USA/ITAR.pdf)"
SEC-120.15(e),SEC-120.15,(e),e,1,"Any person engaging in any export, reexport, transfer, or retransfer of a defense article or defense service pursuant to an exemption must maintain records of each such export, reexport, transfer, or retransfer. The records shall, to the extent applicable to the transaction and consistent with the requirements of § 123.22 of this subchapter, include the following information: A description of the defense article, including technical data, or defense service; the name and address of the end-user and other available contact information (e.g., telephone number and electronic mail address); the name of the natural person responsible for the transaction; the stated end-use of the defense article or defense service; the date of the transaction; the Electronic Export Information (EEI) Internal Transaction Number (ITN); and the method of transmission. The person using or acting in reliance upon the exemption shall also comply with any additional recordkeeping requirements enumerated in the text of the regulations concerning such exemption (e.g., requirements specific to the Defense Trade Cooperation Treaties in §§ 126.16 and 126.17 of this subchapter).",,SEC-120.15,PART-120,"International Traffic in Arms Regulations (ITAR), 22 CFR Parts 120-130, amended through 2 October 2025 (KB 2/USA/ITAR.pdf)"
SEC-120.15(f),SEC-120.15,(f),f,1,"To claim an exemption for the export of technical data under the provisions of this subchapter (e.g., §§ 125.4 and 125.5 of this subchapter), the exporter must certify that the proposed export is covered by a relevant section of this subchapter, to include the paragraph and applicable subordinate paragraph. Certifications consist of clearly marking the package or letter containing the technical data “22 CFR [insert ITAR exemption] applicable.” This certification must be made in written form and retained in the exporter's files for a period of 5 years. For exports that are oral, visual, or electronic the exporter must also complete a written certification and retain it for a period of 5 years.",,SEC-120.15,PART-120,"International Traffic in Arms Regulations (ITAR), 22 CFR Parts 120-130, amended through 2 October 2025 (KB 2/USA/ITAR.pdf)"
SEC-120.16(a),SEC-120.16,(a),a,1,"A U.S. person may receive a license or other approval pursuant to this subchapter. A foreign person may not receive such a license or other approval, except as follows:",,SEC-120.16,PART-120,"International Traffic in Arms Regulations (ITAR), 22 CFR Parts 120-130, amended through 2 October 2025 (KB 2/USA/ITAR.pdf)"
SEC-120.16(a)(1),SEC-120.16,(a)(1),1,2,A foreign governmental entity in the U.S. may receive a license or other approval;,,SEC-120.16(a),PART-120,"International Traffic in Arms Regulations (ITAR), 22 CFR Parts 120-130, amended through 2 October 2025 (KB 2/USA/ITAR.pdf)"
SEC-120.16(a)(2),SEC-120.16,(a)(2),2,2,A foreign person may receive a reexport or retransfer approval; or,,SEC-120.16(a),PART-120,"International Traffic in Arms Regulations (ITAR), 22 CFR Parts 120-130, amended through 2 October 2025 (KB 2/USA/ITAR.pdf)"
SEC-120.16(a)(3),SEC-120.16,(a)(3),3,2,A foreign person may receive an approval for brokering activities.,,SEC-120.16(a),PART-120,"International Traffic in Arms Regulations (ITAR), 22 CFR Parts 120-130, amended through 2 October 2025 (KB 2/USA/ITAR.pdf)"
SEC-120.16(b),SEC-120.16,(b),b,1,"A request for a license or other approval by a U.S. person or by a person referred to in paragraphs (a)(1) and (3) of this section will be considered only if the applicant has registered with the Directorate of Defense Trade Controls pursuant to part 122 or 129 of this subchapter, as appropriate.",,SEC-120.16,PART-120,"International Traffic in Arms Regulations (ITAR), 22 CFR Parts 120-130, amended through 2 October 2025 (KB 2/USA/ITAR.pdf)"
SEC-120.16(c),SEC-120.16,(c),c,1,"Persons who have been convicted of violating the U.S. criminal statutes enumerated in § 120.6, who have been debarred pursuant to part 127 or 128 of this subchapter, who are subject to indictment or are otherwise charged (e.g., charged by criminal information in lieu of indictment) with violating the U.S. criminal statutes enumerated in § 120.6, who are ineligible to contract with or to receive a license or other form of authorization to import defense articles or defense services from any agency of the U.S. Government, who are ineligible to receive an export license or other approval from any other agency of the U.S. Government, or who are subject to a publicly announced Department of State policy of denial, suspension, or revocation under § 120.18(a), are generally ineligible to be involved in activities regulated under this subchapter.",,SEC-120.16,PART-120,"International Traffic in Arms Regulations (ITAR), 22 CFR Parts 120-130, amended through 2 October 2025 (KB 2/USA/ITAR.pdf)"
SEC-120.17(a),SEC-120.17,(a),a,1,"Pursuant to section 40A of the Arms Export Control Act (22 U.S.C. 2785) and related delegations of authority, the Department of State is required to establish a monitoring program in order to improve accountability with respect to defense articles and defense services, sold, leased, or exported under Department of State licenses or other approvals under section 38 of the Arms Export Control Act and this subchapter.",,SEC-120.17,PART-120,"International Traffic in Arms Regulations (ITAR), 22 CFR Parts 120-130, amended through 2 October 2025 (KB 2/USA/ITAR.pdf)"
SEC-120.17(b),SEC-120.17,(b),b,1,"All exports of defense articles, technical data, services, and brokering activities made pursuant to this subchapter are subject to end-use monitoring by the Department of State through the Blue Lantern program.",,SEC-120.17,PART-120,"International Traffic in Arms Regulations (ITAR), 22 CFR Parts 120-130, amended through 2 October 2025 (KB 2/USA/ITAR.pdf)"
SEC-120.18(a),SEC-120.18,(a),a,1,"Policy. Licenses or approvals shall be denied or revoked whenever required by any statute or the United States. Any application for an export license or other approval under this subchapter may be disapproved, and any license or other approval or exemption granted under this subchapter may be revoked, suspended, or amended without prior notice whenever:",,SEC-120.18,PART-120,"International Traffic in Arms Regulations (ITAR), 22 CFR Parts 120-130, amended through 2 October 2025 (KB 2/USA/ITAR.pdf)"
SEC-120.18(a)(1),SEC-120.18,(a)(1),1,2,"The Department of State deems such action to be in furtherance of world peace, the national security or the foreign policy of the United States, or is otherwise advisable; or",,SEC-120.18(a),PART-120,"International Traffic in Arms Regulations (ITAR), 22 CFR Parts 120-130, amended through 2 October 2025 (KB 2/USA/ITAR.pdf)"
SEC-120.18(a)(2),SEC-120.18,(a)(2),2,2,"The Department of State believes that 22 U.S.C. 2778, any regulation contained in this subchapter, or the terms of any U.S. Government export authorization (including the terms of a manufacturing license or technical assistance agreement, or export authorization granted pursuant to the Export Administration Regulations in 15 CFR parts 730 through 774) has been violated by any party to the export or other person having significant interest in the transaction; or",,SEC-120.18(a),PART-120,"International Traffic in Arms Regulations (ITAR), 22 CFR Parts 120-130, amended through 2 October 2025 (KB 2/USA/ITAR.pdf)"
SEC-120.18(a)(3),SEC-120.18,(a)(3),3,2,"An applicant is the subject of a criminal complaint, other criminal charge (e.g., an information), or indictment for a violation of any of the U.S. criminal statutes enumerated in",,SEC-120.18(a),PART-120,"International Traffic in Arms Regulations (ITAR), 22 CFR Parts 120-130, amended through 2 October 2025 (KB 2/USA/ITAR.pdf)"
SEC-120.18(a)(4),SEC-120.18,(a)(4),4,2,An applicant or any party to the export or the agreement has been convicted of violating any of the U.S. criminal statutes enumerated in § 120.6; or,,SEC-120.18(a),PART-120,"International Traffic in Arms Regulations (ITAR), 22 CFR Parts 120-130, amended through 2 October 2025 (KB 2/USA/ITAR.pdf)"
SEC-120.18(a)(5),SEC-120.18,(a)(5),5,2,"An applicant is ineligible to contract with, or to receive a license or other authorization to import defense articles or defense services from, any agency of the U.S. Government; or",,SEC-120.18(a),PART-120,"International Traffic in Arms Regulations (ITAR), 22 CFR Parts 120-130, amended through 2 October 2025 (KB 2/USA/ITAR.pdf)"
SEC-120.18(a)(6),SEC-120.18,(a)(6),6,2,"An applicant, any party to the export or agreement, any source or manufacturer of the defense article or defense service or any person who has a significant interest in the transaction has been debarred, suspended, or otherwise is ineligible to receive an export license or other authorization from any agency of the U.S. Government (e.g., pursuant to an order denying export privileges issued by the Department of Commerce under 15 CFR part 766 or by the Department of State under part 127 or 128 of this subchapter); or",,SEC-120.18(a),PART-120,"International Traffic in Arms Regulations (ITAR), 22 CFR Parts 120-130, amended through 2 October 2025 (KB 2/USA/ITAR.pdf)"
SEC-120.18(a)(7),SEC-120.18,(a)(7),7,2,"An applicant has failed to include any of the information or documentation expressly required to support a license application, exemption, or other request for approval under this subchapter, or as required in the instructions in the applicable Department of State form or has failed to provide noticed or information as required under this subchapter; or",,SEC-120.18(a),PART-120,"International Traffic in Arms Regulations (ITAR), 22 CFR Parts 120-130, amended through 2 October 2025 (KB 2/USA/ITAR.pdf)"
SEC-120.18(a)(8),SEC-120.18,(a)(8),8,2,"An applicant is subject to sanctions under other relevant U.S. laws (e.g., the Missile Technology Controls title of the National Defense Authorization Act for FY 1991 (Pub. L.101-510); the Chemical and Biological Weapons Control and Warfare Elimination Act of 1991 (Pub. L. 102-182); or the Iran-Iraq Arms Non-Proliferation Act of 1992 (Pub. L. 102-484)); or",,SEC-120.18(a),PART-120,"International Traffic in Arms Regulations (ITAR), 22 CFR Parts 120-130, amended through 2 October 2025 (KB 2/USA/ITAR.pdf)"
SEC-120.18(a)(9),SEC-120.18,(a)(9),9,2,Any person involved in the transaction has been the subject of an unfavorable finding of an end-use monitoring check described in § 120.17.,,SEC-120.18(a),PART-120,"International Traffic in Arms Regulations (ITAR), 22 CFR Parts 120-130, amended through 2 October 2025 (KB 2/USA/ITAR.pdf)"
SEC-120.18(b),SEC-120.18,(b),b,1,Notification. The Directorate of Defense Trade Controls will notify applicants or licensees or other appropriate U.S. persons of actions taken pursuant to paragraph (a) of this section. The reasons for the action will be stated as specifically as security and foreign policy considerations permit.,,SEC-120.18,PART-120,"International Traffic in Arms Regulations (ITAR), 22 CFR Parts 120-130, amended through 2 October 2025 (KB 2/USA/ITAR.pdf)"
SEC-120.18(c),SEC-120.18,(c),c,1,"Reconsideration. If a written request for reconsideration of an adverse decision is made within 30 days after a person has been informed of the decision, the U.S. person will be accorded an opportunity to present additional information. The case will then be reviewed by the Directorate of Defense Trade Controls.",,SEC-120.18,PART-120,"International Traffic in Arms Regulations (ITAR), 22 CFR Parts 120-130, amended through 2 October 2025 (KB 2/USA/ITAR.pdf)"
SEC-120.18(d),SEC-120.18,(d),d,1,Reconsideration of certain applications. Applications for licenses or other requests for approval denied for repeated failure to provide information or documentation expressly required will normally not be reconsidered during the 30 day period following denial. They will be reconsidered after this period only after a final decision is made on whether the applicant will be subject to an administrative penalty imposed pursuant to this subchapter. Any request for reconsideration shall be accompanied by a letter explaining the steps that have been taken to correct the failure and to ensure compliance with the requirements of this subchapter.,,SEC-120.18,PART-120,"International Traffic in Arms Regulations (ITAR), 22 CFR Parts 120-130, amended through 2 October 2025 (KB 2/USA/ITAR.pdf)"
SEC-120.19(a),SEC-120.19,(a),a,1,Part 127 of this subchapter specifies conduct that constitutes a violation of the Arms Export Control Act (AECA) and/or the International Traffic in Arms Regulations in this subchapter and the sanctions that may be imposed for such violations.,,SEC-120.19,PART-120,"International Traffic in Arms Regulations (ITAR), 22 CFR Parts 120-130, amended through 2 October 2025 (KB 2/USA/ITAR.pdf)"
SEC-120.19(b),SEC-120.19,(b),b,1,"The Department strongly encourages the disclosure of information to the Directorate of Defense Trade Controls by persons that believe they may have violated any export control provision of the AECA, or any regulation in this subchapter, order, license, or other authorization issued under the authority of the AECA.",,SEC-120.19,PART-120,"International Traffic in Arms Regulations (ITAR), 22 CFR Parts 120-130, amended through 2 October 2025 (KB 2/USA/ITAR.pdf)"
SEC-120.21(a),SEC-120.21,(a),a,1,Freedom of information. Subchapter R of this title contains regulations on the availability to the public of information and records of the Department of State. The provisions of subchapter R apply to such disclosures by the Directorate of Defense Trade Controls.,,SEC-120.21,PART-120,"International Traffic in Arms Regulations (ITAR), 22 CFR Parts 120-130, amended through 2 October 2025 (KB 2/USA/ITAR.pdf)"
SEC-120.21(b),SEC-120.21,(b),b,1,"Determination required by law. Section 38(e) of the Arms Export Control Act (AECA) (22 U.S.C. 2778(e)) provides that information obtained for the purpose of consideration of, or concerning, license applications shall be withheld from public disclosure unless the release of such information is determined by the Secretary of State to be in the national interest. Section 38(e) of the AECA further provides that the names of countries and types of quantities of defense articles for which licenses are issued under this section shall not be withheld from public disclosure unless certain determinations are made that the release of such information would be contrary to the national interest. Such determinations required by 38(e) shall be made by the Assistant Secretary of State for Political-Military Affairs.",,SEC-120.21,PART-120,"International Traffic in Arms Regulations (ITAR), 22 CFR Parts 120-130, amended through 2 October 2025 (KB 2/USA/ITAR.pdf)"
SEC-120.21(c),SEC-120.21,(c),c,1,Information required under part 130 of this subchapter. Part 130 contains specific provisions on the disclosure of information described in that part.,,SEC-120.21,PART-120,"International Traffic in Arms Regulations (ITAR), 22 CFR Parts 120-130, amended through 2 October 2025 (KB 2/USA/ITAR.pdf)"
SEC-120.21(d),SEC-120.21,(d),d,1,"National interest determinations. In accordance with section 38(e) of the AECA, the Secretary of State has determined that the following disclosures are in the national interest of the United States:",,SEC-120.21,PART-120,"International Traffic in Arms Regulations (ITAR), 22 CFR Parts 120-130, amended through 2 October 2025 (KB 2/USA/ITAR.pdf)"
SEC-120.21(d)(1),SEC-120.21,(d)(1),1,2,Furnishing information to foreign governments for law enforcement or regulatory purposes; and,,SEC-120.21(d),PART-120,"International Traffic in Arms Regulations (ITAR), 22 CFR Parts 120-130, amended through 2 October 2025 (KB 2/USA/ITAR.pdf)"
SEC-120.21(d)(2),SEC-120.21,(d)(2),2,2,"Furnishing information to foreign governments and other agencies of the U.S. Government in the context of multilateral or bilateral export regimes (e.g., the Missile Technology Control Regime, the Australia Group, the Wassenaar Arrangement).",,SEC-120.21(d),PART-120,"International Traffic in Arms Regulations (ITAR), 22 CFR Parts 120-130, amended through 2 October 2025 (KB 2/USA/ITAR.pdf)"
SEC-120.22(a),SEC-120.22,(a),a,1,"Preliminary authorization determinations. A person may request information from the Directorate of Defense Trade Controls (DDTC) as to whether it would likely grant a license or other approval for a particular defense article or defense service to a particular country. Such information from DDTC is issued on a case-by-case basis and applies only to the particular matters presented to DDTC. These opinions are not binding on the Department of State and may not be used in future matters before the Department. A request for an advisory opinion must be made in writing and must outline in detail the equipment, its usage, the security classification (if any) of the articles or related technical data, and the country or countries involved.",,SEC-120.22,PART-120,"International Traffic in Arms Regulations (ITAR), 22 CFR Parts 120-130, amended through 2 October 2025 (KB 2/USA/ITAR.pdf)"
SEC-120.22(b),SEC-120.22,(b),b,1,"Related authorizations. DDTC may, as appropriate, in accordance with the procedures set forth in paragraph (a) of this section, provide export authorization, subject to all other relevant requirements of this subchapter, both for transactions that have been the subject of advisory opinions requested by prospective U.S. exporters, or for the Directorate’s own initiatives. Such initiatives may cover pilot programs, or specifically anticipated circumstances for which the Directorate considers special authorizations appropriate.",,SEC-120.22,PART-120,"International Traffic in Arms Regulations (ITAR), 22 CFR Parts 120-130, amended through 2 October 2025 (KB 2/USA/ITAR.pdf)"
SEC-120.22(c),SEC-120.22,(c),c,1,Interpretation of the International Traffic in Arms Regulations in this subchapter. Any person may request an interpretation of the requirements set forth in this subchapter in the form of an advisory opinion. A request for an advisory opinion must be made in writing. Any response to an advisory opinion provided by DDTC pursuant to this paragraph (c) shall not be an authorization to export and shall not be an authorization to export and shall not bind the Department to grant or deny any such authorization.,,SEC-120.22,PART-120,"International Traffic in Arms Regulations (ITAR), 22 CFR Parts 120-130, amended through 2 October 2025 (KB 2/USA/ITAR.pdf)"
SEC-120.23(a),SEC-120.23,(a),a,1,"North Atlantic Treaty Organization. North Atlantic Treaty Organization (NATO) refers to the organization of member states that are parties to the North Atlantic Treaty, which members include: Albania, Belgium, Bulgaria, Canada, Croatia, Czechia, Denmark, Estonia, Finland, France, Germany, Greece, Hungary, Iceland, Italy, Latvia, Lithuania, Luxembourg, Montenegro, the Netherlands, North Macedonia, Norway, Poland, Portugal, Romania, Slovakia, Slovenia, Spain, Sweden, Turkey, the United Kingdom, the United States, and any state not included here that has deposited an instrument of accession in accordance with Article 10 of the North Atlantic Treaty.",,SEC-120.23,PART-120,"International Traffic in Arms Regulations (ITAR), 22 CFR Parts 120-130, amended through 2 October 2025 (KB 2/USA/ITAR.pdf)"
SEC-120.23(b),SEC-120.23,(b),b,1,Major non-NATO ally.,,SEC-120.23,PART-120,"International Traffic in Arms Regulations (ITAR), 22 CFR Parts 120-130, amended through 2 October 2025 (KB 2/USA/ITAR.pdf)"
SEC-120.23(b)(1),SEC-120.23,(b)(1),1,2,"Major non-NATO ally, as defined in section 644(q) of the Foreign Assistance Act of 1961 (22 U.S.C. 2403(q)), means a country that is designated in accordance with section 517 of the Foreign Assistance Act of 1961 (22 U.S.C. 2321k) as a major non-NATO ally for purposes of the Foreign Assistance Act of 1961 and the Arms Export Control Act (22 U.S.C. 2151 et seq. and 22 U.S.C. 2751 et seq.).",,SEC-120.23(b),PART-120,"International Traffic in Arms Regulations (ITAR), 22 CFR Parts 120-130, amended through 2 October 2025 (KB 2/USA/ITAR.pdf)"
SEC-120.23(b)(2),SEC-120.23,(b)(2),2,2,"The following countries have been designated as major non-NATO allies: Argentina, Australia, Bahrain, Brazil, Colombia, Egypt, Israel, Japan, Jordan, Kenya, Kuwait, Morocco, New Zealand, Pakistan, the Philippines, Qatar, the Republic of Korea, Thailand, and Tunisia. Taiwan shall be treated as though it were designated a major non- NATO ally.",,SEC-120.23(b),PART-120,"International Traffic in Arms Regulations (ITAR), 22 CFR Parts 120-130, amended through 2 October 2025 (KB 2/USA/ITAR.pdf)"
SEC-120.23(c),SEC-120.23,(c),c,1,Wassenaar Arrangement.,,SEC-120.23,PART-120,"International Traffic in Arms Regulations (ITAR), 22 CFR Parts 120-130, amended through 2 October 2025 (KB 2/USA/ITAR.pdf)"
SEC-120.23(c)(1),SEC-120.23,(c)(1),1,2,"The Wassenaar Arrangement refers to the Wassenaar Arrangement on Export Controls for Conventional Arms and Dual-Use Goods and Technologies among the United States, Argentina, Australia, Austria, Belgium, Bulgaria, Canada, Croatia, Czechia, Denmark, Estonia, Finland, France, Germany, Greece, Hungary, India, Ireland, Italy, Japan, Latvia, Lithuania, Luxembourg, Malta, Mexico, Netherlands, New Zealand, Norway, Poland, Portugal, the Republic of Korea, Romania, the Russian Federation, Slovakia, Slovenia, South Africa, Spain, Sweden, Switzerland, Turkey, Ukraine, and the United Kingdom, established on 12 July 1996, to promote transparency and greater responsibility in transfers of conventional arms and dual-use goods and technologies.",,SEC-120.23(c),PART-120,"International Traffic in Arms Regulations (ITAR), 22 CFR Parts 120-130, amended through 2 October 2025 (KB 2/USA/ITAR.pdf)"
SEC-120.23(c)(2),SEC-120.23,(c)(2),2,2,The term Wassenaar Munitions List (WAML) refers to the list of military items for which all participants have agreed to maintain national export controls.,,SEC-120.23(c),PART-120,"International Traffic in Arms Regulations (ITAR), 22 CFR Parts 120-130, amended through 2 October 2025 (KB 2/USA/ITAR.pdf)"
SEC-120.23(d),SEC-120.23,(d),d,1,Missile Technology Control Regime –,,SEC-120.23,PART-120,"International Traffic in Arms Regulations (ITAR), 22 CFR Parts 120-130, amended through 2 October 2025 (KB 2/USA/ITAR.pdf)"
SEC-120.23(d)(1),SEC-120.23,(d)(1),1,2,"Regime. Missile Technology Control Regime (MTCR) refers to the policy statement among the United States, the United Kingdom, the Federal Republic of Germany, France, Italy, Canada, and Japan, announced on April 16, 1987, to restrict sensitive missile-relevant transfers based on the MTCR Annex, and any amendments thereto.",,SEC-120.23(d),PART-120,"International Traffic in Arms Regulations (ITAR), 22 CFR Parts 120-130, amended through 2 October 2025 (KB 2/USA/ITAR.pdf)"
SEC-120.23(d)(2),SEC-120.23,(d)(2),2,2,"MTCR Annex. The term MTCR Annex refers to the MTCR Guidelines and the Equipment, Software and Technology Annex of the MTCR, and any amendments thereto.",,SEC-120.23(d),PART-120,"International Traffic in Arms Regulations (ITAR), 22 CFR Parts 120-130, amended through 2 October 2025 (KB 2/USA/ITAR.pdf)"
SEC-120.23(d)(3),SEC-120.23,(d)(3),3,2,List of all items on the MTCR Annex. MTCR Annex items specified in the U.S. Munitions List shall be annotated by the parenthetical (MT) at the end of each applicable paragraph.,,SEC-120.23(d),PART-120,"International Traffic in Arms Regulations (ITAR), 22 CFR Parts 120-130, amended through 2 October 2025 (KB 2/USA/ITAR.pdf)"
SEC-120.23(e),SEC-120.23,(e),e,1,"Defense Trade Cooperation Treaty between the United States and Australia. Defense Trade Cooperation Treaty between the United States and Australia refers to the Treaty between the Government of the United States of America and the Government of Australia Concerning Defense Trade Cooperation, done at Sydney, September 5, 2007. For additional information on making exports pursuant to this treaty, see § 126.16 of this subchapter.",,SEC-120.23,PART-120,"International Traffic in Arms Regulations (ITAR), 22 CFR Parts 120-130, amended through 2 October 2025 (KB 2/USA/ITAR.pdf)"
SEC-120.23(f),SEC-120.23,(f),f,1,"Australia Implementing Arrangement. Australia Implementing Arrangement refers to the Implementing Arrangement Pursuant to the Treaty between the Government of the United States of America and the Government of Australia Concerning Defense Trade Cooperation, done at Washington, March 14, 2008, as it may be amended.",,SEC-120.23,PART-120,"International Traffic in Arms Regulations (ITAR), 22 CFR Parts 120-130, amended through 2 October 2025 (KB 2/USA/ITAR.pdf)"
SEC-120.23(g),SEC-120.23,(g),g,1,"Defense Trade Cooperation Treaty between the United States and the United Kingdom. Defense Trade Cooperation Treaty between the United States and the United Kingdom refers to the Treaty between the Government of the United States of America and the Government of the United Kingdom of Great Britain and Northern Ireland Concerning Defense Trade Cooperation, done at Washington and London, June 21 and 26, 2007. For additional information on making exports pursuant to this treaty, see § 126.17 of this subchapter.",,SEC-120.23,PART-120,"International Traffic in Arms Regulations (ITAR), 22 CFR Parts 120-130, amended through 2 October 2025 (KB 2/USA/ITAR.pdf)"
SEC-120.23(h),SEC-120.23,(h),h,1,"United Kingdom Implementing Arrangement. United Kingdom Implementing Arrangement refers to the Implementing Arrangement Pursuant to the Treaty between the Government of the United States of America and the Government of the United Kingdom of Great Britain and Northern Ireland Concerning Defense Trade Cooperation, done at Washington, February 14, 2008, as it may be amended.",,SEC-120.23,PART-120,"International Traffic in Arms Regulations (ITAR), 22 CFR Parts 120-130, amended through 2 October 2025 (KB 2/USA/ITAR.pdf)"
SEC-120.31(a),SEC-120.31,(a),a,1,Defense article means any item or technical data designed in § 121.1 of this subchapter and includes:,,SEC-120.31,PART-120,"International Traffic in Arms Regulations (ITAR), 22 CFR Parts 120-130, amended through 2 October 2025 (KB 2/USA/ITAR.pdf)"
SEC-120.31(a)(1),SEC-120.31,(a)(1),1,2,"Technical data recorded or stored in any physical form, models, mockups or other items that reveal technical data directly relating to items designated in § 121.1 of this subchapter; and",,SEC-120.31(a),PART-120,"International Traffic in Arms Regulations (ITAR), 22 CFR Parts 120-130, amended through 2 October 2025 (KB 2/USA/ITAR.pdf)"
SEC-120.31(a)(2),SEC-120.31,(a)(2),2,2,"Forgings, castings, and other unfinished products, such as extrusions and machined bodies, that have reached a stage in manufacturing where they are clearly identifiable by mechanical properties, material composition, geometry, or function as defense articles.",,SEC-120.31(a),PART-120,"International Traffic in Arms Regulations (ITAR), 22 CFR Parts 120-130, amended through 2 October 2025 (KB 2/USA/ITAR.pdf)"
SEC-120.31(b),SEC-120.31,(b),b,1,It does not include basic marketing information on function or purpose or general system descriptions.,,SEC-120.31,PART-120,"International Traffic in Arms Regulations (ITAR), 22 CFR Parts 120-130, amended through 2 October 2025 (KB 2/USA/ITAR.pdf)"
SEC-120.31(c),SEC-120.31,(c),c,1,The policy described in § 120.3 is applicable to designations of additional items.,,SEC-120.31,PART-120,"International Traffic in Arms Regulations (ITAR), 22 CFR Parts 120-130, amended through 2 October 2025 (KB 2/USA/ITAR.pdf)"
SEC-120.32(a),SEC-120.32,(a),a,1,Defense service means:,,SEC-120.32,PART-120,"International Traffic in Arms Regulations (ITAR), 22 CFR Parts 120-130, amended through 2 October 2025 (KB 2/USA/ITAR.pdf)"
SEC-120.32(a)(1),SEC-120.32,(a)(1),1,2,"The furnishing of assistance (including training) to foreign persons, whether in the United States or abroad in the design, development, engineering, manufacture, production, assembly, testing, repair, maintenance, modification, operation, demilitarization, destruction, processing, or use of defense articles;",,SEC-120.32(a),PART-120,"International Traffic in Arms Regulations (ITAR), 22 CFR Parts 120-130, amended through 2 October 2025 (KB 2/USA/ITAR.pdf)"
SEC-120.32(a)(2),SEC-120.32,(a)(2),2,2,"The furnishing to foreign persons of any technical data controlled under this subchapter, whether in the United States or abroad; or",,SEC-120.32(a),PART-120,"International Traffic in Arms Regulations (ITAR), 22 CFR Parts 120-130, amended through 2 October 2025 (KB 2/USA/ITAR.pdf)"
SEC-120.32(a)(3),SEC-120.32,(a)(3),3,2,"Military training of foreign units and forces, regular and irregular, including formal or informal instruction of foreign persons in the United States or abroad or by correspondence courses, technical, educational, or information publications and media of all kinds, training aid, orientation, training exercise, and military advice.",,SEC-120.32(a),PART-120,"International Traffic in Arms Regulations (ITAR), 22 CFR Parts 120-130, amended through 2 October 2025 (KB 2/USA/ITAR.pdf)"
SEC-120.32(b),SEC-120.32,(b),b,1,[Reserved],yes,SEC-120.32,PART-120,"International Traffic in Arms Regulations (ITAR), 22 CFR Parts 120-130, amended through 2 October 2025 (KB 2/USA/ITAR.pdf)"
SEC-120.33(a),SEC-120.33,(a),a,1,Technical data means for purposes of this subchapter:,,SEC-120.33,PART-120,"International Traffic in Arms Regulations (ITAR), 22 CFR Parts 120-130, amended through 2 October 2025 (KB 2/USA/ITAR.pdf)"
SEC-120.33(a)(1),SEC-120.33,(a)(1),1,2,"Information, other than software as defined in § 120.40(g), which is required for the design, development, production, manufacture, assembly, operation, repair, testing, maintenance, or modification of defense articles. This includes information in the form of blueprints, drawings, photographs, plans, instructions, or documentation;",,SEC-120.33(a),PART-120,"International Traffic in Arms Regulations (ITAR), 22 CFR Parts 120-130, amended through 2 October 2025 (KB 2/USA/ITAR.pdf)"
SEC-120.33(a)(2),SEC-120.33,(a)(2),2,2,Classified information relating to defense articles and defense services on the U.S. Munitions List and 600-series items controlled by the Commerce Control List;,,SEC-120.33(a),PART-120,"International Traffic in Arms Regulations (ITAR), 22 CFR Parts 120-130, amended through 2 October 2025 (KB 2/USA/ITAR.pdf)"
SEC-120.33(a)(3),SEC-120.33,(a)(3),3,2,Information covered by an invention secrecy order; or,,SEC-120.33(a),PART-120,"International Traffic in Arms Regulations (ITAR), 22 CFR Parts 120-130, amended through 2 October 2025 (KB 2/USA/ITAR.pdf)"
SEC-120.33(a)(4),SEC-120.33,(a)(4),4,2,Software (see § 120.40(g)) directly related to defense articles.,,SEC-120.33(a),PART-120,"International Traffic in Arms Regulations (ITAR), 22 CFR Parts 120-130, amended through 2 October 2025 (KB 2/USA/ITAR.pdf)"
SEC-120.33(b),SEC-120.33,(b),b,1,"The definition in paragraph (a) of this section does not include information concerning general scientific, mathematical, or engineering principles commonly taught in schools, colleges, and universities, or information in the public domain as defined in § 120.34 or telemetry data as defined in note 3 to Category XV(f) of § 121.1 of this subchapter. It also does not include basic marketing information on function or purpose or general system descriptions of defense articles.",,SEC-120.33,PART-120,"International Traffic in Arms Regulations (ITAR), 22 CFR Parts 120-130, amended through 2 October 2025 (KB 2/USA/ITAR.pdf)"
SEC-120.34(a),SEC-120.34,(a),a,1,Public domain means information which is published and which is generally accessible or available to the public:,,SEC-120.34,PART-120,"International Traffic in Arms Regulations (ITAR), 22 CFR Parts 120-130, amended through 2 October 2025 (KB 2/USA/ITAR.pdf)"
SEC-120.34(a)(1),SEC-120.34,(a)(1),1,2,Through sales at newsstands and bookstores;,,SEC-120.34(a),PART-120,"International Traffic in Arms Regulations (ITAR), 22 CFR Parts 120-130, amended through 2 October 2025 (KB 2/USA/ITAR.pdf)"
SEC-120.34(a)(2),SEC-120.34,(a)(2),2,2,Through subscriptions which are available without restriction to any individual who desires to obtain or purchase the published information;,,SEC-120.34(a),PART-120,"International Traffic in Arms Regulations (ITAR), 22 CFR Parts 120-130, amended through 2 October 2025 (KB 2/USA/ITAR.pdf)"
SEC-120.34(a)(3),SEC-120.34,(a)(3),3,2,Through second class mailing privileges granted by the U.S. Government;,,SEC-120.34(a),PART-120,"International Traffic in Arms Regulations (ITAR), 22 CFR Parts 120-130, amended through 2 October 2025 (KB 2/USA/ITAR.pdf)"
SEC-120.34(a)(4),SEC-120.34,(a)(4),4,2,At libraries open to the public or from which the public can obtain documents;,,SEC-120.34(a),PART-120,"International Traffic in Arms Regulations (ITAR), 22 CFR Parts 120-130, amended through 2 October 2025 (KB 2/USA/ITAR.pdf)"
SEC-120.34(a)(5),SEC-120.34,(a)(5),5,2,Through patents available at any patent office;,,SEC-120.34(a),PART-120,"International Traffic in Arms Regulations (ITAR), 22 CFR Parts 120-130, amended through 2 October 2025 (KB 2/USA/ITAR.pdf)"
SEC-120.34(a)(6),SEC-120.34,(a)(6),6,2,"Through unlimited distribution at a conference, meeting, seminar, trade show, or exhibition, generally accessible to the public, in the United States;",,SEC-120.34(a),PART-120,"International Traffic in Arms Regulations (ITAR), 22 CFR Parts 120-130, amended through 2 October 2025 (KB 2/USA/ITAR.pdf)"
SEC-120.34(a)(7),SEC-120.34,(a)(7),7,2,"Through public release (i.e., unlimited distribution) in any form (e.g., not necessarily in published form) after approval by the cognizant U.S. Government department or agency (see also § 125.4(b)(13) of this subchapter); or",,SEC-120.34(a),PART-120,"International Traffic in Arms Regulations (ITAR), 22 CFR Parts 120-130, amended through 2 October 2025 (KB 2/USA/ITAR.pdf)"
SEC-120.34(a)(8),SEC-120.34,(a)(8),8,2,"Through fundamental research in science and engineering at accredited institutions of higher learning in the U.S. where the resulting information is ordinarily published and shared broadly in the scientific community. Fundamental research is defined to mean basic and applied research in science and engineering where the resulting information is ordinarily published and shared broadly within the scientific community, as distinguished from research the results of which are restricted for proprietary reasons or specific U.S. Government access and dissemination controls. University research will not be considered fundamental research if:",,SEC-120.34(a),PART-120,"International Traffic in Arms Regulations (ITAR), 22 CFR Parts 120-130, amended through 2 October 2025 (KB 2/USA/ITAR.pdf)"
SEC-120.34(a)(8)(i),SEC-120.34,(a)(8)(i),i,3,The University or its researchers accept other restrictions on publication of scientific and technical information resulting from the project or activity; or,,SEC-120.34(a)(8),PART-120,"International Traffic in Arms Regulations (ITAR), 22 CFR Parts 120-130, amended through 2 October 2025 (KB 2/USA/ITAR.pdf)"
SEC-120.34(a)(8)(ii),SEC-120.34,(a)(8)(ii),ii,3,The research is funded by the U.S. Government and specific access and dissemination controls protecting information resulting from the research are applicable.,,SEC-120.34(a)(8),PART-120,"International Traffic in Arms Regulations (ITAR), 22 CFR Parts 120-130, amended through 2 October 2025 (KB 2/USA/ITAR.pdf)"
SEC-120.34(b),SEC-120.34,(b),b,1,[Reserved],yes,SEC-120.34,PART-120,"International Traffic in Arms Regulations (ITAR), 22 CFR Parts 120-130, amended through 2 October 2025 (KB 2/USA/ITAR.pdf)"
SEC-120.36(a),SEC-120.36,(a),a,1,Significant military equipment means articles for which special export controls are warranted because of their capacity for substantial military utility or capability.,,SEC-120.36,PART-120,"International Traffic in Arms Regulations (ITAR), 22 CFR Parts 120-130, amended through 2 October 2025 (KB 2/USA/ITAR.pdf)"
SEC-120.36(b),SEC-120.36,(b),b,1,Significant military equipment includes:,,SEC-120.36,PART-120,"International Traffic in Arms Regulations (ITAR), 22 CFR Parts 120-130, amended through 2 October 2025 (KB 2/USA/ITAR.pdf)"
SEC-120.36(b)(1),SEC-120.36,(b)(1),1,2,Items in § 121.1 of this subchapter that are preceded by an asterisk; and,,SEC-120.36(b),PART-120,"International Traffic in Arms Regulations (ITAR), 22 CFR Parts 120-130, amended through 2 October 2025 (KB 2/USA/ITAR.pdf)"
SEC-120.36(b)(2),SEC-120.36,(b)(2),2,2,All classified articles enumerated in § 121.1 of this subchapter.,,SEC-120.36(b),PART-120,"International Traffic in Arms Regulations (ITAR), 22 CFR Parts 120-130, amended through 2 October 2025 (KB 2/USA/ITAR.pdf)"
SEC-120.40(a),SEC-120.40,(a),a,1,"Commodity means any article, material, or supply, except technology/technical data or software.",,SEC-120.40,PART-120,"International Traffic in Arms Regulations (ITAR), 22 CFR Parts 120-130, amended through 2 October 2025 (KB 2/USA/ITAR.pdf)"
SEC-120.40(b),SEC-120.40,(b),b,1,"An end-item is a system, equipment, or an assembled article ready for its intended use. Only ammunition or fuel or other energy source is required to place it in an operating state.",,SEC-120.40,PART-120,"International Traffic in Arms Regulations (ITAR), 22 CFR Parts 120-130, amended through 2 October 2025 (KB 2/USA/ITAR.pdf)"
SEC-120.40(c),SEC-120.40,(c),c,1,A component is an item that is useful only when used in conjunction with an end-item:,,SEC-120.40,PART-120,"International Traffic in Arms Regulations (ITAR), 22 CFR Parts 120-130, amended through 2 October 2025 (KB 2/USA/ITAR.pdf)"
SEC-120.40(c)(1),SEC-120.40,(c)(1),1,2,A major component includes any assembled element that forms a portion of an end-item without which the end-item is inoperable; and,,SEC-120.40(c),PART-120,"International Traffic in Arms Regulations (ITAR), 22 CFR Parts 120-130, amended through 2 October 2025 (KB 2/USA/ITAR.pdf)"
SEC-120.40(c)(2),SEC-120.40,(c)(2),2,2,A minor component includes any assembled element of a major component.,,SEC-120.40(c),PART-120,"International Traffic in Arms Regulations (ITAR), 22 CFR Parts 120-130, amended through 2 October 2025 (KB 2/USA/ITAR.pdf)"
SEC-120.40(d),SEC-120.40,(d),d,1,"Accessories and attachments are associated articles for any component, equipment, system, or end-item, and which are not necessary for its operation, but which enhance its usefulness or effectiveness.",,SEC-120.40,PART-120,"International Traffic in Arms Regulations (ITAR), 22 CFR Parts 120-130, amended through 2 October 2025 (KB 2/USA/ITAR.pdf)"
SEC-120.40(e),SEC-120.40,(e),e,1,"A part is any single unassembled element of a major or a minor component, accessory, or attachment which is not normally subject to disassembly without the destruction or the impairment of designed use.",,SEC-120.40,PART-120,"International Traffic in Arms Regulations (ITAR), 22 CFR Parts 120-130, amended through 2 October 2025 (KB 2/USA/ITAR.pdf)"
SEC-120.40(f),SEC-120.40,(f),f,1,"Firmware and any related unique support tools (such as computers, linkers, editors, test case generators, diagnostic checkers, library of functions, and system diagnostics) directly related to equipment or systems covered under any category of the U.S. Munitions List are considered as part of the end-item or component. Firmware includes but is not limited to circuits into which software has been programmed.",,SEC-120.40,PART-120,"International Traffic in Arms Regulations (ITAR), 22 CFR Parts 120-130, amended through 2 October 2025 (KB 2/USA/ITAR.pdf)"
SEC-120.40(g),SEC-120.40,(g),g,1,"Software includes but is not limited to the system functional design, logic flow, algorithms, application programs, operating systems, and support software for design, implementation, test, operation, diagnosis, and repair. A person who intends to export only software should, unless it is specifically enumerated in § 121.1 of this subchapter (e.g., USML Category XIII(b)), apply for a technical data license pursuant to part 125 of this subchapter.",,SEC-120.40,PART-120,"International Traffic in Arms Regulations (ITAR), 22 CFR Parts 120-130, amended through 2 October 2025 (KB 2/USA/ITAR.pdf)"
SEC-120.40(h),SEC-120.40,(h),h,1,"A system is a combination of parts, components, accessories, attachments, firmware, software, equipment, or end-items that operate together to perform a function.",,SEC-120.40,PART-120,"International Traffic in Arms Regulations (ITAR), 22 CFR Parts 120-130, amended through 2 October 2025 (KB 2/USA/ITAR.pdf)"
SEC-120.40(i),SEC-120.40,(i),i,1,"Equipment is a combination of parts, components, accessories, attachments, firmware, or software that operate together to perform a function of, as, or for an end-item or system. Equipment may be a subset of an end-item based on the characteristics of the equipment. Equipment that meets the definition of an end-item in paragraph (b) of this section is an end- item. Equipment that does not meet the definition of an end-item is a component, accessory, attachment, firmware, or software.",,SEC-120.40,PART-120,"International Traffic in Arms Regulations (ITAR), 22 CFR Parts 120-130, amended through 2 October 2025 (KB 2/USA/ITAR.pdf)"
SEC-120.41(a),SEC-120.41,(a),a,1,"Except for commodities or software described in paragraph (b) of this section, a commodity or software is specially designed if it:",,SEC-120.41,PART-120,"International Traffic in Arms Regulations (ITAR), 22 CFR Parts 120-130, amended through 2 October 2025 (KB 2/USA/ITAR.pdf)"
SEC-120.41(a)(1),SEC-120.41,(a)(1),1,2,"As a result of development, has properties peculiarly responsible for achieving or exceeding the controlled performance levels, characteristics, or functions described in the relevant U.S. Munitions List (USML) paragraph in § 121.1 of this subchapter; or",,SEC-120.41(a),PART-120,"International Traffic in Arms Regulations (ITAR), 22 CFR Parts 120-130, amended through 2 October 2025 (KB 2/USA/ITAR.pdf)"
SEC-120.41(a)(2),SEC-120.41,(a)(2),2,2,"Is a part, component, accessory, attachment, or software for use in or with a defense article.",,SEC-120.41(a),PART-120,"International Traffic in Arms Regulations (ITAR), 22 CFR Parts 120-130, amended through 2 October 2025 (KB 2/USA/ITAR.pdf)"
SEC-120.41(b),SEC-120.41,(b),b,1,"For purposes of this subchapter, a part, component, accessory, attachment, or software is not specially designed if it:",,SEC-120.41,PART-120,"International Traffic in Arms Regulations (ITAR), 22 CFR Parts 120-130, amended through 2 October 2025 (KB 2/USA/ITAR.pdf)"
SEC-120.41(b)(1),SEC-120.41,(b)(1),1,2,Is subject to the EAR pursuant to a commodity jurisdiction determination;,,SEC-120.41(b),PART-120,"International Traffic in Arms Regulations (ITAR), 22 CFR Parts 120-130, amended through 2 October 2025 (KB 2/USA/ITAR.pdf)"
SEC-120.41(b)(2),SEC-120.41,(b)(2),2,2,"Is, regardless of form or fit, a fastener (e.g., screws, bolts, nuts, nut plates, studs, inserts, clips, rivets, pins), washer, spacer, insulator, grommet, bushing, spring, wire, or solder;",,SEC-120.41(b),PART-120,"International Traffic in Arms Regulations (ITAR), 22 CFR Parts 120-130, amended through 2 October 2025 (KB 2/USA/ITAR.pdf)"
SEC-120.41(b)(3),SEC-120.41,(b)(3),3,2,"Has the same function, performance capabilities, and the same or equivalent form and fit as a commodity or software used in or with a commodity that:",,SEC-120.41(b),PART-120,"International Traffic in Arms Regulations (ITAR), 22 CFR Parts 120-130, amended through 2 October 2025 (KB 2/USA/ITAR.pdf)"
SEC-120.41(b)(3)(i),SEC-120.41,(b)(3)(i),i,3,"Is or was in production (i.e., not in development); and",,SEC-120.41(b)(3),PART-120,"International Traffic in Arms Regulations (ITAR), 22 CFR Parts 120-130, amended through 2 October 2025 (KB 2/USA/ITAR.pdf)"
SEC-120.41(b)(3)(ii),SEC-120.41,(b)(3)(ii),ii,3,Is not enumerated on the USML;,,SEC-120.41(b)(3),PART-120,"International Traffic in Arms Regulations (ITAR), 22 CFR Parts 120-130, amended through 2 October 2025 (KB 2/USA/ITAR.pdf)"
SEC-120.41(b)(4),SEC-120.41,(b)(4),4,2,Was or is being developed with knowledge that it is or would be for use in or with both defense articles enumerated on the USML and also commodities not on the USML; or,,SEC-120.41(b),PART-120,"International Traffic in Arms Regulations (ITAR), 22 CFR Parts 120-130, amended through 2 October 2025 (KB 2/USA/ITAR.pdf)"
SEC-120.41(b)(5),SEC-120.41,(b)(5),5,2,"Was or is being developed as a general purpose commodity or software, i.e., with no knowledge for use in or with a particular commodity (e.g., a F/A-18 or HMMWV) or type of commodity (e.g., an aircraft or machine tool).",,SEC-120.41(b),PART-120,"International Traffic in Arms Regulations (ITAR), 22 CFR Parts 120-130, amended through 2 October 2025 (KB 2/USA/ITAR.pdf)"
SEC-120.42(a),SEC-120.42,(a),a,1,"Form. The form of a commodity is defined by its configuration (including the geometrically measured configuration), material, and material properties that uniquely characterize it. For software, the form means the design, logic flow, and algorithms.",,SEC-120.42,PART-120,"International Traffic in Arms Regulations (ITAR), 22 CFR Parts 120-130, amended through 2 October 2025 (KB 2/USA/ITAR.pdf)"
SEC-120.42(b),SEC-120.42,(b),b,1,"Fit. The fit of a commodity defined by its ability to physically interface or connect with or become an integral part of another commodity. For software, the fit is defined by its ability to interface or connect with a defense article.",,SEC-120.42,PART-120,"International Traffic in Arms Regulations (ITAR), 22 CFR Parts 120-130, amended through 2 October 2025 (KB 2/USA/ITAR.pdf)"
SEC-120.42(c),SEC-120.42,(c),c,1,"Function. The function of a commodity is the action or actions it is designed to perform. For software, the function means the action or actions the software performs directly related to a defense article or as a standalone application.",,SEC-120.42,PART-120,"International Traffic in Arms Regulations (ITAR), 22 CFR Parts 120-130, amended through 2 October 2025 (KB 2/USA/ITAR.pdf)"
SEC-120.42(d),SEC-120.42,(d),d,1,"Performance capability. Performance capability is the measure of a commodity’s effectiveness to perform a designated function in a given environment (e.g., measured in terms of speed, durability, reliability, pressure, accuracy, efficiency). For software, performance capability means the measure of the software’s effectiveness to perform a designated function.",,SEC-120.42,PART-120,"International Traffic in Arms Regulations (ITAR), 22 CFR Parts 120-130, amended through 2 October 2025 (KB 2/USA/ITAR.pdf)"
SEC-120.42(e),SEC-120.42,(e),e,1,"Equivalent. With respect to a commodity, equivalent means its form has been modified solely for fit purposes.",,SEC-120.42,PART-120,"International Traffic in Arms Regulations (ITAR), 22 CFR Parts 120-130, amended through 2 October 2025 (KB 2/USA/ITAR.pdf)"
SEC-120.42(f),SEC-120.42,(f),f,1,Enumerated. Enumerated refers to any items designated on the U.S. Munitions List or item on the Commerce Control List and not in a catch-all control.,,SEC-120.42,PART-120,"International Traffic in Arms Regulations (ITAR), 22 CFR Parts 120-130, amended through 2 October 2025 (KB 2/USA/ITAR.pdf)"
SEC-120.42(g),SEC-120.42,(g),g,1,"Catch-all control. A catch-all control is one that does not refer to specific types of parts, components, accessories, or attachments, but rather controls unspecified parts, components, accessories, or attachments only if they were specially designed for an enumerated item.",,SEC-120.42,PART-120,"International Traffic in Arms Regulations (ITAR), 22 CFR Parts 120-130, amended through 2 October 2025 (KB 2/USA/ITAR.pdf)"
SEC-120.43(a),SEC-120.43,(a),a,1,"Development is related to all stages prior to serial production, such as design, design research, design analyses, design concepts, assembly and testing of prototypes, pilot production schemes, design data, process of transforming design data into a product, configuration design, integration design, and layouts. Developments include modification of an existing design.",,SEC-120.43,PART-120,"International Traffic in Arms Regulations (ITAR), 22 CFR Parts 120-130, amended through 2 October 2025 (KB 2/USA/ITAR.pdf)"
SEC-120.43(b),SEC-120.43,(b),b,1,,,SEC-120.43,PART-120,"International Traffic in Arms Regulations (ITAR), 22 CFR Parts 120-130, amended through 2 October 2025 (KB 2/USA/ITAR.pdf)"
SEC-120.43(b)(1),SEC-120.43,(b)(1),1,2,"Production means all production stages, such as product engineering, manufacture, integration, assembly (mounting), inspection, testing, and quality assurance. This includes serial production where commodities have passed production readiness testing (i.e., an approved, standardized design ready for large scale production) and have been or are being produced on an assembly line for multiple commodities using the approved, standardized design.",,SEC-120.43(b),PART-120,"International Traffic in Arms Regulations (ITAR), 22 CFR Parts 120-130, amended through 2 October 2025 (KB 2/USA/ITAR.pdf)"
SEC-120.43(b)(2),SEC-120.43,(b)(2),2,2,"Commodities in production that are subsequently subject to development activities, such as those that would result in enhancements or improvements only in the reliability or maintainability of the commodity (e.g., an increased mean time between failure), including those pertaining to quality improvements, cost reductions, or feature enhancements, remain in production. However, any new models or versions of such commodities developed from such efforts that change the basic performance or capability of the commodity are in development until and unless they enter into production.",,SEC-120.43(b),PART-120,"International Traffic in Arms Regulations (ITAR), 22 CFR Parts 120-130, amended through 2 October 2025 (KB 2/USA/ITAR.pdf)"
SEC-120.43(c),SEC-120.43,(c),c,1,"Design methodology includes the underlying engineering methods and design philosophy utilized (i.e., information that explains the rationale for a particular design decision, engineering feature, or performance requirement); engineering experience (e.g., lessons learned); and the rationale and associated databases (e.g., design allowables, factors of safety, component life predictions, failure analysis criteria) that establish the operational requirements (e.g., performance, mechanical, electrical, electronic, reliability and maintainability) of a defense article. (Final analytical results and the initial conditions and parameters may be provided.)",,SEC-120.43,PART-120,"International Traffic in Arms Regulations (ITAR), 22 CFR Parts 120-130, amended through 2 October 2025 (KB 2/USA/ITAR.pdf)"
SEC-120.43(d),SEC-120.43,(d),d,1,"Engineering analysis includes the analytical methods and tools used to design or evaluate a defense article’s performance against the operational requirements. Analytical methods and tools include the development and/or use of mockups, computer models and simulations, and test facilities. (Final analytical results and the initial conditions and parameters may be provided.)",,SEC-120.43,PART-120,"International Traffic in Arms Regulations (ITAR), 22 CFR Parts 120-130, amended through 2 October 2025 (KB 2/USA/ITAR.pdf)"
SEC-120.43(e),SEC-120.43,(e),e,1,"Manufacturing know-how includes information that provides detailed manufacturing processes and techniques needed to translate a detailed design into a qualified, finished defense article. (Information may be provided in a build-to-print package that is necessary in order to produce an acceptable defense article.)",,SEC-120.43,PART-120,"International Traffic in Arms Regulations (ITAR), 22 CFR Parts 120-130, amended through 2 October 2025 (KB 2/USA/ITAR.pdf)"
SEC-120.43(f),SEC-120.43,(f),f,1,"Build-to-print means that a foreign consignee can produce a defense article from engineering drawings without any technical assistance from a U.S. exporter. This transaction is based strictly on a hands-off approach since the foreign consignee is understood to have the inherent capability to produce the defense article and only lacks the necessary drawings. Supporting documentation (e.g., acceptance criteria, object code software for numerically controlled machines) may be released on an as-required basis (i.e., must have) such that the foreign consignee would not be able to produce an acceptable defense article without this additional supporting documentation. Build-to-print does not include the release of any information which discloses design methodology, engineering analysis, detailed process information or manufacturing know-how. Documentation which is not absolutely necessary to permit manufacture of an acceptable defense article (i.e. nice to have) is not considered within the boundaries of a build-to-print data package.",,SEC-120.43,PART-120,"International Traffic in Arms Regulations (ITAR), 22 CFR Parts 120-130, amended through 2 October 2025 (KB 2/USA/ITAR.pdf)"
SEC-120.43(g),SEC-120.43,(g),g,1,Build/design-to-specification means that a foreign consignee can design and produce a defense article from requirement specifications without any technical assistance from the U.S. exporter. This transaction is based strictly on a hands-off approach since the foreign consignee is understood to have the inherent capability to both design and produce the defense article and only lacks the necessary requirement information.,,SEC-120.43,PART-120,"International Traffic in Arms Regulations (ITAR), 22 CFR Parts 120-130, amended through 2 October 2025 (KB 2/USA/ITAR.pdf)"
SEC-120.43(h),SEC-120.43,(h),h,1,Basic research means a systemic study directed toward greater knowledge or understanding of the fundamental aspects of phenomena and observable facts without specific applications towards processes or products in mind. It does not include applied research.,,SEC-120.43,PART-120,"International Traffic in Arms Regulations (ITAR), 22 CFR Parts 120-130, amended through 2 October 2025 (KB 2/USA/ITAR.pdf)"
SEC-120.43(i),SEC-120.43,(i),i,1,"Applied research means a systemic study to gain knowledge or understanding necessary to determine the means by which a recognized and specific need may be met. It is a systematic application of knowledge toward the production of useful materials, devices, and systems or methods, including design, development, and improvement of prototypes and new processes to meet specific requirements.",,SEC-120.43,PART-120,"International Traffic in Arms Regulations (ITAR), 22 CFR Parts 120-130, amended through 2 October 2025 (KB 2/USA/ITAR.pdf)"
SEC-120.45(a),SEC-120.45,(a),a,1,"Organizational-level maintenance (or basic-level maintenance) is the first level of maintenance that can be performed on-equipment (directly on the defense article or support equipment) without specialized training. It consists of repairing, inspecting, servicing, calibrating, lubricating, or adjusting equipment, as well as replacing minor parts, components, assemblies, and line- replaceable spares or units. This includes modifications, enhancements, or upgrades that would result in improving only the reliability of maintainability of the commodity (e.g., an increased mean time between failure) and does not enhance the basic performance or capability of the defense article.",,SEC-120.45,PART-120,"International Traffic in Arms Regulations (ITAR), 22 CFR Parts 120-130, amended through 2 October 2025 (KB 2/USA/ITAR.pdf)"
SEC-120.45(b),SEC-120.45,(b),b,1,"Intermediate-level maintenance is second-level maintenance performed off-equipment (on removed parts, components, or equipment) at or by designated maintenance shops or centers, tenders, or field teams. It may consist of calibrating, repairing, testing, or replacing damaged or unserviceable parts, components, or assemblies. This includes modifications, enhancements, or upgrades that would result in improving only the reliability or maintainability of the commodity (e.g., an increased mean time between failure) and does not enhance the basic performance or capability of the defense article.",,SEC-120.45,PART-120,"International Traffic in Arms Regulations (ITAR), 22 CFR Parts 120-130, amended through 2 October 2025 (KB 2/USA/ITAR.pdf)"
SEC-120.45(c),SEC-120.45,(c),c,1,"Depot-level maintenance is third-level maintenance performed on- or off-equipment at or by a major repair facility, shipyard, or field team, each with necessary equipment and personnel of requisite technical skill. It consists of providing evaluation or repair beyond unit or organization capability. This maintenance consists of inspecting, testing, calibrating, repairing, overhauling, refurbishing, reconditioning, and one-to-one replacing of any defective parts, components, or assemblies. This includes modifications, enhancements, or upgrades that would result in improving only the reliability or maintainability of the commodity (e.g., an increased mean time between failure) and does not enhance the basic performance or capability of the defense article.",,SEC-120.45,PART-120,"International Traffic in Arms Regulations (ITAR), 22 CFR Parts 120-130, amended through 2 October 2025 (KB 2/USA/ITAR.pdf)"
SEC-120.50(a),SEC-120.50,(a),a,1,"Export, except a set forth in § 120.54 or § 126.16 or § 126.17 of this subchapter, means:",,SEC-120.50,PART-120,"International Traffic in Arms Regulations (ITAR), 22 CFR Parts 120-130, amended through 2 October 2025 (KB 2/USA/ITAR.pdf)"
SEC-120.50(a)(1),SEC-120.50,(a)(1),1,2,"An actual shipment or transmission out of the United States, including the sending or taking of a defense article out of the United States in any manner;",,SEC-120.50(a),PART-120,"International Traffic in Arms Regulations (ITAR), 22 CFR Parts 120-130, amended through 2 October 2025 (KB 2/USA/ITAR.pdf)"
SEC-120.50(a)(2),SEC-120.50,(a)(2),2,2,Releasing or otherwise transferring technical data to a foreign person in the United States (a deemed export);,,SEC-120.50(a),PART-120,"International Traffic in Arms Regulations (ITAR), 22 CFR Parts 120-130, amended through 2 October 2025 (KB 2/USA/ITAR.pdf)"
SEC-120.50(a)(3),SEC-120.50,(a)(3),3,2,"Transferring registration, control, or ownership of any aircraft, vessel, or satellite subject to this subchapter by a U.S. person to a foreign person;",,SEC-120.50(a),PART-120,"International Traffic in Arms Regulations (ITAR), 22 CFR Parts 120-130, amended through 2 October 2025 (KB 2/USA/ITAR.pdf)"
SEC-120.50(a)(4),SEC-120.50,(a)(4),4,2,"Releasing or otherwise transferring a defense article to an embassy or to any of its agencies or subdivisions, such as a diplomatic mission or consulate, in the United States;",,SEC-120.50(a),PART-120,"International Traffic in Arms Regulations (ITAR), 22 CFR Parts 120-130, amended through 2 October 2025 (KB 2/USA/ITAR.pdf)"
SEC-120.50(a)(5),SEC-120.50,(a)(5),5,2,"Performing a defense service on behalf of, or for the benefit of, a foreign person, whether in the United States or abroad; or",,SEC-120.50(a),PART-120,"International Traffic in Arms Regulations (ITAR), 22 CFR Parts 120-130, amended through 2 October 2025 (KB 2/USA/ITAR.pdf)"
SEC-120.50(a)(6),SEC-120.50,(a)(6),6,2,The release of previously encrypted technical data as described in § 120.56(a)(3) and (4).,,SEC-120.50(a),PART-120,"International Traffic in Arms Regulations (ITAR), 22 CFR Parts 120-130, amended through 2 October 2025 (KB 2/USA/ITAR.pdf)"
SEC-120.50(b),SEC-120.50,(b),b,1,Any release in the United States of technical data to a foreign person is deemed to be an export to all countries in which the foreign person has held or holds citizenship or holds permanent residency.,,SEC-120.50,PART-120,"International Traffic in Arms Regulations (ITAR), 22 CFR Parts 120-130, amended through 2 October 2025 (KB 2/USA/ITAR.pdf)"
SEC-120.51(a),SEC-120.51,(a),a,1,"Reexport, except as set forth in § 120.54 or § 126.16 or § 126.17 of this subchapter, means:",,SEC-120.51,PART-120,"International Traffic in Arms Regulations (ITAR), 22 CFR Parts 120-130, amended through 2 October 2025 (KB 2/USA/ITAR.pdf)"
SEC-120.51(a)(1),SEC-120.51,(a)(1),1,2,"An actual shipment or transmission of a defense article from one foreign country to another foreign country, including the sending or taking of a defense article to or from such countries in any manner;",,SEC-120.51(a),PART-120,"International Traffic in Arms Regulations (ITAR), 22 CFR Parts 120-130, amended through 2 October 2025 (KB 2/USA/ITAR.pdf)"
SEC-120.51(a)(2),SEC-120.51,(a)(2),2,2,Releasing or otherwise transferring technical data to a foreign person who is a citizen or permanent resident of a country other than the foreign country where the release or transfer takes place (a deemed reexport); or,,SEC-120.51(a),PART-120,"International Traffic in Arms Regulations (ITAR), 22 CFR Parts 120-130, amended through 2 October 2025 (KB 2/USA/ITAR.pdf)"
SEC-120.51(a)(3),SEC-120.51,(a)(3),3,2,"Transferring registration, control, or ownership of any aircraft, vessel, or satellite subject to this subchapter between foreign persons.",,SEC-120.51(a),PART-120,"International Traffic in Arms Regulations (ITAR), 22 CFR Parts 120-130, amended through 2 October 2025 (KB 2/USA/ITAR.pdf)"
SEC-120.51(b),SEC-120.51,(b),b,1,Any release outside the United States of technical data to a foreign person is deemed to be a reexport to all countries in which the foreign person has held or holds citizenship or holds permanent residency.,,SEC-120.51,PART-120,"International Traffic in Arms Regulations (ITAR), 22 CFR Parts 120-130, amended through 2 October 2025 (KB 2/USA/ITAR.pdf)"
SEC-120.52(a),SEC-120.52,(a),a,1,"Retransfer, except as set forth in § 120.54 or § 126.16 or § 126.17 of this subchapter, means:",,SEC-120.52,PART-120,"International Traffic in Arms Regulations (ITAR), 22 CFR Parts 120-130, amended through 2 October 2025 (KB 2/USA/ITAR.pdf)"
SEC-120.52(a)(1),SEC-120.52,(a)(1),1,2,"A change in end-use or end-user, or a temporary transfer to a third party, of a defense article within the same foreign country; or",,SEC-120.52(a),PART-120,"International Traffic in Arms Regulations (ITAR), 22 CFR Parts 120-130, amended through 2 October 2025 (KB 2/USA/ITAR.pdf)"
SEC-120.52(a)(2),SEC-120.52,(a)(2),2,2,A release of technical data to a foreign person who is a citizen or permanent resident of the country where the release or transfer takes place.,,SEC-120.52(a),PART-120,"International Traffic in Arms Regulations (ITAR), 22 CFR Parts 120-130, amended through 2 October 2025 (KB 2/USA/ITAR.pdf)"
SEC-120.52(b),SEC-120.52,(b),b,1,[Reserved],yes,SEC-120.52,PART-120,"International Traffic in Arms Regulations (ITAR), 22 CFR Parts 120-130, amended through 2 October 2025 (KB 2/USA/ITAR.pdf)"
SEC-120.53(a),SEC-120.53,(a),a,1,"Temporary import, except as set forth in § 120.54, means bringing into the United States from a foreign country any defense article that is:",,SEC-120.53,PART-120,"International Traffic in Arms Regulations (ITAR), 22 CFR Parts 120-130, amended through 2 October 2025 (KB 2/USA/ITAR.pdf)"
SEC-120.53(a)(1),SEC-120.53,(a)(1),1,2,To be returned to the country from which it was shipped or taken; or,,SEC-120.53(a),PART-120,"International Traffic in Arms Regulations (ITAR), 22 CFR Parts 120-130, amended through 2 October 2025 (KB 2/USA/ITAR.pdf)"
SEC-120.53(a)(2),SEC-120.53,(a)(2),2,2,Any defense article that is in transit to another foreign destination.,,SEC-120.53(a),PART-120,"International Traffic in Arms Regulations (ITAR), 22 CFR Parts 120-130, amended through 2 October 2025 (KB 2/USA/ITAR.pdf)"
SEC-120.53(b),SEC-120.53,(b),b,1,Temporary import includes withdrawal of a defense article from a customs bonded warehouse or foreign trade zone for the purpose of returning it to the country of origin or country from which it was shipped or for shipment to another foreign destination.,,SEC-120.53,PART-120,"International Traffic in Arms Regulations (ITAR), 22 CFR Parts 120-130, amended through 2 October 2025 (KB 2/USA/ITAR.pdf)"
SEC-120.53(c),SEC-120.53,(c),c,1,"Permanent imports are regulated by the Attorney General under the direction of the Department of Justice's Bureau of Alcohol, Tobacco, Firearms, and Explosives (see 27 CFR parts 447, 478, 479, and 555).",,SEC-120.53,PART-120,"International Traffic in Arms Regulations (ITAR), 22 CFR Parts 120-130, amended through 2 October 2025 (KB 2/USA/ITAR.pdf)"
SEC-120.54(a),SEC-120.54,(a),a,1,"The following activities are not export, reexports, retransfers, or temporary imports:",,SEC-120.54,PART-120,"International Traffic in Arms Regulations (ITAR), 22 CFR Parts 120-130, amended through 2 October 2025 (KB 2/USA/ITAR.pdf)"
SEC-120.54(a)(1),SEC-120.54,(a)(1),1,2,"Launching a spacecraft, launch vehicle, payload, or other item into space;",,SEC-120.54(a),PART-120,"International Traffic in Arms Regulations (ITAR), 22 CFR Parts 120-130, amended through 2 October 2025 (KB 2/USA/ITAR.pdf)"
SEC-120.54(a)(2),SEC-120.54,(a)(2),2,2,Transmitting or otherwise transferring technical data to a U.S. person in the United States from a person in the United States;,,SEC-120.54(a),PART-120,"International Traffic in Arms Regulations (ITAR), 22 CFR Parts 120-130, amended through 2 October 2025 (KB 2/USA/ITAR.pdf)"
SEC-120.54(a)(3),SEC-120.54,(a)(3),3,2,"Transmitting or otherwise transferring within the same foreign country technical data between or among only U.S. persons, so long as the transmission or transfer does not result in a release to a foreign person or transfer to a person prohibited from receiving the technical data;",,SEC-120.54(a),PART-120,"International Traffic in Arms Regulations (ITAR), 22 CFR Parts 120-130, amended through 2 October 2025 (KB 2/USA/ITAR.pdf)"
SEC-120.54(a)(4),SEC-120.54,(a)(4),4,2,"Shipping, moving, or transferring defense articles between or among the United States as defined in § 120.60;",,SEC-120.54(a),PART-120,"International Traffic in Arms Regulations (ITAR), 22 CFR Parts 120-130, amended through 2 October 2025 (KB 2/USA/ITAR.pdf)"
SEC-120.54(a)(5),SEC-120.54,(a)(5),5,2,"Sending, taking, or storing technical data that is:",,SEC-120.54(a),PART-120,"International Traffic in Arms Regulations (ITAR), 22 CFR Parts 120-130, amended through 2 October 2025 (KB 2/USA/ITAR.pdf)"
SEC-120.54(a)(5)(i),SEC-120.54,(a)(5)(i),i,3,Unclassified;,,SEC-120.54(a)(5),PART-120,"International Traffic in Arms Regulations (ITAR), 22 CFR Parts 120-130, amended through 2 October 2025 (KB 2/USA/ITAR.pdf)"
SEC-120.54(a)(5)(ii),SEC-120.54,(a)(5)(ii),ii,3,Secured using end-to-end encryption;,,SEC-120.54(a)(5),PART-120,"International Traffic in Arms Regulations (ITAR), 22 CFR Parts 120-130, amended through 2 October 2025 (KB 2/USA/ITAR.pdf)"
SEC-120.54(a)(5)(iii),SEC-120.54,(a)(5)(iii),iii,3,"Secured using cryptographic modules (hardware or software) compliant with the Federal Information Processing Standards Publication 140-2 (FIPS 140-2) or its successors, supplemented by software implementation, cryptographic key management and other procedures and controls that are in accordance with guidance provided in current U.S. National Institute for Standards and Technology",,SEC-120.54(a)(5),PART-120,"International Traffic in Arms Regulations (ITAR), 22 CFR Parts 120-130, amended through 2 October 2025 (KB 2/USA/ITAR.pdf)"
SEC-120.54(a)(5)(iii)(NIST),SEC-120.54,(a)(5)(iii)(NIST),NIST,4,"publications, or by other cryptographic means that provide security strength that is at least comparable to the minimum 128 bits of security strength achieved by the Advanced Encryption Standard (AES-128); and",,SEC-120.54(a)(5)(iii),PART-120,"International Traffic in Arms Regulations (ITAR), 22 CFR Parts 120-130, amended through 2 October 2025 (KB 2/USA/ITAR.pdf)"
SEC-120.54(a)(5)(iv),SEC-120.54,(a)(5)(iv),iv,3,Not intentionally sent to a person in or stored in a country proscribed in § 126.1 of this subchapter; and,,SEC-120.54(a)(5),PART-120,"International Traffic in Arms Regulations (ITAR), 22 CFR Parts 120-130, amended through 2 October 2025 (KB 2/USA/ITAR.pdf)"
SEC-120.54(a)(5)(v),SEC-120.54,(a)(5)(v),v,3,Not sent from a country proscribed in § 126.1 of this subchapter;,,SEC-120.54(a)(5),PART-120,"International Traffic in Arms Regulations (ITAR), 22 CFR Parts 120-130, amended through 2 October 2025 (KB 2/USA/ITAR.pdf)"
SEC-120.54(a)(6),SEC-120.54,(a)(6),6,2,"The taking of a defense article subject to the reexport or retransfer requirements of this subchapter on a deployment or training exercise outside a previously approved country, provided:",,SEC-120.54(a),PART-120,"International Traffic in Arms Regulations (ITAR), 22 CFR Parts 120-130, amended through 2 October 2025 (KB 2/USA/ITAR.pdf)"
SEC-120.54(a)(6)(i),SEC-120.54,(a)(6)(i),i,3,There is no change in end-use or end-user with respect to the defense article;,,SEC-120.54(a)(6),PART-120,"International Traffic in Arms Regulations (ITAR), 22 CFR Parts 120-130, amended through 2 October 2025 (KB 2/USA/ITAR.pdf)"
SEC-120.54(a)(6)(ii),SEC-120.54,(a)(6)(ii),ii,3,The defense article is transported by and remains in the possession of the previously authorized armed forces of a foreign government or United Nations military personnel; and,,SEC-120.54(a)(6),PART-120,"International Traffic in Arms Regulations (ITAR), 22 CFR Parts 120-130, amended through 2 October 2025 (KB 2/USA/ITAR.pdf)"
SEC-120.54(a)(6)(iii),SEC-120.54,(a)(6)(iii),iii,3,The defense article is not being exported from or temporarily imported into the United States; and,,SEC-120.54(a)(6),PART-120,"International Traffic in Arms Regulations (ITAR), 22 CFR Parts 120-130, amended through 2 October 2025 (KB 2/USA/ITAR.pdf)"
SEC-120.54(a)(7),SEC-120.54,(a)(7),7,2,"The transfer of a foreign defense article previously imported into the United States that has since been exported from the United States pursuant to a license or other approval under this subchapter, provided:",,SEC-120.54(a),PART-120,"International Traffic in Arms Regulations (ITAR), 22 CFR Parts 120-130, amended through 2 October 2025 (KB 2/USA/ITAR.pdf)"
SEC-120.54(a)(7)(i),SEC-120.54,(a)(7)(i),i,3,"The foreign defense article was not modified, enhanced, upgraded, or otherwise altered or improved in a manner that changed the basic performance of the item prior to its return to the country from which it was imported or a third country;",,SEC-120.54(a)(7),PART-120,"International Traffic in Arms Regulations (ITAR), 22 CFR Parts 120-130, amended through 2 October 2025 (KB 2/USA/ITAR.pdf)"
SEC-120.54(a)(7)(ii),SEC-120.54,(a)(7)(ii),ii,3,A U.S.-origin defense article was not incorporated into the foreign defense article; and,,SEC-120.54(a)(7),PART-120,"International Traffic in Arms Regulations (ITAR), 22 CFR Parts 120-130, amended through 2 October 2025 (KB 2/USA/ITAR.pdf)"
SEC-120.54(a)(7)(iii),SEC-120.54,(a)(7)(iii),iii,3,The defense article is not being exported from or temporarily imported into the United States.,,SEC-120.54(a)(7),PART-120,"International Traffic in Arms Regulations (ITAR), 22 CFR Parts 120-130, amended through 2 October 2025 (KB 2/USA/ITAR.pdf)"
SEC-120.54(b),SEC-120.54,(b),b,1,,,SEC-120.54,PART-120,"International Traffic in Arms Regulations (ITAR), 22 CFR Parts 120-130, amended through 2 October 2025 (KB 2/USA/ITAR.pdf)"
SEC-120.54(b)(1),SEC-120.54,(b)(1),1,2,"For purposes of this section, end-to-end encryption is defined as:",,SEC-120.54(b),PART-120,"International Traffic in Arms Regulations (ITAR), 22 CFR Parts 120-130, amended through 2 October 2025 (KB 2/USA/ITAR.pdf)"
SEC-120.54(b)(1)(i),SEC-120.54,(b)(1)(i),i,3,"The provision of cryptographic protection of data, such that the data is not in an unencrypted form, between an originator (or the originator's in-country security boundary) and an intended recipient (or the recipient’s in-country security boundary); and",,SEC-120.54(b)(1),PART-120,"International Traffic in Arms Regulations (ITAR), 22 CFR Parts 120-130, amended through 2 October 2025 (KB 2/USA/ITAR.pdf)"
SEC-120.54(b)(1)(ii),SEC-120.54,(b)(1)(ii),ii,3,The means of decryption are not provided to any third party.,,SEC-120.54(b)(1),PART-120,"International Traffic in Arms Regulations (ITAR), 22 CFR Parts 120-130, amended through 2 October 2025 (KB 2/USA/ITAR.pdf)"
SEC-120.54(b)(2),SEC-120.54,(b)(2),2,2,"The originator and the intended recipient may be the same person. The intended recipient must be the originator, a U.S. person in the United States, or a person otherwise authorized to receive the technical data, such as by a license or other approval pursuant to this subchapter.",,SEC-120.54(b),PART-120,"International Traffic in Arms Regulations (ITAR), 22 CFR Parts 120-130, amended through 2 October 2025 (KB 2/USA/ITAR.pdf)"
SEC-120.54(c),SEC-120.54,(c),c,1,The ability to access technical data in encrypted form that satisfies the criteria set forth in paragraph (a)(5) of this section does not constitute the release or export of such technical data.,,SEC-120.54,PART-120,"International Traffic in Arms Regulations (ITAR), 22 CFR Parts 120-130, amended through 2 October 2025 (KB 2/USA/ITAR.pdf)"
SEC-120.56(a),SEC-120.56,(a),a,1,Release. Technical data is released through:,,SEC-120.56,PART-120,"International Traffic in Arms Regulations (ITAR), 22 CFR Parts 120-130, amended through 2 October 2025 (KB 2/USA/ITAR.pdf)"
SEC-120.56(a)(1),SEC-120.56,(a)(1),1,2,Visual or other inspection by foreign persons of a defense article that reveals technical data to a foreign person;,,SEC-120.56(a),PART-120,"International Traffic in Arms Regulations (ITAR), 22 CFR Parts 120-130, amended through 2 October 2025 (KB 2/USA/ITAR.pdf)"
SEC-120.56(a)(2),SEC-120.56,(a)(2),2,2,Oral or written exchanges with foreign persons of technical data in the United States or abroad;,,SEC-120.56(a),PART-120,"International Traffic in Arms Regulations (ITAR), 22 CFR Parts 120-130, amended through 2 October 2025 (KB 2/USA/ITAR.pdf)"
SEC-120.56(a)(3),SEC-120.56,(a)(3),3,2,"The use of access information to cause or enable a foreign person, including yourself, to access, view, or possess unencrypted technical data; or",,SEC-120.56(a),PART-120,"International Traffic in Arms Regulations (ITAR), 22 CFR Parts 120-130, amended through 2 October 2025 (KB 2/USA/ITAR.pdf)"
SEC-120.56(a)(4),SEC-120.56,(a)(4),4,2,The use of access information to cause technical data outside of the United States to be in unencrypted form.,,SEC-120.56(a),PART-120,"International Traffic in Arms Regulations (ITAR), 22 CFR Parts 120-130, amended through 2 October 2025 (KB 2/USA/ITAR.pdf)"
SEC-120.56(b),SEC-120.56,(b),b,1,"Provision of access information. Authorization for a release of technical data to a foreign person is required to provide access information to that foreign person, if that access information can cause or enable access, viewing, or possession of the unencrypted technical data.",,SEC-120.56,PART-120,"International Traffic in Arms Regulations (ITAR), 22 CFR Parts 120-130, amended through 2 October 2025 (KB 2/USA/ITAR.pdf)"
SEC-120.57(a),SEC-120.57,(a),a,1,"License means a document bearing the word “license” issued by the Deputy Assistant Secretary of State for Defense Trade Controls, or authorized designee, that permits the export, reexport, retransfer, temporary import, or brokering of a specific defense article or defense service controlled by this subchapter.",,SEC-120.57,PART-120,"International Traffic in Arms Regulations (ITAR), 22 CFR Parts 120-130, amended through 2 October 2025 (KB 2/USA/ITAR.pdf)"
SEC-120.57(b),SEC-120.57,(b),b,1,"Other approval means a document, other than a license, issued by the Deputy Assistant Secretary of State for Defense Trade Controls, or authorized designee, that approves an activity regulated by this subchapter (e.g., approvals for brokering activities or retransfer authorizations), or the use of an exemption to the license requirements as described in this subchapter.",,SEC-120.57,PART-120,"International Traffic in Arms Regulations (ITAR), 22 CFR Parts 120-130, amended through 2 October 2025 (KB 2/USA/ITAR.pdf)"
SEC-120.57(c),SEC-120.57,(c),c,1,"Exemption means a provision of this subchapter that authorizes the export, reexport, retransfer, temporary import, or brokering of a specific defense article or defense service without a license or other written authorization.",,SEC-120.57,PART-120,"International Traffic in Arms Regulations (ITAR), 22 CFR Parts 120-130, amended through 2 October 2025 (KB 2/USA/ITAR.pdf)"
SEC-120.57(d),SEC-120.57,(d),d,1,"Manufacturing license agreement means an agreement (e.g., contract), approved by the Directorate of Defense Trade Controls (DDTC), whereby a U.S. person grants a foreign person an authorization to manufacture defense articles abroad and which involves or contemplates:",,SEC-120.57,PART-120,"International Traffic in Arms Regulations (ITAR), 22 CFR Parts 120-130, amended through 2 October 2025 (KB 2/USA/ITAR.pdf)"
SEC-120.57(d)(1),SEC-120.57,(d)(1),1,2,The export of technical data or defense articles or the performance of a defense service; or,,SEC-120.57(d),PART-120,"International Traffic in Arms Regulations (ITAR), 22 CFR Parts 120-130, amended through 2 October 2025 (KB 2/USA/ITAR.pdf)"
SEC-120.57(d)(2),SEC-120.57,(d)(2),2,2,The use by the foreign person of technical data or defense articles previously exported by the U.S. person.,,SEC-120.57(d),PART-120,"International Traffic in Arms Regulations (ITAR), 22 CFR Parts 120-130, amended through 2 October 2025 (KB 2/USA/ITAR.pdf)"
SEC-120.57(e),SEC-120.57,(e),e,1,"Technical assistance agreement means an agreement (e.g., contract), approved by DDTC, for the performance of a defense service(s) or the disclosure of technical data, as opposed to an agreement granting a right or license to manufacture defense articles. Assembly of defense articles is included under this section, provided production rights or manufacturing know-how are not conveyed. Should such rights be transferred, paragraph (d) of this section is applicable.",,SEC-120.57,PART-120,"International Traffic in Arms Regulations (ITAR), 22 CFR Parts 120-130, amended through 2 October 2025 (KB 2/USA/ITAR.pdf)"
SEC-120.57(f),SEC-120.57,(f),f,1,"Distribution agreement means an agreement (e.g., a contract), approved by DDTC, to establish a warehouse or distribution point abroad for defense articles exported from the United States for subsequent distribution to entities in an approved sales territory.",,SEC-120.57,PART-120,"International Traffic in Arms Regulations (ITAR), 22 CFR Parts 120-130, amended through 2 October 2025 (KB 2/USA/ITAR.pdf)"
SEC-120.64(a),SEC-120.64,(a),a,1,Regular employee means:,,SEC-120.64,PART-120,"International Traffic in Arms Regulations (ITAR), 22 CFR Parts 120-130, amended through 2 October 2025 (KB 2/USA/ITAR.pdf)"
SEC-120.64(a)(1),SEC-120.64,(a)(1),1,2,An individual permanently and directly employed by the company; or,,SEC-120.64(a),PART-120,"International Traffic in Arms Regulations (ITAR), 22 CFR Parts 120-130, amended through 2 October 2025 (KB 2/USA/ITAR.pdf)"
SEC-120.64(a)(2),SEC-120.64,(a)(2),2,2,"An individual in a long term contractual relationship with the company where the individual works at the company’s facilities, works under the company’s direction and control, works full time and exclusively for the company, and executes nondisclosure certifications for the company, and where the staffing agency that has seconded the individual has no role in the work the individual performs (other than providing that individual for that work) and the staffing agency would not have access to any controlled technology (other than where specifically authorized by a license).",,SEC-120.64(a),PART-120,"International Traffic in Arms Regulations (ITAR), 22 CFR Parts 120-130, amended through 2 October 2025 (KB 2/USA/ITAR.pdf)"
SEC-120.64(b),SEC-120.64,(b),b,1,[Reserved],yes,SEC-120.64,PART-120,"International Traffic in Arms Regulations (ITAR), 22 CFR Parts 120-130, amended through 2 October 2025 (KB 2/USA/ITAR.pdf)"
SEC-120.65(a),SEC-120.65,(a),a,1,Foreign ownership means more than 50 percent of the outstanding voting securities of the firm are owned by one or more foreign persons.,,SEC-120.65,PART-120,"International Traffic in Arms Regulations (ITAR), 22 CFR Parts 120-130, amended through 2 October 2025 (KB 2/USA/ITAR.pdf)"
SEC-120.65(b),SEC-120.65,(b),b,1,Foreign control means one or more foreign persons have the authority or ability to establish or direct the general policies or day-to-day operations of the firm. Foreign control is presumed to exist where foreign persons own 25 percent or more of the outstanding voting securities unless one U.S. person controls an equal or larger percentage.,,SEC-120.65,PART-120,"International Traffic in Arms Regulations (ITAR), 22 CFR Parts 120-130, amended through 2 October 2025 (KB 2/USA/ITAR.pdf)"
SEC-120.66(a),SEC-120.66,(a),a,1,"Affiliate (of a registrant) means a person that directly, or indirectly through one or more intermediaries, controls, or is controlled by, or is under common control with, such registrant.",,SEC-120.66,PART-120,"International Traffic in Arms Regulations (ITAR), 22 CFR Parts 120-130, amended through 2 October 2025 (KB 2/USA/ITAR.pdf)"
SEC-120.66(b),SEC-120.66,(b),b,1,"For purposes of this section, “control” means having the authority or ability to establish or direct the general policies or day-to-day operations of the firm. Control is rebuttably presumed to exist where there is ownership of 25 percent or more of the outstanding voting securities if no other person controls an equal or larger percentage.",,SEC-120.66,PART-120,"International Traffic in Arms Regulations (ITAR), 22 CFR Parts 120-130, amended through 2 October 2025 (KB 2/USA/ITAR.pdf)"
SEC-120.67(a),SEC-120.67,(a),a,1,Empowered official means a U.S. person who:,,SEC-120.67,PART-120,"International Traffic in Arms Regulations (ITAR), 22 CFR Parts 120-130, amended through 2 October 2025 (KB 2/USA/ITAR.pdf)"
SEC-120.67(a)(1),SEC-120.67,(a)(1),1,2,Is directly employed by the applicant or a subsidiary in a position having authority for policy or management within the applicant organization; and,,SEC-120.67(a),PART-120,"International Traffic in Arms Regulations (ITAR), 22 CFR Parts 120-130, amended through 2 October 2025 (KB 2/USA/ITAR.pdf)"
SEC-120.67(a)(2),SEC-120.67,(a)(2),2,2,Is legally empowered in writing by the applicant to sign license applications or other requests for approval on behalf of the applicant; and,,SEC-120.67(a),PART-120,"International Traffic in Arms Regulations (ITAR), 22 CFR Parts 120-130, amended through 2 October 2025 (KB 2/USA/ITAR.pdf)"
SEC-120.67(a)(3),SEC-120.67,(a)(3),3,2,"Understands the provisions and requirements of the various export control statutes and regulations, and the criminal liability, civil liability, and administrative penalties for violating the Arms Export Control Act and the International Traffic in Arms Regulations in this subchapter; and",,SEC-120.67(a),PART-120,"International Traffic in Arms Regulations (ITAR), 22 CFR Parts 120-130, amended through 2 October 2025 (KB 2/USA/ITAR.pdf)"
SEC-120.67(a)(4),SEC-120.67,(a)(4),4,2,Has the independent authority to:,,SEC-120.67(a),PART-120,"International Traffic in Arms Regulations (ITAR), 22 CFR Parts 120-130, amended through 2 October 2025 (KB 2/USA/ITAR.pdf)"
SEC-120.67(a)(4)(i),SEC-120.67,(a)(4)(i),i,3,"Inquire into any aspect of a proposed export, temporary import, or brokering activity by the applicant;",,SEC-120.67(a)(4),PART-120,"International Traffic in Arms Regulations (ITAR), 22 CFR Parts 120-130, amended through 2 October 2025 (KB 2/USA/ITAR.pdf)"
SEC-120.67(a)(4)(ii),SEC-120.67,(a)(4)(ii),ii,3,Verify the legality of the transaction and the accuracy of the information to be submitted; and,,SEC-120.67(a)(4),PART-120,"International Traffic in Arms Regulations (ITAR), 22 CFR Parts 120-130, amended through 2 October 2025 (KB 2/USA/ITAR.pdf)"
SEC-120.67(a)(4)(iii),SEC-120.67,(a)(4)(iii),iii,3,Refuse to sign any license application or other request for approval without prejudice or other adverse recourse.,,SEC-120.67(a)(4),PART-120,"International Traffic in Arms Regulations (ITAR), 22 CFR Parts 120-130, amended through 2 October 2025 (KB 2/USA/ITAR.pdf)"
SEC-120.67(b),SEC-120.67,(b),b,1,"For the purposes of a broker who is a foreign person, the empowered official may be a foreign person who otherwise meets the criteria for an empowered official in paragraph (a) of this section.",,SEC-120.67,PART-120,"International Traffic in Arms Regulations (ITAR), 22 CFR Parts 120-130, amended through 2 October 2025 (KB 2/USA/ITAR.pdf)"
SEC-120.68(a),SEC-120.68,(a),a,1,Party to the export means:,,SEC-120.68,PART-120,"International Traffic in Arms Regulations (ITAR), 22 CFR Parts 120-130, amended through 2 October 2025 (KB 2/USA/ITAR.pdf)"
SEC-120.68(a)(1),SEC-120.68,(a)(1),1,2,"The chief executive officer, president, vice-presidents, other senior officers and officials (e.g., comptroller, treasurer, general counsel), and any member of the board of directors of the applicant;",,SEC-120.68(a),PART-120,"International Traffic in Arms Regulations (ITAR), 22 CFR Parts 120-130, amended through 2 October 2025 (KB 2/USA/ITAR.pdf)"
SEC-120.68(a)(2),SEC-120.68,(a)(2),2,2,The freight forwarders or designated exporting agent of the applicant; and,,SEC-120.68(a),PART-120,"International Traffic in Arms Regulations (ITAR), 22 CFR Parts 120-130, amended through 2 October 2025 (KB 2/USA/ITAR.pdf)"
SEC-120.68(a)(3),SEC-120.68,(a)(3),3,2,Any consignee or end-user of any item to be exported.,,SEC-120.68(a),PART-120,"International Traffic in Arms Regulations (ITAR), 22 CFR Parts 120-130, amended through 2 October 2025 (KB 2/USA/ITAR.pdf)"
SEC-120.68(b),SEC-120.68,(b),b,1,[Reserved],yes,SEC-120.68,PART-120,"International Traffic in Arms Regulations (ITAR), 22 CFR Parts 120-130, amended through 2 October 2025 (KB 2/USA/ITAR.pdf)"
SEC-121.0(i),SEC-121.0,(i),i,1,An Active Electronically Scanned Array (AESA) fire control radar;,,SEC-121.0,PART-121,"International Traffic in Arms Regulations (ITAR), 22 CFR Parts 120-130, amended through 2 October 2025 (KB 2/USA/ITAR.pdf)"
SEC-121.0(ii),SEC-121.0,(ii),ii,1,Integrated signature management;,,SEC-121.0,PART-121,"International Traffic in Arms Regulations (ITAR), 22 CFR Parts 120-130, amended through 2 October 2025 (KB 2/USA/ITAR.pdf)"
SEC-121.0(iii),SEC-121.0,(iii),iii,1,Integrated electronic warfare systems; or,,SEC-121.0,PART-121,"International Traffic in Arms Regulations (ITAR), 22 CFR Parts 120-130, amended through 2 October 2025 (KB 2/USA/ITAR.pdf)"
SEC-121.0(iv),SEC-121.0,(iv),iv,1,"The ability to engage targets beyond visual range (BVR). Gross weight rating means the maximum operating weight, or displacement, of the conveyance, including the fully configured weight of all fuel, fluids (excluding wet ballast open to the operating environment), payloads, other deployables or expendables (e.g., countermeasures, other autonomous commodities, and torpedoes), and cargo.",,SEC-121.0,PART-121,"International Traffic in Arms Regulations (ITAR), 22 CFR Parts 120-130, amended through 2 October 2025 (KB 2/USA/ITAR.pdf)"
SEC-121.1(a-(b),SEC-121.1,(a-(b),a,1,[Reserved],yes,SEC-121.1,PART-121,"International Traffic in Arms Regulations (ITAR), 22 CFR Parts 120-130, amended through 2 October 2025 (KB 2/USA/ITAR.pdf)"
SEC-122.1(a),SEC-122.1,(a),a,1,"Requirement to register. Any person who engages in the United States in the business of manufacturing or exporting or temporarily importing defense articles, or furnishing defense services, is required to register with the Directorate of Defense Trade Controls under § 122.2. For the purpose of this subchapter, engaging in such a business requires only one occasion of manufacturing or exporting or temporarily importing a defense article or furnishing a defense service. A manufacturer who does not engage in exporting must nevertheless register. (See part 129 of this subchapter for requirements for registration of persons who engage in brokering activities.)",,SEC-122.1,PART-122,"International Traffic in Arms Regulations (ITAR), 22 CFR Parts 120-130, amended through 2 October 2025 (KB 2/USA/ITAR.pdf)"
SEC-122.1(b),SEC-122.1,(b),b,1,Exemptions. The registration requirements of paragraph (a) of this section do not apply to:,,SEC-122.1,PART-122,"International Traffic in Arms Regulations (ITAR), 22 CFR Parts 120-130, amended through 2 October 2025 (KB 2/USA/ITAR.pdf)"
SEC-122.1(b)(1),SEC-122.1,(b)(1),1,2,Officers and employees of the U.S. Government acting in an official capacity;,,SEC-122.1(b),PART-122,"International Traffic in Arms Regulations (ITAR), 22 CFR Parts 120-130, amended through 2 October 2025 (KB 2/USA/ITAR.pdf)"
SEC-122.1(b)(2),SEC-122.1,(b)(2),2,2,Persons whose pertinent business activity is confined to the production of unclassified technical data only;,,SEC-122.1(b),PART-122,"International Traffic in Arms Regulations (ITAR), 22 CFR Parts 120-130, amended through 2 October 2025 (KB 2/USA/ITAR.pdf)"
SEC-122.1(b)(3),SEC-122.1,(b)(3),3,2,"Persons all of whose manufacturing and export activities are licensed under the Atomic Energy Act of 1954, as amended; or",,SEC-122.1(b),PART-122,"International Traffic in Arms Regulations (ITAR), 22 CFR Parts 120-130, amended through 2 October 2025 (KB 2/USA/ITAR.pdf)"
SEC-122.1(b)(4),SEC-122.1,(b)(4),4,2,"Persons who engage in the fabrication of articles solely for experimental or scientific purposes, including research and development.",,SEC-122.1(b),PART-122,"International Traffic in Arms Regulations (ITAR), 22 CFR Parts 120-130, amended through 2 October 2025 (KB 2/USA/ITAR.pdf)"
SEC-122.1(c),SEC-122.1,(c),c,1,"Purpose. Registration is primarily a means to provide the U.S. Government with necessary information on who is involved in certain manufacturing and exporting activities. Registration does not confer any export rights or privileges. It is generally a precondition to the issuance of any license or other approval under this subchapter, unless an exception is granted by the Directorate of Defense Trade Controls.",,SEC-122.1,PART-122,"International Traffic in Arms Regulations (ITAR), 22 CFR Parts 120-130, amended through 2 October 2025 (KB 2/USA/ITAR.pdf)"
SEC-122.2(a),SEC-122.2,(a),a,1,"Submission of registration statement. An intended registrant must submit a Statement of Registration (Department of State form DS-2032) to the Office of Defense Trade Controls Compliance by following the electronic filing instructions available on the Directorate of Defense Trade Controls website at www.pmddtc.state.gov. The Statement of Registration may include subsidiaries and affiliates when more than 50 percent of the voting securities are owned by the registrant, or the subsidiaries and affiliates are otherwise controlled by the registrant (see 120.66 of this subchapter). Registrants may not establish new entities for the purpose of reducing registration fees. The Statement of Registration must:",,SEC-122.2,PART-122,"International Traffic in Arms Regulations (ITAR), 22 CFR Parts 120-130, amended through 2 October 2025 (KB 2/USA/ITAR.pdf)"
SEC-122.2(a)(1),SEC-122.2,(a)(1),1,2,"Be signed by a U.S. person senior officer (e.g., chief executive officer, president, secretary, partner, member, treasurer, general counsel) who has been empowered by the intended registrant to sign such documents; and",,SEC-122.2(a),PART-122,"International Traffic in Arms Regulations (ITAR), 22 CFR Parts 120-130, amended through 2 October 2025 (KB 2/USA/ITAR.pdf)"
SEC-122.2(a)(2),SEC-122.2,(a)(2),2,2,Include documentation that demonstrates the registrant is incorporated or otherwise authorized to do business in the United States.,,SEC-122.2(a),PART-122,"International Traffic in Arms Regulations (ITAR), 22 CFR Parts 120-130, amended through 2 October 2025 (KB 2/USA/ITAR.pdf)"
SEC-122.2(b),SEC-122.2,(b),b,1,Statement of Registration Certification. The Statement of Registration of the intended registrant shall include a certification by an authorized senior officer of the following:,,SEC-122.2,PART-122,"International Traffic in Arms Regulations (ITAR), 22 CFR Parts 120-130, amended through 2 October 2025 (KB 2/USA/ITAR.pdf)"
SEC-122.2(b)(1),SEC-122.2,(b)(1),1,2,"Whether the intended registrant or its parent, subsidiary, or other affiliate listed in the Statement of Registration, or any of its chief executive officers, presidents, vice presidents, secretaries, partners, members, other senior officers, or officials (e.g., comptroller, treasurer, general counsel), or any member of the board of directors of the intended registrant, or of any parent, subsidiary, or other affiliate listed in the Statement of Registration:",,SEC-122.2(b),PART-122,"International Traffic in Arms Regulations (ITAR), 22 CFR Parts 120-130, amended through 2 October 2025 (KB 2/USA/ITAR.pdf)"
SEC-122.2(b)(1)(i),SEC-122.2,(b)(1)(i),i,3,"Has ever been indicted or otherwise charged (e.g., charged by criminal information in lieu of indictment) for or has been convicted of violating any U.S. criminal statutes enumerated in § 120.6 of this subchapter or violating a foreign criminal law on exportation of defense articles where conviction of such law carries a minimum term of imprisonment of greater than 1 year, or",,SEC-122.2(b)(1),PART-122,"International Traffic in Arms Regulations (ITAR), 22 CFR Parts 120-130, amended through 2 October 2025 (KB 2/USA/ITAR.pdf)"
SEC-122.2(b)(1)(ii),SEC-122.2,(b)(1)(ii),ii,3,"Is ineligible to contract with, or to receive a license or other approval to import defense articles or defense services from, or to receive an export license or other approval from, any agency of the U.S. Government; and",,SEC-122.2(b)(1),PART-122,"International Traffic in Arms Regulations (ITAR), 22 CFR Parts 120-130, amended through 2 October 2025 (KB 2/USA/ITAR.pdf)"
SEC-122.2(b)(2),SEC-122.2,(b)(2),2,2,"Whether the intended registrant is foreign owned or foreign controlled (see § 120.65 of this subchapter). If the intended registrant is foreign owned or foreign controlled, the certification shall include an explanation of such ownership or control, including the identities of the foreign person or persons who ultimately own or control the registrant. This requirement applies to a registrant who is a U.S. person and is owned or controlled by a foreign person. It also applies to a registrant who is a foreign person and is owned or controlled by a foreign person from the same country or a foreign person from another country.",,SEC-122.2(b),PART-122,"International Traffic in Arms Regulations (ITAR), 22 CFR Parts 120-130, amended through 2 October 2025 (KB 2/USA/ITAR.pdf)"
SEC-122.2(c),SEC-122.2,(c),c,1,Incomplete registration submission. The Directorate of Defense Trade Controls will notify the registrant if the Statement of Registration is incomplete either by notifying the registrant of what information is required or through the return of the entire registration package.,,SEC-122.2,PART-122,"International Traffic in Arms Regulations (ITAR), 22 CFR Parts 120-130, amended through 2 October 2025 (KB 2/USA/ITAR.pdf)"
SEC-122.2(d),SEC-122.2,(d),d,1,Frequency. A person who is required to register and pay a registration fee must renew the registration and pay a registration fee on an annual basis after initial registration.,,SEC-122.2,PART-122,"International Traffic in Arms Regulations (ITAR), 22 CFR Parts 120-130, amended through 2 October 2025 (KB 2/USA/ITAR.pdf)"
SEC-122.2(e),SEC-122.2,(e),e,1,Renewal of registration. A registrant must submit its request for registration renewal at least 30 days but no earlier than 60 days prior to the expiration date. Notice of the fee due for the next year’s registration will be sent to the registrant of record at least 60 days prior to its expiration date.,,SEC-122.2,PART-122,"International Traffic in Arms Regulations (ITAR), 22 CFR Parts 120-130, amended through 2 October 2025 (KB 2/USA/ITAR.pdf)"
SEC-122.2(f),SEC-122.2,(f),f,1,"Lapse in registration. A registrant who fails to renew a registration and, after an intervening period, seeks to register again must pay registration fees for any part of such intervening period during which the registrant engaged in the business of manufacturing or exporting defense articles or defense services.",,SEC-122.2,PART-122,"International Traffic in Arms Regulations (ITAR), 22 CFR Parts 120-130, amended through 2 October 2025 (KB 2/USA/ITAR.pdf)"
SEC-122.3(a),SEC-122.3,(a),a,1,Registration fee. A person who is required to register must submit payment of a fee following the payment guidelines available on the Directorate of Defense Trade Controls website at www.pmddtc.state.gov.,,SEC-122.3,PART-122,"International Traffic in Arms Regulations (ITAR), 22 CFR Parts 120-130, amended through 2 October 2025 (KB 2/USA/ITAR.pdf)"
SEC-122.3(a)(1),SEC-122.3,(a)(1),1,2,"Tier 1. The first tier is a set fee of $3,000 per year. This applies to new registrants. It also applies to those who are renewing their registrations and for whom the Department did not issue a favorable determination on a license application or other request for authorization during the 12-month period ending 90 days prior to the expiration of the current registration.",,SEC-122.3(a),PART-122,"International Traffic in Arms Regulations (ITAR), 22 CFR Parts 120-130, amended through 2 October 2025 (KB 2/USA/ITAR.pdf)"
SEC-122.3(a)(2),SEC-122.3,(a)(2),2,2,"Tier 2. The second tier is a set fee of $4,000 for registrants renewing their registrations who have submitted license applications or other requests for authorization and received five or fewer favorable determinations during the 12-month period ending 90 days prior to the expiration of their current registration.",,SEC-122.3(a),PART-122,"International Traffic in Arms Regulations (ITAR), 22 CFR Parts 120-130, amended through 2 October 2025 (KB 2/USA/ITAR.pdf)"
SEC-122.3(a)(3),SEC-122.3,(a)(3),3,2,"Tier 3. The third tier is a calculated fee for registrants who have submitted license applications or other requests for authorization and received more than five favorable determinations during the 12-month period ending 90 days prior to the expiration of their current registration. For these registrants, the fee calculation is $4,000 plus $1,100 times the total number of favorable determinations over five.",,SEC-122.3(a),PART-122,"International Traffic in Arms Regulations (ITAR), 22 CFR Parts 120-130, amended through 2 October 2025 (KB 2/USA/ITAR.pdf)"
SEC-122.3(b),SEC-122.3,(b),b,1,"Website, discounts, and further guidance. Information on certain discounts for registrants who are wholly exempt from income tax pursuant to 26 U.S.C. 501(c)(3), and for Tier 3 registrants who are low-value exporters or temporary importers are available on the Directorate of Defense Trade Controls website at www.pmddtc.state.gov by selecting “Conduct Business” on the top heading bar, then selecting “Registration” from the left menu bar, and finally selecting “Payment of Registration” from the subsequent left menu bar. Other guidance and information relevant to the payment of registration fees is also available on the website.",,SEC-122.3,PART-122,"International Traffic in Arms Regulations (ITAR), 22 CFR Parts 120-130, amended through 2 October 2025 (KB 2/USA/ITAR.pdf)"
SEC-122.4(a),SEC-122.4,(a),a,1,"A registrant must, within five days of the event, provide to the Directorate of Defense Trade Controls a written notification, signed by a senior officer (e.g., chief executive officer, president, secretary, partner, member, treasurer, general counsel), if:",,SEC-122.4,PART-122,"International Traffic in Arms Regulations (ITAR), 22 CFR Parts 120-130, amended through 2 October 2025 (KB 2/USA/ITAR.pdf)"
SEC-122.4(a)(1),SEC-122.4,(a)(1),1,2,"Any of the persons referred to in § 122.2(b) is indicted or otherwise charged (e.g., by criminal information in lieu of indictment) for or convicted of violating any of the U.S. criminal statutes enumerated in § 120.6 of this subchapter or violating a foreign criminal law on exportation of defense articles where conviction of such law carries a minimum term of imprisonment of greater than 1 year, or becomes ineligible to contract with, or to receive a license or other approval to export or temporarily import defense articles or defense services from any agency of the U.S. Government; or",,SEC-122.4(a),PART-122,"International Traffic in Arms Regulations (ITAR), 22 CFR Parts 120-130, amended through 2 October 2025 (KB 2/USA/ITAR.pdf)"
SEC-122.4(a)(2),SEC-122.4,(a)(2),2,2,There is a change in the following information contained in the Statement of Registration:,,SEC-122.4(a),PART-122,"International Traffic in Arms Regulations (ITAR), 22 CFR Parts 120-130, amended through 2 October 2025 (KB 2/USA/ITAR.pdf)"
SEC-122.4(a)(2)(i),SEC-122.4,(a)(2)(i),i,3,Registrant’s name;,,SEC-122.4(a)(2),PART-122,"International Traffic in Arms Regulations (ITAR), 22 CFR Parts 120-130, amended through 2 October 2025 (KB 2/USA/ITAR.pdf)"
SEC-122.4(a)(2)(ii),SEC-122.4,(a)(2)(ii),ii,3,Registrant’s address;,,SEC-122.4(a)(2),PART-122,"International Traffic in Arms Regulations (ITAR), 22 CFR Parts 120-130, amended through 2 October 2025 (KB 2/USA/ITAR.pdf)"
SEC-122.4(a)(2)(iii),SEC-122.4,(a)(2)(iii),iii,3,Registrant's legal organization structure;,,SEC-122.4(a)(2),PART-122,"International Traffic in Arms Regulations (ITAR), 22 CFR Parts 120-130, amended through 2 October 2025 (KB 2/USA/ITAR.pdf)"
SEC-122.4(a)(2)(iv),SEC-122.4,(a)(2)(iv),iv,3,Ownership or control;,,SEC-122.4(a)(2),PART-122,"International Traffic in Arms Regulations (ITAR), 22 CFR Parts 120-130, amended through 2 October 2025 (KB 2/USA/ITAR.pdf)"
SEC-122.4(a)(2)(v),SEC-122.4,(a)(2)(v),v,3,"The establishment, acquisition, or divestment of a U.S. or foreign subsidiary or other affiliate who is engaged in manufacturing defense articles, exporting defense articles or defense services; or",,SEC-122.4(a)(2),PART-122,"International Traffic in Arms Regulations (ITAR), 22 CFR Parts 120-130, amended through 2 October 2025 (KB 2/USA/ITAR.pdf)"
SEC-122.4(a)(2)(vi),SEC-122.4,(a)(2)(vi),vi,3,"Board of directors, senior officers, partners, or owners.",,SEC-122.4(a)(2),PART-122,"International Traffic in Arms Regulations (ITAR), 22 CFR Parts 120-130, amended through 2 October 2025 (KB 2/USA/ITAR.pdf)"
SEC-122.4(b),SEC-122.4,(b),b,1,"A registrant must notify the Directorate of Defense Trade Controls by registered mail at least 60 days in advance of any intended sale or transfer to a foreign person of ownership or control of the registrant or any entity thereof. Such notice does not relieve the registrant from obtaining the approval required under this subchapter for the export of defense articles or defense services to a foreign person, including the approval required prior to disclosing technical data. Such notice provides the Directorate of Defense Trade Controls with the information necessary to determine whether the authority of § 38(g)(6) of the Arms Export Control Act regarding licenses or other approvals for certain sales or transfers of defense articles or data on the U.S. Munitions List should be invoked (see §126.1(e) of this subchapter).",,SEC-122.4,PART-122,"International Traffic in Arms Regulations (ITAR), 22 CFR Parts 120-130, amended through 2 October 2025 (KB 2/USA/ITAR.pdf)"
SEC-122.4(c),SEC-122.4,(c),c,1,"The new entity formed when a registrant merges with another company or acquires, or is acquired by, another company or a subsidiary or division of another company shall advise the Directorate of Defense Trade Controls of the following:",,SEC-122.4,PART-122,"International Traffic in Arms Regulations (ITAR), 22 CFR Parts 120-130, amended through 2 October 2025 (KB 2/USA/ITAR.pdf)"
SEC-122.4(c)(1),SEC-122.4,(c)(1),1,2,The new firm name and all previous firm names being disclosed;,,SEC-122.4(c),PART-122,"International Traffic in Arms Regulations (ITAR), 22 CFR Parts 120-130, amended through 2 October 2025 (KB 2/USA/ITAR.pdf)"
SEC-122.4(c)(2),SEC-122.4,(c)(2),2,2,The registration number that will survive and those that are to be discontinued (if any);,,SEC-122.4(c),PART-122,"International Traffic in Arms Regulations (ITAR), 22 CFR Parts 120-130, amended through 2 October 2025 (KB 2/USA/ITAR.pdf)"
SEC-122.4(c)(3),SEC-122.4,(c)(3),3,2,"The license numbers of all approvals on which unshipped balances will be shipped under the surviving registration number, since any license not the subject of notification will be considered invalid; and",,SEC-122.4(c),PART-122,"International Traffic in Arms Regulations (ITAR), 22 CFR Parts 120-130, amended through 2 October 2025 (KB 2/USA/ITAR.pdf)"
SEC-122.4(c)(4),SEC-122.4,(c)(4),4,2,"Amendments to agreements approved by the Directorate of Defense Trade Controls to change the name of a party to those agreements. The registrant must provide to the Directorate of Defense Trade Controls a signed copy of such an amendment to each agreement signed by the new U.S. entity, the former U.S. licensor, and the foreign licensee, within 60 days of this notification, unless an extension of time is approved by the Directorate of Defense Trade Controls. Any agreement not so amended may be considered invalid.",,SEC-122.4(c),PART-122,"International Traffic in Arms Regulations (ITAR), 22 CFR Parts 120-130, amended through 2 October 2025 (KB 2/USA/ITAR.pdf)"
SEC-122.4(d),SEC-122.4,(d),d,1,Prior approval by the Directorate of Defense Trade Controls is required for any amendment making a substantive change.,,SEC-122.4,PART-122,"International Traffic in Arms Regulations (ITAR), 22 CFR Parts 120-130, amended through 2 October 2025 (KB 2/USA/ITAR.pdf)"
SEC-122.5(a),SEC-122.5,(a),a,1,"A person who is required to register must maintain records concerning the manufacture, acquisition, and disposition (to include copies of all documentation on exports using exemptions and applications and licenses and their related documentation), of defense articles; of technical data; the provision of defense services; brokering activities; and information on political contributions, fees, or commissions furnished or obtained, as required by part 130 of this subchapter. Records in an electronic format must be maintained using a process or system capable of reproducing all records on paper. Such records when displayed on a viewer, monitor, or reproduced on paper, must exhibit a high degree of legibility and readability. (For the purpose of this section, “legible” and “legibility” mean the quality of a letter or numeral that enables the observer to identify it positively and quickly to the exclusion of all other letters or numerals. “Readable” and “readability” means the quality of a group of letters or numerals being recognized as complete words or numbers.) This information must be stored in such a manner that none of it may be altered once it is initially recorded without recording all changes, who made them, and when they were made. For processes or systems based on the storage of digital images, the process or system must afford accessibility to all digital images in the records being maintained. All records subject to this section must be maintained for a period of five years from the expiration of the license or other approval, to include exports using an exemption (see § 123.26 of this subchapter); or, from the date of the transaction (e.g., expired licenses or other approvals relevant to the export transaction using an exemption). The Deputy Assistant Secretary of State for Defense Trade Controls and the Director of the Office of Defense Trade Controls Licensing may prescribe a longer or shorter period in individual cases.",,SEC-122.5,PART-122,"International Traffic in Arms Regulations (ITAR), 22 CFR Parts 120-130, amended through 2 October 2025 (KB 2/USA/ITAR.pdf)"
SEC-122.5(b),SEC-122.5,(b),b,1,"Records maintained under this section shall be available at all times for inspection and copying by the Directorate of Defense Trade Controls or a person designated by the Directorate of Defense Trade Controls (e.g., the Diplomatic Security Service) or U.S. Immigration and Customs Enforcement, or U.S. Customs and Border Protection. Upon such request, the person maintaining the records must furnish the records, the equipment, and if necessary, knowledgeable personnel for locating, reading, and reproducing any record that is required to be maintained in accordance with this section.",,SEC-122.5,PART-122,"International Traffic in Arms Regulations (ITAR), 22 CFR Parts 120-130, amended through 2 October 2025 (KB 2/USA/ITAR.pdf)"
SEC-123.1(a),SEC-123.1,(a),a,1,"Any person who intends to export or to import temporarily a defense article must obtain the approval of the Directorate of Defense Trade Controls prior to the export or temporary import, unless the export or temporary import qualifies for an exemption under the provisions of this subchapter. The applicant must be registered with the Directorate of Defense Trade Controls pursuant to part 122 of this subchapter prior to submitting an application. Applications for unclassified exports and temporary imports must be submitted electronically. Applications for classified exports and classified temporary imports must be submitted via paper. Further guidance is provided on the Internet Web site of the Directorate of Defense Trade Controls. The application forms for export or temporary import are as follows:",,SEC-123.1,PART-123,"International Traffic in Arms Regulations (ITAR), 22 CFR Parts 120-130, amended through 2 October 2025 (KB 2/USA/ITAR.pdf)"
SEC-123.1(a)(1),SEC-123.1,(a)(1),1,2,Unclassified permanent exports must be made on Form DSP-5;,,SEC-123.1(a),PART-123,"International Traffic in Arms Regulations (ITAR), 22 CFR Parts 120-130, amended through 2 October 2025 (KB 2/USA/ITAR.pdf)"
SEC-123.1(a)(2),SEC-123.1,(a)(2),2,2,Unclassified temporary exports must be made on Form DSP-73;,,SEC-123.1(a),PART-123,"International Traffic in Arms Regulations (ITAR), 22 CFR Parts 120-130, amended through 2 October 2025 (KB 2/USA/ITAR.pdf)"
SEC-123.1(a)(3),SEC-123.1,(a)(3),3,2,Unclassified temporary imports must be made on Form DSP-61; or,,SEC-123.1(a),PART-123,"International Traffic in Arms Regulations (ITAR), 22 CFR Parts 120-130, amended through 2 October 2025 (KB 2/USA/ITAR.pdf)"
SEC-123.1(a)(4),SEC-123.1,(a)(4),4,2,Classified exports or temporary imports must be made on Form DSP-85.,,SEC-123.1(a),PART-123,"International Traffic in Arms Regulations (ITAR), 22 CFR Parts 120-130, amended through 2 October 2025 (KB 2/USA/ITAR.pdf)"
SEC-123.1(b),SEC-123.1,(b),b,1,"Applications for Department of State export or temporary import licenses for proposed exports or temporary imports of defense articles, including technical data, may include commodities, software, and technical data subject to the EAR if:",,SEC-123.1,PART-123,"International Traffic in Arms Regulations (ITAR), 22 CFR Parts 120-130, amended through 2 October 2025 (KB 2/USA/ITAR.pdf)"
SEC-123.1(b)(1),SEC-123.1,(b)(1),1,2,"The purchase documentation (e.g., purchase order, contract, letter of intent, or other appropriate documentation) includes both defense articles described on the U.S. Munitions List and items on the Commerce Control List;",,SEC-123.1(b),PART-123,"International Traffic in Arms Regulations (ITAR), 22 CFR Parts 120-130, amended through 2 October 2025 (KB 2/USA/ITAR.pdf)"
SEC-123.1(b)(2),SEC-123.1,(b)(2),2,2,"The commodities, software, and technical data subject to the EAR are for end-use in or with the U.S. Munitions List defense article(s) proposed for export; and",,SEC-123.1(b),PART-123,"International Traffic in Arms Regulations (ITAR), 22 CFR Parts 120-130, amended through 2 October 2025 (KB 2/USA/ITAR.pdf)"
SEC-123.1(b)(3),SEC-123.1,(b)(3),3,2,"The license application separately enumerates the commodities, software, and technical data subject to the EAR in a U.S. Munitions List “(x)” paragraph entry.",,SEC-123.1(b),PART-123,"International Traffic in Arms Regulations (ITAR), 22 CFR Parts 120-130, amended through 2 October 2025 (KB 2/USA/ITAR.pdf)"
SEC-123.1(c),SEC-123.1,(c),c,1,"As a condition to the issuance of a license or other approval, the Directorate of Defense Trade Controls may require all pertinent documentation regarding the proposed transaction and proper completion of the application form as follows:",,SEC-123.1,PART-123,"International Traffic in Arms Regulations (ITAR), 22 CFR Parts 120-130, amended through 2 October 2025 (KB 2/USA/ITAR.pdf)"
SEC-123.1(c)(1),SEC-123.1,(c)(1),1,2,"Form DSP-5, DSP-61, DSP-73, and DSP-85 applications must have an entry in each block where space is provided for an entry. All requested information must be provided. Stating “Not Applicable” or “See Attached” is not acceptable. See the Directorate of Defense Trade Controls Internet Web site for additional guidance on the completion of a license application form;",,SEC-123.1(c),PART-123,"International Traffic in Arms Regulations (ITAR), 22 CFR Parts 120-130, amended through 2 October 2025 (KB 2/USA/ITAR.pdf)"
SEC-123.1(c)(2),SEC-123.1,(c)(2),2,2,Attachments and supporting technical data or brochures should be submitted with the license application. All freight forwarders and U.S. consignors must be listed in the license application. See the Directorate of Defense Trade Controls Internet Web site for instructions and limitations on attaching documentation;,,SEC-123.1(c),PART-123,"International Traffic in Arms Regulations (ITAR), 22 CFR Parts 120-130, amended through 2 October 2025 (KB 2/USA/ITAR.pdf)"
SEC-123.1(c)(3),SEC-123.1,(c)(3),3,2,Certification by an empowered official must accompany all application submissions (see § 126.13 of this subchapter);,,SEC-123.1(c),PART-123,"International Traffic in Arms Regulations (ITAR), 22 CFR Parts 120-130, amended through 2 October 2025 (KB 2/USA/ITAR.pdf)"
SEC-123.1(c)(4),SEC-123.1,(c)(4),4,2,"An application for a license for the permanent export of defense articles sold commercially must be accompanied by purchase documentation (e.g., purchase order, contract, letter of intent, or other appropriate documentation). In cases involving the Foreign Military Sales program, a copy of the relevant Letter of Offer and Acceptance is required, unless the procedures of § 126.4(c) or § 126.6 of this subchapter are followed;",,SEC-123.1(c),PART-123,"International Traffic in Arms Regulations (ITAR), 22 CFR Parts 120-130, amended through 2 October 2025 (KB 2/USA/ITAR.pdf)"
SEC-123.1(c)(5),SEC-123.1,(c)(5),5,2,"Form DSP-83, duly executed, must accompany all license applications for the permanent export of significant military equipment, including classified defense articles or classified technical data (see §§ 123.10 and 125.3 of this subchapter); and",,SEC-123.1(c),PART-123,"International Traffic in Arms Regulations (ITAR), 22 CFR Parts 120-130, amended through 2 October 2025 (KB 2/USA/ITAR.pdf)"
SEC-123.1(c)(6),SEC-123.1,(c)(6),6,2,"A statement concerning the payment of political contributions, fees, and commissions must accompany a permanent export application if the export involves defense articles or defense services valued in an amount of $500,000 or more and is being sold commercially to or for the use of the armed forces of a foreign country or international organization (see part 130 of this subchapter).",,SEC-123.1(c),PART-123,"International Traffic in Arms Regulations (ITAR), 22 CFR Parts 120-130, amended through 2 October 2025 (KB 2/USA/ITAR.pdf)"
SEC-123.1(d),SEC-123.1,(d),d,1,Provisions for furnishing the type of defense services described in § 120.32 of this subchapter are contained in part 124 of this subchapter. Provisions for the export or temporary import of technical data and classified defense articles are contained in part 125 of this subchapter.,,SEC-123.1,PART-123,"International Traffic in Arms Regulations (ITAR), 22 CFR Parts 120-130, amended through 2 October 2025 (KB 2/USA/ITAR.pdf)"
SEC-123.1(e),SEC-123.1,(e),e,1,A request for a license for the export of unclassified technical data (DSP-5) related to a classified defense article should specify any classified technical data or material that subsequently will be required for export in the event of a sale.,,SEC-123.1,PART-123,"International Traffic in Arms Regulations (ITAR), 22 CFR Parts 120-130, amended through 2 October 2025 (KB 2/USA/ITAR.pdf)"
SEC-123.3(a),SEC-123.3,(a),a,1,"A license (DSP-61) issued by the Directorate of Defense Trade Controls is required for the temporary import and subsequent export of unclassified defense articles, unless exempted from this requirement pursuant to § 123.4. This requirement applies to:",,SEC-123.3,PART-123,"International Traffic in Arms Regulations (ITAR), 22 CFR Parts 120-130, amended through 2 October 2025 (KB 2/USA/ITAR.pdf)"
SEC-123.3(a)(1),SEC-123.3,(a)(1),1,2,Temporary imports of unclassified defense articles that are to be returned directly to the country from which they were shipped to the United States;,,SEC-123.3(a),PART-123,"International Traffic in Arms Regulations (ITAR), 22 CFR Parts 120-130, amended through 2 October 2025 (KB 2/USA/ITAR.pdf)"
SEC-123.3(a)(2),SEC-123.3,(a)(2),2,2,Temporary imports of unclassified defense articles in transit to a third country;,,SEC-123.3(a),PART-123,"International Traffic in Arms Regulations (ITAR), 22 CFR Parts 120-130, amended through 2 October 2025 (KB 2/USA/ITAR.pdf)"
SEC-123.3(b),SEC-123.3,(b),b,1,A bond may be required as appropriate (see part 125 of this subchapter for license requirements for technical data and classified defense articles.),,SEC-123.3,PART-123,"International Traffic in Arms Regulations (ITAR), 22 CFR Parts 120-130, amended through 2 October 2025 (KB 2/USA/ITAR.pdf)"
SEC-123.3(c),SEC-123.3,(c),c,1,"A DSP-61 license may be obtained by a U.S. importer importer in satisfaction of § 123.4(c)(4) of this subchapter. If a foreign exporter requires documentation for a permanent import, the U.S. importer must contact the Department of Justice's Bureau of Alcohol, Tobacco, Firearms and Explosives for the appropriate documentation. A DSP-61 will not be approved to support permanent import requirements.",,SEC-123.3,PART-123,"International Traffic in Arms Regulations (ITAR), 22 CFR Parts 120-130, amended through 2 October 2025 (KB 2/USA/ITAR.pdf)"
SEC-123.4(a),SEC-123.4,(a),a,1,"Port Directors of U.S. Customs and Border Protection shall permit the temporary import (and subsequent export) without a license, for a period of up to 4 years, of unclassified U.S.- origin defense items (including any items manufactured abroad pursuant to U.S. Government approval) if the item temporarily imported:",,SEC-123.4,PART-123,"International Traffic in Arms Regulations (ITAR), 22 CFR Parts 120-130, amended through 2 October 2025 (KB 2/USA/ITAR.pdf)"
SEC-123.4(a)(1),SEC-123.4,(a)(1),1,2,"Is serviced (e.g., inspection, testing, calibration or repair, including overhaul, reconditioning and one-to-one replacement of any defective items, parts or components, but excluding any modifications, enhancement, upgrade or other form of alteration or improvement that changes the basic performance of the item), and is subsequently returned to the country from which it was imported. Shipment may be made by the U.S. importer or a foreign government representative of the country from which the goods were imported; or",,SEC-123.4(a),PART-123,"International Traffic in Arms Regulations (ITAR), 22 CFR Parts 120-130, amended through 2 October 2025 (KB 2/USA/ITAR.pdf)"
SEC-123.4(a)(2),SEC-123.4,(a)(2),2,2,"Is to be enhanced, upgraded, or incorporated into another item which has already been authorized by the Directorate of Defense Trade Controls for permanent export; or",,SEC-123.4(a),PART-123,"International Traffic in Arms Regulations (ITAR), 22 CFR Parts 120-130, amended through 2 October 2025 (KB 2/USA/ITAR.pdf)"
SEC-123.4(a)(3),SEC-123.4,(a)(3),3,2,"Is imported for the purpose of exhibition, demonstration or marketing in the United States and is subsequently returned to the country from which it was imported; or",,SEC-123.4(a),PART-123,"International Traffic in Arms Regulations (ITAR), 22 CFR Parts 120-130, amended through 2 October 2025 (KB 2/USA/ITAR.pdf)"
SEC-123.4(a)(4),SEC-123.4,(a)(4),4,2,Has been rejected for permanent import by the Department of Justice and is being returned to the country from which it was shipped; or,,SEC-123.4(a),PART-123,"International Traffic in Arms Regulations (ITAR), 22 CFR Parts 120-130, amended through 2 October 2025 (KB 2/USA/ITAR.pdf)"
SEC-123.4(a)(5),SEC-123.4,(a)(5),5,2,Is approved for such import under the U.S. Foreign Military Sales (FMS) program pursuant to an executed U.S. Department of Defense Letter of Offer and Acceptance,,SEC-123.4(a),PART-123,"International Traffic in Arms Regulations (ITAR), 22 CFR Parts 120-130, amended through 2 October 2025 (KB 2/USA/ITAR.pdf)"
SEC-123.4(a)(5)(LOA),SEC-123.4,(a)(5)(LOA),LOA,3,.,,SEC-123.4(a)(5),PART-123,"International Traffic in Arms Regulations (ITAR), 22 CFR Parts 120-130, amended through 2 October 2025 (KB 2/USA/ITAR.pdf)"
SEC-123.4(b),SEC-123.4,(b),b,1,"Port Directors of U.S. Customs and Border Protection shall permit the temporary import (but not the subsequent export) without a license of unclassified defense articles that are to be incorporated into another article, or modified, enhanced, upgraded, altered, improved or serviced in any other manner that changes the basic performance or productivity of the article prior to being returned to the country from which they were shipped or prior to being shipped to a third country. A DSP-5 is required for the reexport of such unclassified defense articles after incorporation into another article, modification, enhancement, upgrading, alteration, or improvement.",,SEC-123.4,PART-123,"International Traffic in Arms Regulations (ITAR), 22 CFR Parts 120-130, amended through 2 October 2025 (KB 2/USA/ITAR.pdf)"
SEC-123.4(c),SEC-123.4,(c),c,1,"Requirements. To use an exemption under § 123.4 (a) or (b), the following criteria must be met:",,SEC-123.4,PART-123,"International Traffic in Arms Regulations (ITAR), 22 CFR Parts 120-130, amended through 2 October 2025 (KB 2/USA/ITAR.pdf)"
SEC-123.4(c)(1),SEC-123.4,(c)(1),1,2,The importer must meet the eligibility requirements set forth in § 120.16 of this subchapter;,,SEC-123.4(c),PART-123,"International Traffic in Arms Regulations (ITAR), 22 CFR Parts 120-130, amended through 2 October 2025 (KB 2/USA/ITAR.pdf)"
SEC-123.4(c)(2),SEC-123.4,(c)(2),2,2,"At the time of export, the ultimate consignee named on the Electronic Export Information",,SEC-123.4(c),PART-123,"International Traffic in Arms Regulations (ITAR), 22 CFR Parts 120-130, amended through 2 October 2025 (KB 2/USA/ITAR.pdf)"
SEC-123.4(c)(2)(EEI),SEC-123.4,(c)(2)(EEI),EEI,3,must be the same as the foreign consignee or end-user of record named at the time of import;,,SEC-123.4(c)(2),PART-123,"International Traffic in Arms Regulations (ITAR), 22 CFR Parts 120-130, amended through 2 October 2025 (KB 2/USA/ITAR.pdf)"
SEC-123.4(c)(3),SEC-123.4,(c)(3),3,2,"As stated in § 126.1 of this subchapter, the temporary import must not be from or on behalf of a proscribed country, area, or person listed in that section unless an exception has been granted in accordance with § 126.3 of this subchapter; and",,SEC-123.4(c),PART-123,"International Traffic in Arms Regulations (ITAR), 22 CFR Parts 120-130, amended through 2 October 2025 (KB 2/USA/ITAR.pdf)"
SEC-123.4(c)(4),SEC-123.4,(c)(4),4,2,"The foreign exporter must not require documentation of U.S. Government approval of the temporary import. If the foreign exporter requires documentation for a temporary import that qualifies for an exemption under this subchapter, the U.S. importer will not be able to claim the exemption and is required to obtain a DSP-61 Application/License for Temporary Import of Unclassified Defense Articles.",,SEC-123.4(c),PART-123,"International Traffic in Arms Regulations (ITAR), 22 CFR Parts 120-130, amended through 2 October 2025 (KB 2/USA/ITAR.pdf)"
SEC-123.4(d),SEC-123.4,(d),d,1,"Procedures. To the satisfaction of the Port Directors of U.S. Customs and Border Protection, the importer and exporter must comply with the following procedures:",,SEC-123.4,PART-123,"International Traffic in Arms Regulations (ITAR), 22 CFR Parts 120-130, amended through 2 October 2025 (KB 2/USA/ITAR.pdf)"
SEC-123.4(d)(1),SEC-123.4,(d)(1),1,2,At the time of temporary import –,,SEC-123.4(d),PART-123,"International Traffic in Arms Regulations (ITAR), 22 CFR Parts 120-130, amended through 2 October 2025 (KB 2/USA/ITAR.pdf)"
SEC-123.4(d)(1)(i),SEC-123.4,(d)(1)(i),i,3,"File and annotate the applicable U.S. Customs and Border Protection document (e.g., Form CF 3461, 7512, 7501, 7523 or 3311) to read: “This shipment is being imported in accordance with and under the authority of 22 CFR 123.4(a) (identify subsection),” and",,SEC-123.4(d)(1),PART-123,"International Traffic in Arms Regulations (ITAR), 22 CFR Parts 120-130, amended through 2 October 2025 (KB 2/USA/ITAR.pdf)"
SEC-123.4(d)(1)(ii),SEC-123.4,(d)(1)(ii),ii,3,"Include, on the invoice or other appropriate documentation, a complete list and description of the defense article(s) being imported, including quantity and U.S. dollar value; and",,SEC-123.4(d)(1),PART-123,"International Traffic in Arms Regulations (ITAR), 22 CFR Parts 120-130, amended through 2 October 2025 (KB 2/USA/ITAR.pdf)"
SEC-123.4(d)(2),SEC-123.4,(d)(2),2,2,"At the time of export, in accordance with the U.S. Customs and Border Protection (CBP) procedures, the Directorate of Defense Trade Controls (DDTC) registered and eligible exporter, or an agent acting on the filer's behalf, must electronically file the export information with CBP, identify 22 CFR 123.4 as the authority for the export, and provide, as requested by CBP, the entry document number or a copy of the CBP document under which the article was imported.",,SEC-123.4(d),PART-123,"International Traffic in Arms Regulations (ITAR), 22 CFR Parts 120-130, amended through 2 October 2025 (KB 2/USA/ITAR.pdf)"
SEC-123.5(a),SEC-123.5,(a),a,1,"The Directorate of Defense Trade Controls may issue a license for the temporary export of unclassified defense articles (DSP-73). Such licenses are valid only if the article will be exported for a period of less than 4 years and will be returned to the United States and transfer of title will not occur during the period of temporary export. Accordingly, articles exported pursuant to a temporary export license may not be sold or otherwise permanently transferred to a foreign person while they are overseas under a temporary export license. A renewal of the license or other written approval must be obtained from the Directorate of Defense Trade Controls if the article is to remain outside the United States beyond the period for which the license is valid.",,SEC-123.5,PART-123,"International Traffic in Arms Regulations (ITAR), 22 CFR Parts 120-130, amended through 2 October 2025 (KB 2/USA/ITAR.pdf)"
SEC-123.5(b),SEC-123.5,(b),b,1,"Requirements. Defense articles authorized for temporary export under this section may be shipped only from a port in the United States where a Port Director of U.S. Customs and Border Protection is available, or from a U.S. Post Office (see 39 CFR part 20), as appropriate. The license for temporary export must be presented to the Port Director of U.S. Customs and Border Protection who, upon verification, will endorse the exit column on the reverse side of the license. The license for temporary export must be electronically submitted to U.S. Customs and Border Protection, unless electronic reporting of such information is unavailable, in which case U.S. Customs and Border Protection will issue instructions. In the event a physical license is required by U.S. Customs and Border Protection, the licensee is to retain the duly endorsed license for temporary export in accordance with § 123.22(b) of this subchapter. In the case of a military aircraft or vessel temporarily exported under its own power, evidence that the Department of State has duly authorized it to leave the United States must be readily available on board the aircraft or vessel.",,SEC-123.5,PART-123,"International Traffic in Arms Regulations (ITAR), 22 CFR Parts 120-130, amended through 2 October 2025 (KB 2/USA/ITAR.pdf)"
SEC-123.5(c),SEC-123.5,(c),c,1,"Any temporary export license for hardware that is used, regardless of whether the hardware was exported directly to the foreign destination or returned directly from the foreign destination, must be endorsed by the U.S. Customs and Border Protection in accordance with the procedures in § 123.22 of this subchapter.",,SEC-123.5,PART-123,"International Traffic in Arms Regulations (ITAR), 22 CFR Parts 120-130, amended through 2 October 2025 (KB 2/USA/ITAR.pdf)"
SEC-123.8(a),SEC-123.8,(a),a,1,"Transferring registration or control to a foreign person of any aircraft, vessel, or satellite on the U.S. Munitions List is an export for purposes of this subchapter and requires a license or written approval from the Directorate of Defense Trade Controls. This requirement applies whether the aircraft, vessel, or satellite is physically located in the United States or abroad.",,SEC-123.8,PART-123,"International Traffic in Arms Regulations (ITAR), 22 CFR Parts 120-130, amended through 2 October 2025 (KB 2/USA/ITAR.pdf)"
SEC-123.8(b),SEC-123.8,(b),b,1,"The registration in a foreign country of any aircraft, vessel or satellite covered by the U.S. Munitions List, which is not registered in the United States, but which is located in the United States constitutes an export. A license or written approval from the Directorate of Defense Trade Controls is therefore required. Such transactions may also require the prior approval of the U.S. Department of Transportation’s Maritime Administration, the Federal Aviation Administration, or other agencies of the U.S. Government.",,SEC-123.8,PART-123,"International Traffic in Arms Regulations (ITAR), 22 CFR Parts 120-130, amended through 2 October 2025 (KB 2/USA/ITAR.pdf)"
SEC-123.9(a),SEC-123.9,(a),a,1,"The country designated as the country of ultimate destination on an application for an export license, or in an Electronic Export Information filing where an exemption is claimed under this subchapter, must be the country of ultimate end-use. The written approval of the Directorate of Defense Trade Controls must be obtained before reselling, transferring, reexporting, retransferring, transshipping, or disposing of a defense article to any end-user, end-use, or destination other than as stated on the export license, or in the Electronic Export Information filing in cases where an exemption is claimed under this subchapter, except in accordance with the provisions of an exemption under this subchapter that explicitly authorizes the resell, transfer, reexport, retransfer, transshipment, or disposition of a defense article without such approval. Exporters must determine the specific end-user, end-use, and destination prior to submitting an application to the Directorate of Defense Trade Controls or claiming an exemption under this subchapter.",,SEC-123.9,PART-123,"International Traffic in Arms Regulations (ITAR), 22 CFR Parts 120-130, amended through 2 October 2025 (KB 2/USA/ITAR.pdf)"
SEC-123.9(b),SEC-123.9,(b),b,1,"The exporter, U.S. or foreign, must inform the end-user and all consignees that the defense articles being exported are subject to U.S. export laws and regulations as follows:",,SEC-123.9,PART-123,"International Traffic in Arms Regulations (ITAR), 22 CFR Parts 120-130, amended through 2 October 2025 (KB 2/USA/ITAR.pdf)"
SEC-123.9(b)(1),SEC-123.9,(b)(1),1,2,"The exporter must incorporate the following information as an integral part of the commercial invoice, whenever defense articles are to be shipped (exported in tangible form), retransferred (in tangible form), or reexported (in tangible form) pursuant to a license or other approval under this subchapter:",,SEC-123.9(b),PART-123,"International Traffic in Arms Regulations (ITAR), 22 CFR Parts 120-130, amended through 2 October 2025 (KB 2/USA/ITAR.pdf)"
SEC-123.9(b)(1)(i),SEC-123.9,(b)(1)(i),i,3,The country of ultimate destination;,,SEC-123.9(b)(1),PART-123,"International Traffic in Arms Regulations (ITAR), 22 CFR Parts 120-130, amended through 2 October 2025 (KB 2/USA/ITAR.pdf)"
SEC-123.9(b)(1)(ii),SEC-123.9,(b)(1)(ii),ii,3,The end-user;,,SEC-123.9(b)(1),PART-123,"International Traffic in Arms Regulations (ITAR), 22 CFR Parts 120-130, amended through 2 October 2025 (KB 2/USA/ITAR.pdf)"
SEC-123.9(b)(1)(iii),SEC-123.9,(b)(1)(iii),iii,3,The license or other approval number or exemption citation; and,,SEC-123.9(b)(1),PART-123,"International Traffic in Arms Regulations (ITAR), 22 CFR Parts 120-130, amended through 2 October 2025 (KB 2/USA/ITAR.pdf)"
SEC-123.9(b)(1)(iv),SEC-123.9,(b)(1)(iv),iv,3,"The following statement: “These items are controlled by the U.S. government and authorized for export only to the country of ultimate destination for use by the ultimate consignee or end-user(s) herein identified. They may not be resold, transferred, or otherwise disposed of, to any other country or to any person other than the authorized ultimate consignee or end-user(s), either in their original form or after being incorporated into other items, without first obtaining approval from the U.S. government or as otherwise authorized by U.S. law and regulations.”",,SEC-123.9(b)(1),PART-123,"International Traffic in Arms Regulations (ITAR), 22 CFR Parts 120-130, amended through 2 October 2025 (KB 2/USA/ITAR.pdf)"
SEC-123.9(b)(2),SEC-123.9,(b)(2),2,2,"When exporting items subject to the EAR pursuant to a Department of State license or other approval, the U.S. exporter must also provide the end-user and consignees with the appropriate EAR classification information for each item. This includes the Export Control Classification Number (ECCN) or EAR99 designation.",,SEC-123.9(b),PART-123,"International Traffic in Arms Regulations (ITAR), 22 CFR Parts 120-130, amended through 2 October 2025 (KB 2/USA/ITAR.pdf)"
SEC-123.9(c),SEC-123.9,(c),c,1,"Any U.S. person or foreign person requesting written approval from the Directorate of Defense Trade Controls for the reexport, retransfer, other disposition, or change in end-use, end-user, or destination of a defense article initially exported or transferred pursuant to a license or other written approval, or an exemption under this subchapter, must submit all the documentation required for a permanent export license (see § 123.1 of this subchapter) and shall also submit the following:",,SEC-123.9,PART-123,"International Traffic in Arms Regulations (ITAR), 22 CFR Parts 120-130, amended through 2 October 2025 (KB 2/USA/ITAR.pdf)"
SEC-123.9(c)(1),SEC-123.9,(c)(1),1,2,"The license number, written authorization, or exemption under which the defense article or defense service was previously authorized for export from the United States (Note: For exports under exemptions at § 126.16 or § 126.17 of this subchapter, the original end-use, program, project, or operation under which the item was exported must be identified.);",,SEC-123.9(c),PART-123,"International Traffic in Arms Regulations (ITAR), 22 CFR Parts 120-130, amended through 2 October 2025 (KB 2/USA/ITAR.pdf)"
SEC-123.9(c)(2),SEC-123.9,(c)(2),2,2,"A precise description, quantity, and value of the defense articles or defense service;",,SEC-123.9(c),PART-123,"International Traffic in Arms Regulations (ITAR), 22 CFR Parts 120-130, amended through 2 October 2025 (KB 2/USA/ITAR.pdf)"
SEC-123.9(c)(3),SEC-123.9,(c)(3),3,2,"A description and identification of the new end-user, end-use, and destination; and",,SEC-123.9(c),PART-123,"International Traffic in Arms Regulations (ITAR), 22 CFR Parts 120-130, amended through 2 October 2025 (KB 2/USA/ITAR.pdf)"
SEC-123.9(c)(4),SEC-123.9,(c)(4),4,2,"With regard to any request for such approval relating to a defense article or defense service initially exported pursuant to an exemption contained in § 126.16 or § 126.17 of this subchapter, written request for the prior approval of the transaction from the Directorate of Defense Trade Controls must be submitted: By the original U.S. exporter, provided a written request is received from a member of the Australian Community, as identified in § 126.16 of this subchapter, or the United Kingdom Community, as identified in § 126.17 of this subchapter (where such a written request includes a written certification from the member of the Australian Community or the United Kingdom Community providing the information set forth in § 126.17 of this subchapter); or by a member of the Australian Community or the United Kingdom Community, where such request provides the information set forth in this section. All persons must continue to comply with statutory and regulatory requirements outside of this subchapter concerning the import of defense articles and defense services or the possession or transfer of defense articles, including, but not limited to, regulations issued by the Bureau of Alcohol, Tobacco, Firearms and Explosives found at 27 CFR parts 447, 478, and 479, which are unaffected by the Defense Trade Cooperation Treaty between the United States and the United Kingdom and continue to apply fully to defense articles and defense services subject to either of the aforementioned treaties and the exemptions contained in § 126.17 of this subchapter.",,SEC-123.9(c),PART-123,"International Traffic in Arms Regulations (ITAR), 22 CFR Parts 120-130, amended through 2 October 2025 (KB 2/USA/ITAR.pdf)"
SEC-123.9(d),SEC-123.9,(d),d,1,The Directorate of Defense Trade Controls may authorize reexport or retransfer of an item subject to the EAR provided that:,,SEC-123.9,PART-123,"International Traffic in Arms Regulations (ITAR), 22 CFR Parts 120-130, amended through 2 October 2025 (KB 2/USA/ITAR.pdf)"
SEC-123.9(d)(1),SEC-123.9,(d)(1),1,2,"The item was initially exported, reexported or transferred pursuant to a Department of State license or other approval;",,SEC-123.9(d),PART-123,"International Traffic in Arms Regulations (ITAR), 22 CFR Parts 120-130, amended through 2 October 2025 (KB 2/USA/ITAR.pdf)"
SEC-123.9(d)(2),SEC-123.9,(d)(2),2,2,The item is for end-use in or with a defense article; and,,SEC-123.9(d),PART-123,"International Traffic in Arms Regulations (ITAR), 22 CFR Parts 120-130, amended through 2 October 2025 (KB 2/USA/ITAR.pdf)"
SEC-123.9(d)(3),SEC-123.9,(d)(3),3,2,"All requirements of paragraph (c) of this section are satisfied for the item subject to the EAR, as well as for the associated defense article.",,SEC-123.9(d),PART-123,"International Traffic in Arms Regulations (ITAR), 22 CFR Parts 120-130, amended through 2 October 2025 (KB 2/USA/ITAR.pdf)"
SEC-123.9(e),SEC-123.9,(e),e,1,"Reexports or retransfers of U.S.-origin components incorporated into a foreign defense article to NATO, NATO agencies, a government of a NATO country, or the governments of Australia, Israel, Japan, New Zealand, or the Republic of Korea are authorized without the prior written approval of the Directorate of Defense Trade Controls, provided:",,SEC-123.9,PART-123,"International Traffic in Arms Regulations (ITAR), 22 CFR Parts 120-130, amended through 2 October 2025 (KB 2/USA/ITAR.pdf)"
SEC-123.9(e)(1),SEC-123.9,(e)(1),1,2,"The U.S.-origin components were previously authorized for export from the United States, either by a license, written authorization, or an exemption other than those described in either § 126.16 or § 126.17 of this subchapter;",,SEC-123.9(e),PART-123,"International Traffic in Arms Regulations (ITAR), 22 CFR Parts 120-130, amended through 2 October 2025 (KB 2/USA/ITAR.pdf)"
SEC-123.9(e)(2),SEC-123.9,(e)(2),2,2,"The U.S.-origin components are not significant military equipment, the items are not major defense equipment sold under contract in the amount of $25,000,000 ($25 million) or more; the articles are not defense articles or defense services sold under a contract in the amount of $100,000,000 ($100 million) or more; and are not identified in part 121 of this subchapter as Missile Technology Control Regime (MTCR) items; and",,SEC-123.9(e),PART-123,"International Traffic in Arms Regulations (ITAR), 22 CFR Parts 120-130, amended through 2 October 2025 (KB 2/USA/ITAR.pdf)"
SEC-123.9(e)(3),SEC-123.9,(e)(3),3,2,The person reexporting the defense article provides written notification to the Directorate of Defense Trade Controls of the retransfer not later than 30 days following the reexport. The notification must state the articles being reexported and the recipient government.,,SEC-123.9(e),PART-123,"International Traffic in Arms Regulations (ITAR), 22 CFR Parts 120-130, amended through 2 October 2025 (KB 2/USA/ITAR.pdf)"
SEC-123.9(e)(4),SEC-123.9,(e)(4),4,2,"The original license or other approval of the Directorate of Defense Trade Controls did not include retransfer or reexport restrictions prohibiting use of this exemption. [58 FR 39299, July 22, 1993, as amended at 71 FR 20541, Apr. 21, 2006; 73 FR 15885, Mar. 26, 2008; 73 FR 38343, Aug. 3, 2009; 77 FR 16597, Mar. 21, 2012; 78 FR 22759, Apr. 16, 2013; 78 FR 61755, Oct. 3, 2013; 81 FR 54735, Aug. 17, 2016; 87 FR 16423, Mar. 23, 2022]",,SEC-123.9(e),PART-123,"International Traffic in Arms Regulations (ITAR), 22 CFR Parts 120-130, amended through 2 October 2025 (KB 2/USA/ITAR.pdf)"
SEC-123.10(a),SEC-123.10,(a),a,1,"A nontransfer and use certificate (i.e., Form DSP-83) is required for the export of significant military equipment and classified articles, including classified technical data, pursuant to a license or other authorization, except for the exemptions in §§ 126.5 and 126.7 of this subchapter. A license will not be issued until a completed Form DSP-83 has been received by the Directorate of Defense Trade Controls. This form is to be executed by the foreign consignee, foreign end-user, and the applicant. The certificate stipulates that, except as specifically authorized by prior written approval of the Department of State, the foreign consignee and foreign end-user will not reexport, resell, or otherwise dispose of the significant military equipment enumerated in the application outside the country named as the location of the foreign end-use or to any other person.",,SEC-123.10,PART-123,"International Traffic in Arms Regulations (ITAR), 22 CFR Parts 120-130, amended through 2 October 2025 (KB 2/USA/ITAR.pdf)"
SEC-123.10(b),SEC-123.10,(b),b,1,"The Directorate of Defense Trade Controls may also require a DSP-83 for the export of any other defense articles, including technical data, or defense services.",,SEC-123.10,PART-123,"International Traffic in Arms Regulations (ITAR), 22 CFR Parts 120-130, amended through 2 October 2025 (KB 2/USA/ITAR.pdf)"
SEC-123.10(c),SEC-123.10,(c),c,1,"When a DSP-83 is required for an export of any defense article or defense service to a non- governmental foreign end-user, the Directorate of Defense Trade Controls may require as a condition of issuing the license that the appropriate authority of the government of the country of ultimate destination also execute the certificate.",,SEC-123.10,PART-123,"International Traffic in Arms Regulations (ITAR), 22 CFR Parts 120-130, amended through 2 October 2025 (KB 2/USA/ITAR.pdf)"
SEC-123.11(a),SEC-123.11,(a),a,1,A license issued by the Directorate of Defense Trade Controls is required whenever a privately-owned aircraft or vessel on the U.S. Munitions List makes a voyage outside the United States.,,SEC-123.11,PART-123,"International Traffic in Arms Regulations (ITAR), 22 CFR Parts 120-130, amended through 2 October 2025 (KB 2/USA/ITAR.pdf)"
SEC-123.11(b),SEC-123.11,(b),b,1,Exemption. An export license is not required when a vessel or aircraft referred to in paragraph,,SEC-123.11,PART-123,"International Traffic in Arms Regulations (ITAR), 22 CFR Parts 120-130, amended through 2 October 2025 (KB 2/USA/ITAR.pdf)"
SEC-123.11(b)(a),SEC-123.11,(b)(a),a,2,"of this section departs from the United States and does not enter the territorial waters or airspace of a foreign country if no defense articles are carried as cargo. Such a vessel or aircraft may not enter the territorial waters or airspace of a foreign country before returning to the United States, or carry as cargo any defense article, without a temporary export license (Form DSP-73) from the Department of State. (See § 123.5.)",,SEC-123.11(b),PART-123,"International Traffic in Arms Regulations (ITAR), 22 CFR Parts 120-130, amended through 2 October 2025 (KB 2/USA/ITAR.pdf)"
SEC-123.14(a),SEC-123.14,(a),a,1,"The import Certificate/Delivery Verification Procedure is designed to assure that a commodity imported into the territory of those countries participating in IC/DV procedures will not be diverted, transshipped, or reexported to another destination except in accordance with export control regulations of the importing country.",,SEC-123.14,PART-123,"International Traffic in Arms Regulations (ITAR), 22 CFR Parts 120-130, amended through 2 October 2025 (KB 2/USA/ITAR.pdf)"
SEC-123.14(b),SEC-123.14,(b),b,1,"Exports. The Directorate of Defense Trade Controls may require the IC/DV procedure on proposed exports of defense articles to non-government entities in those countries participating in IC/DV procedures. In such cases, U.S. exporters must submit both an export license application (the completed Form DSP-5) and the original Import Certificate, which must be provided and authenticated by the government of the importing country. This document verifies that the foreign importer complied with the import regulations of the government of the importing country and that the importer declared the intention not to divert, transship or reexport the material described therein without the prior approval of that government. After delivery of the commodities to the foreign consignee, the Directorate of Defense Trade Controls may also require U.S. exporters to furnish Delivery Verification documentation from the government of the importing country. This documentation verifies that the delivery was in accordance with the terms of the approved export license. Both the Import Certificate and the Delivery Verification must be furnished to the U.S. exporter by the foreign importer.",,SEC-123.14,PART-123,"International Traffic in Arms Regulations (ITAR), 22 CFR Parts 120-130, amended through 2 October 2025 (KB 2/USA/ITAR.pdf)"
SEC-123.14(c),SEC-123.14,(c),c,1,"Triangular transactions. When a transaction involves three or more countries that have adopted the IC/DV procedure, the governments of these countries may stamp a triangular symbol on the Import Certificate. This symbol is usually placed on the Import Certificate when the applicant for the Import Certificate (the importer) states either:",,SEC-123.14,PART-123,"International Traffic in Arms Regulations (ITAR), 22 CFR Parts 120-130, amended through 2 October 2025 (KB 2/USA/ITAR.pdf)"
SEC-123.14(c)(1),SEC-123.14,(c)(1),1,2,That there is uncertainty whether the items covered by the Import Certificate will be imported into the country issuing the Import Certificate;,,SEC-123.14(c),PART-123,"International Traffic in Arms Regulations (ITAR), 22 CFR Parts 120-130, amended through 2 October 2025 (KB 2/USA/ITAR.pdf)"
SEC-123.14(c)(2),SEC-123.14,(c)(2),2,2,That he or she knows that the items will not be imported into the country issuing the Import Certificate; or,,SEC-123.14(c),PART-123,"International Traffic in Arms Regulations (ITAR), 22 CFR Parts 120-130, amended through 2 October 2025 (KB 2/USA/ITAR.pdf)"
SEC-123.14(c)(3),SEC-123.14,(c)(3),3,2,"That, if the items are to be imported into the country issuing the Import Certificate, they will subsequently be reexported to another destination. All parties, including the ultimate consignee in the country of ultimate destination, must be shown on the completed Import Certificate.",,SEC-123.14(c),PART-123,"International Traffic in Arms Regulations (ITAR), 22 CFR Parts 120-130, amended through 2 October 2025 (KB 2/USA/ITAR.pdf)"
SEC-123.15(a),SEC-123.15,(a),a,1,"The Arms Export Control Act requires that a certification be provided to the Congress prior to the granting of any license or other approval for transactions, in the amounts described below, involving exports of any defense articles and defense services and for exports of major defense equipment, as defined in § 120.37 of this subchapter. Approvals may not be granted when the Congress has enacted a joint resolution prohibiting the export. Certification is required for any transaction involving:",,SEC-123.15,PART-123,"International Traffic in Arms Regulations (ITAR), 22 CFR Parts 120-130, amended through 2 October 2025 (KB 2/USA/ITAR.pdf)"
SEC-123.15(a)(1),SEC-123.15,(a)(1),1,2,"A license for the export of major defense equipment sold under a contract in the amount of $14,000,000 or more, or for defense articles and defense services sold under a contract in the amount of $50,000,000 or more, to any country that is not a member of the North Atlantic Treaty Organization (NATO), or Australia, Israel, Japan, New Zealand, or the Republic of Korea that does not authorize a new sales territory; or",,SEC-123.15(a),PART-123,"International Traffic in Arms Regulations (ITAR), 22 CFR Parts 120-130, amended through 2 October 2025 (KB 2/USA/ITAR.pdf)"
SEC-123.15(a)(2),SEC-123.15,(a)(2),2,2,"A license for export to a country that is a member country of NATO, or Australia, Israel, Japan, New Zealand, or the Republic of Korea, of major defense equipment sold under a contract in the amount of $25,000,000 or more, or for defense articles and defense services sold under a contract in the amount of $100,000,000 or more, and provided the transfer does not include any other countries; or",,SEC-123.15(a),PART-123,"International Traffic in Arms Regulations (ITAR), 22 CFR Parts 120-130, amended through 2 October 2025 (KB 2/USA/ITAR.pdf)"
SEC-123.15(a)(3),SEC-123.15,(a)(3),3,2,"A license for export of defense articles controlled under Category I paragraphs (a) through (g) of the United States Munitions List, § 121.1 of this subchapter, in an amount of $1,000,000 or more.",,SEC-123.15(a),PART-123,"International Traffic in Arms Regulations (ITAR), 22 CFR Parts 120-130, amended through 2 October 2025 (KB 2/USA/ITAR.pdf)"
SEC-123.15(b),SEC-123.15,(b),b,1,"Unless an emergency exists which requires the final export in the national security interests of the United States, approval may not be granted for any transaction until at least 15 calendar days have elapsed after receipt by the Congress of the certification required by 22 U.S.C. 2776(c)(1) involving NATO, or Australia, Israel, Japan, New Zealand, or the Republic of Korea or at least 30 calendar days have elapsed for any other country; in the case of a license for an export of a commercial communications satellite for launch from, and by nationals of, the Russian Federation, Ukraine, or Kazakhstan, until at least 15 calendar days after the Congress receives such certification.",,SEC-123.15,PART-123,"International Traffic in Arms Regulations (ITAR), 22 CFR Parts 120-130, amended through 2 October 2025 (KB 2/USA/ITAR.pdf)"
SEC-123.15(c),SEC-123.15,(c),c,1,"Persons who intend to export defense articles and defense services pursuant to any exemption in this subchapter under the circumstances described in this section must provide written notification to the Directorate of Defense Trade Controls and include a signed contract and a DSP-83 signed by the applicant, the foreign consignee, and the end-user. [70 FR 34654, June 15, 2005, as amended at 73 FR 38343, Aug. 3, 2009; 77 FR 16598, Mar. 21, 2012; 85 FR 3832, Jan. 23, 2020; 87 FR 16424, Mar. 23, 2022]",,SEC-123.15,PART-123,"International Traffic in Arms Regulations (ITAR), 22 CFR Parts 120-130, amended through 2 October 2025 (KB 2/USA/ITAR.pdf)"
SEC-123.16(a),SEC-123.16,(a),a,1,"The following exemptions apply to exports of unclassified defense articles for which no approval is needed from the Directorate of Defense Trade Controls. These exemptions do not apply to: Proscribed destinations under § 126.1 of this subchapter; exports for which Congressional notification is required (see § 123.15 of this subchapter); MTCR articles; Significant Military Equipment (SME); and may not be used by persons who are generally ineligible as described in § 120.16 of this subchapter. All shipments of defense articles, including but not limited to those to Australia, Canada, and the United Kingdom, require an Electronic Export Information (EEI) filing or notification letter. If the export of a defense article is exempt from licensing, the EEI filing must cite the exemption. Refer to § 123.22 of this subchapter for EEI filing and letter notification requirements.",,SEC-123.16,PART-123,"International Traffic in Arms Regulations (ITAR), 22 CFR Parts 120-130, amended through 2 October 2025 (KB 2/USA/ITAR.pdf)"
SEC-123.16(b),SEC-123.16,(b),b,1,The following exports are exempt from the licensing requirements of this subchapter.,,SEC-123.16,PART-123,"International Traffic in Arms Regulations (ITAR), 22 CFR Parts 120-130, amended through 2 October 2025 (KB 2/USA/ITAR.pdf)"
SEC-123.16(b)(1),SEC-123.16,(b)(1),1,2,"Port Directors of U.S. Customs and Border Protection shall permit the export without a license of defense hardware being exported in furtherance of a manufacturing license agreement, technical assistance agreement, distribution agreement or an arrangement for distribution of items identified in Category XIII(b)(1), approved in accordance with part 124, provided that:",,SEC-123.16(b),PART-123,"International Traffic in Arms Regulations (ITAR), 22 CFR Parts 120-130, amended through 2 October 2025 (KB 2/USA/ITAR.pdf)"
SEC-123.16(b)(1)(i),SEC-123.16,(b)(1)(i),i,3,"The defense hardware to be exported supports the activity and is identified by item, quantity, and value in the agreement or arrangement; and",,SEC-123.16(b)(1),PART-123,"International Traffic in Arms Regulations (ITAR), 22 CFR Parts 120-130, amended through 2 October 2025 (KB 2/USA/ITAR.pdf)"
SEC-123.16(b)(1)(ii),SEC-123.16,(b)(1)(ii),ii,3,Any provisions or limitations placed on the authorized agreement or arrangement are adhered to; and,,SEC-123.16(b)(1),PART-123,"International Traffic in Arms Regulations (ITAR), 22 CFR Parts 120-130, amended through 2 October 2025 (KB 2/USA/ITAR.pdf)"
SEC-123.16(b)(1)(iii),SEC-123.16,(b)(1)(iii),iii,3,The exporter identifies in the EEI filing by selecting the appropriate code that the export is exempt from the licensing requirements of this subchapter; and,,SEC-123.16(b)(1),PART-123,"International Traffic in Arms Regulations (ITAR), 22 CFR Parts 120-130, amended through 2 October 2025 (KB 2/USA/ITAR.pdf)"
SEC-123.16(b)(1)(iv),SEC-123.16,(b)(1)(iv),iv,3,The total value of all shipments does not exceed the value authorized in the agreement or arrangement.,,SEC-123.16(b)(1),PART-123,"International Traffic in Arms Regulations (ITAR), 22 CFR Parts 120-130, amended through 2 October 2025 (KB 2/USA/ITAR.pdf)"
SEC-123.16(b)(1)(v),SEC-123.16,(b)(1)(v),v,3,"In the case of a distribution agreement, export must be made directly to the approved foreign distributor.",,SEC-123.16(b)(1),PART-123,"International Traffic in Arms Regulations (ITAR), 22 CFR Parts 120-130, amended through 2 October 2025 (KB 2/USA/ITAR.pdf)"
SEC-123.16(b)(2),SEC-123.16,(b)(2),2,2,Port Directors of U.S. Customs and Border Protection shall permit the export of parts or components without a license when the total value does not exceed $500 in a single transaction and:,,SEC-123.16(b),PART-123,"International Traffic in Arms Regulations (ITAR), 22 CFR Parts 120-130, amended through 2 October 2025 (KB 2/USA/ITAR.pdf)"
SEC-123.16(b)(2)(i),SEC-123.16,(b)(2)(i),i,3,The components or spare parts are being exported to support a defense article previously authorized for export; and,,SEC-123.16(b)(2),PART-123,"International Traffic in Arms Regulations (ITAR), 22 CFR Parts 120-130, amended through 2 October 2025 (KB 2/USA/ITAR.pdf)"
SEC-123.16(b)(2)(ii),SEC-123.16,(b)(2)(ii),ii,3,"The spare parts or components are not going to a distributor, but to a previously approved end-user of the defense articles; and",,SEC-123.16(b)(2),PART-123,"International Traffic in Arms Regulations (ITAR), 22 CFR Parts 120-130, amended through 2 October 2025 (KB 2/USA/ITAR.pdf)"
SEC-123.16(b)(2)(iii),SEC-123.16,(b)(2)(iii),iii,3,The spare parts or components are not to be used to enhance the capability of the defense article;,,SEC-123.16(b)(2),PART-123,"International Traffic in Arms Regulations (ITAR), 22 CFR Parts 120-130, amended through 2 October 2025 (KB 2/USA/ITAR.pdf)"
SEC-123.16(b)(2)(iv),SEC-123.16,(b)(2)(iv),iv,3,Exporters shall not split orders so as not to exceed the dollar value of this exemption;,,SEC-123.16(b)(2),PART-123,"International Traffic in Arms Regulations (ITAR), 22 CFR Parts 120-130, amended through 2 October 2025 (KB 2/USA/ITAR.pdf)"
SEC-123.16(b)(2)(v),SEC-123.16,(b)(2)(v),v,3,The exporter may not make more than 24 shipments per calendar year to the previously authorized end-user;,,SEC-123.16(b)(2),PART-123,"International Traffic in Arms Regulations (ITAR), 22 CFR Parts 120-130, amended through 2 October 2025 (KB 2/USA/ITAR.pdf)"
SEC-123.16(b)(2)(vi),SEC-123.16,(b)(2)(vi),vi,3,"The exporter must certify on the invoice, the bill of lading, air waybill, or shipping documents that the export is exempt from the licensing requirements of this subchapter. This is done by writing “22 CFR 123.16(b)(2) applicable.”",,SEC-123.16(b)(2),PART-123,"International Traffic in Arms Regulations (ITAR), 22 CFR Parts 120-130, amended through 2 October 2025 (KB 2/USA/ITAR.pdf)"
SEC-123.16(b)(3),SEC-123.16,(b)(3),3,2,"Port Directors of U.S. Customs and Border Protection shall permit the export without a license, of packing cases specially designed to carry defense articles.",,SEC-123.16(b),PART-123,"International Traffic in Arms Regulations (ITAR), 22 CFR Parts 120-130, amended through 2 October 2025 (KB 2/USA/ITAR.pdf)"
SEC-123.16(b)(4),SEC-123.16,(b)(4),4,2,"Port Directors of U.S. Customs and Border Protection shall permit the export without a license, of unclassified models or mock-ups of defense articles, provided that such models or mock-ups are inoperable and do not reveal any technical data in excess of that which is exempted from the licensing requirements of § 125.4(b) of this subchapter and do not contain components (see § 120.40(c) of this subchapter) covered by the U.S. Munitions List (see § 121.1 of this subchapter). Some models or mockups built to scale or constructed of original materials can reveal technical data. U.S. persons who avail themselves of this exemption must electronically submit a certification to U.S. Customs and Border Protection that these conditions are met, unless directed by U.S. Customs and Border Protection to provide such a certification in another manner. This exemption does not imply that the Directorate of Defense Trade Controls will approve the export of any defense articles for which models or mocks-ups have been exported pursuant to this exemption.",,SEC-123.16(b),PART-123,"International Traffic in Arms Regulations (ITAR), 22 CFR Parts 120-130, amended through 2 October 2025 (KB 2/USA/ITAR.pdf)"
SEC-123.16(b)(5),SEC-123.16,(b)(5),5,2,"Port Directors of U.S. Customs and Border Protection shall permit the temporary export without a license of unclassified defense articles to any public exhibition, trade show, air show or related event if that article has previously been licensed for a public exhibition, trade show, air show or related event and the license is still valid. U.S. persons who avail themselves of this exemption must electronically submit a certification to U.S. Customs and Border Protection that these conditions are met, unless directed by U.S. Customs and Border Protection to provide such a certification in another manner.",,SEC-123.16(b),PART-123,"International Traffic in Arms Regulations (ITAR), 22 CFR Parts 120-130, amended through 2 October 2025 (KB 2/USA/ITAR.pdf)"
SEC-123.16(b)(6),SEC-123.16,(b)(6),6,2,"For exemptions for personal protective gear, refer to § 123.17.",,SEC-123.16(b),PART-123,"International Traffic in Arms Regulations (ITAR), 22 CFR Parts 120-130, amended through 2 October 2025 (KB 2/USA/ITAR.pdf)"
SEC-123.16(b)(7),SEC-123.16,(b)(7),7,2,[Reserved],yes,SEC-123.16(b),PART-123,"International Traffic in Arms Regulations (ITAR), 22 CFR Parts 120-130, amended through 2 October 2025 (KB 2/USA/ITAR.pdf)"
SEC-123.16(b)(8),SEC-123.16,(b)(8),8,2,For exports to Canada refer to § 126.5 of this subchapter.,,SEC-123.16(b),PART-123,"International Traffic in Arms Regulations (ITAR), 22 CFR Parts 120-130, amended through 2 October 2025 (KB 2/USA/ITAR.pdf)"
SEC-123.16(b)(9),SEC-123.16,(b)(9),9,2,"Port Directors of U.S. Customs and Border Protection shall permit the temporary export without a license by a U.S. person of any unclassified component, part, tool or test equipment to a subsidiary, affiliate or facility owned or controlled by the U.S. person (see",,SEC-123.16(b),PART-123,"International Traffic in Arms Regulations (ITAR), 22 CFR Parts 120-130, amended through 2 October 2025 (KB 2/USA/ITAR.pdf)"
SEC-123.16(b)(9)(i),SEC-123.16,(b)(9)(i),i,3,The U.S. person is registered with the Directorate of Defense Trade Controls and complies with all requirements set forth in part 122 of this subchapter;,,SEC-123.16(b)(9),PART-123,"International Traffic in Arms Regulations (ITAR), 22 CFR Parts 120-130, amended through 2 October 2025 (KB 2/USA/ITAR.pdf)"
SEC-123.16(b)(9)(ii),SEC-123.16,(b)(9)(ii),ii,3,No defense article exported under this exemption may be sold or transferred without the appropriate license or other approval from the Directorate of Defense Trade Controls.,,SEC-123.16(b)(9),PART-123,"International Traffic in Arms Regulations (ITAR), 22 CFR Parts 120-130, amended through 2 October 2025 (KB 2/USA/ITAR.pdf)"
SEC-123.16(b)(10),SEC-123.16,(b)(10),10,2,[Reserved],yes,SEC-123.16(b),PART-123,"International Traffic in Arms Regulations (ITAR), 22 CFR Parts 120-130, amended through 2 October 2025 (KB 2/USA/ITAR.pdf)"
SEC-123.17(a-(e),SEC-123.17,(a-(e),a,1,[Reserved],yes,SEC-123.17,PART-123,"International Traffic in Arms Regulations (ITAR), 22 CFR Parts 120-130, amended through 2 October 2025 (KB 2/USA/ITAR.pdf)"
SEC-123.17(f),SEC-123.17,(f),f,1,"Port Directors of U.S. Customs and Border Protection (CBP) shall permit U.S. persons to export temporarily from the United States without a license one set of body armor covered by U.S. Munitions List Category X(a)(1), which may include one helmet covered by U.S. Munitions List Category X(a)(6), or one set of chemical agent protective gear covered by U.S. Munitions List Category XIV(f)(4), which may include one additional filter canister, provided:",,SEC-123.17,PART-123,"International Traffic in Arms Regulations (ITAR), 22 CFR Parts 120-130, amended through 2 October 2025 (KB 2/USA/ITAR.pdf)"
SEC-123.17(f)(1),SEC-123.17,(f)(1),1,2,"The person declares the articles to a CBP officer upon each departure from the United States, presents the Internal Transaction Number from submission of the export information through CBP's electronic system(s) per § 123.22 (unless electronic reporting of such information is unavailable, in which case U.S. Customs and Border Protection will issue instructions), and the articles are presented to the CBP officer for inspection;",,SEC-123.17(f),PART-123,"International Traffic in Arms Regulations (ITAR), 22 CFR Parts 120-130, amended through 2 October 2025 (KB 2/USA/ITAR.pdf)"
SEC-123.17(f)(2),SEC-123.17,(f)(2),2,2,"The body armor, which may include a helmet, or chemical agent protective gear, which may include one additional filter canister, to be exported is with the individual's baggage or effects, whether accompanied or unaccompanied (but not mailed); and",,SEC-123.17(f),PART-123,"International Traffic in Arms Regulations (ITAR), 22 CFR Parts 120-130, amended through 2 October 2025 (KB 2/USA/ITAR.pdf)"
SEC-123.17(f)(3),SEC-123.17,(f)(3),3,2,"The body armor, which may include a helmet, or chemical agent protective gear, which may include one additional filter canister, to be exported is for that person's exclusive use and not for reexport or other transfer of ownership. The person must declare it is his intention to return the article(s) to the United States at the end of tour, contract, or assignment for which the articles were temporarily exported.",,SEC-123.17(f),PART-123,"International Traffic in Arms Regulations (ITAR), 22 CFR Parts 120-130, amended through 2 October 2025 (KB 2/USA/ITAR.pdf)"
SEC-123.17(g),SEC-123.17,(g),g,1,The license exemption set forth in paragraph (f) of this section is available for the temporary export of body armor or chemical agent protective gear for personal use to countries listed in § 126.1 of this subchapter provided:,,SEC-123.17,PART-123,"International Traffic in Arms Regulations (ITAR), 22 CFR Parts 120-130, amended through 2 October 2025 (KB 2/USA/ITAR.pdf)"
SEC-123.17(g)(1),SEC-123.17,(g)(1),1,2,The conditions in paragraph (f) of this section are met; and,,SEC-123.17(g),PART-123,"International Traffic in Arms Regulations (ITAR), 22 CFR Parts 120-130, amended through 2 October 2025 (KB 2/USA/ITAR.pdf)"
SEC-123.17(g)(2),SEC-123.17,(g)(2),2,2,"The person affiliated with the U.S. Government traveling on official business or is traveling in support of a U.S. Government contract. The person shall electronically submit documentation to this effect, along with the Internal Transaction Number from U.S. Customs and Border Protection's electronic system(s), unless electronic reporting of such information is unavailable, in which case U.S. Customs and Border Protection will issue instructions.",,SEC-123.17(g),PART-123,"International Traffic in Arms Regulations (ITAR), 22 CFR Parts 120-130, amended through 2 October 2025 (KB 2/USA/ITAR.pdf)"
SEC-123.17(h),SEC-123.17,(h),h,1,"The license exemption set forth in paragraph (f) of this section is available for the temporary export of body armor, which may include a helmet, or chemical agent protective gear, which may include one additional filter canister, for personal use to Iraq, provided the conditions in paragraph (f) are met, and the person is either affiliated with the U.S. Government traveling on official business or is traveling in support of a U.S. Government contract, or is traveling to Iraq under a direct authorization by the Government of Iraq and engaging in activities for, on behalf of, or at the request of, the Government of Iraq. The person shall electronically submit documentation to this effect, along with the Internal Transaction Number using U.S. Customs and Border Protection's electronic system(s), unless electronic reporting of such information is unavailable, in which case U.S. Customs and Border Protection will issue instructions. Documentation regarding direct authorization from the Government of Iraq shall include an English translation.",,SEC-123.17,PART-123,"International Traffic in Arms Regulations (ITAR), 22 CFR Parts 120-130, amended through 2 October 2025 (KB 2/USA/ITAR.pdf)"
SEC-123.17(i),SEC-123.17,(i),i,1,"The license exemption set forth in paragraph (f) of this section is available for the temporary export of body armor, which may include a helmet, or chemical agent protective gear, which may include one additional filter canister, for personal use to Afghanistan, provided the conditions in paragraph (f) are met.",,SEC-123.17,PART-123,"International Traffic in Arms Regulations (ITAR), 22 CFR Parts 120-130, amended through 2 October 2025 (KB 2/USA/ITAR.pdf)"
SEC-123.17(j),SEC-123.17,(j),j,1,"If the articles temporarily exported pursuant to paragraphs (f) through (i) of this section are not returned to the United States, a detailed report must be submitted to the Office of Defense Trade Controls Compliance in accordance with requirements of § 127.12(c)(2) of this subchapter.",,SEC-123.17,PART-123,"International Traffic in Arms Regulations (ITAR), 22 CFR Parts 120-130, amended through 2 October 2025 (KB 2/USA/ITAR.pdf)"
SEC-123.17(k),SEC-123.17,(k),k,1,"To use the exemptions in this section, individuals are not required to be registered with the Department of State (the registration requirement is described in part 122 of this subchapter). All other entities must be registered and eligible, as provided in §§ 120.15(d) and 120.16(c) and part 122 of this subchapter. [58 FR 39299, July 22, 1993, as amended at 64 FR 17534, Apr. 12, 1999; 70 FR 50962, Aug. 29, 2005; 71 FR 20541, Apr. 21, 2006; 74 FR 39213, Aug. 6, 2009; 77 FR 25867, May 2, 2012; 78 FR 40631, July 8, 2013; 82 FR 18, Jan. 3, 2017; 85 FR 3832, Jan. 23, 2020; 87 FR 16424, Mar. 23, 2022]",,SEC-123.17,PART-123,"International Traffic in Arms Regulations (ITAR), 22 CFR Parts 120-130, amended through 2 October 2025 (KB 2/USA/ITAR.pdf)"
SEC-123.21(a),SEC-123.21,(a),a,1,"A license is valid for four years. The license expires when the total value or quantity authorized has been shipped or when the date of expiration has been reached, whichever occurs first.",,SEC-123.21,PART-123,"International Traffic in Arms Regulations (ITAR), 22 CFR Parts 120-130, amended through 2 October 2025 (KB 2/USA/ITAR.pdf)"
SEC-123.21(b),SEC-123.21,(b),b,1,"Unused, expired, suspended, or revoked licenses must be handled in accordance with § 123.22(c) of this subchapter.",,SEC-123.21,PART-123,"International Traffic in Arms Regulations (ITAR), 22 CFR Parts 120-130, amended through 2 October 2025 (KB 2/USA/ITAR.pdf)"
SEC-123.22(a),SEC-123.22,(a),a,1,"Any export, as defined in this subchapter, of a defense article controlled by this subchapter, to include defense articles transiting the United States, requires the electronic reporting of export information. The reporting of the export information shall be to the U.S. Customs and Border Protection using its electronic system(s), or directly to the Directorate of Defense Trade Controls (DDTC), as appropriate. Before the export of any hardware, via a license or other authorization, the DDTC registered applicant/exporter, or an agent acting on the filer's behalf, must electronically submit export information to U.S. Customs and Border Protection, unless electronic reporting is unavailable, in which case U.S. Customs and Border Protection will issue instructions (see paragraph (b) of this section). In addition to electronically providing the export information to U.S. Customs and Border Protection before export, all mandatory supporting documentation (e.g., attachments, certifications, proof of filing in U.S. Customs and Border Protection's system(s) such as the Internal Transaction Number (ITN)) must be submitted electronically, unless electronic reporting of such information is unavailable, in which case U.S. Customs and Border Protection will issue instructions.",,SEC-123.22,PART-123,"International Traffic in Arms Regulations (ITAR), 22 CFR Parts 120-130, amended through 2 October 2025 (KB 2/USA/ITAR.pdf)"
SEC-123.22(a)(1),SEC-123.22,(a)(1),1,2,"If necessary, an export may be made through a port other than the one designated on the license if the exporter complies with the procedures established by U.S. Customers and Border Protection.",,SEC-123.22(a),PART-123,"International Traffic in Arms Regulations (ITAR), 22 CFR Parts 120-130, amended through 2 October 2025 (KB 2/USA/ITAR.pdf)"
SEC-123.22(a)(2),SEC-123.22,(a)(2),2,2,"When a defense article is temporarily exported from the United States and subsequently moved from one destination authorized on a license to another destination authorized on the same or another temporary license, the applicant, or an agent acting on the applicant's behalf, must ensure that U.S. Customs and Border Protection decrements both temporary licenses to show the exit and entry of hardware.",,SEC-123.22(a),PART-123,"International Traffic in Arms Regulations (ITAR), 22 CFR Parts 120-130, amended through 2 October 2025 (KB 2/USA/ITAR.pdf)"
SEC-123.22(b),SEC-123.22,(b),b,1,Filing and reporting of export information –,,SEC-123.22,PART-123,"International Traffic in Arms Regulations (ITAR), 22 CFR Parts 120-130, amended through 2 October 2025 (KB 2/USA/ITAR.pdf)"
SEC-123.22(b)(1),SEC-123.22,(b)(1),1,2,"Filing of export information with the U.S. Customs and Border Protection. Before exporting any hardware controlled by this subchapter using a license or exemption, the DDTC registered applicant/exporter, or an agent acting on the filer's behalf, must electronically file the export information with U.S. Customs and Border Protection in accordance with the following timelines:",,SEC-123.22(b),PART-123,"International Traffic in Arms Regulations (ITAR), 22 CFR Parts 120-130, amended through 2 October 2025 (KB 2/USA/ITAR.pdf)"
SEC-123.22(b)(1)(i),SEC-123.22,(b)(1)(i),i,3,Air or truck shipments. The export information must be electronically filed at least 8 hours prior to departure.,,SEC-123.22(b)(1),PART-123,"International Traffic in Arms Regulations (ITAR), 22 CFR Parts 120-130, amended through 2 October 2025 (KB 2/USA/ITAR.pdf)"
SEC-123.22(b)(1)(ii),SEC-123.22,(b)(1)(ii),ii,3,Sea or rail shipments. The export information must be electronically filed at least 24 hours prior to departure.,,SEC-123.22(b)(1),PART-123,"International Traffic in Arms Regulations (ITAR), 22 CFR Parts 120-130, amended through 2 October 2025 (KB 2/USA/ITAR.pdf)"
SEC-123.22(b)(2),SEC-123.22,(b)(2),2,2,Emergency shipments of hardware that cannot meet the pre-departure filing requirements. U.S. Customs and Border Protection may permit an emergency export of hardware by truck or air by a U.S. registered person when the exporter is unable to comply with the Electronic Export Information (EEI) filing timeline in paragraph,,SEC-123.22(b),PART-123,"International Traffic in Arms Regulations (ITAR), 22 CFR Parts 120-130, amended through 2 October 2025 (KB 2/USA/ITAR.pdf)"
SEC-123.22(b)(2)(b),SEC-123.22,(b)(2)(b),b,3,"(1)(i) of this section. The applicant, or an agent acting on the applicant's behalf, must provide documentation required by the U.S. Customs and Border Protection and this subchapter. The documentation provided to U.S. Customs and Border Protection must include the Internal Transaction Number (ITN) for the shipment and must be accompanied by an explanation for urgency. The export filing via U.S. Customs and Border Protection's electronic system(s) must be made at least two hours prior to any departure by air from the United States. When shipping via ground, the filing in U.S. Customs and Border Protection's electronic system(s) must be made when the exporter provides the articles to the carrier or at least one hour prior to departure from the United States, when the permanent export of the hardware has been authorized for export.",,SEC-123.22(b)(2),PART-123,"International Traffic in Arms Regulations (ITAR), 22 CFR Parts 120-130, amended through 2 October 2025 (KB 2/USA/ITAR.pdf)"
SEC-123.22(b)(2)(b)(i),SEC-123.22,(b)(2)(b)(i),i,4,"In accordance with § 126.4 of this subchapter, or",,SEC-123.22(b)(2)(b),PART-123,"International Traffic in Arms Regulations (ITAR), 22 CFR Parts 120-130, amended through 2 October 2025 (KB 2/USA/ITAR.pdf)"
SEC-123.22(b)(2)(b)(ii),SEC-123.22,(b)(2)(b)(ii),ii,4,"On a valid license, and the ultimate recipient and ultimate end-user identified on the license is a foreign government.",,SEC-123.22(b)(2)(b),PART-123,"International Traffic in Arms Regulations (ITAR), 22 CFR Parts 120-130, amended through 2 October 2025 (KB 2/USA/ITAR.pdf)"
SEC-123.22(b)(3),SEC-123.22,(b)(3),3,2,"Reporting of export information on technical data and defense service. When an export is being made using a DDTC authorization (e.g., technical data license, agreement or a technical data exemption provided in this subchapter), the DDTC registered exporter will retain the license or other approval and provide the export information electronically to DDTC as follows:",,SEC-123.22(b),PART-123,"International Traffic in Arms Regulations (ITAR), 22 CFR Parts 120-130, amended through 2 October 2025 (KB 2/USA/ITAR.pdf)"
SEC-123.22(b)(3)(i),SEC-123.22,(b)(3)(i),i,3,"Technical data license. Prior to the permanent export of technical data licensed using a Form DSP-5, the applicant shall electronically provide export information using the system for direct electronic reporting to DDTC of export information and self-validate the original of the license. Exports of copies of the licensed technical data should be made in accordance with existing exemptions in this subchapter. Should an exemption not apply, the applicant may request a new license.",,SEC-123.22(b)(3),PART-123,"International Traffic in Arms Regulations (ITAR), 22 CFR Parts 120-130, amended through 2 October 2025 (KB 2/USA/ITAR.pdf)"
SEC-123.22(b)(3)(ii),SEC-123.22,(b)(3)(ii),ii,3,"Manufacturing license and technical assistance agreements. Prior to the initial export of any technical data and defense services authorized in an agreement the U.S. agreement holder must electronically inform DDTC that exports have begun. In accordance with this subchapter, all subsequent exports of technical data and services are not required to be filed electronically with DDTC except when the export is done using a U.S. Port. Records of all subsequent exports of technical data shall be maintained by the exporter in accordance with this subchapter and shall be made immediately available to DDTC upon request. Exports of technical data in furtherance of an agreement using a U.S. Port shall be made in accordance with § 125.4 of this subchapter and made in accordance with the procedures in paragraph (b)(3)(iii) of this section.",,SEC-123.22(b)(3),PART-123,"International Traffic in Arms Regulations (ITAR), 22 CFR Parts 120-130, amended through 2 October 2025 (KB 2/USA/ITAR.pdf)"
SEC-123.22(b)(3)(iii),SEC-123.22,(b)(3)(iii),iii,3,"Technical data and defense service exemptions. In any instance when technical data is exported using an exemption in this subchapter (e.g., §§ 125.4(b)(2), 125.4(b)(4), 126.5) from a U.S. port, the exporter must provide the export data electronically to DDTC. A copy of the electronic notification to DDTC must accompany the technical data shipment and be made available to the U.S. Customs and Border Protection upon request.",,SEC-123.22(b)(3),PART-123,"International Traffic in Arms Regulations (ITAR), 22 CFR Parts 120-130, amended through 2 October 2025 (KB 2/USA/ITAR.pdf)"
SEC-123.22(c),SEC-123.22,(c),c,1,Return of licenses. Licenses issued by the Directorate of Defense Trade Controls are subject to return requirements as follows:,,SEC-123.22,PART-123,"International Traffic in Arms Regulations (ITAR), 22 CFR Parts 120-130, amended through 2 October 2025 (KB 2/USA/ITAR.pdf)"
SEC-123.22(c)(1),SEC-123.22,(c)(1),1,2,A license issued electronically by DDTC and electronically decremented by U.S. Customs and Border Protection through its electronic system(s) is not required to be returned to DDTC. A copy of the license must be maintained by the applicant in accordance with § 122.5 of this subchapter.,,SEC-123.22(c),PART-123,"International Traffic in Arms Regulations (ITAR), 22 CFR Parts 120-130, amended through 2 October 2025 (KB 2/USA/ITAR.pdf)"
SEC-123.22(c)(2),SEC-123.22,(c)(2),2,2,"Licenses issued by DDTC but not decremented by U.S. Customs and Border Protection through its electronic system(s) (e.g., oral or visual technical data releases) must be maintained by the applicant in accordance with § 122.5 of this subchapter.",,SEC-123.22(c),PART-123,"International Traffic in Arms Regulations (ITAR), 22 CFR Parts 120-130, amended through 2 October 2025 (KB 2/USA/ITAR.pdf)"
SEC-123.22(c)(3),SEC-123.22,(c)(3),3,2,"A license issued by DDTC but not used by the applicant does not need to be returned to DDTC, even when expired.",,SEC-123.22(c),PART-123,"International Traffic in Arms Regulations (ITAR), 22 CFR Parts 120-130, amended through 2 October 2025 (KB 2/USA/ITAR.pdf)"
SEC-123.22(c)(4),SEC-123.22,(c)(4),4,2,A license revoked by DDTC is considered expired and must be handled in accordance with paragraphs (c)(1) and (c)(2) of this section.,,SEC-123.22(c),PART-123,"International Traffic in Arms Regulations (ITAR), 22 CFR Parts 120-130, amended through 2 October 2025 (KB 2/USA/ITAR.pdf)"
SEC-123.24(a),SEC-123.24,(a),a,1,"The export of any defense hardware using a license or exemption in this subchapter by the U.S. Postal Service must be filed with U.S. Customs and Border Protection using its electronic system(s) and the license must be filed with U.S. Customs and Border Protection before any hardware is actually sent abroad by mail. The exporter must certify the defense hardware being exported in accordance with this subchapter by clearly marking on the package: “This export is subject to the controls of the ITAR, 22 CFR (identify section for an exemption) or (state license number) and the export has been electronically filed with U.S. Customs and Border Protection.”",,SEC-123.24,PART-123,"International Traffic in Arms Regulations (ITAR), 22 CFR Parts 120-130, amended through 2 October 2025 (KB 2/USA/ITAR.pdf)"
SEC-123.24(b),SEC-123.24,(b),b,1,"The export of any technical data using a license in this subchapter by the U.S. Postal Service must be notified electronically directly to the Directorate of Defense Trade Controls (DDTC). The exporter, using either a license or exemption, must certify, by clearly marking on the package, “This export is subject to the controls of the ITAR, 22 CFR (identify section for an exemption) or (state license number).” For those exports using a license, the exporter must also state “The export has been electronically notified directly to DDTC.” The license must be returned to DDTC upon completion of the use of the license (see § 123.22(c)).",,SEC-123.24,PART-123,"International Traffic in Arms Regulations (ITAR), 22 CFR Parts 120-130, amended through 2 October 2025 (KB 2/USA/ITAR.pdf)"
SEC-123.25(a),SEC-123.25,(a),a,1,"The Directorate of Defense Trade Controls may approve an amendment to a license for permanent export, temporary export, and temporary import of unclassified defense articles. A suggested format is available from the Directorate of Defense Trade Controls.",,SEC-123.25,PART-123,"International Traffic in Arms Regulations (ITAR), 22 CFR Parts 120-130, amended through 2 October 2025 (KB 2/USA/ITAR.pdf)"
SEC-123.25(b),SEC-123.25,(b),b,1,"The following types of amendments to a license will be considered: Addition of U.S. freight forwarder or U.S. consignor; change due to an obvious typographical error; change in source of commodity; and change of foreign intermediate consignee if that party is only transporting the equipment and will not process (e.g., integrate, modify) the equipment. For changes in U.S. dollar value see § 123.23.",,SEC-123.25,PART-123,"International Traffic in Arms Regulations (ITAR), 22 CFR Parts 120-130, amended through 2 October 2025 (KB 2/USA/ITAR.pdf)"
SEC-123.25(c),SEC-123.25,(c),c,1,"The following types of amendments to a license will not be approved: Additional quantity, changes in commodity, country of ultimate destination, end-use or end-user, foreign consignee and/or extension of duration. The foreign intermediate consignee may only be amended if that party is acting as freight forwarder and the export does not involve technical data. A new license is required for these changes. Any new license submission must reflect only the unshipped balance of quantity and dollar value.",,SEC-123.25,PART-123,"International Traffic in Arms Regulations (ITAR), 22 CFR Parts 120-130, amended through 2 October 2025 (KB 2/USA/ITAR.pdf)"
SEC-123.27(a),SEC-123.27,(a),a,1,"U.S. persons engaged in the business of exporting specifically designed or modified components, systems, parts, accessories, attachments, associated equipment and certain associated technical data for commercial communications satellites, and who are so registered with the Directorate of Defense Trade Controls pursuant to part 122 of this subchapter, may submit license applications for multiple permanent and temporary exports and temporary imports of such articles for expeditious consideration without meeting the documentary requirements of § 123.1(c)(4) and (5) concerning purchase orders, letters of intent, contracts and non-transfer and end use certificates, or the documentary requirements of § 123.9, concerning approval of re-exports or re-transfers, when all of the following requirements are met:",,SEC-123.27,PART-123,"International Traffic in Arms Regulations (ITAR), 22 CFR Parts 120-130, amended through 2 October 2025 (KB 2/USA/ITAR.pdf)"
SEC-123.27(a)(1),SEC-123.27,(a)(1),1,2,"The proposed exports or re-exports concern exclusively one or more countries of the North Atlantic Treaty Organization and/or one or more countries which have been designated in accordance with section 517 of the Foreign Assistance Act of 1961 and with section 1206 of the Foreign Relations Authorization Act, Fiscal Year 2003 as a major non-NATO ally.",,SEC-123.27(a),PART-123,"International Traffic in Arms Regulations (ITAR), 22 CFR Parts 120-130, amended through 2 October 2025 (KB 2/USA/ITAR.pdf)"
SEC-123.27(a)(2),SEC-123.27,(a)(2),2,2,"The proposed exports concern exclusively one or more foreign persons (e.g., companies or governments) located within the territories of the countries identified in paragraph",,SEC-123.27(a),PART-123,"International Traffic in Arms Regulations (ITAR), 22 CFR Parts 120-130, amended through 2 October 2025 (KB 2/USA/ITAR.pdf)"
SEC-123.27(a)(2)(a),SEC-123.27,(a)(2)(a),a,3,"(1) of this section, and one or more commercial communications satellite programs included within a list of such persons and programs approved by the U.S. Government for purposes of this section, as signified in a list of such persons and programs that will be publicly available through the Internet Web site of the Directorate of Defense Trade Controls and by other means.",,SEC-123.27(a)(2),PART-123,"International Traffic in Arms Regulations (ITAR), 22 CFR Parts 120-130, amended through 2 October 2025 (KB 2/USA/ITAR.pdf)"
SEC-123.27(a)(3),SEC-123.27,(a)(3),3,2,"The articles are not major defense equipment sold under a contract in the amount of $14,000,000 or more or defense articles or defense services sold under a contract in the amount of $50,000,000 or more (for which purpose, as is customary, exporters may not split contracts or purchase orders). Items meeting these statutory thresholds must be submitted on a separate license application to permit the required notification to Congress pursuant to section 36(c) of the Arms Export Control Act.",,SEC-123.27(a),PART-123,"International Traffic in Arms Regulations (ITAR), 22 CFR Parts 120-130, amended through 2 October 2025 (KB 2/USA/ITAR.pdf)"
SEC-123.27(a)(4),SEC-123.27,(a)(4),4,2,"The articles are not detailed design, development, manufacturing, or production data and do not involve the manufacture abroad of significant military equipment.",,SEC-123.27(a),PART-123,"International Traffic in Arms Regulations (ITAR), 22 CFR Parts 120-130, amended through 2 October 2025 (KB 2/USA/ITAR.pdf)"
SEC-123.27(a)(5),SEC-123.27,(a)(5),5,2,"The U.S. exporter provides complete shipment information to the Directorate of Defense Trade Controls within 15 days of shipment by submitting a report containing a description of the item and the quantity, value, port of exit, and end-user and country of destination of the item, and at that time meets the documentary requirements of § 123.1(c)(4) and",,SEC-123.27(a),PART-123,"International Traffic in Arms Regulations (ITAR), 22 CFR Parts 120-130, amended through 2 October 2025 (KB 2/USA/ITAR.pdf)"
SEC-123.27(a)(5)(5),SEC-123.27,(a)(5)(5),5,3,", the documentary requirements of § 123.9 in the case of re-exports or re-transfers, and, other documentary requirements that may be imposed as a condition of a license (e.g., parts control plans for MTCR-controlled items). The shipment information reported must include a description of the item and quantity, value, port of exit and end user and country of destination of the item.",,SEC-123.27(a)(5),PART-123,"International Traffic in Arms Regulations (ITAR), 22 CFR Parts 120-130, amended through 2 October 2025 (KB 2/USA/ITAR.pdf)"
SEC-123.27(a)(5)(6),SEC-123.27,(a)(5)(6),6,3,"At any time in which an item exported pursuant to this section is proposed for re-transfer outside of the approved territory, programs or persons (e.g., such as in the case of an item included in a satellite for launch beyond the approved territory), the detailed requirements of § 123.9 apply with regard to obtaining the prior written consent of the Directorate of Defense Trade Controls.",,SEC-123.27(a)(5),PART-123,"International Traffic in Arms Regulations (ITAR), 22 CFR Parts 120-130, amended through 2 October 2025 (KB 2/USA/ITAR.pdf)"
SEC-123.27(b),SEC-123.27,(b),b,1,The re-export or re-transfer of the articles authorized for export (including to specified re- export destinations) in accordance with this section do not require the separate prior written approval of the Directorate of Defense Trade Controls provided all of the requirements in paragraph (a) of this section are met.,,SEC-123.27,PART-123,"International Traffic in Arms Regulations (ITAR), 22 CFR Parts 120-130, amended through 2 October 2025 (KB 2/USA/ITAR.pdf)"
SEC-123.27(c),SEC-123.27,(c),c,1,"The Directorate of Defense Trade Controls will consider, on a case-by-case basis, requests to include additional foreign companies and satellite programs within the geographic coverage of a license application submitted pursuant to this section from countries not otherwise covered, who are members of the European Space Agency or the European Union. In no case, however, can the provisions of this section apply or be relied upon by U.S. exporters in the case of countries who are subject to the mandatory requirements of Section 1514 of the Strom Thurmond National Defense Authorization Act for Fiscal Year 1999 (Pub. L. 105-261), concerning national security controls on satellite export licensing.",,SEC-123.27,PART-123,"International Traffic in Arms Regulations (ITAR), 22 CFR Parts 120-130, amended through 2 October 2025 (KB 2/USA/ITAR.pdf)"
SEC-123.27(d),SEC-123.27,(d),d,1,"Registered U.S. exporters may request at the time of a license application submitted pursuant to this section that additional foreign persons or communications satellite programs be added to the lists referred to in paragraph (a)(2) of this section, which additions, if approved, will be included within the publicly available lists of authorized recipients and programs.",,SEC-123.27,PART-123,"International Traffic in Arms Regulations (ITAR), 22 CFR Parts 120-130, amended through 2 October 2025 (KB 2/USA/ITAR.pdf)"
SEC-124.1(a),SEC-124.1,(a),a,1,"Approval. The approval of the Directorate of Defense Trade Controls must be obtained before the defense services described in § 120.32 of this subchapter may be furnished. In order to obtain such approval, the U.S. person must submit a proposed agreement to the Directorate of Defense Trade Controls. Such agreements are generally characterized as manufacturing license agreements, technical assistance agreements, distribution agreements, or off-shore procurement agreements, and may not enter into force without the prior written approval of the Directorate of Defense Trade Controls. Once approved, the defense services described in the agreements may generally be provided without further licensing in accordance with §§ 124.3 and 125.4(b)(2) of this subchapter. The requirements of this section apply whether or not technical data is to be disclosed or used in the performance of the defense services described in § 120.32 of this subchapter (e.g., all the information relied upon by the U.S. person in performing the defense services is in the public domain or is otherwise exempt from licensing requirements of this subchapter pursuant to § 125.4 of this subchapter). This requirement also applies to the training of any foreign military forces, regular and irregular, in the use of defense articles. Technical assistance agreements must be submitted in such cases. In exceptional cases, the Directorate of Defense Trade Controls, upon written request, will consider approving the provision of defense services described in § 120.32 of this subchapter by granting a license under part 125 of this subchapter.",,SEC-124.1,PART-124,"International Traffic in Arms Regulations (ITAR), 22 CFR Parts 120-130, amended through 2 October 2025 (KB 2/USA/ITAR.pdf)"
SEC-124.1(b),SEC-124.1,(b),b,1,Classified articles. Copies of approved agreements involving the release of classified defense articles will be forwarded by the Directorate of Defense Trade Controls to the Defense Security Service of the Department of Defense.,,SEC-124.1,PART-124,"International Traffic in Arms Regulations (ITAR), 22 CFR Parts 120-130, amended through 2 October 2025 (KB 2/USA/ITAR.pdf)"
SEC-124.1(c),SEC-124.1,(c),c,1,"Amendments. Changes to the scope of approved agreements, including modifications, upgrades, or extensions must be submitted for approval. The amendments may not enter into force until approved by the Directorate of Defense Trade Controls.",,SEC-124.1,PART-124,"International Traffic in Arms Regulations (ITAR), 22 CFR Parts 120-130, amended through 2 October 2025 (KB 2/USA/ITAR.pdf)"
SEC-124.1(d),SEC-124.1,(d),d,1,"Minor amendments. Amendments which only alter delivery or performance schedules, or other minor administrative amendments which do not affect in any manner the duration of the agreement or the clauses or information which must be included in such agreements because of the requirements of this part, do not have to be submitted for approval. One copy of all such minor amendments must be submitted to the Directorate of Defense Trade Controls within thirty days after they are concluded.",,SEC-124.1,PART-124,"International Traffic in Arms Regulations (ITAR), 22 CFR Parts 120-130, amended through 2 October 2025 (KB 2/USA/ITAR.pdf)"
SEC-124.1(e),SEC-124.1,(e),e,1,"Unless limited by a condition set out in an agreement, the export, reexport, retransfer, or temporary import authorized by a license is for the item(s), end-use(s), and parties described in the agreement, license, and any letters of explanation. DDTC approves agreements and grants licenses in reliance on representations the applicant made in or submitted in connection with the agreement, letters of explanation, and other documents submitted.",,SEC-124.1,PART-124,"International Traffic in Arms Regulations (ITAR), 22 CFR Parts 120-130, amended through 2 October 2025 (KB 2/USA/ITAR.pdf)"
SEC-124.2(a),SEC-124.2,(a),a,1,Technical assistance agreements are not required for the provision of training in the basic operation and maintenance of defense articles lawfully exported or authorized for export to the same recipient. This does not include training in intermediate and depot level maintenance.,,SEC-124.2,PART-124,"International Traffic in Arms Regulations (ITAR), 22 CFR Parts 120-130, amended through 2 October 2025 (KB 2/USA/ITAR.pdf)"
SEC-124.2(b),SEC-124.2,(b),b,1,Services performed as a member of the regular military forces of a foreign nation by U.S. persons who have been drafted into such forces are not deemed to be defense services for purposes of § 120.32 of this subchapter.,,SEC-124.2,PART-124,"International Traffic in Arms Regulations (ITAR), 22 CFR Parts 120-130, amended through 2 October 2025 (KB 2/USA/ITAR.pdf)"
SEC-124.2(c),SEC-124.2,(c),c,1,"NATO countries, Australia, Japan, and Sweden, in addition to the basic maintenance training exemption provided in § 124.2(a) and basic maintenance information exemption in § 125.4(b)(5) of this subchapter, no technical assistance agreement is required for maintenance training or the performance of maintenance, including the export of supporting technical data, when the following criteria can be met:",,SEC-124.2,PART-124,"International Traffic in Arms Regulations (ITAR), 22 CFR Parts 120-130, amended through 2 October 2025 (KB 2/USA/ITAR.pdf)"
SEC-124.2(c)(1),SEC-124.2,(c)(1),1,2,"Defense services are for unclassified U.S.-origin defense articles lawfully exported or authorized for export and owned or operated by and in the inventory of NATO or the Federal Governments of NATO countries, Australia, Japan, or Sweden.",,SEC-124.2(c),PART-124,"International Traffic in Arms Regulations (ITAR), 22 CFR Parts 120-130, amended through 2 October 2025 (KB 2/USA/ITAR.pdf)"
SEC-124.2(c)(2),SEC-124.2,(c)(2),2,2,This defense service exemption does not apply to any transaction involving defense services for which congressional notification is required in accordance with § 123.15 and,,SEC-124.2(c),PART-124,"International Traffic in Arms Regulations (ITAR), 22 CFR Parts 120-130, amended through 2 October 2025 (KB 2/USA/ITAR.pdf)"
SEC-124.2(c)(3),SEC-124.2,(c)(3),3,2,"Maintenance training or the performance of maintenance must be limited to inspection, testing, calibration or repair, including overhaul, reconditioning and one-to-one replacement of any defective items, parts or components; and excluding any modification, enhancement, upgrade or other form of alteration or improvement that enhances the performance or capability of the defense article. This does not preclude maintenance training or the performance of maintenance that would result in enhancements or improvements only in the reliability or maintainability of the defense article, such as an increased mean time between failure (MTBF).",,SEC-124.2(c),PART-124,"International Traffic in Arms Regulations (ITAR), 22 CFR Parts 120-130, amended through 2 October 2025 (KB 2/USA/ITAR.pdf)"
SEC-124.2(c)(4),SEC-124.2,(c)(4),4,2,"Supporting technical data must be unclassified and must not include software documentation on the design or details of the computer software, software source code, design methodology, engineering analysis, or manufacturing know-how.",,SEC-124.2(c),PART-124,"International Traffic in Arms Regulations (ITAR), 22 CFR Parts 120-130, amended through 2 October 2025 (KB 2/USA/ITAR.pdf)"
SEC-124.2(c)(5),SEC-124.2,(c)(5),5,2,This defense service exemption does not apply to maintenance training or the performance of maintenance and service or the transfer of supporting technical data for the following defense articles:,,SEC-124.2(c),PART-124,"International Traffic in Arms Regulations (ITAR), 22 CFR Parts 120-130, amended through 2 October 2025 (KB 2/USA/ITAR.pdf)"
SEC-124.2(c)(5)(i),SEC-124.2,(c)(5)(i),i,3,All Missile Technology Control Regime Annex Items;,,SEC-124.2(c)(5),PART-124,"International Traffic in Arms Regulations (ITAR), 22 CFR Parts 120-130, amended through 2 October 2025 (KB 2/USA/ITAR.pdf)"
SEC-124.2(c)(5)(ii),SEC-124.2,(c)(5)(ii),ii,3,Firearms listed in Category I; and ammunition listed in Category III for the firearms in Category I;,,SEC-124.2(c)(5),PART-124,"International Traffic in Arms Regulations (ITAR), 22 CFR Parts 120-130, amended through 2 October 2025 (KB 2/USA/ITAR.pdf)"
SEC-124.2(c)(5)(iii),SEC-124.2,(c)(5)(iii),iii,3,[Reserved],yes,SEC-124.2(c)(5),PART-124,"International Traffic in Arms Regulations (ITAR), 22 CFR Parts 120-130, amended through 2 October 2025 (KB 2/USA/ITAR.pdf)"
SEC-124.2(c)(5)(iv),SEC-124.2,(c)(5)(iv),iv,3,Naval nuclear propulsion equipment listed in USML Category VI and USML Category XX;,,SEC-124.2(c)(5),PART-124,"International Traffic in Arms Regulations (ITAR), 22 CFR Parts 120-130, amended through 2 October 2025 (KB 2/USA/ITAR.pdf)"
SEC-124.2(c)(5)(v),SEC-124.2,(c)(5)(v),v,3,Gas turbine engine hot sections covered by Category XIX(f);,,SEC-124.2(c)(5),PART-124,"International Traffic in Arms Regulations (ITAR), 22 CFR Parts 120-130, amended through 2 October 2025 (KB 2/USA/ITAR.pdf)"
SEC-124.2(c)(5)(vi),SEC-124.2,(c)(5)(vi),vi,3,Category VIII(f);,,SEC-124.2(c)(5),PART-124,"International Traffic in Arms Regulations (ITAR), 22 CFR Parts 120-130, amended through 2 October 2025 (KB 2/USA/ITAR.pdf)"
SEC-124.2(c)(5)(vii),SEC-124.2,(c)(5)(vii),vii,3,Category XII(c);,,SEC-124.2(c)(5),PART-124,"International Traffic in Arms Regulations (ITAR), 22 CFR Parts 120-130, amended through 2 October 2025 (KB 2/USA/ITAR.pdf)"
SEC-124.2(c)(5)(viii),SEC-124.2,(c)(5)(viii),viii,3,"Chemical agents listed in Category XIV (a), biological agents in Category XIV (b), and equipment listed in Category XIV (c) for dissemination of the chemical agents and biological agents listed in Categories XIV (a) and (b);",,SEC-124.2(c)(5),PART-124,"International Traffic in Arms Regulations (ITAR), 22 CFR Parts 120-130, amended through 2 October 2025 (KB 2/USA/ITAR.pdf)"
SEC-124.2(c)(5)(ix),SEC-124.2,(c)(5)(ix),ix,3,[Reserved],yes,SEC-124.2(c)(5),PART-124,"International Traffic in Arms Regulations (ITAR), 22 CFR Parts 120-130, amended through 2 October 2025 (KB 2/USA/ITAR.pdf)"
SEC-124.2(c)(5)(x),SEC-124.2,(c)(5)(x),x,3,Category XV;,,SEC-124.2(c)(5),PART-124,"International Traffic in Arms Regulations (ITAR), 22 CFR Parts 120-130, amended through 2 October 2025 (KB 2/USA/ITAR.pdf)"
SEC-124.2(c)(5)(xi),SEC-124.2,(c)(5)(xi),xi,3,[Reserved],yes,SEC-124.2(c)(5),PART-124,"International Traffic in Arms Regulations (ITAR), 22 CFR Parts 120-130, amended through 2 October 2025 (KB 2/USA/ITAR.pdf)"
SEC-124.2(c)(5)(xii),SEC-124.2,(c)(5)(xii),xii,3,Submersible and semi-submersible vessels and related articles covered in USML Category XX; or,,SEC-124.2(c)(5),PART-124,"International Traffic in Arms Regulations (ITAR), 22 CFR Parts 120-130, amended through 2 October 2025 (KB 2/USA/ITAR.pdf)"
SEC-124.2(c)(5)(xiii),SEC-124.2,(c)(5)(xiii),xiii,3,Miscellaneous articles covered by Category XXI.,,SEC-124.2(c)(5),PART-124,"International Traffic in Arms Regulations (ITAR), 22 CFR Parts 120-130, amended through 2 October 2025 (KB 2/USA/ITAR.pdf)"
SEC-124.2(c)(6),SEC-124.2,(c)(6),6,2,"Eligibility criteria for foreign persons. Foreign persons eligible to receive technical data or maintenance training under this exemption are limited to nationals of the NATO countries, Australia, Japan, or Sweden. [58 FR 39305, July 22, 1993, as amended at 65 FR 45283, July 21, 2000; 66 FR 35899, July 10, 2001; 71 FR 20543, Apr. 21, 2006; 78 FR 40933, July 8, 2013; 79 FR 47, Jan. 2, 2014; 81 FR 87429, Dec. 5, 2016; 87 FR 16424, Mar. 23, 2022]",,SEC-124.2(c),PART-124,"International Traffic in Arms Regulations (ITAR), 22 CFR Parts 120-130, amended through 2 October 2025 (KB 2/USA/ITAR.pdf)"
SEC-124.3(a),SEC-124.3,(a),a,1,Unclassified technical data. The U.S. Customs and Border Protection or U.S. Postal authorities shall permit the export without a license of unclassified technical data if the export is in furtherance of a manufacturing license or technical assistance agreement which has been approved in writing by the Directorate of Defense Trade Controls (DDTC) and the technical data does not exceed the scope or limitations of the relevant agreement. The approval of the DDTC must be obtained for the export of any unclassified technical data that may exceed the terms of the agreement.,,SEC-124.3,PART-124,"International Traffic in Arms Regulations (ITAR), 22 CFR Parts 120-130, amended through 2 October 2025 (KB 2/USA/ITAR.pdf)"
SEC-124.3(b),SEC-124.3,(b),b,1,Classified technical data. The export of classified information in furtherance of an approved manufacturing license or technical assistance agreement which provides for the transmittal of classified information does not require further approval from the Directorate of Defense Trade Controls when:,,SEC-124.3,PART-124,"International Traffic in Arms Regulations (ITAR), 22 CFR Parts 120-130, amended through 2 October 2025 (KB 2/USA/ITAR.pdf)"
SEC-124.3(b)(1),SEC-124.3,(b)(1),1,2,The United States party certifies to the Department of Defense transmittal authority that the classified information does not exceed the technical or product limitations in the agreement; and,,SEC-124.3(b),PART-124,"International Traffic in Arms Regulations (ITAR), 22 CFR Parts 120-130, amended through 2 October 2025 (KB 2/USA/ITAR.pdf)"
SEC-124.3(b)(2),SEC-124.3,(b)(2),2,2,"The U.S. party complies with the requirements of the Department of Defense National Industrial Security Program Operating Manual concerning the transmission of classified information (unless such requirements are in direct conflict with guidance provided by the Directorate of Defense Trade Controls, in which case the latter guidance must be followed) and any other requirements of cognizant U.S. departments or agencies. [58 FR 39305, July 22, 1993, as amended at 68 FR 61102, Oct. 27, 2003; 70 FR 50963, Aug. 29, 2005; 71 FR 20543, Apr. 21, 2006]",,SEC-124.3(b),PART-124,"International Traffic in Arms Regulations (ITAR), 22 CFR Parts 120-130, amended through 2 October 2025 (KB 2/USA/ITAR.pdf)"
SEC-124.4(a),SEC-124.4,(a),a,1,"The United States party to a manufacturing license or a technical assistance agreement must file one copy of the concluded agreement with the Directorate of Defense Trade Controls not later than 30 days after it enters into force. If the agreement is not concluded within one year of the date of approval, the Directorate of Defense Trade Controls must be notified in writing and be kept informed of the status of the agreement until the requirements of this paragraph or the requirements of § 124.5 are satisfied.",,SEC-124.4,PART-124,"International Traffic in Arms Regulations (ITAR), 22 CFR Parts 120-130, amended through 2 October 2025 (KB 2/USA/ITAR.pdf)"
SEC-124.4(b),SEC-124.4,(b),b,1,"In the case of concluded agreements involving coproduction or licensed production outside of the United States of defense articles of United States origin, a written statement must accompany filing of the concluded agreement with the Directorate of Defense Trade Controls, which shall include:",,SEC-124.4,PART-124,"International Traffic in Arms Regulations (ITAR), 22 CFR Parts 120-130, amended through 2 October 2025 (KB 2/USA/ITAR.pdf)"
SEC-124.4(b)(1),SEC-124.4,(b)(1),1,2,"The identity of the foreign countries, international organization, or foreign firms involved;",,SEC-124.4(b),PART-124,"International Traffic in Arms Regulations (ITAR), 22 CFR Parts 120-130, amended through 2 October 2025 (KB 2/USA/ITAR.pdf)"
SEC-124.4(b)(2),SEC-124.4,(b)(2),2,2,"A description and the estimated value of the articles authorized to be produced, and an estimate of the quantity of the articles authorized to be produced;",,SEC-124.4(b),PART-124,"International Traffic in Arms Regulations (ITAR), 22 CFR Parts 120-130, amended through 2 October 2025 (KB 2/USA/ITAR.pdf)"
SEC-124.4(b)(3),SEC-124.4,(b)(3),3,2,A description of any restrictions on third-party transfers of the foreign-manufactured articles; and,,SEC-124.4(b),PART-124,"International Traffic in Arms Regulations (ITAR), 22 CFR Parts 120-130, amended through 2 October 2025 (KB 2/USA/ITAR.pdf)"
SEC-124.4(b)(4),SEC-124.4,(b)(4),4,2,"If any such agreement does not provide for United States access to and verification of quantities of articles produced overseas and their disposition in the foreign country, a description of alternative measures and controls to ensure compliance with restrictions in the agreement on production quantities and third-party transfers.",,SEC-124.4(b),PART-124,"International Traffic in Arms Regulations (ITAR), 22 CFR Parts 120-130, amended through 2 October 2025 (KB 2/USA/ITAR.pdf)"
SEC-124.7(a),SEC-124.7,(a),a,1,"The following information must be included in all proposed manufacturing license agreements and technical assistance agreements. The information should be provided in terms which are as precise as possible. If the applicant believes that a clause or that required information is not relevant or necessary, the applicant may request the omission of the clause or information. The transmittal letter accompanying the agreement must state the reasons for any proposed variation in the clauses or required information.",,SEC-124.7,PART-124,"International Traffic in Arms Regulations (ITAR), 22 CFR Parts 120-130, amended through 2 October 2025 (KB 2/USA/ITAR.pdf)"
SEC-124.7(a)(1),SEC-124.7,(a)(1),1,2,"The agreement must describe the defense article to be manufactured and all defense articles to be exported, including any test and support equipment or advanced materials. They should be described by military nomenclature, contract number, National Stock Number, nameplate data, or other specific information. Only defense articles listed in the agreement will be eligible for export under the exemption in § 123.16(b)(1) of this subchapter.",,SEC-124.7(a),PART-124,"International Traffic in Arms Regulations (ITAR), 22 CFR Parts 120-130, amended through 2 October 2025 (KB 2/USA/ITAR.pdf)"
SEC-124.7(a)(2),SEC-124.7,(a)(2),2,2,"The agreement must specifically describe the assistance and technical data, including the design and manufacturing know-how involved, to be furnished and any manufacturing rights to be granted;",,SEC-124.7(a),PART-124,"International Traffic in Arms Regulations (ITAR), 22 CFR Parts 120-130, amended through 2 October 2025 (KB 2/USA/ITAR.pdf)"
SEC-124.7(a)(3),SEC-124.7,(a)(3),3,2,The agreement must specify its duration; and,,SEC-124.7(a),PART-124,"International Traffic in Arms Regulations (ITAR), 22 CFR Parts 120-130, amended through 2 October 2025 (KB 2/USA/ITAR.pdf)"
SEC-124.7(a)(4),SEC-124.7,(a)(4),4,2,"The agreement must specifically identify the countries or areas in which manufacturing, production, processing, sale, or other form of transfer to be licensed.",,SEC-124.7(a),PART-124,"International Traffic in Arms Regulations (ITAR), 22 CFR Parts 120-130, amended through 2 October 2025 (KB 2/USA/ITAR.pdf)"
SEC-124.7(b),SEC-124.7,(b),b,1,[Reserved],yes,SEC-124.7,PART-124,"International Traffic in Arms Regulations (ITAR), 22 CFR Parts 120-130, amended through 2 October 2025 (KB 2/USA/ITAR.pdf)"
SEC-124.8(a),SEC-124.8,(a),a,1,The following statements must be included both in manufacturing license agreements and in technical assistance agreements:,,SEC-124.8,PART-124,"International Traffic in Arms Regulations (ITAR), 22 CFR Parts 120-130, amended through 2 October 2025 (KB 2/USA/ITAR.pdf)"
SEC-124.8(a)(1),SEC-124.8,(a)(1),1,2,"“This agreement shall not enter into force, and shall not be amended or extended, without the prior written approval of the Department of State of the U.S. Government.”",,SEC-124.8(a),PART-124,"International Traffic in Arms Regulations (ITAR), 22 CFR Parts 120-130, amended through 2 October 2025 (KB 2/USA/ITAR.pdf)"
SEC-124.8(a)(2),SEC-124.8,(a)(2),2,2,“This agreement is subject to all United States laws and regulations relating to exports and to all administrative acts of the U.S. Government pursuant to such laws and regulations.”,,SEC-124.8(a),PART-124,"International Traffic in Arms Regulations (ITAR), 22 CFR Parts 120-130, amended through 2 October 2025 (KB 2/USA/ITAR.pdf)"
SEC-124.8(a)(3),SEC-124.8,(a)(3),3,2,“The parties to this agreement agree that the obligations contained in this agreement shall not affect the performance of any obligations created by prior contracts or subcontracts which the parties may have individually or collectively with the U.S. Government.”,,SEC-124.8(a),PART-124,"International Traffic in Arms Regulations (ITAR), 22 CFR Parts 120-130, amended through 2 October 2025 (KB 2/USA/ITAR.pdf)"
SEC-124.8(a)(4),SEC-124.8,(a)(4),4,2,"“No liability will be incurred by or attributed to the U.S. Government in connection with any possible infringement of privately owned patent or proprietary rights, either domestic or foreign, by reason of the U.S. Government's approval of this agreement.”",,SEC-124.8(a),PART-124,"International Traffic in Arms Regulations (ITAR), 22 CFR Parts 120-130, amended through 2 October 2025 (KB 2/USA/ITAR.pdf)"
SEC-124.8(a)(5),SEC-124.8,(a)(5),5,2,"“The technical data or defense service exported from the United States in furtherance of this agreement and any defense article which may be produced or manufactured from such technical data or defense service may not be transferred to a foreign person except pursuant to 22 CFR 126.7 or 126.18, as specifically authorized in this agreement, or where prior written approval of the Department of State has been obtained.”",,SEC-124.8(a),PART-124,"International Traffic in Arms Regulations (ITAR), 22 CFR Parts 120-130, amended through 2 October 2025 (KB 2/USA/ITAR.pdf)"
SEC-124.8(a)(6),SEC-124.8,(a)(6),6,2,“All provisions in this agreement which refer to the United States Government and the Department of State will remain binding on the parties after the termination of the agreement.”,,SEC-124.8(a),PART-124,"International Traffic in Arms Regulations (ITAR), 22 CFR Parts 120-130, amended through 2 October 2025 (KB 2/USA/ITAR.pdf)"
SEC-124.8(b),SEC-124.8,(b),b,1,"[Reserved] [58 FR 39305, July 22, 1993, as amended at 76 FR 28177, May 16, 2011; 81 FR 35616, June 3, 2016; 81 FR 54736, Aug. 17, 2016; 89 FR 67290, Aug. 20, 2024; 89 FR 68778, Aug. 28, 2024]",yes,SEC-124.8,PART-124,"International Traffic in Arms Regulations (ITAR), 22 CFR Parts 120-130, amended through 2 October 2025 (KB 2/USA/ITAR.pdf)"
SEC-124.9(a),SEC-124.9,(a),a,1,Clauses for all manufacturing license agreements. The following clauses must be included only in manufacturing license agreements:,,SEC-124.9,PART-124,"International Traffic in Arms Regulations (ITAR), 22 CFR Parts 120-130, amended through 2 October 2025 (KB 2/USA/ITAR.pdf)"
SEC-124.9(a)(1),SEC-124.9,(a)(1),1,2,"“No export, sale, transfer, or other disposition of the licensed article is authorized to any country outside the territory wherein manufacture or sale is herein licensed without the prior written approval of the U.S. Government unless otherwise exempted by the U.S. Government. Sales or other transfers of the licensed article shall be limited to governments of countries wherein manufacture or sale is hereby licensed and to private entities seeking to procure the licensed article pursuant to a contract with any such government unless the prior written approval of the U.S. Government is obtained.”",,SEC-124.9(a),PART-124,"International Traffic in Arms Regulations (ITAR), 22 CFR Parts 120-130, amended through 2 October 2025 (KB 2/USA/ITAR.pdf)"
SEC-124.9(a)(2),SEC-124.9,(a)(2),2,2,"“It is agreed that sales by licensee or its sub-licensees under contracts made through the U.S. Government will not include either charges for patent rights in which the U.S. Government holds a royalty-free license, or charges for data which the U.S. Government has a right to use and disclose to others, which are in the public domain, or which the U.S. Government has acquired or is entitled to acquire without restrictions upon their use and disclosure to others.”",,SEC-124.9(a),PART-124,"International Traffic in Arms Regulations (ITAR), 22 CFR Parts 120-130, amended through 2 October 2025 (KB 2/USA/ITAR.pdf)"
SEC-124.9(a)(3),SEC-124.9,(a)(3),3,2,"“If the U.S. Government is obligated or becomes obligated to pay to the licensor royalties, fees, or other charges for the use of technical data or patents which are involved in the manufacture, use, or sale of any licensed article, any royalties, fees or other charges in connection with purchases of such licensed article from licensee or its sub- licensees with funds derived through the U.S. Government may not exceed the total amount the U.S. Government would have been obligated to pay the licensor directly.”",,SEC-124.9(a),PART-124,"International Traffic in Arms Regulations (ITAR), 22 CFR Parts 120-130, amended through 2 October 2025 (KB 2/USA/ITAR.pdf)"
SEC-124.9(a)(4),SEC-124.9,(a)(4),4,2,"“If the U.S. Government has made financial or other contributions to the design and development of any licensed article, any charges for technical assistance or know-how relating to the item in connection with purchases of such articles from licensee or sub- licensees with funds derived through the U.S. Government must be proportionately reduced to reflect the U.S. Government contributions, and subject to the provisions of paragraphs (a) (2) and (3) of this section, no other royalties, or fees or other charges may be assessed against U.S. Government funded purchases of such articles. However, charges may be made for reasonable reproduction, handling, mailing, or similar administrative costs incident to the furnishing of such data.”",,SEC-124.9(a),PART-124,"International Traffic in Arms Regulations (ITAR), 22 CFR Parts 120-130, amended through 2 October 2025 (KB 2/USA/ITAR.pdf)"
SEC-124.9(a)(5),SEC-124.9,(a)(5),5,2,"“The parties to this agreement agree that an annual report of sales or other transfers pursuant to this agreement of the licensed articles, by quantity, type, U.S. dollar value, and purchaser or recipient, shall be provided by (applicant or licensee) to the Department of State.” This clause must specify which party is obligated to provide the annual report. Such reports may be submitted either directly by the licensee or indirectly through the licensor, and may cover calendar or fiscal years. Reports shall be deemed proprietary information by the Department of State and will not be disclosed to unauthorized persons. See § 126.10(b) of this subchapter.",,SEC-124.9(a),PART-124,"International Traffic in Arms Regulations (ITAR), 22 CFR Parts 120-130, amended through 2 October 2025 (KB 2/USA/ITAR.pdf)"
SEC-124.9(a)(6),SEC-124.9,(a)(6),6,2,"(Licensee) agrees to incorporate the following statement as an integral provision of a contract, commercial invoice, or other appropriate document whenever the licensed articles are sold or otherwise transferred: These items are controlled by the U.S. government and authorized for export only to the country of ultimate destination for use by the ultimate consignee or end-user(s) herein identified. They may not be resold, transferred, or otherwise disposed of, to any other country or to any person other than the authorized ultimate consignee or end-user(s), either in their original form or after being incorporated into other items, without first obtaining approval from the U.S. government or as otherwise authorized by U.S. law and regulations.",,SEC-124.9(a),PART-124,"International Traffic in Arms Regulations (ITAR), 22 CFR Parts 120-130, amended through 2 October 2025 (KB 2/USA/ITAR.pdf)"
SEC-124.9(b),SEC-124.9,(b),b,1,"Special clause for agreements relating to significant military equipment. With respect to an agreement for the production of significant military equipment, the following additional provisions must be included in the agreement:",,SEC-124.9,PART-124,"International Traffic in Arms Regulations (ITAR), 22 CFR Parts 120-130, amended through 2 October 2025 (KB 2/USA/ITAR.pdf)"
SEC-124.9(b)(1),SEC-124.9,(b)(1),1,2,“A completed non-transfer and use certificate (DSP-83) must be executed by the foreign end-user and submitted to the Department of State of the United States before any transfer may take place.”,,SEC-124.9(b),PART-124,"International Traffic in Arms Regulations (ITAR), 22 CFR Parts 120-130, amended through 2 October 2025 (KB 2/USA/ITAR.pdf)"
SEC-124.9(b)(2),SEC-124.9,(b)(2),2,2,“The prior written approval of the U.S. Government must be obtained before entering into a commitment for the transfer of the licensed article by sale or otherwise to any person or government outside of the approved sales territory.”,,SEC-124.9(b),PART-124,"International Traffic in Arms Regulations (ITAR), 22 CFR Parts 120-130, amended through 2 October 2025 (KB 2/USA/ITAR.pdf)"
SEC-124.10(a),SEC-124.10,(a),a,1,"Types of agreements requiring assurances. With respect to any manufacturing license agreement or technical assistance agreement which relates to significant military equipment or classified defense articles, including classified technical data, a Non-transfer, and Use Certificate (Form DSP-83) (see § 123.10 of this subchapter) signed by the applicant and the foreign party must be submitted to the Directorate of Defense Trade Controls. With respect to all agreements involving classified articles, including classified technical data, an authorized representative of the foreign government must sign the DSP-83 (or provide the same assurances in the form of a diplomatic note), unless the Directorate of Defense Trade Controls has granted an exception to this requirement. The Directorate of Defense Trade Controls may require that a DSP-83 be provided in conjunction with an agreement that does not relate to significant military equipment or classified defense articles. The Directorate of Defense Trade Controls may also require with respect to any agreement that an appropriate authority of the foreign party's government also sign the DSP-83 (or provide the same assurances in the form of a diplomatic note).",,SEC-124.10,PART-124,"International Traffic in Arms Regulations (ITAR), 22 CFR Parts 120-130, amended through 2 October 2025 (KB 2/USA/ITAR.pdf)"
SEC-124.10(b),SEC-124.10,(b),b,1,Timing of submission of assurances. Submission of a Form DSP-83 and/or diplomatic note must occur as follows:,,SEC-124.10,PART-124,"International Traffic in Arms Regulations (ITAR), 22 CFR Parts 120-130, amended through 2 October 2025 (KB 2/USA/ITAR.pdf)"
SEC-124.10(b)(1),SEC-124.10,(b)(1),1,2,Agreements which have been signed by all parties before being submitted to the Directorate of Defense Trade Controls may only be submitted along with any required DSP- 83 and/or diplomatic note.,,SEC-124.10(b),PART-124,"International Traffic in Arms Regulations (ITAR), 22 CFR Parts 120-130, amended through 2 October 2025 (KB 2/USA/ITAR.pdf)"
SEC-124.10(b)(2),SEC-124.10,(b)(2),2,2,"If an agreement has not been signed by all parties before being submitted, the required DSP-83 and/or diplomatic note must be submitted along with the signed agreement.",,SEC-124.10(b),PART-124,"International Traffic in Arms Regulations (ITAR), 22 CFR Parts 120-130, amended through 2 October 2025 (KB 2/USA/ITAR.pdf)"
SEC-124.11(a),SEC-124.11,(a),a,1,"The Arms Export Control Act requires that a certification be provided to the Congress prior to the granting of any approval of a manufacturing license agreement or technical assistance agreement for the manufacturing abroad of any item of significant military equipment that is entered into with any country regardless of dollar value. Additionally, any manufacturing license agreement or technical assistance agreement providing for the export of major defense equipment, shall also require a certification when meeting the requirements of § 123.15 of this subchapter.",,SEC-124.11,PART-124,"International Traffic in Arms Regulations (ITAR), 22 CFR Parts 120-130, amended through 2 October 2025 (KB 2/USA/ITAR.pdf)"
SEC-124.11(b),SEC-124.11,(b),b,1,"Unless an emergency exists which requires the immediate approval of the agreement in the national security interests of the United States, approval may not be granted until at least 15 calendar days have elapsed after receipt by the Congress of the certification required by 22 U.S.C. 2776(d)(1) involving the North Atlantic Treaty Organization, any member country of that Organization, or Australia, Israel, Japan, New Zealand, or the Republic of Korea or at least 30 calendar days have elapsed for any other country. Approvals may not be granted when the Congress has enacted a joint resolution prohibiting the export.",,SEC-124.11,PART-124,"International Traffic in Arms Regulations (ITAR), 22 CFR Parts 120-130, amended through 2 October 2025 (KB 2/USA/ITAR.pdf)"
SEC-124.11(c),SEC-124.11,(c),c,1,"Persons who intend to export defense articles and defense services pursuant to any exemption in this subchapter under the circumstances described in this section and section 123.15 must provide written notification to the Directorate of Defense Trade Controls and include a signed contract and a DSP-83 signed by the applicant, the foreign consignee and the end-user. [70 FR 34654, June 15, 2005, as amended at 73 FR 38343, Aug. 3, 2009; 77 FR 16599, Mar. 21, 2012; 87 FR 16424, Mar. 23, 2022]",,SEC-124.11,PART-124,"International Traffic in Arms Regulations (ITAR), 22 CFR Parts 120-130, amended through 2 October 2025 (KB 2/USA/ITAR.pdf)"
SEC-124.12(a),SEC-124.12,(a),a,1,An application for the approval of a manufacturing license or technical assistance agreement with a foreign person must be accompanied by an explanatory letter. The explanatory letter shall contain:,,SEC-124.12,PART-124,"International Traffic in Arms Regulations (ITAR), 22 CFR Parts 120-130, amended through 2 October 2025 (KB 2/USA/ITAR.pdf)"
SEC-124.12(a)(1),SEC-124.12,(a)(1),1,2,A statement giving the applicant’s Directorate of Defense Trade Controls registration number.,,SEC-124.12(a),PART-124,"International Traffic in Arms Regulations (ITAR), 22 CFR Parts 120-130, amended through 2 October 2025 (KB 2/USA/ITAR.pdf)"
SEC-124.12(a)(2),SEC-124.12,(a)(2),2,2,A statement identifying the license and the scope of the agreement.,,SEC-124.12(a),PART-124,"International Traffic in Arms Regulations (ITAR), 22 CFR Parts 120-130, amended through 2 October 2025 (KB 2/USA/ITAR.pdf)"
SEC-124.12(a)(3),SEC-124.12,(a)(3),3,2,"A statement identifying the U.S. Government contract under which the equipment or technical data was generated, improved, or developed and supplied to the U.S. Government, and whether the equipment or technical data was derived from any bid or other proposal to the U.S. Government.",,SEC-124.12(a),PART-124,"International Traffic in Arms Regulations (ITAR), 22 CFR Parts 120-130, amended through 2 October 2025 (KB 2/USA/ITAR.pdf)"
SEC-124.12(a)(4),SEC-124.12,(a)(4),4,2,A statement giving the military security classification of the equipment or technical data.,,SEC-124.12(a),PART-124,"International Traffic in Arms Regulations (ITAR), 22 CFR Parts 120-130, amended through 2 October 2025 (KB 2/USA/ITAR.pdf)"
SEC-124.12(a)(5),SEC-124.12,(a)(5),5,2,A statement identifying any patent application which discloses any of the subject matter of the equipment or technical data covered by an invention secrecy order issued by the U.S. Patent and Trademark Office.,,SEC-124.12(a),PART-124,"International Traffic in Arms Regulations (ITAR), 22 CFR Parts 120-130, amended through 2 October 2025 (KB 2/USA/ITAR.pdf)"
SEC-124.12(a)(6),SEC-124.12,(a)(6),6,2,"A statement of the actual or estimated value of the agreement, including the estimated value of all defense articles to be exported in furtherance of the agreement or amendments thereto. If the value is $500,000 or more, an additional statement must be made regarding the payment of political contributions, fees or commissions, pursuant to part 130 of this subchapter.",,SEC-124.12(a),PART-124,"International Traffic in Arms Regulations (ITAR), 22 CFR Parts 120-130, amended through 2 October 2025 (KB 2/USA/ITAR.pdf)"
SEC-124.12(a)(7),SEC-124.12,(a)(7),7,2,A statement indicating whether any foreign military sales credits or loan guarantees are or will be involved in financing the agreement.,,SEC-124.12(a),PART-124,"International Traffic in Arms Regulations (ITAR), 22 CFR Parts 120-130, amended through 2 October 2025 (KB 2/USA/ITAR.pdf)"
SEC-124.12(a)(8),SEC-124.12,(a)(8),8,2,"The agreement must describe any classified information involved and identify, from Department of Defense form DD254, the address and telephone number of the U.S. Government office that classified the information.",,SEC-124.12(a),PART-124,"International Traffic in Arms Regulations (ITAR), 22 CFR Parts 120-130, amended through 2 October 2025 (KB 2/USA/ITAR.pdf)"
SEC-124.12(a)(9),SEC-124.12,(a)(9),9,2,"For agreements that may require the export of classified information, the Defense Security Service cognizant security offices that have responsibility for the facilities of the U.S. parties to the agreement shall be identified. The facility security clearance codes of the U.S. parties shall also be provided.",,SEC-124.12(a),PART-124,"International Traffic in Arms Regulations (ITAR), 22 CFR Parts 120-130, amended through 2 October 2025 (KB 2/USA/ITAR.pdf)"
SEC-124.12(b),SEC-124.12,(b),b,1,The following statements must be made in the letter of transmittal:,,SEC-124.12,PART-124,"International Traffic in Arms Regulations (ITAR), 22 CFR Parts 120-130, amended through 2 October 2025 (KB 2/USA/ITAR.pdf)"
SEC-124.12(b)(1),SEC-124.12,(b)(1),1,2,"“If the agreement is approved by the Department of State, such approval will not be construed by (the applicant) as passing on the legality of the agreement from the standpoint of antitrust laws or other applicable statutes, nor will (the applicant) construe the Department's approval as constituting either approval or disapproval of any of the business terms or conditions between the parties to the agreement.”",,SEC-124.12(b),PART-124,"International Traffic in Arms Regulations (ITAR), 22 CFR Parts 120-130, amended through 2 October 2025 (KB 2/USA/ITAR.pdf)"
SEC-124.12(b)(2),SEC-124.12,(b)(2),2,2,“The (applicant) will not permit the proposed agreement to enter into force until it has been approved by the Department of State.”,,SEC-124.12(b),PART-124,"International Traffic in Arms Regulations (ITAR), 22 CFR Parts 120-130, amended through 2 October 2025 (KB 2/USA/ITAR.pdf)"
SEC-124.12(b)(3),SEC-124.12,(b)(3),3,2,"“The (applicant) will furnish the Department of State with one copy of the signed agreement (or amendment) within 30 days from the date that the agreement is concluded and will inform the Department of its termination not less than 30 days prior to expiration and provide information on the continuation of any foreign rights or the flow of technical data to the foreign party. If a decision is made not to conclude the proposed agreement, the applicant will so inform the Department within 60 days.”",,SEC-124.12(b),PART-124,"International Traffic in Arms Regulations (ITAR), 22 CFR Parts 120-130, amended through 2 October 2025 (KB 2/USA/ITAR.pdf)"
SEC-124.12(b)(4),SEC-124.12,(b)(4),4,2,"“If this agreement grants any rights to sub-license, it will be amended to require that all sub-licensing arrangements incorporate all the provisions of the basic agreement that refer to the U.S. Government and the Department of State (i.e., 22 CFR 124.8 and 124.9).” [58 FR 39305, July 22, 1993, as amended at 71 FR 20543, Apr. 21, 2006; 72 FR 71786, Dec. 19, 2007; 81 FR 35617, June 3, 2016; 81 FR 54736, Aug. 17, 2016; 81 FR 87430, Dec. 5, 2016]",,SEC-124.12(b),PART-124,"International Traffic in Arms Regulations (ITAR), 22 CFR Parts 120-130, amended through 2 October 2025 (KB 2/USA/ITAR.pdf)"
SEC-124.13(a),SEC-124.13,(a),a,1,The contract or purchase order for offshore procurement limits delivery of the defense articles to be produced only to the person in the United States or to an agency of the U.S. Government; and,,SEC-124.13,PART-124,"International Traffic in Arms Regulations (ITAR), 22 CFR Parts 120-130, amended through 2 October 2025 (KB 2/USA/ITAR.pdf)"
SEC-124.13(b),SEC-124.13,(b),b,1,The technical data of U.S.-origin to be used in the foreign manufacture of defense articles does not exceed that required for bid purposes on a build-to-print basis; and,,SEC-124.13,PART-124,"International Traffic in Arms Regulations (ITAR), 22 CFR Parts 120-130, amended through 2 October 2025 (KB 2/USA/ITAR.pdf)"
SEC-124.13(c),SEC-124.13,(c),c,1,The contract or purchase order between the person in the United States and the foreign person:,,SEC-124.13,PART-124,"International Traffic in Arms Regulations (ITAR), 22 CFR Parts 120-130, amended through 2 October 2025 (KB 2/USA/ITAR.pdf)"
SEC-124.13(c)(1),SEC-124.13,(c)(1),1,2,Limits the use of the technical data to the manufacture of the defense articles required by the contract or purchase order only; and,,SEC-124.13(c),PART-124,"International Traffic in Arms Regulations (ITAR), 22 CFR Parts 120-130, amended through 2 October 2025 (KB 2/USA/ITAR.pdf)"
SEC-124.13(c)(2),SEC-124.13,(c)(2),2,2,Prohibits the disclosure of the data to any other person except subcontractors within the same country; and,,SEC-124.13(c),PART-124,"International Traffic in Arms Regulations (ITAR), 22 CFR Parts 120-130, amended through 2 October 2025 (KB 2/USA/ITAR.pdf)"
SEC-124.13(c)(3),SEC-124.13,(c)(3),3,2,Prohibits the acquisition of any rights in the data by any foreign person; and,,SEC-124.13(c),PART-124,"International Traffic in Arms Regulations (ITAR), 22 CFR Parts 120-130, amended through 2 October 2025 (KB 2/USA/ITAR.pdf)"
SEC-124.13(c)(4),SEC-124.13,(c)(4),4,2,Provides that any subcontracts between foreign persons in the approved country for manufacture of equipment for delivery pursuant to the contract or purchase order contain all the limitations of this paragraph (c); and,,SEC-124.13(c),PART-124,"International Traffic in Arms Regulations (ITAR), 22 CFR Parts 120-130, amended through 2 October 2025 (KB 2/USA/ITAR.pdf)"
SEC-124.13(c)(5),SEC-124.13,(c)(5),5,2,"Requires the foreign person, including subcontractors, to destroy or return to the person in the United States all of the technical data exported pursuant to the contract or purchase order upon fulfillment of their terms; and",,SEC-124.13(c),PART-124,"International Traffic in Arms Regulations (ITAR), 22 CFR Parts 120-130, amended through 2 October 2025 (KB 2/USA/ITAR.pdf)"
SEC-124.13(c)(6),SEC-124.13,(c)(6),6,2,Requires delivery of the defense articles manufactured abroad only to the person in the United States or to an agency of the U.S. Government; and,,SEC-124.13(c),PART-124,"International Traffic in Arms Regulations (ITAR), 22 CFR Parts 120-130, amended through 2 October 2025 (KB 2/USA/ITAR.pdf)"
SEC-124.13(d),SEC-124.13,(d),d,1,"The person in the United States provides the Directorate of Defense Trade Controls with a copy of each contract, purchase order or subcontract for offshore procurement at the time it is accepted. Each such contract, purchase order or subcontract must clearly identify the article to be produced and must identify the license number or exemption under which the technical data was exported; and",,SEC-124.13,PART-124,"International Traffic in Arms Regulations (ITAR), 22 CFR Parts 120-130, amended through 2 October 2025 (KB 2/USA/ITAR.pdf)"
SEC-124.13(e),SEC-124.13,(e),e,1,"Licenses issued pursuant to this section must be renewed prior to their expiration if offshore procurement is to be extended beyond the period of validity of the original approved license. In all instances a license for offshore procurement must state as the purpose “Offshore procurement in accordance with the conditions established in the ITAR, including § 124.13. No other use will be made of the technical data.” If the technical data involved in an offshore procurement arrangement is otherwise exempt from the licensing requirements of this subchapter (e.g., § 126.4), the DSP-5 referred to in the first sentence of this section is not required. However, the exporter must comply with the other requirements of this section and provide a written certification to the Directorate of Defense Trade Controls annually of the offshore procurement activity and cite the exemption under which the technical data was exported. The exemptions under § 125.4 of this subchapter may not be used to establish offshore procurement arrangements. [58 FR 39305, July 22, 1993, as amended at 64 FR 17534, Apr. 12, 1999; 71 FR 20543, Apr. 21, 2006; 87 FR 16424, Mar. 23, 2022]",,SEC-124.13,PART-124,"International Traffic in Arms Regulations (ITAR), 22 CFR Parts 120-130, amended through 2 October 2025 (KB 2/USA/ITAR.pdf)"
SEC-124.14(a),SEC-124.14,(a),a,1,"Agreements. Agreements (e.g., contracts) between U.S. persons and foreign persons for the warehousing and distribution of defense articles must be approved by the Directorate of Defense Trade Controls before they enter into force. Such agreements will be limited to unclassified defense articles and must contain conditions for special distribution, end-use and reporting. Licenses for exports pursuant to such agreements must be obtained prior to exports of the defense articles unless an exemption under § 123.16(b)(1) of this subchapter is applicable.",,SEC-124.14,PART-124,"International Traffic in Arms Regulations (ITAR), 22 CFR Parts 120-130, amended through 2 October 2025 (KB 2/USA/ITAR.pdf)"
SEC-124.14(b),SEC-124.14,(b),b,1,Required information. Proposed warehousing and distribution agreements (and amendments thereto) shall be submitted to the Directorate of Defense Trade Controls for approval. The following information must be included in all such agreements:,,SEC-124.14,PART-124,"International Traffic in Arms Regulations (ITAR), 22 CFR Parts 120-130, amended through 2 October 2025 (KB 2/USA/ITAR.pdf)"
SEC-124.14(b)(1),SEC-124.14,(b)(1),1,2,"A description of the defense articles involved including test and support equipment covered by the U.S. Munitions List. This shall include when applicable the military nomenclature, the Federal stock number, nameplate data, and any control numbers under which the defense articles were developed or procured by the U.S. Government. Only those defense articles specifically listed in the agreement will be eligible for export under the exemption in § 123.16(b)(1) of this subchapter.",,SEC-124.14(b),PART-124,"International Traffic in Arms Regulations (ITAR), 22 CFR Parts 120-130, amended through 2 October 2025 (KB 2/USA/ITAR.pdf)"
SEC-124.14(b)(2),SEC-124.14,(b)(2),2,2,A detailed statement of the terms and conditions under which the defense articles will be exported and distributed;,,SEC-124.14(b),PART-124,"International Traffic in Arms Regulations (ITAR), 22 CFR Parts 120-130, amended through 2 October 2025 (KB 2/USA/ITAR.pdf)"
SEC-124.14(b)(3),SEC-124.14,(b)(3),3,2,The duration of the proposed agreement;,,SEC-124.14(b),PART-124,"International Traffic in Arms Regulations (ITAR), 22 CFR Parts 120-130, amended through 2 October 2025 (KB 2/USA/ITAR.pdf)"
SEC-124.14(b)(4),SEC-124.14,(b)(4),4,2,"Specific identification of the country or countries that comprise the distribution territory. Distribution must be specifically limited to the governments of such countries or to private entities seeking to procure defense articles pursuant to a contract with a government within the distribution territory or to other eligible entities as specified by the Directorate of Defense Trade Controls. Consequently, any deviation from this condition must be fully explained and justified. A nontransfer and use certificate (DSP-83) will be required to the same extent required in licensing agreements under § 124.9(b).",,SEC-124.14(b),PART-124,"International Traffic in Arms Regulations (ITAR), 22 CFR Parts 120-130, amended through 2 October 2025 (KB 2/USA/ITAR.pdf)"
SEC-124.14(c),SEC-124.14,(c),c,1,Required statements. The following statements must be included in all warehousing and distribution agreements:,,SEC-124.14,PART-124,"International Traffic in Arms Regulations (ITAR), 22 CFR Parts 120-130, amended through 2 October 2025 (KB 2/USA/ITAR.pdf)"
SEC-124.14(c)(1),SEC-124.14,(c)(1),1,2,"“This agreement shall not enter into force, and may not be amended or extended, without the prior written approval of the Department of State of U.S. Government.”",,SEC-124.14(c),PART-124,"International Traffic in Arms Regulations (ITAR), 22 CFR Parts 120-130, amended through 2 October 2025 (KB 2/USA/ITAR.pdf)"
SEC-124.14(c)(2),SEC-124.14,(c)(2),2,2,“This agreement is subject to all United States laws and regulations related to exports and to all administrative acts of the United States Government pursuant to such laws and regulations.”,,SEC-124.14(c),PART-124,"International Traffic in Arms Regulations (ITAR), 22 CFR Parts 120-130, amended through 2 October 2025 (KB 2/USA/ITAR.pdf)"
SEC-124.14(c)(3),SEC-124.14,(c)(3),3,2,“The parties to this agreement agree that the obligations contained in this agreement shall not affect the performance of any obligations created by prior contracts or subcontracts which the parties may have individually or collectively with the U.S. Government.”,,SEC-124.14(c),PART-124,"International Traffic in Arms Regulations (ITAR), 22 CFR Parts 120-130, amended through 2 October 2025 (KB 2/USA/ITAR.pdf)"
SEC-124.14(c)(4),SEC-124.14,(c)(4),4,2,"“The liability will be incurred by or attributed to the U.S. Government in connection with any possible infringement of privately owned patent or proprietary rights, either domestic or foreign by reason of the U.S. Government's approval of this agreement.”",,SEC-124.14(c),PART-124,"International Traffic in Arms Regulations (ITAR), 22 CFR Parts 120-130, amended through 2 October 2025 (KB 2/USA/ITAR.pdf)"
SEC-124.14(c)(5),SEC-124.14,(c)(5),5,2,"“No export, sale, transfer, or other disposition of the defense articles covered by this agreement is authorized to any country outside the distribution territory without the prior written approval of the Directorate of Defense Trade Controls of the U.S. Department of State.”",,SEC-124.14(c),PART-124,"International Traffic in Arms Regulations (ITAR), 22 CFR Parts 120-130, amended through 2 October 2025 (KB 2/USA/ITAR.pdf)"
SEC-124.14(c)(6),SEC-124.14,(c)(6),6,2,"“The parties to this agreement agree that an annual report of sales or other transfers pursuant to this agreement of the licensed articles, by quantity, type, U.S. dollar value, and purchaser or recipient shall be provided by (applicant or licensee) to the Department of State.” This clause must specify which party is obligated to provide the annual report. Such reports may be submitted either directly by the licensee or indirectly through the licensor and may cover calendar or fiscal years. Reports shall be deemed proprietary information by the Department of State and will not be disclosed to unauthorized persons. (See § 126.10(b) of this subchapter.)",,SEC-124.14(c),PART-124,"International Traffic in Arms Regulations (ITAR), 22 CFR Parts 120-130, amended through 2 October 2025 (KB 2/USA/ITAR.pdf)"
SEC-124.14(c)(7),SEC-124.14,(c)(7),7,2,"“(Licensee) agrees to incorporate the following statement as an integral provision of a contract, invoice, or other appropriate document whenever the articles covered by this agreement are sold or otherwise transferred: `These items are controlled by the U.S. government and authorized for export only to the country of ultimate destination for use by the ultimate consignee or end-user(s) herein identified. They may not be resold, transferred, or otherwise disposed of, to any other country or to any person other than the authorized ultimate consignee or end-user(s), either in their original form or after being incorporated into other items, without first obtaining approval from the U.S. government or as otherwise authorized by U.S. law and regulations.’”",,SEC-124.14(c),PART-124,"International Traffic in Arms Regulations (ITAR), 22 CFR Parts 120-130, amended through 2 October 2025 (KB 2/USA/ITAR.pdf)"
SEC-124.14(c)(8),SEC-124.14,(c)(8),8,2,“All provisions in this agreement which refer to the United States Government and the Department of State will remain binding on the parties after the termination of the agreement.”,,SEC-124.14(c),PART-124,"International Traffic in Arms Regulations (ITAR), 22 CFR Parts 120-130, amended through 2 October 2025 (KB 2/USA/ITAR.pdf)"
SEC-124.14(c)(9),SEC-124.14,(c)(9),9,2,"Unless the articles covered by the agreement are in fact intended to be distributed to private persons or entities (e.g., cryptographic devices and software for financial and business applications), the following clause must be included in all warehousing and distribution agreements: “Sales or other transfers of the licensed article shall be limited to governments of the countries in the distribution territory and to private entities seeking to procure the licensed article pursuant to a contract with a government within the distribution territory, unless the prior written approval of the U.S. Department of State is obtained.”",,SEC-124.14(c),PART-124,"International Traffic in Arms Regulations (ITAR), 22 CFR Parts 120-130, amended through 2 October 2025 (KB 2/USA/ITAR.pdf)"
SEC-124.14(d),SEC-124.14,(d),d,1,"Special clauses for agreements relating to significant military equipment. With respect to agreements for the warehousing and distribution of significant military equipment, the following additional provisions must be included in the agreement.",,SEC-124.14,PART-124,"International Traffic in Arms Regulations (ITAR), 22 CFR Parts 120-130, amended through 2 October 2025 (KB 2/USA/ITAR.pdf)"
SEC-124.14(d)(1),SEC-124.14,(d)(1),1,2,A completed nontransfer and use certificate (DSP-83) must be executed by the foreign end-user and submitted to the U.S. Department of State before any transfer may take place.,,SEC-124.14(d),PART-124,"International Traffic in Arms Regulations (ITAR), 22 CFR Parts 120-130, amended through 2 October 2025 (KB 2/USA/ITAR.pdf)"
SEC-124.14(d)(2),SEC-124.14,(d)(2),2,2,The prior written approval of the U.S. Department of State must be obtained before entering into a commitment for the transfer of the licensed article by sale or otherwise to any person or government outside the approved distribution territory.,,SEC-124.14(d),PART-124,"International Traffic in Arms Regulations (ITAR), 22 CFR Parts 120-130, amended through 2 October 2025 (KB 2/USA/ITAR.pdf)"
SEC-124.14(e),SEC-124.14,(e),e,1,Transmittal letters. Requests for approval of warehousing and distribution agreements with foreign persons must be made by letter. The letter shall contain:,,SEC-124.14,PART-124,"International Traffic in Arms Regulations (ITAR), 22 CFR Parts 120-130, amended through 2 October 2025 (KB 2/USA/ITAR.pdf)"
SEC-124.14(e)(1),SEC-124.14,(e)(1),1,2,A statement giving the applicant’s Directorate of Defense Trade Controls registration number.,,SEC-124.14(e),PART-124,"International Traffic in Arms Regulations (ITAR), 22 CFR Parts 120-130, amended through 2 October 2025 (KB 2/USA/ITAR.pdf)"
SEC-124.14(e)(2),SEC-124.14,(e)(2),2,2,A statement identifying the foreign party to the agreement.,,SEC-124.14(e),PART-124,"International Traffic in Arms Regulations (ITAR), 22 CFR Parts 120-130, amended through 2 October 2025 (KB 2/USA/ITAR.pdf)"
SEC-124.14(e)(3),SEC-124.14,(e)(3),3,2,A statement identifying the defense articles to be distributed under the agreement.,,SEC-124.14(e),PART-124,"International Traffic in Arms Regulations (ITAR), 22 CFR Parts 120-130, amended through 2 October 2025 (KB 2/USA/ITAR.pdf)"
SEC-124.14(e)(4),SEC-124.14,(e)(4),4,2,"A statement identifying any U.S. Government contract under which the equipment may have been generated, improved, developed or supplied to the U.S. Government, and whether the equipment was derived from any bid or other proposal to the U.S. Government.",,SEC-124.14(e),PART-124,"International Traffic in Arms Regulations (ITAR), 22 CFR Parts 120-130, amended through 2 October 2025 (KB 2/USA/ITAR.pdf)"
SEC-124.14(e)(5),SEC-124.14,(e)(5),5,2,A statement that no classified defense articles or classified technical data are involved.,,SEC-124.14(e),PART-124,"International Traffic in Arms Regulations (ITAR), 22 CFR Parts 120-130, amended through 2 October 2025 (KB 2/USA/ITAR.pdf)"
SEC-124.14(e)(6),SEC-124.14,(e)(6),6,2,A statement identifying any patent application which discloses any of the subject matter of the equipment or related technical data covered by an invention secrecy order issued by the U.S. Patent and Trademark Office.,,SEC-124.14(e),PART-124,"International Traffic in Arms Regulations (ITAR), 22 CFR Parts 120-130, amended through 2 October 2025 (KB 2/USA/ITAR.pdf)"
SEC-124.14(f),SEC-124.14,(f),f,1,Required clauses. The following statements must be made in the letter of transmittal:,,SEC-124.14,PART-124,"International Traffic in Arms Regulations (ITAR), 22 CFR Parts 120-130, amended through 2 October 2025 (KB 2/USA/ITAR.pdf)"
SEC-124.14(f)(1),SEC-124.14,(f)(1),1,2,"“If the agreement is approved by the Department of State, such approval will not be construed by (applicant) as passing on the legality of the agreement from the standpoint of antitrust laws or other applicable statutes, nor will (the applicant) construe the Department's approval as constituting either approval or disapproval of any of the business terms or conditions between the parties to the agreement.”",,SEC-124.14(f),PART-124,"International Traffic in Arms Regulations (ITAR), 22 CFR Parts 120-130, amended through 2 October 2025 (KB 2/USA/ITAR.pdf)"
SEC-124.14(f)(2),SEC-124.14,(f)(2),2,2,“The (applicant) will not permit the proposed agreement to enter into force until it has been approved by the Department of State.”,,SEC-124.14(f),PART-124,"International Traffic in Arms Regulations (ITAR), 22 CFR Parts 120-130, amended through 2 October 2025 (KB 2/USA/ITAR.pdf)"
SEC-124.14(f)(3),SEC-124.14,(f)(3),3,2,"“(Applicant) will furnish the Department of State with one copy of the signed agreement (or amendment thereto) within 30 days from the date that the agreement is concluded and will inform the Department of its termination not less than 30 days prior to expiration. If a decision is made not to conclude the proposed agreement, (applicant) will so inform the Department within 60 days.” [58 FR 39305, July 22, 1993, as amended at 71 FR 20544, Apr. 21, 2006; 81 FR 54736, Aug. 17, 2016; 85 FR 3833, Jan. 23, 2020]",,SEC-124.14(f),PART-124,"International Traffic in Arms Regulations (ITAR), 22 CFR Parts 120-130, amended through 2 October 2025 (KB 2/USA/ITAR.pdf)"
SEC-124.15(a),SEC-124.15,(a),a,1,"The export of a satellite or related item controlled by Category XV of part 121 of this subchapter or any defense service controlled by this subchapter associated with the launch in, or by nationals of, a country that is not a member of the North Atlantic Treaty Organization",,SEC-124.15,PART-124,"International Traffic in Arms Regulations (ITAR), 22 CFR Parts 120-130, amended through 2 October 2025 (KB 2/USA/ITAR.pdf)"
SEC-124.15(a)(NATO),SEC-124.15,(a)(NATO),NATO,2,"or a major non-NATO ally of the United States always requires special export controls, in addition to other export controls required by this subchapter, as follows:",,SEC-124.15(a),PART-124,"International Traffic in Arms Regulations (ITAR), 22 CFR Parts 120-130, amended through 2 October 2025 (KB 2/USA/ITAR.pdf)"
SEC-124.15(a)(1),SEC-124.15,(a)(1),1,2,All licenses and other requests for approval require a technology transfer control plan,,SEC-124.15(a),PART-124,"International Traffic in Arms Regulations (ITAR), 22 CFR Parts 120-130, amended through 2 October 2025 (KB 2/USA/ITAR.pdf)"
SEC-124.15(a)(1)(TTCP),SEC-124.15,(a)(1)(TTCP),TTCP,3,"approved by the Department of Defense and an encryption technology control plan approved by the National Security Agency. Drafts reflecting advance discussions with both agencies must accompany submission of the license application or proposed technical assistance agreement, and the letter of transmittal required in § 124.12 must identify the U.S. Government officials familiar with the preparation of the draft TTCPs. The TTCP must require any U.S. person or entity involved in the export to notify the Department of Defense in advance of all meetings and interactions with any foreign person or entity that is a party to the export and require such U.S. person or entity to certify that it has complied with this notification requirement within 30 days after launch.",,SEC-124.15(a)(1),PART-124,"International Traffic in Arms Regulations (ITAR), 22 CFR Parts 120-130, amended through 2 October 2025 (KB 2/USA/ITAR.pdf)"
SEC-124.15(a)(2),SEC-124.15,(a)(2),2,2,"The U.S. person must make arrangements with the Department of Defense for monitoring. The costs of such monitoring services must be fully reimbursed to the Department of Defense by the U.S. person receiving such services. The letter of transmittal required under § 124.12 must also state that such reimbursement arrangements have been made with the Department of Defense and identify the specific Department of Defense official with whom these arrangements have been made. As required by Public Law 105- 261, such monitoring will cover, but not limited to –",,SEC-124.15(a),PART-124,"International Traffic in Arms Regulations (ITAR), 22 CFR Parts 120-130, amended through 2 October 2025 (KB 2/USA/ITAR.pdf)"
SEC-124.15(a)(2)(i),SEC-124.15,(a)(2)(i),i,3,"Technical discussions and activities, including the design, development, operation, maintenance, modification, and repair of satellites, satellite components, missiles, other equipment, launch facilities, and launch vehicles;",,SEC-124.15(a)(2),PART-124,"International Traffic in Arms Regulations (ITAR), 22 CFR Parts 120-130, amended through 2 October 2025 (KB 2/USA/ITAR.pdf)"
SEC-124.15(a)(2)(ii),SEC-124.15,(a)(2)(ii),ii,3,"Satellite processing and launch activities, including launch preparation, satellite transportation, integration of the satellite with the launch vehicle, testing and checkout prior to launch, satellite launch, and return of equipment to the United States;",,SEC-124.15(a)(2),PART-124,"International Traffic in Arms Regulations (ITAR), 22 CFR Parts 120-130, amended through 2 October 2025 (KB 2/USA/ITAR.pdf)"
SEC-124.15(a)(2)(iii),SEC-124.15,(a)(2)(iii),iii,3,"Activities relating to launch failure, delay, or cancellation, including post-launch failure investigations or analyses with regard to either the launcher or the satellite; and",,SEC-124.15(a)(2),PART-124,"International Traffic in Arms Regulations (ITAR), 22 CFR Parts 120-130, amended through 2 October 2025 (KB 2/USA/ITAR.pdf)"
SEC-124.15(a)(2)(iv),SEC-124.15,(a)(2)(iv),iv,3,All other aspects of the launch.,,SEC-124.15(a)(2),PART-124,"International Traffic in Arms Regulations (ITAR), 22 CFR Parts 120-130, amended through 2 October 2025 (KB 2/USA/ITAR.pdf)"
SEC-124.15(b),SEC-124.15,(b),b,1,Mandatory licenses for launch failure (crash) investigations or analyses of any satellite controlled pursuant to this subchapter or subject to the EAR: In the event of a failure of a launch from a foreign country (including a post liftoff failure to reach proper orbit) –,,SEC-124.15,PART-124,"International Traffic in Arms Regulations (ITAR), 22 CFR Parts 120-130, amended through 2 October 2025 (KB 2/USA/ITAR.pdf)"
SEC-124.15(b)(1),SEC-124.15,(b)(1),1,2,"The activities of U.S. persons or entities in connection with any subsequent investigation or analysis of the failure continue to be subject to the controls established under section 38 of the Arms Export Control Act, including the requirements under this subchapter for express approval prior to participation in such investigations or analyses, regardless of whether a license was issued under this subchapter for the initial export of the satellite or satellite component;",,SEC-124.15(b),PART-124,"International Traffic in Arms Regulations (ITAR), 22 CFR Parts 120-130, amended through 2 October 2025 (KB 2/USA/ITAR.pdf)"
SEC-124.15(b)(2),SEC-124.15,(b)(2),2,2,Officials of the Department of Defense must monitor all activities associated with the investigation or analyses to insure against unauthorized transfer of technical data or services and U.S. persons must follow the procedures set forth in paragraphs (a)(1) and,,SEC-124.15(b),PART-124,"International Traffic in Arms Regulations (ITAR), 22 CFR Parts 120-130, amended through 2 October 2025 (KB 2/USA/ITAR.pdf)"
SEC-124.15(b)(2)(a),SEC-124.15,(b)(2)(a),a,3,(2) of this section.,,SEC-124.15(b)(2),PART-124,"International Traffic in Arms Regulations (ITAR), 22 CFR Parts 120-130, amended through 2 October 2025 (KB 2/USA/ITAR.pdf)"
SEC-124.15(c),SEC-124.15,(c),c,1,"Although Public Law 105-261 does not require the application of special export controls for the launch of U.S.-origin satellites and components from or by nationals of countries that are members of NATO or major non-NATO allies, such export controls may nonetheless be applied, in addition to any other export controls required under this subchapter, as appropriate in furtherance of the security and foreign policy of the United States. Further, the export of any article or defense service controlled under this subchapter to any destination may also require that the special export controls identified in paragraphs (a)(1) and (a)(2) of this section be applied in furtherance of the security and foreign policy of the United States.",,SEC-124.15,PART-124,"International Traffic in Arms Regulations (ITAR), 22 CFR Parts 120-130, amended through 2 October 2025 (KB 2/USA/ITAR.pdf)"
SEC-124.15(d),SEC-124.15,(d),d,1,"Mandatory licenses for exports to insurance providers and underwriters: None of the exemptions or sub-licensing provisions available in this subchapter may be used for the export of technical data in order to obtain or satisfy insurance requirements. Such exports are always subject to the prior approval and re-transfer requirements of sections 3 and 38 of the Arms Export Control Act, as applied by relevant provisions of this subchapter.",,SEC-124.15,PART-124,"International Traffic in Arms Regulations (ITAR), 22 CFR Parts 120-130, amended through 2 October 2025 (KB 2/USA/ITAR.pdf)"
SEC-125.1(a),SEC-125.1,(a),a,1,The controls of this part apply to the export of technical data and the export of classified defense articles. Information which is in the public domain (see § 120.34 of this subchapter and § 125.4(b)(13)) is not subject to the controls of this subchapter.,,SEC-125.1,PART-125,"International Traffic in Arms Regulations (ITAR), 22 CFR Parts 120-130, amended through 2 October 2025 (KB 2/USA/ITAR.pdf)"
SEC-125.1(b),SEC-125.1,(b),b,1,A license for the export of technical data and the exemptions in § 125.4 may not be used for foreign production purposes or for technical assistance unless the approval of the Directorate of Defense Trade Controls has been obtained. Such approval is generally provided only pursuant to the procedures specified in part 124 of this subchapter.,,SEC-125.1,PART-125,"International Traffic in Arms Regulations (ITAR), 22 CFR Parts 120-130, amended through 2 October 2025 (KB 2/USA/ITAR.pdf)"
SEC-125.1(c),SEC-125.1,(c),c,1,"Technical data authorized for export may not be reexported, transferred or diverted from the country of ultimate end-use or from the authorized foreign end-user (as designated in the license or approval for export) or disclosed to a national of another country without the prior written approval of the Directorate of Defense Trade Controls.",,SEC-125.1,PART-125,"International Traffic in Arms Regulations (ITAR), 22 CFR Parts 120-130, amended through 2 October 2025 (KB 2/USA/ITAR.pdf)"
SEC-125.1(d),SEC-125.1,(d),d,1,The controls of this part apply to the exports referred to in paragraph (a) of this section regardless of whether the person who intends to export the technical data produces or manufactures defense articles if the technical data is determined by the Directorate of Defense Trade Controls to be subject to the controls of this subchapter.,,SEC-125.1,PART-125,"International Traffic in Arms Regulations (ITAR), 22 CFR Parts 120-130, amended through 2 October 2025 (KB 2/USA/ITAR.pdf)"
SEC-125.1(e),SEC-125.1,(e),e,1,"For the export of technical data related to articles in Category VI(e), Category XVI, and Category XX(b)(1) of § 121.1 of this subchapter, see § 120.5(c) of this subchapter.",,SEC-125.1,PART-125,"International Traffic in Arms Regulations (ITAR), 22 CFR Parts 120-130, amended through 2 October 2025 (KB 2/USA/ITAR.pdf)"
SEC-125.1(f),SEC-125.1,(f),f,1,"Unless limited by a condition set out in an agreement, the export, reexport, retransfer, or temporary import authorized by a license is for the item(s), end-use(s), and parties described in the agreement, license, and any letters of explanation. DDTC approves agreements and grants licenses in reliance on representations the applicant made in or submitted in connection with the agreement, letters of explanation, and other documents submitted. [58 FR 39310, July 22, 1993, as amended at 71 FR 20544, Apr. 21, 2006; 78 FR 40933, July 8, 2013; 79 FR 47, Jan. 2, 2014; 81 FR 62008, Sept. 8, 2016; 87 FR 16424, Mar. 23, 2022]",,SEC-125.1,PART-125,"International Traffic in Arms Regulations (ITAR), 22 CFR Parts 120-130, amended through 2 October 2025 (KB 2/USA/ITAR.pdf)"
SEC-125.2(a),SEC-125.2,(a),a,1,"License. A license (DSP-5) is required for the export of unclassified technical data unless the export is exempt from the licensing requirements of this subchapter. In the case of a plant visit, details of the proposed discussions must be transmitted to the Directorate of Defense Trade Controls for an appraisal of the technical data.",,SEC-125.2,PART-125,"International Traffic in Arms Regulations (ITAR), 22 CFR Parts 120-130, amended through 2 October 2025 (KB 2/USA/ITAR.pdf)"
SEC-125.2(b),SEC-125.2,(b),b,1,"Patents. A license issued by the Directorate of Defense Trade Controls is required for the export of technical data whenever the data exceeds that which is used to support a domestic filing of a patent application or to support a foreign filing of a patent application whenever no domestic application has been filed. Requests for the filing of patent applications in a foreign country, and requests for the filing of amendments, modifications or supplements to such patents, should follow the regulations of the U.S. Patent and Trademark Office in accordance with 37 CFR part 5. The export of technical data to support the filing and processing of patent applications in foreign countries is subject to regulations issued by the U.S. Patent and Trademark Office pursuant to 35 U.S.C. 184.",,SEC-125.2,PART-125,"International Traffic in Arms Regulations (ITAR), 22 CFR Parts 120-130, amended through 2 October 2025 (KB 2/USA/ITAR.pdf)"
SEC-125.2(c),SEC-125.2,(c),c,1,"Disclosures. Unless otherwise expressly exempted in this subchapter, a license is required for the oral, visual, or documentary disclosure of technical data by U.S. persons to foreign persons. A license is required regardless of the manner in which the technical data is transmitted (e.g., in person, by telephone, correspondence, electronic means, etc.). A license is required for such disclosures by U.S. persons in connection with visits to foreign diplomatic missions and consular offices.",,SEC-125.2,PART-125,"International Traffic in Arms Regulations (ITAR), 22 CFR Parts 120-130, amended through 2 October 2025 (KB 2/USA/ITAR.pdf)"
SEC-125.3(a),SEC-125.3,(a),a,1,"A request for authority to export defense articles, including technical data, classified by a foreign government or pursuant to Executive Order 12356, successor orders, or other legal authority must be submitted to the Directorate of Defense Trade Controls for approval. The application must contain full details of the proposed transaction. It should also list the facility security clearance code of all U.S. parties on the license and include the Defense Security Service cognizant security office of the party responsible for packaging the commodity for shipment. A nontransfer and use certificate (Form DSP-83) executed by the applicant, foreign consignee, end- user, and an authorized representative of the foreign government involved will be required.",,SEC-125.3,PART-125,"International Traffic in Arms Regulations (ITAR), 22 CFR Parts 120-130, amended through 2 October 2025 (KB 2/USA/ITAR.pdf)"
SEC-125.3(b),SEC-125.3,(b),b,1,"Classified technical data which is approved by the Directorate of Defense Trade Controls either for export or reexport after a temporary import will be transferred or disclosed only in accordance with the requirements in the Department of Defense National Industrial Security Program Operating Manual (unless such requirements are in direct conflict with guidance provided by the Directorate of Defense Trade Controls, in which case the latter guidance must be followed). Any other requirements imposed by cognizant U.S. departments and agencies must also be satisfied.",,SEC-125.3,PART-125,"International Traffic in Arms Regulations (ITAR), 22 CFR Parts 120-130, amended through 2 October 2025 (KB 2/USA/ITAR.pdf)"
SEC-125.3(c),SEC-125.3,(c),c,1,The approval of the Directorate of Defense Trade Controls must be obtained for the export of technical data by a U.S. person to a foreign person in the U.S. or in a foreign country unless the proposed export is exempt under the provisions of this subchapter.,,SEC-125.3,PART-125,"International Traffic in Arms Regulations (ITAR), 22 CFR Parts 120-130, amended through 2 October 2025 (KB 2/USA/ITAR.pdf)"
SEC-125.3(d),SEC-125.3,(d),d,1,All communications relating to a patent application covered by an invention secrecy order are to be addressed to the U.S. Patent and Trademark Office (see 37 CFR 5.11).,,SEC-125.3,PART-125,"International Traffic in Arms Regulations (ITAR), 22 CFR Parts 120-130, amended through 2 October 2025 (KB 2/USA/ITAR.pdf)"
SEC-125.4(a),SEC-125.4,(a),a,1,"The following exemptions apply to exports of technical data for which approval is not needed from the Directorate of Defense Trade Controls. The exemptions, except for paragraph (b)(13) of this section, do not apply to exports to proscribed destinations under §126.1 of this subchapter or for persons considered generally ineligible under § 120.16 of this subchapter. The exemptions are also not applicable for purposes of establishing offshore procurement arrangements or producing defense articles offshore (see § 124.13), except as authorized under",,SEC-125.4,PART-125,"International Traffic in Arms Regulations (ITAR), 22 CFR Parts 120-130, amended through 2 October 2025 (KB 2/USA/ITAR.pdf)"
SEC-125.4(b),SEC-125.4,(b),b,1,The following exports are exempt from the licensing requirements of this subchapter.,,SEC-125.4,PART-125,"International Traffic in Arms Regulations (ITAR), 22 CFR Parts 120-130, amended through 2 October 2025 (KB 2/USA/ITAR.pdf)"
SEC-125.4(b)(1),SEC-125.4,(b)(1),1,2,"Technical data, including classified information, to be disclosed pursuant to an official written request or directive from the U.S. Department of Defense;",,SEC-125.4(b),PART-125,"International Traffic in Arms Regulations (ITAR), 22 CFR Parts 120-130, amended through 2 October 2025 (KB 2/USA/ITAR.pdf)"
SEC-125.4(b)(2),SEC-125.4,(b)(2),2,2,"Technical data, including classified information, in furtherance of a manufacturing license or technical assistance agreement approved by the Department of State under part 124 of this subchapter and which meet the requirements of § 124.3 of this subchapter;",,SEC-125.4(b),PART-125,"International Traffic in Arms Regulations (ITAR), 22 CFR Parts 120-130, amended through 2 October 2025 (KB 2/USA/ITAR.pdf)"
SEC-125.4(b)(3),SEC-125.4,(b)(3),3,2,"Technical data, including classified information, in furtherance of a contract between the exporter and an agency of the U.S. Government, if the contract provides for the export of the data and such data does not disclose the details of design, development, production, or manufacture of any defense article;",,SEC-125.4(b),PART-125,"International Traffic in Arms Regulations (ITAR), 22 CFR Parts 120-130, amended through 2 October 2025 (KB 2/USA/ITAR.pdf)"
SEC-125.4(b)(4),SEC-125.4,(b)(4),4,2,"Copies of technical data, including classified information, previously authorized for export to the same recipient. Revised copies of such technical data are also exempt if they pertain to the identical defense articles, and if the revisions are solely editorial and do not add to the content of technology previously exported or authorized for export to the same recipient;",,SEC-125.4(b),PART-125,"International Traffic in Arms Regulations (ITAR), 22 CFR Parts 120-130, amended through 2 October 2025 (KB 2/USA/ITAR.pdf)"
SEC-125.4(b)(5),SEC-125.4,(b)(5),5,2,"Technical data, including classified information, in the form of basic operations, maintenance, and training information relating to a defense article lawfully exported or authorized for export to the same recipient. Intermediate or depot-level repair and maintenance information may be exported only under a license or agreement approved specifically for that purpose;",,SEC-125.4(b),PART-125,"International Traffic in Arms Regulations (ITAR), 22 CFR Parts 120-130, amended through 2 October 2025 (KB 2/USA/ITAR.pdf)"
SEC-125.4(b)(6),SEC-125.4,(b)(6),6,2,"Technical data, including classified information, related to firearms not in excess of caliber .50 and ammunition for such weapons, except detailed design, development, production or manufacturing information;",,SEC-125.4(b),PART-125,"International Traffic in Arms Regulations (ITAR), 22 CFR Parts 120-130, amended through 2 October 2025 (KB 2/USA/ITAR.pdf)"
SEC-125.4(b)(7),SEC-125.4,(b)(7),7,2,"Technical data, including classified information, being returned to the original source of import;",,SEC-125.4(b),PART-125,"International Traffic in Arms Regulations (ITAR), 22 CFR Parts 120-130, amended through 2 October 2025 (KB 2/USA/ITAR.pdf)"
SEC-125.4(b)(8),SEC-125.4,(b)(8),8,2,"Technical data directly related to classified information which has been previously exported or authorized for export in accordance with this part to the same recipient, and which does not disclose the details of the design, development, production, or manufacture of any defense article;",,SEC-125.4(b),PART-125,"International Traffic in Arms Regulations (ITAR), 22 CFR Parts 120-130, amended through 2 October 2025 (KB 2/USA/ITAR.pdf)"
SEC-125.4(b)(9),SEC-125.4,(b)(9),9,2,"Technical data, including classified information, regardless of media or format, exported, reexported, or retransferred by or to a U.S. person, or a foreign person employee of a U.S. person travelling or on temporary assignment abroad, subject to the following restrictions:",,SEC-125.4(b),PART-125,"International Traffic in Arms Regulations (ITAR), 22 CFR Parts 120-130, amended through 2 October 2025 (KB 2/USA/ITAR.pdf)"
SEC-125.4(b)(9)(i),SEC-125.4,(b)(9)(i),i,3,"Foreign persons may only export, reexport, retransfer, or receive such technical data as they are authorized to receive through a separate license or other approval.",,SEC-125.4(b)(9),PART-125,"International Traffic in Arms Regulations (ITAR), 22 CFR Parts 120-130, amended through 2 October 2025 (KB 2/USA/ITAR.pdf)"
SEC-125.4(b)(9)(ii),SEC-125.4,(b)(9)(ii),ii,3,"The technical data exported, reexported, or retransferred under this authorization may only be possessed or used by a U.S. person or authorized foreign person. Sufficient security precautions must be taken to prevent the unauthorized release of the technical data. Such security precautions may include encryption of the technical data; the use of secure network connections, such as virtual private networks; the use of passwords or other access restrictions on the electronic device or media on which the technical data is stored; and the use of firewalls and other network security measures to prevent unauthorized access.",,SEC-125.4(b)(9),PART-125,"International Traffic in Arms Regulations (ITAR), 22 CFR Parts 120-130, amended through 2 October 2025 (KB 2/USA/ITAR.pdf)"
SEC-125.4(b)(9)(iii),SEC-125.4,(b)(9)(iii),iii,3,The individual is an employee of the U.S. government or is directly employed by a U.S. person and not by a foreign subsidiary.,,SEC-125.4(b)(9),PART-125,"International Traffic in Arms Regulations (ITAR), 22 CFR Parts 120-130, amended through 2 October 2025 (KB 2/USA/ITAR.pdf)"
SEC-125.4(b)(9)(iv),SEC-125.4,(b)(9)(iv),iv,3,Technical data authorized under this exception may not be used for foreign production purposes or for defense services unless authorized through a license or other separate approval.,,SEC-125.4(b)(9),PART-125,"International Traffic in Arms Regulations (ITAR), 22 CFR Parts 120-130, amended through 2 October 2025 (KB 2/USA/ITAR.pdf)"
SEC-125.4(b)(9)(v),SEC-125.4,(b)(9)(v),v,3,"Classified information is sent or taken outside the United States in accordance with the requirements of the Department of Defense National Industrial Security Program Operating Manual (unless such requirements are in direct conflict with guidance provided by the Directorate of Defense Trade Controls, in which case such guidance must be followed).",,SEC-125.4(b)(9),PART-125,"International Traffic in Arms Regulations (ITAR), 22 CFR Parts 120-130, amended through 2 October 2025 (KB 2/USA/ITAR.pdf)"
SEC-125.4(b)(10),SEC-125.4,(b)(10),10,2,Disclosures of unclassified technical data in the U.S. by U.S. institutions of higher learning to foreign persons who are their bona fide and full time regular employees. This exemption is available only if:,,SEC-125.4(b),PART-125,"International Traffic in Arms Regulations (ITAR), 22 CFR Parts 120-130, amended through 2 October 2025 (KB 2/USA/ITAR.pdf)"
SEC-125.4(b)(10)(i),SEC-125.4,(b)(10)(i),i,3,The employee's permanent abode throughout the period of employment is in the United States;,,SEC-125.4(b)(10),PART-125,"International Traffic in Arms Regulations (ITAR), 22 CFR Parts 120-130, amended through 2 October 2025 (KB 2/USA/ITAR.pdf)"
SEC-125.4(b)(10)(ii),SEC-125.4,(b)(10)(ii),ii,3,The employee is not a national of a country to which exports are prohibited pursuant to § 126.1 of this subchapter; and,,SEC-125.4(b)(10),PART-125,"International Traffic in Arms Regulations (ITAR), 22 CFR Parts 120-130, amended through 2 October 2025 (KB 2/USA/ITAR.pdf)"
SEC-125.4(b)(10)(iii),SEC-125.4,(b)(10)(iii),iii,3,The institution informs the individual in writing that the technical data may not be transferred to other foreign persons without the prior written approval of the Directorate of Defense Trade Controls;,,SEC-125.4(b)(10),PART-125,"International Traffic in Arms Regulations (ITAR), 22 CFR Parts 120-130, amended through 2 October 2025 (KB 2/USA/ITAR.pdf)"
SEC-125.4(b)(11),SEC-125.4,(b)(11),11,2,"Technical data, including classified information, for which the exporter, pursuant to an arrangement with the Department of Defense, Department of Energy or NASA which requires such exports, has been granted an exemption in writing from the licensing provisions of this part by the Directorate of Defense Trade Controls. Such an exemption will normally be granted only if the arrangement directly implements an international agreement to which the United States is a party and if multiple exports are contemplated. The Directorate of Defense Trade Controls, in consultation with the relevant U.S. Government agencies, will determine whether the interests of the United States Government are best served by expediting exports under an arrangement through an exemption (see also paragraph (b)(3) of this section for a related exemption);",,SEC-125.4(b),PART-125,"International Traffic in Arms Regulations (ITAR), 22 CFR Parts 120-130, amended through 2 October 2025 (KB 2/USA/ITAR.pdf)"
SEC-125.4(b)(12),SEC-125.4,(b)(12),12,2,Technical data which is specifically exempt under part 126 of this subchapter; or,,SEC-125.4(b),PART-125,"International Traffic in Arms Regulations (ITAR), 22 CFR Parts 120-130, amended through 2 October 2025 (KB 2/USA/ITAR.pdf)"
SEC-125.4(b)(13),SEC-125.4,(b)(13),13,2,"Technical data approved for public release (i.e., unlimited distribution) by the cognizant U.S. Government department or agency or Office of Freedom of Information and Security Review. This exemption is applicable to information approved by the cognizant U.S. Government department or agency for public release in any form. It does not require that the information be published in order to qualify for the exemption.",,SEC-125.4(b),PART-125,"International Traffic in Arms Regulations (ITAR), 22 CFR Parts 120-130, amended through 2 October 2025 (KB 2/USA/ITAR.pdf)"
SEC-125.4(c),SEC-125.4,(c),c,1,"Defense services and related unclassified technical data are exempt from the licensing requirements of this subchapter to nationals of NATO countries, Australia, Japan, and Sweden, for the purposes of responding to a written request from the Department of Defense for a quote or bid proposal. Such exports must be pursuant to an official written request or directive from an authorized official of the U.S. Department of Defense. The defense services and technical data are limited to paragraphs (f) (g), and (h) (build-to-print, build/design-to- specification, and basic research, respectively) of § 120.43 of this subchapter and must not include paragraph (c), (d), (e), or (i) (design methodology, engineering analysis, manufacturing know-how, and applied research, respectively) of § 120.43. [58 FR 39310, July 22, 1993, as amended at 65 FR 45284, July 21, 2000; 66 FR 35900, July 10, 2001; 67 FR 15101, Mar. 29, 2002; 71 FR 20545, Apr. 21, 2006; 75 FR 52624, 52626, Aug. 27, 2010; 79 FR 66609, Nov. 10, 2014; 81 FR 35617, June 3, 2016; 87 FR 16424, Mar. 23, 2022]",,SEC-125.4,PART-125,"International Traffic in Arms Regulations (ITAR), 22 CFR Parts 120-130, amended through 2 October 2025 (KB 2/USA/ITAR.pdf)"
SEC-125.5(a),SEC-125.5,(a),a,1,"A license is not required for the oral and visual disclosure of unclassified technical data during the course of a classified plant visit by a foreign person, provided: The classified visit has itself been authorized pursuant to a license issued by the Directorate of Defense Trade Controls; or the classified visit was approved in connection with an actual or potential government-to-government program or project by a U.S. Government agency having classification jurisdiction over the classified defense article or classified technical data involved under Executive Order 12356 or other applicable Executive Order; and the unclassified information to be released is directly related to the classified defense article or technical data for which approval was obtained and does not disclose the details of the design, development, production or manufacture of any other defense articles. In the case of visits involving classified information, the requirements of the Department of Defense National Industrial Security Program Operating Manual must be met (unless such requirements are in direct conflict with guidance provided by the Directorate of Defense Trade Controls, in which case the latter guidance must be followed).",,SEC-125.5,PART-125,"International Traffic in Arms Regulations (ITAR), 22 CFR Parts 120-130, amended through 2 October 2025 (KB 2/USA/ITAR.pdf)"
SEC-125.5(b),SEC-125.5,(b),b,1,"The approval of the Directorate of Defense Trade Controls is not required for the disclosure of oral and visual classified information to a foreign person during the course of a plant visit approved by the appropriate U.S. Government agency if: The requirements of the Department of Defense National Industrial Security Program Operating Manual have been met (unless such requirements are in direct conflict with guidance provided by the Directorate of Defense Trade Controls, in which case the latter guidance must be followed); the classified information is directly related to that which was approved by the U.S. Government agency; it does not exceed that for which approval was obtained; and it does not disclose the details of the design, development, production or manufacture of any defense articles.",,SEC-125.5,PART-125,"International Traffic in Arms Regulations (ITAR), 22 CFR Parts 120-130, amended through 2 October 2025 (KB 2/USA/ITAR.pdf)"
SEC-125.5(c),SEC-125.5,(c),c,1,"A license is not required for the disclosure to a foreign person of unclassified technical data during the course of a plant visit (either classified or unclassified) approved by the Directorate of Defense Trade Controls or a cognizant U.S. Government agency provided the technical data does not contain information in excess of that approved for disclosure. This exemption does not apply to technical data which could be used for design, development, production, or manufacture of a defense article.",,SEC-125.5,PART-125,"International Traffic in Arms Regulations (ITAR), 22 CFR Parts 120-130, amended through 2 October 2025 (KB 2/USA/ITAR.pdf)"
SEC-125.7(a),SEC-125.7,(a),a,1,All applications for the export or temporary import of classified technical data or other classified defense articles must be submitted to the Directorate of Defense Trade Controls on Form DSP-85.,,SEC-125.7,PART-125,"International Traffic in Arms Regulations (ITAR), 22 CFR Parts 120-130, amended through 2 October 2025 (KB 2/USA/ITAR.pdf)"
SEC-125.7(b),SEC-125.7,(b),b,1,"An application for the export of classified technical data or other classified defense articles must be accompanied by a completed form DSP-83 (see § 123.10 of this subchapter). All classified materials accompanying an application must be transmitted to the Directorate of Defense Trade Controls in accordance with the procedures contained in the Department of Defense National Industrial Security Program Operating Manual (unless such requirements are inconsistent with guidance provided by the Directorate of Defense Trade Controls, in which case the latter guidance must be followed).",,SEC-125.7,PART-125,"International Traffic in Arms Regulations (ITAR), 22 CFR Parts 120-130, amended through 2 October 2025 (KB 2/USA/ITAR.pdf)"
SEC-126.1(a),SEC-126.1,(a),a,1,"General. It is the policy of the United States to deny licenses and other approvals for exports and imports of defense articles and defense services, destined for or originating in certain countries. (See also § 129.7 of this subchapter, which imposes restrictions on brokering activities similar to those in this section.) The exemptions provided in this subchapter do not apply with respect to defense articles or defense services originating in or for export to any proscribed countries, areas, or persons as described in this section, except that the following exemptions may be utilized:",,SEC-126.1,PART-126,"International Traffic in Arms Regulations (ITAR), 22 CFR Parts 120-130, amended through 2 October 2025 (KB 2/USA/ITAR.pdf)"
SEC-126.1(a)(1),SEC-126.1,(a)(1),1,2,"Transfers pursuant to § 123.17 of this subchapter, or § 126.6, or § 126.18(e);",,SEC-126.1(a),PART-126,"International Traffic in Arms Regulations (ITAR), 22 CFR Parts 120-130, amended through 2 October 2025 (KB 2/USA/ITAR.pdf)"
SEC-126.1(a)(2),SEC-126.1,(a)(2),2,2,Transfers by or for the U.S. Government pursuant to the following sections:,,SEC-126.1(a),PART-126,"International Traffic in Arms Regulations (ITAR), 22 CFR Parts 120-130, amended through 2 October 2025 (KB 2/USA/ITAR.pdf)"
SEC-126.1(a)(2)(i),SEC-126.1,(a)(2)(i),i,3,§ 126.4(a)(1) or (3);,,SEC-126.1(a)(2),PART-126,"International Traffic in Arms Regulations (ITAR), 22 CFR Parts 120-130, amended through 2 October 2025 (KB 2/USA/ITAR.pdf)"
SEC-126.1(a)(2)(ii),SEC-126.1,(a)(2)(ii),ii,3,§ 126.4(b)(1); or,,SEC-126.1(a)(2),PART-126,"International Traffic in Arms Regulations (ITAR), 22 CFR Parts 120-130, amended through 2 October 2025 (KB 2/USA/ITAR.pdf)"
SEC-126.1(a)(2)(iii),SEC-126.1,(a)(2)(iii),iii,3,§ 126.4(a)(2) or (b)(2) when the export is destined for Russia and in support of government space cooperation; or,,SEC-126.1(a)(2),PART-126,"International Traffic in Arms Regulations (ITAR), 22 CFR Parts 120-130, amended through 2 October 2025 (KB 2/USA/ITAR.pdf)"
SEC-126.1(a)(3),SEC-126.1,(a)(3),3,2,When the recipient is a U.S. Government department or agency,,SEC-126.1(a),PART-126,"International Traffic in Arms Regulations (ITAR), 22 CFR Parts 120-130, amended through 2 October 2025 (KB 2/USA/ITAR.pdf)"
SEC-126.1(b),SEC-126.1,(b),b,1,"Shipments. A defense article licensed or otherwise authorized for export, temporary import, reexport, or retransfer under this subchapter may not be shipped on a vessel, aircraft, spacecraft, or other means of conveyance that is owned by, operated by, leased to, or leased from any of the proscribed countries, areas, or other persons referred to in this section.",,SEC-126.1,PART-126,"International Traffic in Arms Regulations (ITAR), 22 CFR Parts 120-130, amended through 2 October 2025 (KB 2/USA/ITAR.pdf)"
SEC-126.1(c),SEC-126.1,(c),c,1,Identification in § 126.1 of the ITAR may derive from:,,SEC-126.1,PART-126,"International Traffic in Arms Regulations (ITAR), 22 CFR Parts 120-130, amended through 2 October 2025 (KB 2/USA/ITAR.pdf)"
SEC-126.1(c)(1),SEC-126.1,(c)(1),1,2,"Exports and sales prohibited by United Nations Security Council sanctions measures. Whenever the United Nations Security Council mandates sanctions measures, all transactions that are prohibited by the aforementioned measures and involve U.S. persons (see § 120.62 of this subchapter) inside or outside of the United States, or any person in the United States, and defense articles or defense services described on the United States Munitions List (22 CFR part 121), irrespective of origin, are prohibited under the ITAR for the duration of the sanction, unless the Department of State publishes a notice in the Federal Register specifying different measures.",,SEC-126.1(c),PART-126,"International Traffic in Arms Regulations (ITAR), 22 CFR Parts 120-130, amended through 2 October 2025 (KB 2/USA/ITAR.pdf)"
SEC-126.1(c)(2),SEC-126.1,(c)(2),2,2,"Terrorism. Exports or temporary imports of defense articles or defense services to countries that the Secretary of State has determined to be State Sponsors of Terrorism are prohibited under the ITAR. These countries have repeatedly provided support for acts of international terrorism, which is contrary to the foreign policy of the United States and thus subject to the policy specified in paragraph (a) of this section and the requirements of section 40 of the Arms Export Control Act (22 U.S.C. 2780) and the Omnibus Diplomatic Security and Anti-Terrorism Act of 1986 (22 U.S.C. 4801). Exports to countries that the Secretary of State has determined and certified to Congress, pursuant to section 40A of the Arms Export Control Act (22 U.S.C. 2781) and Executive Order 13637, are not cooperating fully with United States antiterrorism efforts are subject to the policy specified in paragraph (a) of this section. The Secretary of State makes such determination and certifications annually.",,SEC-126.1(c),PART-126,"International Traffic in Arms Regulations (ITAR), 22 CFR Parts 120-130, amended through 2 October 2025 (KB 2/USA/ITAR.pdf)"
SEC-126.1(c)(3),SEC-126.1,(c)(3),3,2,"Arms embargoes and sanctions. The policy specified in paragraph (a) of this section applies to countries subject to a United States arms embargo or sanctions regime, such as those described in the Foreign Assistance Act of 1961 (22 U.S.C. 2151 et seq.), the International Religious Freedom Act of 1998 (22 U.S.C. 6401 et seq.), or the Child Soldiers Prevention Act of 2008 (22 U.S.C. 2370c-2370c-2), or whenever an export of defense articles or defense services would not otherwise be in furtherance of world peace and the security and foreign policy of the United States.",,SEC-126.1(c),PART-126,"International Traffic in Arms Regulations (ITAR), 22 CFR Parts 120-130, amended through 2 October 2025 (KB 2/USA/ITAR.pdf)"
SEC-126.1(d),SEC-126.1,(d),d,1,Countries subject to certain prohibitions:,,SEC-126.1,PART-126,"International Traffic in Arms Regulations (ITAR), 22 CFR Parts 120-130, amended through 2 October 2025 (KB 2/USA/ITAR.pdf)"
SEC-126.1(d)(1),SEC-126.1,(d)(1),1,2,"For defense articles and defense services, the following countries have a policy of denial:",,SEC-126.1(d),PART-126,"International Traffic in Arms Regulations (ITAR), 22 CFR Parts 120-130, amended through 2 October 2025 (KB 2/USA/ITAR.pdf)"
SEC-126.1(d)(2),SEC-126.1,(d)(2),2,2,"For defense articles and defense services, a policy of denial applies as specified in the associated paragraphs in the following table:",,SEC-126.1(d),PART-126,"International Traffic in Arms Regulations (ITAR), 22 CFR Parts 120-130, amended through 2 October 2025 (KB 2/USA/ITAR.pdf)"
SEC-126.1(e),SEC-126.1,(e),e,1,,,SEC-126.1,PART-126,"International Traffic in Arms Regulations (ITAR), 22 CFR Parts 120-130, amended through 2 October 2025 (KB 2/USA/ITAR.pdf)"
SEC-126.1(e)(1),SEC-126.1,(e)(1),1,2,"Proposed and final sales. No sale, export, transfer, reexport, or retransfer of, and no proposal or presentation to sell, export, transfer, reexport, or retransfer, any defense articles or defense services subject to this subchapter may be made to any country referred to in this section (including the embassies or consulates of such a country), or to any person acting on its behalf, whether in the United States or abroad, without first obtaining a license or written approval of the Directorate of Defense Trade Controls. However, in accordance with paragraph (a) of this section, it is the policy of the Department of State to deny licenses and approvals in such cases.",,SEC-126.1(e),PART-126,"International Traffic in Arms Regulations (ITAR), 22 CFR Parts 120-130, amended through 2 October 2025 (KB 2/USA/ITAR.pdf)"
SEC-126.1(e)(2),SEC-126.1,(e)(2),2,2,"Duty to notify. Any person who knows or has reason to know of a proposed, final, or actual sale, export, transfer, reexport, or retransfer of articles, services, or data as described in paragraph (e)(1) of this section must immediately inform the Directorate of Defense Trade Controls. Such notifications should be submitted to the Office of Defense Trade Controls Compliance, Directorate of Defense Trade Controls.",,SEC-126.1(e),PART-126,"International Traffic in Arms Regulations (ITAR), 22 CFR Parts 120-130, amended through 2 October 2025 (KB 2/USA/ITAR.pdf)"
SEC-126.1(f),SEC-126.1,(f),f,1,"Iraq. It is the policy of the United States to deny licenses or other approvals for exports and imports of defense articles and defense services, destined for or originating in Iraq, except that a license or other approval may be issued, on a case-by-case basis for:",,SEC-126.1,PART-126,"International Traffic in Arms Regulations (ITAR), 22 CFR Parts 120-130, amended through 2 October 2025 (KB 2/USA/ITAR.pdf)"
SEC-126.1(f)(1),SEC-126.1,(f)(1),1,2,Non-lethal military equipment; or,,SEC-126.1(f),PART-126,"International Traffic in Arms Regulations (ITAR), 22 CFR Parts 120-130, amended through 2 October 2025 (KB 2/USA/ITAR.pdf)"
SEC-126.1(f)(2),SEC-126.1,(f)(2),2,2,Lethal military equipment required by the Government of Iraq or coalition forces.,,SEC-126.1(f),PART-126,"International Traffic in Arms Regulations (ITAR), 22 CFR Parts 120-130, amended through 2 October 2025 (KB 2/USA/ITAR.pdf)"
SEC-126.1(g),SEC-126.1,(g),g,1,"Afghanistan. It is the policy of the United States to deny licenses or other approvals for exports and imports of defense articles and defense services, destined for or originating in Afghanistan, except that a license or other approval may be issued, on a case-by-case basis, for the Government of Afghanistan or coalition forces. In addition, the names of individuals, groups, undertakings, and entities subject to arms embargoes, due to their affiliation with the Taliban, Al-Qaida, or those associated with them, are published in lists maintained by the United Nations Security Council's Sanctions Committees (established pursuant to United Nations Security Council resolutions (UNSCR) 1267, 1988, and 1989).",,SEC-126.1,PART-126,"International Traffic in Arms Regulations (ITAR), 22 CFR Parts 120-130, amended through 2 October 2025 (KB 2/USA/ITAR.pdf)"
SEC-126.1(h),SEC-126.1,(h),h,1,"Eritrea. It is the policy of the United States to deny licenses or other approvals for exports of defense articles or defense services destined to or for the armed forces, police, intelligence, or other internal security forces of Eritrea.",,SEC-126.1,PART-126,"International Traffic in Arms Regulations (ITAR), 22 CFR Parts 120-130, amended through 2 October 2025 (KB 2/USA/ITAR.pdf)"
SEC-126.1(i),SEC-126.1,(i),i,1,"Democratic Republic of the Congo. It is the policy of the United States to deny licenses or other approvals for exports or imports of defense articles and defense services destined for or originating in the Democratic Republic of the Congo, except that a license or other approval may be issued, on a case-by-case basis, for:",,SEC-126.1,PART-126,"International Traffic in Arms Regulations (ITAR), 22 CFR Parts 120-130, amended through 2 October 2025 (KB 2/USA/ITAR.pdf)"
SEC-126.1(i)(1),SEC-126.1,(i)(1),1,2,Defense articles and defense services for the Government of the Democratic Republic of the Congo;,,SEC-126.1(i),PART-126,"International Traffic in Arms Regulations (ITAR), 22 CFR Parts 120-130, amended through 2 October 2025 (KB 2/USA/ITAR.pdf)"
SEC-126.1(i)(2),SEC-126.1,(i)(2),2,2,Defense articles and defense services intended solely for the support of or use by the United Nations Organization Stabilization Mission in the Democratic Republic of the Congo (MONUSCO) or the African Union-Regional Task Force;,,SEC-126.1(i),PART-126,"International Traffic in Arms Regulations (ITAR), 22 CFR Parts 120-130, amended through 2 October 2025 (KB 2/USA/ITAR.pdf)"
SEC-126.1(i)(3),SEC-126.1,(i)(3),3,2,"Protective clothing, including flak jackets and military helmets, temporarily exported to the Democratic Republic of the Congo by United Nations personnel, representatives of the media, and humanitarian and development workers and associated personnel, for their personal use only;",,SEC-126.1(i),PART-126,"International Traffic in Arms Regulations (ITAR), 22 CFR Parts 120-130, amended through 2 October 2025 (KB 2/USA/ITAR.pdf)"
SEC-126.1(i)(4),SEC-126.1,(i)(4),4,2,"Non-lethal military equipment intended solely for humanitarian or protective use, and related technical assistance and training; or",,SEC-126.1(i),PART-126,"International Traffic in Arms Regulations (ITAR), 22 CFR Parts 120-130, amended through 2 October 2025 (KB 2/USA/ITAR.pdf)"
SEC-126.1(i)(5),SEC-126.1,(i)(5),5,2,Defense articles and defense services as approved by the relevant committee of the Security Council.,,SEC-126.1(i),PART-126,"International Traffic in Arms Regulations (ITAR), 22 CFR Parts 120-130, amended through 2 October 2025 (KB 2/USA/ITAR.pdf)"
SEC-126.1(j),SEC-126.1,(j),j,1,"Haiti. It is the policy of the United States to deny licenses or other approvals for exports or imports of defense articles and defense services destined for or originating in Haiti, except that a license or other approval may be issued, on a case-by-case basis, for:",,SEC-126.1,PART-126,"International Traffic in Arms Regulations (ITAR), 22 CFR Parts 120-130, amended through 2 October 2025 (KB 2/USA/ITAR.pdf)"
SEC-126.1(j)(1),SEC-126.1,(j)(1),1,2,"Defense articles and defense services to or by the United Nations, a United Nations- authorized mission, or a security unit that operates under the command of the Government of Haiti, intended to be used by or in coordination with those entities and intended solely to further the objectives of peace and stability in Haiti;",,SEC-126.1(j),PART-126,"International Traffic in Arms Regulations (ITAR), 22 CFR Parts 120-130, amended through 2 October 2025 (KB 2/USA/ITAR.pdf)"
SEC-126.1(j)(2),SEC-126.1,(j)(2),2,2,Other defense articles and defense services as approved in advance by the committee of the United Nations Security Council concerned with Haiti; or,,SEC-126.1(j),PART-126,"International Traffic in Arms Regulations (ITAR), 22 CFR Parts 120-130, amended through 2 October 2025 (KB 2/USA/ITAR.pdf)"
SEC-126.1(j)(3),SEC-126.1,(j)(3),3,2,"Non-lethal defense articles intended solely for humanitarian or protective use, and related defense services, when intended to further the objectives of peace and stability in Haiti.",,SEC-126.1(j),PART-126,"International Traffic in Arms Regulations (ITAR), 22 CFR Parts 120-130, amended through 2 October 2025 (KB 2/USA/ITAR.pdf)"
SEC-126.1(k),SEC-126.1,(k),k,1,"Libya. It is the policy of the United States to deny licenses or other approvals for exports or imports of defense articles and defense services destined for or originating in Libya, except that a license or other approval may be issued, on a case-by-case basis, for:",,SEC-126.1,PART-126,"International Traffic in Arms Regulations (ITAR), 22 CFR Parts 120-130, amended through 2 October 2025 (KB 2/USA/ITAR.pdf)"
SEC-126.1(k)(1),SEC-126.1,(k)(1),1,2,[Reserved],yes,SEC-126.1(k),PART-126,"International Traffic in Arms Regulations (ITAR), 22 CFR Parts 120-130, amended through 2 October 2025 (KB 2/USA/ITAR.pdf)"
SEC-126.1(k)(2),SEC-126.1,(k)(2),2,2,Non-lethal military equipment when intended solely for security or disarmament assistance to the Libyan government;,,SEC-126.1(k),PART-126,"International Traffic in Arms Regulations (ITAR), 22 CFR Parts 120-130, amended through 2 October 2025 (KB 2/USA/ITAR.pdf)"
SEC-126.1(k)(3),SEC-126.1,(k)(3),3,2,The provision of any technical assistance or training when intended solely for security or disarmament assistance to the Libyan government;,,SEC-126.1(k),PART-126,"International Traffic in Arms Regulations (ITAR), 22 CFR Parts 120-130, amended through 2 October 2025 (KB 2/USA/ITAR.pdf)"
SEC-126.1(k)(4),SEC-126.1,(k)(4),4,2,"Small arms, light weapons, and related materiel temporarily exported to Libya for the sole use of United Nations personnel, representatives of the media, and humanitarian and development workers and associated personnel, notified to the Committee of the Security Council concerning Libya in advance and in the absence of a negative decision by the Committee within five working days of such a notification;",,SEC-126.1(k),PART-126,"International Traffic in Arms Regulations (ITAR), 22 CFR Parts 120-130, amended through 2 October 2025 (KB 2/USA/ITAR.pdf)"
SEC-126.1(k)(5),SEC-126.1,(k)(5),5,2,"Non-lethal military equipment intended solely for humanitarian or protective use, and related technical assistance or training;",,SEC-126.1(k),PART-126,"International Traffic in Arms Regulations (ITAR), 22 CFR Parts 120-130, amended through 2 October 2025 (KB 2/USA/ITAR.pdf)"
SEC-126.1(k)(6),SEC-126.1,(k)(6),6,2,"Other sales or supply of arms and related materiel, or provision of assistance or personnel, as approved in advance by the Committee of the Security Council concerning Libya;",,SEC-126.1(k),PART-126,"International Traffic in Arms Regulations (ITAR), 22 CFR Parts 120-130, amended through 2 October 2025 (KB 2/USA/ITAR.pdf)"
SEC-126.1(k)(7),SEC-126.1,(k)(7),7,2,"Protective clothing, including flak jackets and military helmets, temporarily exported to Libya by United Nations personnel, representatives of the media, and humanitarian and development workers and associated personnel, for their personal use only;",,SEC-126.1(k),PART-126,"International Traffic in Arms Regulations (ITAR), 22 CFR Parts 120-130, amended through 2 October 2025 (KB 2/USA/ITAR.pdf)"
SEC-126.1(k)(8),SEC-126.1,(k)(8),8,2,"Defense services to Libyan security forces intended solely to promote the process of reunification of Libyan military and security institutions, as well as associated temporary exports of defense articles intended solely for use by the non-Libyan providers of those defense services for delivery of those services and for their protective use, as notified in advance to the committee of the United Nations Security Council concerned with Libya; or",,SEC-126.1(k),PART-126,"International Traffic in Arms Regulations (ITAR), 22 CFR Parts 120-130, amended through 2 October 2025 (KB 2/USA/ITAR.pdf)"
SEC-126.1(k)(9),SEC-126.1,(k)(9),9,2,"Military aircraft and or naval vessels temporarily exported by the U.S. Government into the territory of Libya solely to deliver items or facilitate activities otherwise exempted or not covered by the United Nation’s arms embargo on Libya, including humanitarian assistance, as well as defense articles for defensive purposes that remain at all times aboard the vessel or aircraft while temporarily in Libya or on the person of any non- Libyan personnel temporarily disembarked from such vessel or aircraft.",,SEC-126.1(k),PART-126,"International Traffic in Arms Regulations (ITAR), 22 CFR Parts 120-130, amended through 2 October 2025 (KB 2/USA/ITAR.pdf)"
SEC-126.1(l),SEC-126.1,(l),l,1,"Russia. It is the policy of the United States to deny licenses or other approvals for exports of defense articles and defense services destined for Russia, except that a license or other approval may be issued, on a case-by-case basis, for government space cooperation",,SEC-126.1,PART-126,"International Traffic in Arms Regulations (ITAR), 22 CFR Parts 120-130, amended through 2 October 2025 (KB 2/USA/ITAR.pdf)"
SEC-126.1(m),SEC-126.1,(m),m,1,"Somalia. It is the policy of the United States to deny licenses or other approvals for exports of defense articles and defense services destined for Somalia, except that a license or other approval may be issued, on a case-by-case basis, for:",,SEC-126.1,PART-126,"International Traffic in Arms Regulations (ITAR), 22 CFR Parts 120-130, amended through 2 October 2025 (KB 2/USA/ITAR.pdf)"
SEC-126.1(m)(1),SEC-126.1,(m)(1),1,2,"Defense articles and defense services to the Government of the Federal Republic of Somalia, the Somali National Army, the Somali National Intelligence and Security Agency, the Somali National Police Force, and the Somali Custodial Corps;",,SEC-126.1(m),PART-126,"International Traffic in Arms Regulations (ITAR), 22 CFR Parts 120-130, amended through 2 October 2025 (KB 2/USA/ITAR.pdf)"
SEC-126.1(m)(2),SEC-126.1,(m)(2),2,2,"Defense articles and defense services intended solely for the support of, or use by:",,SEC-126.1(m),PART-126,"International Traffic in Arms Regulations (ITAR), 22 CFR Parts 120-130, amended through 2 October 2025 (KB 2/USA/ITAR.pdf)"
SEC-126.1(m)(2)(i),SEC-126.1,(m)(2)(i),i,3,"United Nations personnel, including United Nations Transitional Assistance Mission in Somalia (UNTMIS) and United Nations Support Office in Somalia",,SEC-126.1(m)(2),PART-126,"International Traffic in Arms Regulations (ITAR), 22 CFR Parts 120-130, amended through 2 October 2025 (KB 2/USA/ITAR.pdf)"
SEC-126.1(m)(2)(i)(UNSOS),SEC-126.1,(m)(2)(i)(UNSOS),UNSOS,4,;,,SEC-126.1(m)(2)(i),PART-126,"International Traffic in Arms Regulations (ITAR), 22 CFR Parts 120-130, amended through 2 October 2025 (KB 2/USA/ITAR.pdf)"
SEC-126.1(m)(2)(ii),SEC-126.1,(m)(2)(ii),ii,3,"African Union Support and Stabilization Mission in Somalia (AUSSOM), and the troop- and police-contributing countries to AUSSOM; or",,SEC-126.1(m)(2),PART-126,"International Traffic in Arms Regulations (ITAR), 22 CFR Parts 120-130, amended through 2 October 2025 (KB 2/USA/ITAR.pdf)"
SEC-126.1(m)(2)(iii),SEC-126.1,(m)(2)(iii),iii,3,"European Union training and support activities, Turkey, the United Kingdom, or the United States, as well as any other United Nations Member State forces, with a status of forces agreement or a memorandum of understanding with the Government of the Federal Republic of Somalia;",,SEC-126.1(m)(2),PART-126,"International Traffic in Arms Regulations (ITAR), 22 CFR Parts 120-130, amended through 2 October 2025 (KB 2/USA/ITAR.pdf)"
SEC-126.1(m)(3),SEC-126.1,(m)(3),3,2,"Supplies of protective clothing, including flak jackets and military helmets, temporarily exported to Somalia by United Nations personnel, representatives of the media, private security contractors and humanitarian development workers and associated personnel for their personal use only;",,SEC-126.1(m),PART-126,"International Traffic in Arms Regulations (ITAR), 22 CFR Parts 120-130, amended through 2 October 2025 (KB 2/USA/ITAR.pdf)"
SEC-126.1(m)(4),SEC-126.1,(m)(4),4,2,"The delivery of non-lethal military equipment by States, or international, regional or subregional organizations intended solely for humanitarian or protective use; or",,SEC-126.1(m),PART-126,"International Traffic in Arms Regulations (ITAR), 22 CFR Parts 120-130, amended through 2 October 2025 (KB 2/USA/ITAR.pdf)"
SEC-126.1(m)(5),SEC-126.1,(m)(5),5,2,Entry into Somali ports for temporary visits of vessels carrying weapons and military equipment for defensive purposes provided that such items remain at all times aboard such vessels.,,SEC-126.1(m),PART-126,"International Traffic in Arms Regulations (ITAR), 22 CFR Parts 120-130, amended through 2 October 2025 (KB 2/USA/ITAR.pdf)"
SEC-126.1(n),SEC-126.1,(n),n,1,"Ethiopia. It is the policy of the United States to deny licenses or other approvals for exports of defense articles or defense services destined to or for the armed forces, police, intelligence, or other internal security forces of Ethiopia.",,SEC-126.1,PART-126,"International Traffic in Arms Regulations (ITAR), 22 CFR Parts 120-130, amended through 2 October 2025 (KB 2/USA/ITAR.pdf)"
SEC-126.1(o),SEC-126.1,(o),o,1,"Cambodia. It is the policy of the United States to deny licenses or other approvals for exports and imports of defense articles and defense services destined for or originating in Cambodia, except that a license or other approval may be issued, on a case-by-case basis, for defense articles and defense services in furtherance of conventional weapons destruction or humanitarian mine action activities.",,SEC-126.1,PART-126,"International Traffic in Arms Regulations (ITAR), 22 CFR Parts 120-130, amended through 2 October 2025 (KB 2/USA/ITAR.pdf)"
SEC-126.1(p),SEC-126.1,(p),p,1,"Nicaragua. It is the policy of the United States to deny licenses or other approvals for exports and imports of defense articles or defense services, destined for or originating in Nicaragua, except that a license or other approval may be issued, on a case-by-case basis, for non-lethal military equipment intended solely for humanitarian assistance, to include natural disaster relief.",,SEC-126.1,PART-126,"International Traffic in Arms Regulations (ITAR), 22 CFR Parts 120-130, amended through 2 October 2025 (KB 2/USA/ITAR.pdf)"
SEC-126.1(q),SEC-126.1,(q),q,1,[Reserved],yes,SEC-126.1,PART-126,"International Traffic in Arms Regulations (ITAR), 22 CFR Parts 120-130, amended through 2 October 2025 (KB 2/USA/ITAR.pdf)"
SEC-126.1(r),SEC-126.1,(r),r,1,"Cyprus. It is the policy of the United States to deny licenses or other approvals for exports or imports of defense articles and defense services destined for or originating in Cyprus, except that:",,SEC-126.1,PART-126,"International Traffic in Arms Regulations (ITAR), 22 CFR Parts 120-130, amended through 2 October 2025 (KB 2/USA/ITAR.pdf)"
SEC-126.1(r)(1),SEC-126.1,(r)(1),1,2,"A license or other approval may be issued, on a case-by-case basis, for the United Nations Forces in Cyprus (UNFICYP) or for civilian end-users; and",,SEC-126.1(r),PART-126,"International Traffic in Arms Regulations (ITAR), 22 CFR Parts 120-130, amended through 2 October 2025 (KB 2/USA/ITAR.pdf)"
SEC-126.1(r)(2),SEC-126.1,(r)(2),2,2,"From October 1, 2024, through September 30, 2025, the policy of denial, and the status of Cyprus as a proscribed destination is suspended.",,SEC-126.1(r),PART-126,"International Traffic in Arms Regulations (ITAR), 22 CFR Parts 120-130, amended through 2 October 2025 (KB 2/USA/ITAR.pdf)"
SEC-126.1(s),SEC-126.1,(s),s,1,"Zimbabwe. It is the policy of the United States to deny licenses or other approvals for exports or imports of defense articles and defense services destined for or originating in Zimbabwe, except that a license or other approval may be issued, on a case-by-case basis, for the temporary export of firearms and ammunition for personal use by individuals (not for resale or retransfer, including to the Government of Zimbabwe).",,SEC-126.1,PART-126,"International Traffic in Arms Regulations (ITAR), 22 CFR Parts 120-130, amended through 2 October 2025 (KB 2/USA/ITAR.pdf)"
SEC-126.1(t),SEC-126.1,(t),t,1,"Lebanon. It is the policy of the United States to deny licenses or other approvals for exports or imports of defense articles and defense services destined for or originating in Lebanon, except that a license or other approval may be issued, on a case-by-case basis, for the United Nations Interim Force in Lebanon (UNIFIL) or as authorized by the Government of Lebanon.",,SEC-126.1,PART-126,"International Traffic in Arms Regulations (ITAR), 22 CFR Parts 120-130, amended through 2 October 2025 (KB 2/USA/ITAR.pdf)"
SEC-126.1(u),SEC-126.1,(u),u,1,Central African Republic. It is the policy of the United States to deny licenses or other approvals for exports or imports of defense articles and defense services destined for or originating from armed groups and associated individuals operating within the Central African Republic.,,SEC-126.1,PART-126,"International Traffic in Arms Regulations (ITAR), 22 CFR Parts 120-130, amended through 2 October 2025 (KB 2/USA/ITAR.pdf)"
SEC-126.1(v),SEC-126.1,(v),v,1,"Sudan. It is the policy of the United States to deny licenses or other approvals for exports or imports of defense articles and defense services destined for or originating in the Republic of the Sudan, except a license or other approval may be issued, on a case-by-case basis, for:",,SEC-126.1,PART-126,"International Traffic in Arms Regulations (ITAR), 22 CFR Parts 120-130, amended through 2 October 2025 (KB 2/USA/ITAR.pdf)"
SEC-126.1(v)(1),SEC-126.1,(v)(1),1,2,"Supplies and related technical training and assistance to monitoring, verification, or peace support operations, including those authorized by the United Nations or operating with the consent of the relevant parties;",,SEC-126.1(v),PART-126,"International Traffic in Arms Regulations (ITAR), 22 CFR Parts 120-130, amended through 2 October 2025 (KB 2/USA/ITAR.pdf)"
SEC-126.1(v)(2),SEC-126.1,(v)(2),2,2,"Supplies of non-lethal military equipment intended solely for humanitarian, human rights monitoring, or protective uses and related technical training and assistance; or",,SEC-126.1(v),PART-126,"International Traffic in Arms Regulations (ITAR), 22 CFR Parts 120-130, amended through 2 October 2025 (KB 2/USA/ITAR.pdf)"
SEC-126.1(v)(3),SEC-126.1,(v)(3),3,2,"Personal protective gear for the personal use of United Nations personnel, human rights monitors, representatives of the media, and humanitarian and development workers and associated personnel.",,SEC-126.1(v),PART-126,"International Traffic in Arms Regulations (ITAR), 22 CFR Parts 120-130, amended through 2 October 2025 (KB 2/USA/ITAR.pdf)"
SEC-126.1(w),SEC-126.1,(w),w,1,"South Sudan. It is the policy of the United States to deny licenses or other approvals for exports of defense articles and defense services destined for South Sudan, except that a license or other approval may be issued, on a case-by-case basis, for:",,SEC-126.1,PART-126,"International Traffic in Arms Regulations (ITAR), 22 CFR Parts 120-130, amended through 2 October 2025 (KB 2/USA/ITAR.pdf)"
SEC-126.1(w)(1),SEC-126.1,(w)(1),1,2,"Defense articles and defense services intended solely for support of, or use by, United Nations personnel, including the United Nations Mission in the Republic of South Sudan (UNMISS) and the United Nations Interim Security Force for Abyei (UNISFA);",,SEC-126.1(w),PART-126,"International Traffic in Arms Regulations (ITAR), 22 CFR Parts 120-130, amended through 2 October 2025 (KB 2/USA/ITAR.pdf)"
SEC-126.1(w)(2),SEC-126.1,(w)(2),2,2,"Non-lethal military equipment intended solely for humanitarian or protective use, and related technical assistance or training as notified in advance to the United Nations Security Council committee concerned with South Sudan;",,SEC-126.1(w),PART-126,"International Traffic in Arms Regulations (ITAR), 22 CFR Parts 120-130, amended through 2 October 2025 (KB 2/USA/ITAR.pdf)"
SEC-126.1(w)(3),SEC-126.1,(w)(3),3,2,"Protective clothing, including flak jackets and military helmets, temporarily exported to South Sudan by United Nations personnel, representatives of the media, and humanitarian and development workers and associated personnel, for their personal use only;",,SEC-126.1(w),PART-126,"International Traffic in Arms Regulations (ITAR), 22 CFR Parts 120-130, amended through 2 October 2025 (KB 2/USA/ITAR.pdf)"
SEC-126.1(w)(4),SEC-126.1,(w)(4),4,2,"Defense articles and defense services temporarily exported to South Sudan by the forces of a State which is taking action, in accordance with international law, solely and directly to facilitate the protection or evacuation of its nationals and those for whom it has consular responsibility in South Sudan, as notified to the committee of the United Nations Security Council concerned with South Sudan;",,SEC-126.1(w),PART-126,"International Traffic in Arms Regulations (ITAR), 22 CFR Parts 120-130, amended through 2 October 2025 (KB 2/USA/ITAR.pdf)"
SEC-126.1(w)(5),SEC-126.1,(w)(5),5,2,"Defense articles and defense services to or in support of the African Union Regional Task Force intended solely for regional operations to counter the Lord’s Resistance Army, as notified in advance to the committee of the United Nations Security Council concerned with South Sudan;",,SEC-126.1(w),PART-126,"International Traffic in Arms Regulations (ITAR), 22 CFR Parts 120-130, amended through 2 October 2025 (KB 2/USA/ITAR.pdf)"
SEC-126.1(w)(6),SEC-126.1,(w)(6),6,2,"Defense articles and defense services solely in support of the implementation of the terms of the peace agreement, as approved in advance by the committee of the United Nations Security Council concerned with South Sudan;",,SEC-126.1(w),PART-126,"International Traffic in Arms Regulations (ITAR), 22 CFR Parts 120-130, amended through 2 October 2025 (KB 2/USA/ITAR.pdf)"
SEC-126.1(w)(7),SEC-126.1,(w)(7),7,2,Any other defense articles or defense services as approved in advance by the committee of the United Nations Security Council concerned with South Sudan; or,,SEC-126.1(w),PART-126,"International Traffic in Arms Regulations (ITAR), 22 CFR Parts 120-130, amended through 2 October 2025 (KB 2/USA/ITAR.pdf)"
SEC-126.1(w)(8),SEC-126.1,(w)(8),8,2,"Non-lethal military equipment solely in support of the implementation of the peace agreement, and related technical assistance or training on non-lethal military equipment.",,SEC-126.1(w),PART-126,"International Traffic in Arms Regulations (ITAR), 22 CFR Parts 120-130, amended through 2 October 2025 (KB 2/USA/ITAR.pdf)"
SEC-126.4(a),SEC-126.4,(a),a,1,"By a department or agency. A license is not required for the export, reexport, retransfer, or temporary import of a defense article or the performance of a defense service, when made by a department or agency of the U.S. Government:",,SEC-126.4,PART-126,"International Traffic in Arms Regulations (ITAR), 22 CFR Parts 120-130, amended through 2 October 2025 (KB 2/USA/ITAR.pdf)"
SEC-126.4(a)(1),SEC-126.4,(a)(1),1,2,"For official use by a department or agency of the U.S. Government, including:",,SEC-126.4(a),PART-126,"International Traffic in Arms Regulations (ITAR), 22 CFR Parts 120-130, amended through 2 October 2025 (KB 2/USA/ITAR.pdf)"
SEC-126.4(a)(1)(i),SEC-126.4,(a)(1)(i),i,3,By employees of the U.S. Government acting within their official capacity; or,,SEC-126.4(a)(1),PART-126,"International Traffic in Arms Regulations (ITAR), 22 CFR Parts 120-130, amended through 2 October 2025 (KB 2/USA/ITAR.pdf)"
SEC-126.4(a)(1)(ii),SEC-126.4,(a)(1)(ii),ii,3,By persons or entities in a contractual relationship with the U.S. Government using the defense article or performing the defense service to conduct the contracted-for activities within the scope of the contractual relationship and:,,SEC-126.4(a)(1),PART-126,"International Traffic in Arms Regulations (ITAR), 22 CFR Parts 120-130, amended through 2 October 2025 (KB 2/USA/ITAR.pdf)"
SEC-126.4(a)(1)(ii)(A),SEC-126.4,(a)(1)(ii)(A),A,4,Within a U.S. Government-controlled facility;,,SEC-126.4(a)(1)(ii),PART-126,"International Traffic in Arms Regulations (ITAR), 22 CFR Parts 120-130, amended through 2 October 2025 (KB 2/USA/ITAR.pdf)"
SEC-126.4(a)(1)(ii)(B),SEC-126.4,(a)(1)(ii)(B),B,4,When an employee of the U.S. Government is empowered and responsible to ensure that the defense article is not diverted and is only used within the scope of the contractual relationship; or,,SEC-126.4(a)(1)(ii),PART-126,"International Traffic in Arms Regulations (ITAR), 22 CFR Parts 120-130, amended through 2 October 2025 (KB 2/USA/ITAR.pdf)"
SEC-126.4(a)(1)(ii)(C),SEC-126.4,(a)(1)(ii)(C),C,4,Use of the exemption in paragraph (a)(1)(ii) is authorized by the Deputy Assistant Secretary of State for Defense Trade Controls at the request of a department or agency of the U.S. Government.,,SEC-126.4(a)(1)(ii),PART-126,"International Traffic in Arms Regulations (ITAR), 22 CFR Parts 120-130, amended through 2 October 2025 (KB 2/USA/ITAR.pdf)"
SEC-126.4(a)(1)(ii)(D),SEC-126.4,(a)(1)(ii)(D),D,4,The provision in this paragraph (a)(1)(ii) may not be used to release technical data to a person or entity of a country identified in § 126.1.,,SEC-126.4(a)(1)(ii),PART-126,"International Traffic in Arms Regulations (ITAR), 22 CFR Parts 120-130, amended through 2 October 2025 (KB 2/USA/ITAR.pdf)"
SEC-126.4(a)(2),SEC-126.4,(a)(2),2,2,"For carrying out a cooperative project, program, or other activity in furtherance of an agreement or arrangement that provides for the export, reexport, retransfer, or temporary import of the defense article, or the performance of activities that constitute the defense service, and is one of the following:",,SEC-126.4(a),PART-126,"International Traffic in Arms Regulations (ITAR), 22 CFR Parts 120-130, amended through 2 October 2025 (KB 2/USA/ITAR.pdf)"
SEC-126.4(a)(2)(i),SEC-126.4,(a)(2)(i),i,3,A binding international agreement to which the United States or any agency thereof is a party; or,,SEC-126.4(a)(2),PART-126,"International Traffic in Arms Regulations (ITAR), 22 CFR Parts 120-130, amended through 2 October 2025 (KB 2/USA/ITAR.pdf)"
SEC-126.4(a)(2)(ii),SEC-126.4,(a)(2)(ii),ii,3,An arrangement with international partners authorized by Title 10 or 22 of the United States Code or pertinent National Defense Authorization Act provisions.,,SEC-126.4(a)(2),PART-126,"International Traffic in Arms Regulations (ITAR), 22 CFR Parts 120-130, amended through 2 October 2025 (KB 2/USA/ITAR.pdf)"
SEC-126.4(a)(3),SEC-126.4,(a)(3),3,2,For carrying out any foreign assistance or sales program authorized by law and subject to control by the President by other means.,,SEC-126.4(a),PART-126,"International Traffic in Arms Regulations (ITAR), 22 CFR Parts 120-130, amended through 2 October 2025 (KB 2/USA/ITAR.pdf)"
SEC-126.4(a)(4),SEC-126.4,(a)(4),4,2,For any other security cooperation programs and activities of the Department of Defense authorized by law and subject to control by the President by other means.,,SEC-126.4(a),PART-126,"International Traffic in Arms Regulations (ITAR), 22 CFR Parts 120-130, amended through 2 October 2025 (KB 2/USA/ITAR.pdf)"
SEC-126.4(a)(4)(i),SEC-126.4,(a)(4)(i),i,3,"For purposes of this paragraph (a)(4), “security cooperation programs and activities of the Department of Defense” means any program, activity, or interaction of the Department of Defense with the security establishment of a foreign country to:",,SEC-126.4(a)(4),PART-126,"International Traffic in Arms Regulations (ITAR), 22 CFR Parts 120-130, amended through 2 October 2025 (KB 2/USA/ITAR.pdf)"
SEC-126.4(a)(4)(i)(A),SEC-126.4,(a)(4)(i)(A),A,4,Build and develop allied and friendly security capabilities for self-defense and multinational operations;,,SEC-126.4(a)(4)(i),PART-126,"International Traffic in Arms Regulations (ITAR), 22 CFR Parts 120-130, amended through 2 October 2025 (KB 2/USA/ITAR.pdf)"
SEC-126.4(a)(4)(i)(B),SEC-126.4,(a)(4)(i)(B),B,4,Provide the armed forces with access to the foreign country during peacetime or a contingency operation; or,,SEC-126.4(a)(4)(i),PART-126,"International Traffic in Arms Regulations (ITAR), 22 CFR Parts 120-130, amended through 2 October 2025 (KB 2/USA/ITAR.pdf)"
SEC-126.4(a)(4)(i)(C),SEC-126.4,(a)(4)(i)(C),C,4,Build relationships that promote specific United States security interests.,,SEC-126.4(a)(4)(i),PART-126,"International Traffic in Arms Regulations (ITAR), 22 CFR Parts 120-130, amended through 2 October 2025 (KB 2/USA/ITAR.pdf)"
SEC-126.4(a)(4)(ii),SEC-126.4,(a)(4)(ii),ii,3,The U.S. Government must obtain appropriate end-use and retransfer assurances from the foreign party and to ensure that the recipient is aware of and will comply with paragraph (f) of this section.,,SEC-126.4(a)(4),PART-126,"International Traffic in Arms Regulations (ITAR), 22 CFR Parts 120-130, amended through 2 October 2025 (KB 2/USA/ITAR.pdf)"
SEC-126.4(a)(5),SEC-126.4,(a)(5),5,2,"Authorization under this section is for compliance with the ITAR only and does not constitute any other U.S. Government approval that may be required prior to the transfer of a defense article, and does not satisfy other obligations of U.S. law or regulation, or applicable Government process, procedure, or practice, including the requirement that any export of an item listed on the MTCR Annex receive the case-by-case review called for in the MTCR Guidelines.",,SEC-126.4(a),PART-126,"International Traffic in Arms Regulations (ITAR), 22 CFR Parts 120-130, amended through 2 October 2025 (KB 2/USA/ITAR.pdf)"
SEC-126.4(a)(6),SEC-126.4,(a)(6),6,2,"The exemption in this paragraph (a) does not apply when a U.S. Government department or agency acts as a transmittal agent on behalf of a private individual or firm, either as a convenience or in satisfaction of security requirements.",,SEC-126.4(a),PART-126,"International Traffic in Arms Regulations (ITAR), 22 CFR Parts 120-130, amended through 2 October 2025 (KB 2/USA/ITAR.pdf)"
SEC-126.4(a)(7),SEC-126.4,(a)(7),7,2,The authorization requirement expressed in paragraph (f) of this section does not apply to defense articles and services exported from the United States pursuant to paragraphs,,SEC-126.4(a),PART-126,"International Traffic in Arms Regulations (ITAR), 22 CFR Parts 120-130, amended through 2 October 2025 (KB 2/USA/ITAR.pdf)"
SEC-126.4(a)(7)(a),SEC-126.4,(a)(7)(a),a,3,"(1) and (3) of this section, provided the defense articles and services are subject to the terms thereof.",,SEC-126.4(a)(7),PART-126,"International Traffic in Arms Regulations (ITAR), 22 CFR Parts 120-130, amended through 2 October 2025 (KB 2/USA/ITAR.pdf)"
SEC-126.4(a)(7)(b),SEC-126.4,(a)(7)(b),b,3,"By a person on behalf of a department or agency. A license is not required for the export, reexport, retransfer, or temporary import of a defense article or the performance of a defense service, when made by another person for a department or agency of the U.S. Government:",,SEC-126.4(a)(7),PART-126,"International Traffic in Arms Regulations (ITAR), 22 CFR Parts 120-130, amended through 2 October 2025 (KB 2/USA/ITAR.pdf)"
SEC-126.4(a)(7)(b)(1),SEC-126.4,(a)(7)(b)(1),1,4,To a department or agency of the U.S. Government at its request; or,,SEC-126.4(a)(7)(b),PART-126,"International Traffic in Arms Regulations (ITAR), 22 CFR Parts 120-130, amended through 2 October 2025 (KB 2/USA/ITAR.pdf)"
SEC-126.4(a)(7)(b)(2),SEC-126.4,(a)(7)(b)(2),2,4,"To an entity other than the U.S. Government at the written direction of a department or agency of the U.S. Government or pursuant to an international agreement or arrangement, for an activity authorized for that department or agency in paragraphs (a)(1) through (4) of this section.",,SEC-126.4(a)(7)(b),PART-126,"International Traffic in Arms Regulations (ITAR), 22 CFR Parts 120-130, amended through 2 October 2025 (KB 2/USA/ITAR.pdf)"
SEC-126.4(a)(7)(c),SEC-126.4,(a)(7)(c),c,3,"Return to the United States. No license is required under this subchapter for the return to the United States of a defense article exported pursuant to this section and not subsequently reexported or retransferred other than pursuant to this section, to:",,SEC-126.4(a)(7),PART-126,"International Traffic in Arms Regulations (ITAR), 22 CFR Parts 120-130, amended through 2 October 2025 (KB 2/USA/ITAR.pdf)"
SEC-126.4(a)(7)(c)(1),SEC-126.4,(a)(7)(c)(1),1,4,A department or agency of the U.S. Government; or,,SEC-126.4(a)(7)(c),PART-126,"International Traffic in Arms Regulations (ITAR), 22 CFR Parts 120-130, amended through 2 October 2025 (KB 2/USA/ITAR.pdf)"
SEC-126.4(a)(7)(c)(2),SEC-126.4,(a)(7)(c)(2),2,4,The person who exported the item.,,SEC-126.4(a)(7)(c),PART-126,"International Traffic in Arms Regulations (ITAR), 22 CFR Parts 120-130, amended through 2 October 2025 (KB 2/USA/ITAR.pdf)"
SEC-126.4(a)(7)(d),SEC-126.4,(a)(7)(d),d,3,Prohibited activities and arms embargoes. This section does not authorize any department or agency of the U.S. Government to make or authorize any export that is otherwise prohibited by any other administrative provisions or by any statute or that is inconsistent with U.S. arms embargoes or United Nations Security Council Resolutions (see § 126.1).,,SEC-126.4(a)(7),PART-126,"International Traffic in Arms Regulations (ITAR), 22 CFR Parts 120-130, amended through 2 October 2025 (KB 2/USA/ITAR.pdf)"
SEC-126.4(a)(7)(e),SEC-126.4,(a)(7)(e),e,3,"Export clearance. For exports shipped other than by a U.S. diplomatic pouch or a U.S. Government aircraft, vehicle, or vessel, an Electronic Export Information (EEI) filing must be submitted to U.S. Customs and Border Protection using its electronic system(s) at the time of export, unless electronic submission of such information is unavailable, in which case U.S. Customs and Border Protection or the Department of Defense transmittal authority will issue instructions.",,SEC-126.4(a)(7),PART-126,"International Traffic in Arms Regulations (ITAR), 22 CFR Parts 120-130, amended through 2 October 2025 (KB 2/USA/ITAR.pdf)"
SEC-126.4(a)(7)(f),SEC-126.4,(a)(7)(f),f,3,"Change in end-use or end-user. Any change in end-use or end-user of a defense article, to any party or use not authorized by this section, requires approval of the Directorate of Defense Trade Controls through a license or other approval.",,SEC-126.4(a)(7),PART-126,"International Traffic in Arms Regulations (ITAR), 22 CFR Parts 120-130, amended through 2 October 2025 (KB 2/USA/ITAR.pdf)"
SEC-126.5(a),SEC-126.5,(a),a,1,Temporary import of defense articles. Port Directors of U.S. Customs and Border Protection and postmasters shall permit the temporary import and return to Canada without a license of any unclassified defense articles that originate in Canada for temporary use in the United States and return to Canada. All other temporary imports shall be in accordance with §§ 123.3 and 123.4 of this subchapter.,,SEC-126.5,PART-126,"International Traffic in Arms Regulations (ITAR), 22 CFR Parts 120-130, amended through 2 October 2025 (KB 2/USA/ITAR.pdf)"
SEC-126.5(b),SEC-126.5,(b),b,1,"Permanent and temporary export of defense articles. Except as provided in Supplement No. 1 to part 126 of this subchapter and for exports that transit third countries, Port Directors of U.S. Customs and Border Protection and postmasters shall permit, when for end-use in Canada by Canadian Federal or Provincial governmental authorities acting in an official capacity or by a Canadian-registered person, or for return to the United States, the permanent and temporary export to Canada without a license of unclassified defense articles and defense services identified on the U.S. Munitions List (§§ 121.1). The exceptions are subject to meeting the requirements of this subchapter, to include 22 CFR 120.15(e) and 120.16, parts 122 and 123 (except insofar as exemption from licensing requirements is herein authorized) and § 126.1, and the requirement to obtain non-transfer and use assurances for all significant military equipment. For purposes of this section, “Canadian-registered person” is any Canadian national (including Canadian business entities organized under the laws of Canada), dual citizen of Canada and a third country other than a country listed in § 126.1 , and permanent resident registered in Canada in accordance with the Canadian Defense Production Act, and such other Canadian Crown Corporations identified by the Department of State in a list of such persons publicly available through the Internet Web site of the Directorate of Defense Trade Controls and by other means.",,SEC-126.5,PART-126,"International Traffic in Arms Regulations (ITAR), 22 CFR Parts 120-130, amended through 2 October 2025 (KB 2/USA/ITAR.pdf)"
SEC-126.5(c),SEC-126.5,(c),c,1,[Reserved],yes,SEC-126.5,PART-126,"International Traffic in Arms Regulations (ITAR), 22 CFR Parts 120-130, amended through 2 October 2025 (KB 2/USA/ITAR.pdf)"
SEC-126.5(d),SEC-126.5,(d),d,1,"Reexports/retransfer. Reexport/retransfer in Canada to another end-user or end-use or from Canada to another destination, except the United States, must in all instances have the prior approval of the Directorate of Defense Trade Controls. Unless otherwise exempt in this subchapter, the original exporter is responsible, upon request from a Canadian-registered person, for obtaining or providing reexport/retransfer approval. In any instance when the U.S. exporter is no longer available to the Canadian end-user the request for reexport/retransfer may be made directly to the Directorate of Defense Trade Controls. All requests must include the information in § 123.9(c) of this subchapter. Reexport/retransfer approval is acquired by:",,SEC-126.5,PART-126,"International Traffic in Arms Regulations (ITAR), 22 CFR Parts 120-130, amended through 2 October 2025 (KB 2/USA/ITAR.pdf)"
SEC-126.5(d)(1),SEC-126.5,(d)(1),1,2,"If the reexport/retransfer being requested could be made pursuant to this section (i.e., a retransfer within Canada to another eligible Canadian recipient under this section) if exported directly from the U.S., upon receipt by the U.S. company of a request by a Canadian end user, the original U.S. exporter is authorized to grant on behalf of the U.S. Government by confirming in writing to the Canadian requester that the reexport/retransfer is authorized subject to the conditions of this section; or",,SEC-126.5(d),PART-126,"International Traffic in Arms Regulations (ITAR), 22 CFR Parts 120-130, amended through 2 October 2025 (KB 2/USA/ITAR.pdf)"
SEC-126.5(d)(2),SEC-126.5,(d)(2),2,2,"If the reexport/retransfer is to an end use or end user that, if directly exported from the U.S. requires a license, retransfer must be handled in accordance with § 123.9 of this subchapter.",,SEC-126.5(d),PART-126,"International Traffic in Arms Regulations (ITAR), 22 CFR Parts 120-130, amended through 2 October 2025 (KB 2/USA/ITAR.pdf)"
SEC-126.6(a),SEC-126.6,(a),a,1,A license from the Directorate of Defense Trade Controls is not required if:,,SEC-126.6,PART-126,"International Traffic in Arms Regulations (ITAR), 22 CFR Parts 120-130, amended through 2 October 2025 (KB 2/USA/ITAR.pdf)"
SEC-126.6(a)(1),SEC-126.6,(a)(1),1,2,"The article or technical data to be exported was sold, leased, or loaned by the Department of Defense to a foreign country or international organization pursuant to the Arms Export Control Act or the Foreign Assistance Act of 1961, as amended, and",,SEC-126.6(a),PART-126,"International Traffic in Arms Regulations (ITAR), 22 CFR Parts 120-130, amended through 2 October 2025 (KB 2/USA/ITAR.pdf)"
SEC-126.6(a)(2),SEC-126.6,(a)(2),2,2,The article or technical data is delivered to representatives of such a country or organization in the United States; and,,SEC-126.6(a),PART-126,"International Traffic in Arms Regulations (ITAR), 22 CFR Parts 120-130, amended through 2 October 2025 (KB 2/USA/ITAR.pdf)"
SEC-126.6(a)(3),SEC-126.6,(a)(3),3,2,The article or technical data is to be exported from the United States on a military aircraft or naval vessel of that government or organization or via the Defense Transportation Service (DTS).,,SEC-126.6(a),PART-126,"International Traffic in Arms Regulations (ITAR), 22 CFR Parts 120-130, amended through 2 October 2025 (KB 2/USA/ITAR.pdf)"
SEC-126.6(b),SEC-126.6,(b),b,1,"Foreign military aircraft and naval vessels. A license is not required for the entry into the United States of military aircraft or naval vessels of any foreign state if no overhaul, repair, or modification of the aircraft or naval vessel is to be performed. However, Department of State approval for overflight (pursuant to the 49 U.S.C. 40103) and naval visits must be obtained from the Bureau of Political-Military Affairs, Office of International Security Operations.",,SEC-126.6,PART-126,"International Traffic in Arms Regulations (ITAR), 22 CFR Parts 120-130, amended through 2 October 2025 (KB 2/USA/ITAR.pdf)"
SEC-126.6(c),SEC-126.6,(c),c,1,"Foreign Military Sales Program. A license from the Directorate of Defense Trade Controls is not required if the defense article or technical data or a defense service to be transferred was sold, leased or loaned by the Department of Defense to a foreign country or international organization under the Foreign Military Sales (FMS) Program of the Arms Export Control Act pursuant to an Letter of Offer and Acceptance (LOA) authorizing such transfer which meets the criteria stated below:",,SEC-126.6,PART-126,"International Traffic in Arms Regulations (ITAR), 22 CFR Parts 120-130, amended through 2 October 2025 (KB 2/USA/ITAR.pdf)"
SEC-126.6(c)(1),SEC-126.6,(c)(1),1,2,"Transfers of the defense articles, technical data or defense services using this exemption may take place only during the period which the FMS Letter of Offer and Acceptance",,SEC-126.6(c),PART-126,"International Traffic in Arms Regulations (ITAR), 22 CFR Parts 120-130, amended through 2 October 2025 (KB 2/USA/ITAR.pdf)"
SEC-126.6(c)(1)(LOA),SEC-126.6,(c)(1)(LOA),LOA,3,"and implementing USG FMS contracts and subcontracts are in effect and serve as authorization for the transfers hereunder in lieu of a license. After the USG FMS contracts and subcontracts have expired and the LOA no longer serves as such authorization, any further provision of defense articles, technical data or defense services shall not be covered by this section and shall instead be subject to other authorization requirements of this subchapter; and",,SEC-126.6(c)(1),PART-126,"International Traffic in Arms Regulations (ITAR), 22 CFR Parts 120-130, amended through 2 October 2025 (KB 2/USA/ITAR.pdf)"
SEC-126.6(c)(2),SEC-126.6,(c)(2),2,2,"The defense article, technical data or defense service to be transferred are specifically identified in an executed LOA, in furtherance of the Foreign Military Sales Program signed by an authorized Department of Defense Representative and an authorized representative of the foreign government, and",,SEC-126.6(c),PART-126,"International Traffic in Arms Regulations (ITAR), 22 CFR Parts 120-130, amended through 2 October 2025 (KB 2/USA/ITAR.pdf)"
SEC-126.6(c)(3),SEC-126.6,(c)(3),3,2,"The transfer of the defense article and related technical data is effected during the duration of the relevant Letter of Offer and Acceptance (LOA), similarly a defense service is to be provided only during the duration of the USG FMS contract or subcontract and not to exceed the specified duration of the LOA, and",,SEC-126.6(c),PART-126,"International Traffic in Arms Regulations (ITAR), 22 CFR Parts 120-130, amended through 2 October 2025 (KB 2/USA/ITAR.pdf)"
SEC-126.6(c)(4),SEC-126.6,(c)(4),4,2,"The U.S. person responsible for the transfer maintains records of all transfers in accordance with part 122 of this subchapter, and",,SEC-126.6(c),PART-126,"International Traffic in Arms Regulations (ITAR), 22 CFR Parts 120-130, amended through 2 October 2025 (KB 2/USA/ITAR.pdf)"
SEC-126.6(c)(5),SEC-126.6,(c)(5),5,2,"For transfers of defense articles and technical data,",,SEC-126.6(c),PART-126,"International Traffic in Arms Regulations (ITAR), 22 CFR Parts 120-130, amended through 2 October 2025 (KB 2/USA/ITAR.pdf)"
SEC-126.6(c)(5)(i),SEC-126.6,(c)(5)(i),i,3,"The transfer is made by the relevant foreign diplomatic mission of the purchasing country or its authorized freight forwarder, provided that the freight forwarder is registered with the Directorate of Defense Trade Controls pursuant to part 122 of this subchapter, and",,SEC-126.6(c)(5),PART-126,"International Traffic in Arms Regulations (ITAR), 22 CFR Parts 120-130, amended through 2 October 2025 (KB 2/USA/ITAR.pdf)"
SEC-126.6(c)(5)(ii),SEC-126.6,(c)(5)(ii),ii,3,"At the time of shipment, U.S. Customs and Border Protection is provided the Electronic Export Information, Internal Transaction Number and any other documents required by U.S. Customs and Border Protection in carrying out its responsibilities. The invoices for the shipment must be annotated: “This shipment is authorized for export pursuant to 22 CFR 126.6(c), under FMS Case [insert case identification]. The U.S. Government point of contact is, telephone number,”",,SEC-126.6(c)(5),PART-126,"International Traffic in Arms Regulations (ITAR), 22 CFR Parts 120-130, amended through 2 October 2025 (KB 2/USA/ITAR.pdf)"
SEC-126.6(c)(5)(iii),SEC-126.6,(c)(5)(iii),iii,3,"Any classified hardware and related technical data involved in the transfer must have the requisite U.S. Government security clearance and transportation plan and be shipped in accordance with the Department of Defense National Industrial Security Program Operating Manual. The exporter shall provide an electronic copy of the transportation plan via the U.S. Customs and Border Protection's electronic system(s), unless electronic reporting of such information is unavailable, in which case U.S. Customs and Border Protection will issue instructions, or",,SEC-126.6(c)(5),PART-126,"International Traffic in Arms Regulations (ITAR), 22 CFR Parts 120-130, amended through 2 October 2025 (KB 2/USA/ITAR.pdf)"
SEC-126.6(c)(6),SEC-126.6,(c)(6),6,2,For transfers of defense services:,,SEC-126.6(c),PART-126,"International Traffic in Arms Regulations (ITAR), 22 CFR Parts 120-130, amended through 2 October 2025 (KB 2/USA/ITAR.pdf)"
SEC-126.6(c)(6)(i),SEC-126.6,(c)(6)(i),i,3,A contract or subcontract between the U.S. person(s) responsible for providing the defense service and the USG exists that:,,SEC-126.6(c)(6),PART-126,"International Traffic in Arms Regulations (ITAR), 22 CFR Parts 120-130, amended through 2 October 2025 (KB 2/USA/ITAR.pdf)"
SEC-126.6(c)(6)(i)(A),SEC-126.6,(c)(6)(i)(A),A,4,Specifically defines the scope of the defense service to be transferred;,,SEC-126.6(c)(6)(i),PART-126,"International Traffic in Arms Regulations (ITAR), 22 CFR Parts 120-130, amended through 2 October 2025 (KB 2/USA/ITAR.pdf)"
SEC-126.6(c)(6)(i)(B),SEC-126.6,(c)(6)(i)(B),B,4,"Identifies the FMS case identifier,",,SEC-126.6(c)(6)(i),PART-126,"International Traffic in Arms Regulations (ITAR), 22 CFR Parts 120-130, amended through 2 October 2025 (KB 2/USA/ITAR.pdf)"
SEC-126.6(c)(6)(i)(C),SEC-126.6,(c)(6)(i)(C),C,4,"Identifies the foreign recipients of the defense service,",,SEC-126.6(c)(6)(i),PART-126,"International Traffic in Arms Regulations (ITAR), 22 CFR Parts 120-130, amended through 2 October 2025 (KB 2/USA/ITAR.pdf)"
SEC-126.6(c)(6)(i)(D),SEC-126.6,(c)(6)(i)(D),D,4,"Identifies any other U.S. or foreign parties that may be involved and their roles/responsibilities, to the extent known when the contract is executed,",,SEC-126.6(c)(6)(i),PART-126,"International Traffic in Arms Regulations (ITAR), 22 CFR Parts 120-130, amended through 2 October 2025 (KB 2/USA/ITAR.pdf)"
SEC-126.6(c)(6)(i)(E),SEC-126.6,(c)(6)(i)(E),E,4,"Provides a specified period of duration in which the defense service may be performed, and",,SEC-126.6(c)(6)(i),PART-126,"International Traffic in Arms Regulations (ITAR), 22 CFR Parts 120-130, amended through 2 October 2025 (KB 2/USA/ITAR.pdf)"
SEC-126.6(c)(6)(ii),SEC-126.6,(c)(6)(ii),ii,3,"The U.S. person(s) identified in the contract maintain a registration with the Directorate of Defense Trade Controls for the entire time that the defense service is being provided. In any instance when the U.S. registered person(s) identified in the contract employs a subcontractor, the subcontractor may only use this exemption when registered with DDTC, and when such subcontract meets the above stated requirements, and",,SEC-126.6(c)(6),PART-126,"International Traffic in Arms Regulations (ITAR), 22 CFR Parts 120-130, amended through 2 October 2025 (KB 2/USA/ITAR.pdf)"
SEC-126.6(c)(6)(iii),SEC-126.6,(c)(6)(iii),iii,3,"In instances when the defense service involves the transfer of classified technical data, the U.S. person transferring the defense service must have the appropriate USG security clearance and a transportation plan, if appropriate, in compliance with the Department of Defense National Industrial Security Program Operating Manual.",,SEC-126.6(c)(6),PART-126,"International Traffic in Arms Regulations (ITAR), 22 CFR Parts 120-130, amended through 2 October 2025 (KB 2/USA/ITAR.pdf)"
SEC-126.7(a),SEC-126.7,(a),a,1,"No license or other approval is required for the export, reexport, retransfer, or temporary import of defense articles, the performance of defense services, or engaging in brokering activities as described in part 129 of this subchapter, between or among authorized users of this exemption, subject to the requirements and limitations in paragraph (b) of this section.",,SEC-126.7,PART-126,"International Traffic in Arms Regulations (ITAR), 22 CFR Parts 120-130, amended through 2 October 2025 (KB 2/USA/ITAR.pdf)"
SEC-126.7(b),SEC-126.7,(b),b,1,The exemption described in paragraph (a) of this section is subject to the following requirements and limitations:,,SEC-126.7,PART-126,"International Traffic in Arms Regulations (ITAR), 22 CFR Parts 120-130, amended through 2 October 2025 (KB 2/USA/ITAR.pdf)"
SEC-126.7(b)(1),SEC-126.7,(b)(1),1,2,"The activity must be to or within the physical territory of Australia, the United Kingdom, or the United States;",,SEC-126.7(b),PART-126,"International Traffic in Arms Regulations (ITAR), 22 CFR Parts 120-130, amended through 2 October 2025 (KB 2/USA/ITAR.pdf)"
SEC-126.7(b)(2),SEC-126.7,(b)(2),2,2,"The transferor, recipient, or broker must each be:",,SEC-126.7(b),PART-126,"International Traffic in Arms Regulations (ITAR), 22 CFR Parts 120-130, amended through 2 October 2025 (KB 2/USA/ITAR.pdf)"
SEC-126.7(b)(2)(i),SEC-126.7,(b)(2)(i),i,3,U.S. persons registered with the applicable Directorate of Defense Trade Controls,,SEC-126.7(b)(2),PART-126,"International Traffic in Arms Regulations (ITAR), 22 CFR Parts 120-130, amended through 2 October 2025 (KB 2/USA/ITAR.pdf)"
SEC-126.7(b)(2)(i)(DDTC),SEC-126.7,(b)(2)(i)(DDTC),DDTC,4,"registration pursuant to §§ 122.1 and 129.3 of this subchapter, and not debarred under § 127.7 of this subchapter;",,SEC-126.7(b)(2)(i),PART-126,"International Traffic in Arms Regulations (ITAR), 22 CFR Parts 120-130, amended through 2 October 2025 (KB 2/USA/ITAR.pdf)"
SEC-126.7(b)(2)(ii),SEC-126.7,(b)(2)(ii),ii,3,A U.S. Government department or agency; or,,SEC-126.7(b)(2),PART-126,"International Traffic in Arms Regulations (ITAR), 22 CFR Parts 120-130, amended through 2 October 2025 (KB 2/USA/ITAR.pdf)"
SEC-126.7(b)(2)(iii),SEC-126.7,(b)(2)(iii),iii,3,"Authorized users identified through the DDTC website and, if engaging in brokering activities, registered with DDTC pursuant to § 129.3 of this subchapter;",,SEC-126.7(b)(2),PART-126,"International Traffic in Arms Regulations (ITAR), 22 CFR Parts 120-130, amended through 2 October 2025 (KB 2/USA/ITAR.pdf)"
SEC-126.7(b)(3),SEC-126.7,(b)(3),3,2,The defense article or defense service is not identified in supplement no. 2 to this part as ineligible for transfer under the exemption in paragraph (a) of this section;,,SEC-126.7(b),PART-126,"International Traffic in Arms Regulations (ITAR), 22 CFR Parts 120-130, amended through 2 October 2025 (KB 2/USA/ITAR.pdf)"
SEC-126.7(b)(4),SEC-126.7,(b)(4),4,2,The value of the transfer does not exceed the amounts described in § 123.15 of this subchapter and does not involve the manufacturing abroad of significant military equipment as described in § 124.11 of this subchapter; and,,SEC-126.7(b),PART-126,"International Traffic in Arms Regulations (ITAR), 22 CFR Parts 120-130, amended through 2 October 2025 (KB 2/USA/ITAR.pdf)"
SEC-126.7(b)(5),SEC-126.7,(b)(5),5,2,Transferors must comply with the requirements of § 123.9(b) of this subchapter.,,SEC-126.7(b),PART-126,"International Traffic in Arms Regulations (ITAR), 22 CFR Parts 120-130, amended through 2 October 2025 (KB 2/USA/ITAR.pdf)"
SEC-126.9(a-(t),SEC-126.9,(a-(t),a,1,[Reserved],yes,SEC-126.9,PART-126,"International Traffic in Arms Regulations (ITAR), 22 CFR Parts 120-130, amended through 2 October 2025 (KB 2/USA/ITAR.pdf)"
SEC-126.9(u),SEC-126.9,(u),u,1,Exemption for certain large Unmanned Underwater Vehicle (UUV) activities –,,SEC-126.9,PART-126,"International Traffic in Arms Regulations (ITAR), 22 CFR Parts 120-130, amended through 2 October 2025 (KB 2/USA/ITAR.pdf)"
SEC-126.9(u)(1),SEC-126.9,(u)(1),1,2,"Activities exempted. No license or other approval is required for the following activities, subject to the restrictions in paragraph (u)(2) of this section:",,SEC-126.9(u),PART-126,"International Traffic in Arms Regulations (ITAR), 22 CFR Parts 120-130, amended through 2 October 2025 (KB 2/USA/ITAR.pdf)"
SEC-126.9(u)(1)(i),SEC-126.9,(u)(1)(i),i,3,"The temporary export, reexport, or temporary import of vessels described in USML Category XX(a)(10);",,SEC-126.9(u)(1),PART-126,"International Traffic in Arms Regulations (ITAR), 22 CFR Parts 120-130, amended through 2 October 2025 (KB 2/USA/ITAR.pdf)"
SEC-126.9(u)(1)(ii),SEC-126.9,(u)(1)(ii),ii,3,"The furnishing of assistance to a foreign person in the maintenance, repair, operations, or use of a defense article described in USML Category XX(a)(10); or",,SEC-126.9(u)(1),PART-126,"International Traffic in Arms Regulations (ITAR), 22 CFR Parts 120-130, amended through 2 October 2025 (KB 2/USA/ITAR.pdf)"
SEC-126.9(u)(1)(iii),SEC-126.9,(u)(1)(iii),iii,3,Brokering activities to facilitate:,,SEC-126.9(u)(1),PART-126,"International Traffic in Arms Regulations (ITAR), 22 CFR Parts 120-130, amended through 2 October 2025 (KB 2/USA/ITAR.pdf)"
SEC-126.9(u)(1)(iii)(A),SEC-126.9,(u)(1)(iii)(A),A,4,"The temporary export, reexport, or permanent import of vessels described in USML Category XX(a)(10); or",,SEC-126.9(u)(1)(iii),PART-126,"International Traffic in Arms Regulations (ITAR), 22 CFR Parts 120-130, amended through 2 October 2025 (KB 2/USA/ITAR.pdf)"
SEC-126.9(u)(1)(iii)(B),SEC-126.9,(u)(1)(iii)(B),B,4,"The furnishing of assistance to a foreign person in the maintenance, repair, operation, or use of a defense article described in USML Category XX(a)(10).",,SEC-126.9(u)(1)(iii),PART-126,"International Traffic in Arms Regulations (ITAR), 22 CFR Parts 120-130, amended through 2 October 2025 (KB 2/USA/ITAR.pdf)"
SEC-126.9(u)(2),SEC-126.9,(u)(2),2,2,Restrictions. The exemption set forth in this paragraph (u) is subject to all of the following restrictions:,,SEC-126.9(u),PART-126,"International Traffic in Arms Regulations (ITAR), 22 CFR Parts 120-130, amended through 2 October 2025 (KB 2/USA/ITAR.pdf)"
SEC-126.9(u)(2)(i),SEC-126.9,(u)(2)(i),i,3,The vessel must not be described in any USML paragraph other than Category XX(a)(10);,,SEC-126.9(u)(2),PART-126,"International Traffic in Arms Regulations (ITAR), 22 CFR Parts 120-130, amended through 2 October 2025 (KB 2/USA/ITAR.pdf)"
SEC-126.9(u)(2)(ii),SEC-126.9,(u)(2)(ii),ii,3,"The vessel must not have a gross weight rating (as defined in § 121.0 of this subchapter) exceeding eight thousand pounds (8,000 lb);",,SEC-126.9(u)(2),PART-126,"International Traffic in Arms Regulations (ITAR), 22 CFR Parts 120-130, amended through 2 October 2025 (KB 2/USA/ITAR.pdf)"
SEC-126.9(u)(2)(iii),SEC-126.9,(u)(2)(iii),iii,3,The purpose of the activity must be limited to one or more of the following:,,SEC-126.9(u)(2),PART-126,"International Traffic in Arms Regulations (ITAR), 22 CFR Parts 120-130, amended through 2 October 2025 (KB 2/USA/ITAR.pdf)"
SEC-126.9(u)(2)(iii)(A),SEC-126.9,(u)(2)(iii)(A),A,4,Scientific research or natural resource exploration;,,SEC-126.9(u)(2)(iii),PART-126,"International Traffic in Arms Regulations (ITAR), 22 CFR Parts 120-130, amended through 2 October 2025 (KB 2/USA/ITAR.pdf)"
SEC-126.9(u)(2)(iii)(B),SEC-126.9,(u)(2)(iii)(B),B,4,"Commercial or civil infrastructure maintenance, installation, or repair; or",,SEC-126.9(u)(2)(iii),PART-126,"International Traffic in Arms Regulations (ITAR), 22 CFR Parts 120-130, amended through 2 October 2025 (KB 2/USA/ITAR.pdf)"
SEC-126.9(u)(2)(iii)(C),SEC-126.9,(u)(2)(iii)(C),C,4,Search and rescue operations; and,,SEC-126.9(u)(2)(iii),PART-126,"International Traffic in Arms Regulations (ITAR), 22 CFR Parts 120-130, amended through 2 October 2025 (KB 2/USA/ITAR.pdf)"
SEC-126.9(u)(2)(iv),SEC-126.9,(u)(2)(iv),iv,3,"The activity must not transfer registration, control, or ownership of the vessel to a foreign person.",,SEC-126.9(u)(2),PART-126,"International Traffic in Arms Regulations (ITAR), 22 CFR Parts 120-130, amended through 2 October 2025 (KB 2/USA/ITAR.pdf)"
SEC-126.13(a),SEC-126.13,(a),a,1,"All applications for licenses (DSP-5, DSP-61, DSP-73, and DSP-85), all requests for approval of agreements and amendments thereto under part 124 of this subchapter, and all requests for other written authorizations (including requests for retransfer or reexport pursuant to § 123.9 of this subchapter) must include a letter signed by a responsible official empowered by the applicant and addressed to the Directorate of Defense Trade Controls, stating whether:",,SEC-126.13,PART-126,"International Traffic in Arms Regulations (ITAR), 22 CFR Parts 120-130, amended through 2 October 2025 (KB 2/USA/ITAR.pdf)"
SEC-126.13(a)(1),SEC-126.13,(a)(1),1,2,"The applicant or the chief executive officer, president, vice-presidents, secretary, partner, member, other senior officers or officials (e.g., comptroller, treasurer, general counsel) or any member of the board of directors is the subject of an indictment or has been otherwise charged (e.g., by criminal information in lieu of indictment) for, or has been convicted of, violating any of the U.S. criminal statutes enumerated in § 120.27 of this subchapter;",,SEC-126.13(a),PART-126,"International Traffic in Arms Regulations (ITAR), 22 CFR Parts 120-130, amended through 2 October 2025 (KB 2/USA/ITAR.pdf)"
SEC-126.13(a)(2),SEC-126.13,(a)(2),2,2,"The applicant or the chief executive officer, president, vice-presidents, secretary, partner, member, other senior officers or officials (e.g., comptroller, treasurer, general counsel) or any member of the board of directors is ineligible to contract with, or to receive a license or other approval to temporarily import or export defense articles or defense services from any agency of the U.S. Government;",,SEC-126.13(a),PART-126,"International Traffic in Arms Regulations (ITAR), 22 CFR Parts 120-130, amended through 2 October 2025 (KB 2/USA/ITAR.pdf)"
SEC-126.13(a)(3),SEC-126.13,(a)(3),3,2,"To the best of the applicant's knowledge, any party to the export as defined in § 120.68 of this subchapter has been convicted of violating any of the U.S. criminal statutes enumerated in § 120.6 of this subchapter, or is ineligible to contract with, or to receive a license or other approval to temporarily import or export defense articles or defense services from any agency of the U.S. government; and",,SEC-126.13(a),PART-126,"International Traffic in Arms Regulations (ITAR), 22 CFR Parts 120-130, amended through 2 October 2025 (KB 2/USA/ITAR.pdf)"
SEC-126.13(a)(4),SEC-126.13,(a)(4),4,2,"The natural person signing the application, notification, or other request for approval (including the statement required by this subchapter) is a citizen or national of the United States, has been lawfully admitted to the United States for permanent residence (and maintains such lawful permanent residence status) under the Immigration and Nationality Act, as amended (8 U.S.C. 1101(a)(20), 66 Stat. 163), or is an official of a foreign government entity in the United States, or is a foreign person making a request pursuant to",,SEC-126.13(a),PART-126,"International Traffic in Arms Regulations (ITAR), 22 CFR Parts 120-130, amended through 2 October 2025 (KB 2/USA/ITAR.pdf)"
SEC-126.13(b),SEC-126.13,(b),b,1,"In addition, all applications for licenses must include the complete names and addresses of all U.S. consignors and freight forwarders, and all foreign consignees and foreign intermediate consignees involved in the transaction. Port Directors of U.S. Customs and Border Protection and Department of Defense transmittal authorities will permit only those U.S. consignors or freight forwarders listed on the license to make shipments under the license, and only to those foreign consignees and foreign intermediate consignees listed on the license. Applicants should list all freight forwarders who may be involved with shipments under the license to ensure that the list is complete and to avoid the need for amendments after the license has been approved. If there are unusual or extraordinary circumstances that preclude the specific identification of all the U.S. consignors and freight forwarders and all foreign consignees and foreign intermediate consignees, the applicant must provide a letter of explanation with each application.",,SEC-126.13,PART-126,"International Traffic in Arms Regulations (ITAR), 22 CFR Parts 120-130, amended through 2 October 2025 (KB 2/USA/ITAR.pdf)"
SEC-126.13(c),SEC-126.13,(c),c,1,"In cases when natural foreign persons are employed at or assigned to security-cleared facilities, provision by the applicant of a technology control plan will facilitate processing.",,SEC-126.13,PART-126,"International Traffic in Arms Regulations (ITAR), 22 CFR Parts 120-130, amended through 2 October 2025 (KB 2/USA/ITAR.pdf)"
SEC-126.14(a),SEC-126.14,(a),a,1,"Comprehensive authorizations. With respect to NATO members, Australia, Japan, and Sweden, the Directorate of Defense Trade Controls may provide the comprehensive authorizations described in paragraphs (a) and (b) of this section for circumstances where the full parameters of a commercial export endeavor including the needed defense exports can be well anticipated and described in advance, thereby making use of such comprehensive authorizations appropriate.",,SEC-126.14,PART-126,"International Traffic in Arms Regulations (ITAR), 22 CFR Parts 120-130, amended through 2 October 2025 (KB 2/USA/ITAR.pdf)"
SEC-126.14(a)(1),SEC-126.14,(a)(1),1,2,"Major project authorization. With response to NATO members, Australia, Japan, and Sweden, the Directorate of Defense Trade Controls may provide comprehensive authorizations for well circumscribed commercially developed “major projects”, where a principal registered U.S. exporter/prime contractor identifies in advance the broad parameters of a commercial project including defense exports needed, other participants (e.g., exporters with whom they have “teamed up,” or subcontractors), and foreign government end users. Projects eligible for such authorization may include a commercial export of a major weapons system for a foreign government involving, for example, multiple U.S. suppliers under a commercial teaming agreement to design, develop and manufacture defense articles to meet a foreign government’s requirements. U.S. exporters seeking such authorization must provide detailed information concerning the scope of the project, including other exporters, U.S. subcontractors, and planned exports (including re-exports) of defense articles, defense services, and technical data, and meet the other requirements set forth in paragraph (b) of this section.",,SEC-126.14(a),PART-126,"International Traffic in Arms Regulations (ITAR), 22 CFR Parts 120-130, amended through 2 October 2025 (KB 2/USA/ITAR.pdf)"
SEC-126.14(a)(2),SEC-126.14,(a)(2),2,2,"Major program authorization. With respect to NATO members, Australia, Japan, and Sweden, the Directorate of Defense Trade Controls may provide comprehensive authorizations for well circumscribed commercially developed “major program”. This variant would be available where a single registered U.S. exporter defines in advance the parameters of a broad commercial program for which the registrant will be providing all phases of the necessary support (including the needed hardware, technical data, defense services, development, manufacturing, and logistic support). U.S. exporters seeking such authorization must provide detailed information concerning the scope of the program, including planned exports (including re-exports) of defense articles, defense services, and technical data, and meet the other requirements set forth in paragraph (b) of this section.",,SEC-126.14(a),PART-126,"International Traffic in Arms Regulations (ITAR), 22 CFR Parts 120-130, amended through 2 October 2025 (KB 2/USA/ITAR.pdf)"
SEC-126.14(a)(3),SEC-126.14,(a)(3),3,2,,,SEC-126.14(a),PART-126,"International Traffic in Arms Regulations (ITAR), 22 CFR Parts 120-130, amended through 2 October 2025 (KB 2/USA/ITAR.pdf)"
SEC-126.14(a)(3)(i),SEC-126.14,(a)(3)(i),i,3,"Global project authorization. With respect to NATO members, Australia, Japan, and Sweden, the Directorate of Defense Trade Controls may provide a comprehensive “Global Project Authorization” to registered U.S. exporters for exports of defense articles, technical data or defense services in support of government to government cooperative projects (covering research and development or production) with one of these countries undertaken pursuant to an agreement between the U.S. Government and the government of such country, or a memorandum of understanding/agreement between the Department of Defense and the country's Ministry of Defense.",,SEC-126.14(a)(3),PART-126,"International Traffic in Arms Regulations (ITAR), 22 CFR Parts 120-130, amended through 2 October 2025 (KB 2/USA/ITAR.pdf)"
SEC-126.14(a)(3)(ii),SEC-126.14,(a)(3)(ii),ii,3,"A set of standard terms and conditions derived from and corresponding to the breadth of the activities and phases covered in such a cooperative MOU will provide the basis for this comprehensive authorization for all U.S. exporters (and foreign end users) identified by DoD as participating in such cooperative project. Such authorizations may cover a broad range of defined activities in support of such programs including multiple shipments of defense articles and technical data and performance of defense services for extended periods, and re-exports to approved end users.",,SEC-126.14(a)(3),PART-126,"International Traffic in Arms Regulations (ITAR), 22 CFR Parts 120-130, amended through 2 October 2025 (KB 2/USA/ITAR.pdf)"
SEC-126.14(a)(3)(iii),SEC-126.14,(a)(3)(iii),iii,3,Eligible end users will be limited to ministries of defense of MOU signatory countries and foreign companies serving as contractors of such countries.,,SEC-126.14(a)(3),PART-126,"International Traffic in Arms Regulations (ITAR), 22 CFR Parts 120-130, amended through 2 October 2025 (KB 2/USA/ITAR.pdf)"
SEC-126.14(a)(3)(iv),SEC-126.14,(a)(3)(iv),iv,3,"Any requirement for non-transfer and use assurances from a foreign government may be deemed satisfied by the signature by such government of a cooperative agreement or by its ministry of defense of a cooperative MOU/MOA where the agreement or MOU contains assurances that are comparable to that required by a DSP-83 with respect to foreign governments and that clarifies that the government is undertaking responsibility for all its participating companies. The authorized non-government participants or end users (e.g., the participating government's contractors) will still be required to execute DSP-83s.",,SEC-126.14(a)(3),PART-126,"International Traffic in Arms Regulations (ITAR), 22 CFR Parts 120-130, amended through 2 October 2025 (KB 2/USA/ITAR.pdf)"
SEC-126.14(a)(4),SEC-126.14,(a)(4),4,2,"Technical data supporting an acquisition, teaming arrangement, merger, joint venture authorization. With respect to NATO member countries, Australia, Japan, and Sweden, the Directorate of Defense Trade Controls may provide a registered U.S. defense company a comprehensive authorization to export technical data in support of the U.S. exporter's consideration of entering into a teaming arrangement, joint venture, merger, acquisition, or similar arrangement with prospective foreign partners. Specifically, the authorization is designed to permit the export of a broadly defined set of technical data to qualifying well established foreign defense firms in NATO countries, Australia, Japan, or Sweden in order to better facilitate a sufficiently in-depth assessment of the benefits, opportunities and other relevant considerations presented by such prospective arrangements. U.S. exporters seeking such authorization must provide detailed information concerning the arrangement, joint venture, merger or acquisition, including any planned exports of defense articles, defense services, and technical data, and meet the other requirements set forth in paragraph (b) of this section.",,SEC-126.14(a),PART-126,"International Traffic in Arms Regulations (ITAR), 22 CFR Parts 120-130, amended through 2 October 2025 (KB 2/USA/ITAR.pdf)"
SEC-126.14(b),SEC-126.14,(b),b,1,"Provisions and requirements for comprehensive authorizations. Requests for the special comprehensive authorizations set forth in paragraph (a) of this section should be by letter addressed to the Directorate of Defense Trade Controls. With regard to a commercial major program or project authorization, or technical data supporting a teaming arrangement, merger, joint venture or acquisition, registered U.S. exporters may consult the Deputy Assistant Secretary of State for Defense Trade Controls about eligibility for and obtaining available comprehensive authorizations set forth in paragraph (a) of this section or pursuant to § 126.9(b) of this subchapter.",,SEC-126.14,PART-126,"International Traffic in Arms Regulations (ITAR), 22 CFR Parts 120-130, amended through 2 October 2025 (KB 2/USA/ITAR.pdf)"
SEC-126.14(b)(1),SEC-126.14,(b)(1),1,2,"Requests for consideration of all such authorizations should be formulated to correspond to one of the authorizations set out in paragraph (a) of this section, and should include:",,SEC-126.14(b),PART-126,"International Traffic in Arms Regulations (ITAR), 22 CFR Parts 120-130, amended through 2 October 2025 (KB 2/USA/ITAR.pdf)"
SEC-126.14(b)(1)(i),SEC-126.14,(b)(1)(i),i,3,"A description of the proposed program or project, including where appropriate a comprehensive description of all phases or stages; and",,SEC-126.14(b)(1),PART-126,"International Traffic in Arms Regulations (ITAR), 22 CFR Parts 120-130, amended through 2 October 2025 (KB 2/USA/ITAR.pdf)"
SEC-126.14(b)(1)(ii),SEC-126.14,(b)(1)(ii),ii,3,Its value; and,,SEC-126.14(b)(1),PART-126,"International Traffic in Arms Regulations (ITAR), 22 CFR Parts 120-130, amended through 2 October 2025 (KB 2/USA/ITAR.pdf)"
SEC-126.14(b)(1)(iii),SEC-126.14,(b)(1)(iii),iii,3,Types of exports needed in support of the program or project; and,,SEC-126.14(b)(1),PART-126,"International Traffic in Arms Regulations (ITAR), 22 CFR Parts 120-130, amended through 2 October 2025 (KB 2/USA/ITAR.pdf)"
SEC-126.14(b)(1)(iv),SEC-126.14,(b)(1)(iv),iv,3,Description of the exporter’s plan for record keeping and auditing of all phases of the program or project; and,,SEC-126.14(b)(1),PART-126,"International Traffic in Arms Regulations (ITAR), 22 CFR Parts 120-130, amended through 2 October 2025 (KB 2/USA/ITAR.pdf)"
SEC-126.14(b)(1)(v),SEC-126.14,(b)(1)(v),v,3,"In the case of authorizations for exports in support of government-to-government cooperative projects, identification of the cooperative project.",,SEC-126.14(b)(1),PART-126,"International Traffic in Arms Regulations (ITAR), 22 CFR Parts 120-130, amended through 2 October 2025 (KB 2/USA/ITAR.pdf)"
SEC-126.14(b)(2),SEC-126.14,(b)(2),2,2,Amendments to the requested authorization may be requested in writing as appropriate and should include a detailed description of the aspects of the activities being proposed for amendment.,,SEC-126.14(b),PART-126,"International Traffic in Arms Regulations (ITAR), 22 CFR Parts 120-130, amended through 2 October 2025 (KB 2/USA/ITAR.pdf)"
SEC-126.14(b)(3),SEC-126.14,(b)(3),3,2,"The comprehensive authorizations set forth in paragraph (a) of this section may be made valid for the duration of the major commercial program or project, or cooperative project, not to exceed 10 years.",,SEC-126.14(b),PART-126,"International Traffic in Arms Regulations (ITAR), 22 CFR Parts 120-130, amended through 2 October 2025 (KB 2/USA/ITAR.pdf)"
SEC-126.14(b)(4),SEC-126.14,(b)(4),4,2,"Included among the criteria required for such authorizations are those set out in part 124, e.g., §§ 124.7, 124.8 and 124.9, as well as §§ 125.4 (technical data exported in furtherance of an agreement) and 123.16 (hardware being included in an agreement). Provisions required will also take into account the congressional notification requirements in §§ 123.15 and 124.11 of the ITAR. Specifically, comprehensive congressional notifications corresponding to the comprehensive parameters for the major program or project or cooperative project should be possible, with additional notifications such as those required by law for changes in value or other significant modifications.",,SEC-126.14(b),PART-126,"International Traffic in Arms Regulations (ITAR), 22 CFR Parts 120-130, amended through 2 October 2025 (KB 2/USA/ITAR.pdf)"
SEC-126.14(b)(5),SEC-126.14,(b)(5),5,2,"All authorizations will be consistent with all other applicable requirements of the ITAR, including requirements for non-transfer and use assurances (see §§ 123.10 and 124.10), congressional notifications (e.g., §§ 123.15 and 124.11), and other documentation (e.g.,",,SEC-126.14(b),PART-126,"International Traffic in Arms Regulations (ITAR), 22 CFR Parts 120-130, amended through 2 October 2025 (KB 2/USA/ITAR.pdf)"
SEC-126.14(b)(6),SEC-126.14,(b)(6),6,2,"Special auditing and reporting requirements will also be required for these authorizations. Exporters using special authorizations are required to establish an electronic system for keeping records of all defense articles, defense services and technical data exported and comply with all applicable requirements for submitting shipping or export information within the allotted time. [65 FR 45285, July 21, 2000, as amended at 66 FR 35900, July 10, 2001; 71 FR 20548, Apr. 21, 2006; 79 FR 8085, Feb. 11, 2014]",,SEC-126.14(b),PART-126,"International Traffic in Arms Regulations (ITAR), 22 CFR Parts 120-130, amended through 2 October 2025 (KB 2/USA/ITAR.pdf)"
SEC-126.15(a),SEC-126.15,(a),a,1,"Any application submitted for authorization of the export of defense articles or services to Australia, or the United Kingdom will be expeditiously processed by the Department of State, in consultation with the Department of Defense. Such license applications will not be referred to any other Federal department or agency, except when the defense articles or defense services are classified, or exceptional circumstances apply. (See section 1225, Pub. L. 108- 375).",,SEC-126.15,PART-126,"International Traffic in Arms Regulations (ITAR), 22 CFR Parts 120-130, amended through 2 October 2025 (KB 2/USA/ITAR.pdf)"
SEC-126.15(b),SEC-126.15,(b),b,1,"To be eligible for the expedited processing in paragraph (a) of this section, the destination of the prospective export must be limited to Australia or the United Kingdom. No other country may be included as intermediary or ultimate end-user.",,SEC-126.15,PART-126,"International Traffic in Arms Regulations (ITAR), 22 CFR Parts 120-130, amended through 2 October 2025 (KB 2/USA/ITAR.pdf)"
SEC-126.16(a),SEC-126.16,(a),a,1,Scope of exemption and required conditions –,,SEC-126.16,PART-126,"International Traffic in Arms Regulations (ITAR), 22 CFR Parts 120-130, amended through 2 October 2025 (KB 2/USA/ITAR.pdf)"
SEC-126.16(a)(1),SEC-126.16,(a)(1),1,2,Definitions.,,SEC-126.16(a),PART-126,"International Traffic in Arms Regulations (ITAR), 22 CFR Parts 120-130, amended through 2 October 2025 (KB 2/USA/ITAR.pdf)"
SEC-126.16(a)(1)(i),SEC-126.16,(a)(1)(i),i,3,"An export means, for purposes of this section only, the initial movement of defense articles or defense services from the United States Community to the Australian Community.",,SEC-126.16(a)(1),PART-126,"International Traffic in Arms Regulations (ITAR), 22 CFR Parts 120-130, amended through 2 October 2025 (KB 2/USA/ITAR.pdf)"
SEC-126.16(a)(1)(ii),SEC-126.16,(a)(1)(ii),ii,3,"A transfer means, for purposes of this section only, the movement of a previously exported defense article or defense service by a member of the Australian Community within the Australian Community, or between a member of the United States Community and a member of the Australian Community.",,SEC-126.16(a)(1),PART-126,"International Traffic in Arms Regulations (ITAR), 22 CFR Parts 120-130, amended through 2 October 2025 (KB 2/USA/ITAR.pdf)"
SEC-126.16(a)(1)(iii),SEC-126.16,(a)(1)(iii),iii,3,Reexport and retransfer.,,SEC-126.16(a)(1),PART-126,"International Traffic in Arms Regulations (ITAR), 22 CFR Parts 120-130, amended through 2 October 2025 (KB 2/USA/ITAR.pdf)"
SEC-126.16(a)(1)(iii)(A),SEC-126.16,(a)(1)(iii)(A),A,4,"Reexport means, for purposes of this section only, the movement of previously Exported Defense Articles by a member of the Australian Community from the Approved Community to a location outside the Territory of Australia.",,SEC-126.16(a)(1)(iii),PART-126,"International Traffic in Arms Regulations (ITAR), 22 CFR Parts 120-130, amended through 2 October 2025 (KB 2/USA/ITAR.pdf)"
SEC-126.16(a)(1)(iii)(B),SEC-126.16,(a)(1)(iii)(B),B,4,"Retransfer means, for purposes of this section only, the movement of previously Exported Defense Articles by a member of the Australian Community from the Approved Community to a location within the Territory of Australia;",,SEC-126.16(a)(1)(iii),PART-126,"International Traffic in Arms Regulations (ITAR), 22 CFR Parts 120-130, amended through 2 October 2025 (KB 2/USA/ITAR.pdf)"
SEC-126.16(a)(1)(iv),SEC-126.16,(a)(1)(iv),iv,3,"Intermediate consignee means, for purposes of this section, an entity or person who receives, but does not have access to, defense articles, including technical data, for the sole purpose of effecting onward movement to members of the Approved Community (see paragraph (k) of this section).",,SEC-126.16(a)(1),PART-126,"International Traffic in Arms Regulations (ITAR), 22 CFR Parts 120-130, amended through 2 October 2025 (KB 2/USA/ITAR.pdf)"
SEC-126.16(a)(2),SEC-126.16,(a)(2),2,2,"Persons or entities exporting or transferring defense articles or defense services are exempt from the otherwise applicable licensing requirements if such persons or entities comply with the regulations set forth in this section. Except as provided in Supplement No 1. to part 126 of this subchapter, Port Directors of U.S. Customs and Border Protection and postmasters shall permit the permanent and temporary export without a license from members of the United States Community to members of the Australian Community (see paragraph (d) of this section regarding the identification of members of the Australian Community) of defense articles and defense services not listed in pursuant to paragraphs (e) and (f) of this section. The purpose of this section is to specify the requirements to export, transfer, reexport, retransfer, or otherwise dispose of a defense article or defense service pursuant to the Defense Trade Cooperation Treaty between the United States and Australia. All persons must continue to comply with statutory and regulatory requirements outside of this subchapter concerning the import of defense articles and defense services or the possession or transfer of defense articles, including, but not limited to, regulations issued by the Bureau of Alcohol, Tobacco, Firearms and Explosives found at 27 CFR parts 447, 478, and 479, which are unaffected by the Defense Trade Cooperation Treaty between the United States and Australia.",,SEC-126.16(a),PART-126,"International Traffic in Arms Regulations (ITAR), 22 CFR Parts 120-130, amended through 2 October 2025 (KB 2/USA/ITAR.pdf)"
SEC-126.16(a)(3),SEC-126.16,(a)(3),3,2,"Export. In order for an exporter to export a defense article or defense service pursuant to the Defense Trade Cooperation Treaty between the United States and Australia, all of the following conditions must be met:",,SEC-126.16(a),PART-126,"International Traffic in Arms Regulations (ITAR), 22 CFR Parts 120-130, amended through 2 October 2025 (KB 2/USA/ITAR.pdf)"
SEC-126.16(a)(3)(i),SEC-126.16,(a)(3)(i),i,3,The exporter must be registered with the Directorate of Defense Trade Controls,,SEC-126.16(a)(3),PART-126,"International Traffic in Arms Regulations (ITAR), 22 CFR Parts 120-130, amended through 2 October 2025 (KB 2/USA/ITAR.pdf)"
SEC-126.16(a)(3)(i)(DDTC),SEC-126.16,(a)(3)(i)(DDTC),DDTC,4,"and must be eligible, according to the requirements and prohibitions of the Arms Export Control Act, this subchapter, and other provisions of United States law, to obtain an export license (or other forms of authorization to export) from any agency of the U.S. Government without restriction (see paragraphs (b) and (c) of this section for specific requirements);",,SEC-126.16(a)(3)(i),PART-126,"International Traffic in Arms Regulations (ITAR), 22 CFR Parts 120-130, amended through 2 October 2025 (KB 2/USA/ITAR.pdf)"
SEC-126.16(a)(3)(ii),SEC-126.16,(a)(3)(ii),ii,3,The recipient of the export must be a member of the Australian Community (see paragraph (d) of this section regarding the identification of members of the Australian Community). Australian non-governmental entities and facilities that become ineligible for such membership will be removed from the Australian Community;,,SEC-126.16(a)(3),PART-126,"International Traffic in Arms Regulations (ITAR), 22 CFR Parts 120-130, amended through 2 October 2025 (KB 2/USA/ITAR.pdf)"
SEC-126.16(a)(3)(iii),SEC-126.16,(a)(3)(iii),iii,3,"Intermediate consignees involved in the export must not be ineligible, according to the requirements and prohibitions of the Arms Export Control Act, this subchapter, and other provisions of United States law, to handle or receive a defense article or defense service without restriction (see paragraph (k) of this section for specific requirements);",,SEC-126.16(a)(3),PART-126,"International Traffic in Arms Regulations (ITAR), 22 CFR Parts 120-130, amended through 2 October 2025 (KB 2/USA/ITAR.pdf)"
SEC-126.16(a)(3)(iv),SEC-126.16,(a)(3)(iv),iv,3,The export must be for an end-use specified in the Defense Trade Cooperation Treaty between the United States and Australia and mutually agreed to by the U.S. Government and the Government of Australia pursuant to the Defense Trade Cooperation Treaty between the United States and Australia and the Implementing Arrangement thereto (the Australia Implementing Arrangement) (see paragraphs,,SEC-126.16(a)(3),PART-126,"International Traffic in Arms Regulations (ITAR), 22 CFR Parts 120-130, amended through 2 October 2025 (KB 2/USA/ITAR.pdf)"
SEC-126.16(a)(3)(iv)(e),SEC-126.16,(a)(3)(iv)(e),e,4,and (f) of this section regarding authorized end-uses);,,SEC-126.16(a)(3)(iv),PART-126,"International Traffic in Arms Regulations (ITAR), 22 CFR Parts 120-130, amended through 2 October 2025 (KB 2/USA/ITAR.pdf)"
SEC-126.16(a)(3)(v),SEC-126.16,(a)(3)(v),v,3,"The defense article or defense service is not excluded from the scope of the Defense Trade Cooperation Treaty between the United States and Australia (see paragraph (g) of this section and Supplement No. 1 to part 126 of this subchapter for specific information on the scope of items excluded from export under this exemption) and is marked or identified, at a minimum, as “Restricted USML” (see paragraph (j) of this section for specific requirements on marking exports);",,SEC-126.16(a)(3),PART-126,"International Traffic in Arms Regulations (ITAR), 22 CFR Parts 120-130, amended through 2 October 2025 (KB 2/USA/ITAR.pdf)"
SEC-126.16(a)(3)(vi),SEC-126.16,(a)(3)(vi),vi,3,All required documentation of such export is maintained by the exporter and recipient and is available upon the request of the U.S. Government (see paragraph,,SEC-126.16(a)(3),PART-126,"International Traffic in Arms Regulations (ITAR), 22 CFR Parts 120-130, amended through 2 October 2025 (KB 2/USA/ITAR.pdf)"
SEC-126.16(a)(3)(vi)(l),SEC-126.16,(a)(3)(vi)(l),l,4,of this section for specific requirements); and,,SEC-126.16(a)(3)(vi),PART-126,"International Traffic in Arms Regulations (ITAR), 22 CFR Parts 120-130, amended through 2 October 2025 (KB 2/USA/ITAR.pdf)"
SEC-126.16(a)(3)(vii),SEC-126.16,(a)(3)(vii),vii,3,"The Department of State has provided advance notification to the Congress, as required, in accordance with this section (see paragraph (o) of this section for specific requirements).",,SEC-126.16(a)(3),PART-126,"International Traffic in Arms Regulations (ITAR), 22 CFR Parts 120-130, amended through 2 October 2025 (KB 2/USA/ITAR.pdf)"
SEC-126.16(a)(4),SEC-126.16,(a)(4),4,2,"Transfers. In order for a member of the Approved Community (i.e., the United States Community and Australian Community) to transfer a defense article or defense service under the Defense Trade Cooperation Treaty within the Approved Community, all of the following conditions must be met:",,SEC-126.16(a),PART-126,"International Traffic in Arms Regulations (ITAR), 22 CFR Parts 120-130, amended through 2 October 2025 (KB 2/USA/ITAR.pdf)"
SEC-126.16(a)(4)(i),SEC-126.16,(a)(4)(i),i,3,The defense article or defense service must have been previously exported in accordance with paragraph (a)(3) of this section or transitioned from a license or other approval in accordance with paragraph (i) of this section;,,SEC-126.16(a)(4),PART-126,"International Traffic in Arms Regulations (ITAR), 22 CFR Parts 120-130, amended through 2 October 2025 (KB 2/USA/ITAR.pdf)"
SEC-126.16(a)(4)(ii),SEC-126.16,(a)(4)(ii),ii,3,The transferor and transferee of the defense article or defense service are members of the Australian Community (see paragraph (d) of this section regarding the identification of members of the Australian Community) or the United States Community (see paragraph (b) of this section for information on the United States Community/approved exporters);,,SEC-126.16(a)(4),PART-126,"International Traffic in Arms Regulations (ITAR), 22 CFR Parts 120-130, amended through 2 October 2025 (KB 2/USA/ITAR.pdf)"
SEC-126.16(a)(4)(iii),SEC-126.16,(a)(4)(iii),iii,3,The transfer is required for an end-use specified in the Defense Trade Cooperation Treaty between the United States and Australia and mutually agreed to by the Government of the United States and the Government of Australia pursuant to the terms of the Defense Trade Cooperation Treaty between the United States and Australia and the Australia Implementing Arrangement (see paragraphs (e) and (f) of this section regarding authorized end-uses);,,SEC-126.16(a)(4),PART-126,"International Traffic in Arms Regulations (ITAR), 22 CFR Parts 120-130, amended through 2 October 2025 (KB 2/USA/ITAR.pdf)"
SEC-126.16(a)(4)(iv),SEC-126.16,(a)(4)(iv),iv,3,"The defense article or defense service is not identified in paragraph (g) of this section and Supplement No. 1 to part 126 of this subchapter as ineligible for export under this exemption, and is marked or otherwise identified, at a minimum, as “Restricted USML” (see paragraph (j) of this section for specific requirements on marking exports);",,SEC-126.16(a)(4),PART-126,"International Traffic in Arms Regulations (ITAR), 22 CFR Parts 120-130, amended through 2 October 2025 (KB 2/USA/ITAR.pdf)"
SEC-126.16(a)(4)(v),SEC-126.16,(a)(4)(v),v,3,All required documentation of such transfer is maintained by the transferor and transferee and is available upon the request of the U.S. Government (see paragraph,,SEC-126.16(a)(4),PART-126,"International Traffic in Arms Regulations (ITAR), 22 CFR Parts 120-130, amended through 2 October 2025 (KB 2/USA/ITAR.pdf)"
SEC-126.16(a)(4)(v)(l),SEC-126.16,(a)(4)(v)(l),l,4,of this section for specific requirements); and,,SEC-126.16(a)(4)(v),PART-126,"International Traffic in Arms Regulations (ITAR), 22 CFR Parts 120-130, amended through 2 October 2025 (KB 2/USA/ITAR.pdf)"
SEC-126.16(a)(4)(v)(vi),SEC-126.16,(a)(4)(v)(vi),vi,4,The Department of State has provided advance notification to the Congress in accordance with this section (see paragraph (o) of this section for specific requirements).,,SEC-126.16(a)(4)(v),PART-126,"International Traffic in Arms Regulations (ITAR), 22 CFR Parts 120-130, amended through 2 October 2025 (KB 2/USA/ITAR.pdf)"
SEC-126.16(a)(5),SEC-126.16,(a)(5),5,2,"This section does not apply to the export of defense articles or defense services from the United States pursuant to the Foreign Military Sales program. Once such items are delivered to the Australian Government, they may be treated as if they were exported pursuant to the Treaty and then must be marked, identified, transmitted, stored, and handled in accordance with the Treaty, the Australia Implementing Arrangement, and the provisions of this section.",,SEC-126.16(a),PART-126,"International Traffic in Arms Regulations (ITAR), 22 CFR Parts 120-130, amended through 2 October 2025 (KB 2/USA/ITAR.pdf)"
SEC-126.16(b),SEC-126.16,(b),b,1,United States Community. The following persons compose the United States Community and may export or transfer defense articles and defense services pursuant to the Defense Trade Cooperation Treaty between the United States and Australia:,,SEC-126.16,PART-126,"International Traffic in Arms Regulations (ITAR), 22 CFR Parts 120-130, amended through 2 October 2025 (KB 2/USA/ITAR.pdf)"
SEC-126.16(b)(1),SEC-126.16,(b)(1),1,2,"Departments and agencies of the U.S. Government, including their personnel acting in their official capacity, with, as appropriate, a security clearance and a need-to-know; and",,SEC-126.16(b),PART-126,"International Traffic in Arms Regulations (ITAR), 22 CFR Parts 120-130, amended through 2 October 2025 (KB 2/USA/ITAR.pdf)"
SEC-126.16(b)(2),SEC-126.16,(b)(2),2,2,"Non-governmental U.S. persons registered with DDTC and eligible, according to the requirements and prohibitions of the Arms Export Control Act, this subchapter, and other provisions of United States law, to obtain an export license (or other forms of authorization to export) from any agency of the U.S. Government without restriction, including their employees acting in their official capacity with, as appropriate, a security clearance and a need-to-know.",,SEC-126.16(b),PART-126,"International Traffic in Arms Regulations (ITAR), 22 CFR Parts 120-130, amended through 2 October 2025 (KB 2/USA/ITAR.pdf)"
SEC-126.16(c),SEC-126.16,(c),c,1,"An exporter that is otherwise an authorized exporter pursuant to paragraph (b) of this section may not export or transfer pursuant to the Defense Trade Cooperation Treaty between the United States and Australia if the exporter's president, chief executive officer, any vice- p resident, any other senior officer or official (e.g., comptroller, treasurer, general counsel); any member of the board of directors of the exporter; any party to the export; or any source or manufacturer is ineligible to receive export licenses (or other forms of authorization to export) from any agency of the U.S. Government.",,SEC-126.16,PART-126,"International Traffic in Arms Regulations (ITAR), 22 CFR Parts 120-130, amended through 2 October 2025 (KB 2/USA/ITAR.pdf)"
SEC-126.16(d),SEC-126.16,(d),d,1,"Australian Community. For purposes of the exemption provided by this section, the Australian Community consists of:",,SEC-126.16,PART-126,"International Traffic in Arms Regulations (ITAR), 22 CFR Parts 120-130, amended through 2 October 2025 (KB 2/USA/ITAR.pdf)"
SEC-126.16(d)(1),SEC-126.16,(d)(1),1,2,Government of Australia authorities with entities identified as members of the Approved Community through the DDTC Web site at the time of a transaction under this section; and,,SEC-126.16(d),PART-126,"International Traffic in Arms Regulations (ITAR), 22 CFR Parts 120-130, amended through 2 October 2025 (KB 2/USA/ITAR.pdf)"
SEC-126.16(d)(2),SEC-126.16,(d)(2),2,2,The non-governmental Australian entities and facilities identified as members of the Approved Community through the DDTC Web site at the time of a transaction under this section; non-governmental Australian entities and facilities that become ineligible for such membership will be removed from the Australian Community.,,SEC-126.16(d),PART-126,"International Traffic in Arms Regulations (ITAR), 22 CFR Parts 120-130, amended through 2 October 2025 (KB 2/USA/ITAR.pdf)"
SEC-126.16(e),SEC-126.16,(e),e,1,"Authorized End-uses. The following end-uses, subject to paragraph (f) of this section, are specified in the Defense Trade Cooperation Treaty between the United States and Australia:",,SEC-126.16,PART-126,"International Traffic in Arms Regulations (ITAR), 22 CFR Parts 120-130, amended through 2 October 2025 (KB 2/USA/ITAR.pdf)"
SEC-126.16(e)(1),SEC-126.16,(e)(1),1,2,United States and Australian combined military or counter-terrorism operations;,,SEC-126.16(e),PART-126,"International Traffic in Arms Regulations (ITAR), 22 CFR Parts 120-130, amended through 2 October 2025 (KB 2/USA/ITAR.pdf)"
SEC-126.16(e)(2),SEC-126.16,(e)(2),2,2,"United States and Australian cooperative security and defense research, development, production, and support programs;",,SEC-126.16(e),PART-126,"International Traffic in Arms Regulations (ITAR), 22 CFR Parts 120-130, amended through 2 October 2025 (KB 2/USA/ITAR.pdf)"
SEC-126.16(e)(3),SEC-126.16,(e)(3),3,2,Mutually determined specific security and defense projects where the Government of Australia is the end-user; or,,SEC-126.16(e),PART-126,"International Traffic in Arms Regulations (ITAR), 22 CFR Parts 120-130, amended through 2 October 2025 (KB 2/USA/ITAR.pdf)"
SEC-126.16(e)(4),SEC-126.16,(e)(4),4,2,U.S. Government end-use.,,SEC-126.16(e),PART-126,"International Traffic in Arms Regulations (ITAR), 22 CFR Parts 120-130, amended through 2 October 2025 (KB 2/USA/ITAR.pdf)"
SEC-126.16(f),SEC-126.16,(f),f,1,Procedures for identifying authorized end-uses pursuant to paragraph (e) of this section:,,SEC-126.16,PART-126,"International Traffic in Arms Regulations (ITAR), 22 CFR Parts 120-130, amended through 2 October 2025 (KB 2/USA/ITAR.pdf)"
SEC-126.16(f)(1),SEC-126.16,(f)(1),1,2,"Operations, programs, and projects that can be publicly identified will be posted on the DDTC Website;",,SEC-126.16(f),PART-126,"International Traffic in Arms Regulations (ITAR), 22 CFR Parts 120-130, amended through 2 October 2025 (KB 2/USA/ITAR.pdf)"
SEC-126.16(f)(2),SEC-126.16,(f)(2),2,2,"Operations, programs, and projects that cannot be publicly identified will be confirmed in written correspondence from DDTC; or",,SEC-126.16(f),PART-126,"International Traffic in Arms Regulations (ITAR), 22 CFR Parts 120-130, amended through 2 October 2025 (KB 2/USA/ITAR.pdf)"
SEC-126.16(f)(3),SEC-126.16,(f)(3),3,2,U.S. Government end-use will be identified specifically in a U.S. Government contract or solicitation as being eligible under the Treaty.,,SEC-126.16(f),PART-126,"International Traffic in Arms Regulations (ITAR), 22 CFR Parts 120-130, amended through 2 October 2025 (KB 2/USA/ITAR.pdf)"
SEC-126.16(f)(4),SEC-126.16,(f)(4),4,2,"No other operations, programs, projects, or end-uses qualify for this exemption.",,SEC-126.16(f),PART-126,"International Traffic in Arms Regulations (ITAR), 22 CFR Parts 120-130, amended through 2 October 2025 (KB 2/USA/ITAR.pdf)"
SEC-126.16(g),SEC-126.16,(g),g,1,"Items eligible under this section. With the exception of items listed in Supplement No. 1 to part 126 of this subchapter, defense articles and defense services may be exported under this section subject to the following:",,SEC-126.16,PART-126,"International Traffic in Arms Regulations (ITAR), 22 CFR Parts 120-130, amended through 2 October 2025 (KB 2/USA/ITAR.pdf)"
SEC-126.16(g)(1),SEC-126.16,(g)(1),1,2,An exporter authorized pursuant to paragraph (b)(2) of this section may market a defense article to members of the Australian Community if that exporter has been licensed by DDTC to export (as defined by § 120.50 of this subchapter) the identical type of defense article to any foreign person and end-use of the article is for an end-use identified in paragraph (e) of this section.,,SEC-126.16(g),PART-126,"International Traffic in Arms Regulations (ITAR), 22 CFR Parts 120-130, amended through 2 October 2025 (KB 2/USA/ITAR.pdf)"
SEC-126.16(g)(2),SEC-126.16,(g)(2),2,2,"The export of any defense article specific to the existence of (e.g., reveals the existence of or details of) anti-tamper measures made at U.S. Government direction always requires prior written approval from DDTC.",,SEC-126.16(g),PART-126,"International Traffic in Arms Regulations (ITAR), 22 CFR Parts 120-130, amended through 2 October 2025 (KB 2/USA/ITAR.pdf)"
SEC-126.16(g)(3),SEC-126.16,(g)(3),3,2,"U.S.-origin classified defense articles or defense services may be exported only pursuant to a written request, directive, or contract from the U.S. Department of Defense that provides for the export of the classified defense article(s) or defense service(s).",,SEC-126.16(g),PART-126,"International Traffic in Arms Regulations (ITAR), 22 CFR Parts 120-130, amended through 2 October 2025 (KB 2/USA/ITAR.pdf)"
SEC-126.16(g)(4),SEC-126.16,(g)(4),4,2,"U.S.-origin defense articles specific to developmental systems that have not obtained written Milestone B approval from the U.S. Department of Defense milestone approval authority are not eligible for export unless such export is pursuant to a written solicitation or contract issued or awarded by the U.S. Department of Defense for an end-use identified pursuant to paragraph (e)(1), (2), or (4) of this section.",,SEC-126.16(g),PART-126,"International Traffic in Arms Regulations (ITAR), 22 CFR Parts 120-130, amended through 2 October 2025 (KB 2/USA/ITAR.pdf)"
SEC-126.16(g)(5),SEC-126.16,(g)(5),5,2,"Defense articles excluded by paragraph (g) of this section or Supplement No. 1 to part 126 of this subchapter (e.g., USML Category XI (a)(3) electronically scanned array radar excluded by Note 2) that are embedded in a larger system that is eligible to ship under this section (e.g., a ship, an aircraft) must separately comply with any restrictions placed on that embedded defense article under this subchapter. The exporter must obtain a license or other authorization from DDTC for the export of such embedded defense articles (for example, USML Category XI (a)(3) electronically scanned array radar systems that are exempt from this section that are incorporated in an aircraft that is eligible to ship under this section continue to require separate authorization from DDTC for their export, transfer, reexport, or retransfer).",,SEC-126.16(g),PART-126,"International Traffic in Arms Regulations (ITAR), 22 CFR Parts 120-130, amended through 2 October 2025 (KB 2/USA/ITAR.pdf)"
SEC-126.16(g)(6),SEC-126.16,(g)(6),6,2,"No liability shall be incurred by or attributed to the U.S. Government in connection with any possible infringement of privately owned patent or proprietary rights, either domestic or foreign, by reason of an export conducted pursuant to this section.",,SEC-126.16(g),PART-126,"International Traffic in Arms Regulations (ITAR), 22 CFR Parts 120-130, amended through 2 October 2025 (KB 2/USA/ITAR.pdf)"
SEC-126.16(g)(7),SEC-126.16,(g)(7),7,2,"Sales by exporters made through the U.S. Government shall not include either charges for patent rights in which the U.S. Government holds a royalty-free license, or charges for information which the U.S. Government has a right to use and disclose to others, which is in the public domain, or which the U.S. Government has acquired or is entitled to acquire without restrictions upon its use and disclosure to others.",,SEC-126.16(g),PART-126,"International Traffic in Arms Regulations (ITAR), 22 CFR Parts 120-130, amended through 2 October 2025 (KB 2/USA/ITAR.pdf)"
SEC-126.16(h),SEC-126.16,(h),h,1,"Transfers, retransfers, and reexports.",,SEC-126.16,PART-126,"International Traffic in Arms Regulations (ITAR), 22 CFR Parts 120-130, amended through 2 October 2025 (KB 2/USA/ITAR.pdf)"
SEC-126.16(h)(1),SEC-126.16,(h)(1),1,2,Any transfer of a defense article or defense service not exempted in Supplement No. 1 to part 126 of this subchapter by a member of the Australian Community (see paragraph (d) of this section for specific information on the identification of the Community) to another member of the Australian Community or the United States Community for an end-use that is authorized by this exemption (see paragraphs (e) and (f) of this section regarding authorized end-uses) is authorized under this exemption.,,SEC-126.16(h),PART-126,"International Traffic in Arms Regulations (ITAR), 22 CFR Parts 120-130, amended through 2 October 2025 (KB 2/USA/ITAR.pdf)"
SEC-126.16(h)(2),SEC-126.16,(h)(2),2,2,Any transfer or other provision of a defense article or defense service for an end-use that is not authorized by the exemption provided by this section is prohibited without a license or the prior written approval of DDTC (see paragraphs (e) and (f) of this section regarding authorized end-uses).,,SEC-126.16(h),PART-126,"International Traffic in Arms Regulations (ITAR), 22 CFR Parts 120-130, amended through 2 October 2025 (KB 2/USA/ITAR.pdf)"
SEC-126.16(h)(3),SEC-126.16,(h)(3),3,2,"Any retransfer or reexport, or other provision of a defense article or defense service by a member of the Australian Community to a foreign person that is not a member of the Australian Community, or to a U.S. person that is not a member of the United States Community, is prohibited without a license or the prior written approval of DDTC (see paragraph (d) of this section for specific information on the identification of the Australian Community).",,SEC-126.16(h),PART-126,"International Traffic in Arms Regulations (ITAR), 22 CFR Parts 120-130, amended through 2 October 2025 (KB 2/USA/ITAR.pdf)"
SEC-126.16(h)(4),SEC-126.16,(h)(4),4,2,"Any change in the use of a defense article or defense service previously exported, transferred, or obtained under this exemption by any foreign person, including a member of the Australian Community, to an end-use that is not authorized by this exemption is prohibited without a license or other written approval of DDTC (see paragraphs (e) and (f) of this section regarding authorized end-uses).",,SEC-126.16(h),PART-126,"International Traffic in Arms Regulations (ITAR), 22 CFR Parts 120-130, amended through 2 October 2025 (KB 2/USA/ITAR.pdf)"
SEC-126.16(h)(5),SEC-126.16,(h)(5),5,2,"Any retransfer, reexport, or change in end-use requiring such approval of the U.S. Government shall be made in accordance with § 123.9 of this subchapter.",,SEC-126.16(h),PART-126,"International Traffic in Arms Regulations (ITAR), 22 CFR Parts 120-130, amended through 2 October 2025 (KB 2/USA/ITAR.pdf)"
SEC-126.16(h)(6),SEC-126.16,(h)(6),6,2,"Defense articles excluded by paragraph (g) of this section or Supplement No. 1 to part126 of this subchapter (e.g., USML Category XI (a)(3) electronically scanned array radar systems) that are embedded in a larger system that is eligible to ship under this section (e.g., a ship, an aircraft) must separately comply with any restrictions placed on that embedded defense article unless otherwise specified. A license or other authorization must be obtained from DDTC for the export, transfer, reexport, retransfer, or change in end-use of any such embedded defense article (for example, USML Category XI(a)(3) electronically scanned array radar systems that are excluded from this section by aircraft that is eligible to ship under this section continue to require separate authorization from DDTC for their export, transfer, reexport, or retransfer).",,SEC-126.16(h),PART-126,"International Traffic in Arms Regulations (ITAR), 22 CFR Parts 120-130, amended through 2 October 2025 (KB 2/USA/ITAR.pdf)"
SEC-126.16(h)(7),SEC-126.16,(h)(7),7,2,"A license or prior approval from DDTC is not required for a transfer, retransfer, or reexport of an exported defense article or defense service under this section, if:",,SEC-126.16(h),PART-126,"International Traffic in Arms Regulations (ITAR), 22 CFR Parts 120-130, amended through 2 October 2025 (KB 2/USA/ITAR.pdf)"
SEC-126.16(h)(7)(i),SEC-126.16,(h)(7)(i),i,3,"The transfer of defense articles or defense services is made by a member of the United States Community to Australian Department of Defence (ADOD) elements deployed outside the Territory of Australia and engaged in an authorized end-use (see paragraphs (e) and (f) of this section regarding authorized end-uses) using ADOD transmission channels or the provisions of this section (Note: For purposes of paragraph (h)(7)(i) through (iv) of this section, per Section 9(9) of the Australia Implementing Arrangement, “ADOD Transmission channels” includes electronic transmission of a defense article and transmission of a defense article by an ADOD contracted carrier or freight forwarder that merely transports or arranges transport for the defense article in this instance.);",,SEC-126.16(h)(7),PART-126,"International Traffic in Arms Regulations (ITAR), 22 CFR Parts 120-130, amended through 2 October 2025 (KB 2/USA/ITAR.pdf)"
SEC-126.16(h)(7)(ii),SEC-126.16,(h)(7)(ii),ii,3,The transfer of defense articles or defense services is made by a member of the United States Community to an Approved Community member (either United States or Australian) that is operating in direct support of ADOD elements deployed outside the Territory of Australia and engaged in an authorized end-use (see paragraphs (e) and (f) of this section regarding authorized end-uses) using ADOD transmission channels or the provisions of this section;,,SEC-126.16(h)(7),PART-126,"International Traffic in Arms Regulations (ITAR), 22 CFR Parts 120-130, amended through 2 October 2025 (KB 2/USA/ITAR.pdf)"
SEC-126.16(h)(7)(iii),SEC-126.16,(h)(7)(iii),iii,3,The reexport is made by a member of the Australian Community to ADOD elements deployed outside the Territory of Australia engaged in an authorized end-use (see paragraphs (e) and (f) of this section regarding authorized end-uses) using ADOD transmission channels or the provisions of this section;,,SEC-126.16(h)(7),PART-126,"International Traffic in Arms Regulations (ITAR), 22 CFR Parts 120-130, amended through 2 October 2025 (KB 2/USA/ITAR.pdf)"
SEC-126.16(h)(7)(iv),SEC-126.16,(h)(7)(iv),iv,3,The reexport is made by a member of the Australian Community to an Approved Community member (either United States or Australian) that is operating in direct support of ADOD elements deployed outside the Territory of Australia engaged in an authorized end-use (see paragraphs (e) and (f) of this section regarding authorized end-uses) using ADOD transmission channels or the provisions of this section; or,,SEC-126.16(h)(7),PART-126,"International Traffic in Arms Regulations (ITAR), 22 CFR Parts 120-130, amended through 2 October 2025 (KB 2/USA/ITAR.pdf)"
SEC-126.16(h)(7)(v),SEC-126.16,(h)(7)(v),v,3,The defense article or defense service will be delivered to the ADOD for an authorized end-use (see paragraphs (e) and (f) of this section regarding authorized end-uses); the ADOD may deploy the item as necessary when conducting official business within or outside the Territory of Australia. The item must remain under the effective control of the ADOD while deployed and access may not be provided to unauthorized third parties.,,SEC-126.16(h)(7),PART-126,"International Traffic in Arms Regulations (ITAR), 22 CFR Parts 120-130, amended through 2 October 2025 (KB 2/USA/ITAR.pdf)"
SEC-126.16(h)(7)(8),SEC-126.16,(h)(7)(8),8,3,"U.S. persons registered, or required to be registered, pursuant to part 122 of this subchapter and members of the Australian Community must immediately notify DDTC of any actual or proposed sale, retransfer, or reexport of a defense article or defense service on the U.S. Munitions List originally exported under this exemption to any of the countries listed in § 126.1 of this subchapter or any person acting on behalf of such countries, whether within or outside the United States. Any person knowing or having reason to know of such a proposed or actual sale, reexport, or retransfer shall submit such information in writing to the Office of Defense Trade Controls Compliance, Directorate of Defense Trade Controls.",,SEC-126.16(h)(7),PART-126,"International Traffic in Arms Regulations (ITAR), 22 CFR Parts 120-130, amended through 2 October 2025 (KB 2/USA/ITAR.pdf)"
SEC-126.16(i),SEC-126.16,(i),i,1,Transitions.,,SEC-126.16,PART-126,"International Traffic in Arms Regulations (ITAR), 22 CFR Parts 120-130, amended through 2 October 2025 (KB 2/USA/ITAR.pdf)"
SEC-126.16(i)(1),SEC-126.16,(i)(1),1,2,Any previous export of a defense article under a license or other approval of the U.S. Department of State remains subject to the conditions and limitations of the original license or authorization unless DDTC has approved in writing a transition to this section.,,SEC-126.16(i),PART-126,"International Traffic in Arms Regulations (ITAR), 22 CFR Parts 120-130, amended through 2 October 2025 (KB 2/USA/ITAR.pdf)"
SEC-126.16(i)(2),SEC-126.16,(i)(2),2,2,"If a U.S. exporter desires to transition from an existing license or other approval to the use of the provisions of this section, the following is required:",,SEC-126.16(i),PART-126,"International Traffic in Arms Regulations (ITAR), 22 CFR Parts 120-130, amended through 2 October 2025 (KB 2/USA/ITAR.pdf)"
SEC-126.16(i)(2)(i),SEC-126.16,(i)(2)(i),i,3,"The U.S. exporter must submit a written request to DDTC, which identifies the defense articles or defense services to be transitioned, the existing license(s) or other authorizations under which the defense articles or defense services were originally exported, and the Treaty-eligible end-use for which the defense articles or defense services will be used. Any license(s) filed with U.S. Customs and Border Protection should remain on file until the exporter has received approval from DDTC to retire the license(s) and transition to this section. When this approval is conveyed to U.S. Customs and Border Protection by DDTC, the license(s) will be returned to DDTC by U.S. Customs and Border Protection in accord with existing procedures for the return of expired licenses in § 123.22(c) of this subchapter.",,SEC-126.16(i)(2),PART-126,"International Traffic in Arms Regulations (ITAR), 22 CFR Parts 120-130, amended through 2 October 2025 (KB 2/USA/ITAR.pdf)"
SEC-126.16(i)(2)(ii),SEC-126.16,(i)(2)(ii),ii,3,Any license(s) not filed with U.S. Customs and Border Protection must be returned to DDTC with a letter citing approval by DDTC to transition to this section as the reason for returning the license(s).,,SEC-126.16(i)(2),PART-126,"International Traffic in Arms Regulations (ITAR), 22 CFR Parts 120-130, amended through 2 October 2025 (KB 2/USA/ITAR.pdf)"
SEC-126.16(i)(3),SEC-126.16,(i)(3),3,2,"If a member of the Australian Community desires to transition defense articles received under an existing license or other approval to the processes established under the Treaty, the Australian Community member must submit a written request to the Government of Australia. The Government of Australia will submit the request to DDTC for review and approval. The defense article or defense service shall remain subject to the conditions and limitations of the existing license or other approval until the Australian Community member has received via the Government of Australia the approval from DDTC.",,SEC-126.16(i),PART-126,"International Traffic in Arms Regulations (ITAR), 22 CFR Parts 120-130, amended through 2 October 2025 (KB 2/USA/ITAR.pdf)"
SEC-126.16(i)(4),SEC-126.16,(i)(4),4,2,"Authorized exporters identified in paragraph (b)(2) of this section who have exported a defense article or defense service that has subsequently been placed on the list of exempted items in Supplement No. 1 to part 126 of this subchapter must review and adhere to the requirements in the relevant Federal Register notice announcing such removal. Once removed, the defense article or defense service will no longer be subject to this section, and such defense article or defense service previously exported shall remain on the U.S. Munitions List and be subject to the requirements of this subchapter unless the applicable Federal Register notice states otherwise. Subsequent reexport or retransfer must be made pursuant to § 123.9 of this subchapter.",,SEC-126.16(i),PART-126,"International Traffic in Arms Regulations (ITAR), 22 CFR Parts 120-130, amended through 2 October 2025 (KB 2/USA/ITAR.pdf)"
SEC-126.16(i)(5),SEC-126.16,(i)(5),5,2,Any defense article or defense service transitioned from a license or other approval to treatment under this section must be marked in accordance with the requirements of paragraph (j) of this section.,,SEC-126.16(i),PART-126,"International Traffic in Arms Regulations (ITAR), 22 CFR Parts 120-130, amended through 2 October 2025 (KB 2/USA/ITAR.pdf)"
SEC-126.16(j),SEC-126.16,(j),j,1,Marking of exports.,,SEC-126.16,PART-126,"International Traffic in Arms Regulations (ITAR), 22 CFR Parts 120-130, amended through 2 October 2025 (KB 2/USA/ITAR.pdf)"
SEC-126.16(j)(1),SEC-126.16,(j)(1),1,2,All defense articles and defense services exported or transitioned pursuant to the Defense Trade Cooperation Treaty between the United States and Australia and this section shall be marked or identified prior to movement as follows:,,SEC-126.16(j),PART-126,"International Traffic in Arms Regulations (ITAR), 22 CFR Parts 120-130, amended through 2 October 2025 (KB 2/USA/ITAR.pdf)"
SEC-126.16(j)(1)(i),SEC-126.16,(j)(1)(i),i,3,"For classified defense articles and defense services the standard marking or identification shall read“//CLASSIFICATION LEVEL USML//REL AUS and USA Treaty Community//.” For example, for defense articles classified SECRET, the marking or identification shall be “//SECRET USML//REL AUS and USA Treaty Community//.”",,SEC-126.16(j)(1),PART-126,"International Traffic in Arms Regulations (ITAR), 22 CFR Parts 120-130, amended through 2 October 2025 (KB 2/USA/ITAR.pdf)"
SEC-126.16(j)(1)(ii),SEC-126.16,(j)(1)(ii),ii,3,Unclassified defense articles and defense services exported under or transitioned pursuant to this section shall be handled while in Australia as “Restricted USML” and the standard marking or identification shall read“//RESTRICTED USML//REL AUS and USA Treaty Community//.”,,SEC-126.16(j)(1),PART-126,"International Traffic in Arms Regulations (ITAR), 22 CFR Parts 120-130, amended through 2 October 2025 (KB 2/USA/ITAR.pdf)"
SEC-126.16(j)(2),SEC-126.16,(j)(2),2,2,"Where U.S.-origin defense articles are returned to a member of the United States Community identified in paragraph (b) of this section, any defense articles marked or identified pursuant to paragraph (j)(1)(ii) of this section as “//RESTRICTED USML//REL AUS and USA Treaty Community//” will be considered unclassified and the marking or identification shall be removed; and",,SEC-126.16(j),PART-126,"International Traffic in Arms Regulations (ITAR), 22 CFR Parts 120-130, amended through 2 October 2025 (KB 2/USA/ITAR.pdf)"
SEC-126.16(j)(3),SEC-126.16,(j)(3),3,2,The standard marking and identification requirements are as follows:,,SEC-126.16(j),PART-126,"International Traffic in Arms Regulations (ITAR), 22 CFR Parts 120-130, amended through 2 October 2025 (KB 2/USA/ITAR.pdf)"
SEC-126.16(j)(3)(i),SEC-126.16,(j)(3)(i),i,3,"Defense articles (other than technical data) shall be individually labeled with the appropriate identification detailed in paragraphs (j)(1) and (j)(2) of this section; or, where such labeling is impracticable (e.g., propellants, chemicals), shall be accompanied by documentation (such as contracts or invoices) clearly associating the defense articles with the appropriate markings as detailed in paragraphs",,SEC-126.16(j)(3),PART-126,"International Traffic in Arms Regulations (ITAR), 22 CFR Parts 120-130, amended through 2 October 2025 (KB 2/USA/ITAR.pdf)"
SEC-126.16(j)(3)(j),SEC-126.16,(j)(3)(j),j,3,(1)(i) and (j)(1)(ii) of this section;,,SEC-126.16(j)(3),PART-126,"International Traffic in Arms Regulations (ITAR), 22 CFR Parts 120-130, amended through 2 October 2025 (KB 2/USA/ITAR.pdf)"
SEC-126.16(j)(3)(ii),SEC-126.16,(j)(3)(ii),ii,3,"Technical data (including data packages, technical papers, manuals, presentations, specifications, guides and reports), regardless of media or means of transmission (physical, oral, or electronic), shall be individually labeled with the appropriate identification detailed in paragraphs (j)(1) and (j)(2) of this section; or, where such labeling is impractical shall be accompanied by documentation (such as contracts or invoices) or verbal notification clearly associating the technical data with the appropriate markings as detailed in paragraphs (j)(1)(i) and (j)(1)(ii) of this section; and",,SEC-126.16(j)(3),PART-126,"International Traffic in Arms Regulations (ITAR), 22 CFR Parts 120-130, amended through 2 October 2025 (KB 2/USA/ITAR.pdf)"
SEC-126.16(j)(4),SEC-126.16,(j)(4),4,2,"Defense services shall be accompanied by documentation (contracts, invoices, shipping bills, or bills of lading) clearly labeled with the appropriate identification detailed in paragraphs (j)(1) and (j)(2) of this section.",,SEC-126.16(j),PART-126,"International Traffic in Arms Regulations (ITAR), 22 CFR Parts 120-130, amended through 2 October 2025 (KB 2/USA/ITAR.pdf)"
SEC-126.16(j)(5),SEC-126.16,(j)(5),5,2,"The exporter shall incorporate the following statement as an integral part of the bill of lading and the invoice whenever defense articles are to be exported: “These U.S. Munitions List commodities are authorized by the U.S. Government under the U.S.- Australia Defense Trade Cooperation Treaty for export only to Australia for use in approved projects, programs or operations by members of the Australian Community. They may not be retransferred or reexported or used outside of an approved project, program, or operation, either in their original form or after being incorporated into other end-items, without the prior written approval of the U.S. Department of State.”",,SEC-126.16(j),PART-126,"International Traffic in Arms Regulations (ITAR), 22 CFR Parts 120-130, amended through 2 October 2025 (KB 2/USA/ITAR.pdf)"
SEC-126.16(k),SEC-126.16,(k),k,1,Intermediate consignees.,,SEC-126.16,PART-126,"International Traffic in Arms Regulations (ITAR), 22 CFR Parts 120-130, amended through 2 October 2025 (KB 2/USA/ITAR.pdf)"
SEC-126.16(k)(1),SEC-126.16,(k)(1),1,2,Unclassified exports under this section may only be handled by:,,SEC-126.16(k),PART-126,"International Traffic in Arms Regulations (ITAR), 22 CFR Parts 120-130, amended through 2 October 2025 (KB 2/USA/ITAR.pdf)"
SEC-126.16(k)(1)(i),SEC-126.16,(k)(1)(i),i,3,U.S. intermediate consignees who are:,,SEC-126.16(k)(1),PART-126,"International Traffic in Arms Regulations (ITAR), 22 CFR Parts 120-130, amended through 2 October 2025 (KB 2/USA/ITAR.pdf)"
SEC-126.16(k)(1)(i)(A),SEC-126.16,(k)(1)(i)(A),A,4,Exporters registered with DDTC and eligible;,,SEC-126.16(k)(1)(i),PART-126,"International Traffic in Arms Regulations (ITAR), 22 CFR Parts 120-130, amended through 2 October 2025 (KB 2/USA/ITAR.pdf)"
SEC-126.16(k)(1)(i)(B),SEC-126.16,(k)(1)(i)(B),B,4,Licensed customs brokers who are subject to background investigation and have passed a comprehensive examination administered by U.S. Customs and Border Protection; or,,SEC-126.16(k)(1)(i),PART-126,"International Traffic in Arms Regulations (ITAR), 22 CFR Parts 120-130, amended through 2 October 2025 (KB 2/USA/ITAR.pdf)"
SEC-126.16(k)(1)(i)(C),SEC-126.16,(k)(1)(i)(C),C,4,"Commercial air freight and surface shipment carriers, freight forwarders, or other parties not exempt from registration under § 129.3(b)(3) of this subchapter, that are identified at the time of export as being on the U.S. Department of Defense Civil Reserve Air Fleet (CRAF) list of approved air carriers, a link to which is available on the DDTC Web site; or",,SEC-126.16(k)(1)(i),PART-126,"International Traffic in Arms Regulations (ITAR), 22 CFR Parts 120-130, amended through 2 October 2025 (KB 2/USA/ITAR.pdf)"
SEC-126.16(k)(1)(ii),SEC-126.16,(k)(1)(ii),ii,3,Australian intermediate consignees who are:,,SEC-126.16(k)(1),PART-126,"International Traffic in Arms Regulations (ITAR), 22 CFR Parts 120-130, amended through 2 October 2025 (KB 2/USA/ITAR.pdf)"
SEC-126.16(k)(1)(ii)(A),SEC-126.16,(k)(1)(ii)(A),A,4,Members of the Australian Community; or,,SEC-126.16(k)(1)(ii),PART-126,"International Traffic in Arms Regulations (ITAR), 22 CFR Parts 120-130, amended through 2 October 2025 (KB 2/USA/ITAR.pdf)"
SEC-126.16(k)(1)(ii)(B),SEC-126.16,(k)(1)(ii)(B),B,4,"Freight forwarders, customs brokers, commercial air freight and surface shipment carriers, or other Australian parties that are identified at the time of export as being on the list of Authorized Australian Intermediate Consignees, which is available on the DDTC Web site.",,SEC-126.16(k)(1)(ii),PART-126,"International Traffic in Arms Regulations (ITAR), 22 CFR Parts 120-130, amended through 2 October 2025 (KB 2/USA/ITAR.pdf)"
SEC-126.16(k)(2),SEC-126.16,(k)(2),2,2,Classified exports must comply with the security requirements of the National Industrial Security Program Operating Manual (DoD 5220.22-M and supplements or successors).,,SEC-126.16(k),PART-126,"International Traffic in Arms Regulations (ITAR), 22 CFR Parts 120-130, amended through 2 October 2025 (KB 2/USA/ITAR.pdf)"
SEC-126.16(l),SEC-126.16,(l),l,1,Records.,,SEC-126.16,PART-126,"International Traffic in Arms Regulations (ITAR), 22 CFR Parts 120-130, amended through 2 October 2025 (KB 2/USA/ITAR.pdf)"
SEC-126.16(l)(1),SEC-126.16,(l)(1),1,2,"All exporters authorized pursuant to paragraph (b)(2) of this section who export defense articles or defense services pursuant to the Defense Trade Cooperation Treaty between the United States and Australia and this section shall maintain detailed records of their exports, imports, and transfers. Exporters shall also maintain detailed records of any reexports, and retransfers approved or otherwise authorized by DDTC of defense articles or defense services subject to the Defense Trade Cooperation Treaty between the United States and Australia and this section. These records shall be maintained for a minimum of five years from the date of export, import, transfer, reexport, or retransfer and shall be made available upon request to DDTC or a person designated by DDTC (e.g., the Diplomatic Security Service) or U.S. Immigration and Customs Enforcement, or U.S. Customs and Border Protection. Records in an electronic format must be maintained using a process or system capable of reproducing all records on paper. Such records when displayed on a viewer, monitor, or reproduced on paper, must exhibit a high degree of legibility and readability. (For the purpose of this section, “legible” and “legibility” mean the quality of a letter or numeral that enables the observer to identify it positively and quickly to the exclusion of all other letters or numerals. “Readable” and “readability” means the quality of a group of letters or numerals being recognized as complete words or numbers.). These records shall consist of the following:",,SEC-126.16(l),PART-126,"International Traffic in Arms Regulations (ITAR), 22 CFR Parts 120-130, amended through 2 October 2025 (KB 2/USA/ITAR.pdf)"
SEC-126.16(l)(1)(i),SEC-126.16,(l)(1)(i),i,3,Port of entry/exit;,,SEC-126.16(l)(1),PART-126,"International Traffic in Arms Regulations (ITAR), 22 CFR Parts 120-130, amended through 2 October 2025 (KB 2/USA/ITAR.pdf)"
SEC-126.16(l)(1)(ii),SEC-126.16,(l)(1)(ii),ii,3,Date of export/import;,,SEC-126.16(l)(1),PART-126,"International Traffic in Arms Regulations (ITAR), 22 CFR Parts 120-130, amended through 2 October 2025 (KB 2/USA/ITAR.pdf)"
SEC-126.16(l)(1)(iii),SEC-126.16,(l)(1)(iii),iii,3,Method of export/import;,,SEC-126.16(l)(1),PART-126,"International Traffic in Arms Regulations (ITAR), 22 CFR Parts 120-130, amended through 2 October 2025 (KB 2/USA/ITAR.pdf)"
SEC-126.16(l)(1)(iv),SEC-126.16,(l)(1)(iv),iv,3,"Commodity code and description of the commodity, including technical data;",,SEC-126.16(l)(1),PART-126,"International Traffic in Arms Regulations (ITAR), 22 CFR Parts 120-130, amended through 2 October 2025 (KB 2/USA/ITAR.pdf)"
SEC-126.16(l)(1)(v),SEC-126.16,(l)(1)(v),v,3,Value of export;,,SEC-126.16(l)(1),PART-126,"International Traffic in Arms Regulations (ITAR), 22 CFR Parts 120-130, amended through 2 October 2025 (KB 2/USA/ITAR.pdf)"
SEC-126.16(l)(1)(vi),SEC-126.16,(l)(1)(vi),vi,3,Reference to this section and justification for export under the Treaty;,,SEC-126.16(l)(1),PART-126,"International Traffic in Arms Regulations (ITAR), 22 CFR Parts 120-130, amended through 2 October 2025 (KB 2/USA/ITAR.pdf)"
SEC-126.16(l)(1)(vii),SEC-126.16,(l)(1)(vii),vii,3,End-user/end-use;,,SEC-126.16(l)(1),PART-126,"International Traffic in Arms Regulations (ITAR), 22 CFR Parts 120-130, amended through 2 October 2025 (KB 2/USA/ITAR.pdf)"
SEC-126.16(l)(1)(viii),SEC-126.16,(l)(1)(viii),viii,3,Identification of all U.S. and foreign parties to the transaction;,,SEC-126.16(l)(1),PART-126,"International Traffic in Arms Regulations (ITAR), 22 CFR Parts 120-130, amended through 2 October 2025 (KB 2/USA/ITAR.pdf)"
SEC-126.16(l)(1)(ix),SEC-126.16,(l)(1)(ix),ix,3,How the export was marked;,,SEC-126.16(l)(1),PART-126,"International Traffic in Arms Regulations (ITAR), 22 CFR Parts 120-130, amended through 2 October 2025 (KB 2/USA/ITAR.pdf)"
SEC-126.16(l)(1)(x),SEC-126.16,(l)(1)(x),x,3,Security classification of the export;,,SEC-126.16(l)(1),PART-126,"International Traffic in Arms Regulations (ITAR), 22 CFR Parts 120-130, amended through 2 October 2025 (KB 2/USA/ITAR.pdf)"
SEC-126.16(l)(1)(xi),SEC-126.16,(l)(1)(xi),xi,3,All written correspondence with the U.S. Government on the export;,,SEC-126.16(l)(1),PART-126,"International Traffic in Arms Regulations (ITAR), 22 CFR Parts 120-130, amended through 2 October 2025 (KB 2/USA/ITAR.pdf)"
SEC-126.16(l)(1)(xii),SEC-126.16,(l)(1)(xii),xii,3,"All information relating to political contributions, fees, or commissions furnished or obtained, offered, solicited, or agreed upon as outlined in paragraph (m) of this section;",,SEC-126.16(l)(1),PART-126,"International Traffic in Arms Regulations (ITAR), 22 CFR Parts 120-130, amended through 2 October 2025 (KB 2/USA/ITAR.pdf)"
SEC-126.16(l)(1)(xiii),SEC-126.16,(l)(1)(xiii),xiii,3,Purchase order or contract;,,SEC-126.16(l)(1),PART-126,"International Traffic in Arms Regulations (ITAR), 22 CFR Parts 120-130, amended through 2 October 2025 (KB 2/USA/ITAR.pdf)"
SEC-126.16(l)(1)(xiv),SEC-126.16,(l)(1)(xiv),xiv,3,Technical data actually exported;,,SEC-126.16(l)(1),PART-126,"International Traffic in Arms Regulations (ITAR), 22 CFR Parts 120-130, amended through 2 October 2025 (KB 2/USA/ITAR.pdf)"
SEC-126.16(l)(1)(xv),SEC-126.16,(l)(1)(xv),xv,3,The Internal Transaction Number for the Electronic Export Information filing using U.S. Customs and Border Protection's electronic system(s);,,SEC-126.16(l)(1),PART-126,"International Traffic in Arms Regulations (ITAR), 22 CFR Parts 120-130, amended through 2 October 2025 (KB 2/USA/ITAR.pdf)"
SEC-126.16(l)(1)(xvi),SEC-126.16,(l)(1)(xvi),xvi,3,"All shipping documentation (including, but not limited to the airway bill, bill of lading, packing list, delivery verification, and invoice); and",,SEC-126.16(l)(1),PART-126,"International Traffic in Arms Regulations (ITAR), 22 CFR Parts 120-130, amended through 2 October 2025 (KB 2/USA/ITAR.pdf)"
SEC-126.16(l)(1)(xvii),SEC-126.16,(l)(1)(xvii),xvii,3,Statement of Registration (Form DS-2032).,,SEC-126.16(l)(1),PART-126,"International Traffic in Arms Regulations (ITAR), 22 CFR Parts 120-130, amended through 2 October 2025 (KB 2/USA/ITAR.pdf)"
SEC-126.16(l)(2),SEC-126.16,(l)(2),2,2,"Filing of export information. All exporters of defense articles under the Defense Trade Cooperation Treaty between the United States and Australia and this section must electronically file Electronic Export Information (EEI) using U.S. Customs and Border Protection's electronic system(s), citing one of the four below referenced codes in the appropriate field in the EEI for each shipment:",,SEC-126.16(l),PART-126,"International Traffic in Arms Regulations (ITAR), 22 CFR Parts 120-130, amended through 2 October 2025 (KB 2/USA/ITAR.pdf)"
SEC-126.16(l)(2)(i),SEC-126.16,(l)(2)(i),i,3,"For exports in support of United States and Australian combined military or counter- terrorism operations identify § 126.16(e)(1) (the name or an appropriate description of the operation shall be placed in the appropriate field in the EEI, as well);",,SEC-126.16(l)(2),PART-126,"International Traffic in Arms Regulations (ITAR), 22 CFR Parts 120-130, amended through 2 October 2025 (KB 2/USA/ITAR.pdf)"
SEC-126.16(l)(2)(ii),SEC-126.16,(l)(2)(ii),ii,3,"For exports in support of United States and Australian cooperative security and defense research, development, production, and support programs identify § 126.16(e)(2) (the name or an appropriate description of the program shall be placed in the appropriate field in the EEI, as well);",,SEC-126.16(l)(2),PART-126,"International Traffic in Arms Regulations (ITAR), 22 CFR Parts 120-130, amended through 2 October 2025 (KB 2/USA/ITAR.pdf)"
SEC-126.16(l)(2)(iii),SEC-126.16,(l)(2)(iii),iii,3,"For exports in support of mutually determined specific security and defense projects where the Government of Australia is the end-user identify § 126.16(e)(3) (the name or an appropriate description of the project shall be placed in the appropriate field in the EEI, as well); or",,SEC-126.16(l)(2),PART-126,"International Traffic in Arms Regulations (ITAR), 22 CFR Parts 120-130, amended through 2 October 2025 (KB 2/USA/ITAR.pdf)"
SEC-126.16(l)(2)(iv),SEC-126.16,(l)(2)(iv),iv,3,"For exports that will have a U.S. Government end-use identify § 126.16(e)(4) (the U.S. Government contract number or solicitation number (e.g., “U.S. Government contract number XXXXX”) shall be placed in the appropriate field in the EEI, as well). Such exports must meet the required export documentation and filing guidelines, including for defense services, of § 123.22(a), (b)(1), and (b)(2) of this subchapter.",,SEC-126.16(l)(2),PART-126,"International Traffic in Arms Regulations (ITAR), 22 CFR Parts 120-130, amended through 2 October 2025 (KB 2/USA/ITAR.pdf)"
SEC-126.16(m),SEC-126.16,(m),m,1,"Fees and commissions. All exporters authorized pursuant to paragraph (b)(2) of this section shall, with respect to each export, transfer, reexport, or retransfer, pursuant to the Defense Trade Cooperation Treaty between the United States and Australia and this section, submit a statement to DDTC containing the information identified in § 130.10 of this subchapter relating to fees, commissions, and political contributions on contracts or other instruments valued in an amount of $500,000 or more.",,SEC-126.16,PART-126,"International Traffic in Arms Regulations (ITAR), 22 CFR Parts 120-130, amended through 2 October 2025 (KB 2/USA/ITAR.pdf)"
SEC-126.16(n),SEC-126.16,(n),n,1,Violations and enforcement.,,SEC-126.16,PART-126,"International Traffic in Arms Regulations (ITAR), 22 CFR Parts 120-130, amended through 2 October 2025 (KB 2/USA/ITAR.pdf)"
SEC-126.16(n)(1),SEC-126.16,(n)(1),1,2,"Exports, transfers, reexports, and retransfers that do not comply with the conditions prescribed in this section will constitute violations of the Arms Export Control Act and this subchapter, and are subject to all relevant criminal, civil, and administrative penalties (see § 127.1 of this subchapter) and may also be subject to penalty under other statutes or regulations.",,SEC-126.16(n),PART-126,"International Traffic in Arms Regulations (ITAR), 22 CFR Parts 120-130, amended through 2 October 2025 (KB 2/USA/ITAR.pdf)"
SEC-126.16(n)(2),SEC-126.16,(n)(2),2,2,"U.S. Immigration and Customs Enforcement and U.S. Customs and Border Protection officers may take appropriate action to ensure compliance with this section as to the export or the attempted export of any defense article or technical data, including the inspection of loading or unloading of any vessel, vehicle, or aircraft.",,SEC-126.16(n),PART-126,"International Traffic in Arms Regulations (ITAR), 22 CFR Parts 120-130, amended through 2 October 2025 (KB 2/USA/ITAR.pdf)"
SEC-126.16(n)(3),SEC-126.16,(n)(3),3,2,"U.S. Immigration and Customs Enforcement and U.S. Customs and Border Protection officers have the authority to investigate, detain, or seize any export or attempted export of defense articles or technical data that does not comply with this section or that is otherwise unlawful.",,SEC-126.16(n),PART-126,"International Traffic in Arms Regulations (ITAR), 22 CFR Parts 120-130, amended through 2 October 2025 (KB 2/USA/ITAR.pdf)"
SEC-126.16(n)(4),SEC-126.16,(n)(4),4,2,"DDTC or a person designated by DDTC (e.g., the Diplomatic Security Service), U.S. Immigration and Customs Enforcement, or U.S. Customs and Border Protection may require the production of documents and information relating to any actual or attempted export, transfer, reexport, or retransfer pursuant to this section. Any foreign person refusing to provide such records within a reasonable period of time shall be suspended from the Australian Community and ineligible to receive defense articles or defense services pursuant to the exemption under this section or otherwise.",,SEC-126.16(n),PART-126,"International Traffic in Arms Regulations (ITAR), 22 CFR Parts 120-130, amended through 2 October 2025 (KB 2/USA/ITAR.pdf)"
SEC-126.16(o),SEC-126.16,(o),o,1,Procedures for legislative notification.,,SEC-126.16,PART-126,"International Traffic in Arms Regulations (ITAR), 22 CFR Parts 120-130, amended through 2 October 2025 (KB 2/USA/ITAR.pdf)"
SEC-126.16(o)(1),SEC-126.16,(o)(1),1,2,Exports pursuant to the Defense Trade Cooperation Treaty between the United States and Australia and this section by any person identified in paragraph (b)(2) of this section shall not take place until 30 days after DDTC has acknowledged receipt of a written notification from the exporter notifying the Department of State if the export involves one or more of the following:,,SEC-126.16(o),PART-126,"International Traffic in Arms Regulations (ITAR), 22 CFR Parts 120-130, amended through 2 October 2025 (KB 2/USA/ITAR.pdf)"
SEC-126.16(o)(1)(i),SEC-126.16,(o)(1)(i),i,3,"A contract or other instrument for the export of major defense equipment in the amount of $25,000,000 or more, or for defense articles and defense services in the amount of $100,000,000 or more;",,SEC-126.16(o)(1),PART-126,"International Traffic in Arms Regulations (ITAR), 22 CFR Parts 120-130, amended through 2 October 2025 (KB 2/USA/ITAR.pdf)"
SEC-126.16(o)(1)(ii),SEC-126.16,(o)(1)(ii),ii,3,"A contract for the export of firearms controlled under Category I of the U.S. Munitions List of the International Traffic in Arms Regulations in an amount of $1,000,000 or more;",,SEC-126.16(o)(1),PART-126,"International Traffic in Arms Regulations (ITAR), 22 CFR Parts 120-130, amended through 2 October 2025 (KB 2/USA/ITAR.pdf)"
SEC-126.16(o)(1)(iii),SEC-126.16,(o)(1)(iii),iii,3,"A contract, regardless of value, for the manufacturing abroad of any item of significant military equipment see § 120..36 of this subchapter); or",,SEC-126.16(o)(1),PART-126,"International Traffic in Arms Regulations (ITAR), 22 CFR Parts 120-130, amended through 2 October 2025 (KB 2/USA/ITAR.pdf)"
SEC-126.16(o)(1)(iv),SEC-126.16,(o)(1)(iv),iv,3,An amended contract that meets the requirements of paragraphs (o)(1)(i) through,,SEC-126.16(o)(1),PART-126,"International Traffic in Arms Regulations (ITAR), 22 CFR Parts 120-130, amended through 2 October 2025 (KB 2/USA/ITAR.pdf)"
SEC-126.16(o)(1)(iv)(o),SEC-126.16,(o)(1)(iv)(o),o,4,(1)(iii) of this section.,,SEC-126.16(o)(1)(iv),PART-126,"International Traffic in Arms Regulations (ITAR), 22 CFR Parts 120-130, amended through 2 October 2025 (KB 2/USA/ITAR.pdf)"
SEC-126.16(o)(2),SEC-126.16,(o)(2),2,2,"The written notification required in paragraph (o)(1) of this section shall indicate the item/model number, general item description, U.S. Munitions List category, value, and quantity of items to be exported pursuant to the Defense Trade Cooperation Treaty between the United States and Australia and this section, and shall be accompanied by the following additional information:",,SEC-126.16(o),PART-126,"International Traffic in Arms Regulations (ITAR), 22 CFR Parts 120-130, amended through 2 October 2025 (KB 2/USA/ITAR.pdf)"
SEC-126.16(o)(2)(i),SEC-126.16,(o)(2)(i),i,3,The information identified in § 130.10 and § 130.11 of this subchapter;,,SEC-126.16(o)(2),PART-126,"International Traffic in Arms Regulations (ITAR), 22 CFR Parts 120-130, amended through 2 October 2025 (KB 2/USA/ITAR.pdf)"
SEC-126.16(o)(2)(ii),SEC-126.16,(o)(2)(ii),ii,3,A statement regarding whether any offset agreement is final to be entered into in connection with the export and a description of any such offset agreement;,,SEC-126.16(o)(2),PART-126,"International Traffic in Arms Regulations (ITAR), 22 CFR Parts 120-130, amended through 2 October 2025 (KB 2/USA/ITAR.pdf)"
SEC-126.16(o)(2)(iii),SEC-126.16,(o)(2)(iii),iii,3,A copy of the signed contract; and,,SEC-126.16(o)(2),PART-126,"International Traffic in Arms Regulations (ITAR), 22 CFR Parts 120-130, amended through 2 October 2025 (KB 2/USA/ITAR.pdf)"
SEC-126.16(o)(2)(iv),SEC-126.16,(o)(2)(iv),iv,3,"If the notification is for paragraph (o)(1)(ii) of this section, a statement of what will happen to the weapons in their inventory (for example, whether the current inventory will be sold, reassigned to another service branch, destroyed, etc.).",,SEC-126.16(o)(2),PART-126,"International Traffic in Arms Regulations (ITAR), 22 CFR Parts 120-130, amended through 2 October 2025 (KB 2/USA/ITAR.pdf)"
SEC-126.16(o)(3),SEC-126.16,(o)(3),3,2,The Department of State will notify the Congress of exports that meet the requirements of paragraph (o)(1) of this section.,,SEC-126.16(o),PART-126,"International Traffic in Arms Regulations (ITAR), 22 CFR Parts 120-130, amended through 2 October 2025 (KB 2/USA/ITAR.pdf)"
SEC-126.17(a),SEC-126.17,(a),a,1,Scope of exemption and required conditions –,,SEC-126.17,PART-126,"International Traffic in Arms Regulations (ITAR), 22 CFR Parts 120-130, amended through 2 October 2025 (KB 2/USA/ITAR.pdf)"
SEC-126.17(a)(1),SEC-126.17,(a)(1),1,2,Definitions.,,SEC-126.17(a),PART-126,"International Traffic in Arms Regulations (ITAR), 22 CFR Parts 120-130, amended through 2 October 2025 (KB 2/USA/ITAR.pdf)"
SEC-126.17(a)(1)(i),SEC-126.17,(a)(1)(i),i,3,"An export means, for purposes of this section only, the initial movement of defense articles or defense services from the United States Community to the United Kingdom Community.",,SEC-126.17(a)(1),PART-126,"International Traffic in Arms Regulations (ITAR), 22 CFR Parts 120-130, amended through 2 October 2025 (KB 2/USA/ITAR.pdf)"
SEC-126.17(a)(1)(ii),SEC-126.17,(a)(1)(ii),ii,3,"A transfer means, for purposes of this section only, the movement of a previously exported defense article or defense service by a member of the United Kingdom Community within the United Kingdom Community, or between a member of the United States Community and a member of the United Kingdom Community.",,SEC-126.17(a)(1),PART-126,"International Traffic in Arms Regulations (ITAR), 22 CFR Parts 120-130, amended through 2 October 2025 (KB 2/USA/ITAR.pdf)"
SEC-126.17(a)(1)(iii),SEC-126.17,(a)(1)(iii),iii,3,Reexport and retransfer.,,SEC-126.17(a)(1),PART-126,"International Traffic in Arms Regulations (ITAR), 22 CFR Parts 120-130, amended through 2 October 2025 (KB 2/USA/ITAR.pdf)"
SEC-126.17(a)(1)(iii)(A),SEC-126.17,(a)(1)(iii)(A),A,4,"Reexport means, for purposes of this section only, movement of previously Exported Defense Articles by a member of the United Kingdom Community from the Approved Community to a location outside the Territory of the United Kingdom.",,SEC-126.17(a)(1)(iii),PART-126,"International Traffic in Arms Regulations (ITAR), 22 CFR Parts 120-130, amended through 2 October 2025 (KB 2/USA/ITAR.pdf)"
SEC-126.17(a)(1)(iii)(B),SEC-126.17,(a)(1)(iii)(B),B,4,"Retransfer means, for purposes of this section only, the movement of previously Exported Defense Articles by a member of the United Kingdom Community from the Approved Community to a location within the Territory of the United Kingdom.",,SEC-126.17(a)(1)(iii),PART-126,"International Traffic in Arms Regulations (ITAR), 22 CFR Parts 120-130, amended through 2 October 2025 (KB 2/USA/ITAR.pdf)"
SEC-126.17(a)(1)(iv),SEC-126.17,(a)(1)(iv),iv,3,"Intermediate consignee means, for purposes of this section, an approved entity or person who receives, but does not have access to, defense articles, including technical data, for the sole purpose of effecting onward movement to members of the Approved Community (see paragraph (k) of this section).",,SEC-126.17(a)(1),PART-126,"International Traffic in Arms Regulations (ITAR), 22 CFR Parts 120-130, amended through 2 October 2025 (KB 2/USA/ITAR.pdf)"
SEC-126.17(a)(2),SEC-126.17,(a)(2),2,2,"Persons or entities exporting or transferring defense articles or defense services are exempt from the otherwise applicable licensing requirements if such persons or entities comply with the regulations set forth in this section. Except as provided in Supplement No. 1 to part 126 of this subchapter, Port Directors of U.S. Customs and Border Protection and postmasters shall permit the permanent and temporary export without a license from members of the United States Community to members of the United Kingdom Community (see paragraph (d) of this section regarding the identification of members of the United Kingdom Community) of defense articles and defense services not listed in Supplement No. 1 to part 126 of this subchapter, for the end-uses specifically identified pursuant to paragraphs (e) and (f) of this section. The purpose of this section is to specify the requirements to export, transfer, reexport, retransfer, or otherwise dispose of a defense article or defense service pursuant to the Defense Trade Cooperation Treaty between the United States and the United Kingdom. All persons must continue to comply with statutory and regulatory requirements outside of this subchapter concerning the import of defense articles and defense services or the possession or transfer of defense articles, including, but not limited to, regulations issued by the Bureau of Alcohol, Tobacco, Firearms and Explosives found at 27 CFR parts 447, 478, and 479, which are unaffected by the Defense Trade Cooperation Treaty between the United States and the United Kingdom and continue to apply fully to defense articles and defense services subject to either of the aforementioned treaties and the exemptions contained in this section.",,SEC-126.17(a),PART-126,"International Traffic in Arms Regulations (ITAR), 22 CFR Parts 120-130, amended through 2 October 2025 (KB 2/USA/ITAR.pdf)"
SEC-126.17(a)(3),SEC-126.17,(a)(3),3,2,"Export. In order for an exporter to export a defense article or defense service pursuant to the Defense Trade Cooperation Treaty between the United States and the United Kingdom, all of the following conditions must be met:",,SEC-126.17(a),PART-126,"International Traffic in Arms Regulations (ITAR), 22 CFR Parts 120-130, amended through 2 October 2025 (KB 2/USA/ITAR.pdf)"
SEC-126.17(a)(3)(i),SEC-126.17,(a)(3)(i),i,3,The exporter must be registered with the Directorate of Defense Trade Controls,,SEC-126.17(a)(3),PART-126,"International Traffic in Arms Regulations (ITAR), 22 CFR Parts 120-130, amended through 2 October 2025 (KB 2/USA/ITAR.pdf)"
SEC-126.17(a)(3)(i)(DDTC),SEC-126.17,(a)(3)(i)(DDTC),DDTC,4,"and must be eligible, according to the requirements and prohibitions of the Arms Export Control Act, this subchapter, and other provisions of United States law, to obtain an export license (or other forms of authorization to export) from any agency of the U.S. Government without restriction (see paragraphs (b) and (c) of this section for specific requirements);",,SEC-126.17(a)(3)(i),PART-126,"International Traffic in Arms Regulations (ITAR), 22 CFR Parts 120-130, amended through 2 October 2025 (KB 2/USA/ITAR.pdf)"
SEC-126.17(a)(3)(ii),SEC-126.17,(a)(3)(ii),ii,3,The recipient of the export must be a member of the United Kingdom Community (see paragraph (d) of this section regarding the identification of members of the United Kingdom Community). United Kingdom non-governmental entities and facilities that become ineligible for such membership will be removed from the United Kingdom Community;,,SEC-126.17(a)(3),PART-126,"International Traffic in Arms Regulations (ITAR), 22 CFR Parts 120-130, amended through 2 October 2025 (KB 2/USA/ITAR.pdf)"
SEC-126.17(a)(3)(iii),SEC-126.17,(a)(3)(iii),iii,3,"Intermediate consignees involved in the export must not be ineligible, according to the requirements and prohibitions of the Arms Export Control Act, this subchapter, and other provisions of United States law, to handle or receive a defense article or defense service without restriction (see paragraph (k) of this section for specific requirements);",,SEC-126.17(a)(3),PART-126,"International Traffic in Arms Regulations (ITAR), 22 CFR Parts 120-130, amended through 2 October 2025 (KB 2/USA/ITAR.pdf)"
SEC-126.17(a)(3)(iv),SEC-126.17,(a)(3)(iv),iv,3,The export must be for an end-use specified in the Defense Trade Cooperation Treaty between the United States and the United Kingdom and mutually agreed to by the U.S. Government and the Government of the United Kingdom pursuant to the Defense Trade Cooperation Treaty between the United States and the United Kingdom and the Implementing Arrangement thereto (United Kingdom Implementing Arrangement) (see paragraphs (e) and (f) of this section regarding authorized end-uses);,,SEC-126.17(a)(3),PART-126,"International Traffic in Arms Regulations (ITAR), 22 CFR Parts 120-130, amended through 2 October 2025 (KB 2/USA/ITAR.pdf)"
SEC-126.17(a)(3)(v),SEC-126.17,(a)(3)(v),v,3,"The defense article or defense service is not excluded from the scope of the Defense Trade Cooperation Treaty between the United States and the United Kingdom (see paragraph (g) of this section and Supplement No. 1 to part 126 of this subchapter for specific information on the scope of items excluded from export under this exemption) and is marked or identified, at a minimum, as “Restricted USML” (see paragraph (j) of this section for specific requirements on marking exports);",,SEC-126.17(a)(3),PART-126,"International Traffic in Arms Regulations (ITAR), 22 CFR Parts 120-130, amended through 2 October 2025 (KB 2/USA/ITAR.pdf)"
SEC-126.17(a)(3)(vi),SEC-126.17,(a)(3)(vi),vi,3,All required documentation of such export is maintained by the exporter and recipient and is available upon the request of the U.S. Government (see paragraph,,SEC-126.17(a)(3),PART-126,"International Traffic in Arms Regulations (ITAR), 22 CFR Parts 120-130, amended through 2 October 2025 (KB 2/USA/ITAR.pdf)"
SEC-126.17(a)(3)(vi)(l),SEC-126.17,(a)(3)(vi)(l),l,4,of this section for specific requirements); and,,SEC-126.17(a)(3)(vi),PART-126,"International Traffic in Arms Regulations (ITAR), 22 CFR Parts 120-130, amended through 2 October 2025 (KB 2/USA/ITAR.pdf)"
SEC-126.17(a)(3)(vii),SEC-126.17,(a)(3)(vii),vii,3,"The Department of State has provided advance notification to the Congress, as required, in accordance with this section (see paragraph (o) of this section for specific requirements).",,SEC-126.17(a)(3),PART-126,"International Traffic in Arms Regulations (ITAR), 22 CFR Parts 120-130, amended through 2 October 2025 (KB 2/USA/ITAR.pdf)"
SEC-126.17(a)(4),SEC-126.17,(a)(4),4,2,"Transfers. In order for a member of the Approved Community (i.e., the United States Community and United Kingdom Community) to transfer a defense article or defense service under the Defense Trade Cooperation Treaty within the Approved Community, all of the following conditions must be met:",,SEC-126.17(a),PART-126,"International Traffic in Arms Regulations (ITAR), 22 CFR Parts 120-130, amended through 2 October 2025 (KB 2/USA/ITAR.pdf)"
SEC-126.17(a)(4)(i),SEC-126.17,(a)(4)(i),i,3,The defense article or defense service must have been previously exported in accordance with paragraph (a)(3) of this section or transitioned from a license or other approval in accordance with paragraph (i) of this section;,,SEC-126.17(a)(4),PART-126,"International Traffic in Arms Regulations (ITAR), 22 CFR Parts 120-130, amended through 2 October 2025 (KB 2/USA/ITAR.pdf)"
SEC-126.17(a)(4)(ii),SEC-126.17,(a)(4)(ii),ii,3,The transferor and transferee of the defense article or defense service are members of the United Kingdom Community (see paragraph (d) of this section regarding the identification of members of the United Kingdom Community) or the United States Community (see paragraph (b) of this section for information on the United States Community/approved exporters);,,SEC-126.17(a)(4),PART-126,"International Traffic in Arms Regulations (ITAR), 22 CFR Parts 120-130, amended through 2 October 2025 (KB 2/USA/ITAR.pdf)"
SEC-126.17(a)(4)(iii),SEC-126.17,(a)(4)(iii),iii,3,The transfer is required for an end-use specified in the Defense Trade Cooperation Treaty between the United States and the United Kingdom and mutually agreed to by the Government of the United States and the Government of the United Kingdom pursuant to the terms of the Defense Trade Cooperation Treaty between the United States and the United Kingdom and the United Kingdom Implementing Arrangement (see paragraphs (e) and (f) of this section regarding authorized end- uses);,,SEC-126.17(a)(4),PART-126,"International Traffic in Arms Regulations (ITAR), 22 CFR Parts 120-130, amended through 2 October 2025 (KB 2/USA/ITAR.pdf)"
SEC-126.17(a)(4)(iv),SEC-126.17,(a)(4)(iv),iv,3,"The defense article or defense service is not identified in paragraph (g) of this section and Supplement No. 1 to part 126 of this subchapter as ineligible for export under this exemption, and is marked or otherwise identified, at a minimum, as “Restricted USML” (see paragraph (j) of this section for specific requirements on marking exports);",,SEC-126.17(a)(4),PART-126,"International Traffic in Arms Regulations (ITAR), 22 CFR Parts 120-130, amended through 2 October 2025 (KB 2/USA/ITAR.pdf)"
SEC-126.17(a)(4)(v),SEC-126.17,(a)(4)(v),v,3,All required documentation of such transfer is maintained by the transferor and transferee and is available upon the request of the U.S. Government (see paragraph,,SEC-126.17(a)(4),PART-126,"International Traffic in Arms Regulations (ITAR), 22 CFR Parts 120-130, amended through 2 October 2025 (KB 2/USA/ITAR.pdf)"
SEC-126.17(a)(4)(v)(l),SEC-126.17,(a)(4)(v)(l),l,4,of this section for specific requirements); and,,SEC-126.17(a)(4)(v),PART-126,"International Traffic in Arms Regulations (ITAR), 22 CFR Parts 120-130, amended through 2 October 2025 (KB 2/USA/ITAR.pdf)"
SEC-126.17(a)(4)(vi),SEC-126.17,(a)(4)(vi),vi,3,The Department of State has provided advance notification to the Congress in accordance with this section (see paragraph (o) of this section for specific requirements).,,SEC-126.17(a)(4),PART-126,"International Traffic in Arms Regulations (ITAR), 22 CFR Parts 120-130, amended through 2 October 2025 (KB 2/USA/ITAR.pdf)"
SEC-126.17(a)(5),SEC-126.17,(a)(5),5,2,"This section does not apply to the export of defense articles or defense services from the United States pursuant to the Foreign Military Sales program. Once such items are delivered to Her Majesty's Government, they may be treated as if they were exported pursuant to the Treaty and then must be marked, identified, transmitted, stored and handled in accordance with the Treaty, the United Kingdom Implementing Arrangement, and the provisions of this section.",,SEC-126.17(a),PART-126,"International Traffic in Arms Regulations (ITAR), 22 CFR Parts 120-130, amended through 2 October 2025 (KB 2/USA/ITAR.pdf)"
SEC-126.17(b),SEC-126.17,(b),b,1,United States Community. The following persons compose the United States Community and may export or transfer defense articles and defense services pursuant to the Defense Trade Cooperation Treaty between the United States and the United Kingdom:,,SEC-126.17,PART-126,"International Traffic in Arms Regulations (ITAR), 22 CFR Parts 120-130, amended through 2 October 2025 (KB 2/USA/ITAR.pdf)"
SEC-126.17(b)(1),SEC-126.17,(b)(1),1,2,"Departments and agencies of the U.S. Government, including their personnel acting in their official capacity, with, as appropriate, a security clearance and a need-to-know; and",,SEC-126.17(b),PART-126,"International Traffic in Arms Regulations (ITAR), 22 CFR Parts 120-130, amended through 2 October 2025 (KB 2/USA/ITAR.pdf)"
SEC-126.17(b)(2),SEC-126.17,(b)(2),2,2,"Non-governmental U.S. persons registered with DDTC and eligible, according to the requirements and prohibitions of the Arms Export Control Act, this subchapter, and other provisions of United States law, to obtain an export license (or other form of authorization to export) from any agency of the U.S. Government without restriction, including their employees acting in their official capacity with, as appropriate, a security clearance and a need-to-know.",,SEC-126.17(b),PART-126,"International Traffic in Arms Regulations (ITAR), 22 CFR Parts 120-130, amended through 2 October 2025 (KB 2/USA/ITAR.pdf)"
SEC-126.17(c),SEC-126.17,(c),c,1,"An exporter that is otherwise an authorized exporter pursuant to paragraph (b) of this section may not export or transfer pursuant to the Defense Trade Cooperation Treaty between the United States and the United Kingdom if the exporter's president, chief executive officer, any vice-president, any other senior officer or official (e.g., comptroller, treasurer, general counsel); any member of the board of directors of the exporter; any party to the export; or any source or manufacturer is ineligible to receive export licenses (or other forms of authorization to export) from any agency of the U.S. Government.",,SEC-126.17,PART-126,"International Traffic in Arms Regulations (ITAR), 22 CFR Parts 120-130, amended through 2 October 2025 (KB 2/USA/ITAR.pdf)"
SEC-126.17(d),SEC-126.17,(d),d,1,"United Kingdom Community. For purposes of the exemption provided by this section, the United Kingdom Community consists of:",,SEC-126.17,PART-126,"International Traffic in Arms Regulations (ITAR), 22 CFR Parts 120-130, amended through 2 October 2025 (KB 2/USA/ITAR.pdf)"
SEC-126.17(d)(1),SEC-126.17,(d)(1),1,2,Her Majesty's Government entities and facilities identified as members of the Approved Community through the DDTC Web site at the time of a transaction under this section; and,,SEC-126.17(d),PART-126,"International Traffic in Arms Regulations (ITAR), 22 CFR Parts 120-130, amended through 2 October 2025 (KB 2/USA/ITAR.pdf)"
SEC-126.17(d)(2),SEC-126.17,(d)(2),2,2,The non-governmental United Kingdom entities and facilities identified as members of the Approved Community through the DDTC Web site (www.pmddtc.state.gov) at the time of a transaction under this section; non-governmental United Kingdom entities and facilities that become ineligible for such membership will be removed from the United Kingdom Community.,,SEC-126.17(d),PART-126,"International Traffic in Arms Regulations (ITAR), 22 CFR Parts 120-130, amended through 2 October 2025 (KB 2/USA/ITAR.pdf)"
SEC-126.17(e),SEC-126.17,(e),e,1,"Authorized End-uses. The following end-uses, subject to paragraph (f) of this section, are specified in the Defense Trade Cooperation Treaty between the United States and the United Kingdom:",,SEC-126.17,PART-126,"International Traffic in Arms Regulations (ITAR), 22 CFR Parts 120-130, amended through 2 October 2025 (KB 2/USA/ITAR.pdf)"
SEC-126.17(e)(1),SEC-126.17,(e)(1),1,2,United States and United Kingdom combined military or counter-terrorism operations;,,SEC-126.17(e),PART-126,"International Traffic in Arms Regulations (ITAR), 22 CFR Parts 120-130, amended through 2 October 2025 (KB 2/USA/ITAR.pdf)"
SEC-126.17(e)(2),SEC-126.17,(e)(2),2,2,"United States and United Kingdom cooperative security and defense research, development, production, and support programs;",,SEC-126.17(e),PART-126,"International Traffic in Arms Regulations (ITAR), 22 CFR Parts 120-130, amended through 2 October 2025 (KB 2/USA/ITAR.pdf)"
SEC-126.17(e)(3),SEC-126.17,(e)(3),3,2,Mutually determined specific security and defense projects where the Government of the United Kingdom is the end-user; or,,SEC-126.17(e),PART-126,"International Traffic in Arms Regulations (ITAR), 22 CFR Parts 120-130, amended through 2 October 2025 (KB 2/USA/ITAR.pdf)"
SEC-126.17(e)(4),SEC-126.17,(e)(4),4,2,U.S. Government end-use.,,SEC-126.17(e),PART-126,"International Traffic in Arms Regulations (ITAR), 22 CFR Parts 120-130, amended through 2 October 2025 (KB 2/USA/ITAR.pdf)"
SEC-126.17(f),SEC-126.17,(f),f,1,Procedures for identifying authorized end-uses pursuant to paragraph (e) of this section:,,SEC-126.17,PART-126,"International Traffic in Arms Regulations (ITAR), 22 CFR Parts 120-130, amended through 2 October 2025 (KB 2/USA/ITAR.pdf)"
SEC-126.17(f)(1),SEC-126.17,(f)(1),1,2,"Operations, programs, and projects that can be publicly identified will be posted on the DDTC Web site;",,SEC-126.17(f),PART-126,"International Traffic in Arms Regulations (ITAR), 22 CFR Parts 120-130, amended through 2 October 2025 (KB 2/USA/ITAR.pdf)"
SEC-126.17(f)(2),SEC-126.17,(f)(2),2,2,"Operations, programs, and projects that cannot be publicly identified will be confirmed in written correspondence from DDTC; or",,SEC-126.17(f),PART-126,"International Traffic in Arms Regulations (ITAR), 22 CFR Parts 120-130, amended through 2 October 2025 (KB 2/USA/ITAR.pdf)"
SEC-126.17(f)(3),SEC-126.17,(f)(3),3,2,U.S. Government end-use will be identified specifically in a U.S. Government contract or solicitation as being eligible under the Treaty.,,SEC-126.17(f),PART-126,"International Traffic in Arms Regulations (ITAR), 22 CFR Parts 120-130, amended through 2 October 2025 (KB 2/USA/ITAR.pdf)"
SEC-126.17(f)(4),SEC-126.17,(f)(4),4,2,"No other operations, programs, projects, or end-uses qualify for this exemption.",,SEC-126.17(f),PART-126,"International Traffic in Arms Regulations (ITAR), 22 CFR Parts 120-130, amended through 2 October 2025 (KB 2/USA/ITAR.pdf)"
SEC-126.17(g),SEC-126.17,(g),g,1,"Items eligible under this section. With the exception of items listed in Supplement No. 1 to part 126 of this subchapter, defense articles and defense services may be exported under this section subject to the following:",,SEC-126.17,PART-126,"International Traffic in Arms Regulations (ITAR), 22 CFR Parts 120-130, amended through 2 October 2025 (KB 2/USA/ITAR.pdf)"
SEC-126.17(g)(1),SEC-126.17,(g)(1),1,2,An exporter authorized pursuant to paragraph (b)(2) of this section may market a defense article to members of the United Kingdom Community if that exporter has been licensed by DDTC to export (as defined by § 120.50 of this subchapter) the identical type of defense article to any foreign person and end-use of the article is for an end-use identified in paragraph (e) of this section.,,SEC-126.17(g),PART-126,"International Traffic in Arms Regulations (ITAR), 22 CFR Parts 120-130, amended through 2 October 2025 (KB 2/USA/ITAR.pdf)"
SEC-126.17(g)(2),SEC-126.17,(g)(2),2,2,"The export of any defense article specific to the existence of (e.g., reveals the existence of or details of) anti-tamper measures made at U.S. Government direction always requires prior written approval from DDTC.",,SEC-126.17(g),PART-126,"International Traffic in Arms Regulations (ITAR), 22 CFR Parts 120-130, amended through 2 October 2025 (KB 2/USA/ITAR.pdf)"
SEC-126.17(g)(3),SEC-126.17,(g)(3),3,2,"U.S.-origin classified defense articles or defense services may be exported only pursuant to a written request, directive, or contract from the U.S. Department of Defense that provides for the export of the classified defense article(s) or defense service(s).",,SEC-126.17(g),PART-126,"International Traffic in Arms Regulations (ITAR), 22 CFR Parts 120-130, amended through 2 October 2025 (KB 2/USA/ITAR.pdf)"
SEC-126.17(g)(4),SEC-126.17,(g)(4),4,2,"U.S.-origin defense articles specific to developmental systems that have not obtained written Milestone B approval from the U.S. Department of Defense milestone approval authority are not eligible for export unless such export is pursuant to a written solicitation or contract issued or awarded by the U.S. Department of Defense for an end-use identified pursuant to paragraph (e)(1), (2), or (4) of this section.",,SEC-126.17(g),PART-126,"International Traffic in Arms Regulations (ITAR), 22 CFR Parts 120-130, amended through 2 October 2025 (KB 2/USA/ITAR.pdf)"
SEC-126.17(g)(5),SEC-126.17,(g)(5),5,2,"Defense articles excluded by paragraph (g) of this section or Supplement No. 1 to part 126 of this subchapter (e.g., USML Category XI (a)(3) electronically scanned array radar excluded by Note 2) that are embedded in a larger system that is eligible to ship under this section (e.g., a ship, an aircraft) must separately comply with any restrictions placed on that embedded defense article under this subchapter. The exporter must obtain a license or other authorization from DDTC for the export of such embedded defense articles (for example, USML Category XI (a)(3) electronically scanned array radar systems that are exempt from this section that are incorporated in an aircraft that is eligible to ship under this section continue to require separate authorization from DDTC for their export, transfer, reexport, or retransfer).",,SEC-126.17(g),PART-126,"International Traffic in Arms Regulations (ITAR), 22 CFR Parts 120-130, amended through 2 October 2025 (KB 2/USA/ITAR.pdf)"
SEC-126.17(g)(6),SEC-126.17,(g)(6),6,2,"No liability shall be incurred by or attributed to the U.S. Government in connection with any possible infringement of privately owned patent or proprietary rights, either domestic or foreign, by reason of an export conducted pursuant to this section.",,SEC-126.17(g),PART-126,"International Traffic in Arms Regulations (ITAR), 22 CFR Parts 120-130, amended through 2 October 2025 (KB 2/USA/ITAR.pdf)"
SEC-126.17(g)(7),SEC-126.17,(g)(7),7,2,"Sales by exporters made through the U.S. Government shall not include either charges for patent rights in which the U.S. Government holds a royalty-free license, or charges for information which the U.S. Government has a right to use and disclose to others, which is in the public domain, or which the U.S. Government has acquired or is entitled to acquire without restrictions upon its use and disclosure to others.",,SEC-126.17(g),PART-126,"International Traffic in Arms Regulations (ITAR), 22 CFR Parts 120-130, amended through 2 October 2025 (KB 2/USA/ITAR.pdf)"
SEC-126.17(g)(8),SEC-126.17,(g)(8),8,2,Defense articles on the European Union Dual Use List (as described in Annex 1 to EC Council Regulation No. 428/2009) are not eligible for export under the Defense Trade Cooperation Treaty between the United States and the United Kingdom. These articles have been identified and included in Supplement No.1 to part 126.,,SEC-126.17(g),PART-126,"International Traffic in Arms Regulations (ITAR), 22 CFR Parts 120-130, amended through 2 October 2025 (KB 2/USA/ITAR.pdf)"
SEC-126.17(h),SEC-126.17,(h),h,1,"Transfers, retransfers, and reexports.",,SEC-126.17,PART-126,"International Traffic in Arms Regulations (ITAR), 22 CFR Parts 120-130, amended through 2 October 2025 (KB 2/USA/ITAR.pdf)"
SEC-126.17(h)(1),SEC-126.17,(h)(1),1,2,Any transfer of a defense article or defense service not exempted in Supplement No. 1 to part 126 of this subchapter by a member of the United Kingdom Community (see paragraph (d) of this section for specific information on the identification of the Community) to another member of the United Kingdom Community or the United States Community for an end-use that is authorized by this exemption (see paragraphs (e) and,,SEC-126.17(h),PART-126,"International Traffic in Arms Regulations (ITAR), 22 CFR Parts 120-130, amended through 2 October 2025 (KB 2/USA/ITAR.pdf)"
SEC-126.17(h)(1)(f),SEC-126.17,(h)(1)(f),f,3,of this section regarding authorized end-uses) is authorized under this exemption.,,SEC-126.17(h)(1),PART-126,"International Traffic in Arms Regulations (ITAR), 22 CFR Parts 120-130, amended through 2 October 2025 (KB 2/USA/ITAR.pdf)"
SEC-126.17(h)(2),SEC-126.17,(h)(2),2,2,Any transfer or other provision of a defense article or defense service for an end-use that is not authorized by the exemption provided by this section is prohibited without a license or the prior written approval of DDTC (see paragraphs (e) and (f) of this section regarding authorized end-uses).,,SEC-126.17(h),PART-126,"International Traffic in Arms Regulations (ITAR), 22 CFR Parts 120-130, amended through 2 October 2025 (KB 2/USA/ITAR.pdf)"
SEC-126.17(h)(3),SEC-126.17,(h)(3),3,2,"Any retransfer or reexport, or other provision of a defense article or defense service by a member of the United Kingdom Community to a foreign person that is not a member of the United Kingdom Community, or to a U.S. person that is not a member of the United States Community, is prohibited without a license or the prior written approval of DDTC (see paragraph (d) of this section for specific information on the identification of the United Kingdom Community).",,SEC-126.17(h),PART-126,"International Traffic in Arms Regulations (ITAR), 22 CFR Parts 120-130, amended through 2 October 2025 (KB 2/USA/ITAR.pdf)"
SEC-126.17(h)(4),SEC-126.17,(h)(4),4,2,"Any change in the use of a defense article or defense service previously exported, transferred, or obtained under this exemption by any foreign person, including a member of the United Kingdom Community, to an end-use that is not authorized by this exemption is prohibited without a license or other written approval of DDTC (see paragraphs (e) and (f) of this section regarding authorized end-uses).",,SEC-126.17(h),PART-126,"International Traffic in Arms Regulations (ITAR), 22 CFR Parts 120-130, amended through 2 October 2025 (KB 2/USA/ITAR.pdf)"
SEC-126.17(h)(5),SEC-126.17,(h)(5),5,2,"Any retransfer, reexport, or change in end-use requiring such approval of the U.S. Government shall be made in accordance with § 123.9 of this subchapter.",,SEC-126.17(h),PART-126,"International Traffic in Arms Regulations (ITAR), 22 CFR Parts 120-130, amended through 2 October 2025 (KB 2/USA/ITAR.pdf)"
SEC-126.17(h)(6),SEC-126.17,(h)(6),6,2,"Defense articles excluded by paragraph (g) of this section or Supplement No. 1 to part 126 of this subchapter (e.g., USML Category XI (a)(3) electronically scanned array radar systems) that are embedded in a larger system that is eligible to ship under this section (e.g., a ship, an aircraft) must separately comply with any restrictions placed on that embedded defense article unless otherwise specified. A license or other authorization must be obtained from DDTC for the export, transfer, reexport, retransfer, or change in end-use of any such embedded defense article (for example, USML Category XI(a)(3) electronically scanned array radar systems that are excluded from this section by aircraft that is eligible to ship under this section continue to require separate authorization from DDTC for their export, transfer, reexport, or retransfer).",,SEC-126.17(h),PART-126,"International Traffic in Arms Regulations (ITAR), 22 CFR Parts 120-130, amended through 2 October 2025 (KB 2/USA/ITAR.pdf)"
SEC-126.17(h)(7),SEC-126.17,(h)(7),7,2,"A license or prior approval from DDTC is not required for a transfer, retransfer, or reexport of an exported defense article or defense service under this section, if:",,SEC-126.17(h),PART-126,"International Traffic in Arms Regulations (ITAR), 22 CFR Parts 120-130, amended through 2 October 2025 (KB 2/USA/ITAR.pdf)"
SEC-126.17(h)(7)(i),SEC-126.17,(h)(7)(i),i,3,The transfer of defense articles or defense services is made by a member of the United States Community to United Kingdom Ministry of Defence (UK MOD) elements deployed outside the Territory of the United Kingdom and engaged in an authorized end-use (see paragraphs (e) and (f) of this section regarding authorized end-uses) using United Kingdom Armed Forces transmission channels or the provisions of this section;,,SEC-126.17(h)(7),PART-126,"International Traffic in Arms Regulations (ITAR), 22 CFR Parts 120-130, amended through 2 October 2025 (KB 2/USA/ITAR.pdf)"
SEC-126.17(h)(7)(ii),SEC-126.17,(h)(7)(ii),ii,3,The transfer of defense articles or defense services is made by a member of the United States Community to an Approved Community member (either United States or UK) that is operating in direct support of UK MOD elements deployed outside the Territory of the United Kingdom and engaged in an authorized end- use (see paragraphs (e) and (f) of this section regarding authorized end-uses) using United Kingdom Armed Forces transmission channels or the provisions of this section;,,SEC-126.17(h)(7),PART-126,"International Traffic in Arms Regulations (ITAR), 22 CFR Parts 120-130, amended through 2 October 2025 (KB 2/USA/ITAR.pdf)"
SEC-126.17(h)(7)(iii),SEC-126.17,(h)(7)(iii),iii,3,The reexport is made by a member of the United Kingdom Community to UK MOD elements deployed outside the Territory of the United Kingdom engaged in an authorized end-use (see paragraphs (e) and (f) of this section regarding authorized end-uses) using United Kingdom Armed Forces transmission channels or the provisions of this section;,,SEC-126.17(h)(7),PART-126,"International Traffic in Arms Regulations (ITAR), 22 CFR Parts 120-130, amended through 2 October 2025 (KB 2/USA/ITAR.pdf)"
SEC-126.17(h)(7)(iv),SEC-126.17,(h)(7)(iv),iv,3,The reexport is made by a member of the United Kingdom Community to an Approved Community member (either U.S. or UK) that is operating in direct support of UK MOD elements deployed outside the Territory of the United Kingdom engaged in an authorized end-use (see paragraphs (e) and (f) of this section regarding authorized end-uses) using United Kingdom Armed Forces transmission channels or the provisions of this section; or,,SEC-126.17(h)(7),PART-126,"International Traffic in Arms Regulations (ITAR), 22 CFR Parts 120-130, amended through 2 October 2025 (KB 2/USA/ITAR.pdf)"
SEC-126.17(h)(7)(v),SEC-126.17,(h)(7)(v),v,3,The defense article or defense service will be delivered to the UK MOD for an authorized end-use (see paragraphs (e) and (f) of this section regarding authorized end- uses); the UK MOD may deploy the item as necessary when conducting official business within or outside the Territory of the United Kingdom. The item must remain under the effective control of the UK MOD while deployed and access may not be provided to unauthorized third parties.,,SEC-126.17(h)(7),PART-126,"International Traffic in Arms Regulations (ITAR), 22 CFR Parts 120-130, amended through 2 October 2025 (KB 2/USA/ITAR.pdf)"
SEC-126.17(h)(8),SEC-126.17,(h)(8),8,2,"U.S. persons registered, or required to be registered, pursuant to part 122 of this subchapter and members of the United Kingdom Community must immediately notify DDTC of any actual or proposed sale, retransfer, or reexport of a defense article or defense service on the U.S. Munitions List originally exported under this exemption to any of the countries listed in § 126.1 of this subchapter or any person acting on behalf of such countries, whether within or outside the United States. Any person knowing or having reason to know of such a proposed or actual sale, reexport, or retransfer shall submit such information in writing to the Office of Defense Trade Controls Compliance, Directorate of Defense Trade Controls.",,SEC-126.17(h),PART-126,"International Traffic in Arms Regulations (ITAR), 22 CFR Parts 120-130, amended through 2 October 2025 (KB 2/USA/ITAR.pdf)"
SEC-126.17(i),SEC-126.17,(i),i,1,Transitions.,,SEC-126.17,PART-126,"International Traffic in Arms Regulations (ITAR), 22 CFR Parts 120-130, amended through 2 October 2025 (KB 2/USA/ITAR.pdf)"
SEC-126.17(i)(1),SEC-126.17,(i)(1),1,2,Any previous export of a defense article under a license or other approval of the U.S. Department of State remains subject to the conditions and limitations of the original license or authorization unless DDTC has approved in writing a transition to this section.,,SEC-126.17(i),PART-126,"International Traffic in Arms Regulations (ITAR), 22 CFR Parts 120-130, amended through 2 October 2025 (KB 2/USA/ITAR.pdf)"
SEC-126.17(i)(2),SEC-126.17,(i)(2),2,2,"If a U.S. exporter desires to transition from an existing license or other approval to the use of the provisions of this section, the following is required:",,SEC-126.17(i),PART-126,"International Traffic in Arms Regulations (ITAR), 22 CFR Parts 120-130, amended through 2 October 2025 (KB 2/USA/ITAR.pdf)"
SEC-126.17(i)(2)(i),SEC-126.17,(i)(2)(i),i,3,"The U.S. exporter must submit a written request to DDTC, which identifies the defense articles or defense services to be transitioned, the existing license(s) or other authorizations under which the defense articles or defense services were originally exported, and the Treaty-eligible end-use for which the defense articles or defense services will be used. Any license(s) filed with U.S. Customs and Border Protection should remain on file until the exporter has received approval from DDTC to retire the license(s) and transition to this section. When this approval is conveyed to U.S. Customs and Border Protection by DDTC, the license(s) will be returned to DDTC by U.S. Customs and Border Protection in accord with existing procedures for the return of expired licenses in § 123.22(c) of this subchapter.",,SEC-126.17(i)(2),PART-126,"International Traffic in Arms Regulations (ITAR), 22 CFR Parts 120-130, amended through 2 October 2025 (KB 2/USA/ITAR.pdf)"
SEC-126.17(i)(2)(ii),SEC-126.17,(i)(2)(ii),ii,3,Any license(s) not filed with U.S. Customs and Border Protection must be returned to DDTC with a letter citing approval by DDTC to transition to this section as the reason for returning the license(s).,,SEC-126.17(i)(2),PART-126,"International Traffic in Arms Regulations (ITAR), 22 CFR Parts 120-130, amended through 2 October 2025 (KB 2/USA/ITAR.pdf)"
SEC-126.17(i)(3),SEC-126.17,(i)(3),3,2,"If a member of the United Kingdom Community desires to transition defense articles received under an existing license or other approval to the processes established under the Treaty, the United Kingdom Community member must submit a written request to DDTC, either directly or through the original U.S. exporter, which identifies the defense articles or defense services to be transitioned, the existing license(s) or other authorizations under which the defense articles or defense services were received, and the Treaty-eligible end- use (see paragraphs (e) and (f) of this section regarding authorized end-uses) for which the defense articles or defense services will be used. The defense article or defense service shall remain subject to the conditions and limitations of the existing license or other approval until the United Kingdom Community member has received approval from DDTC.",,SEC-126.17(i),PART-126,"International Traffic in Arms Regulations (ITAR), 22 CFR Parts 120-130, amended through 2 October 2025 (KB 2/USA/ITAR.pdf)"
SEC-126.17(i)(4),SEC-126.17,(i)(4),4,2,"Authorized exporters identified in paragraph (b)(2) of this section who have exported a defense article or defense service that has subsequently been placed on the list of exempted items in Supplement No. 1 to part 126 of this subchapter must review and adhere to the requirements in the relevant Federal Register notice announcing such removal. Once removed, the defense article or defense service will no longer be subject to this section, and such defense article or defense service previously exported shall remain on the U.S. Munitions List and be subject to the requirements of this subchapter unless the applicable Federal Register notice states otherwise. Subsequent reexport or retransfer must be made pursuant to § 123.9 of this subchapter.",,SEC-126.17(i),PART-126,"International Traffic in Arms Regulations (ITAR), 22 CFR Parts 120-130, amended through 2 October 2025 (KB 2/USA/ITAR.pdf)"
SEC-126.17(i)(5),SEC-126.17,(i)(5),5,2,Any defense article or defense service transitioned from a license or other approval to treatment under this section must be marked in accordance with the requirements of paragraph (j) of this section.,,SEC-126.17(i),PART-126,"International Traffic in Arms Regulations (ITAR), 22 CFR Parts 120-130, amended through 2 October 2025 (KB 2/USA/ITAR.pdf)"
SEC-126.17(j),SEC-126.17,(j),j,1,Marking of exports.,,SEC-126.17,PART-126,"International Traffic in Arms Regulations (ITAR), 22 CFR Parts 120-130, amended through 2 October 2025 (KB 2/USA/ITAR.pdf)"
SEC-126.17(j)(1),SEC-126.17,(j)(1),1,2,All defense articles and defense services exported or transitioned pursuant to the Defense Trade Cooperation Treaty between the United States and the United Kingdom and this section shall be marked or identified prior to movement as follows:,,SEC-126.17(j),PART-126,"International Traffic in Arms Regulations (ITAR), 22 CFR Parts 120-130, amended through 2 October 2025 (KB 2/USA/ITAR.pdf)"
SEC-126.17(j)(1)(i),SEC-126.17,(j)(1)(i),i,3,"For classified defense articles and defense services the standard marking or identification shall read “//CLASSIFICATION LEVEL USML//REL USA and GBR Treaty Community//.” For example, for defense articles classified SECRET, the marking or identification shall be “//SECRET USML//REL USA and GBR Treaty Community//.”",,SEC-126.17(j)(1),PART-126,"International Traffic in Arms Regulations (ITAR), 22 CFR Parts 120-130, amended through 2 October 2025 (KB 2/USA/ITAR.pdf)"
SEC-126.17(j)(1)(ii),SEC-126.17,(j)(1)(ii),ii,3,Unclassified defense articles and defense services exported under or transitioned pursuant to this section shall be handled while in the UK as “Restricted USML” and the standard marking or identification shall read “//RESTRICTED USML//REL USA and GBR Treaty Community//.”,,SEC-126.17(j)(1),PART-126,"International Traffic in Arms Regulations (ITAR), 22 CFR Parts 120-130, amended through 2 October 2025 (KB 2/USA/ITAR.pdf)"
SEC-126.17(j)(2),SEC-126.17,(j)(2),2,2,"Where U.S.-origin defense articles are returned to a member of the United States Community identified in paragraph (b) of this section, any defense articles marked or identified pursuant to paragraph (j)(1)(ii) of this section as “//RESTRICTED USML//REL USA and GBR Treaty Community//” will be considered unclassified and the marking or identification shall be removed; and",,SEC-126.17(j),PART-126,"International Traffic in Arms Regulations (ITAR), 22 CFR Parts 120-130, amended through 2 October 2025 (KB 2/USA/ITAR.pdf)"
SEC-126.17(j)(3),SEC-126.17,(j)(3),3,2,The standard marking and identification requirements are as follows:,,SEC-126.17(j),PART-126,"International Traffic in Arms Regulations (ITAR), 22 CFR Parts 120-130, amended through 2 October 2025 (KB 2/USA/ITAR.pdf)"
SEC-126.17(j)(3)(i),SEC-126.17,(j)(3)(i),i,3,"Defense articles (other than technical data) shall be individually labeled with the appropriate identification detailed in paragraphs (j)(1) and (j)(2) of this section; or, where such labeling is impracticable (e.g., propellants, chemicals), shall be accompanied by documentation (such as contracts or invoices) clearly associating the defense articles with the appropriate markings as detailed in paragraphs",,SEC-126.17(j)(3),PART-126,"International Traffic in Arms Regulations (ITAR), 22 CFR Parts 120-130, amended through 2 October 2025 (KB 2/USA/ITAR.pdf)"
SEC-126.17(j)(3)(j),SEC-126.17,(j)(3)(j),j,3,(1)(i) and (j)(1)(ii) of this section;,,SEC-126.17(j)(3),PART-126,"International Traffic in Arms Regulations (ITAR), 22 CFR Parts 120-130, amended through 2 October 2025 (KB 2/USA/ITAR.pdf)"
SEC-126.17(j)(3)(ii),SEC-126.17,(j)(3)(ii),ii,3,"Technical data (including data packages, technical papers, manuals, presentations, specifications, guides and reports), regardless of media or means of transmission (physical, oral, or electronic), shall be individually labeled with the appropriate identification detailed in paragraphs (j)(1) and (j)(2) of this section; or, where such labeling is impractical shall be accompanied by documentation (such as contracts or invoices) or verbal notification clearly associating the technical data with the appropriate markings as detailed in paragraphs (j)(1)(i) and (j)(1)(ii) of this section; and",,SEC-126.17(j)(3),PART-126,"International Traffic in Arms Regulations (ITAR), 22 CFR Parts 120-130, amended through 2 October 2025 (KB 2/USA/ITAR.pdf)"
SEC-126.17(j)(4),SEC-126.17,(j)(4),4,2,"Defense services shall be accompanied by documentation (contracts, invoices, shipping bills, or bills of lading) clearly labeled with the appropriate identification detailed in paragraphs (j)(1) and (j)(2) of this section.",,SEC-126.17(j),PART-126,"International Traffic in Arms Regulations (ITAR), 22 CFR Parts 120-130, amended through 2 October 2025 (KB 2/USA/ITAR.pdf)"
SEC-126.17(j)(5),SEC-126.17,(j)(5),5,2,"The exporter shall incorporate the following statement as an integral part of the bill of lading and the invoice whenever defense articles are to be exported: “These U.S. Munitions List commodities are authorized by the U.S. Government under the U.S.-UK Defense Trade Cooperation Treaty for export only to United Kingdom for use in approved projects, programs or operations by members of the United Kingdom Community. They may not be retransferred or reexported or used outside of an approved project, program, or operation, either in their original form or after being incorporated into other end-items, without the prior written approval of the U.S. Department of State.”",,SEC-126.17(j),PART-126,"International Traffic in Arms Regulations (ITAR), 22 CFR Parts 120-130, amended through 2 October 2025 (KB 2/USA/ITAR.pdf)"
SEC-126.17(k),SEC-126.17,(k),k,1,Intermediate consignees.,,SEC-126.17,PART-126,"International Traffic in Arms Regulations (ITAR), 22 CFR Parts 120-130, amended through 2 October 2025 (KB 2/USA/ITAR.pdf)"
SEC-126.17(k)(1),SEC-126.17,(k)(1),1,2,Unclassified exports under this section may only be handled by:,,SEC-126.17(k),PART-126,"International Traffic in Arms Regulations (ITAR), 22 CFR Parts 120-130, amended through 2 October 2025 (KB 2/USA/ITAR.pdf)"
SEC-126.17(k)(1)(i),SEC-126.17,(k)(1)(i),i,3,U.S. intermediate consignees who are:,,SEC-126.17(k)(1),PART-126,"International Traffic in Arms Regulations (ITAR), 22 CFR Parts 120-130, amended through 2 October 2025 (KB 2/USA/ITAR.pdf)"
SEC-126.17(k)(1)(i)(A),SEC-126.17,(k)(1)(i)(A),A,4,Exporters registered with DDTC and eligible;,,SEC-126.17(k)(1)(i),PART-126,"International Traffic in Arms Regulations (ITAR), 22 CFR Parts 120-130, amended through 2 October 2025 (KB 2/USA/ITAR.pdf)"
SEC-126.17(k)(1)(i)(B),SEC-126.17,(k)(1)(i)(B),B,4,Licensed customs brokers who are subject to background investigation and have passed a comprehensive examination administered by U.S. Customs and Border Protection; or,,SEC-126.17(k)(1)(i),PART-126,"International Traffic in Arms Regulations (ITAR), 22 CFR Parts 120-130, amended through 2 October 2025 (KB 2/USA/ITAR.pdf)"
SEC-126.17(k)(1)(i)(C),SEC-126.17,(k)(1)(i)(C),C,4,"Commercial air freight and surface shipment carriers, freight forwarders, or other parties not exempt from registration under § 129.3(b)(3) of this subchapter, that are identified at the time of export as being on the U.S. Department of Defense Civil Reserve Air Fleet (CRAF) list of approved air carriers, a link to which is available on the DDTC Web site; or",,SEC-126.17(k)(1)(i),PART-126,"International Traffic in Arms Regulations (ITAR), 22 CFR Parts 120-130, amended through 2 October 2025 (KB 2/USA/ITAR.pdf)"
SEC-126.17(k)(1)(ii),SEC-126.17,(k)(1)(ii),ii,3,United Kingdom intermediate consignees who are:,,SEC-126.17(k)(1),PART-126,"International Traffic in Arms Regulations (ITAR), 22 CFR Parts 120-130, amended through 2 October 2025 (KB 2/USA/ITAR.pdf)"
SEC-126.17(k)(1)(ii)(A),SEC-126.17,(k)(1)(ii)(A),A,4,Members of the United Kingdom Community; or,,SEC-126.17(k)(1)(ii),PART-126,"International Traffic in Arms Regulations (ITAR), 22 CFR Parts 120-130, amended through 2 October 2025 (KB 2/USA/ITAR.pdf)"
SEC-126.17(k)(1)(ii)(B),SEC-126.17,(k)(1)(ii)(B),B,4,"Freight forwarders, customs brokers, commercial air freight and surface shipment carriers, or other United Kingdom parties that are identified at the time of export as being on the list of Authorized United Kingdom Intermediate Consignees, which is available on the DDTC Web site.",,SEC-126.17(k)(1)(ii),PART-126,"International Traffic in Arms Regulations (ITAR), 22 CFR Parts 120-130, amended through 2 October 2025 (KB 2/USA/ITAR.pdf)"
SEC-126.17(k)(2),SEC-126.17,(k)(2),2,2,Classified exports must comply with the security requirements of the National Industrial Security Program Operating Manual (DoD 5220.22-M and supplements or successors).,,SEC-126.17(k),PART-126,"International Traffic in Arms Regulations (ITAR), 22 CFR Parts 120-130, amended through 2 October 2025 (KB 2/USA/ITAR.pdf)"
SEC-126.17(l),SEC-126.17,(l),l,1,Records.,,SEC-126.17,PART-126,"International Traffic in Arms Regulations (ITAR), 22 CFR Parts 120-130, amended through 2 October 2025 (KB 2/USA/ITAR.pdf)"
SEC-126.17(l)(1),SEC-126.17,(l)(1),1,2,"All exporters authorized pursuant to paragraph (b)(2) of this section who export defense articles or defense services pursuant to the Defense Trade Cooperation Treaty between the United States and the United Kingdom and this section shall maintain detailed records of their exports, imports, and transfers. Exporters shall also maintain detailed records of any reexports and retransfers approved or otherwise authorized by DDTC of defense articles or defense services subject to the Defense Trade Cooperation Treaty between the United States and the United Kingdom and this section. These records shall be maintained for a minimum of five years from the date of export, import, transfer, reexport, or retransfer and shall be made available upon request to DDTC or a person designated by DDTC (e.g., U.S. Department of State's Bureau of Diplomatic Security) or U.S. Immigration and Customs Enforcement, or U.S. Customs and Border Protection. Records in an electronic format must be maintained using a process or system capable of reproducing all records on paper. Such records when displayed on a viewer, monitor, or reproduced on paper, must exhibit a high degree of legibility and readability. (For the purpose of this section, “legible” and “legibility” mean the quality of a letter or numeral that enables the observer to identify it positively and quickly to the exclusion of all other letters or numerals. “Readable” and “readability” means the quality of a group of letters or numerals being recognized as complete words or numbers.) These records shall consist of the following:",,SEC-126.17(l),PART-126,"International Traffic in Arms Regulations (ITAR), 22 CFR Parts 120-130, amended through 2 October 2025 (KB 2/USA/ITAR.pdf)"
SEC-126.17(l)(1)(i),SEC-126.17,(l)(1)(i),i,3,Port of entry/exit;,,SEC-126.17(l)(1),PART-126,"International Traffic in Arms Regulations (ITAR), 22 CFR Parts 120-130, amended through 2 October 2025 (KB 2/USA/ITAR.pdf)"
SEC-126.17(l)(1)(ii),SEC-126.17,(l)(1)(ii),ii,3,Date of export/import;,,SEC-126.17(l)(1),PART-126,"International Traffic in Arms Regulations (ITAR), 22 CFR Parts 120-130, amended through 2 October 2025 (KB 2/USA/ITAR.pdf)"
SEC-126.17(l)(1)(iii),SEC-126.17,(l)(1)(iii),iii,3,Method of export/import;,,SEC-126.17(l)(1),PART-126,"International Traffic in Arms Regulations (ITAR), 22 CFR Parts 120-130, amended through 2 October 2025 (KB 2/USA/ITAR.pdf)"
SEC-126.17(l)(1)(iv),SEC-126.17,(l)(1)(iv),iv,3,"Commodity code and description of the commodity, including technical data;",,SEC-126.17(l)(1),PART-126,"International Traffic in Arms Regulations (ITAR), 22 CFR Parts 120-130, amended through 2 October 2025 (KB 2/USA/ITAR.pdf)"
SEC-126.17(l)(1)(v),SEC-126.17,(l)(1)(v),v,3,Value of export;,,SEC-126.17(l)(1),PART-126,"International Traffic in Arms Regulations (ITAR), 22 CFR Parts 120-130, amended through 2 October 2025 (KB 2/USA/ITAR.pdf)"
SEC-126.17(l)(1)(vi),SEC-126.17,(l)(1)(vi),vi,3,Reference to this section and justification for export under the Treaty;,,SEC-126.17(l)(1),PART-126,"International Traffic in Arms Regulations (ITAR), 22 CFR Parts 120-130, amended through 2 October 2025 (KB 2/USA/ITAR.pdf)"
SEC-126.17(l)(1)(vii),SEC-126.17,(l)(1)(vii),vii,3,End-user/end-use;,,SEC-126.17(l)(1),PART-126,"International Traffic in Arms Regulations (ITAR), 22 CFR Parts 120-130, amended through 2 October 2025 (KB 2/USA/ITAR.pdf)"
SEC-126.17(l)(1)(viii),SEC-126.17,(l)(1)(viii),viii,3,Identification of all U.S. and foreign parties to the transaction;,,SEC-126.17(l)(1),PART-126,"International Traffic in Arms Regulations (ITAR), 22 CFR Parts 120-130, amended through 2 October 2025 (KB 2/USA/ITAR.pdf)"
SEC-126.17(l)(1)(ix),SEC-126.17,(l)(1)(ix),ix,3,How the export was marked;,,SEC-126.17(l)(1),PART-126,"International Traffic in Arms Regulations (ITAR), 22 CFR Parts 120-130, amended through 2 October 2025 (KB 2/USA/ITAR.pdf)"
SEC-126.17(l)(1)(x),SEC-126.17,(l)(1)(x),x,3,Security classification of the export;,,SEC-126.17(l)(1),PART-126,"International Traffic in Arms Regulations (ITAR), 22 CFR Parts 120-130, amended through 2 October 2025 (KB 2/USA/ITAR.pdf)"
SEC-126.17(l)(1)(xi),SEC-126.17,(l)(1)(xi),xi,3,All written correspondence with the U.S. Government on the export;,,SEC-126.17(l)(1),PART-126,"International Traffic in Arms Regulations (ITAR), 22 CFR Parts 120-130, amended through 2 October 2025 (KB 2/USA/ITAR.pdf)"
SEC-126.17(l)(1)(xii),SEC-126.17,(l)(1)(xii),xii,3,"All information relating to political contributions, fees, or commissions furnished or obtained, offered, solicited, or agreed upon as outlined in paragraph (m) of this section;",,SEC-126.17(l)(1),PART-126,"International Traffic in Arms Regulations (ITAR), 22 CFR Parts 120-130, amended through 2 October 2025 (KB 2/USA/ITAR.pdf)"
SEC-126.17(l)(1)(xiii),SEC-126.17,(l)(1)(xiii),xiii,3,Purchase order or contract;,,SEC-126.17(l)(1),PART-126,"International Traffic in Arms Regulations (ITAR), 22 CFR Parts 120-130, amended through 2 October 2025 (KB 2/USA/ITAR.pdf)"
SEC-126.17(l)(1)(xiv),SEC-126.17,(l)(1)(xiv),xiv,3,Technical data actually exported;,,SEC-126.17(l)(1),PART-126,"International Traffic in Arms Regulations (ITAR), 22 CFR Parts 120-130, amended through 2 October 2025 (KB 2/USA/ITAR.pdf)"
SEC-126.17(l)(1)(xv),SEC-126.17,(l)(1)(xv),xv,3,The Internal Transaction Number for the Electronic Export Information filing using U.S. Customs and Border Protection's electronic system(s);,,SEC-126.17(l)(1),PART-126,"International Traffic in Arms Regulations (ITAR), 22 CFR Parts 120-130, amended through 2 October 2025 (KB 2/USA/ITAR.pdf)"
SEC-126.17(l)(1)(xvi),SEC-126.17,(l)(1)(xvi),xvi,3,"All shipping documentation (including, but not limited to the airway bill, bill of lading, packing list, delivery verification, and invoice); and",,SEC-126.17(l)(1),PART-126,"International Traffic in Arms Regulations (ITAR), 22 CFR Parts 120-130, amended through 2 October 2025 (KB 2/USA/ITAR.pdf)"
SEC-126.17(l)(1)(xvii),SEC-126.17,(l)(1)(xvii),xvii,3,Statement of Registration (Form DS-2032).,,SEC-126.17(l)(1),PART-126,"International Traffic in Arms Regulations (ITAR), 22 CFR Parts 120-130, amended through 2 October 2025 (KB 2/USA/ITAR.pdf)"
SEC-126.17(l)(2),SEC-126.17,(l)(2),2,2,"Filing of export information. All exporters of defense articles under the Defense Trade Cooperation Treaty between the United States and the United Kingdom and this section must electronically file Electronic Export Information (EEI) using U.S. Customs and Border Protection's electronic system(s), citing one of the four below referenced codes in the appropriate field in the EEI for each shipment:",,SEC-126.17(l),PART-126,"International Traffic in Arms Regulations (ITAR), 22 CFR Parts 120-130, amended through 2 October 2025 (KB 2/USA/ITAR.pdf)"
SEC-126.17(l)(2)(i),SEC-126.17,(l)(2)(i),i,3,"For exports in support of United States and United Kingdom combined military or counter-terrorism operations identify § 126.17(e)(1) (the name or an appropriate description of the operation shall be placed in the appropriate field in the EEI, as well);",,SEC-126.17(l)(2),PART-126,"International Traffic in Arms Regulations (ITAR), 22 CFR Parts 120-130, amended through 2 October 2025 (KB 2/USA/ITAR.pdf)"
SEC-126.17(l)(2)(ii),SEC-126.17,(l)(2)(ii),ii,3,"For exports in support of United States and United Kingdom cooperative security and defense research, development, production, and support programs identify § 126.17(e)(2) (the name or an appropriate description of the program shall be placed in the appropriate field in the EEI, as well);",,SEC-126.17(l)(2),PART-126,"International Traffic in Arms Regulations (ITAR), 22 CFR Parts 120-130, amended through 2 October 2025 (KB 2/USA/ITAR.pdf)"
SEC-126.17(l)(2)(iii),SEC-126.17,(l)(2)(iii),iii,3,"For exports in support of mutually determined specific security and defense projects where the Government of the United Kingdom is the end-user identify § 126.17(e)(3) (the name or an appropriate description of the project shall be placed in the appropriate field in the EEI, as well); or",,SEC-126.17(l)(2),PART-126,"International Traffic in Arms Regulations (ITAR), 22 CFR Parts 120-130, amended through 2 October 2025 (KB 2/USA/ITAR.pdf)"
SEC-126.17(l)(2)(iv),SEC-126.17,(l)(2)(iv),iv,3,"For exports that will have a U.S. Government end-use identify § 126.17(e)(4) (the U.S. Government contract number or solicitation number (e.g., “U.S. Government contract number XXXXX”) shall be placed in the appropriate field in the EEI, as well). Such exports must meet the required export documentation and filing guidelines, including for defense services, of § 123.22(a), (b)(1), and (b)(2) of this subchapter.",,SEC-126.17(l)(2),PART-126,"International Traffic in Arms Regulations (ITAR), 22 CFR Parts 120-130, amended through 2 October 2025 (KB 2/USA/ITAR.pdf)"
SEC-126.17(m),SEC-126.17,(m),m,1,"Fees and commissions. All exporters authorized pursuant to paragraph (b)(2) of this section shall, with respect to each export, transfer, reexport, or retransfer, pursuant to the Defense Trade Cooperation Treaty between the United States and the United Kingdom and this section, submit a statement to DDTC containing the information identified in § 130.10 of this subchapter relating to fees, commissions, and political contributions on contracts or other instruments valued in an amount of $500,000 or more.",,SEC-126.17,PART-126,"International Traffic in Arms Regulations (ITAR), 22 CFR Parts 120-130, amended through 2 October 2025 (KB 2/USA/ITAR.pdf)"
SEC-126.17(n),SEC-126.17,(n),n,1,Violations and enforcement.,,SEC-126.17,PART-126,"International Traffic in Arms Regulations (ITAR), 22 CFR Parts 120-130, amended through 2 October 2025 (KB 2/USA/ITAR.pdf)"
SEC-126.17(n)(1),SEC-126.17,(n)(1),1,2,"Exports, transfers, reexports, and retransfers that do not comply with the conditions prescribed in this section will constitute violations of the Arms Export Control Act and this subchapter, and are subject to all relevant criminal, civil, and administrative penalties (see § 127.1 of this subchapter), and may also be subject to penalty under other statutes or regulations.",,SEC-126.17(n),PART-126,"International Traffic in Arms Regulations (ITAR), 22 CFR Parts 120-130, amended through 2 October 2025 (KB 2/USA/ITAR.pdf)"
SEC-126.17(n)(2),SEC-126.17,(n)(2),2,2,"U.S. Immigration and Customs Enforcement and U.S. Customs and Border Protection officers may take appropriate action to ensure compliance with this section as to the export or the attempted export of any defense article or technical data, including the inspection of loading or unloading of any vessel, vehicle, or aircraft.",,SEC-126.17(n),PART-126,"International Traffic in Arms Regulations (ITAR), 22 CFR Parts 120-130, amended through 2 October 2025 (KB 2/USA/ITAR.pdf)"
SEC-126.17(n)(3),SEC-126.17,(n)(3),3,2,"U.S. Immigration and Customs Enforcement and U.S. Customs and Border Protection officers have the authority to investigate, detain, or seize any export or attempted export of defense articles or technical data that does not comply with this section or that is otherwise unlawful.",,SEC-126.17(n),PART-126,"International Traffic in Arms Regulations (ITAR), 22 CFR Parts 120-130, amended through 2 October 2025 (KB 2/USA/ITAR.pdf)"
SEC-126.17(n)(4),SEC-126.17,(n)(4),4,2,"DDTC or a person designated by DDTC (e.g., U.S. Department of State's Bureau of Diplomatic Security), U.S. Immigration and Customs Enforcement, or U.S. Customs and Border Protection may require the production of documents and information relating to any actual or attempted export, transfer, reexport, or retransfer pursuant to this section. Any foreign person refusing to provide such records within a reasonable period of time shall be suspended from the United Kingdom Community and ineligible to receive defense articles or defense services pursuant to the exemption under this section or otherwise.",,SEC-126.17(n),PART-126,"International Traffic in Arms Regulations (ITAR), 22 CFR Parts 120-130, amended through 2 October 2025 (KB 2/USA/ITAR.pdf)"
SEC-126.17(o),SEC-126.17,(o),o,1,Procedures for legislative notification.,,SEC-126.17,PART-126,"International Traffic in Arms Regulations (ITAR), 22 CFR Parts 120-130, amended through 2 October 2025 (KB 2/USA/ITAR.pdf)"
SEC-126.17(o)(1),SEC-126.17,(o)(1),1,2,Exports pursuant to the Defense Trade Cooperation Treaty between the United States and the United Kingdom and this section by any person identified in paragraph (b)(2) of this section shall not take place until 30 days after DDTC has acknowledged receipt of a written notification from the exporter notifying the Department of State if the export involves one or more of the following:,,SEC-126.17(o),PART-126,"International Traffic in Arms Regulations (ITAR), 22 CFR Parts 120-130, amended through 2 October 2025 (KB 2/USA/ITAR.pdf)"
SEC-126.17(o)(1)(i),SEC-126.17,(o)(1)(i),i,3,"A contract or other instrument for the export of major defense equipment in the amount of $25,000,000 or more, or for defense articles and defense services in the amount of $100,000,000 or more;",,SEC-126.17(o)(1),PART-126,"International Traffic in Arms Regulations (ITAR), 22 CFR Parts 120-130, amended through 2 October 2025 (KB 2/USA/ITAR.pdf)"
SEC-126.17(o)(1)(ii),SEC-126.17,(o)(1)(ii),ii,3,"A contract for the export of firearms controlled under Category I of the U.S. Munitions List of the International Traffic in Arms Regulations in an amount of $1,000,000 or more;",,SEC-126.17(o)(1),PART-126,"International Traffic in Arms Regulations (ITAR), 22 CFR Parts 120-130, amended through 2 October 2025 (KB 2/USA/ITAR.pdf)"
SEC-126.17(o)(1)(iii),SEC-126.17,(o)(1)(iii),iii,3,"A contract, regardless of value, for the manufacturing abroad of any item of significant military equipment (see § 120.36 of this subchapter); or",,SEC-126.17(o)(1),PART-126,"International Traffic in Arms Regulations (ITAR), 22 CFR Parts 120-130, amended through 2 October 2025 (KB 2/USA/ITAR.pdf)"
SEC-126.17(o)(1)(iv),SEC-126.17,(o)(1)(iv),iv,3,An amended contract that meets the requirements of paragraphs (o)(1)(i) through,,SEC-126.17(o)(1),PART-126,"International Traffic in Arms Regulations (ITAR), 22 CFR Parts 120-130, amended through 2 October 2025 (KB 2/USA/ITAR.pdf)"
SEC-126.17(o)(1)(iv)(o),SEC-126.17,(o)(1)(iv)(o),o,4,(1)(iii) of this section.,,SEC-126.17(o)(1)(iv),PART-126,"International Traffic in Arms Regulations (ITAR), 22 CFR Parts 120-130, amended through 2 October 2025 (KB 2/USA/ITAR.pdf)"
SEC-126.17(o)(2),SEC-126.17,(o)(2),2,2,"The written notification required in paragraph (o)(1) of this section shall indicate the item/model number, general item description, U.S. Munitions List category, value, and quantity of items to be exported pursuant to the Defense Trade Cooperation Treaty between the United States and the United Kingdom and this section, and shall be accompanied by the following additional information:",,SEC-126.17(o),PART-126,"International Traffic in Arms Regulations (ITAR), 22 CFR Parts 120-130, amended through 2 October 2025 (KB 2/USA/ITAR.pdf)"
SEC-126.17(o)(2)(i),SEC-126.17,(o)(2)(i),i,3,The information identified in § 130.10 and § 130.11 of this subchapter;,,SEC-126.17(o)(2),PART-126,"International Traffic in Arms Regulations (ITAR), 22 CFR Parts 120-130, amended through 2 October 2025 (KB 2/USA/ITAR.pdf)"
SEC-126.17(o)(2)(ii),SEC-126.17,(o)(2)(ii),ii,3,A statement regarding whether any offset agreement is final to be entered into in connection with the export and a description of any such offset agreement;,,SEC-126.17(o)(2),PART-126,"International Traffic in Arms Regulations (ITAR), 22 CFR Parts 120-130, amended through 2 October 2025 (KB 2/USA/ITAR.pdf)"
SEC-126.17(o)(2)(iii),SEC-126.17,(o)(2)(iii),iii,3,A copy of the signed contract; and,,SEC-126.17(o)(2),PART-126,"International Traffic in Arms Regulations (ITAR), 22 CFR Parts 120-130, amended through 2 October 2025 (KB 2/USA/ITAR.pdf)"
SEC-126.17(o)(2)(iv),SEC-126.17,(o)(2)(iv),iv,3,"If the notification is for paragraph (o)(1)(ii) of this section, a statement of what will happen to the weapons in their inventory (for example, whether the current inventory will be sold, reassigned to another service branch, destroyed, etc.).",,SEC-126.17(o)(2),PART-126,"International Traffic in Arms Regulations (ITAR), 22 CFR Parts 120-130, amended through 2 October 2025 (KB 2/USA/ITAR.pdf)"
SEC-126.17(o)(3),SEC-126.17,(o)(3),3,2,"The Department of State will notify the Congress of exports that meet the requirements of paragraph (o)(1) of this section. [77 FR 16601, Mar. 21, 2012, as amended at 79 FR 8085, Feb. 11, 2014; 79 FR 21616, Apr. 17, 2014; 81 FR 62008, Sept. 8, 2016; 82 FR 19, Jan. 3, 2017; 87 FR 16424, Mar. 23, 2022]",,SEC-126.17(o),PART-126,"International Traffic in Arms Regulations (ITAR), 22 CFR Parts 120-130, amended through 2 October 2025 (KB 2/USA/ITAR.pdf)"
SEC-126.18(a),SEC-126.18,(a),a,1,"Subject to the requirements of paragraphs (b) and (c) of this section and notwithstanding any other provisions of this part, and where the exemption provided in paragraph (d) of this section cannot be implemented because of applicable domestic laws, no approval is needed from the Directorate of Defense Trade Controls (DDTC) for the transfer of unclassified defense articles, which includes technical data, to or within a foreign business entity, foreign governmental entity, or international organization that is an authorized end-user or consignee (including approved sub-licensees) for those defense articles, including the transfer to dual nationals or third-country nationals who are bona fide regular employees, directly employed by the foreign consignee or end-user. The transfer of defense articles pursuant to this section must take place completely within the physical territory of the country where the end-user is located, where the governmental entity or international organization conducts official business, or where the consignee operates, and be within the scope of an approved export license, other export authorization, or license exemption.",,SEC-126.18,PART-126,"International Traffic in Arms Regulations (ITAR), 22 CFR Parts 120-130, amended through 2 October 2025 (KB 2/USA/ITAR.pdf)"
SEC-126.18(b),SEC-126.18,(b),b,1,"The provisions of § 127.1(b) of this subchapter are applicable to any transfer under this section. As a condition of transferring to foreign person employees described in paragraph (a) of this section any defense article under this provision, any foreign business entity, foreign governmental entity, or international organization, as a “foreign person” within the meaning of",,SEC-126.18,PART-126,"International Traffic in Arms Regulations (ITAR), 22 CFR Parts 120-130, amended through 2 October 2025 (KB 2/USA/ITAR.pdf)"
SEC-126.18(c),SEC-126.18,(c),c,1,"The end-user or consignee may satisfy the condition in paragraph (b) of this section, prior to transferring defense articles, by requiring:",,SEC-126.18,PART-126,"International Traffic in Arms Regulations (ITAR), 22 CFR Parts 120-130, amended through 2 October 2025 (KB 2/USA/ITAR.pdf)"
SEC-126.18(c)(1),SEC-126.18,(c)(1),1,2,"A security clearance approved by the host nation government for its employees, or",,SEC-126.18(c),PART-126,"International Traffic in Arms Regulations (ITAR), 22 CFR Parts 120-130, amended through 2 October 2025 (KB 2/USA/ITAR.pdf)"
SEC-126.18(c)(2),SEC-126.18,(c)(2),2,2,"The end-user or consignee to have in place a process to screen its employees and to have executed a Non-Disclosure Agreement that provides assurances that the employee will not transfer any defense articles to persons or entities unless specifically authorized by the consignee or end-user. The end-user or consignee must screen its employees for substantive contacts with restricted or prohibited countries listed in § 126.1. Substantive contacts include regular travel to such countries, recent or continuing contact with agents, brokers, and nationals of such countries, continued demonstrated allegiance to such countries, maintenance of business relationships with persons from such countries, maintenance of a residence in such countries, receiving salary or other continuing monetary compensation from such countries, or acts otherwise indicating a risk of diversion. Although nationality does not, in and of itself, prohibit access to defense articles, an employee who has substantive contacts with persons from countries listed in",,SEC-126.18(c),PART-126,"International Traffic in Arms Regulations (ITAR), 22 CFR Parts 120-130, amended through 2 October 2025 (KB 2/USA/ITAR.pdf)"
SEC-126.18(d),SEC-126.18,(d),d,1,"Notwithstanding any other provisions of this subchapter, no approval is needed from the Directorate of Defense Trade Controls (DDTC) for the reexport of unclassified defense articles or defense services to individuals who are dual national or third-country national employees of a foreign business entity, foreign governmental entity, or international organization, that is an authorized end-user, foreign signatory, or consignee (including approved sub-licensees) for those defense articles or defense services, when such individuals are:",,SEC-126.18,PART-126,"International Traffic in Arms Regulations (ITAR), 22 CFR Parts 120-130, amended through 2 October 2025 (KB 2/USA/ITAR.pdf)"
SEC-126.18(d)(1),SEC-126.18,(d)(1),1,2,"Regular employees of the foreign business entity, foreign governmental entity, or international organization;",,SEC-126.18(d),PART-126,"International Traffic in Arms Regulations (ITAR), 22 CFR Parts 120-130, amended through 2 October 2025 (KB 2/USA/ITAR.pdf)"
SEC-126.18(d)(2),SEC-126.18,(d)(2),2,2,"Nationals exclusively of countries that are members of NATO, the European Union, Australia, Japan, New Zealand, or Switzerland;",,SEC-126.18(d),PART-126,"International Traffic in Arms Regulations (ITAR), 22 CFR Parts 120-130, amended through 2 October 2025 (KB 2/USA/ITAR.pdf)"
SEC-126.18(d)(3),SEC-126.18,(d)(3),3,2,Within the physical territories of the countries listed in paragraph (d)(2) of this section or the United States during the reexport;,,SEC-126.18(d),PART-126,"International Traffic in Arms Regulations (ITAR), 22 CFR Parts 120-130, amended through 2 October 2025 (KB 2/USA/ITAR.pdf)"
SEC-126.18(d)(4),SEC-126.18,(d)(4),4,2,"Signatory to a Non-Disclosure Agreement, unless their employer is a signatory or sublicensee to an agreement under § 124.1 authorizing those defense articles or defense services; and",,SEC-126.18(d),PART-126,"International Traffic in Arms Regulations (ITAR), 22 CFR Parts 120-130, amended through 2 October 2025 (KB 2/USA/ITAR.pdf)"
SEC-126.18(d)(5),SEC-126.18,(d)(5),5,2,Not the recipient of any permanent transfer of hardware.,,SEC-126.18(d),PART-126,"International Traffic in Arms Regulations (ITAR), 22 CFR Parts 120-130, amended through 2 October 2025 (KB 2/USA/ITAR.pdf)"
SEC-126.18(e),SEC-126.18,(e),e,1,"Notwithstanding any other provisions of this subchapter, no license is required for the retransfer or reexport of classified defense articles to citizens of Australia or the United Kingdom, provided such individuals:",,SEC-126.18,PART-126,"International Traffic in Arms Regulations (ITAR), 22 CFR Parts 120-130, amended through 2 October 2025 (KB 2/USA/ITAR.pdf)"
SEC-126.18(e)(1),SEC-126.18,(e)(1),1,2,Are dual nationals of another country;,,SEC-126.18(e),PART-126,"International Traffic in Arms Regulations (ITAR), 22 CFR Parts 120-130, amended through 2 October 2025 (KB 2/USA/ITAR.pdf)"
SEC-126.18(e)(2),SEC-126.18,(e)(2),2,2,Are authorized users or regular employees of an authorized user of the exemption in § 126.7;,,SEC-126.18(e),PART-126,"International Traffic in Arms Regulations (ITAR), 22 CFR Parts 120-130, amended through 2 October 2025 (KB 2/USA/ITAR.pdf)"
SEC-126.18(e)(3),SEC-126.18,(e)(3),3,2,"Hold a security clearance approved by Australia, the United Kingdom, or the United States that is equivalent to the classification level of SECRET or above in the United States; and",,SEC-126.18(e),PART-126,"International Traffic in Arms Regulations (ITAR), 22 CFR Parts 120-130, amended through 2 October 2025 (KB 2/USA/ITAR.pdf)"
SEC-126.18(e)(4),SEC-126.18,(e)(4),4,2,Are either:,,SEC-126.18(e),PART-126,"International Traffic in Arms Regulations (ITAR), 22 CFR Parts 120-130, amended through 2 October 2025 (KB 2/USA/ITAR.pdf)"
SEC-126.18(e)(4)(i),SEC-126.18,(e)(4)(i),i,3,"Within the physical territory of Australia, the United Kingdom, or the United States; or",,SEC-126.18(e)(4),PART-126,"International Traffic in Arms Regulations (ITAR), 22 CFR Parts 120-130, amended through 2 October 2025 (KB 2/USA/ITAR.pdf)"
SEC-126.18(e)(4)(ii),SEC-126.18,(e)(4)(ii),ii,3,"A member of the armed forces of Australia, the United Kingdom, or the United States acting in their official capacity. [76 FR 28177, May 16, 2011, as amended at 81 FR 35617, June 3, 2016; 81 FR 62008, Sept. 8, 2016; 81 FR 66807, Sept. 29, 2016; 87 FR 16425, Mar. 23, 2022] Link to an amendment published at 88 FR 21911, Apr. 12, 2023.",,SEC-126.18(e)(4),PART-126,"International Traffic in Arms Regulations (ITAR), 22 CFR Parts 120-130, amended through 2 October 2025 (KB 2/USA/ITAR.pdf)"
SEC-126.18(e)(4)(ii)(e),SEC-126.18,(e)(4)(ii)(e),e,4,"(4) of § 126.16 or § 126.17 of this subchapter and is consistent with other exclusions of this supplement I-XXI Nuclear weapons strategic delivery systems and all X components, parts, accessories, and attachments specifically designed for such systems and associated equipment I-XXI Defense articles and services specific to the existence or X X method of compliance with anti-tamper measures, where such measures are readily identifiable, made at originating Government direction I-XXI Defense articles and services specific to reduced X X observables or counter low observables in any part of the spectrum. See Note 2 I-XXI Defense articles and services specific to sensor fusion X X beyond that required for display or identification correlation. See Note 3 I-XXI Defense articles and services specific to the automatic X X target acquisition or recognition and cueing of multiple autonomous unmanned systems I-XXI Nuclear power generating equipment or propulsion X equipment (e.g., nuclear reactors), specifically designed for military use and components therefor, specifically designed for military use. See also § 123.20 of this subchapter I-XXI Libraries (parametric technical databases) specially X designed for military use with equipment controlled on the USML. See Note 13 I-XXI Defense services or technical data specific to applied X research as defined in § 120.43(i) of this subchapter, design methodology as defined in § 120.43(c) of this subchapter, engineering analysis as defined in § 120.43(d) of this subchapter, or manufacturing know-how as defined in § 120.43(e) of this subchapter. See Note 12 I-XXI Defense services other than those required to prepare a X quote or bid proposal in response to a written request from a department or agency of the United States Federal Government or from a Canadian Federal, Provincial, or Territorial Government; or defense services other than those required to produce, design, assemble, maintain or service a defense article for use by a registered U.S. company, or a U.S. Federal Government Program, or for end-use in a Canadian Federal, Provincial, or Territorial Government Program. See Note 14 I Firearms, close assault weapons, and combat shotguns X II(k) Software source code related to USML Category II(c), II(d), X X or II(i). See Note 4 II(k) Manufacturing know-how related to USML Category X X X II(d). See Note 5 III Ammunition for firearms, close assault weapons, and X combat shotguns listed in USML Category I III Defense articles and services specific to ammunition and X fuse setting devices for guns and armament controlled in USML Category II III(e) Manufacturing know-how related to USML Category X X X III(d)(1) or III(d)(2) and their specially designed components. See Note 5 III(e) Software source code related to USML Category III(d)(1) or X X III(d)(2). See Note 4 IV Defense articles and services specific to man- portable air X X X defense systems (MANPADS). See Note 6 IV Defense articles and services specific to rockets, designed X or modified for non-military applications that do not have a range of 300 km (i.e., not controlled on the MTCR Annex) IV Defense articles and services specific to torpedoes X X IV Defense articles and services specific to anti- personnel X X X landmines. See Note 15 IV Defense articles and services specific to cluster munitions X X X IV(i) Software source code related to USML Category IV(a), X X IV(b), IV(c), or IV(g). See Note 4 IV(i) Manufacturing know-how related to USML Category IV(a), X X X IV(b), IV(d), or IV(g) and their specially designed components. See Note 5 V The following energetic materials and related substances: X a. TATB (triaminotrinitrobenzene) (CAS 3058-38-6); b. Explosives controlled in USML Category V(a)(38); c. Iron powder (CAS 7439-89-6) with particle size of 3 micrometers or less produced by reduction of iron oxide with hydrogen; d. BOBBA-8 (bis(2-methylaziridinyl)2-(2- hydroxypropanoxy) propylamino phosphine oxide), and other MAPO derivatives; e. N-methyl-p-nitroaniline (CAS 100-15-2); or f. Trinitrophenylmethylnitramine (tetryl) (CAS 479- 45-8) V(a)(13) ANF or ANAzF as described in USML Category X V(a)(13)(iii) and (iv) V(a)(23) Difluoraminated derivative of RDX as described in USML X Category V(a)(23)(iii) V(c)(7) Pyrotechnics and pyrophorics specifically formulated for X military purposes to enhance or control radiated energy in any part of the IR spectrum V(d)(3) Bis-2, 2-dinitropropylnitrate (BDNPN) X V(i) Developmental explosives, propellants, pyrotechnics, X X fuels, oxidizers, binders, additives, or precursors therefor, funded by the Department of Defense via contract or other funding authorization in accordance with notes 1 to 3 for USML Category V(i). This exclusion does not apply if such export is pursuant to a written solicitation or contract issued or awarded by the U.S. Department of Defense for an end-use identified in paragraph (e)(1), (e)(2), or (e)(4) of § 126.16 or § 126.17 of this subchapter and is consistent with other exclusions of this supplement VI Defense articles and services specific to cryogenic X equipment, and specially designed components or accessories therefor, specially designed or configured to be installed in a vehicle for military ground, marine, airborne or space applications, capable of operating while in motion and of producing or maintaining temperatures below 103 K (−170 °C) VI Defense articles and services specific to superconductive X electrical equipment (rotating machinery and transformers) specially designed or configured to be installed in a vehicle for military ground, marine, airborne, or space applications and capable of operating while in motion. This, however, does not include direct current hybrid homopolar generators which have single-pole normal metal armatures that rotate in a magnetic field produced by superconducting windings, provided those windings are the only superconducting component in the generator VI Defense articles and services specific to naval technology X X and systems relating to acoustic spectrum control and awareness. See Note 10 VI(a) Nuclear powered vessels. X X X VI(e) Defense articles and services specific to naval nuclear X X X propulsion equipment. See Note 7 VI(g) Software source code related to USML Category VI(a) or X X VI(c). See Note 4 VII Defense articles and services specific to cryogenic X equipment, and specially designed components or accessories therefor, specially designed or configured to be installed in a vehicle for military ground, marine, airborne or space applications, capable of operating while in motion and of producing or maintaining temperatures below 103 K (−170 °C) VII Defense articles and services specific to superconductive X electrical equipment (rotating machinery and transformers) specially designed or configured to be installed in a vehicle for military ground, marine, airborne, or space applications and capable of operating while in motion. This, however, does not include direct current hybrid homopolar generators which have single-pole normal metal armatures that rotate in a magnetic field produced by superconducting windings, provided those windings are the only superconducting component in the generator VIII Defense articles and services specific to cryogenic X equipment, and specially designed components and accessories therefor, specially designed or configured to be installed in a vehicle for military ground, marine, airborne or space applications, capable of operating while in motion and of producing or maintaining temperatures below 103 K (−170 °C) VIII Defense articles and services specific to superconductive X electrical equipment (rotating machinery and transformers) specially designed or configured to be installed in a vehicle for military ground, marine, airborne, or space applications and capable of operating while in motion. This, however, does not include direct current hybrid homopolar generators which have single-pole normal metal armatures that rotate in a magnetic field produced by superconducting windings, provided those windings are the only superconducting component in the generator VIII(a) All USML Category VIII(a) items. X VIII(f) Developmental aircraft parts, components, accessories, and X attachments identified in USML Category VIII(f) VIII(i) Manufacturing know-how related to USML Category X X X VIII(a) or VIII(e), and specially designed parts or components therefor. See Note 5 VIII(i) Software source code related to USML Category VIII(a) or X X VIII(e). See Note 4 IX Training or simulation equipment for Man Portable Air X X Defense Systems (MANPADS). See Note 6 IX(e) Software source code related to USML Category IX(a) or X X IX(b). See Note 4 IX(e) Software that is both specifically designed or modified for X military use and specifically designed or modified for modeling or simulating military operational scenarios X(e) Manufacturing know-how related to USML Category X X X X(a)(1) or X(a)(2), and specially designed components therefor. See Note 5 XI(a) XI(c), Defense articles and services specific to countermeasures X X XI(d) and counter- countermeasures See Note 9 XI(a) High Frequency and Phased Array Microwave Radar X systems, with capabilities such as search, acquisition, tracking, moving target indication, and imaging radar systems. See Note 16 XI(a), XI(c), Defense articles and services specific to naval technology X X XI(d) and systems relating to acoustic spectrum control and awareness. See Note 10 XI(a), XI(c), Defense articles and services specific to USML Category X X XI(d) XI(b) (e.g., communications security (COMSEC) and TEMPEST) XI(d) Software source code related to USML Category X X XI(a). See Note 4 XI(d) Manufacturing know-how related to USML Category X X X XI(a)(3) or XI(a)(4), and specially designed components therefor. See Note 5 XII Defense articles and services specific to countermeasures X X and counter- countermeasures. See Note 9 XII Defense articles and services specific to USML Category X XII(c) articles, except any 1st- and 2nd- generation image intensification tubes and 1st- and 2nd-generation image intensification night sighting equipment. End-items in USML Category XII(c) and related technical data limited to basic operations, maintenance, and training information as authorized under the exemption in § 125.4(b)(5) of this subchapter may be exported directly to a Canadian Government entity (i.e., federal, provincial, territorial, or municipal) consistent with § 126.5, other exclusions, and the provisions of this subchapter XII Technical data or defense services for night vision X X X equipment beyond basic operations, maintenance, and training data. However, the AS and UK Treaty exemptions apply when such export is pursuant to a written solicitation or contract issued or awarded by the U.S. Department of Defense for an end-use identified in paragraph (e)(1), (e)(2), or (e)(4) of § 126.16 or § 126.17 of this subchapter and is consistent with other exclusions of this supplement XII(f) Manufacturing know-how related to USML Category X X X XII(d) and specially designed components therefor. See Note 5 XII(f) Software source code related to USML Category XII(a), X X XII(b), XII(c), or XII(d). See Note 4 XIII(b) Defense articles and services specific to USML Category X X XIII(b) (Military Information Security Assurance Systems, cryptographic devices, software, and components) XIII(d) Carbon/carbon billets and preforms which are reinforced in X three or more dimensional planes, specifically designed, developed, modified, configured, or adapted for defense articles XIII(e) Defense articles and services specific to armored plate X manufactured to comply with a military standard or specification or suitable for military use. See Note 11 XIII(g) Defense articles and services related to concealment and X deception equipment and materials XIII(h) Energy conversion devices other than fuel cells X XIII(j) Defense articles and services related to hardware associated X X with the measurement or modification of system signatures for detection of defense articles as described in Note 2 XIII(l) Software source code related to USML Category X X XIII(a). See Note 4 XIV Defense articles and services related to toxicological X X agents, including chemical agents, biological agents, and associated equipment XIV(a), Chemical agents listed in USML Category XIV(a), X XIV(b), (d) and (e), biological agents and biologically derived XIV(d), substances in USML Category XIV(b), and equipment XIV(e), listed in USML Category XIV(f) for dissemination of the XIV(f) chemical agents and biological agents listed in USML Category XIV(a), (b), (d), and (e) XV(a) Defense articles and services specific to X X X spacecraft/satellites. However, the Canadian exemption may be used for commercial communications satellites that have no other type of payload XV(b) Defense articles and services specific to ground control X X stations for spacecraft telemetry, tracking, and control. Defense articles and services are not excluded under this entry if they do not control the spacecraft. Receivers for receiving satellite transmissions are also not excluded under this entry XV(c) Defense articles and services specific to GPS/PPS security X X modules XV(c) Defense articles controlled in USML Category XV(c) X except end-items for end-use by the Federal Government of Canada exported directly or indirectly through a Canadian- registered person XV(e) Anti-jam systems with the ability to respond to incoming X interference by adaptively reducing antenna gain (nulling) in the direction of the interference XV(e)(1) Antennas having any of the following: X a. Aperture (overall dimension of the radiating portions of the antenna) greater than 30 feet; b. All sidelobes less than or equal to −35 dB relative to the peak of the main beam; or c. Designed, modified, or configured to provide coverage area on the surface of the earth less than 200 nautical miles in diameter, where “coverage area” is defined as that area on the surface of the earth that is illuminated by the main beam width of the antenna (which is the angular distance between half power points of the beam) XV(e)(12) Propulsion systems which permit acceleration of the X satellite on-orbit (i.e., after mission orbit injection) at rates greater than 0.1 g XV(e)(10) Attitude determination and control systems designed to X provide spacecraft pointing determination and control or payload pointing system control better than 0.02 degrees per axis XV(e) All parts, components, accessories, attachments, X equipment, or systems for USML Category XV(a) items, except when specially designed for use in commercial communications satellites XV(e) Defense articles and services specific to spacecraft, ground X X control station systems (only for spacecraft control as controlled in USML Category XV(b)), subsystems, components, parts, accessories, attachments, and associated equipment controlled in Category XV XV(f) Technical data and defense services directly related to the X X X other defense articles excluded from the exemptions for USML Category XV XVI Defense articles and services specific to design and testing X X X of nuclear weapons XVII Classified articles, and technical data and defense services X X X relating thereto, not elsewhere enumerated. See Note 1 XVIII Defense articles and services specific to directed energy X X weapon systems XIX(e), Defense articles and services specific to gas turbine engine X X XIX(f)(1), hot section components and to Full Authority Digital XIX(f)(2), Engine Control Systems (FADEC) or Digital Electronic XIX(g) Engine Controls (DEEC). See Note 8 XIX(g) Technical data and defense services for gas turbine engine X X X hot sections. (This does not include hardware). See Note 8 XX Defense articles and services related to submersible vessels, X X X oceanographic, and associated equipment XX Defense articles and services specific to naval technology X X and systems relating to acoustic spectrum control and awareness. See Note 10 XX Defense articles specific to cryogenic equipment, and X specially designed components or accessories therefor, specially designed or configured to be installed in a vehicle for military ground, marine, airborne or space applications, capable of operating while in motion and of producing or maintaining temperatures below 103 K (−170 °C) XX Defense articles specific to superconductive electrical X equipment (rotating machinery and transformers) specially designed or configured to be installed in a vehicle for military ground, marine, airborne, or space applications and capable of operating while in motion. This, however, does not include direct current hybrid homopolar generators that have single-pole normal metal armatures which rotate in a magnetic field produced by superconducting windings, provided those windings are the only superconducting component in the generator XX(a) Nuclear powered vessels. X X X XX(b) Defense articles and services specific to naval nuclear X X X propulsion equipment. See Note 7 XX(c) Defense articles and services specific to submarine combat X X control systems XX(d) Software source code related to USML Category XX(a). X X See Note 4 XXI Articles, and technical data and defense services relating X X X thereto, not otherwise enumerated on the USML, but placed in this category by the Director, Office of Defense Trade Controls Policy",,SEC-126.18(e)(4)(ii),PART-126,"International Traffic in Arms Regulations (ITAR), 22 CFR Parts 120-130, amended through 2 October 2025 (KB 2/USA/ITAR.pdf)"
SEC-126.18(UV),SEC-126.18,(UV),UV,1,", acoustic, magnetic, RF emissions) of defense platforms, including systems, subsystems, components, materials (including dual-purpose materials used for Electromagnetic Interference (EM) reduction), technologies, and signature prediction, test and measurement equipment and software, and material transmissivity/reflectivity prediction codes and optimization software.",,SEC-126.18,PART-126,"International Traffic in Arms Regulations (ITAR), 22 CFR Parts 120-130, amended through 2 October 2025 (KB 2/USA/ITAR.pdf)"
SEC-126.18(1),SEC-126.18,(1),1,1,"Limit delivery of the defense articles being produced directly to an identified manufacturer in the United States registered in accordance with part 122 of this subchapter; a department or agency of the United States Federal Government; a Canadian-registered person authorized in writing to manufacture defense articles by and for the Government of Canada; a Canadian Federal, Provincial, or Territorial Government;",,SEC-126.18,PART-126,"International Traffic in Arms Regulations (ITAR), 22 CFR Parts 120-130, amended through 2 October 2025 (KB 2/USA/ITAR.pdf)"
SEC-126.18(2),SEC-126.18,(2),2,1,Prohibit the disclosure of the technical data to any other contractor or subcontractor who is not a Canadian-registered person;,,SEC-126.18,PART-126,"International Traffic in Arms Regulations (ITAR), 22 CFR Parts 120-130, amended through 2 October 2025 (KB 2/USA/ITAR.pdf)"
SEC-126.18(3),SEC-126.18,(3),3,1,Provide that any subcontract contain all the limitations of § 126.5 of this subchapter;,,SEC-126.18,PART-126,"International Traffic in Arms Regulations (ITAR), 22 CFR Parts 120-130, amended through 2 October 2025 (KB 2/USA/ITAR.pdf)"
SEC-126.18(4),SEC-126.18,(4),4,1,"Require that the Canadian contractor, including subcontractors, destroy or return to the U.S. exporter in the United States all of the technical data exported pursuant to the contract or purchase order upon fulfillment of the contract, unless for use by a Canadian or United States Government entity that requires in writing the technical data be maintained. The U.S. exporter must be provided written certification that the technical data is being retained or destroyed; and",,SEC-126.18,PART-126,"International Traffic in Arms Regulations (ITAR), 22 CFR Parts 120-130, amended through 2 October 2025 (KB 2/USA/ITAR.pdf)"
SEC-126.18(5),SEC-126.18,(5),5,1,"Include a clause requiring that all documentation created from U.S. origin technical data contain the statement that, “This document contains technical data, the use of which is restricted by the U.S. Arms Export Control Act. This data has been provided in accordance with, and is subject to, the limitations specified in § 126.5 of the International Traffic in Arms Regulations (ITAR). By accepting this data, the consignee agrees to honor the requirements of the ITAR.”",,SEC-126.18,PART-126,"International Traffic in Arms Regulations (ITAR), 22 CFR Parts 120-130, amended through 2 October 2025 (KB 2/USA/ITAR.pdf)"
SEC-126.18(DoD),SEC-126.18,(DoD),DoD,1,"Program Protection Plan, not already installed in the commodity they are intended to protect; and directly related technical data and defense services. II(k), III(e), IV(i), X(e), and XIX(g) Manufacturing know-how (see § 120.43(e) of this subchapter) directly related to: - articles described in USML Categories II(d), III(d)(1) or (2), IV(a), (b),",,SEC-126.18,PART-126,"International Traffic in Arms Regulations (ITAR), 22 CFR Parts 120-130, amended through 2 October 2025 (KB 2/USA/ITAR.pdf)"
SEC-126.18(10),SEC-126.18,(10),10,1,", or (11), or (h)(5); launcher mechanisms for MANPADS; and directly related technical data and defense services. V(a)(13)(iii) and (iv), (a)(23)(iii), (d)(3), (i), and (j) Articles described in USML Category V(a)(13)(iii) and (iv), (a)(23)(iii), or (d)(3); articles, other than propellants, described in USML Category V(i); and directly related technical data and defense services. VI(e), (f)(5), and (g); and XX(b)(1), (c), and (d) Articles described in USML Category VI(e) or (f)(5), or XX(b)(1); articles specially designed for articles described in USML Category XX(b)(1); and directly related technical data and defense services. VIII(a)(2), (h)(1), and (i) The F-22 aircraft and articles specially designed for the F-22, other than those also used in aircraft other than the F-22; and directly related technical data and defense services.",,SEC-126.18,PART-126,"International Traffic in Arms Regulations (ITAR), 22 CFR Parts 120-130, amended through 2 October 2025 (KB 2/USA/ITAR.pdf)"
SEC-126.18(ii),SEC-126.18,(ii),ii,1,"; and directly related technical data and defense services. XI(a)(2), (c)(1) through (3), and (d) Classified articles described in USML Category XI(a)(2), other than underwater acoustic decoy countermeasures; classified articles specially designed therefor; and classified, directly related technical data and defense services. XI(a)(3)(xviii),(c)(1) through (3), and (d) Classified articles described in USML Category XI(a)(3)(xviii); classified articles specially designed therefor; and classified, directly related technical data and defense services. XI(a)(4)(i), (c)(1) through (3), and (d) Classified articles described in USML Category XI(a)(4)(i); classified articles specially designed therefor; and classified, directly related technical data and defense services. XI(a)(4)(iii), (c)(1) through (3), and (d) Classified countermeasure and counter- countermeasure equipment described in USML Category XI(a)(4)(iii); classified articles specially designed therefor; and classified, directly related technical data and defense services. XI(a)(5)(iii),(c)(1) through (3) and (18), and (d) Classified articles described in USML Category XI(a)(5)(iii); classified articles specially designed therefor; and classified, directly related technical data and defense services. XI(b) and (d) Classified articles described in USML Category XI(b); and classified, directly related technical data and defense services. XI(c) and (d) (1) Articles described in USML Category XI(c) or (d) specially designed for articles described in USML Category XI(a)(1)(i) or (ii); and directly related technical data and defense services.",,SEC-126.18,PART-126,"International Traffic in Arms Regulations (ITAR), 22 CFR Parts 120-130, amended through 2 October 2025 (KB 2/USA/ITAR.pdf)"
SEC-127.1(a),SEC-127.1,(a),a,1,"Without first obtaining the required license or other written approval from the Directorate of Defense Trade Controls, it is unlawful:",,SEC-127.1,PART-127,"International Traffic in Arms Regulations (ITAR), 22 CFR Parts 120-130, amended through 2 October 2025 (KB 2/USA/ITAR.pdf)"
SEC-127.1(a)(1),SEC-127.1,(a)(1),1,2,To export or attempt to export from the United States any defense article or technical data or to furnish or attempt to furnish any defense service for which a license or written approval is required by this subchapter;,,SEC-127.1(a),PART-127,"International Traffic in Arms Regulations (ITAR), 22 CFR Parts 120-130, amended through 2 October 2025 (KB 2/USA/ITAR.pdf)"
SEC-127.1(a)(2),SEC-127.1,(a)(2),2,2,"To reexport or retransfer or attempt to reexport or retransfer any defense article, technical data, or defense service from one foreign end-user, end-use, or destination to another foreign end-user, end-use, or destination for which a license or written approval is required by this subchapter, including, as specified in § 126.16(h) and § 126.17(h) of this subchapter, any defense article, technical data, or defense service that was exported from the United States without a license pursuant to any exemption under this subchapter;",,SEC-127.1(a),PART-127,"International Traffic in Arms Regulations (ITAR), 22 CFR Parts 120-130, amended through 2 October 2025 (KB 2/USA/ITAR.pdf)"
SEC-127.1(a)(3),SEC-127.1,(a)(3),3,2,To import or attempt to import any defense article whenever a license is required by this subchapter;,,SEC-127.1(a),PART-127,"International Traffic in Arms Regulations (ITAR), 22 CFR Parts 120-130, amended through 2 October 2025 (KB 2/USA/ITAR.pdf)"
SEC-127.1(a)(4),SEC-127.1,(a)(4),4,2,"To conspire to export, import, reexport, retransfer, furnish or cause to be exported, imported, reexported, retransferred or furnished, any defense article, technical data, or defense service for which a license or written approval is required by this subchapter; or",,SEC-127.1(a),PART-127,"International Traffic in Arms Regulations (ITAR), 22 CFR Parts 120-130, amended through 2 October 2025 (KB 2/USA/ITAR.pdf)"
SEC-127.1(a)(5),SEC-127.1,(a)(5),5,2,"To possess or attempt to possess any defense article with intent to export or transfer such defense article in violation of 22 U.S.C. 2778 and 2779, or any regulation, license, approval, or order issued thereunder.",,SEC-127.1(a),PART-127,"International Traffic in Arms Regulations (ITAR), 22 CFR Parts 120-130, amended through 2 October 2025 (KB 2/USA/ITAR.pdf)"
SEC-127.1(b),SEC-127.1,(b),b,1,It is unlawful:,,SEC-127.1,PART-127,"International Traffic in Arms Regulations (ITAR), 22 CFR Parts 120-130, amended through 2 October 2025 (KB 2/USA/ITAR.pdf)"
SEC-127.1(b)(1),SEC-127.1,(b)(1),1,2,"To violate any of the terms or conditions of a license or approval granted pursuant to this subchapter, any exemption contained in this subchapter, or any rule or regulation contained in this subchapter;",,SEC-127.1(b),PART-127,"International Traffic in Arms Regulations (ITAR), 22 CFR Parts 120-130, amended through 2 October 2025 (KB 2/USA/ITAR.pdf)"
SEC-127.1(b)(2),SEC-127.1,(b)(2),2,2,"To engage in the business of brokering activities for which registration and a license or written approval is required by this subchapter without first registering or obtaining the required license or written approval from the Directorate of Defense Trade Controls. For the purposes of this subchapter, engaging in the business of brokering activities requires only one occasion of engaging in an activity as reflected in § 129.2(b) of this subchapter.",,SEC-127.1(b),PART-127,"International Traffic in Arms Regulations (ITAR), 22 CFR Parts 120-130, amended through 2 October 2025 (KB 2/USA/ITAR.pdf)"
SEC-127.1(b)(3),SEC-127.1,(b)(3),3,2,"To engage in the United States in the business of either manufacturing or exporting defense articles or furnishing defense services without complying with the registration requirements. For the purposes of this subchapter, engaging in the business of manufacturing or exporting defense articles or furnishing defense services requires only one occasion of manufacturing or exporting a defense article or furnishing a defense service.",,SEC-127.1(b),PART-127,"International Traffic in Arms Regulations (ITAR), 22 CFR Parts 120-130, amended through 2 October 2025 (KB 2/USA/ITAR.pdf)"
SEC-127.1(c),SEC-127.1,(c),c,1,"Any person who is granted a license or other approval or acts pursuant to an exemption under this subchapter is responsible for the acts of employees, agents, brokers, and all authorized persons to whom possession of the defense article, which includes technical data, has been entrusted regarding the operation, use, possession, transportation, and handling of such defense article abroad. All persons abroad subject to U.S. jurisdiction who obtain custody of a defense article exported from the United States or produced under an agreement described in part 124 of this subchapter, and regardless of the number of intermediate transfers, are bound by the regulations of this subchapter in the same manner and to the same extent as the original owner or transferor.",,SEC-127.1,PART-127,"International Traffic in Arms Regulations (ITAR), 22 CFR Parts 120-130, amended through 2 October 2025 (KB 2/USA/ITAR.pdf)"
SEC-127.1(d),SEC-127.1,(d),d,1,"A person who is ineligible pursuant to § 120.16(c) of this subchapter, or a person with knowledge that another person is ineligible pursuant to § 120.16(c) of this subchapter, may not, directly or indirectly, in any manner or capacity, without prior disclosure of the facts to and written authorization from the Directorate of Defense Trade Controls:",,SEC-127.1,PART-127,"International Traffic in Arms Regulations (ITAR), 22 CFR Parts 120-130, amended through 2 October 2025 (KB 2/USA/ITAR.pdf)"
SEC-127.1(d)(1),SEC-127.1,(d)(1),1,2,"Apply for, obtain, or use any export control document as defined in § 127.2(b) for such ineligible person; or",,SEC-127.1(d),PART-127,"International Traffic in Arms Regulations (ITAR), 22 CFR Parts 120-130, amended through 2 October 2025 (KB 2/USA/ITAR.pdf)"
SEC-127.1(d)(2),SEC-127.1,(d)(2),2,2,"Order, buy, receive, use, sell, deliver, store, dispose of, forward, transport, finance, or otherwise service or participate in any manner in any transaction subject to this subchapter that may involve any defense article, which includes technical data, defense services, or brokering activities, where such ineligible person may obtain any benefit therefrom or have any direct or indirect interest therein.",,SEC-127.1(d),PART-127,"International Traffic in Arms Regulations (ITAR), 22 CFR Parts 120-130, amended through 2 October 2025 (KB 2/USA/ITAR.pdf)"
SEC-127.1(e),SEC-127.1,(e),e,1,"No person may knowingly or willfully attempt, solicit, cause, or aid, abet, counsel, demand, induce, procure, or permit the commission of any act prohibited by, or the omission of any act required by 22 U.S.C. 2778, 22 U.S.C. 2779, or any regulation, license, approval, or order issued thereunder. [77 FR 16641, Mar. 21, 2012, as amended at 78 FR 52688, Aug. 26, 2013; 79 FR 8088, Feb. 11, 2014; 87 FR 16425, Mar. 23, 2022]",,SEC-127.1,PART-127,"International Traffic in Arms Regulations (ITAR), 22 CFR Parts 120-130, amended through 2 October 2025 (KB 2/USA/ITAR.pdf)"
SEC-127.2(a),SEC-127.2,(a),a,1,"It is unlawful to use or attempt to use any export or temporary import control document containing a false statement or misrepresenting or omitting a material fact for the purpose of exporting, transferring, reexporting, retransferring, obtaining, or furnishing any defense article, technical data, or defense service. Any false statement, misrepresentation, or omission of material fact in an export or temporary import control document will be considered as made in a matter within the jurisdiction of a department or agency of the United States for the purposes of 18 U.S.C. 1001, 22 U.S.C. 2778, and 22 U.S.C. 2779.",,SEC-127.2,PART-127,"International Traffic in Arms Regulations (ITAR), 22 CFR Parts 120-130, amended through 2 October 2025 (KB 2/USA/ITAR.pdf)"
SEC-127.2(b),SEC-127.2,(b),b,1,"For the purpose of this subchapter, export or temporary import control documents include the following:",,SEC-127.2,PART-127,"International Traffic in Arms Regulations (ITAR), 22 CFR Parts 120-130, amended through 2 October 2025 (KB 2/USA/ITAR.pdf)"
SEC-127.2(b)(1),SEC-127.2,(b)(1),1,2,"An application for a permanent export, reexport, retransfer, or a temporary import license and supporting documents.",,SEC-127.2(b),PART-127,"International Traffic in Arms Regulations (ITAR), 22 CFR Parts 120-130, amended through 2 October 2025 (KB 2/USA/ITAR.pdf)"
SEC-127.2(b)(2),SEC-127.2,(b)(2),2,2,Electronic Export Information filing.,,SEC-127.2(b),PART-127,"International Traffic in Arms Regulations (ITAR), 22 CFR Parts 120-130, amended through 2 October 2025 (KB 2/USA/ITAR.pdf)"
SEC-127.2(b)(3),SEC-127.2,(b)(3),3,2,Invoice.,,SEC-127.2(b),PART-127,"International Traffic in Arms Regulations (ITAR), 22 CFR Parts 120-130, amended through 2 October 2025 (KB 2/USA/ITAR.pdf)"
SEC-127.2(b)(4),SEC-127.2,(b)(4),4,2,Declaration of destination.,,SEC-127.2(b),PART-127,"International Traffic in Arms Regulations (ITAR), 22 CFR Parts 120-130, amended through 2 October 2025 (KB 2/USA/ITAR.pdf)"
SEC-127.2(b)(5),SEC-127.2,(b)(5),5,2,Delivery verification.,,SEC-127.2(b),PART-127,"International Traffic in Arms Regulations (ITAR), 22 CFR Parts 120-130, amended through 2 October 2025 (KB 2/USA/ITAR.pdf)"
SEC-127.2(b)(6),SEC-127.2,(b)(6),6,2,Application for temporary export.,,SEC-127.2(b),PART-127,"International Traffic in Arms Regulations (ITAR), 22 CFR Parts 120-130, amended through 2 October 2025 (KB 2/USA/ITAR.pdf)"
SEC-127.2(b)(7),SEC-127.2,(b)(7),7,2,Application for registration.,,SEC-127.2(b),PART-127,"International Traffic in Arms Regulations (ITAR), 22 CFR Parts 120-130, amended through 2 October 2025 (KB 2/USA/ITAR.pdf)"
SEC-127.2(b)(8),SEC-127.2,(b)(8),8,2,Purchase order.,,SEC-127.2(b),PART-127,"International Traffic in Arms Regulations (ITAR), 22 CFR Parts 120-130, amended through 2 October 2025 (KB 2/USA/ITAR.pdf)"
SEC-127.2(b)(9),SEC-127.2,(b)(9),9,2,Foreign import certificate.,,SEC-127.2(b),PART-127,"International Traffic in Arms Regulations (ITAR), 22 CFR Parts 120-130, amended through 2 October 2025 (KB 2/USA/ITAR.pdf)"
SEC-127.2(b)(10),SEC-127.2,(b)(10),10,2,Bill-of-lading.,,SEC-127.2(b),PART-127,"International Traffic in Arms Regulations (ITAR), 22 CFR Parts 120-130, amended through 2 October 2025 (KB 2/USA/ITAR.pdf)"
SEC-127.2(b)(11),SEC-127.2,(b)(11),11,2,Airway ill.,,SEC-127.2(b),PART-127,"International Traffic in Arms Regulations (ITAR), 22 CFR Parts 120-130, amended through 2 October 2025 (KB 2/USA/ITAR.pdf)"
SEC-127.2(b)(12),SEC-127.2,(b)(12),12,2,Nontransfer and use certificate.,,SEC-127.2(b),PART-127,"International Traffic in Arms Regulations (ITAR), 22 CFR Parts 120-130, amended through 2 October 2025 (KB 2/USA/ITAR.pdf)"
SEC-127.2(b)(13),SEC-127.2,(b)(13),13,2,"Any other document used in this regulation or control of a defense article, defense service, or brokering activity regulated by this subchapter.",,SEC-127.2(b),PART-127,"International Traffic in Arms Regulations (ITAR), 22 CFR Parts 120-130, amended through 2 October 2025 (KB 2/USA/ITAR.pdf)"
SEC-127.2(b)(14),SEC-127.2,(b)(14),14,2,Any other shipping document that has information related to the export of the defense article or defense service.,,SEC-127.2(b),PART-127,"International Traffic in Arms Regulations (ITAR), 22 CFR Parts 120-130, amended through 2 October 2025 (KB 2/USA/ITAR.pdf)"
SEC-127.3(a),SEC-127.3,(a),a,1,"Violates any provision of § 38 or § 39 of the Arms Export Control Act (22 U.S.C. 2778 and 2779) or any rule or regulation issued under either § 38 or § 39 of the Act, or any undertaking specifically required by part 124 of this subchapter; or",,SEC-127.3,PART-127,"International Traffic in Arms Regulations (ITAR), 22 CFR Parts 120-130, amended through 2 October 2025 (KB 2/USA/ITAR.pdf)"
SEC-127.3(b),SEC-127.3,(b),b,1,"In a registration, license application, or report required by § 38 or § 39 of the Arms Export Control Act (22 U.S.C. 2778 and 2779) or by any rule or regulation issued under either section, makes any untrue statement of a material fact or omits a material fact required to be stated therein or necessary to make the statements therein not misleading, shall upon conviction be subject to a fine or imprisonment, or both, as prescribed by 22 U.S.C. 2778(c).",,SEC-127.3,PART-127,"International Traffic in Arms Regulations (ITAR), 22 CFR Parts 120-130, amended through 2 October 2025 (KB 2/USA/ITAR.pdf)"
SEC-127.4(a),SEC-127.4,(a),a,1,"U.S. Immigration and Customs Enforcement and U.S. Customs and Border Protection officers may take appropriate action to ensure observance of this subchapter as to the export or the attempted export or the temporary import of any defense article or technical data, including the inspection of loading or unloading of any vessel, vehicle, or aircraft. This applies whether the export is authorized by license or by written approval issued under this subchapter or by exemption.",,SEC-127.4,PART-127,"International Traffic in Arms Regulations (ITAR), 22 CFR Parts 120-130, amended through 2 October 2025 (KB 2/USA/ITAR.pdf)"
SEC-127.4(b),SEC-127.4,(b),b,1,"U.S. Immigration and Customs Enforcement and U.S. Customs and Border Protection officers have the authority to investigate, detain or seize any export or attempted export of defense articles or technical data contrary to this subchapter.",,SEC-127.4,PART-127,"International Traffic in Arms Regulations (ITAR), 22 CFR Parts 120-130, amended through 2 October 2025 (KB 2/USA/ITAR.pdf)"
SEC-127.4(c),SEC-127.4,(c),c,1,"Upon the presentation to a U.S. Customs and Border Protection Officer of a license or written approval, or claim of an exemption, authorizing the export of any defense article, the customs officer may require the production of other relevant documents and information relating to the final export. This includes an invoice, order, packing list, shipping document, correspondence, instructions, and the documents otherwise required by the U.S. Customs and Border Protection or U.S. Immigration and Customs Enforcement.",,SEC-127.4,PART-127,"International Traffic in Arms Regulations (ITAR), 22 CFR Parts 120-130, amended through 2 October 2025 (KB 2/USA/ITAR.pdf)"
SEC-127.4(d),SEC-127.4,(d),d,1,"If an exemption under this subchapter is used or claimed to export, transfer, reexport or retransfer, furnish, or obtain a defense article, technical data, or defense service, law enforcement officers may rely upon the authorities noted, additional authority identified in the language of the exemption, and any other lawful means or authorities to investigate such a matter.",,SEC-127.4,PART-127,"International Traffic in Arms Regulations (ITAR), 22 CFR Parts 120-130, amended through 2 October 2025 (KB 2/USA/ITAR.pdf)"
SEC-127.6(a),SEC-127.6,(a),a,1,"An attempt to export from the United States any defense articles in violation of the provisions of this subchapter constitutes an offense punishable under section 401 of title 22 of the United States Code. Whenever it is known or there is probable cause to believe that any defense article is intended to be or is being or has been exported or removed from the United States in violation of law, such article and any vessel, vehicle or aircraft involved in such attempt is subject to seizure, forfeiture and disposition as provided in section 401 of title 22 of the United States Code.",,SEC-127.6,PART-127,"International Traffic in Arms Regulations (ITAR), 22 CFR Parts 120-130, amended through 2 October 2025 (KB 2/USA/ITAR.pdf)"
SEC-127.6(b),SEC-127.6,(b),b,1,"Similarly, an attempt to violate any of the conditions under which a temporary export or temporary import license was issued pursuant to this subchapter or to violate the requirements of § 123.2 of this subchapter also constitutes an offense punishable under section 401 of title 22 of the United States Code, and such article, together with any vessel, vehicle or aircraft involved in any such attempt is subject to seizure, forfeiture, and disposition as provided in section 401 of title 22 of the United States Code.",,SEC-127.6,PART-127,"International Traffic in Arms Regulations (ITAR), 22 CFR Parts 120-130, amended through 2 October 2025 (KB 2/USA/ITAR.pdf)"
SEC-127.7(a),SEC-127.7,(a),a,1,"Administrative debarment. In implementing section 38 of the Arms Export Control Act, the Assistant Secretary of State for Political-Military Affairs may debar and thereby prohibit any person from participating directly or indirectly in any activities that are subject to this subchapter for any of the reasons listed below. Any such prohibition is referred to as an administrative debarment for purposes of this subchapter. The Assistant Secretary of State for Political-Military Affairs shall determine the appropriate period of time for administrative debarment, which generally shall be for a period of three years. Reinstatement is not automatic, however, and in all cases the debarred persons must submit a request for reinstatement and be approved for reinstatement before engaging in any activities subject to this subchapter. (See part 128 of this subchapter for administrative procedures.)",,SEC-127.7,PART-127,"International Traffic in Arms Regulations (ITAR), 22 CFR Parts 120-130, amended through 2 October 2025 (KB 2/USA/ITAR.pdf)"
SEC-127.7(b),SEC-127.7,(b),b,1,"Statutory debarment. It is the policy of the Department of State not to consider applications for licenses or requests for approvals involving any person who has been convicted of violating the Arms Export Control Act or convicted of conspiracy to violate that Act for a three-year period following conviction and to prohibit that person from participating directly or indirectly in any activities that are subject to this subchapter. Such individuals shall be notified in writing that they are statutorily debarred pursuant to this policy. A list of persons who have been convicted of such offenses and debarred for this reason shall be published periodically in the Federal Register. Statutory debarment in such cases is based solely upon the outcome of a criminal proceeding, conducted by a court of the United States, which established guilt beyond a reasonable doubt in accordance with due process. Reinstatement is not automatic, and in all cases the debarred person must submit a request for reinstatement to the Department of State and be approved for reinstatement before engaging in any activities subject to this subchapter. The procedures of part 128 of this subchapter are not applicable in such cases.",,SEC-127.7,PART-127,"International Traffic in Arms Regulations (ITAR), 22 CFR Parts 120-130, amended through 2 October 2025 (KB 2/USA/ITAR.pdf)"
SEC-127.7(c),SEC-127.7,(c),c,1,Grounds.,,SEC-127.7,PART-127,"International Traffic in Arms Regulations (ITAR), 22 CFR Parts 120-130, amended through 2 October 2025 (KB 2/USA/ITAR.pdf)"
SEC-127.7(c)(1),SEC-127.7,(c)(1),1,2,"The basis for statutory debarment, as described in paragraph (b) of this section, is any conviction for violating the Arms Export Control Act (see § 127.3) or any conspiracy to violate the Arms Export Control Act.",,SEC-127.7(c),PART-127,"International Traffic in Arms Regulations (ITAR), 22 CFR Parts 120-130, amended through 2 October 2025 (KB 2/USA/ITAR.pdf)"
SEC-127.7(c)(2),SEC-127.7,(c)(2),2,2,"The basis for administrative debarment, as described in paragraph (a) of this section and in part 128 of this subchapter, is any violation of 22 U.S.C. 2778 or any rule or regulation issued thereunder when such a violation is of such a character as to provide a reasonable basis for the Directorate of Defense Trade Controls to believe that the violator cannot be relied upon to comply with the statute or these rules or regulations in the future, and when such violation is established in accordance with part 128 of this subchapter.",,SEC-127.7(c),PART-127,"International Traffic in Arms Regulations (ITAR), 22 CFR Parts 120-130, amended through 2 October 2025 (KB 2/USA/ITAR.pdf)"
SEC-127.7(d),SEC-127.7,(d),d,1,Appeals. Any person who is ineligible pursuant to paragraph (b) of this section may appeal to the Under Secretary of State for Arms Control and International Security for reconsideration of the ineligibility determination. The procedures specified in § 128.13 of this subchapter will be used in submitting a reconsideration appeal.,,SEC-127.7,PART-127,"International Traffic in Arms Regulations (ITAR), 22 CFR Parts 120-130, amended through 2 October 2025 (KB 2/USA/ITAR.pdf)"
SEC-127.10(a),SEC-127.10,(a),a,1,,,SEC-127.10,PART-127,"International Traffic in Arms Regulations (ITAR), 22 CFR Parts 120-130, amended through 2 October 2025 (KB 2/USA/ITAR.pdf)"
SEC-127.10(a)(1),SEC-127.10,(a)(1),1,2,"The Assistant Secretary of State for Political-Military Affairs is authorized to impose a civil penalty, as follows:",,SEC-127.10(a),PART-127,"International Traffic in Arms Regulations (ITAR), 22 CFR Parts 120-130, amended through 2 October 2025 (KB 2/USA/ITAR.pdf)"
SEC-127.10(a)(1)(i),SEC-127.10,(a)(1)(i),i,3,"For each violation of 22 U.S.C. 2778, an amount not to exceed the greater of $1,271,078; or the amount that is twice the value of the transaction that is the basis of the violation with respect to which the penalty is imposed;",,SEC-127.10(a)(1),PART-127,"International Traffic in Arms Regulations (ITAR), 22 CFR Parts 120-130, amended through 2 October 2025 (KB 2/USA/ITAR.pdf)"
SEC-127.10(a)(1)(ii),SEC-127.10,(a)(1)(ii),ii,3,"For each violation of 22 U.S.C. 2779a, an amount not to exceed $1,055.721 or five times the amount of the prohibited incentive payment, whichever is greater; and",,SEC-127.10(a)(1),PART-127,"International Traffic in Arms Regulations (ITAR), 22 CFR Parts 120-130, amended through 2 October 2025 (KB 2/USA/ITAR.pdf)"
SEC-127.10(a)(1)(iii),SEC-127.10,(a)(1)(iii),iii,3,"For each violation of 22 U.S.C. 2780, an amount not to exceed $1,256,607.",,SEC-127.10(a)(1),PART-127,"International Traffic in Arms Regulations (ITAR), 22 CFR Parts 120-130, amended through 2 October 2025 (KB 2/USA/ITAR.pdf)"
SEC-127.10(a)(2),SEC-127.10,(a)(2),2,2,"The civil penalty may be either in addition to, or in lieu of, any other liability or penalty which may be imposed.",,SEC-127.10(a),PART-127,"International Traffic in Arms Regulations (ITAR), 22 CFR Parts 120-130, amended through 2 October 2025 (KB 2/USA/ITAR.pdf)"
SEC-127.10(b),SEC-127.10,(b),b,1,The Directorate of Defense Trade Controls may make:,,SEC-127.10,PART-127,"International Traffic in Arms Regulations (ITAR), 22 CFR Parts 120-130, amended through 2 October 2025 (KB 2/USA/ITAR.pdf)"
SEC-127.10(b)(1),SEC-127.10,(b)(1),1,2,The payment of a civil penalty under this section or,,SEC-127.10(b),PART-127,"International Traffic in Arms Regulations (ITAR), 22 CFR Parts 120-130, amended through 2 October 2025 (KB 2/USA/ITAR.pdf)"
SEC-127.10(b)(2),SEC-127.10,(b)(2),2,2,"The completion of any administrative action pursuant to this part 127 or 128 of this subchapter a prior condition for the issuance, restoration, or continuing validity of any export license or other approval. [58 FR 39316, July 22, 1993, as amended at 62 FR 67276, Dec. 24, 1997; 71 FR 20550, Apr. 21, 2006; 77 FR 16642, Mar. 21, 2012; 81 FR 36793, June 8, 2016; 82 FR 3170, Jan. 11, 2017; 83 FR 237, Jan. 3, 2018; 83 FR 2738, Jan. 19, 2018; 84 FR 9959, Mar. 19, 2019; 85 FR 2022, Jan. 14, 2020; 86 FR 7807, Feb. 2, 2021; 88 FR 1507 Jan. 11, 2023 ; 89 FR 702, Jan. 5, 2024; 90 FR 1868, Jan. 10, 2025]",,SEC-127.10(b),PART-127,"International Traffic in Arms Regulations (ITAR), 22 CFR Parts 120-130, amended through 2 October 2025 (KB 2/USA/ITAR.pdf)"
SEC-127.11(a),SEC-127.11,(a),a,1,"Presumption of denial. Pursuant to section 38 of the Arms Export Control Act, licenses or other approvals may not be granted to persons who have been convicted of violating any of the U.S. criminal statutes enumerated in § 120.6 of this subchapter or who are ineligible to receive any export licenses from any agency of the U.S. Government, subject to a narrowly defined statutory exception. This provision establishes a presumption of denial for licenses or other approvals involving such persons. This presumption is applied by the Directorate of Defense Trade Controls to all persons convicted or deemed ineligible in this manner since the effective date of the Arms Export Control Act (Public Law 94-329; 90 Stat. 729) (June 30, 1976).",,SEC-127.11,PART-127,"International Traffic in Arms Regulations (ITAR), 22 CFR Parts 120-130, amended through 2 October 2025 (KB 2/USA/ITAR.pdf)"
SEC-127.11(b),SEC-127.11,(b),b,1,"Policy. An exception to the policy of the Department of State to deny applications for licenses or other approvals that involve persons described in paragraph (a) of this section shall not be considered unless there are extraordinary circumstances surrounding the conviction or ineligibility to export, and only if the applicant demonstrates, to the satisfaction of the Assistant Secretary of State for Political-Military Affairs, that the applicant has taken appropriate steps to mitigate any law enforcement and other legitimate concerns, and to deal with the causes that resulted in the conviction, ineligibility, or debarment. Any person described in paragraph (a) of this section who wishes to request consideration of any application must explain, in a letter to the Deputy Assistant Secretary of State for Defense Trade Controls the reasons why the application should be considered. If the Assistant Secretary of State for Political-Military Affairs concludes that the application and written explanation have sufficient merit, the Assistant Secretary shall consult with the Office of the Legal Adviser and the Department of the Treasury regarding law enforcement concerns, and may also request the views of other departments, including the Department of Justice. If the Directorate of Defense Trade Controls does grant the license or other approval, subsequent applications from the same person need not repeat the information previously provided but should instead refer to the favorable decision.",,SEC-127.11,PART-127,"International Traffic in Arms Regulations (ITAR), 22 CFR Parts 120-130, amended through 2 October 2025 (KB 2/USA/ITAR.pdf)"
SEC-127.11(c),SEC-127.11,(c),c,1,"Debarred persons. Persons debarred pursuant to § 127.7(b) (statutory debarment) may not utilize the procedures provided by paragraph (b) of this section while the statutory debarment is in force. Such persons may utilize only the procedures provided by § 127.7(d). [71 FR 20550, Apr. 21, 2006, as amended at 79 FR 8088, Feb. 11, 2014; 81 FR 87430, Dec. 5, 2016; 87 FR 16425, Mar. 23, 2022]",,SEC-127.11,PART-127,"International Traffic in Arms Regulations (ITAR), 22 CFR Parts 120-130, amended through 2 October 2025 (KB 2/USA/ITAR.pdf)"
SEC-127.12(a),SEC-127.12,(a),a,1,"General policy. The Department strongly encourages the disclosure of information to the Directorate of Defense Trade Controls by persons (see § 120.14 of this subchapter) that believe they may have violated any export control provision of the Arms Export Control Act, or any regulation, order, license, or other authorization issued under the authority of the Arms Export Control Act. The Department may consider a voluntary disclosure as a mitigating factor in determining the administrative penalties, if any, that should be imposed. Failure to report a violation may result in circumstances detrimental to U.S. national security and foreign policy interests and will be an adverse factor in determining the appropriate disposition of such violations.",,SEC-127.12,PART-127,"International Traffic in Arms Regulations (ITAR), 22 CFR Parts 120-130, amended through 2 October 2025 (KB 2/USA/ITAR.pdf)"
SEC-127.12(b),SEC-127.12,(b),b,1,Limitations.,,SEC-127.12,PART-127,"International Traffic in Arms Regulations (ITAR), 22 CFR Parts 120-130, amended through 2 October 2025 (KB 2/USA/ITAR.pdf)"
SEC-127.12(b)(1),SEC-127.12,(b)(1),1,2,The provisions of this section apply only when information is provided to the Directorate of Defense Trade Controls for its review in determining whether to take administrative action under part 128 of this subchapter concerning a violation of the export control provisions of the Arms Export Control Act and these regulations.,,SEC-127.12(b),PART-127,"International Traffic in Arms Regulations (ITAR), 22 CFR Parts 120-130, amended through 2 October 2025 (KB 2/USA/ITAR.pdf)"
SEC-127.12(b)(2),SEC-127.12,(b)(2),2,2,"The provisions of this section apply only when information is received by the Directorate of Defense Trade Controls for review prior to such time that either the Department of State or any other agency, bureau, or department of the United States Government obtains knowledge of either the same or substantially similar information from another source and commences an investigation or inquiry that involves that information, and that is intended to determine whether the Arms Export Control Act or these regulations, or any other license, order, or other authorization issued under the Arms Export Control Act has been violated.",,SEC-127.12(b),PART-127,"International Traffic in Arms Regulations (ITAR), 22 CFR Parts 120-130, amended through 2 October 2025 (KB 2/USA/ITAR.pdf)"
SEC-127.12(b)(3),SEC-127.12,(b)(3),3,2,"The violation(s) in question, despite the voluntary nature of the disclosure, may merit penalties, administrative actions, sanctions, or referrals to the Department of Justice to consider criminal prosecution. In the latter case, the Directorate of Defense Trade Controls will notify the Department of Justice of the voluntary nature of the disclosure, although the Department of Justice is not required to give that fact any weight. The Directorate of Defense Trade Controls has the sole discretion to consider whether “voluntary disclosure,” in context with other relevant information in a particular case, should be a mitigating factor in determining what, if any, administrative action will be imposed. Some of the mitigating factors the Directorate of Defense Trade Controls may consider are:",,SEC-127.12(b),PART-127,"International Traffic in Arms Regulations (ITAR), 22 CFR Parts 120-130, amended through 2 October 2025 (KB 2/USA/ITAR.pdf)"
SEC-127.12(b)(3)(i),SEC-127.12,(b)(3)(i),i,3,"Whether the transaction would have been authorized, and under what conditions, had a proper license request been made;",,SEC-127.12(b)(3),PART-127,"International Traffic in Arms Regulations (ITAR), 22 CFR Parts 120-130, amended through 2 October 2025 (KB 2/USA/ITAR.pdf)"
SEC-127.12(b)(3)(ii),SEC-127.12,(b)(3)(ii),ii,3,Why the violation occurred;,,SEC-127.12(b)(3),PART-127,"International Traffic in Arms Regulations (ITAR), 22 CFR Parts 120-130, amended through 2 October 2025 (KB 2/USA/ITAR.pdf)"
SEC-127.12(b)(3)(iii),SEC-127.12,(b)(3)(iii),iii,3,The degree of cooperation with the ensuing investigation;,,SEC-127.12(b)(3),PART-127,"International Traffic in Arms Regulations (ITAR), 22 CFR Parts 120-130, amended through 2 October 2025 (KB 2/USA/ITAR.pdf)"
SEC-127.12(b)(3)(iv),SEC-127.12,(b)(3)(iv),iv,3,Whether the person has instituted or improved an internal compliance program to reduce the likelihood of future violation;,,SEC-127.12(b)(3),PART-127,"International Traffic in Arms Regulations (ITAR), 22 CFR Parts 120-130, amended through 2 October 2025 (KB 2/USA/ITAR.pdf)"
SEC-127.12(b)(3)(v),SEC-127.12,(b)(3)(v),v,3,"Whether the person making the disclosure did so with the full knowledge and authorization of the person's senior management. (If not, then the Directorate will not deem the disclosure voluntary as covered in this section.)",,SEC-127.12(b)(3),PART-127,"International Traffic in Arms Regulations (ITAR), 22 CFR Parts 120-130, amended through 2 October 2025 (KB 2/USA/ITAR.pdf)"
SEC-127.12(b)(4),SEC-127.12,(b)(4),4,2,"The provisions of this section do not, nor should they be relied on to, create, confer, or grant any rights, benefits, privileges, or protection enforceable at law or in equity by any person in any civil, criminal, administrative, or other matter.",,SEC-127.12(b),PART-127,"International Traffic in Arms Regulations (ITAR), 22 CFR Parts 120-130, amended through 2 October 2025 (KB 2/USA/ITAR.pdf)"
SEC-127.12(b)(5),SEC-127.12,(b)(5),5,2,"Nothing in this section shall be interpreted to negate or lessen the affirmative duty pursuant to §§ 126.1(e), 126.16(h)(5), and 126.17(h)(5) of this subchapter upon persons to inform the Directorate of Defense Trade Controls of the actual or final sale, export, transfer, reexport, or retransfer of a defense article, technical data, or defense service to any country referred to in § 126.1 of this subchapter, any citizen of such country, or any person acting on its behalf.",,SEC-127.12(b),PART-127,"International Traffic in Arms Regulations (ITAR), 22 CFR Parts 120-130, amended through 2 October 2025 (KB 2/USA/ITAR.pdf)"
SEC-127.12(c),SEC-127.12,(c),c,1,Notification.,,SEC-127.12,PART-127,"International Traffic in Arms Regulations (ITAR), 22 CFR Parts 120-130, amended through 2 October 2025 (KB 2/USA/ITAR.pdf)"
SEC-127.12(c)(1),SEC-127.12,(c)(1),1,2,"Any person wanting to disclose information that constitutes a voluntary disclosure should, in the manner outlined below, initially notify the Directorate of Defense Trade Controls immediately after a violation is discovered and then conduct a thorough review of all defense trade transactions where a violation is suspected.",,SEC-127.12(c),PART-127,"International Traffic in Arms Regulations (ITAR), 22 CFR Parts 120-130, amended through 2 October 2025 (KB 2/USA/ITAR.pdf)"
SEC-127.12(c)(1)(i),SEC-127.12,(c)(1)(i),i,3,"If the notification does not contain all the information required by Paragraph(c)(2) of this section, a full disclosure must be submitted within 60 calendar days of the notification, or the Directorate of Defense Trade Controls will not deem the notification to qualify as a voluntary disclosure.",,SEC-127.12(c)(1),PART-127,"International Traffic in Arms Regulations (ITAR), 22 CFR Parts 120-130, amended through 2 October 2025 (KB 2/USA/ITAR.pdf)"
SEC-127.12(c)(1)(ii),SEC-127.12,(c)(1)(ii),ii,3,"If the person is unable to provide a full disclosure within the 60-calendar day deadline, an empowered official (see § 120.67 of this subchapter) or a senior officer may request an extension of time in writing. A request for an extension must specify what information required by paragraph(c)(2), of this section could not be immediately provided and the reasons why.",,SEC-127.12(c)(1),PART-127,"International Traffic in Arms Regulations (ITAR), 22 CFR Parts 120-130, amended through 2 October 2025 (KB 2/USA/ITAR.pdf)"
SEC-127.12(c)(1)(iii),SEC-127.12,(c)(1)(iii),iii,3,"Before approving an extension of time to provide the full disclosure, the Directorate of Defense Trade Controls may require the requester to certify in writing that they will provide the full disclosure within a specific time period.",,SEC-127.12(c)(1),PART-127,"International Traffic in Arms Regulations (ITAR), 22 CFR Parts 120-130, amended through 2 October 2025 (KB 2/USA/ITAR.pdf)"
SEC-127.12(c)(1)(iv),SEC-127.12,(c)(1)(iv),iv,3,"Failure to provide a full disclosure within a reasonable time may result in a decision by the Directorate of Defense Trade Controls not to consider the notification as a mitigating factor in determining the appropriate disposition of the violation. In addition, the Directorate of Defense Trade Controls may direct the requester to furnish all relevant information surrounding the violation.",,SEC-127.12(c)(1),PART-127,"International Traffic in Arms Regulations (ITAR), 22 CFR Parts 120-130, amended through 2 October 2025 (KB 2/USA/ITAR.pdf)"
SEC-127.12(c)(2),SEC-127.12,(c)(2),2,2,Notification of a violation must be in writing and should include the following information:,,SEC-127.12(c),PART-127,"International Traffic in Arms Regulations (ITAR), 22 CFR Parts 120-130, amended through 2 October 2025 (KB 2/USA/ITAR.pdf)"
SEC-127.12(c)(2)(i),SEC-127.12,(c)(2)(i),i,3,"A precise description of the nature and extent of the violation (e.g., an unauthorized shipment, doing business with a party denied U.S. export privileges, etc.);",,SEC-127.12(c)(2),PART-127,"International Traffic in Arms Regulations (ITAR), 22 CFR Parts 120-130, amended through 2 October 2025 (KB 2/USA/ITAR.pdf)"
SEC-127.12(c)(2)(ii),SEC-127.12,(c)(2)(ii),ii,3,"The exact circumstances surrounding the violation (a thorough explanation of why, when, where, and how the violation occurred);",,SEC-127.12(c)(2),PART-127,"International Traffic in Arms Regulations (ITAR), 22 CFR Parts 120-130, amended through 2 October 2025 (KB 2/USA/ITAR.pdf)"
SEC-127.12(c)(2)(iii),SEC-127.12,(c)(2)(iii),iii,3,"The complete identities and addresses of all persons known or suspected to be involved in the activities giving rise to the violation (including mailing, shipping, and e-mail addresses; telephone and fax/facsimile numbers; and any other known identifying information);",,SEC-127.12(c)(2),PART-127,"International Traffic in Arms Regulations (ITAR), 22 CFR Parts 120-130, amended through 2 October 2025 (KB 2/USA/ITAR.pdf)"
SEC-127.12(c)(2)(iv),SEC-127.12,(c)(2)(iv),iv,3,"Department of State license numbers, exemption citation, or description of any other authorization, if applicable;",,SEC-127.12(c)(2),PART-127,"International Traffic in Arms Regulations (ITAR), 22 CFR Parts 120-130, amended through 2 October 2025 (KB 2/USA/ITAR.pdf)"
SEC-127.12(c)(2)(v),SEC-127.12,(c)(2)(v),v,3,"U.S. Munitions List category and subcategory, product description, quantity, and characteristics or technological capability of the hardware, technical data or defense service involved;",,SEC-127.12(c)(2),PART-127,"International Traffic in Arms Regulations (ITAR), 22 CFR Parts 120-130, amended through 2 October 2025 (KB 2/USA/ITAR.pdf)"
SEC-127.12(c)(2)(vi),SEC-127.12,(c)(2)(vi),vi,3,A description of corrective actions already undertaken that clearly identifies the new compliance initiatives implemented to address the causes of the violations set forth in the voluntary disclosure and any internal disciplinary action taken; and how these corrective actions are designed to deter those particular violations from occurring again;,,SEC-127.12(c)(2),PART-127,"International Traffic in Arms Regulations (ITAR), 22 CFR Parts 120-130, amended through 2 October 2025 (KB 2/USA/ITAR.pdf)"
SEC-127.12(c)(2)(vii),SEC-127.12,(c)(2)(vii),vii,3,"The name and address of the person making the disclosure and a point of contact, if different, should further information be needed.",,SEC-127.12(c)(2),PART-127,"International Traffic in Arms Regulations (ITAR), 22 CFR Parts 120-130, amended through 2 October 2025 (KB 2/USA/ITAR.pdf)"
SEC-127.12(c)(3),SEC-127.12,(c)(3),3,2,"Factors to be addressed in the voluntary disclosure include, for example, whether the violation was intentional or inadvertent; the degree to which the person responsible for the violation was familiar with the laws and regulations, and whether the person was the subject of prior administrative or criminal action under the AECA; whether the violations are systemic; and the details of compliance measures, processes and programs, including training, that were in place to prevent such violations, if any. In addition to immediately providing written notification, persons are strongly urged to conduct a thorough review of all export-related transactions where a possible violation is suspected.",,SEC-127.12(c),PART-127,"International Traffic in Arms Regulations (ITAR), 22 CFR Parts 120-130, amended through 2 October 2025 (KB 2/USA/ITAR.pdf)"
SEC-127.12(d),SEC-127.12,(d),d,1,"Documentation. The written disclosure should be accompanied by copies of substantiating documents. Where appropriate, the documentation should include, but not be limited to:",,SEC-127.12,PART-127,"International Traffic in Arms Regulations (ITAR), 22 CFR Parts 120-130, amended through 2 October 2025 (KB 2/USA/ITAR.pdf)"
SEC-127.12(d)(1),SEC-127.12,(d)(1),1,2,"Licensing documents (e.g., license applications, export licenses, and end-user statements), exemption citation, or other authorization description, if any;",,SEC-127.12(d),PART-127,"International Traffic in Arms Regulations (ITAR), 22 CFR Parts 120-130, amended through 2 October 2025 (KB 2/USA/ITAR.pdf)"
SEC-127.12(d)(2),SEC-127.12,(d)(2),2,2,"Shipping documents (e.g., Electronic Export Information filing, including the Internal Transaction Number, air waybills, and bills of laden, invoices, and any other associated documents); and",,SEC-127.12(d),PART-127,"International Traffic in Arms Regulations (ITAR), 22 CFR Parts 120-130, amended through 2 October 2025 (KB 2/USA/ITAR.pdf)"
SEC-127.12(d)(3),SEC-127.12,(d)(3),3,2,Any other relevant documents must be retained by the person making the disclosure until the Directorate of Defense Trade Controls requests them or until a final decision on the disclosed information has been made.,,SEC-127.12(d),PART-127,"International Traffic in Arms Regulations (ITAR), 22 CFR Parts 120-130, amended through 2 October 2025 (KB 2/USA/ITAR.pdf)"
SEC-127.12(e),SEC-127.12,(e),e,1,"Certification. A certification must be submitted stating that all of the representations made in connection with the voluntary disclosure are true and correct to the best of that person's knowledge and belief. Certifications should be executed by an empowered official (see § 120.67 of this subchapter), or by a senior officer (e.g. chief executive officer, president, vice- president, comptroller, treasurer, general counsel, or member of the board of directors). If the violation is a major violation, reveals a systemic pattern of violations, or reflects the absence of an effective compliance program, the Directorate of Defense Trade Controls may require that such certification be made by a senior officer of the company.",,SEC-127.12,PART-127,"International Traffic in Arms Regulations (ITAR), 22 CFR Parts 120-130, amended through 2 October 2025 (KB 2/USA/ITAR.pdf)"
SEC-127.12(f),SEC-127.12,(f),f,1,"Oral presentations. Oral presentation is generally not necessary to augment the written presentation. However, if the person making the disclosure believes a meeting is desirable, a request should be included with the written presentation.",,SEC-127.12,PART-127,"International Traffic in Arms Regulations (ITAR), 22 CFR Parts 120-130, amended through 2 October 2025 (KB 2/USA/ITAR.pdf)"
SEC-127.12(g),SEC-127.12,(g),g,1,"Send voluntary disclosures to the Office of Defense Trade Controls Compliance, Directorate of Defense Trade Controls. Consult the Directorate of Defense Trade Controls Web site at http://www.pmddtc.state.gov for the appropriate street address. [58 FR 39316, July 22, 1993, as amended at 70 FR 34655, June 15, 2005; 71 FR 20550, Apr. 21, 2006; 72 FR 70778, Dec. 13, 2007; 77 FR 16642, Mar. 21, 2012] ; 87 FR 16425, Mar. 23, 2022]",,SEC-127.12,PART-127,"International Traffic in Arms Regulations (ITAR), 22 CFR Parts 120-130, amended through 2 October 2025 (KB 2/USA/ITAR.pdf)"
SEC-128.3(a),SEC-128.3,(a),a,1,"Charging letters. The Deputy Assistant Secretary of State for Defense Trade Controls or the Director, Office of Defense Trade Controls Compliance, with the concurrence of the Office of the Legal Adviser, Department of State, may initiate proceedings to impose debarment or civil penalties in accordance with § 127.7 or § 127.10 of this subchapter, respectively. Administrative proceedings shall be initiated by means of a charging letter. The charging letter will state the essential facts constituting the alleged violation and refer to the regulatory or other provision involved. It will give notice to the respondent to answer the charges within 30 days, as provided in § 128.5(a), and indicate that a failure to answer will be taken as an admission of the truth of the charges. It will inform the respondent that he or she is entitled to an oral hearing if a written demand for one is filed with the answer or within seven days after service of the answer. The respondent will also be informed that he or she may, if so desired, be represented by counsel of his or her choosing. Charging letters may be amended from time to time, upon reasonable notice.",,SEC-128.3,PART-128,"International Traffic in Arms Regulations (ITAR), 22 CFR Parts 120-130, amended through 2 October 2025 (KB 2/USA/ITAR.pdf)"
SEC-128.3(b),SEC-128.3,(b),b,1,Service. A charging letter is served upon a respondent:,,SEC-128.3,PART-128,"International Traffic in Arms Regulations (ITAR), 22 CFR Parts 120-130, amended through 2 October 2025 (KB 2/USA/ITAR.pdf)"
SEC-128.3(b)(1),SEC-128.3,(b)(1),1,2,"If the respondent is a resident of the United States, when it is mailed postage prepaid in a wrapper addressed to the respondent at that person's last known address; or when left with the respondent or the agent or employee of the respondent; or when left at the respondent's dwelling with some person of suitable age and discretion then residing herein; or",,SEC-128.3(b),PART-128,"International Traffic in Arms Regulations (ITAR), 22 CFR Parts 120-130, amended through 2 October 2025 (KB 2/USA/ITAR.pdf)"
SEC-128.3(b)(2),SEC-128.3,(b)(2),2,2,"If the respondent is a non-resident of the United States, when served upon the respondent by any of the foregoing means. If such methods of service are not practicable or appropriate, the charging letter may be tendered for service on the respondent to an official of the government of the country wherein the respondent resides, provided that there is an agreement or understanding between the United States Government and the government of the country wherein the respondent resident permitting this action.",,SEC-128.3(b),PART-128,"International Traffic in Arms Regulations (ITAR), 22 CFR Parts 120-130, amended through 2 October 2025 (KB 2/USA/ITAR.pdf)"
SEC-128.4(a),SEC-128.4,(a),a,1,"Failure to answer. If the respondent fails to answer the charging letter, the respondent may be held in default. The case shall then be referred to the Administrative Law Judge for consideration in a manner as the Administrative Law Judge may consider appropriate. Any order issued shall have the same effect as an order issued following the disposition of contested charges.",,SEC-128.4,PART-128,"International Traffic in Arms Regulations (ITAR), 22 CFR Parts 120-130, amended through 2 October 2025 (KB 2/USA/ITAR.pdf)"
SEC-128.4(b),SEC-128.4,(b),b,1,"Petition to set aside defaults. Upon showing good cause, any respondent against whom a default order has been issued may apply to set aside the default and vacate the order entered thereon. The petition shall be submitted to duplicate to the Assistant Secretary for Political- Military Affairs, U.S. Department of State, 2201 C Street, NW., Washington, DC 20520. The Director will refer the petition to the Administrative Law Judge for consideration and a recommendation. The Administrative law Judge will consider the application and may order a hearing and require the respondent to submit further evidence in support of his or her petition. The filing of a petition to set aside a default does not in any manner affect an order entered upon default and such order continues in full force and effect unless a further order is made modifying or terminating it.",,SEC-128.4,PART-128,"International Traffic in Arms Regulations (ITAR), 22 CFR Parts 120-130, amended through 2 October 2025 (KB 2/USA/ITAR.pdf)"
SEC-128.5(a),SEC-128.5,(a),a,1,When to answer. The respondent is required to answer the charging letter within 30 days after service.,,SEC-128.5,PART-128,"International Traffic in Arms Regulations (ITAR), 22 CFR Parts 120-130, amended through 2 October 2025 (KB 2/USA/ITAR.pdf)"
SEC-128.5(b),SEC-128.5,(b),b,1,"Contents of answer. An answer must be responsive to the charging letter. It must fully set forth the nature of the respondent's defense or defenses. In the answer, the respondent must admit or deny specifically each separate allegation of the charging letter, unless the respondent is without knowledge, in which case the respondent's answer shall so state and the statement shall operate as denial. Failure to deny or controvert any particular allegation will be deemed an admission thereof. The answer may set forth such additional or new matter as the respondent believes support a defense or claim of mitigation. Any defense or partial defense not specifically set forth in an answer shall be deemed waived. Evidence offered thereon by the respondent at a hearing may be refused except upon good cause being shown. If the respondent does not demand an oral hearing, he or she shall transmit, within seven (7) days after the service of his or her answer, original or photocopies of all correspondence, papers, records, affidavits, and other documentary or written evidence having any bearing upon or connection with the matters in issue. If any such materials are in language other than English, translations into English shall be submitted at the same time.",,SEC-128.5,PART-128,"International Traffic in Arms Regulations (ITAR), 22 CFR Parts 120-130, amended through 2 October 2025 (KB 2/USA/ITAR.pdf)"
SEC-128.5(c),SEC-128.5,(c),c,1,"Submission of answer. The answer, written demand for oral hearing (if any) and supporting evidence required by paragraph (b) of this section shall be in duplicate and mailed or delivered to the designated Administrative Law Judge. A copy shall be simultaneously mailed to the Deputy Assistant Secretary of State for Defense Trade Controls, SA-1, Room 1200, Department of State, Washington, DC 20522-0112, or delivered to 2401 Street NW., Washington, DC addressed to the Deputy Assistant Secretary of State for Defense Trade Controls, SA-1, Room 1200, Department of State, Washington, DC 20037. [58 FR 39320, July 22, 1993, as amended at 61 FR 48832, Sept. 17, 1996; 71 FR 20551, Apr. 21, 2006; 79 FR 8089, Feb. 11, 2014]",,SEC-128.5,PART-128,"International Traffic in Arms Regulations (ITAR), 22 CFR Parts 120-130, amended through 2 October 2025 (KB 2/USA/ITAR.pdf)"
SEC-128.6(a),SEC-128.6,(a),a,1,"Discovery by the respondent. The respondent, through the Administrative Law Judge, may request from the Directorate of Defense Trade Controls any relevant information, not privileged, or otherwise not authorized for release, that may be necessary or helpful in preparing a defense. The Directorate of Defense Trade Controls may provide any relevant information, not privileged, or otherwise not authorized for release, that may be necessary or helpful in preparing a defense. The Directorate of Defense Trade Controls may supply summaries in place of original documents and may withhold information from discovery if the interests of national security or foreign policy so require, or if necessary to comply with any statute, executive order or regulation requiring that the information not be disclosed. The respondent may request the Administrative Law Judge to request any relevant information, books, records, or other evidence, from any other person or government agency so long as the request is reasonable in scope and not unduly burdensome.",,SEC-128.6,PART-128,"International Traffic in Arms Regulations (ITAR), 22 CFR Parts 120-130, amended through 2 October 2025 (KB 2/USA/ITAR.pdf)"
SEC-128.6(b),SEC-128.6,(b),b,1,"Discovery by the Directorate of Defense Trade Controls. The Directorate of Defense Trade Controls or the Administrative Law Judge may make reasonable requests from the respondent of admissions of facts, answers to interrogatories, the production of books, records, or other relevant evidence, so long as the request is relevant and material.",,SEC-128.6,PART-128,"International Traffic in Arms Regulations (ITAR), 22 CFR Parts 120-130, amended through 2 October 2025 (KB 2/USA/ITAR.pdf)"
SEC-128.6(c),SEC-128.6,(c),c,1,"Subpoenas. At the request of any party, the Administrative Law Judge may issue subpoenas, returnable before him, requiring the attendance of witnesses and the production of books, records, and other documentary or physical evidence determined by the Administrative Law Judge to be relevant and material to the proceedings, reasonable in scope, and not unduly burdensome.",,SEC-128.6,PART-128,"International Traffic in Arms Regulations (ITAR), 22 CFR Parts 120-130, amended through 2 October 2025 (KB 2/USA/ITAR.pdf)"
SEC-128.6(d),SEC-128.6,(d),d,1,"Enforcement of discovery rights. If the Directorate of Defense Trade Controls fails to provide the respondent with information in its possession which is not otherwise available and which is necessary to the respondent's defense, the Administrative Law Judge may dismiss the charges on her or his own motion or on a motion of the respondent. If the respondent fails to respond with reasonable diligence to the requests for discovery by the Directorate of Defense Trade Controls or the Administrative Law Judge, on her or his own motion or motion of the Directorate of Defense Trade Controls, and upon such notice to the respondent as the Administrative Law Judge may direct, may strike respondent's answer and declare the respondent in default, or make any other ruling which the Administrative Law Judge deems necessary and just under the circumstances. If a third party fails to respond to the request for information, the Administrative Law Judge shall consider whether the evidence sought is necessary to a fair hearing, and if it is so necessary that a fair hearing may not be held without it, the Administrative Law Judge shall determine whether substitute information is adequate to protect the rights of the respondent. If the Administrative Law Judge decides that a fair hearing may be held with the substitute information, then the proceedings may continue. If not, then the Administrative Law Judge may dismiss the charges.",,SEC-128.6,PART-128,"International Traffic in Arms Regulations (ITAR), 22 CFR Parts 120-130, amended through 2 October 2025 (KB 2/USA/ITAR.pdf)"
SEC-128.7(a),SEC-128.7,(a),a,1,,,SEC-128.7,PART-128,"International Traffic in Arms Regulations (ITAR), 22 CFR Parts 120-130, amended through 2 October 2025 (KB 2/USA/ITAR.pdf)"
SEC-128.7(a)(1),SEC-128.7,(a)(1),1,2,"The Administrative Law Judge may, upon his own motion or upon motion of any party, request the parties or their counsel to a prehearing conference to consider:",,SEC-128.7(a),PART-128,"International Traffic in Arms Regulations (ITAR), 22 CFR Parts 120-130, amended through 2 October 2025 (KB 2/USA/ITAR.pdf)"
SEC-128.7(a)(1)(i),SEC-128.7,(a)(1)(i),i,3,Simplification of issues;,,SEC-128.7(a)(1),PART-128,"International Traffic in Arms Regulations (ITAR), 22 CFR Parts 120-130, amended through 2 October 2025 (KB 2/USA/ITAR.pdf)"
SEC-128.7(a)(1)(ii),SEC-128.7,(a)(1)(ii),ii,3,The necessity or desirability of amendments to pleadings;,,SEC-128.7(a)(1),PART-128,"International Traffic in Arms Regulations (ITAR), 22 CFR Parts 120-130, amended through 2 October 2025 (KB 2/USA/ITAR.pdf)"
SEC-128.7(a)(1)(iii),SEC-128.7,(a)(1)(iii),iii,3,Obtaining stipulations of fact and of documents to avoid unnecessary proof; or,,SEC-128.7(a)(1),PART-128,"International Traffic in Arms Regulations (ITAR), 22 CFR Parts 120-130, amended through 2 October 2025 (KB 2/USA/ITAR.pdf)"
SEC-128.7(a)(1)(iv),SEC-128.7,(a)(1)(iv),iv,3,Such other matter as may expedite the disposition of the proceeding.,,SEC-128.7(a)(1),PART-128,"International Traffic in Arms Regulations (ITAR), 22 CFR Parts 120-130, amended through 2 October 2025 (KB 2/USA/ITAR.pdf)"
SEC-128.7(a)(2),SEC-128.7,(a)(2),2,2,The Administrative Law Judge will prepare a summary of the action agreed upon or taken at the conference and will incorporate therein any written stipulations or agreements made by the parties.,,SEC-128.7(a),PART-128,"International Traffic in Arms Regulations (ITAR), 22 CFR Parts 120-130, amended through 2 October 2025 (KB 2/USA/ITAR.pdf)"
SEC-128.7(a)(3),SEC-128.7,(a)(3),3,2,The conference proceedings may be recorded magnetically or taken by a reporter and transcribed and filed with the Administrative Law Judge.,,SEC-128.7(a),PART-128,"International Traffic in Arms Regulations (ITAR), 22 CFR Parts 120-130, amended through 2 October 2025 (KB 2/USA/ITAR.pdf)"
SEC-128.7(b),SEC-128.7,(b),b,1,"If a conference is impracticable, the Administrative Law Judge may request the parties to correspond with the person to achieve the purposes of a conference. The Administrative Law Judge shall prepare a summary of action taken as in the case of a conference.",,SEC-128.7,PART-128,"International Traffic in Arms Regulations (ITAR), 22 CFR Parts 120-130, amended through 2 October 2025 (KB 2/USA/ITAR.pdf)"
SEC-128.8(a),SEC-128.8,(a),a,1,"A respondent who had not filed a timely written answer is not entitled to a hearing, and the case may be considered by the Administrative Law Judge as provided in § 128.4(a). If any answer is filed, but no oral hearing demanded, the Administrative Law Judge may proceed to consider the case upon the written pleadings and evidence available. The Administrative Law Judge may provide for the making of the record in such manner as the Administrative Law Judge deems appropriate. If respondent answers and demands an oral hearing, the Administrative Law Judge, upon due notice, shall set the case for hearing, unless a respondent has raised in his answer no issues of material fact to be determined. If respondent fails to appear at a scheduled hearing, the hearing nevertheless may proceed in respondent's absence. The respondent's failure to appear will not affect the validity of the hearing or any proceedings or action thereafter.",,SEC-128.8,PART-128,"International Traffic in Arms Regulations (ITAR), 22 CFR Parts 120-130, amended through 2 October 2025 (KB 2/USA/ITAR.pdf)"
SEC-128.8(b),SEC-128.8,(b),b,1,"The Administrative Law Judge may administer oaths and affirmations. Respondent may be represented by counsel. Unless otherwise agreed by the parties and the Administrative Law Judge the proceeding will be taken by a reporter or by magnetic recording, transcribed, and filed with the Administrative Law Judge. Respondent may examine the transcript and may obtain a copy upon payment of proper costs.",,SEC-128.8,PART-128,"International Traffic in Arms Regulations (ITAR), 22 CFR Parts 120-130, amended through 2 October 2025 (KB 2/USA/ITAR.pdf)"
SEC-128.9(a),SEC-128.9,(a),a,1,The Administrative Law Judge may conform any part of the proceedings before him or her to the Federal Rules of Civil Procedure. The record may be made available in any other administrative or other proceeding involving the same respondent.,,SEC-128.9,PART-128,"International Traffic in Arms Regulations (ITAR), 22 CFR Parts 120-130, amended through 2 October 2025 (KB 2/USA/ITAR.pdf)"
SEC-128.9(b),SEC-128.9,(b),b,1,"The Administrative Law Judge, after considering the record, will prepare a written report. The report will include findings of fact, findings of law, a finding whether a law or regulation has been violated, and the Administrative Law Judge's recommendations. It shall be transmitted to the Assistant Secretary for Political-Military Affairs, Department of State.",,SEC-128.9,PART-128,"International Traffic in Arms Regulations (ITAR), 22 CFR Parts 120-130, amended through 2 October 2025 (KB 2/USA/ITAR.pdf)"
SEC-128.11(a),SEC-128.11,(a),a,1,"The Directorate of Defense Trade Controls and the respondent may, by agreement, submit to the Administrative Law Judge a proposal for the issuance of a consent order. The Administrative Law Judge will review the facts of the case and the proposal and may conduct conferences with the parties and may require the presentation of evidence in the case. If the Administrative Law Judge does not approve the proposal, the Administrative Law Judge will notify the parties and the case will proceed as though no consent proposal had been made. If the proposal is approved, the Administrative Law Judge will report the facts of the case along with recommendations to the Assistant Secretary of State for Political-Military Affairs. If the Assistant Secretary of State for Political-Military Affairs does not approve the proposal, the case will proceed as though no consent proposal had been made. If the Assistant Secretary of State for Political-Military Affairs approves the proposal, an appropriate order may be issued.",,SEC-128.11,PART-128,"International Traffic in Arms Regulations (ITAR), 22 CFR Parts 120-130, amended through 2 October 2025 (KB 2/USA/ITAR.pdf)"
SEC-128.11(b),SEC-128.11,(b),b,1,"Cases may also be settled prior to service of a charging letter. In such an event, a proposed charging letter shall be prepared, and a consent agreement and order shall be submitted for the approval and signature of the Assistant Secretary for Political-Military Affairs, and no action by the Administrative Law Judge shall be required. Cases which are settled may not be reopened or appealed.",,SEC-128.11,PART-128,"International Traffic in Arms Regulations (ITAR), 22 CFR Parts 120-130, amended through 2 October 2025 (KB 2/USA/ITAR.pdf)"
SEC-128.13(a),SEC-128.13,(a),a,1,"Filing of appeals. An appeal must be in writing and be addressed to and filed with the Under Secretary of State for Arms Control and International Security, Department of State, Washington, DC 20520. An appeal from a final order denying export privileges or imposing civil penalties must be filed within 30 days after receipt of a copy of the order. If the Under Secretary cannot for any reason act on the appeal, he or she may designate another Department of State official to receive and act on the appeal.",,SEC-128.13,PART-128,"International Traffic in Arms Regulations (ITAR), 22 CFR Parts 120-130, amended through 2 October 2025 (KB 2/USA/ITAR.pdf)"
SEC-128.13(b),SEC-128.13,(b),b,1,Grounds and conditions for appeal. The respondent may appeal from the debarment or from the imposition of a civil penalty (except the imposition of civil penalties pursuant to a consent order pursuant to § 128.11) upon the ground:,,SEC-128.13,PART-128,"International Traffic in Arms Regulations (ITAR), 22 CFR Parts 120-130, amended through 2 October 2025 (KB 2/USA/ITAR.pdf)"
SEC-128.13(b)(1),SEC-128.13,(b)(1),1,2,That the findings of a violation are not supported by any substantial evidence;,,SEC-128.13(b),PART-128,"International Traffic in Arms Regulations (ITAR), 22 CFR Parts 120-130, amended through 2 October 2025 (KB 2/USA/ITAR.pdf)"
SEC-128.13(b)(2),SEC-128.13,(b)(2),2,2,That a prejudicial error of law was committed; or,,SEC-128.13(b),PART-128,"International Traffic in Arms Regulations (ITAR), 22 CFR Parts 120-130, amended through 2 October 2025 (KB 2/USA/ITAR.pdf)"
SEC-128.13(b)(3),SEC-128.13,(b)(3),3,2,"That the provisions of the order are arbitrary, capricious, or an abuse of discretion. The appeal must specify upon which of these grounds the appeal is based and must indicate from which provisions of the order the appeal is taken. An appeal from an order issued upon default will not be entertained if the respondent has failed to seek relief as provided in § 128.4(b).",,SEC-128.13(b),PART-128,"International Traffic in Arms Regulations (ITAR), 22 CFR Parts 120-130, amended through 2 October 2025 (KB 2/USA/ITAR.pdf)"
SEC-128.13(c),SEC-128.13,(c),c,1,"Matters considered on appeal. An appeal will be considered upon the basis of the assembled record. This record consists of (but is not limited to) the charging letter, the respondent's answer, the transcript or magnetic recording of the hearing before the Administrative Law Judge, the report of the Administrative Law Judge, the order of the Assistant Secretary of State for Political-Military Affairs, and any other relevant documents involved in the proceedings before the Administrative Law Judge. The Under Secretary of State for Arms Control and International Security may direct a rehearing and reopening of the proceedings before the Administrative Law Judge if he or she finds that the record is insufficient or that new evidence is relevant and material to the issues and was not known and was not reasonably available to the respondent at the time of the original hearings.",,SEC-128.13,PART-128,"International Traffic in Arms Regulations (ITAR), 22 CFR Parts 120-130, amended through 2 October 2025 (KB 2/USA/ITAR.pdf)"
SEC-128.13(d),SEC-128.13,(d),d,1,Effect of appeals. The taking of an appeal will not stay the operation of any order.,,SEC-128.13,PART-128,"International Traffic in Arms Regulations (ITAR), 22 CFR Parts 120-130, amended through 2 October 2025 (KB 2/USA/ITAR.pdf)"
SEC-128.13(e),SEC-128.13,(e),e,1,Preparation of appeals –,,SEC-128.13,PART-128,"International Traffic in Arms Regulations (ITAR), 22 CFR Parts 120-130, amended through 2 October 2025 (KB 2/USA/ITAR.pdf)"
SEC-128.13(e)(1),SEC-128.13,(e)(1),1,2,"General requirements. An appeal shall be in letter form. The appeal and accompanying material should be filed in duplicate, unless otherwise indicated, and a copy simultaneously mailed to the Deputy Assistant Secretary of State for Defense Trade Controls, SA-1, Room 1200, Department of State, Washington, DC 20522-0112 or delivered to 2401 E Street NW., Washington, DC addressed to the Deputy Assistant Secretary of State for Defense Trade Controls, SA-1, Room 1200, Department of State, Washington, DC 20037.",,SEC-128.13(e),PART-128,"International Traffic in Arms Regulations (ITAR), 22 CFR Parts 120-130, amended through 2 October 2025 (KB 2/USA/ITAR.pdf)"
SEC-128.13(e)(2),SEC-128.13,(e)(2),2,2,"Oral presentation. The Under Secretary of State for Arms Control and International Security may grant the appellant an opportunity for oral argument and will set the time and place for oral argument and will notify the parties, ordinarily at least 10 days before the date set.",,SEC-128.13(e),PART-128,"International Traffic in Arms Regulations (ITAR), 22 CFR Parts 120-130, amended through 2 October 2025 (KB 2/USA/ITAR.pdf)"
SEC-128.13(f),SEC-128.13,(f),f,1,"Decisions. All appeals will be considered and decided within a reasonable time after they are filed. An appeal may be granted or denied in whole or in part, or dismissed at the request of the appellant. The decision of the Under Secretary of State for Arms Control and International Security will be final. [58 FR 39320, July 22, 1993, as amended at 61 FR 48833, Sept. 17, 1996; 71 FR 20552, Apr. 21, 2006; 79 FR 8089, Feb. 11, 2014]",,SEC-128.13,PART-128,"International Traffic in Arms Regulations (ITAR), 22 CFR Parts 120-130, amended through 2 October 2025 (KB 2/USA/ITAR.pdf)"
SEC-128.15(a),SEC-128.15,(a),a,1,"Revocation of probationary periods. A debarment order may set a probationary period during which the order may be held in abeyance for all or part of the debarment period, subject to the conditions stated therein. The Deputy Assistant Secretary of State for Defense Trade Controls may apply, without notice to any person to be affected thereby, to the Administrative Law Judge for a recommendation on the appropriateness of revoking probation when it appears that the conditions of the probation have been breached. The facts in support of the application will be presented to the Administrative Law Judge, who will report thereon and make a recommendation to the Assistant Secretary of State for Political-Military Affairs. The latter will make a determination whether to revoke probation and will issue an appropriate order. The party affected by this action may request the Assistant Secretary of State for Political-Military Affairs to reconsider the decision by submitting a request within 10 days of the date of the order.",,SEC-128.15,PART-128,"International Traffic in Arms Regulations (ITAR), 22 CFR Parts 120-130, amended through 2 October 2025 (KB 2/USA/ITAR.pdf)"
SEC-128.15(b),SEC-128.15,(b),b,1,Hearings –,,SEC-128.15,PART-128,"International Traffic in Arms Regulations (ITAR), 22 CFR Parts 120-130, amended through 2 October 2025 (KB 2/USA/ITAR.pdf)"
SEC-128.15(b)(1),SEC-128.15,(b)(1),1,2,"Objections upon notice. Any person affected by an application upon notice to revoke probation, within the time specified in the notice, may file objections with the Administrative Law Judge.",,SEC-128.15(b),PART-128,"International Traffic in Arms Regulations (ITAR), 22 CFR Parts 120-130, amended through 2 October 2025 (KB 2/USA/ITAR.pdf)"
SEC-128.15(b)(2),SEC-128.15,(b)(2),2,2,"Objections to order without notice. Any person adversely affected by an order revoking probation, without notice may request that the order be set aside by filing his objections thereto with the Administrative Law Judge. The request will not stay the effective date of the order or revocation.",,SEC-128.15(b),PART-128,"International Traffic in Arms Regulations (ITAR), 22 CFR Parts 120-130, amended through 2 October 2025 (KB 2/USA/ITAR.pdf)"
SEC-128.15(b)(3),SEC-128.15,(b)(3),3,2,"Requirements for filing objections. Objections filed with the Administrative Law Judge must be submitted in writing and in duplicate. A copy must be simultaneously submitted to the Directorate of Defense Trade Controls. Denials and admissions, as well as any mitigating circumstances, which the person affected intends to present must be set forth in or accompany the letter of objection and must be supported by evidence. A request for an oral hearing may be made at the time of filing objections.",,SEC-128.15(b),PART-128,"International Traffic in Arms Regulations (ITAR), 22 CFR Parts 120-130, amended through 2 October 2025 (KB 2/USA/ITAR.pdf)"
SEC-128.15(b)(4),SEC-128.15,(b)(4),4,2,"Determination. The application and objections thereto will be referred to the Administrative Law Judge. An oral hearing if requested, will be conducted at an early convenient date, unless the objections filed raise no issues of material fact to be determined. The Administrative Law Judge will report the facts and make a recommendation to the Assistant Secretary for Political-Military Affairs, who will determine whether the application should be granted or denied and will issue an appropriate order. A copy of the order and of the Administrative Law Judge's report will be furnished to any person affected thereby.",,SEC-128.15(b),PART-128,"International Traffic in Arms Regulations (ITAR), 22 CFR Parts 120-130, amended through 2 October 2025 (KB 2/USA/ITAR.pdf)"
SEC-128.15(b)(5),SEC-128.15,(b)(5),5,2,"Effect of revocation on other actions. The revocation of a probationary period will not preclude any other action concerning a further violation, even where revocation is based on the further violation.",,SEC-128.15(b),PART-128,"International Traffic in Arms Regulations (ITAR), 22 CFR Parts 120-130, amended through 2 October 2025 (KB 2/USA/ITAR.pdf)"
SEC-129.1(a),SEC-129.1,(a),a,1,"Section 38(b)(1)(A)(ii) of the Arms Export Control Act (22 U.S.C. 2778) provides that persons engaged in the business of brokering activities shall register and pay a registration fee as prescribed in regulations, and that no person may engage in the business of brokering activities without a license issued in accordance with the Act.",,SEC-129.1,PART-129,"International Traffic in Arms Regulations (ITAR), 22 CFR Parts 120-130, amended through 2 October 2025 (KB 2/USA/ITAR.pdf)"
SEC-129.1(b),SEC-129.1,(b),b,1,All brokering activities identified in this subchapter apply equally to those defense articles and defense services designated in § 121.1 of this subchapter and those items designated in 27 CFR 447.21 (U.S. Munitions Import List).,,SEC-129.1,PART-129,"International Traffic in Arms Regulations (ITAR), 22 CFR Parts 120-130, amended through 2 October 2025 (KB 2/USA/ITAR.pdf)"
SEC-129.2(a),SEC-129.2,(a),a,1,Broker means any person (see § 120.61 of this subchapter) described below who engages in the business of brokering activities:,,SEC-129.2,PART-129,"International Traffic in Arms Regulations (ITAR), 22 CFR Parts 120-130, amended through 2 October 2025 (KB 2/USA/ITAR.pdf)"
SEC-129.2(a)(1),SEC-129.2,(a)(1),1,2,Any U.S. person (see § 120.62 of this subchapter) wherever located;,,SEC-129.2(a),PART-129,"International Traffic in Arms Regulations (ITAR), 22 CFR Parts 120-130, amended through 2 October 2025 (KB 2/USA/ITAR.pdf)"
SEC-129.2(a)(2),SEC-129.2,(a)(2),2,2,Any foreign person (see § 120.63 of this subchapter) located in the United States; or,,SEC-129.2(a),PART-129,"International Traffic in Arms Regulations (ITAR), 22 CFR Parts 120-130, amended through 2 October 2025 (KB 2/USA/ITAR.pdf)"
SEC-129.2(a)(3),SEC-129.2,(a)(3),3,2,Any foreign person located outside the United States where the foreign person is owned or controlled by a U.S. person;,,SEC-129.2(a),PART-129,"International Traffic in Arms Regulations (ITAR), 22 CFR Parts 120-130, amended through 2 October 2025 (KB 2/USA/ITAR.pdf)"
SEC-129.2(b),SEC-129.2,(b),b,1,"Brokering activities means any action on behalf of another to facilitate the manufacture, export, permanent import, transfer, reexport, or retransfer of a U.S. or foreign defense article or defense service, regardless of its origin.",,SEC-129.2,PART-129,"International Traffic in Arms Regulations (ITAR), 22 CFR Parts 120-130, amended through 2 October 2025 (KB 2/USA/ITAR.pdf)"
SEC-129.2(b)(1),SEC-129.2,(b)(1),1,2,"Such action includes, but is not limited to:",,SEC-129.2(b),PART-129,"International Traffic in Arms Regulations (ITAR), 22 CFR Parts 120-130, amended through 2 October 2025 (KB 2/USA/ITAR.pdf)"
SEC-129.2(b)(1)(i),SEC-129.2,(b)(1)(i),i,3,"Financing, insuring, transporting, or freight forwarding defense articles and defense services; or",,SEC-129.2(b)(1),PART-129,"International Traffic in Arms Regulations (ITAR), 22 CFR Parts 120-130, amended through 2 October 2025 (KB 2/USA/ITAR.pdf)"
SEC-129.2(b)(1)(ii),SEC-129.2,(b)(1)(ii),ii,3,"Soliciting, promoting, negotiating, contracting for, arranging, or otherwise assisting in the purchase, sale, transfer, loan, or lease of a defense article or defense service.",,SEC-129.2(b)(1),PART-129,"International Traffic in Arms Regulations (ITAR), 22 CFR Parts 120-130, amended through 2 October 2025 (KB 2/USA/ITAR.pdf)"
SEC-129.2(b)(2),SEC-129.2,(b)(2),2,2,Such action does not include:,,SEC-129.2(b),PART-129,"International Traffic in Arms Regulations (ITAR), 22 CFR Parts 120-130, amended through 2 October 2025 (KB 2/USA/ITAR.pdf)"
SEC-129.2(b)(2)(i),SEC-129.2,(b)(2)(i),i,3,"Activities by a U.S. person in the United States that are limited exclusively to U.S. domestic sales or transfers (e.g., not for export);",,SEC-129.2(b)(2),PART-129,"International Traffic in Arms Regulations (ITAR), 22 CFR Parts 120-130, amended through 2 October 2025 (KB 2/USA/ITAR.pdf)"
SEC-129.2(b)(2)(ii),SEC-129.2,(b)(2)(ii),ii,3,Activities by employees of the U.S. Government acting in an official capacity;,,SEC-129.2(b)(2),PART-129,"International Traffic in Arms Regulations (ITAR), 22 CFR Parts 120-130, amended through 2 October 2025 (KB 2/USA/ITAR.pdf)"
SEC-129.2(b)(2)(iii),SEC-129.2,(b)(2)(iii),iii,3,"Activities by regular employees (see § 120.64 of this subchapter) acting on behalf of their employer, including those regular employees who are dual nationals or third-country nationals that satisfy the requirements of § 126.18 of this subchapter;",,SEC-129.2(b)(2),PART-129,"International Traffic in Arms Regulations (ITAR), 22 CFR Parts 120-130, amended through 2 October 2025 (KB 2/USA/ITAR.pdf)"
SEC-129.2(b)(2)(iv),SEC-129.2,(b)(2)(iv),iv,3,"Activities that do not extend beyond administrative services, such as providing or arranging office space and equipment, hospitality, advertising, or clerical, visa, or translation services, collecting product and pricing information to prepare a response to Request for Proposal, generally promoting company goodwill at trade shows, or activities by an attorney that do not extend beyond the provision of legal advice to clients;",,SEC-129.2(b)(2),PART-129,"International Traffic in Arms Regulations (ITAR), 22 CFR Parts 120-130, amended through 2 October 2025 (KB 2/USA/ITAR.pdf)"
SEC-129.2(b)(2)(v),SEC-129.2,(b)(2)(v),v,3,"Activities performed by an affiliate, as defined in § 120.66 of this subchapter, on behalf of another affiliate;",,SEC-129.2(b)(2),PART-129,"International Traffic in Arms Regulations (ITAR), 22 CFR Parts 120-130, amended through 2 October 2025 (KB 2/USA/ITAR.pdf)"
SEC-129.2(b)(2)(vi),SEC-129.2,(b)(2)(vi),vi,3,"Activities by persons, including their regular employees (see § 120.64 of this subchapter), that do not extend beyond acting as an end-user of a defense article or defense service exported pursuant to a license or other approval under part 123, 124, or 125 of this subchapter, or subsequently acting as a reexporter or retransferor of such article or service under such license or other approval, or under an approval pursuant to § 123.9 of this subchapter;",,SEC-129.2(b)(2),PART-129,"International Traffic in Arms Regulations (ITAR), 22 CFR Parts 120-130, amended through 2 October 2025 (KB 2/USA/ITAR.pdf)"
SEC-129.2(b)(2)(vii),SEC-129.2,(b)(2)(vii),vii,3,Activities by persons to facilitate the manufacture in the United States or export of an item subject to the EAR; or,,SEC-129.2(b)(2),PART-129,"International Traffic in Arms Regulations (ITAR), 22 CFR Parts 120-130, amended through 2 October 2025 (KB 2/USA/ITAR.pdf)"
SEC-129.2(b)(2)(viii),SEC-129.2,(b)(2)(viii),viii,3,"Activities by persons to facilitate the reexport, or transfer of an item subject to the EAR that has been approved pursuant to a license, license exception, or no license required authorization under the EAR or a license or other approval under this subchapter.",,SEC-129.2(b)(2),PART-129,"International Traffic in Arms Regulations (ITAR), 22 CFR Parts 120-130, amended through 2 October 2025 (KB 2/USA/ITAR.pdf)"
SEC-129.2(c),SEC-129.2,(c),c,1,"For the purposes of this subchapter, engaging in the business of brokering activities requires only one occasion of brokering as described in paragraph (b) of this section.",,SEC-129.2,PART-129,"International Traffic in Arms Regulations (ITAR), 22 CFR Parts 120-130, amended through 2 October 2025 (KB 2/USA/ITAR.pdf)"
SEC-129.3(a),SEC-129.3,(a),a,1,"Except as provided in paragraph (b) of this section, any person who engages in brokering activities (see § 129.2) is required to register with the Directorate of Defense Trade Controls. Registration under this section is generally a precondition for the issuance of approval for brokering activities required under this part 129 or the use of exemptions.",,SEC-129.3,PART-129,"International Traffic in Arms Regulations (ITAR), 22 CFR Parts 120-130, amended through 2 October 2025 (KB 2/USA/ITAR.pdf)"
SEC-129.3(b),SEC-129.3,(b),b,1,"Exemptions. Registration, approval, recordkeeping, and reporting under this section are not required for:",,SEC-129.3,PART-129,"International Traffic in Arms Regulations (ITAR), 22 CFR Parts 120-130, amended through 2 October 2025 (KB 2/USA/ITAR.pdf)"
SEC-129.3(b)(1),SEC-129.3,(b)(1),1,2,"Foreign governments or international organizations, including their employees, acting in an official capacity; or",,SEC-129.3(b),PART-129,"International Traffic in Arms Regulations (ITAR), 22 CFR Parts 120-130, amended through 2 October 2025 (KB 2/USA/ITAR.pdf)"
SEC-129.3(b)(2),SEC-129.3,(b)(2),2,2,"Persons exclusively in the business of financing, insuring, transporting, customs brokering, or freight forwarding, whose activities do not extend beyond financing, insuring, transporting, customs brokering, or freight forwarding. Examples include air carriers or freight forwarders that merely transport or arrange transportation for licensed defense articles, and banks or credit companies who merely provide commercially available lines or letters of credit to persons registered or required to register in accordance with parts 122 or 129 of this subchapter. However, banks, firms, or other persons providing financing for defense articles or defense services are required to register under certain circumstances, such as when the bank or its employees are directly involved in arranging transactions involving defense articles or defense services or hold title to defense articles, even when no physical custody of defense articles is involved. In such circumstances, the banks, firms, or other persons providing financing for defense articles or defense services are not exempt.",,SEC-129.3(b),PART-129,"International Traffic in Arms Regulations (ITAR), 22 CFR Parts 120-130, amended through 2 October 2025 (KB 2/USA/ITAR.pdf)"
SEC-129.3(c),SEC-129.3,(c),c,1,"Persons exempt from registration, approval, recordkeeping, and reporting as provided in § 129.3(b) are subject to the policy on embargoes and other proscriptions as outlined in § 129.7.",,SEC-129.3,PART-129,"International Traffic in Arms Regulations (ITAR), 22 CFR Parts 120-130, amended through 2 October 2025 (KB 2/USA/ITAR.pdf)"
SEC-129.3(d),SEC-129.3,(d),d,1,"U.S. persons who are registered as a manufacturer or exporter in accordance with part 122 of this subchapter, including their U.S. or foreign subsidiaries and other affiliates listed on their Statement of Registration who are required to register under this part, are not required to submit a separate broker registration or pay a separate broker registration fee when more than 50 percent of the voting securities are owned by the registrant or such subsidiaries and affiliates are otherwise controlled by the registrant (see § 120.66 of this subchapter), and they are listed and identified as brokers within their manufacturer or exporter Statement of Registration. All other requirements of this part apply to such brokers and their brokering activities.",,SEC-129.3,PART-129,"International Traffic in Arms Regulations (ITAR), 22 CFR Parts 120-130, amended through 2 October 2025 (KB 2/USA/ITAR.pdf)"
SEC-129.3(e),SEC-129.3,(e),e,1,Registration under this section is a precondition for the issuance of approval for brokering activities required under this section or the use of exemptions unless an exception is granted by the Directorate of Defense Trade Controls.,,SEC-129.3,PART-129,"International Traffic in Arms Regulations (ITAR), 22 CFR Parts 120-130, amended through 2 October 2025 (KB 2/USA/ITAR.pdf)"
SEC-129.4(a),SEC-129.4,(a),a,1,"Except as provided in § 129.5, no person who is required to register as a broker pursuant to § 129.3 of this subchapter may engage in the business of brokering activities pursuant to § 129.2(b) without first obtaining the approval of the Directorate of Defense Trade Controls for the brokering of any of the following:",,SEC-129.4,PART-129,"International Traffic in Arms Regulations (ITAR), 22 CFR Parts 120-130, amended through 2 October 2025 (KB 2/USA/ITAR.pdf)"
SEC-129.4(a)(1),SEC-129.4,(a)(1),1,2,"Any foreign defense article or defense service enumerated in part 121 of this subchapter (see § 120.39 of this subchapter, and § 129.5 for exemptions) and those foreign origin items on the U.S. Munitions Import List (see 27 CFR 447.21); or",,SEC-129.4(a),PART-129,"International Traffic in Arms Regulations (ITAR), 22 CFR Parts 120-130, amended through 2 October 2025 (KB 2/USA/ITAR.pdf)"
SEC-129.4(a)(2),SEC-129.4,(a)(2),2,2,Any of the following U.S. origin defense articles or defense services:,,SEC-129.4(a),PART-129,"International Traffic in Arms Regulations (ITAR), 22 CFR Parts 120-130, amended through 2 October 2025 (KB 2/USA/ITAR.pdf)"
SEC-129.4(a)(2)(i),SEC-129.4,(a)(2)(i),i,3,"Firearms and other weapons of a nature described by Category I(a) through (d), Category II(a) and (d), and Category III(a) of § 121.1 of this subchapter or Category I(a) through (c), Category II(a), and Category III(a) of the U.S. Munitions Import List (see 27 CFR 447.21);",,SEC-129.4(a)(2),PART-129,"International Traffic in Arms Regulations (ITAR), 22 CFR Parts 120-130, amended through 2 October 2025 (KB 2/USA/ITAR.pdf)"
SEC-129.4(a)(2)(ii),SEC-129.4,(a)(2)(ii),ii,3,"Rockets, bombs, and grenades as well as launchers for such defense articles of a nature described by Category IV(a), and launch vehicles and missile and anti- missile systems of a nature described by Category IV(b) of § 121.1 of this subchapter (including man-portable air-defense systems);",,SEC-129.4(a)(2),PART-129,"International Traffic in Arms Regulations (ITAR), 22 CFR Parts 120-130, amended through 2 October 2025 (KB 2/USA/ITAR.pdf)"
SEC-129.4(a)(2)(iii),SEC-129.4,(a)(2)(iii),iii,3,Vessels of war described by Category VI of § 121.1 of this subchapter;,,SEC-129.4(a)(2),PART-129,"International Traffic in Arms Regulations (ITAR), 22 CFR Parts 120-130, amended through 2 October 2025 (KB 2/USA/ITAR.pdf)"
SEC-129.4(a)(2)(iv),SEC-129.4,(a)(2)(iv),iv,3,Tanks and military vehicles described by Category VII of § 121.1 of this subchapter;,,SEC-129.4(a)(2),PART-129,"International Traffic in Arms Regulations (ITAR), 22 CFR Parts 120-130, amended through 2 October 2025 (KB 2/USA/ITAR.pdf)"
SEC-129.4(a)(2)(v),SEC-129.4,(a)(2)(v),v,3,Aircraft and unmanned aerial vehicles described by Category VIII of § 121.1 of this subchapter;,,SEC-129.4(a)(2),PART-129,"International Traffic in Arms Regulations (ITAR), 22 CFR Parts 120-130, amended through 2 October 2025 (KB 2/USA/ITAR.pdf)"
SEC-129.4(a)(2)(vi),SEC-129.4,(a)(2)(vi),vi,3,"Night vision-related defense articles and inertial platform, sensor, and guidance- related systems of a nature described by Category XII(c) and (d) of § 121.1 of this subchapter;",,SEC-129.4(a)(2),PART-129,"International Traffic in Arms Regulations (ITAR), 22 CFR Parts 120-130, amended through 2 October 2025 (KB 2/USA/ITAR.pdf)"
SEC-129.4(a)(2)(vii),SEC-129.4,(a)(2)(vii),vii,3,"Chemical agents and precursors described by Category XIV(a), (c), and (e) of § 121.1 of this subchapter, biological agents and biologically derived substances described by Category XIV(b) of § 121.1 of this subchapter, and equipment described by Category XIV(f) of § 121.1 of this subchapter for dissemination of the chemical agents and biological agents described by Category XIV(a), (b), and",,SEC-129.4(a)(2),PART-129,"International Traffic in Arms Regulations (ITAR), 22 CFR Parts 120-130, amended through 2 October 2025 (KB 2/USA/ITAR.pdf)"
SEC-129.4(a)(2)(vii)(e),SEC-129.4,(a)(2)(vii)(e),e,4,of § 121.1 of this subchapter;,,SEC-129.4(a)(2)(vii),PART-129,"International Traffic in Arms Regulations (ITAR), 22 CFR Parts 120-130, amended through 2 October 2025 (KB 2/USA/ITAR.pdf)"
SEC-129.4(a)(2)(viii),SEC-129.4,(a)(2)(viii),viii,3,Submersible vessels described by Category XX of § 121.1 of this subchapter; and,,SEC-129.4(a)(2),PART-129,"International Traffic in Arms Regulations (ITAR), 22 CFR Parts 120-130, amended through 2 October 2025 (KB 2/USA/ITAR.pdf)"
SEC-129.4(a)(2)(ix),SEC-129.4,(a)(2)(ix),ix,3,Miscellaneous articles of a nature described by Category XXI of § 121.1 of this subchapter.,,SEC-129.4(a)(2),PART-129,"International Traffic in Arms Regulations (ITAR), 22 CFR Parts 120-130, amended through 2 October 2025 (KB 2/USA/ITAR.pdf)"
SEC-129.4(b),SEC-129.4,(b),b,1,[Reserved],yes,SEC-129.4,PART-129,"International Traffic in Arms Regulations (ITAR), 22 CFR Parts 120-130, amended through 2 October 2025 (KB 2/USA/ITAR.pdf)"
SEC-129.5(a),SEC-129.5,(a),a,1,"Unless paragraph (c) of this section applies, brokering activities undertaken for an agency of the U.S. Government pursuant to a contract between the broker and that agency are exempt from the requirement for approval provided that:",,SEC-129.5,PART-129,"International Traffic in Arms Regulations (ITAR), 22 CFR Parts 120-130, amended through 2 October 2025 (KB 2/USA/ITAR.pdf)"
SEC-129.5(a)(1),SEC-129.5,(a)(1),1,2,The brokering activities concern defense articles or defense services solely for the use of the agency; or,,SEC-129.5(a),PART-129,"International Traffic in Arms Regulations (ITAR), 22 CFR Parts 120-130, amended through 2 October 2025 (KB 2/USA/ITAR.pdf)"
SEC-129.5(a)(2),SEC-129.5,(a)(2),2,2,"The brokering activities are undertaken for carrying out a foreign assistance or sales program authorized by law and subject to control by the President by other means, as demonstrated by one of the following conditions being met:",,SEC-129.5(a),PART-129,"International Traffic in Arms Regulations (ITAR), 22 CFR Parts 120-130, amended through 2 October 2025 (KB 2/USA/ITAR.pdf)"
SEC-129.5(a)(2)(i),SEC-129.5,(a)(2)(i),i,3,The U.S. Government agency contract with the broker contains an explicit provision stating the contract supports a foreign assistance or sales program authorized by law and the contracting agency has established control of the activity covered by the contract by other means equivalent to that established under this subchapter; or,,SEC-129.5(a)(2),PART-129,"International Traffic in Arms Regulations (ITAR), 22 CFR Parts 120-130, amended through 2 October 2025 (KB 2/USA/ITAR.pdf)"
SEC-129.5(a)(2)(ii),SEC-129.5,(a)(2)(ii),ii,3,The Directorate of Defense Trade Controls provides written concurrence in advance that the condition is met.,,SEC-129.5(a)(2),PART-129,"International Traffic in Arms Regulations (ITAR), 22 CFR Parts 120-130, amended through 2 October 2025 (KB 2/USA/ITAR.pdf)"
SEC-129.5(b),SEC-129.5,(b),b,1,"Unless paragraph (c) of this section applies, brokering activities regarding a foreign defense article or defense service (see § 120.39 of this subchapter) are exempt from the requirement for approval when arranged wholly within and destined exclusively for the North Atlantic Treaty Organization, any member country of that organization, Australia, Israel, Japan, New Zealand, or the Republic of Korea, except in the case of the defense articles or defense services specified in § 129.4(a)(2), for which approval is required.",,SEC-129.5,PART-129,"International Traffic in Arms Regulations (ITAR), 22 CFR Parts 120-130, amended through 2 October 2025 (KB 2/USA/ITAR.pdf)"
SEC-129.5(c),SEC-129.5,(c),c,1,Brokers engaging in brokering activities described in paragraph (a) or (b) of this section are not exempt from obtaining approval from the Directorate of Defense Trade Controls if:,,SEC-129.5,PART-129,"International Traffic in Arms Regulations (ITAR), 22 CFR Parts 120-130, amended through 2 October 2025 (KB 2/USA/ITAR.pdf)"
SEC-129.5(c)(1),SEC-129.5,(c)(1),1,2,The broker is not registered as required by § 129.3;,,SEC-129.5(c),PART-129,"International Traffic in Arms Regulations (ITAR), 22 CFR Parts 120-130, amended through 2 October 2025 (KB 2/USA/ITAR.pdf)"
SEC-129.5(c)(2),SEC-129.5,(c)(2),2,2,"The broker or any person who has a direct or indirect interest in or may benefit from the brokering activities, including any related defense article or defense service transaction, is ineligible as defined in § 120.16(c) of this subchapter; or",,SEC-129.5(c),PART-129,"International Traffic in Arms Regulations (ITAR), 22 CFR Parts 120-130, amended through 2 October 2025 (KB 2/USA/ITAR.pdf)"
SEC-129.5(c)(3),SEC-129.5,(c)(3),3,2,A country or person referred to in § 126.1 of this subchapter is involved in the brokering activities or such activities are otherwise subject to § 129.7.,,SEC-129.5(c),PART-129,"International Traffic in Arms Regulations (ITAR), 22 CFR Parts 120-130, amended through 2 October 2025 (KB 2/USA/ITAR.pdf)"
SEC-129.5(d),SEC-129.5,(d),d,1,Brokers who use the exemptions in this section must comply with all other provisions of this part 129.,,SEC-129.5,PART-129,"International Traffic in Arms Regulations (ITAR), 22 CFR Parts 120-130, amended through 2 October 2025 (KB 2/USA/ITAR.pdf)"
SEC-129.6(a),SEC-129.6,(a),a,1,"All requests for approval of brokering activities must be made to the Directorate of Defense Trade Controls, be signed by an empowered official, and include the following information:",,SEC-129.6,PART-129,"International Traffic in Arms Regulations (ITAR), 22 CFR Parts 120-130, amended through 2 October 2025 (KB 2/USA/ITAR.pdf)"
SEC-129.6(a)(1),SEC-129.6,(a)(1),1,2,"The applicant’s name, address and registration code;",,SEC-129.6(a),PART-129,"International Traffic in Arms Regulations (ITAR), 22 CFR Parts 120-130, amended through 2 October 2025 (KB 2/USA/ITAR.pdf)"
SEC-129.6(a)(2),SEC-129.6,(a)(2),2,2,A certification on whether:,,SEC-129.6(a),PART-129,"International Traffic in Arms Regulations (ITAR), 22 CFR Parts 120-130, amended through 2 October 2025 (KB 2/USA/ITAR.pdf)"
SEC-129.6(a)(2)(i),SEC-129.6,(a)(2)(i),i,3,"The applicant or the chief executive officer, president, vice presidents, secretary, partner, member, other senior officers or officials (e.g., comptroller, treasurer, general counsel), or any member of the board of directors is the subject of an indictment or has been otherwise charged (e.g., by criminal information in lieu of indictment) for, or has been convicted of, violating any of the U.S. criminal statutes enumerated in § 120.6 of this subchapter;",,SEC-129.6(a)(2),PART-129,"International Traffic in Arms Regulations (ITAR), 22 CFR Parts 120-130, amended through 2 October 2025 (KB 2/USA/ITAR.pdf)"
SEC-129.6(a)(2)(ii),SEC-129.6,(a)(2)(ii),ii,3,"The applicant or the chief executive officer, president, vice presidents, secretary, partner, member, other senior officers or officials (e.g., comptroller, treasurer, general counsel), or any member of the board of directors is ineligible to contract with, or to receive a license or other approval to import defense articles or defense services from, or to receive an export license or other approval from, any agency of the U.S. Government; and",,SEC-129.6(a)(2),PART-129,"International Traffic in Arms Regulations (ITAR), 22 CFR Parts 120-130, amended through 2 October 2025 (KB 2/USA/ITAR.pdf)"
SEC-129.6(a)(2)(iii),SEC-129.6,(a)(2)(iii),iii,3,"To the best of the applicant's knowledge, any other person involved in the brokering activities enumerated in the request for approval as defined in § 129.2 is the subject of an indictment or has been otherwise charged (e.g., charged by criminal information in lieu of indictment) for or has been convicted of violating any of the U.S. criminal statutes enumerated in § 120.6 of this subchapter, or is ineligible to contract with, or to receive a license or other approval to import defense articles or defense services from, or to receive an export license or other approval from, any agency of the U.S. Government.",,SEC-129.6(a)(2),PART-129,"International Traffic in Arms Regulations (ITAR), 22 CFR Parts 120-130, amended through 2 October 2025 (KB 2/USA/ITAR.pdf)"
SEC-129.6(b),SEC-129.6,(b),b,1,"The request for approval shall describe fully the brokering activities that will be undertaken, including:",,SEC-129.6,PART-129,"International Traffic in Arms Regulations (ITAR), 22 CFR Parts 120-130, amended through 2 October 2025 (KB 2/USA/ITAR.pdf)"
SEC-129.6(b)(1),SEC-129.6,(b)(1),1,2,"The action to be taken by the applicant to facilitate the manufacture, export, import, or transfer of a defense article or defense service (which may be referred to as a “defense article or defense service transaction”);",,SEC-129.6(b),PART-129,"International Traffic in Arms Regulations (ITAR), 22 CFR Parts 120-130, amended through 2 October 2025 (KB 2/USA/ITAR.pdf)"
SEC-129.6(b)(2),SEC-129.6,(b)(2),2,2,"The name, nationality, address, and place of business of all persons who may participate in the brokering activities;",,SEC-129.6(b),PART-129,"International Traffic in Arms Regulations (ITAR), 22 CFR Parts 120-130, amended through 2 October 2025 (KB 2/USA/ITAR.pdf)"
SEC-129.6(b)(3),SEC-129.6,(b)(3),3,2,"A description of each defense article or defense service that may be involved, including:",,SEC-129.6(b),PART-129,"International Traffic in Arms Regulations (ITAR), 22 CFR Parts 120-130, amended through 2 October 2025 (KB 2/USA/ITAR.pdf)"
SEC-129.6(b)(3)(i),SEC-129.6,(b)(3)(i),i,3,The U.S. Munitions List (see § 121.1 of this subchapter) or U.S. Munitions Import List (see 27 CFR 447.21) category and sub-category for each article;,,SEC-129.6(b)(3),PART-129,"International Traffic in Arms Regulations (ITAR), 22 CFR Parts 120-130, amended through 2 October 2025 (KB 2/USA/ITAR.pdf)"
SEC-129.6(b)(3)(ii),SEC-129.6,(b)(3)(ii),ii,3,The name or military nomenclature of each defense article;,,SEC-129.6(b)(3),PART-129,"International Traffic in Arms Regulations (ITAR), 22 CFR Parts 120-130, amended through 2 October 2025 (KB 2/USA/ITAR.pdf)"
SEC-129.6(b)(3)(iii),SEC-129.6,(b)(3)(iii),iii,3,Whether the defense article is significant military equipment;,,SEC-129.6(b)(3),PART-129,"International Traffic in Arms Regulations (ITAR), 22 CFR Parts 120-130, amended through 2 October 2025 (KB 2/USA/ITAR.pdf)"
SEC-129.6(b)(3)(iv),SEC-129.6,(b)(3)(iv),iv,3,Estimated quantity of each defense article;,,SEC-129.6(b)(3),PART-129,"International Traffic in Arms Regulations (ITAR), 22 CFR Parts 120-130, amended through 2 October 2025 (KB 2/USA/ITAR.pdf)"
SEC-129.6(b)(3)(v),SEC-129.6,(b)(3)(v),v,3,Estimated U.S. dollar value of defense articles and defense services;,,SEC-129.6(b)(3),PART-129,"International Traffic in Arms Regulations (ITAR), 22 CFR Parts 120-130, amended through 2 October 2025 (KB 2/USA/ITAR.pdf)"
SEC-129.6(b)(3)(vi),SEC-129.6,(b)(3)(vi),vi,3,Security classification; and,,SEC-129.6(b)(3),PART-129,"International Traffic in Arms Regulations (ITAR), 22 CFR Parts 120-130, amended through 2 October 2025 (KB 2/USA/ITAR.pdf)"
SEC-129.6(b)(3)(vii),SEC-129.6,(b)(3)(vii),vii,3,End-user and end-use; and,,SEC-129.6(b)(3),PART-129,"International Traffic in Arms Regulations (ITAR), 22 CFR Parts 120-130, amended through 2 October 2025 (KB 2/USA/ITAR.pdf)"
SEC-129.6(b)(4),SEC-129.6,(b)(4),4,2,A statement whether the brokering activities are related to a sale through direct commercial sale or under the U.S. Foreign Military Sales program or other activity in support of the U.S. Government.,,SEC-129.6(b),PART-129,"International Traffic in Arms Regulations (ITAR), 22 CFR Parts 120-130, amended through 2 October 2025 (KB 2/USA/ITAR.pdf)"
SEC-129.6(c),SEC-129.6,(c),c,1,The empowered official signing the request for approval shall include a certification that the request is complete and accurate.,,SEC-129.6,PART-129,"International Traffic in Arms Regulations (ITAR), 22 CFR Parts 120-130, amended through 2 October 2025 (KB 2/USA/ITAR.pdf)"
SEC-129.6(d),SEC-129.6,(d),d,1,"If at the time of submission certain information required by paragraph (b) of this section is not yet available, this fact must be stated and explained in the certification required by paragraph",,SEC-129.6,PART-129,"International Traffic in Arms Regulations (ITAR), 22 CFR Parts 120-130, amended through 2 October 2025 (KB 2/USA/ITAR.pdf)"
SEC-129.6(d)(c),SEC-129.6,(d)(c),c,2,of this section. The Directorate of Defense Trade Controls will take any such explanation into account in deciding whether to approve the request.,,SEC-129.6(d),PART-129,"International Traffic in Arms Regulations (ITAR), 22 CFR Parts 120-130, amended through 2 October 2025 (KB 2/USA/ITAR.pdf)"
SEC-129.6(e),SEC-129.6,(e),e,1,The period of validity for an approval may not exceed four years.,,SEC-129.6,PART-129,"International Traffic in Arms Regulations (ITAR), 22 CFR Parts 120-130, amended through 2 October 2025 (KB 2/USA/ITAR.pdf)"
SEC-129.7(a),SEC-129.7,(a),a,1,"This section applies to brokering activities defined in § 129.2, regardless of whether the person involved in such activities has registered or is exempt from registration under § 129.3. The exemptions in § 129.5 from the requirement for approval are not applicable to brokering activities subject to this section.",,SEC-129.7,PART-129,"International Traffic in Arms Regulations (ITAR), 22 CFR Parts 120-130, amended through 2 October 2025 (KB 2/USA/ITAR.pdf)"
SEC-129.7(b),SEC-129.7,(b),b,1,"No person may engage in or make a proposal to engage in brokering activities that involve any country, area, or person referred to in § 126.1 of this subchapter without first obtaining the approval of the Directorate of Defense Trade Controls.",,SEC-129.7,PART-129,"International Traffic in Arms Regulations (ITAR), 22 CFR Parts 120-130, amended through 2 October 2025 (KB 2/USA/ITAR.pdf)"
SEC-129.7(c),SEC-129.7,(c),c,1,"No person may engage in or make a proposal to engage in brokering activities without first obtaining approval of the Directorate of Defense Trade Controls if such activities involve countries or persons identified by the Department of State through notice in the Federal Register, with respect to which certain limitations on defense articles or defense services are imposed for reasons of U.S. national security, foreign policy, or law enforcement interests (e.g., an individual subject to debarment pursuant to § 127.7 of this subchapter). (See § 127.1(c) of this subchapter for additional disclosure and approval requirements applicable to brokering activities.)",,SEC-129.7,PART-129,"International Traffic in Arms Regulations (ITAR), 22 CFR Parts 120-130, amended through 2 October 2025 (KB 2/USA/ITAR.pdf)"
SEC-129.7(d),SEC-129.7,(d),d,1,It is the policy of the Department of State to deny requests for approval of brokering activities or proposals to engage in brokering activities involving the countries or persons referred to in paragraph (b) or (c) of this section. Any person who knows or has reason to know of brokering activities involving such countries or persons must immediately inform the Directorate of Defense Trade Controls.,,SEC-129.7,PART-129,"International Traffic in Arms Regulations (ITAR), 22 CFR Parts 120-130, amended through 2 October 2025 (KB 2/USA/ITAR.pdf)"
SEC-129.8(a),SEC-129.8,(a),a,1,"An intended registrant must submit a Department of State form DS-2032 (Statement of Registration) to the Office of Defense Trade Controls Compliance by following the submission guidelines available on the Directorate of Defense Trade Controls Web site at www.pmddtc.state.gov. The Statement of Registration must be signed by a U.S. person senior officer (e.g., chief executive officer, president, secretary, partner, member, treasurer, general counsel) who has been empowered by the intended registrant to sign such documents, with the exception that a foreign senior officer may sign the Statement of Registration if the intended registrant seeks only to register as a foreign broker. The Statement of Registration may include subsidiaries and affiliates when more than 50 percent of the voting securities are owned by the registrant or the subsidiaries and affiliates are otherwise controlled by the registrant (see § 120.66 of this subchapter). The intended registrant, whether a U.S. or foreign person, shall submit documentation that demonstrates it is incorporated or otherwise authorized to do business in its respective country. Foreign persons who are required to register shall provide information that is substantially similar in content to that which a U.S. person would provide under this provision (e.g., foreign business license or similar authorization to do business). The Directorate of Defense Trade Controls will notify the registrant if the Statement of Registration (form DS-2032) is incomplete either by notifying the registrant of what information is required or through the return of the entire registration package.",,SEC-129.8,PART-129,"International Traffic in Arms Regulations (ITAR), 22 CFR Parts 120-130, amended through 2 October 2025 (KB 2/USA/ITAR.pdf)"
SEC-129.8(b),SEC-129.8,(b),b,1,,,SEC-129.8,PART-129,"International Traffic in Arms Regulations (ITAR), 22 CFR Parts 120-130, amended through 2 October 2025 (KB 2/USA/ITAR.pdf)"
SEC-129.8(b)(1),SEC-129.8,(b)(1),1,2,"Frequency of registration and fee. A person who is required to register must do so on an annual basis by submitting a completed Statement of Registration (form DS-2032) and the Tier 1 fee specified in §122.3(a)(1) of this subchapter, regardless of how many favorable determinations the person received during the 12-month period ending 90 days prior to the expiration of their current registration. Registrants are not required to submit a separate statement of registration and pay an additional fee when provisions in § 129.3(d) are met.",,SEC-129.8(b),PART-129,"International Traffic in Arms Regulations (ITAR), 22 CFR Parts 120-130, amended through 2 October 2025 (KB 2/USA/ITAR.pdf)"
SEC-129.8(b)(2),SEC-129.8,(b)(2),2,2,"Expiration of registration. A registrant must submit its request for registration renewal at least 30 days, but no earlier than 60 days, prior to the expiration date.",,SEC-129.8(b),PART-129,"International Traffic in Arms Regulations (ITAR), 22 CFR Parts 120-130, amended through 2 October 2025 (KB 2/USA/ITAR.pdf)"
SEC-129.8(b)(3),SEC-129.8,(b)(3),3,2,"Lapse in registration. A registrant who fails to renew a registration and, after an intervening period, seeks to register again must pay registration fees for any part of such intervening period during which the registrant engaged in the business of brokering defense articles or defense services.",,SEC-129.8(b),PART-129,"International Traffic in Arms Regulations (ITAR), 22 CFR Parts 120-130, amended through 2 October 2025 (KB 2/USA/ITAR.pdf)"
SEC-129.8(c),SEC-129.8,(c),c,1,Statement of Registration Certification. The Statement of Registration (form DS-2032) of the intended registrant shall include a certification by an authorized senior officer of the following:,,SEC-129.8,PART-129,"International Traffic in Arms Regulations (ITAR), 22 CFR Parts 120-130, amended through 2 October 2025 (KB 2/USA/ITAR.pdf)"
SEC-129.8(c)(1),SEC-129.8,(c)(1),1,2,"Whether the intended registrant or its parent, subsidiary, or other affiliate listed in the Statement of Registration, or any of its chief executive officers, presidents, vice presidents, secretaries, partners, members, other senior officers or officials (e.g., comptroller, treasurer, general counsel), or any member of the board of directors of the intended registrant, or of any parent, subsidiary, or other affiliate listed in the Statement of Registration:",,SEC-129.8(c),PART-129,"International Traffic in Arms Regulations (ITAR), 22 CFR Parts 120-130, amended through 2 October 2025 (KB 2/USA/ITAR.pdf)"
SEC-129.8(c)(1)(i),SEC-129.8,(c)(1)(i),i,3,"Has ever been indicted or otherwise charged (e.g., charged by criminal information in lieu of indictment) for or has been convicted of violating any U.S. criminal statutes enumerated in § 120.6 of this subchapter or violating a foreign criminal law on exportation of defense articles where conviction of such law carries a minimum term of imprisonment of greater than 1 year; or",,SEC-129.8(c)(1),PART-129,"International Traffic in Arms Regulations (ITAR), 22 CFR Parts 120-130, amended through 2 October 2025 (KB 2/USA/ITAR.pdf)"
SEC-129.8(c)(1)(ii),SEC-129.8,(c)(1)(ii),ii,3,"Is ineligible to contract with, or to receive a license or other approval to import defense articles or defense services from, or to receive an export license or other approval from, any agency of the U.S. Government; and",,SEC-129.8(c)(1),PART-129,"International Traffic in Arms Regulations (ITAR), 22 CFR Parts 120-130, amended through 2 October 2025 (KB 2/USA/ITAR.pdf)"
SEC-129.8(c)(2),SEC-129.8,(c)(2),2,2,"Whether the intended registrant is foreign owned or foreign controlled (see § 120.65 of this subchapter). If the intended registrant is foreign owned or foreign controlled, the certification shall include an explanation of such ownership or control, including the identities of the foreign person or persons who ultimately own or control the registrant. This requirement applies to a registrant who is a U.S. person and is owned or controlled by a foreign person. It also applies to a registrant who is a foreign person and is owned or controlled by a foreign person from the same country or a foreign person from another country.",,SEC-129.8(c),PART-129,"International Traffic in Arms Regulations (ITAR), 22 CFR Parts 120-130, amended through 2 October 2025 (KB 2/USA/ITAR.pdf)"
SEC-129.8(d),SEC-129.8,(d),d,1,"A registrant must, within five days of the event, provide to the Directorate of Defense Trade Controls a written notification, signed by a senior officer (e.g., chief executive officer, president, secretary, partner, member, treasurer, general counsel), if:",,SEC-129.8,PART-129,"International Traffic in Arms Regulations (ITAR), 22 CFR Parts 120-130, amended through 2 October 2025 (KB 2/USA/ITAR.pdf)"
SEC-129.8(d)(1),SEC-129.8,(d)(1),1,2,"Any of the persons referred to in § 129.8(c) is indicted or otherwise charged (e.g., charged by criminal information in lieu of indictment) for or convicted of violating any of the U.S. criminal statutes enumerated in § 120.6 of this subchapter or violating a foreign criminal law on exportation of defense articles where conviction of such law carries a minimum term of imprisonment of greater than 1 year; or becomes ineligible to contract with, or to receive a license or other approval to export or import defense articles or defense services from, any agency of the U.S. Government; or",,SEC-129.8(d),PART-129,"International Traffic in Arms Regulations (ITAR), 22 CFR Parts 120-130, amended through 2 October 2025 (KB 2/USA/ITAR.pdf)"
SEC-129.8(d)(2),SEC-129.8,(d)(2),2,2,There is a change in the following information contained in the Statement of Registration (form DS-2032):,,SEC-129.8(d),PART-129,"International Traffic in Arms Regulations (ITAR), 22 CFR Parts 120-130, amended through 2 October 2025 (KB 2/USA/ITAR.pdf)"
SEC-129.8(d)(2)(i),SEC-129.8,(d)(2)(i),i,3,Registrant’s name;,,SEC-129.8(d)(2),PART-129,"International Traffic in Arms Regulations (ITAR), 22 CFR Parts 120-130, amended through 2 October 2025 (KB 2/USA/ITAR.pdf)"
SEC-129.8(d)(2)(ii),SEC-129.8,(d)(2)(ii),ii,3,Registrant’s address;,,SEC-129.8(d)(2),PART-129,"International Traffic in Arms Regulations (ITAR), 22 CFR Parts 120-130, amended through 2 October 2025 (KB 2/USA/ITAR.pdf)"
SEC-129.8(d)(2)(iii),SEC-129.8,(d)(2)(iii),iii,3,Registrant's legal organization structure;,,SEC-129.8(d)(2),PART-129,"International Traffic in Arms Regulations (ITAR), 22 CFR Parts 120-130, amended through 2 October 2025 (KB 2/USA/ITAR.pdf)"
SEC-129.8(d)(2)(iv),SEC-129.8,(d)(2)(iv),iv,3,Ownership or control;,,SEC-129.8(d)(2),PART-129,"International Traffic in Arms Regulations (ITAR), 22 CFR Parts 120-130, amended through 2 October 2025 (KB 2/USA/ITAR.pdf)"
SEC-129.8(d)(2)(v),SEC-129.8,(d)(2)(v),v,3,"The establishment, acquisition or divestment of a U.S. or foreign subsidiary or other affiliate who is engaged in brokering activities or otherwise required to be listed in registrant's Statement of Registration; or",,SEC-129.8(d)(2),PART-129,"International Traffic in Arms Regulations (ITAR), 22 CFR Parts 120-130, amended through 2 October 2025 (KB 2/USA/ITAR.pdf)"
SEC-129.8(d)(2)(vi),SEC-129.8,(d)(2)(vi),vi,3,"Board of directors, senior officers, partners and owners.",,SEC-129.8(d)(2),PART-129,"International Traffic in Arms Regulations (ITAR), 22 CFR Parts 120-130, amended through 2 October 2025 (KB 2/USA/ITAR.pdf)"
SEC-129.8(e),SEC-129.8,(e),e,1,"A U.S. or foreign registrant must provide written notification to the Directorate of Defense Trade Controls at least sixty (60) days in advance of any intended sale or transfer to a foreign person of ownership or control of the registrant or any parent, subsidiary, or other affiliate listed and covered in its Statement of Registration. Such notice does not relieve the registrant from obtaining any prior approval required under this subchapter.",,SEC-129.8,PART-129,"International Traffic in Arms Regulations (ITAR), 22 CFR Parts 120-130, amended through 2 October 2025 (KB 2/USA/ITAR.pdf)"
SEC-129.8(f),SEC-129.8,(f),f,1,"The new entity formed when a registrant merges with another company or acquires, or is acquired by, another company or a subsidiary or division of another company, shall advise the Directorate of Defense Trade Controls of the following:",,SEC-129.8,PART-129,"International Traffic in Arms Regulations (ITAR), 22 CFR Parts 120-130, amended through 2 October 2025 (KB 2/USA/ITAR.pdf)"
SEC-129.8(f)(1),SEC-129.8,(f)(1),1,2,The new firm name and all previous firm names;,,SEC-129.8(f),PART-129,"International Traffic in Arms Regulations (ITAR), 22 CFR Parts 120-130, amended through 2 October 2025 (KB 2/USA/ITAR.pdf)"
SEC-129.8(f)(2),SEC-129.8,(f)(2),2,2,The registration number that will continue and those that are to be discontinued (if any); and,,SEC-129.8(f),PART-129,"International Traffic in Arms Regulations (ITAR), 22 CFR Parts 120-130, amended through 2 October 2025 (KB 2/USA/ITAR.pdf)"
SEC-129.8(f)(3),SEC-129.8,(f)(3),3,2,"The numbers of all approvals for brokering activities under the continuing registration number, since any approval not the subject of notification will be considered invalid.",,SEC-129.8(f),PART-129,"International Traffic in Arms Regulations (ITAR), 22 CFR Parts 120-130, amended through 2 October 2025 (KB 2/USA/ITAR.pdf)"
SEC-129.8(g),SEC-129.8,(g),g,1,"A registrant whose registration lapses because of failure to renew and, after an intervening period, seeks to register again must pay registration fees for any part of such intervening period during which the registrant engaged in the business of brokering activities.",,SEC-129.8,PART-129,"International Traffic in Arms Regulations (ITAR), 22 CFR Parts 120-130, amended through 2 October 2025 (KB 2/USA/ITAR.pdf)"
SEC-129.9(a),SEC-129.9,(a),a,1,"Any person desiring guidance on whether an activity constitutes a brokering activity within the scope of this part 129 may request in writing guidance from the Directorate of Defense Trade Controls. The request for guidance shall identify the applicant and registrant code (if applicable) and describe fully the activities that will be undertaken, including:",,SEC-129.9,PART-129,"International Traffic in Arms Regulations (ITAR), 22 CFR Parts 120-130, amended through 2 October 2025 (KB 2/USA/ITAR.pdf)"
SEC-129.9(a)(1),SEC-129.9,(a)(1),1,2,The specific activities to be undertaken by the applicant and any other U.S. or foreign person;,,SEC-129.9(a),PART-129,"International Traffic in Arms Regulations (ITAR), 22 CFR Parts 120-130, amended through 2 October 2025 (KB 2/USA/ITAR.pdf)"
SEC-129.9(a)(2),SEC-129.9,(a)(2),2,2,"The name, nationality, and geographic location of all U.S. and foreign persons who may participate in the activities;",,SEC-129.9(a),PART-129,"International Traffic in Arms Regulations (ITAR), 22 CFR Parts 120-130, amended through 2 October 2025 (KB 2/USA/ITAR.pdf)"
SEC-129.9(a)(3),SEC-129.9,(a)(3),3,2,"A description of each defense article or defense service that may be involved, including:",,SEC-129.9(a),PART-129,"International Traffic in Arms Regulations (ITAR), 22 CFR Parts 120-130, amended through 2 October 2025 (KB 2/USA/ITAR.pdf)"
SEC-129.9(a)(3)(i),SEC-129.9,(a)(3)(i),i,3,The U.S. Munitions List category and sub-category for each article;,,SEC-129.9(a)(3),PART-129,"International Traffic in Arms Regulations (ITAR), 22 CFR Parts 120-130, amended through 2 October 2025 (KB 2/USA/ITAR.pdf)"
SEC-129.9(a)(3)(ii),SEC-129.9,(a)(3)(ii),ii,3,The name or military nomenclature of each defense article;,,SEC-129.9(a)(3),PART-129,"International Traffic in Arms Regulations (ITAR), 22 CFR Parts 120-130, amended through 2 October 2025 (KB 2/USA/ITAR.pdf)"
SEC-129.9(a)(3)(iii),SEC-129.9,(a)(3)(iii),iii,3,Whether the defense article is significant military equipment;,,SEC-129.9(a)(3),PART-129,"International Traffic in Arms Regulations (ITAR), 22 CFR Parts 120-130, amended through 2 October 2025 (KB 2/USA/ITAR.pdf)"
SEC-129.9(a)(3)(iv),SEC-129.9,(a)(3)(iv),iv,3,Estimated quantity of each defense article;,,SEC-129.9(a)(3),PART-129,"International Traffic in Arms Regulations (ITAR), 22 CFR Parts 120-130, amended through 2 October 2025 (KB 2/USA/ITAR.pdf)"
SEC-129.9(a)(3)(v),SEC-129.9,(a)(3)(v),v,3,Estimated U.S. dollar value of defense articles and defense services; and,,SEC-129.9(a)(3),PART-129,"International Traffic in Arms Regulations (ITAR), 22 CFR Parts 120-130, amended through 2 October 2025 (KB 2/USA/ITAR.pdf)"
SEC-129.9(a)(3)(vi),SEC-129.9,(a)(3)(vi),vi,3,Security classification;,,SEC-129.9(a)(3),PART-129,"International Traffic in Arms Regulations (ITAR), 22 CFR Parts 120-130, amended through 2 October 2025 (KB 2/USA/ITAR.pdf)"
SEC-129.9(a)(4),SEC-129.9,(a)(4),4,2,End-user and end-use; and,,SEC-129.9(a),PART-129,"International Traffic in Arms Regulations (ITAR), 22 CFR Parts 120-130, amended through 2 October 2025 (KB 2/USA/ITAR.pdf)"
SEC-129.9(a)(5),SEC-129.9,(a)(5),5,2,"A copy of any agreement or documentation, if available, between or among the requester and other persons who will be involved in the activity or related transactions that describes the activity to be taken by such persons.",,SEC-129.9(a),PART-129,"International Traffic in Arms Regulations (ITAR), 22 CFR Parts 120-130, amended through 2 October 2025 (KB 2/USA/ITAR.pdf)"
SEC-129.9(b),SEC-129.9,(b),b,1,"If at the time of submission certain information is not yet available, this circumstance must be stated and explained. The Directorate of Defense Trade Controls will take the completeness of the information into account in providing guidance on whether the activities constitute brokering activities. The guidance will constitute an official determination by the Department of State. The guidance shall not substitute for approval when required under § 129.4.",,SEC-129.9,PART-129,"International Traffic in Arms Regulations (ITAR), 22 CFR Parts 120-130, amended through 2 October 2025 (KB 2/USA/ITAR.pdf)"
SEC-129.9(c),SEC-129.9,(c),c,1,Persons desiring guidance on other aspects of this part may also request guidance from the Directorate of Defense Trade Controls in a similar manner by submitting a description of the relevant facts or copies of relevant documentation.,,SEC-129.9,PART-129,"International Traffic in Arms Regulations (ITAR), 22 CFR Parts 120-130, amended through 2 October 2025 (KB 2/USA/ITAR.pdf)"
SEC-129.10(a),SEC-129.10,(a),a,1,"Any person required to register under this part (including those registered in accordance with § 129.3(d)) shall provide to the Directorate of Defense Trade Controls on an annual basis a report of its brokering activities in the previous twelve months. Such report shall be submitted along with the registrant's annual renewal submission or, if not renewing, within 30 days after expiration of registration.",,SEC-129.10,PART-129,"International Traffic in Arms Regulations (ITAR), 22 CFR Parts 120-130, amended through 2 October 2025 (KB 2/USA/ITAR.pdf)"
SEC-129.10(b),SEC-129.10,(b),b,1,The report shall include brokering activities that received or were exempt from approval as follows:,,SEC-129.10,PART-129,"International Traffic in Arms Regulations (ITAR), 22 CFR Parts 120-130, amended through 2 October 2025 (KB 2/USA/ITAR.pdf)"
SEC-129.10(b)(1),SEC-129.10,(b)(1),1,2,"The report shall identify the broker's name, address, and registration code and be signed by an empowered official who shall certify that the report is complete and accurate. The report shall describe each of the brokering activities, including the number assigned by the Directorate of Defense Trade Controls to the approval or the exemption claimed; and",,SEC-129.10(b),PART-129,"International Traffic in Arms Regulations (ITAR), 22 CFR Parts 120-130, amended through 2 October 2025 (KB 2/USA/ITAR.pdf)"
SEC-129.10(b)(2),SEC-129.10,(b)(2),2,2,"For each of the brokering activities, the report shall identify all persons who participated in the activities, including each person's name, address, nationality, and country where located and role or function; the quantity, description, and U.S. dollar value of the defense articles or defense services; the type and U.S. dollar value of any consideration received or expected to be received, directly or indirectly, by any person who participated in the brokering activities, and the source thereof.",,SEC-129.10(b),PART-129,"International Traffic in Arms Regulations (ITAR), 22 CFR Parts 120-130, amended through 2 October 2025 (KB 2/USA/ITAR.pdf)"
SEC-129.10(c),SEC-129.10,(c),c,1,"If there were no brokering activities, the report shall certify that there were no such activities.",,SEC-129.10,PART-129,"International Traffic in Arms Regulations (ITAR), 22 CFR Parts 120-130, amended through 2 October 2025 (KB 2/USA/ITAR.pdf)"
SEC-130.4(7),SEC-130.4,(7),7,1,"of section 47 of the Arms Export Control Act (22 U.S.C. 2794 (3), (4), and (7)). When used with reference to commercial sales, the definitions in §§ 120.31 and 120.32 of this subchapter apply.",,SEC-130.4,PART-130,"International Traffic in Arms Regulations (ITAR), 22 CFR Parts 120-130, amended through 2 October 2025 (KB 2/USA/ITAR.pdf)"
SEC-130.5(a),SEC-130.5,(a),a,1,"Fee or commission means, except as provided in paragraph (b) of this section, any loan, gift, donation, or other payment of $1,000 or more made, or offered or agreed to be made directly or indirectly, whether in cash or in kind, and whether or not pursuant to a written contract, which is:",,SEC-130.5,PART-130,"International Traffic in Arms Regulations (ITAR), 22 CFR Parts 120-130, amended through 2 October 2025 (KB 2/USA/ITAR.pdf)"
SEC-130.5(a)(1),SEC-130.5,(a)(1),1,2,"To or at the direction of any person, irrespective of nationality, whether or not employed by or affiliated with an applicant, a supplier or a vendor; and",,SEC-130.5(a),PART-130,"International Traffic in Arms Regulations (ITAR), 22 CFR Parts 120-130, amended through 2 October 2025 (KB 2/USA/ITAR.pdf)"
SEC-130.5(a)(2),SEC-130.5,(a)(2),2,2,For the solicitation or promotion or otherwise to secure the conclusion of a sale of defense articles or defense services to or for the use of the armed forces of a foreign country or international organization.,,SEC-130.5(a),PART-130,"International Traffic in Arms Regulations (ITAR), 22 CFR Parts 120-130, amended through 2 October 2025 (KB 2/USA/ITAR.pdf)"
SEC-130.5(b),SEC-130.5,(b),b,1,The term fee or commission does not include:,,SEC-130.5,PART-130,"International Traffic in Arms Regulations (ITAR), 22 CFR Parts 120-130, amended through 2 October 2025 (KB 2/USA/ITAR.pdf)"
SEC-130.5(b)(1),SEC-130.5,(b)(1),1,2,A political contribution or a payment excluded by § 130.6 from the definition of political contribution;,,SEC-130.5(b),PART-130,"International Traffic in Arms Regulations (ITAR), 22 CFR Parts 120-130, amended through 2 October 2025 (KB 2/USA/ITAR.pdf)"
SEC-130.5(b)(2),SEC-130.5,(b)(2),2,2,"A normal salary (excluding contingent compensation) established at an annual rate and paid to a regular employee of an applicant, supplier or vendor;",,SEC-130.5(b),PART-130,"International Traffic in Arms Regulations (ITAR), 22 CFR Parts 120-130, amended through 2 October 2025 (KB 2/USA/ITAR.pdf)"
SEC-130.5(b)(3),SEC-130.5,(b)(3),3,2,General advertising or promotional expenses not directed to any particular sale or purchaser; or,,SEC-130.5(b),PART-130,"International Traffic in Arms Regulations (ITAR), 22 CFR Parts 120-130, amended through 2 October 2025 (KB 2/USA/ITAR.pdf)"
SEC-130.5(b)(4),SEC-130.5,(b)(4),4,2,"Payments made, or offered or agreed to be made, solely for the purchase by an applicant, supplier or vendor of specific goods or technical, operational or advisory services, which payments are not disproportionate in amount with the value of the specific goods or services actually furnished.",,SEC-130.5(b),PART-130,"International Traffic in Arms Regulations (ITAR), 22 CFR Parts 120-130, amended through 2 October 2025 (KB 2/USA/ITAR.pdf)"
SEC-130.6(a),SEC-130.6,(a),a,1,"To or for the benefit of, or at the direction of, any foreign candidate, committee, political party, political faction, or government or governmental subdivision, or any individual elected, appointed or otherwise designated as an employee or officer thereof; and",,SEC-130.6,PART-130,"International Traffic in Arms Regulations (ITAR), 22 CFR Parts 120-130, amended through 2 October 2025 (KB 2/USA/ITAR.pdf)"
SEC-130.6(b),SEC-130.6,(b),b,1,"For the solicitation or promotion or otherwise to secure the conclusion of a sale of defense articles or defense services to or for the use of the armed forces of a foreign country or international organization. Taxes, customs duties, license fees, and other charges required to be paid by applicable law or regulation are not regarded as political contributions.",,SEC-130.6,PART-130,"International Traffic in Arms Regulations (ITAR), 22 CFR Parts 120-130, amended through 2 October 2025 (KB 2/USA/ITAR.pdf)"
SEC-130.8(a),SEC-130.8,(a),a,1,"Vendor means any distributor or manufacturer who, directly or indirectly, furnishes to an applicant or supplier defense articles valued in an amount of $500,000 or more which are end- items or major components as defined in § 120.45 of this subchapter. It also means any person who, directly or indirectly, furnishes to an applicant or supplier defense articles or services valued in an amount of $500,000 or more when such articles or services are to be delivered (or incorporated in defense articles or defense services to be delivered) to or for the use of the armed forces of a foreign country or international organization under:",,SEC-130.8,PART-130,"International Traffic in Arms Regulations (ITAR), 22 CFR Parts 120-130, amended through 2 October 2025 (KB 2/USA/ITAR.pdf)"
SEC-130.8(a)(1),SEC-130.8,(a)(1),1,2,A sale requiring a license or approval from the Directorate of Defense Trade Controls under this subchapter; or,,SEC-130.8(a),PART-130,"International Traffic in Arms Regulations (ITAR), 22 CFR Parts 120-130, amended through 2 October 2025 (KB 2/USA/ITAR.pdf)"
SEC-130.8(a)(2),SEC-130.8,(a)(2),2,2,A sale pursuant to a contract with the Department of Defense under section 22 of the Arms Export Control Act (22 U.S.C. 2762).,,SEC-130.8(a),PART-130,"International Traffic in Arms Regulations (ITAR), 22 CFR Parts 120-130, amended through 2 October 2025 (KB 2/USA/ITAR.pdf)"
SEC-130.8(b),SEC-130.8,(b),b,1,[Reserved],yes,SEC-130.8,PART-130,"International Traffic in Arms Regulations (ITAR), 22 CFR Parts 120-130, amended through 2 October 2025 (KB 2/USA/ITAR.pdf)"
SEC-130.9(a),SEC-130.9,(a),a,1,,,SEC-130.9,PART-130,"International Traffic in Arms Regulations (ITAR), 22 CFR Parts 120-130, amended through 2 October 2025 (KB 2/USA/ITAR.pdf)"
SEC-130.9(a)(1),SEC-130.9,(a)(1),1,2,"Each applicant must inform the Directorate of Defense Trade Controls as to whether the applicant or its vendors have paid, or offered or agreed to pay, in respect of any sale for which a license or approval is requested:",,SEC-130.9(a),PART-130,"International Traffic in Arms Regulations (ITAR), 22 CFR Parts 120-130, amended through 2 October 2025 (KB 2/USA/ITAR.pdf)"
SEC-130.9(a)(1)(i),SEC-130.9,(a)(1)(i),i,3,"Political contributions in an aggregate amount of $5,000 or more, or",,SEC-130.9(a)(1),PART-130,"International Traffic in Arms Regulations (ITAR), 22 CFR Parts 120-130, amended through 2 October 2025 (KB 2/USA/ITAR.pdf)"
SEC-130.9(a)(1)(ii),SEC-130.9,(a)(1)(ii),ii,3,"Fees or commissions in an aggregate amount of $100,000 or more. If so, applicant must furnish to the Directorate of Defense Trade Controls the information specified in § 130.10. The furnishing of such information or an explanation satisfactory to the Director of the Office of Defense Trade Controls Licensing as to why all the information cannot be furnished at that time is a condition precedent to the granting of the relevant license or approval.",,SEC-130.9(a)(1),PART-130,"International Traffic in Arms Regulations (ITAR), 22 CFR Parts 120-130, amended through 2 October 2025 (KB 2/USA/ITAR.pdf)"
SEC-130.9(a)(2),SEC-130.9,(a)(2),2,2,The requirements of this paragraph do not apply in the case of an application with respect to a sale for which all the information specified in § 130.10 which is required by this section to be reported shall already have been furnished.,,SEC-130.9(a),PART-130,"International Traffic in Arms Regulations (ITAR), 22 CFR Parts 120-130, amended through 2 October 2025 (KB 2/USA/ITAR.pdf)"
SEC-130.9(b),SEC-130.9,(b),b,1,"Each supplier must inform the Directorate of Defense Trade Controls as to whether the supplier or its vendors have paid, or offered or agreed to pay, in respect of any sale:",,SEC-130.9,PART-130,"International Traffic in Arms Regulations (ITAR), 22 CFR Parts 120-130, amended through 2 October 2025 (KB 2/USA/ITAR.pdf)"
SEC-130.9(b)(1),SEC-130.9,(b)(1),1,2,"Political contributions in an aggregate amount of $5,000 or more, or",,SEC-130.9(b),PART-130,"International Traffic in Arms Regulations (ITAR), 22 CFR Parts 120-130, amended through 2 October 2025 (KB 2/USA/ITAR.pdf)"
SEC-130.9(b)(2),SEC-130.9,(b)(2),2,2,"Fees or commissions in an aggregate amount of $100,000 or more. If so, the supplier must furnish to the Directorate of Defense Trade Controls the information specified in § 130.10. The information required to be furnished pursuant to this paragraph must be furnished no later than 30 days after the contract award to such supplier, or such earlier date as may be specified by the Department of Defense. For purposes of this paragraph, a contract award includes a purchase order, exercise of an option, or other procurement action requiring a supplier to furnish defense articles or defense services to the Department of Defense for the purposes of § 22 of the Arms Export Control Act (22 U.S.C. 2762).",,SEC-130.9(b),PART-130,"International Traffic in Arms Regulations (ITAR), 22 CFR Parts 120-130, amended through 2 October 2025 (KB 2/USA/ITAR.pdf)"
SEC-130.9(c),SEC-130.9,(c),c,1,"In determining whether an applicant or its vendors, or a supplier or its vendors, as the case may be, have paid, or offered or agreed to pay, political contributions in an aggregate amount of $5,000 or more in respect of any sale so as to require a report under this section, there must be included in the computation of such aggregate amount any political contributions in respect of the sale which are paid by or on behalf of, or at the direction of, any person to whom the applicant, supplier or vendor has paid, or offered or agreed to pay, a fee or commission in respect of the sale. Any such political contributions are deemed for purposes of this part to be political contributions by the applicant, supplier or vendor who paid or offered or agreed to pay the fee or commission.",,SEC-130.9,PART-130,"International Traffic in Arms Regulations (ITAR), 22 CFR Parts 120-130, amended through 2 October 2025 (KB 2/USA/ITAR.pdf)"
SEC-130.9(d),SEC-130.9,(d),d,1,"Any applicant or supplier which has informed the Directorate of Defense Trade Controls under this section that neither it nor its vendors have paid, or offered or agreed to pay, political contributions or fees or commissions in an aggregate amount requiring the information specified in § 130.10 to be furnished, must subsequently furnish such information within 30 days after learning that it or its vendors had paid, or offered or agreed to pay, political contributions or fees or commissions in respect of a sale in an aggregate amount which, if known to applicant or supplier at the time of its previous communication with the Directorate of Defense Trade Controls, would have required the furnishing of information under § 130.10 at that time. Any report furnished under this paragraph must, in addition to the information specified in § 130.10, include a detailed statement of the reasons why applicant or supplier did not furnish the information at the time specified in paragraph (a) or paragraph (b) of this section, as applicable.",,SEC-130.9,PART-130,"International Traffic in Arms Regulations (ITAR), 22 CFR Parts 120-130, amended through 2 October 2025 (KB 2/USA/ITAR.pdf)"
SEC-130.10(a),SEC-130.10,(a),a,1,Every person required under § 130.9 to furnish information specified in this section in respect to any sale must furnish to the Directorate of Defense Trade Controls:,,SEC-130.10,PART-130,"International Traffic in Arms Regulations (ITAR), 22 CFR Parts 120-130, amended through 2 October 2025 (KB 2/USA/ITAR.pdf)"
SEC-130.10(a)(1),SEC-130.10,(a)(1),1,2,The total contract price of the sale to the foreign purchaser;,,SEC-130.10(a),PART-130,"International Traffic in Arms Regulations (ITAR), 22 CFR Parts 120-130, amended through 2 October 2025 (KB 2/USA/ITAR.pdf)"
SEC-130.10(a)(2),SEC-130.10,(a)(2),2,2,"The name, nationality, address and principal place of business of the applicant or supplier, as the case may be, and, if applicable, the employer and title;",,SEC-130.10(a),PART-130,"International Traffic in Arms Regulations (ITAR), 22 CFR Parts 120-130, amended through 2 October 2025 (KB 2/USA/ITAR.pdf)"
SEC-130.10(a)(3),SEC-130.10,(a)(3),3,2,"The name, nationality, address and principal place of business, and if applicable, employer and title of each foreign purchaser, including the ultimate end-user involved in the sale;",,SEC-130.10(a),PART-130,"International Traffic in Arms Regulations (ITAR), 22 CFR Parts 120-130, amended through 2 October 2025 (KB 2/USA/ITAR.pdf)"
SEC-130.10(a)(4),SEC-130.10,(a)(4),4,2,"Except as provided in paragraph (c) of this section, a statement setting forth with respect to such sale:",,SEC-130.10(a),PART-130,"International Traffic in Arms Regulations (ITAR), 22 CFR Parts 120-130, amended through 2 October 2025 (KB 2/USA/ITAR.pdf)"
SEC-130.10(a)(4)(i),SEC-130.10,(a)(4)(i),i,3,"The amount of each political contribution paid, or offered or agreed to be paid, or the amount of each fee or commission paid, or offered or agreed to be paid;",,SEC-130.10(a)(4),PART-130,"International Traffic in Arms Regulations (ITAR), 22 CFR Parts 120-130, amended through 2 October 2025 (KB 2/USA/ITAR.pdf)"
SEC-130.10(a)(4)(ii),SEC-130.10,(a)(4)(ii),ii,3,"The date or dates on which each reported amount was paid, or offered or agreed to be paid;",,SEC-130.10(a)(4),PART-130,"International Traffic in Arms Regulations (ITAR), 22 CFR Parts 120-130, amended through 2 October 2025 (KB 2/USA/ITAR.pdf)"
SEC-130.10(a)(4)(iii),SEC-130.10,(a)(4)(iii),iii,3,"The recipient of each such amount paid, or intended recipient if not yet paid;",,SEC-130.10(a)(4),PART-130,"International Traffic in Arms Regulations (ITAR), 22 CFR Parts 120-130, amended through 2 October 2025 (KB 2/USA/ITAR.pdf)"
SEC-130.10(a)(4)(iv),SEC-130.10,(a)(4)(iv),iv,3,"The person who paid, or offered or agreed to pay such amount; and",,SEC-130.10(a)(4),PART-130,"International Traffic in Arms Regulations (ITAR), 22 CFR Parts 120-130, amended through 2 October 2025 (KB 2/USA/ITAR.pdf)"
SEC-130.10(a)(4)(v),SEC-130.10,(a)(4)(v),v,3,"The aggregate amounts of political contributions and of fees or commission, respectively, which shall have been reported.",,SEC-130.10(a)(4),PART-130,"International Traffic in Arms Regulations (ITAR), 22 CFR Parts 120-130, amended through 2 October 2025 (KB 2/USA/ITAR.pdf)"
SEC-130.10(b),SEC-130.10,(b),b,1,"In responding to paragraph (a)(4) of this section, the statement must:",,SEC-130.10,PART-130,"International Traffic in Arms Regulations (ITAR), 22 CFR Parts 120-130, amended through 2 October 2025 (KB 2/USA/ITAR.pdf)"
SEC-130.10(b)(1),SEC-130.10,(b)(1),1,2,"With respect to each payment reported, state whether such payment was in cash or in kind. If in kind, it must include a description and valuation thereof. Where precise amounts are not available because a payment has not yet been made, an estimate of the amount offered or agreed to be paid must be provided;",,SEC-130.10(b),PART-130,"International Traffic in Arms Regulations (ITAR), 22 CFR Parts 120-130, amended through 2 October 2025 (KB 2/USA/ITAR.pdf)"
SEC-130.10(b)(2),SEC-130.10,(b)(2),2,2,"With respect to each recipient, state:",,SEC-130.10(b),PART-130,"International Traffic in Arms Regulations (ITAR), 22 CFR Parts 120-130, amended through 2 October 2025 (KB 2/USA/ITAR.pdf)"
SEC-130.10(b)(2)(i),SEC-130.10,(b)(2)(i),i,3,Its name;,,SEC-130.10(b)(2),PART-130,"International Traffic in Arms Regulations (ITAR), 22 CFR Parts 120-130, amended through 2 October 2025 (KB 2/USA/ITAR.pdf)"
SEC-130.10(b)(2)(ii),SEC-130.10,(b)(2)(ii),ii,3,Its nationality;,,SEC-130.10(b)(2),PART-130,"International Traffic in Arms Regulations (ITAR), 22 CFR Parts 120-130, amended through 2 October 2025 (KB 2/USA/ITAR.pdf)"
SEC-130.10(b)(2)(iii),SEC-130.10,(b)(2)(iii),iii,3,Its address and principal place of business;,,SEC-130.10(b)(2),PART-130,"International Traffic in Arms Regulations (ITAR), 22 CFR Parts 120-130, amended through 2 October 2025 (KB 2/USA/ITAR.pdf)"
SEC-130.10(b)(2)(iv),SEC-130.10,(b)(2)(iv),iv,3,Its employer and title; and,,SEC-130.10(b)(2),PART-130,"International Traffic in Arms Regulations (ITAR), 22 CFR Parts 120-130, amended through 2 October 2025 (KB 2/USA/ITAR.pdf)"
SEC-130.10(b)(2)(v),SEC-130.10,(b)(2)(v),v,3,"Its relationship, if any, to applicant, supplier, or vendor, and to any foreign purchaser or end-user.",,SEC-130.10(b)(2),PART-130,"International Traffic in Arms Regulations (ITAR), 22 CFR Parts 120-130, amended through 2 October 2025 (KB 2/USA/ITAR.pdf)"
SEC-130.10(c),SEC-130.10,(c),c,1,"In submitting a report required by § 130.9, the detailed information specified in paragraph",,SEC-130.10,PART-130,"International Traffic in Arms Regulations (ITAR), 22 CFR Parts 120-130, amended through 2 October 2025 (KB 2/USA/ITAR.pdf)"
SEC-130.10(c)(a),SEC-130.10,(c)(a),a,2,(4) and (b) of this section need not be included if the payments do not exceed:,,SEC-130.10(c),PART-130,"International Traffic in Arms Regulations (ITAR), 22 CFR Parts 120-130, amended through 2 October 2025 (KB 2/USA/ITAR.pdf)"
SEC-130.10(c)(1),SEC-130.10,(c)(1),1,2,"$2,500 in the case of political contributions; and",,SEC-130.10(c),PART-130,"International Traffic in Arms Regulations (ITAR), 22 CFR Parts 120-130, amended through 2 October 2025 (KB 2/USA/ITAR.pdf)"
SEC-130.10(c)(2),SEC-130.10,(c)(2),2,2,"$50,000 in the case of fees or commissions. In lieu of reporting detailed information with respect to such payments, the aggregate amount thereof must be reported, identified as miscellaneous political contributions or miscellaneous fees or commissions, as the case may be.",,SEC-130.10(c),PART-130,"International Traffic in Arms Regulations (ITAR), 22 CFR Parts 120-130, amended through 2 October 2025 (KB 2/USA/ITAR.pdf)"
SEC-130.10(d),SEC-130.10,(d),d,1,"Every person required to furnish the information specified in paragraphs (a) and (b) of this section must respond fully to each subdivision of those paragraphs and, where the correct response is “none” or “not applicable,” must so state.",,SEC-130.10,PART-130,"International Traffic in Arms Regulations (ITAR), 22 CFR Parts 120-130, amended through 2 October 2025 (KB 2/USA/ITAR.pdf)"
SEC-130.11(a),SEC-130.11,(a),a,1,Every applicant or supplier who is required under § 130.9 to furnish the information specified in § 130.10 must submit a supplementary report in connection with each sale in respect of which applicant or supplier has previously been required to furnish information if:,,SEC-130.11,PART-130,"International Traffic in Arms Regulations (ITAR), 22 CFR Parts 120-130, amended through 2 October 2025 (KB 2/USA/ITAR.pdf)"
SEC-130.11(a)(1),SEC-130.11,(a)(1),1,2,"Any political contributions aggregating $2,500 or more or fees or commissions aggregating $50,000 or more not previously reported or paid, or offered or agreed to be paid by applicant or supplier or any vendor;",,SEC-130.11(a),PART-130,"International Traffic in Arms Regulations (ITAR), 22 CFR Parts 120-130, amended through 2 October 2025 (KB 2/USA/ITAR.pdf)"
SEC-130.11(a)(2),SEC-130.11,(a)(2),2,2,Subsequent developments cause the information initially reported to be no longer accurate or complete (as in the case where a payment actually made is substantially different in amount from a previously reported estimate of an amount offered or agreed to be paid); or,,SEC-130.11(a),PART-130,"International Traffic in Arms Regulations (ITAR), 22 CFR Parts 120-130, amended through 2 October 2025 (KB 2/USA/ITAR.pdf)"
SEC-130.11(a)(3),SEC-130.11,(a)(3),3,2,Additional details are requested by the Directorate of Defense Trade Controls with respect to any miscellaneous payments reported under § 130.10(c).,,SEC-130.11(a),PART-130,"International Traffic in Arms Regulations (ITAR), 22 CFR Parts 120-130, amended through 2 October 2025 (KB 2/USA/ITAR.pdf)"
SEC-130.11(b),SEC-130.11,(b),b,1,"Supplementary reports must be sent to the Directorate of Defense Trade Controls within 30 days after the payment, offer or agreement reported therein or, when requested by the Directorate of Defense Trade Controls, within 30 days after such request, and must include:",,SEC-130.11,PART-130,"International Traffic in Arms Regulations (ITAR), 22 CFR Parts 120-130, amended through 2 October 2025 (KB 2/USA/ITAR.pdf)"
SEC-130.11(b)(1),SEC-130.11,(b)(1),1,2,Any information specified in § 130.10 required or requested to be reported and which was not previously reported; and,,SEC-130.11(b),PART-130,"International Traffic in Arms Regulations (ITAR), 22 CFR Parts 120-130, amended through 2 October 2025 (KB 2/USA/ITAR.pdf)"
SEC-130.11(b)(2),SEC-130.11,(b)(2),2,2,"The Directorate of Defense Trade Controls license number, if any, and the Department of Defense contract number, if any, related to the sale.",,SEC-130.11(b),PART-130,"International Traffic in Arms Regulations (ITAR), 22 CFR Parts 120-130, amended through 2 October 2025 (KB 2/USA/ITAR.pdf)"
SEC-130.12(a),SEC-130.12,(a),a,1,"In order to determine whether it is obliged under § 130.9 to furnish the information specified in § 130.10 with respect to a sale, every applicant or supplier must obtain from each vendor, from or through whom the applicant acquired defense articles or defense services forming the whole or a part of the sale, a full disclosure by the vendor of all political contributions or fees or commission paid, by vendor with respect to such sale. Such disclosure must include responses to all the information pertaining to vendor required to enable applicant or supplier, as the case may be, to comply fully with §§ 130.9 and 130.10. If so required, they must include the information furnished by each vendor in providing the information specified.",,SEC-130.12,PART-130,"International Traffic in Arms Regulations (ITAR), 22 CFR Parts 120-130, amended through 2 October 2025 (KB 2/USA/ITAR.pdf)"
SEC-130.12(b),SEC-130.12,(b),b,1,"Any vendor which has been requested by an applicant or supplier to furnish an initial statement under paragraph (a) of this section must, except as provided in paragraph (c) of this section, furnish such statement in a timely manner and not later than 20 days after receipt of such request.",,SEC-130.12,PART-130,"International Traffic in Arms Regulations (ITAR), 22 CFR Parts 120-130, amended through 2 October 2025 (KB 2/USA/ITAR.pdf)"
SEC-130.12(c),SEC-130.12,(c),c,1,"If the vendor believes that furnishing information to an applicant or supplier in a requested statement would unreasonably risk injury to the vendor's commercial interests, the vendor may furnish in lieu of the statement an abbreviated statement disclosing only the aggregate amount of all political contributions and the aggregate amount of all fees or commissions which have been paid, or offered or agreed to be paid, or offered or agreed to be paid, by the vendor with respect to the sale. Any abbreviated statement furnished to an applicant or supplier under this paragraph must be accompanied by a certification that the requested information has been reported by the vendor directly to the Directorate of Defense Trade Controls. The vendor must simultaneously report fully to the Directorate of Defense Trade Controls all information which the vendor would otherwise have been required to report to the applicant or supplier under this section. Each such report must clearly identify the sale with respect to which the reported information pertains.",,SEC-130.12,PART-130,"International Traffic in Arms Regulations (ITAR), 22 CFR Parts 120-130, amended through 2 October 2025 (KB 2/USA/ITAR.pdf)"
SEC-130.12(d),SEC-130.12,(d),d,1,,,SEC-130.12,PART-130,"International Traffic in Arms Regulations (ITAR), 22 CFR Parts 120-130, amended through 2 October 2025 (KB 2/USA/ITAR.pdf)"
SEC-130.12(d)(1),SEC-130.12,(d)(1),1,2,"If upon the 25th day after the date of its request to vendor, an applicant or supplier has not received from the vendor the initial statement required by paragraph (a) of this section, the applicant or supplier must submit to the Directorate of Defense Trade Controls a signed statement attesting to:",,SEC-130.12(d),PART-130,"International Traffic in Arms Regulations (ITAR), 22 CFR Parts 120-130, amended through 2 October 2025 (KB 2/USA/ITAR.pdf)"
SEC-130.12(d)(1)(i),SEC-130.12,(d)(1)(i),i,3,The manner and extent of applicant's or supplier's attempt to obtain from the vendor the initial statement required under paragraph (a) of this section;,,SEC-130.12(d)(1),PART-130,"International Traffic in Arms Regulations (ITAR), 22 CFR Parts 120-130, amended through 2 October 2025 (KB 2/USA/ITAR.pdf)"
SEC-130.12(d)(1)(ii),SEC-130.12,(d)(1)(ii),ii,3,Vendor's failure to comply with this section; and,,SEC-130.12(d)(1),PART-130,"International Traffic in Arms Regulations (ITAR), 22 CFR Parts 120-130, amended through 2 October 2025 (KB 2/USA/ITAR.pdf)"
SEC-130.12(d)(1)(iii),SEC-130.12,(d)(1)(iii),iii,3,The amount of time which has elapsed between the date of applicant's or supplier's request and the date of the signed statement;,,SEC-130.12(d)(1),PART-130,"International Traffic in Arms Regulations (ITAR), 22 CFR Parts 120-130, amended through 2 October 2025 (KB 2/USA/ITAR.pdf)"
SEC-130.12(d)(2),SEC-130.12,(d)(2),2,2,The failure of a vendor to comply with this section does not relieve any applicant or supplier otherwise required by § 130.9 to submit a report to the Directorate of Defense Trade Controls from submitting such a report.,,SEC-130.12(d),PART-130,"International Traffic in Arms Regulations (ITAR), 22 CFR Parts 120-130, amended through 2 October 2025 (KB 2/USA/ITAR.pdf)"
SEC-130.13(a),SEC-130.13,(a),a,1,"Every applicant or supplier, and each vendor thereof;",,SEC-130.13,PART-130,"International Traffic in Arms Regulations (ITAR), 22 CFR Parts 120-130, amended through 2 October 2025 (KB 2/USA/ITAR.pdf)"
SEC-130.13(a)(1),SEC-130.13,(a)(1),1,2,In order to determine whether it is obliged under § 130.9 or § 130.12 to furnish information specified in § 130.10 with respect to a sale; and,,SEC-130.13(a),PART-130,"International Traffic in Arms Regulations (ITAR), 22 CFR Parts 120-130, amended through 2 October 2025 (KB 2/USA/ITAR.pdf)"
SEC-130.13(a)(2),SEC-130.13,(a)(2),2,2,"Prior to furnishing such information, must obtain from each person, if any, to whom it has paid, or offered or agreed to pay, a fee or commission in respect of such sale, a timely statement containing a full disclosure by such a person of all political contributions paid, or offered or agreed to be paid, by it or on its behalf, or at its direction, in respect of such sale. Such disclosure must include responses to all the information required to enable the applicant, supplier or vendor, as the case may be, to comply fully with §§ 130.9, 130.10, and 130.12.",,SEC-130.13(a),PART-130,"International Traffic in Arms Regulations (ITAR), 22 CFR Parts 120-130, amended through 2 October 2025 (KB 2/USA/ITAR.pdf)"
SEC-130.13(b),SEC-130.13,(b),b,1,"In obtaining information under paragraph (a) of this section, the applicant, supplier or vendor, as the case may be, must also require each person to whom a fee or commission is paid, or offered or agreed to be paid, to furnish from time to time such reports of its political contributions as may be necessary to enable the applicant, supplier or vendor, as the case may be, to comply fully with §§ 130.9, 130.10, 130.11, and 130.12.",,SEC-130.13,PART-130,"International Traffic in Arms Regulations (ITAR), 22 CFR Parts 120-130, amended through 2 October 2025 (KB 2/USA/ITAR.pdf)"
SEC-130.13(c),SEC-130.13,(c),c,1,"The applicant supplier or vendor, as the case may be, must include any political contributions paid, or offered or agreed to be paid, by or on behalf of, or at the direction of, any person to whom it has paid, or offered or agreed to pay a fee or commission in determining whether applicant, supplier or vendor is required by §§ 130.9, 130.11, and 130.12 to furnish information specified in § 130.10.",,SEC-130.13,PART-130,"International Traffic in Arms Regulations (ITAR), 22 CFR Parts 120-130, amended through 2 October 2025 (KB 2/USA/ITAR.pdf)"
SEC-130.15(a),SEC-130.15,(a),a,1,"Any person who is required to furnish information under this part may identify any information furnished hereunder which the person considers to be confidential business information. No person, including any applicant or supplier, shall publish, divulge, disclose, or make known in any manner, any information so identified by a vendor or other person unless authorized by law or regulation.",,SEC-130.15,PART-130,"International Traffic in Arms Regulations (ITAR), 22 CFR Parts 120-130, amended through 2 October 2025 (KB 2/USA/ITAR.pdf)"
SEC-130.15(b),SEC-130.15,(b),b,1,"For purposes of this section, confidential business information means commercial or financial information which by law is entitled to protection from disclosure. (See, e.g., 5 U.S.C. 552(b)",,SEC-130.15,PART-130,"International Traffic in Arms Regulations (ITAR), 22 CFR Parts 120-130, amended through 2 October 2025 (KB 2/USA/ITAR.pdf)"
SEC-130.15(b)(3),SEC-130.15,(b)(3),3,2,"and (4); 18 U.S.C. 1905; 22 U.S.C. 2778(e); Rule 26(c)(7), Federal Rules of Civil Procedure.)",,SEC-130.15(b),PART-130,"International Traffic in Arms Regulations (ITAR), 22 CFR Parts 120-130, amended through 2 October 2025 (KB 2/USA/ITAR.pdf)"
SEC-130.17(a),SEC-130.17,(a),a,1,"All information reported and records maintained under this part will be made available, upon request for utilization by standing committees of the Congress and subcommittees thereof, and by United States Government agencies, in accordance with § 39(d) of the Arms Export Control Act (22 U.S.C. 2779(d)), and reports based upon such information will be submitted to Congress in accordance with sections 36(a)(7) and 36(b)(1) of that Act (22 U.S.C. 2776(a)(7) and (b)(1)) or any other applicable law.",,SEC-130.17,PART-130,"International Traffic in Arms Regulations (ITAR), 22 CFR Parts 120-130, amended through 2 October 2025 (KB 2/USA/ITAR.pdf)"
SEC-130.17(b),SEC-130.17,(b),b,1,All confidential business information provided pursuant to this part shall be protected against disclosure to the extent provided by law.,,SEC-130.17,PART-130,"International Traffic in Arms Regulations (ITAR), 22 CFR Parts 120-130, amended through 2 October 2025 (KB 2/USA/ITAR.pdf)"
SEC-130.17(c),SEC-130.17,(c),c,1,Nothing in this section shall preclude the furnishing of information to foreign governments for law enforcement or regulatory purposes under international arrangements between the United States and any foreign government.,,SEC-130.17,PART-130,"International Traffic in Arms Regulations (ITAR), 22 CFR Parts 120-130, amended through 2 October 2025 (KB 2/USA/ITAR.pdf)"
