supplementary_information_id,criterion_id,kind,applicable_to,text,source_document
OIS-01-SI-01,OIS-01,About the Criteria,OIS-01.01B,"The basic criterion can also be fulfilled without valid certification of the ISMS according to ISO/IEC 27001 or ISO 27001 based on BSI IT-Grundschutz, if the submitted documentation meets the requirements of ISO/IEC 27001. The auditor has to evaluate whether the documentation meets the referenced requirements of the ISO standard. This does not require a full certification audit of the management system in accordance with ISO 17021, but a focused inspection of the related documentation. Cross-sectional functions do not need to be integrated into a single ISMS. Instead, multiple ISMS can be established to cover both, cloud service-specific internal control systems and organisation-wide/central functions effectively. The scope of the ISMS may go beyond the scope of the cloud service provider’s system of internal control for the cloud service in scope of an assurance engagement with this criteria catalogue. If the scope of the ISMS is broader than the scope of the assurance engagement, evidence to be obtained about the design and operation of the ISMS can be limited to records that are applicable to the cloud service in scope of the assurance engagement.","BSI Cloud Computing Compliance Criteria Catalogue (C5:2026), Version 1.0.1, Federal Office for Information Security (Germany) - KB 2/Germany/BSI Cloud Computing Compliance Controls Catalogue.pdf"
OIS-02-SI-01,OIS-02,About the Criteria,"OIS-02.01B, OIS-02.02B",The top management is a natural person or group of persons who make the final decision for the organisation and is responsible for that decision.,"BSI Cloud Computing Compliance Criteria Catalogue (C5:2026), Version 1.0.1, Federal Office for Information Security (Germany) - KB 2/Germany/BSI Cloud Computing Compliance Controls Catalogue.pdf"
OIS-03-SI-01,OIS-03,About the Criteria,OIS-03.01B,"Third parties in the sense of this basic criterion are, e.g. cloud service customers and service organisations (including cloud service broker). A SSRM provides a consolidated view of the key interfaces and Basic Criteria, Additional Criteria, Supplementary Information dependencies between the cloud service provider and third parties. Detailed information on interfaces and dependencies can be defined in separate documents that are referenced in the SSRM, such as guidelines and procedures. For example, cloud service customers’ obligations to cooperate should be described in service descriptions and contracts. The cloud service provider can present the underlying Shared Responsibility Model of their cloud service in the guidelines and procedures to help cloud service customers understand their roles and responsibilities in terms of security and operational management. If cloud services are delivered through a cloud service broker, the SSRM should clearly delineate responsibilities among the cloud service provider, the cloud service broker and the cloud service customer, in particular: 1. Data ownership and processing boundaries; 2. Security control implementation by each party; 3. Incident notification and escalation paths; and 4. Compliance attestation scope.","BSI Cloud Computing Compliance Criteria Catalogue (C5:2026), Version 1.0.1, Federal Office for Information Security (Germany) - KB 2/Germany/BSI Cloud Computing Compliance Controls Catalogue.pdf"
OIS-03-SI-02,OIS-03,About the Criteria,"OIS-03.01B, OIS-03.02B, OIS-03.03B, OIS-03.04B, OIS-03.05B","The cloud service provider can define and document the interfaces and dependencies described in the basic criterion in guidelines and procedures. For example, cloud service customers’ obligations to cooperate should be described in service descriptions and contracts (or appendices thereof). The cloud service provider can leverage existing documentation, such as guidelines, contractual agreements or procedures to present the underlying Shared Responsibility Model of their cloud service, thereby clarifying cloud service customers’ security and operation responsibilities.","BSI Cloud Computing Compliance Criteria Catalogue (C5:2026), Version 1.0.1, Federal Office for Information Security (Germany) - KB 2/Germany/BSI Cloud Computing Compliance Controls Catalogue.pdf"
OIS-03-SI-03,OIS-03,About the Criteria,"OIS-03.03B, OIS-03.05B","By maintaining an up-to-date and clearly communicated SSRM, the cloud service provider ensures a comprehensive understanding of security responsibilities, fostering a secure and reliable cloud environment for all stakeholders.","BSI Cloud Computing Compliance Criteria Catalogue (C5:2026), Version 1.0.1, Federal Office for Information Security (Germany) - KB 2/Germany/BSI Cloud Computing Compliance Controls Catalogue.pdf"
OIS-03-SI-04,OIS-03,Complementary Customer Criteria,,"Cloud service customers ensure with suitable controls that the guidelines and requirements for compliance with the contractual agreements with the cloud service provider (i.e., responsibilities, cooperation obligations and interfaces for reporting security incidents) are adequately defined, documented and set up.","BSI Cloud Computing Compliance Criteria Catalogue (C5:2026), Version 1.0.1, Federal Office for Information Security (Germany) - KB 2/Germany/BSI Cloud Computing Compliance Controls Catalogue.pdf"
OIS-04-SI-01,OIS-04,About the Criteria,OIS-04.01B,"Identified events that may constitute unauthorised or unintentional changes to or misuse of cloud service customer data, cloud service derived data and cloud service provider data may, for example, be treated as a security incident, cf. SIM-01. The area of risk management in the context of segregation of duties refers to the so-called different lines of defense, i.e. roles that review risks (2nd line of defense) are different from roles that own risks (1st line of defense).","BSI Cloud Computing Compliance Criteria Catalogue (C5:2026), Version 1.0.1, Federal Office for Information Security (Germany) - KB 2/Germany/BSI Cloud Computing Compliance Controls Catalogue.pdf"
OIS-05-SI-01,OIS-05,About the Criteria,OIS-05.01B,"Internal sources that can be used to collect information include, for example, the cloud service provider’s internal security monitoring. External sources that can be used to collect information include, for example, threat intelligence feeds from government agencies, commercial threat intelligence providers or industry consortiums. Threat intelligence generally includes different areas like cybersecurity risk intelligence gathering (e.g. monitoring relevant internal or external sources), threat modelling and risk management.","BSI Cloud Computing Compliance Criteria Catalogue (C5:2026), Version 1.0.1, Federal Office for Information Security (Germany) - KB 2/Germany/BSI Cloud Computing Compliance Controls Catalogue.pdf"
OIS-05-SI-02,OIS-05,About the Criteria,OIS-05.02B,"This process can, for example, include correlating threat intelligence with organisational assets, vulnerabilities, and business processes to identify relevant and actionable threats. The results can be used to provide regular threat briefings to cloud service provider’s management and security teams.","BSI Cloud Computing Compliance Criteria Catalogue (C5:2026), Version 1.0.1, Federal Office for Information Security (Germany) - KB 2/Germany/BSI Cloud Computing Compliance Controls Catalogue.pdf"
OIS-05-SI-03,OIS-05,About the Criteria,OIS-05.03B,"If a threat model is used for this process, the cloud service provider can, for example: 1. Use structured methodologies (e.g., STRIDE, PASTA, LINDDUN) appropriate to the cloud service architecture; 2. Map current threat landscape intelligence to specific system components, data flows, and trust boundaries; 3. Incorporate real-time threat intelligence to update threat models dynamically rather than relying on static annual assessments; 4. Consider emerging attack vectors, techniques, and procedures (TTPs) documented in frameworks such as MITRE ATT&CK; and 5. Account for supply chain and third-party risks through extended threat modelling. The aim of threat modelling is to ensure that the current internal and external threats are reflected in risk handling measures.","BSI Cloud Computing Compliance Criteria Catalogue (C5:2026), Version 1.0.1, Federal Office for Information Security (Germany) - KB 2/Germany/BSI Cloud Computing Compliance Controls Catalogue.pdf"
OIS-05-SI-04,OIS-05,Complementary Customer Criteria,,"– Basic Criteria, Additional Criteria, Supplementary Information","BSI Cloud Computing Compliance Criteria Catalogue (C5:2026), Version 1.0.1, Federal Office for Information Security (Germany) - KB 2/Germany/BSI Cloud Computing Compliance Controls Catalogue.pdf"
OIS-06-SI-01,OIS-06,About the Criteria,OIS-06.01B,"Public sector organisations in Germany are e.g. ministries and authorities. If the cloud service provider does not have customers in the public sector, this criterion is not applicable. As appropriate means that contacts are established when there is an actual need to do so. For instance, establishing contact with CERT typically involves the reporting of security incidents to CERT and following CERT’s communication channels to stay informed about current threats, vulnerabilities and security guidance. Maintaining contact in the sense of OIS-06.01B does in this instance not require the cloud service provider to proactively communicate with CERT unprompted. For KRITIS (critical infrastructure), as defined in section 2(10) of the BSI Act (BSIG), similar requirements to maintain contact with government agencies and stakeholders may apply under German national law.","BSI Cloud Computing Compliance Criteria Catalogue (C5:2026), Version 1.0.1, Federal Office for Information Security (Germany) - KB 2/Germany/BSI Cloud Computing Compliance Controls Catalogue.pdf"
OIS-07-SI-01,OIS-07,About the Criteria,OIS-07.01B,"The risk level can be determined by qualitative, semiquantitative and quantitative methods (cf. ISO 31010) based on the likelihood and impact of the risks. For identifying, evaluating, and prioritising potential threats and vulnerabilities associated with processes, systems, and data flows, threat modelling can provide a structured methodology: The cloud service provider can systematically analyse attack vectors and possible impacts to support auditors and stakeholders in validating the suitability of the design of implemented controls, highlight gaps in existing security measures, and ensure alignment with best practices for proactive risk mitigation.","BSI Cloud Computing Compliance Criteria Catalogue (C5:2026), Version 1.0.1, Federal Office for Information Security (Germany) - KB 2/Germany/BSI Cloud Computing Compliance Controls Catalogue.pdf"
OIS-08-SI-01,OIS-08,About the Criteria,"OIS-08.01B, OIS-08.02B, OIS-08.03B, OIS-08.04B, OIS-08.05B, OIS-08.06B, OIS-08.01AS, OIS-08.01AC, OIS-08.02AC","This criterion applies only to risks that reside within the area of responsibility of the cloud service provider. Risks that arise for the cloud service customer when using the cloud service are not covered by this criterion. When outsourcing activities for the provision of cloud services to service organisations, the responsibility for these risks remains with the cloud service provider. Requirements for measures to manage Basic Criteria, Additional Criteria, Supplementary Information these risks can be found in the criteria area ‘Control and Monitoring of Service Providers and Suppliers (SSO)’. Cloud service providers may leverage established risk management standards, such as ISO 27005 or the ISO 31000 family of standards to address risks related to the cloud service. Risk management procedures already implemented at the cloud service provider may be leveraged for OIS-08 where possible to reduce redundancies. Documentation of risks, treatment plans and risk acceptance in the sense of this criterion does not require specific formal frameworks; lean forms of documentation can be leveraged wherever appropriate to address the OIS-08 subcriteria.","BSI Cloud Computing Compliance Criteria Catalogue (C5:2026), Version 1.0.1, Federal Office for Information Security (Germany) - KB 2/Germany/BSI Cloud Computing Compliance Controls Catalogue.pdf"
OIS-08-SI-02,OIS-08,About the Criteria,OIS-08.01B,"Examples of scenarios in which the risk management process may be executed ‘as needed’ include, but are not limited to, the following: 1. Changes to the threat landscape (cf. OIS-05); 2. Security incidents or business disruptions; 3. Changes to the cloud service provider’s legal, regulatory, self-imposed and contractual requirements relevant to the information security of the cloud service (cf. COM-01); 4. Changes to the cloud service provider’s organisational structure with impact on roles, responsibilties or procedures for provisioning the cloud service; 5. Changes to the achitecture of the cloud service (cf. OPS-31); 6. Events related to the cloud service provider’s service organisations (cf. SSO-05); 7. Exceptions to policies or procedures (cf. SP-03); and 8. Identification of critical vulnerabilities (cf. OPS-22) or compliance deviations (cf. COM-03).","BSI Cloud Computing Compliance Criteria Catalogue (C5:2026), Version 1.0.1, Federal Office for Information Security (Germany) - KB 2/Germany/BSI Cloud Computing Compliance Controls Catalogue.pdf"
OIS-08-SI-03,OIS-08,About the Criteria,OIS-08.02B,"Shared resources are e.g. networks, RAM or storage. When determining protection needs of customer data, regulatory requirements applicable to customer data should be considered such as PCI-DSS, HIPAA, DORA (regulation on digital operational resilience for the financial sector and amending regulations), NIS 2 Directive and KRITIS.","BSI Cloud Computing Compliance Criteria Catalogue (C5:2026), Version 1.0.1, Federal Office for Information Security (Germany) - KB 2/Germany/BSI Cloud Computing Compliance Controls Catalogue.pdf"
OIS-08-SI-04,OIS-08,About the Criteria,OIS-08.04B,Relevant internal parties can include the cloud service provider’s management and security teams.,"BSI Cloud Computing Compliance Criteria Catalogue (C5:2026), Version 1.0.1, Federal Office for Information Security (Germany) - KB 2/Germany/BSI Cloud Computing Compliance Controls Catalogue.pdf"
OIS-08-SI-05,OIS-08,About the Criteria,OIS-08.05B,"Relevant external parties can include cloud service customers, subservice organisations and regulatory agencies. Information that can be relevant in this context includes information about identified vulnerabilities, security incidents and threat intelligence. The cloud service provider can choose to make this information accessible through its SSRM (cf. OIS-03), its documentation and guidelines (cf. PSS-01) or its processes for informing cloud service customers about known vulnerabilities (cf. PSS-03).","BSI Cloud Computing Compliance Criteria Catalogue (C5:2026), Version 1.0.1, Federal Office for Information Security (Germany) - KB 2/Germany/BSI Cloud Computing Compliance Controls Catalogue.pdf"
OIS-08-SI-06,OIS-08,Complementary Customer Criteria,,"– Basic Criteria, Additional Criteria, Supplementary Information","BSI Cloud Computing Compliance Criteria Catalogue (C5:2026), Version 1.0.1, Federal Office for Information Security (Germany) - KB 2/Germany/BSI Cloud Computing Compliance Controls Catalogue.pdf"
OIS-09-SI-01,OIS-09,About the Criteria,"OIS-09.01B, OIS-09.02B, OIS-09.03B, OIS-09.04B, OIS-09.05B, OIS-09.06B, OIS-09.07B","This criterion applies only to risks that reside within the area of responsibility of the cloud service provider. Risks that arise for the cloud service customer when using the cloud service are not covered by this criterion. When outsourcing activities for the provision of cloud services to subservice organisations, the responsibility for these risks remains with the cloud service provider. Requirements for measures to manage these risks can be found in the criteria area ‘Control and Monitoring of Service Providers and Suppliers (SSO)’. Cloud service providers may leverage established risk management standards, such as ISO 27005 or the ISO 31000 family of standards to address risks related to the cloud service. Risk management procedures already Basic Criteria, Additional Criteria, Supplementary Information implemented at the cloud service provider may be leveraged for OIS-09 where possible to reduce redundancies. Documentation of risks, treatment plans and risk acceptance in the sense of this criterion does not require specific formal frameworks; lean forms of documentation can be leveraged wherever appropriate to address the OIS-09 subcriteria.","BSI Cloud Computing Compliance Criteria Catalogue (C5:2026), Version 1.0.1, Federal Office for Information Security (Germany) - KB 2/Germany/BSI Cloud Computing Compliance Controls Catalogue.pdf"
OIS-09-SI-02,OIS-09,About the Criteria,OIS-09.01B,"The priorisation can, for example, be performed by setting appropriate time limits for the treatment of the risks.","BSI Cloud Computing Compliance Criteria Catalogue (C5:2026), Version 1.0.1, Federal Office for Information Security (Germany) - KB 2/Germany/BSI Cloud Computing Compliance Controls Catalogue.pdf"
OIS-09-SI-03,OIS-09,About the Criteria,OIS-09.06B,"Options for risk treatment may involve one or more of the following: 1. Avoiding the risk by deciding not to start or continue with the activity that gives rise to the risk; 2. Taking or increasing the risk in order to pursue an opportunity; 3. Removing the risk source; 4. Changing the likelihood; 5. Changing the consequences; 6. Sharing the risk (e.g. through contracts, buying insurance); and 7. Retaining the risk by informed decision.","BSI Cloud Computing Compliance Criteria Catalogue (C5:2026), Version 1.0.1, Federal Office for Information Security (Germany) - KB 2/Germany/BSI Cloud Computing Compliance Controls Catalogue.pdf"
OIS-09-SI-04,OIS-09,About the Criteria,OIS-09.07B,Risks that the cloud service provider shares with the cloud service customer are described as part of the SSRM (cf. OIS-03).,"BSI Cloud Computing Compliance Criteria Catalogue (C5:2026), Version 1.0.1, Federal Office for Information Security (Germany) - KB 2/Germany/BSI Cloud Computing Compliance Controls Catalogue.pdf"
OIS-10-SI-01,OIS-10,About the Criteria,OIS-10.01B,"Risks with a significant impact are those that, if they were to occur, would cause a damage of such a scale as to materially affect the information security of the cloud service, control effectiveness or service commitments of the cloud service provider. Basic Criteria, Additional Criteria, Supplementary Information","BSI Cloud Computing Compliance Criteria Catalogue (C5:2026), Version 1.0.1, Federal Office for Information Security (Germany) - KB 2/Germany/BSI Cloud Computing Compliance Controls Catalogue.pdf"
OIS-10-SI-02,OIS-10,Complementary Customer Criteria,,– 5.2 Security Policies and Procedures (SP) Objective: Provide policies and procedures regarding security requirements and to support business requirements.,"BSI Cloud Computing Compliance Criteria Catalogue (C5:2026), Version 1.0.1, Federal Office for Information Security (Germany) - KB 2/Germany/BSI Cloud Computing Compliance Controls Catalogue.pdf"
SP-01-SI-01,SP-01,About the Criteria,SP-01.01B,"Policies and procedures are required for the following basic criteria in which the content is specified in more detail: 1. Information Security Policy (OIS-02) 2. Risk Management Policy (OIS-07); 3. Remote Working - Policy (HR-07); 4. Asset Management Framework (AM-01); 5. Policy for the Proper and Secure Use of Assets (AM-05); 6. Physical Security and Environmental Control Requirements (PS-01); 7. Physical Site Access Control (PS-04); 8. Workplace Security Requirements (PS-08); 9. Protection Against Malware - Policies and Procedures (OPS-04); 10. Data Backup and Recovery - Policies and Procedures (OPS-06); 11. Logging and Monitoring - Policies and Procedures (OPS-10); 12. Logging and Monitoring - Policies and Procedures for Handling Cloud Service Derived Data and Account Data (OPS-11); 13. Managing Vulnerabilities - Policies and Procedures (OPS-18); 14. Managing Incidents and Crashes - Policies and Procedures (OPS-19); 15. Managing Vulnerabilities - Patch Management Policies and Procedures (OPS-27); 16. Separation of Datasets - Policies and Procedures (OPS-30); 17. Confidential Computing - Policies and Procedures (OPS-32); 18. Container Management - Policies and Procedures (OPS-34); 19. Policy for Identities and Access Rights (IAM-01); 20. Authentication Mechanisms (authentication policy) (IAM-08); 21. Policy for the Use of Cryptographic Mechanisms (CRY-01); 22. Technical Safeguards (COS-01); 23. Policies for Data Transmission (COS-08); 24. Policies for the Development/Procurement of System Components (DEV-01); 25. Policies for Changes to System Components (DEV-03); 26. Secure Use of Third Party Hardware and Software (policies and procedures for the use of third party and open source software) (DEV-14); 27. Policies and Procedures for Controlling and Monitoring Service Organisations (SSO-01); 28. Controlling Exchanges with Suppliers of Functional Components (SSO-08); 29. Policy for Security Incident Management (SIM-01); 30. Business Continuity and Emergency Management System (BCM-01); Basic Criteria, Additional Criteria, Supplementary Information 31. Policy for Planning and Conducting Audits (COM-02); and 32. Communication of Technical Procedures for Data Disclosure in Investigation Requests (INQ-04).","BSI Cloud Computing Compliance Criteria Catalogue (C5:2026), Version 1.0.1, Federal Office for Information Security (Germany) - KB 2/Germany/BSI Cloud Computing Compliance Controls Catalogue.pdf"
SP-01-SI-02,SP-01,About the Criteria,SP-01.02B,The appropriateness of the demand-oriented communication and provision should be assessed against the size and complexity of the cloud service provider’s organisation and the type of cloud service offered. Possible criteria are: 1. Integration of guidelines and procedures in the onboarding of new personnel; 2. Training and information campaigns when adopting new or revising existing policies and procedures; and 3. Form of provision.,"BSI Cloud Computing Compliance Criteria Catalogue (C5:2026), Version 1.0.1, Federal Office for Information Security (Germany) - KB 2/Germany/BSI Cloud Computing Compliance Controls Catalogue.pdf"
SP-02-SI-01,SP-02,About the Criteria,SP-02.01B,"During an ISO 27001 certification audit, the controls to this criteria are most likely also tested. If it is a joint audit (C5 and ISO), efficiency of audit-once-certify-many may be gained here. If it is a separate audit, the auditor of the C5 attestation engagement can choose to inspect the ISO report instead of testing the control again, if the provided evidence is conclusive enough.","BSI Cloud Computing Compliance Criteria Catalogue (C5:2026), Version 1.0.1, Federal Office for Information Security (Germany) - KB 2/Germany/BSI Cloud Computing Compliance Controls Catalogue.pdf"
SP-02-SI-02,SP-02,About the Criteria,SP-02.02B,"Significant changes include, but are not limited to, any circumstances or events that materially affect the scope, effectiveness, or objectives of the information security policy. Specifically, significant changes are e.g.: Basic Criteria, Additional Criteria, Supplementary Information 1. Major technical or architectural changes to the cloud platform (e.g., adoption of new infrastructure services, cloud migration, introduction of a new service offering); 2. Substantial updates to national or international laws, regulations, or sector-specific standards (e.g., NIS2, DORA, GDPR) that impact information security obligations; 3. Reorganisation or merger/acquisition of organisational units that affect leadership, decision-making, or key responsibilities related to security; 4. Significant changes in contractual requirements, risk assessments, operational processes, or threat landscape (e.g., new threat intelligence indicating emerging risks, supply chain incidents); 5. Major security incidents or breaches requiring incident response revision; 6. Launch or decommissioning of service components impacting customer data or trust boundaries; and 7. Changes in the composition or responsibilities of top management or the information security steering committee. For an efficient review the cloud service provider can document the nature of each significant change, the rationale for review, and the result of policy adjustments. Automated tracking of policy changes and manual verification of content can also be integrated into the review workflow. The top level management is an appropriate level of management for approving the information security policy.","BSI Cloud Computing Compliance Criteria Catalogue (C5:2026), Version 1.0.1, Federal Office for Information Security (Germany) - KB 2/Germany/BSI Cloud Computing Compliance Controls Catalogue.pdf"
SP-03-SI-01,SP-03,About the Criteria,SP-03.01B,"During an ISO 27001 certification audit, the controls to this criteria are most likely also tested. If it is a joint audit (C5 and ISO), efficiency of audit-once-certify-many may be gained here. If it is a separate audit, the auditor of the C5 attestation engagement can choose to inspect the ISO report instead of testing the control again, if the provided evidence is conclusive enough.","BSI Cloud Computing Compliance Criteria Catalogue (C5:2026), Version 1.0.1, Federal Office for Information Security (Germany) - KB 2/Germany/BSI Cloud Computing Compliance Controls Catalogue.pdf"
SP-03-SI-02,SP-03,About the Criteria,SP-03.05B,"This criterion addresses policies and procedures and demands that on this level, no codified deviations from applicable C5 criteria are permitted.","BSI Cloud Computing Compliance Criteria Catalogue (C5:2026), Version 1.0.1, Federal Office for Information Security (Germany) - KB 2/Germany/BSI Cloud Computing Compliance Controls Catalogue.pdf"
SP-03-SI-03,SP-03,About the Criteria,"SP-03.01B, SP-03.02B, SP-03.03B, SP-03.04B, SP-03.05B, SP-03.01AC, SP-03.02AC, SP-03.03AC","Exceptions in the sense of the criterion can have organisational or technical causes, such as: 1. An organisational unit should deviate from the intended processes and procedures in order to meet the requirements of a cloud service customer; and 2. A system component lacks technical properties to configure it according to the applicable requirements.","BSI Cloud Computing Compliance Criteria Catalogue (C5:2026), Version 1.0.1, Federal Office for Information Security (Germany) - KB 2/Germany/BSI Cloud Computing Compliance Controls Catalogue.pdf"
SP-03-SI-04,SP-03,About the Criteria,SP-03.01AC,Appropriate level of management for approval are in most cases either the level of management that approved the policies or procedures or the level of management to whom this task is delegated.,"BSI Cloud Computing Compliance Criteria Catalogue (C5:2026), Version 1.0.1, Federal Office for Information Security (Germany) - KB 2/Germany/BSI Cloud Computing Compliance Controls Catalogue.pdf"
SP-03-SI-05,SP-03,Complementary Customer Criteria,,"Cloud service customers ensure with suitable controls that they obtain information from the cloud service provider about exceptions to information security policies and procedures in order to assess and appropriately manage the associated risks to their own information security. 5.3 Personnel (HR) Objective: Ensure that personnel understands its responsibilities, is aware of its responsibilities regarding information security, and that the organisation’s assets are protected in the event of changes in responsibilities or termination. Basic Criteria, Additional Criteria, Supplementary Information","BSI Cloud Computing Compliance Criteria Catalogue (C5:2026), Version 1.0.1, Federal Office for Information Security (Germany) - KB 2/Germany/BSI Cloud Computing Compliance Controls Catalogue.pdf"
HR-01-SI-01,HR-01,About the Criteria,HR-01.01B,"This criterion applies to both existing and newly hired personnel. Roles with access to these data types or system components can, depending on their access rights, include, but are not limited to: 1. Cloud software engineers and developers; 2. Cloud architects and cloud infrastructure engineers; 3. Cloud platform engineers and DevOps engineers; 4. System operations engineers and managers; 5. Cloud operations engineers and managers; 6. Cloud network engineers and architecture leads; 7. Cloud security engineers, administrators and security architects; 8. Cloud security operations specialists and analysts; 9. Storage and database engineers; 10. Technical account managers and customer account managers; 11. Customer support engineers; 12. IAM administrators and access management specialists; 13. Cloud compliance managers and risk and compliance analysts; and 14. Information security officers and data protection officers. Personnel refers to both internal and external personnel.","BSI Cloud Computing Compliance Criteria Catalogue (C5:2026), Version 1.0.1, Federal Office for Information Security (Germany) - KB 2/Germany/BSI Cloud Computing Compliance Controls Catalogue.pdf"
HR-01-SI-02,HR-01,About the Criteria,HR-01.02B,"This criterion applies to both existing and newly hired personnel. External personnel in the sense of the criterion is that which performs activities in accordance with the processes and procedures of the cloud service provider and that has potential access to cloud service customer data or cloud service derived data. Personnel of service organisations that performs activities according to the service organisation’s own processes and procedures is not covered by this criterion. Permissible verifications of competency and integrity are governed by applicable local laws and the roles of the personnel. In some jurisdictions, the collection, processing, or disclosure of such information is fundamentally restricted or even prohibited, meaning they may be unable to be obtained at all or only in a very limited form. Where permitted, explicit consent by the personnel may be required depending on the nature and scope of the checks. These legal constraints also apply to any analyses concerning blackmailing. The verification of qualification and trustworthiness can be supported by specialised service providers or be based on voluntary self-disclosure of the personnel. Depending on national legislation, national equivalents of the German certificate of good conduct (‘Führungszeugnis’) may also be permitted. Assessing the vulnerability of potential personnel to blackmail can involve evaluating their creditworthiness. However, this assessment may only be legally permissible for positions with significant financial responsibility, depending on local regulations. Risks related to inappropriate access to cloud service customer data may be mitigated by the use of encryption or monitoring system access for suspicious events. Although such measures are not supposed to completely substitute the above-mentioned verification measures, the extent of such measures may be reduced. Basic Criteria, Additional Criteria, Supplementary Information","BSI Cloud Computing Compliance Criteria Catalogue (C5:2026), Version 1.0.1, Federal Office for Information Security (Germany) - KB 2/Germany/BSI Cloud Computing Compliance Controls Catalogue.pdf"
HR-01-SI-03,HR-01,About the Criteria,HR-01.01AC,"Cloud service providers can implement various methods to assess competence and integrity of personnel in high risk positions, such as: 1. Self-disclosure of significant financial interests to determine conflicts of interest and susceptibility to blackmail; 2. Regular checking of certificates of good conduct, police clearance or other national equivalents; 3. Regular self-declaration of commitment with applicable policies and obligations; 4. Enforcing regular ethics and compliance trainings, including certification and testing of the personnel’s understanding of applicable requirements and policies; 5. Enforcing regular participation in assessment centers to evaluate personnel’s competence and integrity; and 6. Regular checks of personnel against national and international sanctions lists.","BSI Cloud Computing Compliance Criteria Catalogue (C5:2026), Version 1.0.1, Federal Office for Information Security (Germany) - KB 2/Germany/BSI Cloud Computing Compliance Controls Catalogue.pdf"
HR-02-SI-01,HR-02,About the Criteria,HR-02.03B,These agreements are prescribed in more detail in HR-06.,"BSI Cloud Computing Compliance Criteria Catalogue (C5:2026), Version 1.0.1, Federal Office for Information Security (Germany) - KB 2/Germany/BSI Cloud Computing Compliance Controls Catalogue.pdf"
HR-03-SI-01,HR-03,About the Criteria,HR-03.01B,"The target groups may be defined considering job function, job position and the associated risk classification. Target groups serve to simplify and systematise the security training and awareness programme.","BSI Cloud Computing Compliance Criteria Catalogue (C5:2026), Version 1.0.1, Federal Office for Information Security (Germany) - KB 2/Germany/BSI Cloud Computing Compliance Controls Catalogue.pdf"
HR-03-SI-02,HR-03,About the Criteria,HR-03.03AC,"The measurement and evaluation of learning outcomes in a target group-oriented manner, as specified by the additional criterion, do not require assessing each member of the personnel individually. Instead, evaluations can be performed at an aggregated level, focusing on the overall effectiveness of the training program for specific target groups. This approach allows for the identification of trends and areas for improvement within the program while respecting the personnel’s privacy requirements.","BSI Cloud Computing Compliance Criteria Catalogue (C5:2026), Version 1.0.1, Federal Office for Information Security (Germany) - KB 2/Germany/BSI Cloud Computing Compliance Controls Catalogue.pdf"
HR-04-SI-01,HR-04,About the Criteria,HR-04.04B,"With regards to the use of disciplinary measures, the submission of anonymised evidence is acceptable and does not imply that the basic criterion is not fully fulfilled.","BSI Cloud Computing Compliance Criteria Catalogue (C5:2026), Version 1.0.1, Federal Office for Information Security (Germany) - KB 2/Germany/BSI Cloud Computing Compliance Controls Catalogue.pdf"
HR-05-SI-01,HR-05,Complementary Customer Criteria,,"– Basic Criteria, Additional Criteria, Supplementary Information","BSI Cloud Computing Compliance Criteria Catalogue (C5:2026), Version 1.0.1, Federal Office for Information Security (Germany) - KB 2/Germany/BSI Cloud Computing Compliance Controls Catalogue.pdf"
HR-06-SI-01,HR-06,About the Criteria,HR-06.01B,"A non-disclosure agreement (NDA) is a legal document and has content required by both parties to protect confidential information. Processes and procedures around media handling can be managed separately outside of the NDA. An NDA should cover: 1. Which information or data types must be kept confidential; 2. The period for which this confidentiality agreement applies; 3. What actions must be taken upon termination of this agreement, e.g. destruction or return of data medium; 4. How the ownership of information is regulated; 5. What rules apply to the use and disclosure of confidential information to other partners, if necessary; and Basic Criteria, Additional Criteria, Supplementary Information 6. The consequences of a breach of the agreement. These agreements are described in general in HR-02.","BSI Cloud Computing Compliance Criteria Catalogue (C5:2026), Version 1.0.1, Federal Office for Information Security (Germany) - KB 2/Germany/BSI Cloud Computing Compliance Controls Catalogue.pdf"
HR-06-SI-02,HR-06,About the Criteria,"HR-06.02B, HR-06.03B, HR-06.05B","Confidentiality or non-disclosure agreements should be signed by means of an electronic signature, insofar as this is legally binding.","BSI Cloud Computing Compliance Criteria Catalogue (C5:2026), Version 1.0.1, Federal Office for Information Security (Germany) - KB 2/Germany/BSI Cloud Computing Compliance Controls Catalogue.pdf"
HR-07-SI-01,HR-07,About the Criteria,HR-07.01B,Please note that this criterion refers to off-site working places whereas PS-08.01B addresses security requirements for on-site office workplaces. The guidelines for the personnel for safe handling and storage of sensitive information and data types refer to organisational measures the personnel is obligated to follow. Remote access security requirements refer to technical measures like e.g. MFA and VPN and also rules for the particular work place that follow from general considerations about working e.g. in public places where the screen can be spied on.,"BSI Cloud Computing Compliance Criteria Catalogue (C5:2026), Version 1.0.1, Federal Office for Information Security (Germany) - KB 2/Germany/BSI Cloud Computing Compliance Controls Catalogue.pdf"
HR-07-SI-02,HR-07,Complementary Customer Criteria,,"– Basic Criteria, Additional Criteria, Supplementary Information","BSI Cloud Computing Compliance Criteria Catalogue (C5:2026), Version 1.0.1, Federal Office for Information Security (Germany) - KB 2/Germany/BSI Cloud Computing Compliance Controls Catalogue.pdf"
HR-08-SI-01,HR-08,About the Criteria,HR-08.01B,Please note that this criterion refers to off-site working places whereas PS-08.01B addresses security requirements for on-site office workplaces.,"BSI Cloud Computing Compliance Criteria Catalogue (C5:2026), Version 1.0.1, Federal Office for Information Security (Germany) - KB 2/Germany/BSI Cloud Computing Compliance Controls Catalogue.pdf"
HR-08-SI-02,HR-08,Complementary Customer Criteria,,– 5.4 Asset Management (AM) Objective: Identify the organisation’s own assets and ensure an appropriate level of protection throughout their lifecycle.,"BSI Cloud Computing Compliance Criteria Catalogue (C5:2026), Version 1.0.1, Federal Office for Information Security (Germany) - KB 2/Germany/BSI Cloud Computing Compliance Controls Catalogue.pdf"
AM-01-SI-01,AM-01,About the Criteria,"AM-01.01B, AM-01.01AC, AM-01.02AC","Assets within the meaning of this domain are the objects required for the information security of the cloud service during the creation, processing, storage, transmission, deletion or destruction of information in the cloud service provider’s area of responsibility, e.g. firewalls, load balancers, web servers, application servers and database servers. These objects consist of hardware and software objects. Hardware objects include, but are not limited to: 1. Physical and virtual infrastructure resources (e.g. servers, storage systems, network components); and 2. End user devices if the cloud service provider has determined in a risk assessment that these could endanger the information security of the cloud service in the event of loss or unauthorised access (e.g. mobile devices used as security tokens for authentication). Software objects include, but are not limited to, hypervisors, containers, operating systems, databases, microservices and application programming interfaces (APIs). The lifecycle of an asset includes, depending on the asset type: 1. Acquisition; 2. Commissioning; 3. Maintenance; 4. Decommissioning; and 5. Disposal.","BSI Cloud Computing Compliance Criteria Catalogue (C5:2026), Version 1.0.1, Federal Office for Information Security (Germany) - KB 2/Germany/BSI Cloud Computing Compliance Controls Catalogue.pdf"
AM-01-SI-02,AM-01,Complementary Customer Criteria,,"– Basic Criteria, Additional Criteria, Supplementary Information","BSI Cloud Computing Compliance Criteria Catalogue (C5:2026), Version 1.0.1, Federal Office for Information Security (Germany) - KB 2/Germany/BSI Cloud Computing Compliance Controls Catalogue.pdf"
AM-02-SI-01,AM-02,About the Criteria,"AM-02.01B, AM-02.02B, AM-02.03B, AM-02.04B, AM-02.05B","Cloud service providers who procure their cloud infrastructure as virtual infrastructure from service organisation (e.g. virtual machines or containers) may use tools provided by the service organisation to inventory those assets, insofar as the cloud service provider deems these suitable based on their asset management framework. In practice, the implementation of the asset inventory can vary greatly depending on the number, size and complexity of provided cloud services.","BSI Cloud Computing Compliance Criteria Catalogue (C5:2026), Version 1.0.1, Federal Office for Information Security (Germany) - KB 2/Germany/BSI Cloud Computing Compliance Controls Catalogue.pdf"
AM-02-SI-02,AM-02,About the Criteria,AM-02.05B,"These lists can be, but do not have to be, provided by the inventory system established through the criteria AM-02, AM-03 and AM-04.","BSI Cloud Computing Compliance Criteria Catalogue (C5:2026), Version 1.0.1, Federal Office for Information Security (Germany) - KB 2/Germany/BSI Cloud Computing Compliance Controls Catalogue.pdf"
AM-02-SI-03,AM-02,Complementary Customer Criteria,,"– Basic Criteria, Additional Criteria, Supplementary Information","BSI Cloud Computing Compliance Criteria Catalogue (C5:2026), Version 1.0.1, Federal Office for Information Security (Germany) - KB 2/Germany/BSI Cloud Computing Compliance Controls Catalogue.pdf"
AM-03-SI-01,AM-03,About the Criteria,AM-03.01B,"This basic criterion can, but does not have to, be fulfilled by including the following details for each entry of the hardware asset inventory: 1. Identification details (such as name, IP address, MAC address, etc.); 2. The function of the asset; 3. The model of the asset; 4. The location of the asset; 5. The owner of the asset; and 6. Information security requirements for the asset. An ‘asset owner’ is an individual or role assigned with the responsibility and accountability for managing and protecting an organisation’s asset and does not imply legal ownership of the assets. If cloud service customers operate virtual machines or containers with the cloud service, the cloud service provider inventories the containers and document their life cycle (cf. OPS-34).","BSI Cloud Computing Compliance Criteria Catalogue (C5:2026), Version 1.0.1, Federal Office for Information Security (Germany) - KB 2/Germany/BSI Cloud Computing Compliance Controls Catalogue.pdf"
AM-04-SI-01,AM-04,About the Criteria,AM-04.01B,"This basic criterion can, but does not have to, be fulfilled by including the following details for each entry of the software asset inventory: 1. Identification details (such as name, IP address, MAC address, etc.); 2. The version of the software; and 3. The parent resource (hardware asset or software asset) on which the software is installed.","BSI Cloud Computing Compliance Criteria Catalogue (C5:2026), Version 1.0.1, Federal Office for Information Security (Germany) - KB 2/Germany/BSI Cloud Computing Compliance Controls Catalogue.pdf"
AM-04-SI-02,AM-04,About the Criteria,AM-04.01AC,"This additional criterion can, but does not have to, be fulfilled by including license information, including communicated end-of-support dates related to the licensed software, for each entry of the software asset inventory.","BSI Cloud Computing Compliance Criteria Catalogue (C5:2026), Version 1.0.1, Federal Office for Information Security (Germany) - KB 2/Germany/BSI Cloud Computing Compliance Controls Catalogue.pdf"
AM-06-SI-01,AM-06,About the Criteria,"AM-06.01B, AM-06.02B","The criterion applies only to physical hardware objects, such as servers, storage systems, and network components. Virtual hardware and software objects are considered in the criteria areas (OPS) and (DEV). The approval process typically considers both the basic approval to use the hardware and the final approval of the configured assets.","BSI Cloud Computing Compliance Criteria Catalogue (C5:2026), Version 1.0.1, Federal Office for Information Security (Germany) - KB 2/Germany/BSI Cloud Computing Compliance Controls Catalogue.pdf"
AM-07-SI-01,AM-07,About the Criteria,AM-07.01B,The decommissioning procedure typically includes: 1. Verification that the asset is no longer required for operational use; 2. Assessment of associated risks and dependencies; 3. Approval by authorised personnel based on internal policies; 4. Execution of secure data deletion or sanitization processes; 5. Updating the asset inventory to reflect decommissioning status; and 6. Disposal or repurposing of the hardware in accordance with environmental and security guidelines.,"BSI Cloud Computing Compliance Criteria Catalogue (C5:2026), Version 1.0.1, Federal Office for Information Security (Germany) - KB 2/Germany/BSI Cloud Computing Compliance Controls Catalogue.pdf"
AM-07-SI-02,AM-07,About the Criteria,"AM-07.02B, AM-07.01AC","The deletion of data or physical destruction of data mediums can take place, for example, according to DIN 66399 or BSI IT-Grundschutz module CON.6.","BSI Cloud Computing Compliance Criteria Catalogue (C5:2026), Version 1.0.1, Federal Office for Information Security (Germany) - KB 2/Germany/BSI Cloud Computing Compliance Controls Catalogue.pdf"
AM-07-SI-03,AM-07,About the Criteria,AM-07.01AC,"This approval process ensures that disposal activities conducted offsite adhere to the organisation’s security, compliance, and environmental policies. It typically includes: 1. Verification of asset ownership and usage history; 2. Assessment of data sanitisation requirements; 3. Selection of approved disposal vendors or methods; 4. Documentation of disposal actions and approvals; and 5. Confirmation of secure data deletion or destruction.","BSI Cloud Computing Compliance Criteria Catalogue (C5:2026), Version 1.0.1, Federal Office for Information Security (Germany) - KB 2/Germany/BSI Cloud Computing Compliance Controls Catalogue.pdf"
AM-07-SI-04,AM-07,About the Criteria,"AM-07.01B, AM-07.02B, AM-07.01AS, AM-07.01AC","This criterion is not applicable for hardware components that do not store cloud service customer data, cloud service derived data, cloud service provider data or account data (e.g. monitors, routers or keyboards).","BSI Cloud Computing Compliance Criteria Catalogue (C5:2026), Version 1.0.1, Federal Office for Information Security (Germany) - KB 2/Germany/BSI Cloud Computing Compliance Controls Catalogue.pdf"
AM-08-SI-01,AM-08,About the Criteria,"AM-08.01B, AM-08.02B, AM-08.03B","The criterion essentially concerns mobile devices (e.g. notebooks, tablets, smartphones, FIDO2 security keys, etc.), especially if confidential information is stored on them that can be used, in the event of unauthorised access, to obtain privileged access to the cloud service (e.g. if these are used as security tokens for authentication).","BSI Cloud Computing Compliance Criteria Catalogue (C5:2026), Version 1.0.1, Federal Office for Information Security (Germany) - KB 2/Germany/BSI Cloud Computing Compliance Controls Catalogue.pdf"
AM-08-SI-02,AM-08,About the Criteria,AM-08.03B,The removal of access rights of terminated personnel can be implemented by e.g. disabling their identity on the device.,"BSI Cloud Computing Compliance Criteria Catalogue (C5:2026), Version 1.0.1, Federal Office for Information Security (Germany) - KB 2/Germany/BSI Cloud Computing Compliance Controls Catalogue.pdf"
AM-09-SI-01,AM-09,About the Criteria,"AM-09.01B, AM-09.02B, AM-09.03B, AM-09.04B","If the cloud service provider does not categorise the assets specifically, then all assets may be treated as requiring the highest level of protection needs.","BSI Cloud Computing Compliance Criteria Catalogue (C5:2026), Version 1.0.1, Federal Office for Information Security (Germany) - KB 2/Germany/BSI Cloud Computing Compliance Controls Catalogue.pdf"
AM-09-SI-02,AM-09,About the Criteria,AM-09.02B,"If a review is caused by significant changes to the cloud service, only the classification levels affected by the changes need to be included in the review.","BSI Cloud Computing Compliance Criteria Catalogue (C5:2026), Version 1.0.1, Federal Office for Information Security (Germany) - KB 2/Germany/BSI Cloud Computing Compliance Controls Catalogue.pdf"
AM-09-SI-03,AM-09,About the Criteria,AM-09.01AC,"To ensure that all physical assets are uniquely identified, the cloud service provider may implement practices such as: 1. Use of a centralised device management platform to monitor and control all devices; 2. Assigning unique identifiers (e.g. MAC addresses, serial numbers) to all devices; and 3. Use of automated mechanisms to register connecting devices.","BSI Cloud Computing Compliance Criteria Catalogue (C5:2026), Version 1.0.1, Federal Office for Information Security (Germany) - KB 2/Germany/BSI Cloud Computing Compliance Controls Catalogue.pdf"
AM-09-SI-04,AM-09,About the Criteria,AM-09.02AC,"Integrating device identification ensures that each asset is uniquely recognised and appropriately classified based on its protection needs. This is particularly important for mobile and endpoint devices, which may carry sensitive data or serve as access points to cloud services. Proper labeling supports traceability, risk assessment, and enforcement of security controls throughout the asset lifecycle.","BSI Cloud Computing Compliance Criteria Catalogue (C5:2026), Version 1.0.1, Federal Office for Information Security (Germany) - KB 2/Germany/BSI Cloud Computing Compliance Controls Catalogue.pdf"
AM-09-SI-05,AM-09,Complementary Customer Criteria,,"Cloud service customers ensure with suitable controls that the protection need of the information that can be processed or stored with the cloud service is adequately determined. Cloud service customers ensure with suitable controls that the information processed or stored with the cloud service is protected against tampering, copying, modifying, redirecting or deleting in accordance with its protection needs. Basic Criteria, Additional Criteria, Supplementary Information","BSI Cloud Computing Compliance Criteria Catalogue (C5:2026), Version 1.0.1, Federal Office for Information Security (Germany) - KB 2/Germany/BSI Cloud Computing Compliance Controls Catalogue.pdf"
AM-11-SI-01,AM-11,About the Criteria,AM-11.02B,"Authorisation ensures that hardware object transfers, whether internal or external, are controlled, traceable, and compliant with organisational policies. This is particularly important for assets containing sensitive data or used in production environments. The process typically includes: 1. Verification of asset ownership and classification; 2. Assessment of associated risks; 3. Documentation of the transfer request and approval; and 4. Confirmation of secure handling during transit.","BSI Cloud Computing Compliance Criteria Catalogue (C5:2026), Version 1.0.1, Federal Office for Information Security (Germany) - KB 2/Germany/BSI Cloud Computing Compliance Controls Catalogue.pdf"
AM-12-SI-01,AM-12,About the Criteria,"AM-12.01B, AM-12.01AC","A removable medium is a portable data storage medium that can be added to or removed from a computing device or network. Examples include, but are not limited to, optical discs (e.g., CD, DVD, Blu-ray), external or removable hard drives or solid state disk drives, magnetic or optical tapes and flash memory devices (e.g., USB, eSATA, flash drive, thumb drive).","BSI Cloud Computing Compliance Criteria Catalogue (C5:2026), Version 1.0.1, Federal Office for Information Security (Germany) - KB 2/Germany/BSI Cloud Computing Compliance Controls Catalogue.pdf"
AM-12-SI-02,AM-12,Complementary Customer Criteria,,"– 5.5 Physical Security (PS) Objective: Prevent unauthorised physical access and protect against theft, damage, loss and outage of operations.","BSI Cloud Computing Compliance Criteria Catalogue (C5:2026), Version 1.0.1, Federal Office for Information Security (Germany) - KB 2/Germany/BSI Cloud Computing Compliance Controls Catalogue.pdf"
PS-01-SI-01,PS-01,About the Criteria,"PS-01.01B, PS-01.02B, PS-01.03B, PS-01.04B, PS-01.05B, PS-01.06B, PS-01.01AC, PS-01.02AC, PS-01.03AC, PS-01.04AC, PS-01.05AC","Incorrect planning can endanger the operational safety and availability of the premises or buildings. This can result from an incorrect assessment of elementary hazards at the site (e.g. air traffic, earthquakes, floods, hazardous substances) as well as an incorrect conception of the bandwidth or energy supply. Premises and buildings related to the cloud service provided include data centres and server rooms housing system components used to process cloud service customer data (including data centres for backup or redundancy purposes) and the technical utilities required to operate these system components (e.g. power supply, refrigeration, fire-fighting, telecommunications, security, etc.). Premises and buildings in which no data from cloud service customers is processed or stored (e.g. offices of the cloud service provider, server rooms with system components for internal development and test systems) adhere to requirements specifically covered under PS-08.","BSI Cloud Computing Compliance Criteria Catalogue (C5:2026), Version 1.0.1, Federal Office for Information Security (Germany) - KB 2/Germany/BSI Cloud Computing Compliance Controls Catalogue.pdf"
PS-01-SI-02,PS-01,About the Criteria,PS-01.05B,"Premises and buildings operated by third parties are e.g. server housing, colocation, IaaS.","BSI Cloud Computing Compliance Criteria Catalogue (C5:2026), Version 1.0.1, Federal Office for Information Security (Germany) - KB 2/Germany/BSI Cloud Computing Compliance Controls Catalogue.pdf"
PS-01-SI-03,PS-01,About the Criteria,PS-01.03B,"The recognised established rules of technology are defined in relevant standards, e.g. EN 50600 (facilities and infrastructures of data centres). Note for German readers: The German version of C5 uses the term Stand der Technik for established rules of technology although the German reader might expect the term state of the art. Without discussing the semantic, please note that state of the art defines a higher level than Stand der Technik and therefore established rules of technology is used here.","BSI Cloud Computing Compliance Criteria Catalogue (C5:2026), Version 1.0.1, Federal Office for Information Security (Germany) - KB 2/Germany/BSI Cloud Computing Compliance Controls Catalogue.pdf"
PS-01-SI-04,PS-01,About the Criteria,PS-01.01AC,"Time specifications for self-sustaining operation as well as maximum tolerable downtimes of utility facilities are typically collected during the business impact analysis (cf. BCM-02, BCM-03).","BSI Cloud Computing Compliance Criteria Catalogue (C5:2026), Version 1.0.1, Federal Office for Information Security (Germany) - KB 2/Germany/BSI Cloud Computing Compliance Controls Catalogue.pdf"
PS-01-SI-05,PS-01,About the Criteria,PS-01.02AC,"The 72-hour time frame for self-sufficient operation aligns with guidelines for government agencies, businesses and critical infrastructure operators (KRITIS) as per the Federal Office for Civil Protection and Disaster Assistance (BBK). Basic Criteria, Additional Criteria, Supplementary Information","BSI Cloud Computing Compliance Criteria Catalogue (C5:2026), Version 1.0.1, Federal Office for Information Security (Germany) - KB 2/Germany/BSI Cloud Computing Compliance Controls Catalogue.pdf"
PS-01-SI-06,PS-01,About the Criteria,PS-01.03AC,"A reasonable estimation of the highest outside temperatures can be based on information supplied by official measurement station such as Deutscher Wetterdienst (DWD) or other reliable resources, such as e.g. American Society of Heating, Refrigerating and Air-Conditioning Engineers (ASHRAE). These estimations should take the effects of global warming into account. What constitutes an appropriate safety margin depends on the location of the premises and buildings. In Germany, 3 Kelvin can generally be considered appropriate.","BSI Cloud Computing Compliance Criteria Catalogue (C5:2026), Version 1.0.1, Federal Office for Information Security (Germany) - KB 2/Germany/BSI Cloud Computing Compliance Controls Catalogue.pdf"
PS-02-SI-01,PS-02,About the Criteria,"PS-02.01B, PS-02.02B","Operational redundancy of the sites to each other in the sense of this criterion is given if based on the assessment of elementary risks at the site corresponding distances of the premises and buildings to these risks are maintained. Very extensive events which, due to their extent, could affect several sites of the same redundancy group simultaneously or in a timely manner (e.g. floods, earthquakes) are not considered. Basic Criteria, Additional Criteria, Supplementary Information There are cloud service providers who no longer address the issue of reliability of the cloud service on a physical level through redundancy from two independent locations, but through resilience. The cloud service is provided simultaneously from more than two locations. The underlying distributed data centre architecture ensures that the failure of a location or components of a location does not violate the defined availability criteria of the cloud service. Such an architecture can represent an alternative fulfilment (cf. Chapter 3.4.12) of the criterion. The tests and exercises on functionality required in the criterion also apply analogously to resilient architectures.","BSI Cloud Computing Compliance Criteria Catalogue (C5:2026), Version 1.0.1, Federal Office for Information Security (Germany) - KB 2/Germany/BSI Cloud Computing Compliance Controls Catalogue.pdf"
PS-02-SI-02,PS-02,About the Criteria,"PS-02.01AS, PS-02.02AS","A georedundancy of the sites to each other in the sense of this criterion is given if a very extensive event at a site under no circumstances affects several sites of the same redundancy group simultaneously or promptly. The BSI publication ‘Kriterien für die Standortwahl von Rechenzentren’ (German for: ‘Criteria for selecting the location of data centres’, document only available in German) provides recommendations in this regard.","BSI Cloud Computing Compliance Criteria Catalogue (C5:2026), Version 1.0.1, Federal Office for Information Security (Germany) - KB 2/Germany/BSI Cloud Computing Compliance Controls Catalogue.pdf"
PS-02-SI-03,PS-02,Complementary Customer Criteria,,Cloud service customers ensure with suitable controls that the existing redundancy model of the cloud service provider and the evidence for the verification of the model comply with their own requirements for the availability and reliability of the cloud service.,"BSI Cloud Computing Compliance Criteria Catalogue (C5:2026), Version 1.0.1, Federal Office for Information Security (Germany) - KB 2/Germany/BSI Cloud Computing Compliance Controls Catalogue.pdf"
PS-03-SI-01,PS-03,About the Criteria,PS-03.02B,"Security measures for detecting unauthorised access can be security personnel, video surveillance or anti-burglary systems.","BSI Cloud Computing Compliance Criteria Catalogue (C5:2026), Version 1.0.1, Federal Office for Information Security (Germany) - KB 2/Germany/BSI Cloud Computing Compliance Controls Catalogue.pdf"
PS-03-SI-02,PS-03,About the Criteria,"PS-03.03B, PS-03.04B","The resistance class RC4 according to DIN EN 1627 stipulates that doors, windows and other components shall withstand a break-in attempt for at least ten minutes. The US standard SD-STD-01.01 Rev.G. is an international equivalent to this standard. However, fulfilling the objective of this criteria does not necessarily imply that those standards have to be fulfilled. Additionally, the subcriterion demands that all construction elements as a whole lead to a resistance time to break-in attempts for at least ten minutes. Consequently, it does not necessarly demand that all individual construction elements have to fulfil this requirement on their own, provided the combined measures effectively delay an external attack for the required time.","BSI Cloud Computing Compliance Criteria Catalogue (C5:2026), Version 1.0.1, Federal Office for Information Security (Germany) - KB 2/Germany/BSI Cloud Computing Compliance Controls Catalogue.pdf"
PS-03-SI-03,PS-03,About the Criteria,PS-03.05B,"Compensating measures can include additional security layers (e.g. security areas) on the premise, an increased presence of security personnel, video surveillance and anti-burglary systems.","BSI Cloud Computing Compliance Criteria Catalogue (C5:2026), Version 1.0.1, Federal Office for Information Security (Germany) - KB 2/Germany/BSI Cloud Computing Compliance Controls Catalogue.pdf"
PS-04-SI-01,PS-04,About the Criteria,PS-04.01B,"For implementing access control based on the need-to-know-principle, a zoning framework can be deployed with each on-premises area having separate access permissions. If a zoning framework is implemented, each on-premises area should be physically separated with its own access control system. Examples for zoning on-premises can be: 1. Green zone: Public area, contains no resources that are relevant to the provisioning of the cloud service; 2. Yellow zone: Private area, contains means for supporting the cloud service such as development, administration and supervision; and 3. Red zone: Sensitive area for production systems such as the server rooms. Examples for reasonable exceptions to the revocation of access authorisations after two months of inactivity are e.g. cases where personnel with specific roles, such as management positions or supervisors, requires only occasional but crucial entry. The rationale for the exceptions should be documented and during the review critically assessed if they are still necessary.","BSI Cloud Computing Compliance Criteria Catalogue (C5:2026), Version 1.0.1, Federal Office for Information Security (Germany) - KB 2/Germany/BSI Cloud Computing Compliance Controls Catalogue.pdf"
PS-04-SI-02,PS-04,Complementary Customer Criteria,,"– Basic Criteria, Additional Criteria, Supplementary Information","BSI Cloud Computing Compliance Criteria Catalogue (C5:2026), Version 1.0.1, Federal Office for Information Security (Germany) - KB 2/Germany/BSI Cloud Computing Compliance Controls Catalogue.pdf"
PS-05-SI-01,PS-05,About the Criteria,PS-05.02B,"Structural parts are walls, ceilings, floors, doors, windows and other breakthroughs like ventilation flaps, etc. Basic Criteria, Additional Criteria, Supplementary Information Compensating measures can take into account aspects such as: 1. Partitioning and layout of fire sections; 2. Extinguishing systems within the fire sections; 3. Early and very early fire detection mechanisms; 4. Redundancy of systems and supply facilities within the premise; and 5. Period of time the locations and premises can withstand a fire impairing a data hall without a second data hall catching fire. The cloud service provider should describe the measures taken to protect its premises and buildings against fire as part of the system description. The location of all critical facilities in relation to the highest historically recorded flood level at the cloud data centre site or the site’s backwater level acts as the starting point for considering flood and heavy rain protection measures.","BSI Cloud Computing Compliance Criteria Catalogue (C5:2026), Version 1.0.1, Federal Office for Information Security (Germany) - KB 2/Germany/BSI Cloud Computing Compliance Controls Catalogue.pdf"
PS-05-SI-02,PS-05,About the Criteria,PS-05.03B,"The monitoring of the environmental parameters is addressed in PS-07. When exceeding the allowed control range, alarm messages are generated and forwarded to the responsible cloud service provider.","BSI Cloud Computing Compliance Criteria Catalogue (C5:2026), Version 1.0.1, Federal Office for Information Security (Germany) - KB 2/Germany/BSI Cloud Computing Compliance Controls Catalogue.pdf"
PS-06-SI-01,PS-06,About the Criteria,PS-06.01B,"Measures to prevent the failure of the technical supply facilities are e.g. power supply, cooling, fire-fighting technology, telecommunications, security technology, etc. Cloud service providers can ensure that all data remains undamaged in the event of a power failure by shutting down servers following a defined procedure. Power supply and telecommunications lines can be protected against interruption, interference, damage and eavesdropping by e.g. underground supply via different supply routes.","BSI Cloud Computing Compliance Criteria Catalogue (C5:2026), Version 1.0.1, Federal Office for Information Security (Germany) - KB 2/Germany/BSI Cloud Computing Compliance Controls Catalogue.pdf"
PS-06-SI-02,PS-06,About the Criteria,PS-06.03B,"The subcriterion requires the check to be performed at least every two years. If no check was performed during the specified period of a Type 2 engagement, the auditor shall note in the test result that there was ‘no occurrence’ provided that the previous check was performed within the two years required by the criterion. For the evaluation of the design of the control, the auditor may obtain evidence regarding the previous check, even if this check did not occur within the specified period of the engagement. If there was no check performed for two years, the auditor shall note a deviation. Basic Criteria, Additional Criteria, Supplementary Information","BSI Cloud Computing Compliance Criteria Catalogue (C5:2026), Version 1.0.1, Federal Office for Information Security (Germany) - KB 2/Germany/BSI Cloud Computing Compliance Controls Catalogue.pdf"
PS-06-SI-03,PS-06,About the Criteria,PS-06.01AC,This subcriterion demands the implementation of concrete measures to fulfil the policy required by PS-01.03AC. The cloud service provider also determines the highest outside temperatures that can reasonably be estimated to occur at the locations of the premises and buildings within the lifespan of the cooling supply system as part of PS-01.03AC.,"BSI Cloud Computing Compliance Criteria Catalogue (C5:2026), Version 1.0.1, Federal Office for Information Security (Germany) - KB 2/Germany/BSI Cloud Computing Compliance Controls Catalogue.pdf"
PS-07-SI-01,PS-07,About the Criteria,PS-07.01B,"These measures typically include but are not limited to: 1. Environmental monitoring systems (e.g., temperature and humidity sensors); 2. Fire suppression systems; 3. Climate control (HVAC) systems; and 4. Leak detection and alarms.","BSI Cloud Computing Compliance Criteria Catalogue (C5:2026), Version 1.0.1, Federal Office for Information Security (Germany) - KB 2/Germany/BSI Cloud Computing Compliance Controls Catalogue.pdf"
PS-08-SI-01,PS-08,About the Criteria,PS-08.01B,"As a result of the risk assessment in accordance with OIS-07, not every aspect listed in the criterion may need to be addressed by corresponding security requirements. For example, if there are no assets related to the development or operation of the cloud service in an office building, alarm systems and surveillance cameras may not be required.","BSI Cloud Computing Compliance Criteria Catalogue (C5:2026), Version 1.0.1, Federal Office for Information Security (Germany) - KB 2/Germany/BSI Cloud Computing Compliance Controls Catalogue.pdf"
PS-08-SI-02,PS-08,Complementary Customer Criteria,,"– 5.6 Operations (OPS) Objective: Ensure proper and regular operation, including appropriate measures for planning and monitoring capacity, protection against malware, logging and monitoring events, and dealing with vulnerabilities, malfunctions and failures.","BSI Cloud Computing Compliance Criteria Catalogue (C5:2026), Version 1.0.1, Federal Office for Information Security (Germany) - KB 2/Germany/BSI Cloud Computing Compliance Controls Catalogue.pdf"
OPS-01-SI-01,OPS-01,About the Criteria,"OPS-01.01B, OPS-01.02B, OPS-01.03B, OPS-01.01AC","For economic reasons, cloud service providers typically strive for a high utilisation of system components (CPU, RAM, storage space, network). In multi-tenant environments, existing resources should still be shared between cloud service customers (clients) in such a way that service level agreements are adhered to. In this respect, proper planning and monitoring of system components is critical to the availability and competitiveness of the cloud service. If the procedures are not documented or are subject to a higher degree of confidentiality as a trade secret of the cloud service provider, the cloud service provider should be able to explain the procedures at least orally within the scope of this audit.","BSI Cloud Computing Compliance Criteria Catalogue (C5:2026), Version 1.0.1, Federal Office for Information Security (Germany) - KB 2/Germany/BSI Cloud Computing Compliance Controls Catalogue.pdf"
OPS-01-SI-02,OPS-01,About the Criteria,OPS-01.01B,"Capacity restrictions are limitations in the cloud service provider’s resources, resulting in disruptions of the cloud service or impacting compliance with contractual agreements and service levels.","BSI Cloud Computing Compliance Criteria Catalogue (C5:2026), Version 1.0.1, Federal Office for Information Security (Germany) - KB 2/Germany/BSI Cloud Computing Compliance Controls Catalogue.pdf"
OPS-01-SI-03,OPS-01,Complementary Customer Criteria,,Cloud service customers ensure with suitable controls that the capacity and resource requirements to be covered by the cloud service provider are planned and reflected in the SLA with the cloud service provider. The requirements are reviewed regularly and the adjustment of SLA demanded accordingly.,"BSI Cloud Computing Compliance Criteria Catalogue (C5:2026), Version 1.0.1, Federal Office for Information Security (Germany) - KB 2/Germany/BSI Cloud Computing Compliance Controls Catalogue.pdf"
OPS-02-SI-01,OPS-02,About the Criteria,OPS-02.01B,Technical and organisational measures typically include: 1. Use of monitoring tools with alarm function when defined threshold values are exceeded; 2. Process for correlating events and interface to incident management; 3. Continuous monitoring of the systems by qualified personnel; and 4. Redundancies in the IT systems.,"BSI Cloud Computing Compliance Criteria Catalogue (C5:2026), Version 1.0.1, Federal Office for Information Security (Germany) - KB 2/Germany/BSI Cloud Computing Compliance Controls Catalogue.pdf"
OPS-02-SI-02,OPS-02,About the Criteria,OPS-02.02B,"Cloud service providers may provide a health dashboard to the cloud service customer. This subcriterion can be fulfilled by the provision of such a health dashboard if the health dashboard informs the cloud service customer about breaches of contractual obligations, such as SLAs.","BSI Cloud Computing Compliance Criteria Catalogue (C5:2026), Version 1.0.1, Federal Office for Information Security (Germany) - KB 2/Germany/BSI Cloud Computing Compliance Controls Catalogue.pdf"
OPS-02-SI-03,OPS-02,Complementary Customer Criteria,,"Cloud service customers ensure with suitable controls that the contractual agreements made with the cloud service provider for the provision of resources or services can be monitored. In case of deviations, appropriate controls ensure that the cloud service provider is informed so that the cloud service provider can take appropriate action.","BSI Cloud Computing Compliance Criteria Catalogue (C5:2026), Version 1.0.1, Federal Office for Information Security (Germany) - KB 2/Germany/BSI Cloud Computing Compliance Controls Catalogue.pdf"
OPS-03-SI-01,OPS-03,About the Criteria,OPS-03.01B,"System components to be allocated and managed by the cloud service customer can include, according to the possibilities of the service model: 1. Computing capacity; 2. Storage capacity; 3. Configuration of network properties; 4. Application Programming Interfaces (APIs); and 5. Databases. System component allocation may need to take into account any container-based infrastructure used in the service models.","BSI Cloud Computing Compliance Criteria Catalogue (C5:2026), Version 1.0.1, Federal Office for Information Security (Germany) - KB 2/Germany/BSI Cloud Computing Compliance Controls Catalogue.pdf"
OPS-03-SI-02,OPS-03,About the Criteria,OPS-03.02B,"Significant security changes in this context can include the change of the security feature itself, such as when changing the service architecture. Non-significant changes can include the change of the implementation of a security feature in a way that does not alter its functionality or reduce its security level, such as when replacing a used cryptographic primitive with another, equivalent one.","BSI Cloud Computing Compliance Criteria Catalogue (C5:2026), Version 1.0.1, Federal Office for Information Security (Germany) - KB 2/Germany/BSI Cloud Computing Compliance Controls Catalogue.pdf"
OPS-03-SI-03,OPS-03,Complementary Customer Criteria,,Cloud service customers ensure with suitable controls that they manage and monitor the system resources in their area of responsibility.,"BSI Cloud Computing Compliance Criteria Catalogue (C5:2026), Version 1.0.1, Federal Office for Information Security (Germany) - KB 2/Germany/BSI Cloud Computing Compliance Controls Catalogue.pdf"
OPS-04-SI-01,OPS-04,About the Criteria,OPS-04.01B,"Protection programmes for personnel devices can be, for example, server-based protection programmes that scan files in attachments on the server or filter network traffic.","BSI Cloud Computing Compliance Criteria Catalogue (C5:2026), Version 1.0.1, Federal Office for Information Security (Germany) - KB 2/Germany/BSI Cloud Computing Compliance Controls Catalogue.pdf"
OPS-05-SI-01,OPS-05,About the Criteria,"OPS-05.01B, OPS-05.02B, OPS-05.02AS","Protection against malicious programmes can be implemented by operating system-specific protection mechanisms or explicit protection programmes (e.g. for signature-and behaviour-based detection and removal of malicious programmes). If the cloud service provider operates malware protected containers or virtual machines to provide the cloud service, the malware protection should include container-specific measures. This can include, for example, monitoring the container images and the container runtime, and due to the frequent start and stop of the containers, real-time scans and -monitoring processes.","BSI Cloud Computing Compliance Criteria Catalogue (C5:2026), Version 1.0.1, Federal Office for Information Security (Germany) - KB 2/Germany/BSI Cloud Computing Compliance Controls Catalogue.pdf"
OPS-05-SI-02,OPS-05,About the Criteria,OPS-05.01B,"For end-devices used by the personnel of the cloud service provider, the applicability of this subcriterion is determined based on the risk assessment performed according to AM-08.","BSI Cloud Computing Compliance Criteria Catalogue (C5:2026), Version 1.0.1, Federal Office for Information Security (Germany) - KB 2/Germany/BSI Cloud Computing Compliance Controls Catalogue.pdf"
OPS-05-SI-03,OPS-05,Complementary Customer Criteria,,Cloud service customers ensure with suitable controls that the layers of the cloud service which they are responsible for have security products in place to detect and remove malware.,"BSI Cloud Computing Compliance Criteria Catalogue (C5:2026), Version 1.0.1, Federal Office for Information Security (Germany) - KB 2/Germany/BSI Cloud Computing Compliance Controls Catalogue.pdf"
OPS-06-SI-01,OPS-06,About the Criteria,"OPS-06.01B, OPS-06.01AS","Particularly within IaaS and PaaS service models, responsibility for backup and recovery of cloud service customer data often remains with the customer and is therefore not part of the contractual agreements between cloud service provider and cloud service customer. If the data backup of cloud service customer data is not part of the contract, this criterion is not applicable for cloud service customer data, but it is still applicable for cloud service derived data and cloud service provider data. The extent to which the criterion is applicable to the cloud service is presented in the system description. The data backup policies and procedures specifiy which type of data backup is to be carried out (e.g. scope, frequency and duration) and specify which data shall also be backed up in special cases (e.g. pure use of compute nodes without data storage). When backing up data, one has to distinct between backups and snapshots of virtual machines. Snapshots do not replace backups but can be part of the backup strategy to achieve Recovery Point Objectives (RPO) if they are additionally stored outside the original data location. The business requirements of the cloud service provider for the scope, frequency and duration of the data backup result from the business impact analysis (cf. BCM-02) for development and operational processes of the cloud service. If different data backup and recovery procedures exist for cloud service customer data and cloud service provider data, both variants are in scope for tests of controls according to this criteria catalogue. Existing contractual agreements prior to a C5 attestation do not need to be updated to incorporate the requirements specified in this criterion. Instead, new contractual agreements should be designed to ensure that specified requirements are clearly defined and agreed upon with cloud service customers.","BSI Cloud Computing Compliance Criteria Catalogue (C5:2026), Version 1.0.1, Federal Office for Information Security (Germany) - KB 2/Germany/BSI Cloud Computing Compliance Controls Catalogue.pdf"
OPS-06-SI-02,OPS-06,About the Criteria,OPS-06.01B,"Parts of cloud service provider data that do not require a backup include, but are not limited to, parts of cloud service provider data than can be built from scratch without a backup. Basic Criteria, Additional Criteria, Supplementary Information","BSI Cloud Computing Compliance Criteria Catalogue (C5:2026), Version 1.0.1, Federal Office for Information Security (Germany) - KB 2/Germany/BSI Cloud Computing Compliance Controls Catalogue.pdf"
OPS-06-SI-03,OPS-06,Complementary Customer Criteria,,"Cloud service customers ensure with suitable controls that the contractual agreements made with the cloud service provider regarding the scope, frequency and duration of data retention meet business requirements. The business requirements are assessed as part of the business impact analysis (cf. BCM-02).","BSI Cloud Computing Compliance Criteria Catalogue (C5:2026), Version 1.0.1, Federal Office for Information Security (Germany) - KB 2/Germany/BSI Cloud Computing Compliance Controls Catalogue.pdf"
OPS-07-SI-01,OPS-07,About the Criteria,"OPS-07.01B, OPS-07.02B, OPS-07.01AC","If the data backup of cloud service customer data is not part of the contract concluded between the cloud service provider and the cloud service customer, this criterion is not applicable for cloud service customer data, but it is still applicable for cloud service derived data and cloud service provider data. The extent to which the criterion is applicable to the cloud service is presented in the system description.","BSI Cloud Computing Compliance Criteria Catalogue (C5:2026), Version 1.0.1, Federal Office for Information Security (Germany) - KB 2/Germany/BSI Cloud Computing Compliance Controls Catalogue.pdf"
OPS-07-SI-02,OPS-07,Complementary Customer Criteria,,Cloud service customers ensure with suitable controls that the backup of data within their area of responsibility is monitored by technical and organisational measures.,"BSI Cloud Computing Compliance Criteria Catalogue (C5:2026), Version 1.0.1, Federal Office for Information Security (Germany) - KB 2/Germany/BSI Cloud Computing Compliance Controls Catalogue.pdf"
OPS-08-SI-01,OPS-08,About the Criteria,"OPS-08.01B, OPS-08.02B, OPS-08.03B, OPS-08.04B, OPS-08.05B, OPS-08.01AC, OPS-08.02AC","If the data backup has not been contractually agreed between the cloud service provider and the cloud service customer, this criterion is not applicable. The cloud service provider transparently presents this situation in the system description.","BSI Cloud Computing Compliance Criteria Catalogue (C5:2026), Version 1.0.1, Federal Office for Information Security (Germany) - KB 2/Germany/BSI Cloud Computing Compliance Controls Catalogue.pdf"
OPS-08-SI-02,OPS-08,About the Criteria,OPS-08.01B,The use of cloud service customer data in backup and restore procedures as described in the basic criterion is a carefully considered exception. This exception does not extend to general software development or other testing environments and the use of cloud service customer data for testing is restricted specifically to backup and restore procedures.,"BSI Cloud Computing Compliance Criteria Catalogue (C5:2026), Version 1.0.1, Federal Office for Information Security (Germany) - KB 2/Germany/BSI Cloud Computing Compliance Controls Catalogue.pdf"
OPS-08-SI-03,OPS-08,About the Criteria,OPS-08.03B,"If cloud service customer data is restored in an environment with differing access restrictions, the confidentiality of the data may be affected.","BSI Cloud Computing Compliance Criteria Catalogue (C5:2026), Version 1.0.1, Federal Office for Information Security (Germany) - KB 2/Germany/BSI Cloud Computing Compliance Controls Catalogue.pdf"
OPS-08-SI-04,OPS-08,Complementary Customer Criteria,,"Cloud service customers ensure with suitable controls that they actively request information on the results of restore tests from the cloud service provider. Customers assess the effectiveness of applied data recovery strategies and integrate insights into their own emergency plans in alignment with their business needs and security standards. Basic Criteria, Additional Criteria, Supplementary Information","BSI Cloud Computing Compliance Criteria Catalogue (C5:2026), Version 1.0.1, Federal Office for Information Security (Germany) - KB 2/Germany/BSI Cloud Computing Compliance Controls Catalogue.pdf"
OPS-09-SI-01,OPS-09,About the Criteria,"OPS-09.01B, OPS-09.02B, OPS-09.03B, OPS-09.04B, OPS-09.05B","If the data backup has not been contractually agreed between the cloud service provider and the cloud service customer, this criterion is not applicable. The cloud service provider transparently presents this situation in the system description.","BSI Cloud Computing Compliance Criteria Catalogue (C5:2026), Version 1.0.1, Federal Office for Information Security (Germany) - KB 2/Germany/BSI Cloud Computing Compliance Controls Catalogue.pdf"
OPS-09-SI-02,OPS-09,About the Criteria,"OPS-09.01B, OPS-09.03B, OPS-09.04B, OPS-09.05B",A remote location can be e.g. another data centre of the cloud service provider.,"BSI Cloud Computing Compliance Criteria Catalogue (C5:2026), Version 1.0.1, Federal Office for Information Security (Germany) - KB 2/Germany/BSI Cloud Computing Compliance Controls Catalogue.pdf"
OPS-09-SI-03,OPS-09,Complementary Customer Criteria,,"– Basic Criteria, Additional Criteria, Supplementary Information","BSI Cloud Computing Compliance Criteria Catalogue (C5:2026), Version 1.0.1, Federal Office for Information Security (Germany) - KB 2/Germany/BSI Cloud Computing Compliance Controls Catalogue.pdf"
OPS-10-SI-01,OPS-10,About the Criteria,OPS-10.01B,Logs as referred to in the basic criterion include cloud service derived data and cloud service provider data. Legal and regulatory frameworks can define e.g. legal requirements for retention and deletion of data.,"BSI Cloud Computing Compliance Criteria Catalogue (C5:2026), Version 1.0.1, Federal Office for Information Security (Germany) - KB 2/Germany/BSI Cloud Computing Compliance Controls Catalogue.pdf"
OPS-10-SI-02,OPS-10,Complementary Customer Criteria,,"Cloud service customers ensure with suitable controls that appropriate logging and monitoring of events that may affect the security and availability of the cloud service (e.g. administrator activities, system failures, authentication checks, data deletions, etc.) takes place for those layers of the cloud service under their responsibility.","BSI Cloud Computing Compliance Criteria Catalogue (C5:2026), Version 1.0.1, Federal Office for Information Security (Germany) - KB 2/Germany/BSI Cloud Computing Compliance Controls Catalogue.pdf"
OPS-11-SI-01,OPS-11,About the Criteria,OPS-11.01B,"The collection and use of cloud service derived data and account data for the administration and operation of the cloud service also includes the analysis of the aforementioned data to the purpose of improving the provided cloud service, unless this improvement only serves the economic interests of the cloud service provider. If the cloud service provider acts as a cloud service broker, the policies and procedures should give special consideration to the complexities of handling cloud service derived data and account data as part of this role.","BSI Cloud Computing Compliance Criteria Catalogue (C5:2026), Version 1.0.1, Federal Office for Information Security (Germany) - KB 2/Germany/BSI Cloud Computing Compliance Controls Catalogue.pdf"
OPS-11-SI-02,OPS-11,About the Criteria,OPS-11.02B,"Purposes that are inherent to the general operation of many cloud services are: 1. Capacity planning and resource management; 2. Security monitoring and incident response; Basic Criteria, Additional Criteria, Supplementary Information 3. Compliance with regulatory requirements; and 4. Service performance and reliability.","BSI Cloud Computing Compliance Criteria Catalogue (C5:2026), Version 1.0.1, Federal Office for Information Security (Germany) - KB 2/Germany/BSI Cloud Computing Compliance Controls Catalogue.pdf"
OPS-11-SI-03,OPS-11,Complementary Customer Criteria,,"Cloud service customers ensure with suitable controls that their contracts with the cloud service provider clearly outline the permissible uses of cloud service derived data. Cloud service customers verify that such data processing complies with contractual or legal restrictions and understand that the provider is obligated to delete data when it is no longer necessary for its initial purposes, unless agreed otherwise.","BSI Cloud Computing Compliance Criteria Catalogue (C5:2026), Version 1.0.1, Federal Office for Information Security (Germany) - KB 2/Germany/BSI Cloud Computing Compliance Controls Catalogue.pdf"
OPS-14-SI-01,OPS-14,Complementary Customer Criteria,,"Cloud service customers ensure with suitable controls that they determine whether they require access to the customer-specific portion of the cloud service derived data that consists of log data, and if so, actively request it.","BSI Cloud Computing Compliance Criteria Catalogue (C5:2026), Version 1.0.1, Federal Office for Information Security (Germany) - KB 2/Germany/BSI Cloud Computing Compliance Controls Catalogue.pdf"
OPS-15-SI-01,OPS-15,About the Criteria,OPS-15.01AC,"The additional criterion also refers to logs of system components under the responsibility of the cloud service provider, to which the cloud service customer generally has no access, insofar as these logs are relevant for the analysis of security incidents and for identifying access to cloud service customer service data (cf. IAM-07 and INQ-03). For logging of system components under the responsibility of the cloud service provider cf. PSS-04.","BSI Cloud Computing Compliance Criteria Catalogue (C5:2026), Version 1.0.1, Federal Office for Information Security (Germany) - KB 2/Germany/BSI Cloud Computing Compliance Controls Catalogue.pdf"
OPS-15-SI-02,OPS-15,Complementary Customer Criteria,,Cloud service customers ensure with suitable controls that unique user IDs are assigned which allow a corresponding analysis in the event of an incident.,"BSI Cloud Computing Compliance Criteria Catalogue (C5:2026), Version 1.0.1, Federal Office for Information Security (Germany) - KB 2/Germany/BSI Cloud Computing Compliance Controls Catalogue.pdf"
OPS-17-SI-01,OPS-17,About the Criteria,OPS-17.02AC,Individual components that might restrict the overall functionality are single points of failure. Such restrictions can be avoided by identifying potential single points of failure and adressing them through redundancy or the design and implementation of a resilient architecture.,"BSI Cloud Computing Compliance Criteria Catalogue (C5:2026), Version 1.0.1, Federal Office for Information Security (Germany) - KB 2/Germany/BSI Cloud Computing Compliance Controls Catalogue.pdf"
OPS-18-SI-01,OPS-18,About the Criteria,OPS-18.01B,"Suitable measures for the identification of vulnerabilities include implementing RFC 9116 in conjunction with a Coordinated Vulnerability Disclosure (CVD) Policy according to established guidelines like ISO/IEC TR 5895:2022 and ISO/IEC 29147:2018 and community standards like Google’s Project Zero Vulnerability Disclosure Policy. The Common Vulnerability Scoring System (CVSS) is a technical standard that can be used for assessing the severity of identified vulnerabilities. Scores are calculated based on a formula with several metrics that approximate ease and impact of an exploit. In CVSS version 4.0 the scores can be mapped to qualitative ratings as follows: 1. Low: 0.1 - 3.9; 2. Medium: 4.0 - 6.9; 3. High: 7.0 - 8.9; and 4. Critical: 9.0 - 10.0. Basic Criteria, Additional Criteria, Supplementary Information Widely adopted formats on the configuration of system components and cloud services, the existing vulnerabilities, and the available patches and/or mitigation measures include, but are not limited to: 1. Software Bill of Materials (SBOM), 2. Common Vulnerabilities and Exposures (CVE) or European Vulnerability Database (EUVD), 3. Vulnerability, Exploitability eXchange (VEX); and 4. Common Security Advisory Frameworks (CSAF).","BSI Cloud Computing Compliance Criteria Catalogue (C5:2026), Version 1.0.1, Federal Office for Information Security (Germany) - KB 2/Germany/BSI Cloud Computing Compliance Controls Catalogue.pdf"
OPS-18-SI-02,OPS-18,About the Criteria,"OPS-18.01B, OPS-18.02B, OPS-18.03B",ISO/IEC 30111:2019 provides requirements and recommendations for prioritising and implementing measures to ensure the timely remediation or mitigation of identified vulnerabilities.,"BSI Cloud Computing Compliance Criteria Catalogue (C5:2026), Version 1.0.1, Federal Office for Information Security (Germany) - KB 2/Germany/BSI Cloud Computing Compliance Controls Catalogue.pdf"
OPS-18-SI-03,OPS-18,Complementary Customer Criteria,,Cloud service customers ensure with suitable controls that they check system components in their area of responsibility for vulnerabilities on a regular basis and mitigate these with appropriate measures.,"BSI Cloud Computing Compliance Criteria Catalogue (C5:2026), Version 1.0.1, Federal Office for Information Security (Germany) - KB 2/Germany/BSI Cloud Computing Compliance Controls Catalogue.pdf"
OPS-19-SI-01,OPS-19,About the Criteria,OPS-19.01B,"A crash is an incident that leads to a sudden and complete failure of a system or system component. It can be indicative of a larger problem, such as an attempted DDoS attack or an unmitigated vulnerability. A crash file is the dump of a system’s execution state, usually including contents of its storage or registers at the time of the crash (e.g. memory dump). Criteria for determining when an incident or crash triggering Security Incident Management (SIM) processes can include, but are not limited to, the incident or crash resulting in one or more of the following: 1. Failure to uphold internal security policies, contractual agreements or relevant legal and regulatory requirements; 2. Unauthorised access to cloud service customer data or system components used to provide the cloud service in the production environment; 3. Loss or exfiltration of cloud service customer data; 4. Unauthorised changes to system components used to provide the cloud service in the production environment; and 5. Failure to uphold the availability requirements contained in the service level agreement.","BSI Cloud Computing Compliance Criteria Catalogue (C5:2026), Version 1.0.1, Federal Office for Information Security (Germany) - KB 2/Germany/BSI Cloud Computing Compliance Controls Catalogue.pdf"
OPS-20-SI-01,OPS-20,Complementary Customer Criteria,,"– Basic Criteria, Additional Criteria, Supplementary Information","BSI Cloud Computing Compliance Criteria Catalogue (C5:2026), Version 1.0.1, Federal Office for Information Security (Germany) - KB 2/Germany/BSI Cloud Computing Compliance Controls Catalogue.pdf"
OPS-22-SI-01,OPS-22,About the Criteria,"OPS-22.01B, OPS-22.02B, OPS-22.03B, OPS-22.04B, OPS-22.05B, OPS-22.06B, OPS-22.07B, OPS-22.08B, OPS-22.01AS, OPS-22.02AS, OPS-22.03AS, OPS-22.01AC, OPS-22.02AC, OPS-22.03AC, OPS-22.04AC, OPS-22.05AC","See section ‘1.2 Definitions’ for the terms ‘penetration test’ and ‘significant change’. In contrast to vulnerability scans, which analyse code, penetration tests as referred to in this criterion mainly aim at probing the live system to uncover real-world vulnerabilities or weaknesses that only show up in the actual operation of the cloud service, thus creating the connection to criterion OPS-18. There are three types of penetration tests: 1. Black-box testing: Testing performed without prior knowledge of the internal structure/design/implementation of the object being tested; 2. Grey-box testing: Testing performed with partial knowledge of the internal structure/design/implementation of the object being tested; and 3. White-box testing: Testing performed with knowledge of the internal structure/design/implementation of the object being tested. It can further be distinguished between 1. Pre-launch penetration testing: Testing already performed as part of the software development process during the test phase of the cloud service (cf. DEV-07); and 2. Post-launch penetration testing: Testing carried out during the regular operations of the cloud service. Significant changes may include, but are not limited to, the following events: 1. Replacing core cloud infrastructure technologies or performing major version upgrades; 2. Moving between service organisations, such as switching to a new IaaS or data centre provider; 3. Material changes in the way cloud service customer data is processed and stored, such as new backup technologies or new regions from which the service is operated; 4. Replacing or performing major upgrades on security technologies such as authentication workflows, network security mechanisms or monitoring mechanisms; and 5. Material changes to the cloud service model or of functionality made available to the cloud service customer.","BSI Cloud Computing Compliance Criteria Catalogue (C5:2026), Version 1.0.1, Federal Office for Information Security (Germany) - KB 2/Germany/BSI Cloud Computing Compliance Controls Catalogue.pdf"
OPS-22-SI-02,OPS-22,About the Criteria,"OPS-22.01B, OPS-22.01AS","The qualification and competence of personnel for penetration tests can be verified based on professional certifications, e.g. as BSI-certified IS penetration tester or CREST-certified Cyber Security Professional.","BSI Cloud Computing Compliance Criteria Catalogue (C5:2026), Version 1.0.1, Federal Office for Information Security (Germany) - KB 2/Germany/BSI Cloud Computing Compliance Controls Catalogue.pdf"
OPS-22-SI-03,OPS-22,About the Criteria,"OPS-22.02B, OPS-22.02AS","How many penetration tests should be performed within a year depends on factors such as the size and complexity of the provided cloud service. If penetration tests follow multi-year test plans, these should be considered when determining the number and types of penetration tests to be performed within a year. Basic Criteria, Additional Criteria, Supplementary Information","BSI Cloud Computing Compliance Criteria Catalogue (C5:2026), Version 1.0.1, Federal Office for Information Security (Germany) - KB 2/Germany/BSI Cloud Computing Compliance Controls Catalogue.pdf"
OPS-22-SI-04,OPS-22,About the Criteria,"OPS-22.03B, OPS-22.03AS",The risk assessment should be used to identify the system components that are most critical for the provision of the cloud service or most relevant for penetration testing.,"BSI Cloud Computing Compliance Criteria Catalogue (C5:2026), Version 1.0.1, Federal Office for Information Security (Germany) - KB 2/Germany/BSI Cloud Computing Compliance Controls Catalogue.pdf"
OPS-22-SI-05,OPS-22,About the Criteria,"OPS-22.03B, OPS-22.05B",System components relevant to the provision of the cloud service in the area of responsibility of the cloud service provider can comprise such system components that are exposed at the external perimeter of the network or components accessible only from inside the network.,"BSI Cloud Computing Compliance Criteria Catalogue (C5:2026), Version 1.0.1, Federal Office for Information Security (Germany) - KB 2/Germany/BSI Cloud Computing Compliance Controls Catalogue.pdf"
OPS-22-SI-06,OPS-22,About the Criteria,OPS-22.04AC,"This subcriterion is only applicable if subcriterion OPS-22.03AS is applied as well. The risk-based scoping ensures that penetration tests focus on the areas most susceptible to security threats, improves business alignment and collaboration, and provides clear technical insight into which components require testing beyond standard risk evaluation. For the threat modelling process, a structured threat modelling approach such as STRIDE, DREAD, PASTA, or hybrid methodologies tailored for cloud environments can be used.","BSI Cloud Computing Compliance Criteria Catalogue (C5:2026), Version 1.0.1, Federal Office for Information Security (Germany) - KB 2/Germany/BSI Cloud Computing Compliance Controls Catalogue.pdf"
OPS-23-SI-01,OPS-23,About the Criteria,OPS-23.01B,"The assessment of the suitability, appropriateness and effectiveness of procedures for managing vulnerabilities and incidents may be based on the following information: 1. Regular reporting of KPIs (Key Performance Indicators) that are volume, time-based or resolution/quality-based; Basic Criteria, Additional Criteria, Supplementary Information 2. Customer complaints or the results of customer surveys about their satisfaction with the procedures; and 3. Results of internal or external audits. KPIs for vulnerabilities include, for example: 1. Mean Time to Detect (MTTD, average time it takes to discover a vulnerability from its disclosure or creation); 2. Mean Time to Remediate (MTTR, average time it takes to fix or patch a vulnerability after it has been detected); 3. Number of open vulnerabilities at each severity level; and 4. Percentage of vulnerabilities that have been patched within a set period. KPIs for incidents include, for example: 1. Number of incidents reported over a set period and how this evolved over the time; 2. Average response and resolution time; 3. Percentage of incidents resolved within the agreed-upon service level agreement; and 4. Percentage of incidents resolved during the first attempt for resolution.","BSI Cloud Computing Compliance Criteria Catalogue (C5:2026), Version 1.0.1, Federal Office for Information Security (Germany) - KB 2/Germany/BSI Cloud Computing Compliance Controls Catalogue.pdf"
OPS-24-SI-01,OPS-24,Complementary Customer Criteria,,"Cloud service customers ensure with suitable controls that they receive notifications from the cloud service provider regarding incidents that affect them, and that these notifications are forwarded in a timely manner to the department responsible for processing them so that appropriate action can be taken. Basic Criteria, Additional Criteria, Supplementary Information","BSI Cloud Computing Compliance Criteria Catalogue (C5:2026), Version 1.0.1, Federal Office for Information Security (Germany) - KB 2/Germany/BSI Cloud Computing Compliance Controls Catalogue.pdf"
OPS-25-SI-01,OPS-25,About the Criteria,"OPS-25.01B, OPS-25.01AS","In contrast to penetration tests (cf. OPS-22), which are carried out manually and according to an individual scheme, the check for open vulnerabilities is performed automatically, using so-called vulnerability scanners. Definitions of the terms ‘CVE’ and ‘EUVD’, as well as other vulnerability-related terms, can be found in the supplementary information of criterion OPS-18.01B. The software component data to be compared against up-to-date vulnerability databases can be, but does not have to be, obtained using a Software Bill of Materials (SBOM). Basic Criteria, Additional Criteria, Supplementary Information","BSI Cloud Computing Compliance Criteria Catalogue (C5:2026), Version 1.0.1, Federal Office for Information Security (Germany) - KB 2/Germany/BSI Cloud Computing Compliance Controls Catalogue.pdf"
OPS-25-SI-02,OPS-25,About the Criteria,OPS-25.01AC,An example of a framework for risk-based classification and definition of time frames can be: 1. Critical (CVSS = 9.0 - 10.0): 24 - 48 hours; 2. High (CVSS = 7.0 - 8.9): 48 - 72 hours; 3. Medium (CVSS = 4.0 - 6.9): 5 days; and 4. Low (CVSS = 0.1 - 3.9): 1 month.,"BSI Cloud Computing Compliance Criteria Catalogue (C5:2026), Version 1.0.1, Federal Office for Information Security (Germany) - KB 2/Germany/BSI Cloud Computing Compliance Controls Catalogue.pdf"
OPS-25-SI-03,OPS-25,Complementary Customer Criteria,,"Cloud service customers ensure with suitable controls that system components under their responsibility are regularly checked for vulnerabilities and to mitigate these by appropriate measures. If cloud service customers operate virtual machines or containers with the cloud service, this also includes performing vulnerability scans to ensure that secure images (so-called golden images) provided by either the cloud service provider or the cloud service customer themselves are used.","BSI Cloud Computing Compliance Criteria Catalogue (C5:2026), Version 1.0.1, Federal Office for Information Security (Germany) - KB 2/Germany/BSI Cloud Computing Compliance Controls Catalogue.pdf"
OPS-26-SI-01,OPS-26,About the Criteria,"OPS-26.01B, OPS-26.05B, OPS-26.05AS","System components in the sense of the criterion are the objects required for the information security of the cloud service during the creation, processing, storage, transmission, deletion or destruction of information in the cloud service provider’s area of responsibility, e.g. firewalls, load balancers, web servers, application servers and database servers. These system components in turn consist of hardware and software objects. This criterion is limited to software objects such as hypervisors, operating systems, databases, programming interfaces (APIs), images (e.g. for virtual machines and containers) and applications for logging and monitoring security events.","BSI Cloud Computing Compliance Criteria Catalogue (C5:2026), Version 1.0.1, Federal Office for Information Security (Germany) - KB 2/Germany/BSI Cloud Computing Compliance Controls Catalogue.pdf"
OPS-26-SI-02,OPS-26,About the Criteria,OPS-26.01B,"Generally accepted industry standards are, for example, the Security Configuration Benchmark of the Centre for Internet Security (CIS) or the corresponding modules in the BSI IT-Grundschutz-Compendium.","BSI Cloud Computing Compliance Criteria Catalogue (C5:2026), Version 1.0.1, Federal Office for Information Security (Germany) - KB 2/Germany/BSI Cloud Computing Compliance Controls Catalogue.pdf"
OPS-26-SI-03,OPS-26,About the Criteria,OPS-26.04B,The configuration and log files for non-modifiable images include e.g.: 1. Configuration of the images used with regards to implemented hardening; 2. Specifications including version history; and 3. Logs for file integrity monitoring of images in productive use.,"BSI Cloud Computing Compliance Criteria Catalogue (C5:2026), Version 1.0.1, Federal Office for Information Security (Germany) - KB 2/Germany/BSI Cloud Computing Compliance Controls Catalogue.pdf"
OPS-26-SI-04,OPS-26,About the Criteria,"OPS-26.05B, OPS-26.05AS",Compliance with hardening specifications can be monitored with e.g. file integrity monitoring.,"BSI Cloud Computing Compliance Criteria Catalogue (C5:2026), Version 1.0.1, Federal Office for Information Security (Germany) - KB 2/Germany/BSI Cloud Computing Compliance Controls Catalogue.pdf"
OPS-26-SI-05,OPS-26,Complementary Customer Criteria,,Cloud service customers ensure with suitable controls that layers of the cloud service which are under their responsibility are hardened according to generally established and accepted industry standards. The hardening specifications applied are derived from a risk assessment of the planned usage of the cloud service.,"BSI Cloud Computing Compliance Criteria Catalogue (C5:2026), Version 1.0.1, Federal Office for Information Security (Germany) - KB 2/Germany/BSI Cloud Computing Compliance Controls Catalogue.pdf"
OPS-27-SI-01,OPS-27,About the Criteria,"OPS-27.01B, OPS-27.02B, OPS-27.03B, OPS-27.04B, OPS-27.03AS","Patches are defined as software updates to systems components with the goal of increasing security by addressing issues, vulnerabilities or exploits.","BSI Cloud Computing Compliance Criteria Catalogue (C5:2026), Version 1.0.1, Federal Office for Information Security (Germany) - KB 2/Germany/BSI Cloud Computing Compliance Controls Catalogue.pdf"
OPS-27-SI-02,OPS-27,About the Criteria,OPS-27.01B,"What constitutes as timely in the sense of this subcriterion depends on the criticality of the patched issue, vulnerability or exploit.","BSI Cloud Computing Compliance Criteria Catalogue (C5:2026), Version 1.0.1, Federal Office for Information Security (Germany) - KB 2/Germany/BSI Cloud Computing Compliance Controls Catalogue.pdf"
OPS-27-SI-03,OPS-27,About the Criteria,OPS-27.04B,"The scans performed after the application of a patch can, but do not have to be, restricted to the system components to which the patch was applied.","BSI Cloud Computing Compliance Criteria Catalogue (C5:2026), Version 1.0.1, Federal Office for Information Security (Germany) - KB 2/Germany/BSI Cloud Computing Compliance Controls Catalogue.pdf"
OPS-29-SI-01,OPS-29,Complementary Customer Criteria,,"– Basic Criteria, Additional Criteria, Supplementary Information","BSI Cloud Computing Compliance Criteria Catalogue (C5:2026), Version 1.0.1, Federal Office for Information Security (Germany) - KB 2/Germany/BSI Cloud Computing Compliance Controls Catalogue.pdf"
OPS-30-SI-01,OPS-30,About the Criteria,OPS-30.01B,"The policies and procedures of this criteria are meant to serve as an umbrella guideline for all cyber security measures against all threats that stem from sharing physical or virtual resources and that lead to a loss of separation of data sets. Ideally, the cloud service provider has already ensured the separation of data sets between different customers and between customers and cloud service provider via all other policies, procedures and the corresponding measures. The systematic approach of the policies and procedures addressed by this criterion ensures that no aspect of this separation is overlooked. It also provides a good basis to explain the cyber security of the cloud service to the customer in an appealing manner (cf. PSS-01). Cloud layers in the sense of this criterion can be found in the CISA Cloud Security Technical Reference Architecture. The layers provided in version 2.0 of this document include identity, credential and access management, data, networking, applications, runtime, middleware, operating systems, virtualisation, servers, storage and physical security. The cloud service provider may use its own categorisation of cloud layers as appropriate for the provided cloud service. There are nine combinations for confidentiality, integrity and availability with prevention, detection and reaction. Applying this to every cloud layer may lead to a large number of combinations. However, depending on the cloud service, it can be acceptable that it may not be possible to provide meaningful information in the policy for every possible combination of prevention, detection and reaction as well as confidentiality, integrity and availability. Those cases should be comprehensibly documented in the policies and procedures.","BSI Cloud Computing Compliance Criteria Catalogue (C5:2026), Version 1.0.1, Federal Office for Information Security (Germany) - KB 2/Germany/BSI Cloud Computing Compliance Controls Catalogue.pdf"
OPS-30-SI-02,OPS-30,Complementary Customer Criteria,,"– Basic Criteria, Additional Criteria, Supplementary Information","BSI Cloud Computing Compliance Criteria Catalogue (C5:2026), Version 1.0.1, Federal Office for Information Security (Germany) - KB 2/Germany/BSI Cloud Computing Compliance Controls Catalogue.pdf"
OPS-31-SI-01,OPS-31,About the Criteria,OPS-31.02B,"Shared resources include CPU, RAM, storage space and networks. The separation of cloud service customer data on shared resources can take place, for example, in accordance with cloud layers described in the CISA Cloud Security Technical Reference Architecture. The separation on each shared resource is implemented as deemed appropriate based on the conducted risk assessment, which might also include not implementing a cryptographic separation for certain shared resources. Where the adequacy and effectiveness of separation cannot be assessed with reasonable assurance (e.g. due to complex implementation), evidence may also be provided through expert third-party review results (e.g. penetration tests to validate the policies and procedures). The separation of transmitted data is subject to criterion COS-06.","BSI Cloud Computing Compliance Criteria Catalogue (C5:2026), Version 1.0.1, Federal Office for Information Security (Germany) - KB 2/Germany/BSI Cloud Computing Compliance Controls Catalogue.pdf"
OPS-31-SI-02,OPS-31,Complementary Customer Criteria,,"Cloud service customers ensure with suitable controls that the functions provided by the cloud service for separating shared virtual and physical resources are used in such way that risks related to separation are adequately addressed according to the data’s protection needs. Basic Criteria, Additional Criteria, Supplementary Information","BSI Cloud Computing Compliance Criteria Catalogue (C5:2026), Version 1.0.1, Federal Office for Information Security (Germany) - KB 2/Germany/BSI Cloud Computing Compliance Controls Catalogue.pdf"
OPS-32-SI-01,OPS-32,About the Criteria,"OPS-32.01B, OPS-32.02B, OPS-32.03B, OPS-32.01AC","Confidential computing as defined by the Confidential Computing Consortium and within the meaning of this criterion is the protection of data ‘in use’ by performing computation in a hardware-based, attested Trusted Execution Environment (TEE). A TEE represents an isolated part within a system that provides a specially protected runtime environment. The TEE can be part of the main processor (CPU) or part of the system-on-chip (SoC). Generally, a TEE enforces that only authorised code can execute within the TEE and data used by that code cannot be read or tampered with by code outside the TEE. The attestation of the TEE and the application running within the TEE serve to validate the trustworthiness of the processing. Confidential computing measures include the implementation and monitoring of technical and organisational controls to ensure the secure deployment and operation of confidential computing technologies. Such measures may include the validation of TEE configurations, continuous attestation processes, monitoring for unauthorised code changes, and lifecycle management of attested environments.","BSI Cloud Computing Compliance Criteria Catalogue (C5:2026), Version 1.0.1, Federal Office for Information Security (Germany) - KB 2/Germany/BSI Cloud Computing Compliance Controls Catalogue.pdf"
OPS-33-SI-01,OPS-33,About the Criteria,OPS-33.03B,The attestation interface allows customers to securely retrieve attestation evidence from the confidential computing environment. Verification of this evidence may be performed by the customer or by trusted third-party services.,"BSI Cloud Computing Compliance Criteria Catalogue (C5:2026), Version 1.0.1, Federal Office for Information Security (Germany) - KB 2/Germany/BSI Cloud Computing Compliance Controls Catalogue.pdf"
OPS-33-SI-02,OPS-33,About the Criteria,OPS-33.01AC,"Remote attestation can be performed at different locations and with different trust levels: 1. Cloud service customers retrieve evidence from TEEs and perform verification in an environment fully trusted by them. This scenario is generally assumed to provide a very strong attestation; 2. Cloud service providers retrieve evidence from TEEs, perform verification in verification services they control and provide verification results and evidence to the cloud service customer. Cloud service customers verify the attestation evidence in an environment fully trusted by them. This scenario is generally assumed to provide a very strong attestation; 3. Cloud service customers retrieve evidence from TEEs and send it to an evidence verification service they trust. This scenario is generally assumed to provide a strong attestation; and 4. Cloud service providers retrieve evidence from TEEs, send it to a verification service in their control and only return verification result to cloud service customers. This scenario is generally assumed to provide a weak attestation.","BSI Cloud Computing Compliance Criteria Catalogue (C5:2026), Version 1.0.1, Federal Office for Information Security (Germany) - KB 2/Germany/BSI Cloud Computing Compliance Controls Catalogue.pdf"
OPS-34-SI-01,OPS-34,About the Criteria,OPS-34.01AC,"In case of third-party and open source software products used for the provision of container images, scanning procedures comply with the policies and procedures defined in DEV-14.","BSI Cloud Computing Compliance Criteria Catalogue (C5:2026), Version 1.0.1, Federal Office for Information Security (Germany) - KB 2/Germany/BSI Cloud Computing Compliance Controls Catalogue.pdf"
OPS-34-SI-02,OPS-34,Complementary Customer Criteria,,"– Basic Criteria, Additional Criteria, Supplementary Information","BSI Cloud Computing Compliance Criteria Catalogue (C5:2026), Version 1.0.1, Federal Office for Information Security (Germany) - KB 2/Germany/BSI Cloud Computing Compliance Controls Catalogue.pdf"
OPS-35-SI-01,OPS-35,Complementary Customer Criteria,,– 5.7 Identity and Access Management (IAM) Objective: Secure the authorisation and authentication of users of the cloud service provider to prevent unauthorised access.,"BSI Cloud Computing Compliance Criteria Catalogue (C5:2026), Version 1.0.1, Federal Office for Information Security (Germany) - KB 2/Germany/BSI Cloud Computing Compliance Controls Catalogue.pdf"
IAM-01-SI-01,IAM-01,About the Criteria,IAM-01.01B,"External personnel includes freelancers, temporary workers, suppliers and service providers with access to system components.","BSI Cloud Computing Compliance Criteria Catalogue (C5:2026), Version 1.0.1, Federal Office for Information Security (Germany) - KB 2/Germany/BSI Cloud Computing Compliance Controls Catalogue.pdf"
IAM-01-SI-02,IAM-01,About the Criteria,IAM-01.02B,"System components in the sense of the criterion are defined in OPS-26. Automated authorisation processes in the sense of this basic criterion concern procedures for automated software provisioning (continuous delivery) as well as for automated provisioning and deprovisioning of identities and access rights based on approved requests. For containers, identities and access rights should be managed according to a regulated process, especially for automated authorisation processes in container environments. Basic Criteria, Additional Criteria, Supplementary Information If a cloud service provider uses alternative access methods for which it is not possible or feasible to block and remove identities (such as time-bounded access methods), limiting the access to an identity is an another solution for handling inactivity that fulfils this subcriterion.","BSI Cloud Computing Compliance Criteria Catalogue (C5:2026), Version 1.0.1, Federal Office for Information Security (Germany) - KB 2/Germany/BSI Cloud Computing Compliance Controls Catalogue.pdf"
IAM-01-SI-03,IAM-01,About the Criteria,"IAM-01.01B, IAM-01.02B","Requirements for physical access control in accordance with the policy for identities and access rights are specified in more detail in the physical access control policy (cf. PS-04). If the cloud service provider offers federated identity services, in particular if the cloud service provider offers these services as a cloud service broker, the documents defined in these subcriteria should recognise the complexity of the particular cloud service architecture. This can include, but is not limited to, the following aspects: 1. Management of the trust boundaries between the different parties involved in the authentication process of a federated identity; 2. Propagation of identity management-related events across all parties involved in the authentication process of a federated identity; 3. Logging of events related to the authentication process of a federated identity; and 4. Notification of cloud service customers in case of a federation credential being compromised or a trust boundary being violated.","BSI Cloud Computing Compliance Criteria Catalogue (C5:2026), Version 1.0.1, Federal Office for Information Security (Germany) - KB 2/Germany/BSI Cloud Computing Compliance Controls Catalogue.pdf"
IAM-01-SI-04,IAM-01,About the Criteria,IAM-01.03B,"Based on this list, the cloud service provider is able to review the cloud-based access rights of the given identity. ‘Cloud-based’ in this case refers to all of the access rights that are within the scope of the cloud service provider’s system of internal control.","BSI Cloud Computing Compliance Criteria Catalogue (C5:2026), Version 1.0.1, Federal Office for Information Security (Germany) - KB 2/Germany/BSI Cloud Computing Compliance Controls Catalogue.pdf"
IAM-01-SI-05,IAM-01,About the Criteria,IAM-01.01AC,"A review can be carried out manually or via automated manners. In a monthly review, suspicious behaviours like e.g. access failures over a larger time frame (e.g. once a day) or consecutive logins from different countries may show up that a SIEM that only analyses real-time login attemps may overlook.","BSI Cloud Computing Compliance Criteria Catalogue (C5:2026), Version 1.0.1, Federal Office for Information Security (Germany) - KB 2/Germany/BSI Cloud Computing Compliance Controls Catalogue.pdf"
IAM-02-SI-01,IAM-02,About the Criteria,IAM-02.01B,"This criterion applies to identities that refer to single, multiple or non-human entities.","BSI Cloud Computing Compliance Criteria Catalogue (C5:2026), Version 1.0.1, Federal Office for Information Security (Germany) - KB 2/Germany/BSI Cloud Computing Compliance Controls Catalogue.pdf"
IAM-03-SI-01,IAM-03,About the Criteria,"IAM-03.01B, IAM-03.02B, IAM-03.03B, IAM-03.04B, IAM-03.03AS, IAM-03.01AC, IAM-03.02AC, IAM-03.03AC","This criterion applies to identities that refer to single, multiple or non-human entities.","BSI Cloud Computing Compliance Criteria Catalogue (C5:2026), Version 1.0.1, Federal Office for Information Security (Germany) - KB 2/Germany/BSI Cloud Computing Compliance Controls Catalogue.pdf"
IAM-03-SI-02,IAM-03,About the Criteria,IAM-03.02B,"Locking can result from a longer absence of the personnel, for example, due to illness, parental leave, or sabbatical. Multiple failed login attempts can be indications of brute force attacks.","BSI Cloud Computing Compliance Criteria Catalogue (C5:2026), Version 1.0.1, Federal Office for Information Security (Germany) - KB 2/Germany/BSI Cloud Computing Compliance Controls Catalogue.pdf"
IAM-03-SI-03,IAM-03,About the Criteria,"IAM-03.03B, IAM-03.03AS","This process can be performed automatically, or manually by authorised personnel.","BSI Cloud Computing Compliance Criteria Catalogue (C5:2026), Version 1.0.1, Federal Office for Information Security (Germany) - KB 2/Germany/BSI Cloud Computing Compliance Controls Catalogue.pdf"
IAM-03-SI-04,IAM-03,About the Criteria,IAM-03.04B,"This exception mechanism should be implemented as part of the business continuity and emergency management system (cf. BCM-01), as cases where all identities needed to manage the situation described in IAM-03.03B are potentially compromised constitute an emergency.","BSI Cloud Computing Compliance Criteria Catalogue (C5:2026), Version 1.0.1, Federal Office for Information Security (Germany) - KB 2/Germany/BSI Cloud Computing Compliance Controls Catalogue.pdf"
IAM-03-SI-05,IAM-03,About the Criteria,IAM-03.01AC,"The context of an authentication attempt can, but does not have to, include IP addresses, the date and time, or the device used.","BSI Cloud Computing Compliance Criteria Catalogue (C5:2026), Version 1.0.1, Federal Office for Information Security (Germany) - KB 2/Germany/BSI Cloud Computing Compliance Controls Catalogue.pdf"
IAM-04-SI-01,IAM-04,About the Criteria,"IAM-04.01B, IAM-04.02B, IAM-04.03B, IAM-04.04B, IAM-04.05B","This criterion applies to identities that refer to single, multiple or non-human entities.","BSI Cloud Computing Compliance Criteria Catalogue (C5:2026), Version 1.0.1, Federal Office for Information Security (Germany) - KB 2/Germany/BSI Cloud Computing Compliance Controls Catalogue.pdf"
IAM-04-SI-02,IAM-04,About the Criteria,IAM-04.01B,"Changes in the task area of internal and external personnel can be triggered by changes in the employment relationship (e.g. termination, transfer) or in contracts and agreements.","BSI Cloud Computing Compliance Criteria Catalogue (C5:2026), Version 1.0.1, Federal Office for Information Security (Germany) - KB 2/Germany/BSI Cloud Computing Compliance Controls Catalogue.pdf"
IAM-04-SI-03,IAM-04,About the Criteria,IAM-04.02B,For privileged access rights the definition in IAM-06 applies.,"BSI Cloud Computing Compliance Criteria Catalogue (C5:2026), Version 1.0.1, Federal Office for Information Security (Germany) - KB 2/Germany/BSI Cloud Computing Compliance Controls Catalogue.pdf"
IAM-05-SI-01,IAM-05,About the Criteria,"IAM-05.01B, IAM-05.02B, IAM-05.03B, IAM-05.04B, IAM-05.05B","This criterion applies to identities that refer to single, multiple or non-human entities. As an alternative to the regular reviews of access rights, time-bound access rights that automatically expire may also be issued.","BSI Cloud Computing Compliance Criteria Catalogue (C5:2026), Version 1.0.1, Federal Office for Information Security (Germany) - KB 2/Germany/BSI Cloud Computing Compliance Controls Catalogue.pdf"
IAM-05-SI-02,IAM-05,About the Criteria,"IAM-05.01B, IAM-05.01AC","If a review is caused by significant changes to the cloud service, only the identities and access rights affected by the change need to be included in the review.","BSI Cloud Computing Compliance Criteria Catalogue (C5:2026), Version 1.0.1, Federal Office for Information Security (Germany) - KB 2/Germany/BSI Cloud Computing Compliance Controls Catalogue.pdf"
IAM-05-SI-03,IAM-05,About the Criteria,IAM-05.05B,"The system components meant here are system components in development, test or any other non-productive environments. Orphan resources are system components that have no assigned owner.","BSI Cloud Computing Compliance Criteria Catalogue (C5:2026), Version 1.0.1, Federal Office for Information Security (Germany) - KB 2/Germany/BSI Cloud Computing Compliance Controls Catalogue.pdf"
IAM-06-SI-01,IAM-06,About the Criteria,"IAM-06.01B, IAM-06.02B, IAM-06.03B, IAM-06.04B, IAM-06.05B, IAM-06.06B, IAM-06.07B, IAM-06.08B, IAM-06.09B, IAM-06.01AC, IAM-06.02AC, IAM-06.03AC, IAM-06.04AC","Privileged access rights in the sense of the criterion are those that enable personnel of the cloud service provider to perform any of the following activities: Basic Criteria, Additional Criteria, Supplementary Information 1. Read or write access to the cloud service customers data processed, stored or transmitted in the cloud service, unless such data is encrypted or the encryption can be deactivated for access by the cloud service provider; and 2. Changes to the operational and/or security configuration of the system components in the production environment, in particular the starting, stopping, deleting or deactivating of system components, if this can affect the confidentiality, integrity or availability of the cloud service customers data (also indirectly, e.g. by deactivating the logging and monitoring of security-relevant events).","BSI Cloud Computing Compliance Criteria Catalogue (C5:2026), Version 1.0.1, Federal Office for Information Security (Germany) - KB 2/Germany/BSI Cloud Computing Compliance Controls Catalogue.pdf"
IAM-06-SI-02,IAM-06,About the Criteria,IAM-06.06B,"Responsible personnel for events that may indicate misuse can be e.g. the personnel of the cloud service provider’s security operations centre. Misused privileged access rights can be treated e.g. as a security incident, cf. SIM-01.","BSI Cloud Computing Compliance Criteria Catalogue (C5:2026), Version 1.0.1, Federal Office for Information Security (Germany) - KB 2/Germany/BSI Cloud Computing Compliance Controls Catalogue.pdf"
IAM-06-SI-03,IAM-06,About the Criteria,IAM-06.02AC,"If a review is caused by significant changes to the cloud service, only the parts of the list that are affected by the change need to be included in the review.","BSI Cloud Computing Compliance Criteria Catalogue (C5:2026), Version 1.0.1, Federal Office for Information Security (Germany) - KB 2/Germany/BSI Cloud Computing Compliance Controls Catalogue.pdf"
IAM-07-SI-01,IAM-07,About the Criteria,IAM-07.01AC,"This subcriterion is only applicable if subcriterion IAM-07.03S is also applied. Seeking prior consent might, for example, not be feasible where the cloud service needs to be troubleshot to preserve the confidentiality, integrity and availability of cloud service customer data.","BSI Cloud Computing Compliance Criteria Catalogue (C5:2026), Version 1.0.1, Federal Office for Information Security (Germany) - KB 2/Germany/BSI Cloud Computing Compliance Controls Catalogue.pdf"
IAM-07-SI-02,IAM-07,About the Criteria,"IAM-07.04B, IAM-07.04AS","Subject matter experts in the sense of this basic criterion are personnel from e.g. IT, Compliance or Internal Audit.","BSI Cloud Computing Compliance Criteria Catalogue (C5:2026), Version 1.0.1, Federal Office for Information Security (Germany) - KB 2/Germany/BSI Cloud Computing Compliance Controls Catalogue.pdf"
IAM-07-SI-03,IAM-07,About the Criteria,"IAM-07.03B, IAM-07.04B, IAM-07.05B, IAM-07.06B, IAM-07.03AS, IAM-07.04AS, IAM-07.01AC, IAM-07.02AC, IAM-07.03AC","Access to cloud service customer data also entails disclosure of data as part of investigation requests according to INQ-03. These are to be communicated to cloud service customers as far as it is legally not forbidden. The criterion aims at minimising the cloud service provider’s capability to access cloud service customer data. Minimisation of the cloud service provider’s possibility to access cloud service customer data is often a question related to the radius of the collusion circle. For example, if the four-eyes principle for access is applied and the access is being logged, then three people make up the collusion circle. In order to build trust into such access statements, the cloud service provider should describe in the system description the measures taken to enlargen the collusion circle.","BSI Cloud Computing Compliance Criteria Catalogue (C5:2026), Version 1.0.1, Federal Office for Information Security (Germany) - KB 2/Germany/BSI Cloud Computing Compliance Controls Catalogue.pdf"
IAM-07-SI-04,IAM-07,About the Criteria,"IAM-07.04B, IAM-07.04AS","The geographic location of the access provided to the cloud service customer need not be a GPS location, but should at least be as precise as the country from which the access has been or is meant to be performed.","BSI Cloud Computing Compliance Criteria Catalogue (C5:2026), Version 1.0.1, Federal Office for Information Security (Germany) - KB 2/Germany/BSI Cloud Computing Compliance Controls Catalogue.pdf"
IAM-07-SI-05,IAM-07,About the Criteria,"IAM-07.02AC, IAM-07.03AC",The cloud service provider should make details about how the supervised access is performed accessible to cloud service customers.,"BSI Cloud Computing Compliance Criteria Catalogue (C5:2026), Version 1.0.1, Federal Office for Information Security (Germany) - KB 2/Germany/BSI Cloud Computing Compliance Controls Catalogue.pdf"
IAM-07-SI-06,IAM-07,About the Criteria,IAM-07.04AC,"The separation should be designed and implemented such that customer administrators can access the cloud service even when the end user interfaces are unavailable. Basic Criteria, Additional Criteria, Supplementary Information","BSI Cloud Computing Compliance Criteria Catalogue (C5:2026), Version 1.0.1, Federal Office for Information Security (Germany) - KB 2/Germany/BSI Cloud Computing Compliance Controls Catalogue.pdf"
IAM-07-SI-07,IAM-07,Complementary Customer Criteria,,"Cloud service customers ensure with suitable controls that their contracts with the cloud service provider include a comprehensive list of all instances where the provider might access customer data in an unencrypted form. Cloud service customers verify that these conditions are thoroughly documented before engaging the services, allowing them to make informed decisions about data security and compliance. Cloud service customers ensure with suitable controls that they provide a response to data access requests by the cloud service provider within a specified time frame as agreed upon in the contractual agreements.","BSI Cloud Computing Compliance Criteria Catalogue (C5:2026), Version 1.0.1, Federal Office for Information Security (Germany) - KB 2/Germany/BSI Cloud Computing Compliance Controls Catalogue.pdf"
IAM-08-SI-01,IAM-08,About the Criteria,IAM-08.02B,Multi-factor authentication implies that different sources for identity verification are used. This applies both to human users and automated processes. Human users may use different factors like a password and a hardware token. Multi-factor authentication for automated processes implies using independent sources for identity verification like e.g. cryptographic keys and a short term token from another source.,"BSI Cloud Computing Compliance Criteria Catalogue (C5:2026), Version 1.0.1, Federal Office for Information Security (Germany) - KB 2/Germany/BSI Cloud Computing Compliance Controls Catalogue.pdf"
IAM-08-SI-02,IAM-08,About the Criteria,"IAM-08.02AS, IAM-08.03AS","These environments include production, development, test and staging environments.","BSI Cloud Computing Compliance Criteria Catalogue (C5:2026), Version 1.0.1, Federal Office for Information Security (Germany) - KB 2/Germany/BSI Cloud Computing Compliance Controls Catalogue.pdf"
IAM-09-SI-01,IAM-09,About the Criteria,"IAM-09.01B, IAM-09.02B, IAM-09.03B, IAM-09.01AC",Authentication information as referred to in the basic criterion is cloud service provider data.,"BSI Cloud Computing Compliance Criteria Catalogue (C5:2026), Version 1.0.1, Federal Office for Information Security (Germany) - KB 2/Germany/BSI Cloud Computing Compliance Controls Catalogue.pdf"
IAM-09-SI-02,IAM-09,About the Criteria,IAM-09.07B,This subcriterion is only applicable to password-based authentication schemes.,"BSI Cloud Computing Compliance Criteria Catalogue (C5:2026), Version 1.0.1, Federal Office for Information Security (Germany) - KB 2/Germany/BSI Cloud Computing Compliance Controls Catalogue.pdf"
IAM-09-SI-03,IAM-09,About the Criteria,IAM-09.01AC,"Insofar as this is legally binding, declarations can be signed using an electronic signature.","BSI Cloud Computing Compliance Criteria Catalogue (C5:2026), Version 1.0.1, Federal Office for Information Security (Germany) - KB 2/Germany/BSI Cloud Computing Compliance Controls Catalogue.pdf"
IAM-09-SI-04,IAM-09,Complementary Customer Criteria,,"– 5.8 Cryptography and Key Management (CRY) Objective: Ensure appropriate and effective use of cryptography to protect the confidentiality, authenticity or integrity of information.","BSI Cloud Computing Compliance Criteria Catalogue (C5:2026), Version 1.0.1, Federal Office for Information Security (Germany) - KB 2/Germany/BSI Cloud Computing Compliance Controls Catalogue.pdf"
CRY-01-SI-01,CRY-01,About the Criteria,"CRY-01.01B, CRY-01.02B, CRY-01.01AC, CRY-01.02AC","The following Technical Guidelines (valid at the given time) provide recommendations and key lengths for state of the art cryptographic mechanisms: 1. BSI TR-02102-1 Cryptographic Mechanisms: Recommendations and Key Lengths; 2. BSI TR-02102-2 Cryptographic Mechanisms: Recommendations and Key Lengths – Use of Transport Layer Security (TLS); 3. BSI TR-02102-3 Cryptographic Mechanisms: Recommendations and Key Lengths – Use of Internet Protocol Security (IPSec) and Internet Key Exchange (IKEv2); and 4. BSI TR-02102-4 Cryptographic Mechanisms: Recommendations and Key Lengths – Use of Secure Shell (SSH). A change management process in the sense of the basic criterion can either be covered by the standard change management process described in DEV-03 or can be implemented as a separate process. Basic Criteria, Additional Criteria, Supplementary Information","BSI Cloud Computing Compliance Criteria Catalogue (C5:2026), Version 1.0.1, Federal Office for Information Security (Germany) - KB 2/Germany/BSI Cloud Computing Compliance Controls Catalogue.pdf"
CRY-01-SI-02,CRY-01,About the Criteria,CRY-01.01B,"Crypto-agility refers to the ability to change the used cryptographic mechanisms or implementation of such mechanisms, e.g. in such a way that a transition to larger key lengths and stronger cryptographic mechanisms is possible. For further information, please refer to BSI TR-02102-1.","BSI Cloud Computing Compliance Criteria Catalogue (C5:2026), Version 1.0.1, Federal Office for Information Security (Germany) - KB 2/Germany/BSI Cloud Computing Compliance Controls Catalogue.pdf"
CRY-01-SI-03,CRY-01,About the Criteria,"CRY-01.01AC, CRY-01.02AC, CRY-01.03AC","Recommendations for the migration to PQC and future-proof use of cryptography are provided, for example, in: 1. The BSI guideline ‘Quantum-safe cryptography – fundamentals, current developments and recommendations’; 2. The roadmap ‘A Coordinated Implementation Roadmap for the Transition to Post-Quantum Cryptography’ published by the European Commission; and 3. The preliminary drafts for the NIST publication ‘NIST SP 1800-38: Migration to Post-Quantum Cryptography: Preparation for Considering the Implementation and Adoption of Quantum Safe Cryptography’.","BSI Cloud Computing Compliance Criteria Catalogue (C5:2026), Version 1.0.1, Federal Office for Information Security (Germany) - KB 2/Germany/BSI Cloud Computing Compliance Controls Catalogue.pdf"
CRY-01-SI-04,CRY-01,About the Criteria,CRY-01.02AC,"Hybrid cryptography models, as defined in the context of post-quantum cryptography (PQC), combine classical and quantum-safe mechanisms to ensure that the system remains secure even if one component is compromised. The purpose of such models is to provide long-term protection against threats such as ‘store now, decrypt later’ and other attacks based on classical or quantum computing.","BSI Cloud Computing Compliance Criteria Catalogue (C5:2026), Version 1.0.1, Federal Office for Information Security (Germany) - KB 2/Germany/BSI Cloud Computing Compliance Controls Catalogue.pdf"
CRY-01-SI-05,CRY-01,About the Criteria,CRY-01.03AC,The risk assessment as part of the Post-Quantum-Cryptography strategy should consider: 1. The threat landscape posed by advancements in quantum computing; 2. Advancements in cryptographic mechanisms that are deemed secure against attackers in possession of a quantum computer; 3. Vulnerabilities inherent to the cryptographic mechanism; and 4. Vulnerabilities resulting from how cryptographic mechanisms are deployed (e.g. keys which are in use for an extended period of time and the data protected by those keys could already be harvested today and decrypted at a later date).,"BSI Cloud Computing Compliance Criteria Catalogue (C5:2026), Version 1.0.1, Federal Office for Information Security (Germany) - KB 2/Germany/BSI Cloud Computing Compliance Controls Catalogue.pdf"
CRY-02-SI-01,CRY-02,About the Criteria,CRY-02.01B,"When performing the evaluation of the potential impact of changes, the cloud service provider should consider the complexity of the distributed architecture of its cloud service.","BSI Cloud Computing Compliance Criteria Catalogue (C5:2026), Version 1.0.1, Federal Office for Information Security (Germany) - KB 2/Germany/BSI Cloud Computing Compliance Controls Catalogue.pdf"
CRY-02-SI-02,CRY-02,Complementary Customer Criteria,,"Cloud service customers ensure with suitable controls that, if notified about any changes to cryptographic systems by the cloud service provider, they engage actively in a thorough evaluation of potential impacts on their usage of the cloud service.","BSI Cloud Computing Compliance Criteria Catalogue (C5:2026), Version 1.0.1, Federal Office for Information Security (Germany) - KB 2/Germany/BSI Cloud Computing Compliance Controls Catalogue.pdf"
CRY-03-SI-01,CRY-03,About the Criteria,CRY-03.01B,"Further criteria for key management are found in criteria CRY-06, CRY-07, CRY-09 - CRY-19 Basic Criteria, Additional Criteria, Supplementary Information","BSI Cloud Computing Compliance Criteria Catalogue (C5:2026), Version 1.0.1, Federal Office for Information Security (Germany) - KB 2/Germany/BSI Cloud Computing Compliance Controls Catalogue.pdf"
CRY-03-SI-02,CRY-03,About the Criteria,CRY-03.02B,The cloud service provider applies the cryptographic change management process (cf. CRY-02) when updating the cryptographic practices to align with the state of the art.,"BSI Cloud Computing Compliance Criteria Catalogue (C5:2026), Version 1.0.1, Federal Office for Information Security (Germany) - KB 2/Germany/BSI Cloud Computing Compliance Controls Catalogue.pdf"
CRY-04-SI-01,CRY-04,About the Criteria,"CRY-04.01B, CRY-04.02B, CRY-04.01AS","When transmitting data with normal protection needs within the cloud service provider’s infrastructure, encryption is not mandatory provided that the data is not transmitted via public networks. In this case, the non-public environment of the cloud service provider can generally be deemed trusted. Configuration of the TLS protocol should comply with the recommendations of the (current) version of the BSI Technical Guideline TR-02102-2 ‘Cryptographic Procedures: Recommendations and key lengths. Part 2 - Use of Transport Layer Security (TLS)’. Cipher Suites should provide Perfect Forward Secrecy. Generally, wildcard certificates should not be used.","BSI Cloud Computing Compliance Criteria Catalogue (C5:2026), Version 1.0.1, Federal Office for Information Security (Germany) - KB 2/Germany/BSI Cloud Computing Compliance Controls Catalogue.pdf"
CRY-04-SI-02,CRY-04,Complementary Customer Criteria,,"Cloud service customers ensure with suitable controls for those parts of the cloud service under their responsibility that their data is transmitted over encrypted connections in accordance with the respective protection needs. Basic Criteria, Additional Criteria, Supplementary Information","BSI Cloud Computing Compliance Criteria Catalogue (C5:2026), Version 1.0.1, Federal Office for Information Security (Germany) - KB 2/Germany/BSI Cloud Computing Compliance Controls Catalogue.pdf"
CRY-05-SI-01,CRY-05,About the Criteria,"CRY-05.02B, CRY-05.03B, CRY-05.04B, CRY-05.01AC","The requirement of ‘accessible only by the cloud service customer’ means that encryption keys remain solely within the knowledge and control of the owner. This can be addressed by implementing a secure key management system. If a key management system is used, the keys need to be protected from usage not explicitly authorised by the owner of the key and remain inaccessible in plaintext. This criterion does not apply to data that cannot be encrypted for the provision of the cloud service for functional reasons.","BSI Cloud Computing Compliance Criteria Catalogue (C5:2026), Version 1.0.1, Federal Office for Information Security (Germany) - KB 2/Germany/BSI Cloud Computing Compliance Controls Catalogue.pdf"
CRY-05-SI-02,CRY-05,About the Criteria,CRY-05.02B,"Scenarios in which the cloud service provider has to access the secret or private keys of the customer include, but are not limited to, the use of provider-managed keys in a SaaS service. Basic Criteria, Additional Criteria, Supplementary Information","BSI Cloud Computing Compliance Criteria Catalogue (C5:2026), Version 1.0.1, Federal Office for Information Security (Germany) - KB 2/Germany/BSI Cloud Computing Compliance Controls Catalogue.pdf"
CRY-05-SI-03,CRY-05,About the Criteria,"CRY-05.02B, CRY-05.05B",The use of a master key by the cloud service provider may be an exception to the requirement that keys are accessible only by the cloud service customers.,"BSI Cloud Computing Compliance Criteria Catalogue (C5:2026), Version 1.0.1, Federal Office for Information Security (Germany) - KB 2/Germany/BSI Cloud Computing Compliance Controls Catalogue.pdf"
CRY-05-SI-04,CRY-05,Complementary Customer Criteria,,"Cloud service customers ensure with suitable controls for those parts of the cloud service under their responsibility (e.g. virtual machines within an IaaS solution), that their data is encrypted during storage in accordance with the respective protection needs.","BSI Cloud Computing Compliance Criteria Catalogue (C5:2026), Version 1.0.1, Federal Office for Information Security (Germany) - KB 2/Germany/BSI Cloud Computing Compliance Controls Catalogue.pdf"
CRY-06-SI-01,CRY-06,About the Criteria,CRY-06.01B,"For the definition of secure random number generators, cloud service providers should refer to BSI TR-02102-1 (Chapter 8). The cloud service provider protects the keys which are created and inserted into the cloud service by the cloud service customers according to the same criteria as the keys created by the cloud service provider.","BSI Cloud Computing Compliance Criteria Catalogue (C5:2026), Version 1.0.1, Federal Office for Information Security (Germany) - KB 2/Germany/BSI Cloud Computing Compliance Controls Catalogue.pdf"
CRY-08-SI-01,CRY-08,About the Criteria,CRY-08.01B,"The first two bullet points apply to certificates issued by or on behalf of the cloud service provider for its own system components and personnel. If the cloud service provider offers certificate authority services for cloud service customers, the shared responsibility principle applies, i.e. the cloud service provider should ensure that the cloud service provides adequate technical measures to enable cloud service customers to perform adequate identity verification (cf. also the Complementary Customer Criteria). The third bullet point applies to certificates that the cloud service provider obtains from external Certificate Authorities for use in its own cloud services and system components. The cloud service provider should ensure that certificates are obtained only from trusted Certificate Authorities and that the authenticity of received certificates is verified before use. This criterion does not necessarily extend to certificates that cloud service customers obtain from external Certificate Authorities for their own purposes; the selection and validation of external Certificate Authorities by customers falls under customer responsibility within the shared responsibility model. Basic Criteria, Additional Criteria, Supplementary Information","BSI Cloud Computing Compliance Criteria Catalogue (C5:2026), Version 1.0.1, Federal Office for Information Security (Germany) - KB 2/Germany/BSI Cloud Computing Compliance Controls Catalogue.pdf"
CRY-08-SI-02,CRY-08,Complementary Customer Criteria,,"Cloud service customers ensure with suitable controls that, where they use certificate authority services provided by the cloud service provider, identity verification procedures appropriate to the certificates being issued are implemented and the technical controls provided by the cloud service are configured to enable and enforce identity verification. Cloud service customers ensure with suitable controls that, where they obtain certificates from external Certificate Authorities for their own use, procedures are established for selecting trusted Certificate Authorities and validating the authenticity of obtained certificates.","BSI Cloud Computing Compliance Criteria Catalogue (C5:2026), Version 1.0.1, Federal Office for Information Security (Germany) - KB 2/Germany/BSI Cloud Computing Compliance Controls Catalogue.pdf"
CRY-12-SI-01,CRY-12,About the Criteria,CRY-12.01B,"Suspension of a cryptographic key refers to a temporary state in which the key is disabled and cannot be used for cryptographic operations but may later be reactivated. Deactivation of a cryptographic key, in contrast, represents a permanent state in which the key is withdrawn from use and cannot be reactivated.","BSI Cloud Computing Compliance Criteria Catalogue (C5:2026), Version 1.0.1, Federal Office for Information Security (Germany) - KB 2/Germany/BSI Cloud Computing Compliance Controls Catalogue.pdf"
CRY-13-SI-01,CRY-13,Complementary Customer Criteria,,"– Basic Criteria, Additional Criteria, Supplementary Information","BSI Cloud Computing Compliance Criteria Catalogue (C5:2026), Version 1.0.1, Federal Office for Information Security (Germany) - KB 2/Germany/BSI Cloud Computing Compliance Controls Catalogue.pdf"
CRY-16-SI-01,CRY-16,About the Criteria,"CRY-16.01B, CRY-16.02B","The cloud service provider should consider the following options for safeguarding key material: 1. Backup of keys: Encrypted backups of keys are stored securely outside the HSM. The backup process should ensure that the keys are encrypted during storage and transit to prevent unauthorised access. Regular testing of backup and recovery procedures should be carried out to verify the effectiveness and integrity of the backups. Backups outside a HSM should only be considered after dilligent risk assessment. 2. Redundant HSMs: Implementing multiple HSMs in geographically dispersed locations to create redundancy to ensure that keys remain available and secure even if one HSM fails. The HSMs should be synchronised to ensure consistency of key material across all devices. Regular health checks and failover tests are necessary to ensure that redundancy mechanisms function correctly. The particular manner this redundancy is built may depend on the details of the contractual agreements between provider and customer. E.g. when the customer choose a particular location, zone or region, this choice also applies to the redundancy mentioned in this criterion.","BSI Cloud Computing Compliance Criteria Catalogue (C5:2026), Version 1.0.1, Federal Office for Information Security (Germany) - KB 2/Germany/BSI Cloud Computing Compliance Controls Catalogue.pdf"
CRY-16-SI-02,CRY-16,Complementary Customer Criteria,,"– Basic Criteria, Additional Criteria, Supplementary Information","BSI Cloud Computing Compliance Criteria Catalogue (C5:2026), Version 1.0.1, Federal Office for Information Security (Germany) - KB 2/Germany/BSI Cloud Computing Compliance Controls Catalogue.pdf"
CRY-18-SI-01,CRY-18,Complementary Customer Criteria,,Cloud service customers ensure that their own key management procedures are compatible with the requirements of the external KMS and that they implement appropriate controls to ensure the security of their keys.,"BSI Cloud Computing Compliance Criteria Catalogue (C5:2026), Version 1.0.1, Federal Office for Information Security (Germany) - KB 2/Germany/BSI Cloud Computing Compliance Controls Catalogue.pdf"
CRY-19-SI-01,CRY-19,Complementary Customer Criteria,,"Cloud service customers ensure with suitable controls that their agreements with the cloud service provider include robust procedures and technical safeguards for the secure handling of customer-managed cryptographic keys. Cloud service customers ensure that these procedures address the secure integration of their keys into the cloud environment, comprehensive logging of all activities related to their keys, and clearly defined access control mechanisms to restrict access solely to authorised users. 5.9 Communication Security (COS) Objective: Ensure the protection of information in networks and the corresponding information processing systems. Basic Criteria, Additional Criteria, Supplementary Information","BSI Cloud Computing Compliance Criteria Catalogue (C5:2026), Version 1.0.1, Federal Office for Information Security (Germany) - KB 2/Germany/BSI Cloud Computing Compliance Controls Catalogue.pdf"
COS-01-SI-01,COS-01,About the Criteria,"COS-01.02B, COS-01.01AC","Technical safeguards that provide protection and prevention at multiple tiers are e.g. a special separation in Identity and Access Management, separate logging for protective systems and Web Application Firewalls (WAFs) for accessing protective systems. Network-based attacks can be conducted e.g. with MAC spoofing and ARP poisoning attacks. Technical safeguards to prevent unknown physical or virtual devices from joining a physical or virtual network can be based on e.g. MACSec according to IEEE 802.1X:2010.","BSI Cloud Computing Compliance Criteria Catalogue (C5:2026), Version 1.0.1, Federal Office for Information Security (Germany) - KB 2/Germany/BSI Cloud Computing Compliance Controls Catalogue.pdf"
COS-01-SI-02,COS-01,Complementary Customer Criteria,,"Cloud service customers ensure with suitable controls for parts of the cloud service under their responsibility (e.g. virtual machines within an IaaS solution) that they detect and respond to network-based Basic Criteria, Additional Criteria, Supplementary Information attacks, based on anomalous inbound and outbound traffic patterns (e.g. MAC spoofing and ARP poisoning attacks) and/or Distributed Denial of Service (DDoS), in a timely manner.","BSI Cloud Computing Compliance Criteria Catalogue (C5:2026), Version 1.0.1, Federal Office for Information Security (Germany) - KB 2/Germany/BSI Cloud Computing Compliance Controls Catalogue.pdf"
COS-02-SI-01,COS-02,About the Criteria,COS-02.01B,"Cross-partition communication can be realised for e.g. individual regions or locations via e.g. WAN, LAN, VPN, RAS.","BSI Cloud Computing Compliance Criteria Catalogue (C5:2026), Version 1.0.1, Federal Office for Information Security (Germany) - KB 2/Germany/BSI Cloud Computing Compliance Controls Catalogue.pdf"
COS-03-SI-01,COS-03,About the Criteria,"COS-03.03B, COS-03.04B, COS-03.05B","The review of the security requirements depends on the measures implemented to design the networks, e.g. monitoring and reviewing firewall rules or log files for abnormalities as well as visual inspections of physical network components for changes.","BSI Cloud Computing Compliance Criteria Catalogue (C5:2026), Version 1.0.1, Federal Office for Information Security (Germany) - KB 2/Germany/BSI Cloud Computing Compliance Controls Catalogue.pdf"
COS-03-SI-02,COS-03,About the Criteria,COS-03.03B,"If the review is caused by significant changes to the cloud service, only the design and implementation of configuration of the connections affected by these changes need to be included in the review.","BSI Cloud Computing Compliance Criteria Catalogue (C5:2026), Version 1.0.1, Federal Office for Information Security (Germany) - KB 2/Germany/BSI Cloud Computing Compliance Controls Catalogue.pdf"
COS-03-SI-03,COS-03,Complementary Customer Criteria,,"Cloud service customers ensure with suitable controls that the virtual networks within the cloud service for which they are responsible are designed, configured and documented in accordance with their network security requirements (e.g. logical segmentation of the cloud service customer’s organisational units).","BSI Cloud Computing Compliance Criteria Catalogue (C5:2026), Version 1.0.1, Federal Office for Information Security (Germany) - KB 2/Germany/BSI Cloud Computing Compliance Controls Catalogue.pdf"
COS-04-SI-01,COS-04,About the Criteria,COS-04.02B,"A security gateway is a stack of chained filtering and firewall components that restrict communication to explicitly permitted traffic. Security gateways can, for example, employ a P-A-P structure, consisting of an outer packet filter, an application-level gateway acting as a deep-inspection proxy, and an inner packet filter. The stack may be further enriched with an intrusion detection system, intrusion prevention system, or antivirus scanner. However, this structure is not mandatory. It serves to keep filtering and inspection functionally independent of each other, so that a failure of one does not automatically lead to a failure of the other.","BSI Cloud Computing Compliance Criteria Catalogue (C5:2026), Version 1.0.1, Federal Office for Information Security (Germany) - KB 2/Germany/BSI Cloud Computing Compliance Controls Catalogue.pdf"
COS-04-SI-02,COS-04,About the Criteria,COS-04.02B,Cross-network access is access from one network to another network via a defined network perimeter.,"BSI Cloud Computing Compliance Criteria Catalogue (C5:2026), Version 1.0.1, Federal Office for Information Security (Germany) - KB 2/Germany/BSI Cloud Computing Compliance Controls Catalogue.pdf"
COS-04-SI-03,COS-04,Complementary Customer Criteria,,Cloud service customers ensure with suitable controls that access is controlled according to their protection needs by security gateways on the perimeters of the virtual networks within the cloud service for which they are responsible.,"BSI Cloud Computing Compliance Criteria Catalogue (C5:2026), Version 1.0.1, Federal Office for Information Security (Germany) - KB 2/Germany/BSI Cloud Computing Compliance Controls Catalogue.pdf"
COS-05-SI-01,COS-05,About the Criteria,COS-05.01B,"The separation can be physical or logical (e.g. VLAN, SDN, VRF).","BSI Cloud Computing Compliance Criteria Catalogue (C5:2026), Version 1.0.1, Federal Office for Information Security (Germany) - KB 2/Germany/BSI Cloud Computing Compliance Controls Catalogue.pdf"
COS-06-SI-01,COS-06,About the Criteria,"COS-06.01B, COS-06.01AC","If the cloud service provider does not use shared network environments for cloud service customers and instead uses a physical separation, the basic criterion is not applicable. If the suitability and effectiveness of the logical segmentation cannot be assessed with sufficient certainty (e.g. due to a complex implementation), evidence can also be provided based on audit results of expert third parties (e.g. security audits to validate the framework). The separation of stored and processed data is subject of the criteria OPS-30 and OPS-31. After successful authentication via an insecure communication channel (HTTP), a secure communication channel (HTTPS) is to be used. With IaaS/PaaS, secure separation is ensured by physically separated networks or encryption of the networks that corresponds to the state of the art. For the definition of state of the art encryption, the BSI Technical Guideline TR-02102 should be considered (cf. CRY-01). Basic Criteria, Additional Criteria, Supplementary Information","BSI Cloud Computing Compliance Criteria Catalogue (C5:2026), Version 1.0.1, Federal Office for Information Security (Germany) - KB 2/Germany/BSI Cloud Computing Compliance Controls Catalogue.pdf"
COS-06-SI-02,COS-06,Complementary Customer Criteria,,"Cloud service customers ensure with suitable controls for those parts of the cloud service under their responsibility that virtual networks are designed, configured and documented in accordance with their network security requirements (e.g. logical segmentation of organisational units).","BSI Cloud Computing Compliance Criteria Catalogue (C5:2026), Version 1.0.1, Federal Office for Information Security (Germany) - KB 2/Germany/BSI Cloud Computing Compliance Controls Catalogue.pdf"
COS-07-SI-01,COS-07,About the Criteria,"COS-07.01B, COS-07.02B, COS-07.03B",The network documentation can follow a hierarchical or grouped approach based on the scale of operations.,"BSI Cloud Computing Compliance Criteria Catalogue (C5:2026), Version 1.0.1, Federal Office for Information Security (Germany) - KB 2/Germany/BSI Cloud Computing Compliance Controls Catalogue.pdf"
COS-07-SI-02,COS-07,About the Criteria,COS-07.01B,"Zoning is a segmentation of the subnets with a firewall implemented at the network perimeters. Basic Criteria, Additional Criteria, Supplementary Information","BSI Cloud Computing Compliance Criteria Catalogue (C5:2026), Version 1.0.1, Federal Office for Information Security (Germany) - KB 2/Germany/BSI Cloud Computing Compliance Controls Catalogue.pdf"
COS-08-SI-01,COS-08,About the Criteria,"COS-08.01B, COS-08.02B","A safeguard against unauthorised interception, manipulation, copying, modification, redirection or destruction of data during transmission is e.g. the use of transport encryption according to CRY-04.","BSI Cloud Computing Compliance Criteria Catalogue (C5:2026), Version 1.0.1, Federal Office for Information Security (Germany) - KB 2/Germany/BSI Cloud Computing Compliance Controls Catalogue.pdf"
COS-08-SI-02,COS-08,About the Criteria,COS-08.02B,"If a review is caused by significant changes to the cloud service, only the technical safeguards affected by these changes need to be included in the review.","BSI Cloud Computing Compliance Criteria Catalogue (C5:2026), Version 1.0.1, Federal Office for Information Security (Germany) - KB 2/Germany/BSI Cloud Computing Compliance Controls Catalogue.pdf"
COS-08-SI-03,COS-08,Complementary Customer Criteria,,"Cloud service customers ensure with suitable controls that the data transmitted to the cloud service is protected against tampering, copying, modifying, redirecting or deleting in accordance with their protection needs. 5.10 Portability and Interoperability (PI) Objective: Enable the ability to access the cloud service via other cloud services or IT systems of the cloud service customers, to obtain the stored data at the end of the contractual relationship and to securely delete it from the cloud service provider. Basic Criteria, Additional Criteria, Supplementary Information","BSI Cloud Computing Compliance Criteria Catalogue (C5:2026), Version 1.0.1, Federal Office for Information Security (Germany) - KB 2/Germany/BSI Cloud Computing Compliance Controls Catalogue.pdf"
PI-01-SI-01,PI-01,About the Criteria,"PI-01.01B, PI-01.02B, PI-01.01AC, PI-01.02AC, PI-01.03AC","In this context, an interface is a system access point or library function with a well-defined syntax. It comprises documented methods that allow cloud service customers to securely access and interact with the cloud service, enabling the exchange of data. Those interfaces and their documentation should include sufficient information on the cloud service to enable the development of software to communicate with it for the purposes of data portability and interoperability. However, the cloud service provider is not required to develop new technologies to this purpose or share information that is protected by intellectual property rights or that constitutes a trade secret. While these interfaces provide the means for communication with the cloud service, they do not imply that cloud service customers can directly connect their custom systems as if they are natively integrated. Instead, cloud service customers can configure their systems by using methods, such as API calls, and adhering to the specified protocols and data formats provided by the cloud service provider. To ensure seamless and secure communication between interfaces, the cloud service provider uses industry-standard API protocols and implements state of the art transport layer security. The cloud service provider supports cross-platform information processing by employing containerisation technologies and cloud-neutral development frameworks. Infrastructre as Code practices are adopted to standardise infrastructre provisioning. Common data usage policies are defined and enforced to ensure consistent and secure access, utilisation and sharing of data. Upon contract termination, the cloud service provider assists customers in exporting and transferring their data, e.g. by providing technical documentation and data export tools.","BSI Cloud Computing Compliance Criteria Catalogue (C5:2026), Version 1.0.1, Federal Office for Information Security (Germany) - KB 2/Germany/BSI Cloud Computing Compliance Controls Catalogue.pdf"
PI-01-SI-02,PI-01,Complementary Customer Criteria,,Cloud service customers ensure with suitable controls that the interfaces provided (and their security) are adequate for its protection needs by means of appropriate checks before the start of use of the cloud service and each time the interfaces are changed.,"BSI Cloud Computing Compliance Criteria Catalogue (C5:2026), Version 1.0.1, Federal Office for Information Security (Germany) - KB 2/Germany/BSI Cloud Computing Compliance Controls Catalogue.pdf"
PI-02-SI-01,PI-02,About the Criteria,"PI-02.01B, PI-02.01AC, PI-02.02AC","The type and scope of the data and the responsibilities for its provision depend on the service model of the cloud service or the services and functions provided: In the case of IaaS-and PaaS-like services, the cloud service customer is generally responsible for extracting and backing up the data which is stored in the cloud service before termination of the contractual relationship (cf. complementary requirement). The cloud service provider’s responsibility is typically limited to the provision of data for the configuration of the infrastructure or platform that the cloud service customer has set up within its environment (e.g. configuration of networks, images of virtual machines and containers). With SaaS, the cloud service customer typically relies on export functions provided by the cloud service provider. Data created by the cloud service customer should be available in the same format as stored in the cloud service. Other data, including relevant log files and metadata, should be available in an applicable standard format, such as CSV, JSON or XML. Legal requirements can, for example, include the EU Data Act. In Germany, legal requirements for retention in particular can be found, for example, in the German Tax Code (§147 AO) and the German Commercial Code (§257 HGB). These provide for a retention obligation of six or ten years. If contractual agreements do not include the aspects listed in the basic criterion, and these are applicable due to the service model, the criterion is not met and a deviation is to be noted by the auditor. Basic Criteria, Additional Criteria, Supplementary Information","BSI Cloud Computing Compliance Criteria Catalogue (C5:2026), Version 1.0.1, Federal Office for Information Security (Germany) - KB 2/Germany/BSI Cloud Computing Compliance Controls Catalogue.pdf"
PI-02-SI-02,PI-02,About the Criteria,PI-02.01B,"If the cloud service provider acts as a cloud service broker, special consideration should be given to contractual data-portability clauses that recognise the complexity of the particular cloud service broker scenario. This can include, but is not limited to, the definition of: 1. Responsibility for the export of cloud service customer data; 2. If there are multiple underlying cloud service providers, the export scope, the consolidated format, any completeness limits, and how cloud service broker generated artifacts such as aggregated logs are handled; 3. Whether cloud service customers can access the cloud services of underlying cloud service providers directly via APIs or have to rely on the cloud service broker’s export interface, and whether there are any timing or usage restrictions; and 4. Time frames for the delivery of cloud service customer data exports to the cloud service customer.","BSI Cloud Computing Compliance Criteria Catalogue (C5:2026), Version 1.0.1, Federal Office for Information Security (Germany) - KB 2/Germany/BSI Cloud Computing Compliance Controls Catalogue.pdf"
PI-02-SI-03,PI-02,Complementary Customer Criteria,,Cloud service customers ensure with suitable controls that the data to which they are contractually entitled is requested from the cloud service provider at the end of the contract or accessed via defined interfaces (the type and scope of the data correspond to the contractual agreements that were concluded prior to the use of the cloud service) and that it is stored in accordance with the legal requirements applicable to this data.,"BSI Cloud Computing Compliance Criteria Catalogue (C5:2026), Version 1.0.1, Federal Office for Information Security (Germany) - KB 2/Germany/BSI Cloud Computing Compliance Controls Catalogue.pdf"
PI-03-SI-01,PI-03,About the Criteria,"PI-03.01B, PI-03.02B","Suitable methods for data deletion are e.g. multiple overwriting or deletion of the encryption key. Basic Criteria, Additional Criteria, Supplementary Information","BSI Cloud Computing Compliance Criteria Catalogue (C5:2026), Version 1.0.1, Federal Office for Information Security (Germany) - KB 2/Germany/BSI Cloud Computing Compliance Controls Catalogue.pdf"
PI-03-SI-02,PI-03,Complementary Customer Criteria,,"Cloud service customers ensure with suitable controls that the legal and regulatory framework (e.g. legal requirements for storage and deletion) is identified and that the deletion of their data is initiated accordingly. 5.11 Procurement, Development and Modification of Information Systems (DEV) Objective: Ensure information security in the development cycle of cloud service system components.","BSI Cloud Computing Compliance Criteria Catalogue (C5:2026), Version 1.0.1, Federal Office for Information Security (Germany) - KB 2/Germany/BSI Cloud Computing Compliance Controls Catalogue.pdf"
DEV-01-SI-01,DEV-01,About the Criteria,"DEV-01.01B, DEV-01.01AC","The software provision can be carried out e.g. with Continuous Delivery methods. Accepted standards and methods for secure development are, for example: 1. ISO/IEC 27034; and 2. OWASP Secure Software Development Lifecycle (S-SDLC). Minimisation of customer data access during operation can be supported by following robust security models, such as Zero Trust, during cloud architecture development. Furthermore, aspects such as limiting data interfaces, API calls and access as well as ensuring end-to-end-encryption from transit to storage are relevant considerations. For quality assurance in software development, the following can be considered to be relevant processes: 1. Planning and definition of quality objectives: Definition of quality requirements based on customer needs and objectives, taking into account the requirements of the cloud system to be developed; 2. Design phase: Carrying out design reviews and inspections of the cloud service to ensure that the design meets the quality requirements; 3. Development phase: Use of code reviews and pair programming to ensure code quality. Use of static analysis tools to check the code for potential errors and violations of coding standards; 4. Testing phase: Execution (automated where possible) of various types of tests (e.g. unit tests, integration tests, system tests, acceptance tests) to ensure the functionality and quality of the software; 5. Integration and continuous integration (CI): Integration of the various software components and continuous checking of the integrations through automated builds and tests. Use of CI/CD pipelines to ensure that the code is regularly integrated and tested; 6. Release and deployment: Preparation and implementation of the software release in accordance with defined quality standards; and 7. Maintenance and continuous improvement: Monitoring the software in operation to ensure that it continues to meet the quality requirements. This includes post release activities such as bug fixing and performance optimisation processes. Additionally, post-mortem analyses should be performed to learn from incidents and optimise processes for future releases. An accepted standard and a method for quality in development processes is, for example, Google Site Reliability Engineering (SRE). The scope of the DEV criteria and the requirements within includes not only the development of software applications but also platforms, virtual infrastructure, and other system components.","BSI Cloud Computing Compliance Criteria Catalogue (C5:2026), Version 1.0.1, Federal Office for Information Security (Germany) - KB 2/Germany/BSI Cloud Computing Compliance Controls Catalogue.pdf"
DEV-01-SI-02,DEV-01,Complementary Customer Criteria,,"– Basic Criteria, Additional Criteria, Supplementary Information","BSI Cloud Computing Compliance Criteria Catalogue (C5:2026), Version 1.0.1, Federal Office for Information Security (Germany) - KB 2/Germany/BSI Cloud Computing Compliance Controls Catalogue.pdf"
DEV-02-SI-01,DEV-02,About the Criteria,"DEV-02.01B, DEV-02.02B","Outsourced development in the sense of the basic criterion refers to the development of system components used specifically for the cloud service, by a service organisation of the cloud service provider. The development takes place according to the processes of the service organisation. Basic Criteria, Additional Criteria, Supplementary Information The risks that may arise and should be taken into account can, but do not have to, include: 1. Risks that may result from the service organisation managing source code without adequate controls, including unauthorised modifications, insufficient version control, or inadequate protection against loss or theft of intellectual property; 2. Risks that may result from the service organisation granting access to source code to the cloud service provider or to third-party evaluators, including unauthorised disclosure, loss of confidentiality, or inadequate controls governing how such access is managed and restricted; 3. Risks that may result from inadequate personnel screening, insufficient background checks, lack of security awareness training, or high staff turnover within the service organisation, including insider threats or uncontrolled loss of sensitive knowledge; 4. Risks that may result from granting the service organisation access to internal development, test or preproduction environments, including excessive privileges, insufficient access controls, or inadequate logging and monitoring of such access; and 5. Risks that may result from the service organisation subcontracting parts of the service without adequate security controls in place, including insufficient contractual security requirements imposed on subcontractors or lack of transparency regarding the composition of the supply chain. The purchase of software available on the market as well as the integration of external personnel into the processes of the cloud service provider do not constitute outsourcing in the sense of this basic criterion.","BSI Cloud Computing Compliance Criteria Catalogue (C5:2026), Version 1.0.1, Federal Office for Information Security (Germany) - KB 2/Germany/BSI Cloud Computing Compliance Controls Catalogue.pdf"
DEV-03-SI-01,DEV-03,About the Criteria,DEV-03.01B,"Changes in the sense of the basic criterion are those that can lead to changes in the configuration, functionality or security of system components of the cloud service in the production environment. This includes changes to the infrastructure as well as to the source code. If individual changes are combined in a new release, update, patch or comparable software object for the purpose of software provisioning, this software object is deemed to be a change within the meaning of the basic criterion, but not the individual changes contained therein. Changes to the existing network configuration also fall under this criterion and should also undergo a specified procedure, as they are necessary for effective separation of cloud service customers. Changes to the container environments, including the management of container images and versions, should also go through a regulated process. Personnel and system components receive authorisation to approve changes in accordance with the requirements for access and access authorisations (cf. IAM-01) via a specified procedure (cf. IAM-02). Relevant information includes descriptions of e.g. new functions. The cloud service customer’s obligations to cooperate can define that, e.g. the cloud service customer has to carry out certain tests. A centralised change management process is not mandatory. The cloud service provider has the flexibility to adopt change management practices that best fit its operational needs, including agile methods, as long as they adhere to the procedures and technical safeguards.","BSI Cloud Computing Compliance Criteria Catalogue (C5:2026), Version 1.0.1, Federal Office for Information Security (Germany) - KB 2/Germany/BSI Cloud Computing Compliance Controls Catalogue.pdf"
DEV-04-SI-01,DEV-04,About the Criteria,DEV-04.01B,"This is a specialised criteria for safety training and awareness programmes for a particular target group. In HR-03, general properties of such trainings and programmes are defined.","BSI Cloud Computing Compliance Criteria Catalogue (C5:2026), Version 1.0.1, Federal Office for Information Security (Germany) - KB 2/Germany/BSI Cloud Computing Compliance Controls Catalogue.pdf"
DEV-05-SI-01,DEV-05,About the Criteria,DEV-05.01B,"Security features are typically features that control confidentiality (e.g. via integrating cryptography), integrity (e.g. via introducing check-sums or validating input data), availability (e.g. via redundancy or resiliency), authentication (e.g. via MFA or secure session management) and authorisation (e.g. via different roles). They usually follow from threat modelling and risk assessment. Ideally, security features are an integral part of the software development process and not additions made only after new software features have been created.","BSI Cloud Computing Compliance Criteria Catalogue (C5:2026), Version 1.0.1, Federal Office for Information Security (Germany) - KB 2/Germany/BSI Cloud Computing Compliance Controls Catalogue.pdf"
DEV-05-SI-02,DEV-05,Complementary Customer Criteria,,"– Basic Criteria, Additional Criteria, Supplementary Information","BSI Cloud Computing Compliance Criteria Catalogue (C5:2026), Version 1.0.1, Federal Office for Information Security (Germany) - KB 2/Germany/BSI Cloud Computing Compliance Controls Catalogue.pdf"
DEV-07-SI-01,DEV-07,About the Criteria,"DEV-07.01B, DEV-07.01AC","Tests should be used that contribute to the quality assurance of the software development as well as to the security of the cloud service. The errors and vulnerabilities identified in tests can be assessed, for example, according to the Common Vulnerability Scoring System (CVSS).","BSI Cloud Computing Compliance Criteria Catalogue (C5:2026), Version 1.0.1, Federal Office for Information Security (Germany) - KB 2/Germany/BSI Cloud Computing Compliance Controls Catalogue.pdf"
DEV-07-SI-02,DEV-07,About the Criteria,DEV-07.01B,"Test procedures for software assets can be static (SAST), dynamic (DAST) or interactive (IAST).","BSI Cloud Computing Compliance Criteria Catalogue (C5:2026), Version 1.0.1, Federal Office for Information Security (Germany) - KB 2/Germany/BSI Cloud Computing Compliance Controls Catalogue.pdf"
DEV-07-SI-03,DEV-07,Complementary Customer Criteria,,"Where changes are to be tested by the cloud service customers in accordance with the contractual agreements prior to deployment in the production environment, the cloud service customers ensure with suitable controls that the tests are performed appropriately to identify errors. In particular, this includes timely execution of the tests by qualified personnel in accordance with the conditions specified by the cloud service provider. Basic Criteria, Additional Criteria, Supplementary Information","BSI Cloud Computing Compliance Criteria Catalogue (C5:2026), Version 1.0.1, Federal Office for Information Security (Germany) - KB 2/Germany/BSI Cloud Computing Compliance Controls Catalogue.pdf"
DEV-08-SI-01,DEV-08,About the Criteria,DEV-08.02B,"If the change has external contribution (e.g. use of third-party products, libraries), tracing back individual changes in the development is often not possible. In that case it is sufficient to record the external contribution in the software component list or Software Bill of Materials (SBOM, cf. DEV-13.01B). In addition to that, depending on the nature of the external contribution, the criterion for Outsourcing of the Development (cf. DEV-02) and the criteria for Control and Monitoring of Service Providers and Suppliers (SSO) may apply.","BSI Cloud Computing Compliance Criteria Catalogue (C5:2026), Version 1.0.1, Federal Office for Information Security (Germany) - KB 2/Germany/BSI Cloud Computing Compliance Controls Catalogue.pdf"
DEV-10-SI-01,DEV-10,About the Criteria,DEV-10.01B,The definitions for criterion DEV-03 apply.,"BSI Cloud Computing Compliance Criteria Catalogue (C5:2026), Version 1.0.1, Federal Office for Information Security (Germany) - KB 2/Germany/BSI Cloud Computing Compliance Controls Catalogue.pdf"
DEV-10-SI-02,DEV-10,About the Criteria,DEV-10.02B,"If the contractual agreements do not foresee customer involvement of the approval, this should be clearly stated in the contractual agreements in order to fulfil this criterion.","BSI Cloud Computing Compliance Criteria Catalogue (C5:2026), Version 1.0.1, Federal Office for Information Security (Germany) - KB 2/Germany/BSI Cloud Computing Compliance Controls Catalogue.pdf"
DEV-10-SI-03,DEV-10,Complementary Customer Criteria,,"Where changes are to be approved by the cloud service customers in accordance with the contractual agreements before they are made available in the production environment, the cloud service customers ensure with suitable controls that authorised and qualified personnel receives the information made available, assesses the impact on the ISMS framework and decides on the approval in accordance with the conditions specified by the cloud service provider.","BSI Cloud Computing Compliance Criteria Catalogue (C5:2026), Version 1.0.1, Federal Office for Information Security (Germany) - KB 2/Germany/BSI Cloud Computing Compliance Controls Catalogue.pdf"
DEV-11-SI-01,DEV-11,About the Criteria,DEV-11.01B,"Note that the backup policies and procedures (cf. OPS-06) are preceded by a risk assessment and does not need to include all elements of those environments, but only the ones considered necessary based on the risk assessment. Some parts can be build from scatch more easily than backing them up.","BSI Cloud Computing Compliance Criteria Catalogue (C5:2026), Version 1.0.1, Federal Office for Information Security (Germany) - KB 2/Germany/BSI Cloud Computing Compliance Controls Catalogue.pdf"
DEV-13-SI-01,DEV-13,About the Criteria,DEV-13.01B,"This criteria can be fulfilled via a sufficiently detailed list of software components. Sufficient detail means that the list allows the cloud service provider to identify all cloud services affected by any given known Basic Criteria, Additional Criteria, Supplementary Information vulnerability. This criteria can also be fulfilled via a Software Bill of Materials (SBOM). The established rules of technology regarding the creation, maintenance, and utilisation of SBOMs, including their components and formats, is described in the current version of the BSI Technical Guideline TR-03183-2. Automated tools for generating, maintaining, and validating software component lists or SBOMs are recommended to ensure accuracy and integration into security and vulnerability management processes. Please note that it may not be necessary to store every version of the SBOM - just like in the other development processes for components - as long as the cloud service provider is able to keep track of the changes.","BSI Cloud Computing Compliance Criteria Catalogue (C5:2026), Version 1.0.1, Federal Office for Information Security (Germany) - KB 2/Germany/BSI Cloud Computing Compliance Controls Catalogue.pdf"
DEV-13-SI-02,DEV-13,About the Criteria,DEV-13.02B,"This subcriterion only applies to integrated software components. If integrated software components are e.g. open-source and if this criterion is fulfilled via SBOMs, there may be cases where a SBOM is not available and cannot be produced with reasonable effort. Reasonable implies that changing this component to one that has a SBOM is economically not feasible. However, the risks from these exceptions are treated within the exception process (cf. SP-03).","BSI Cloud Computing Compliance Criteria Catalogue (C5:2026), Version 1.0.1, Federal Office for Information Security (Germany) - KB 2/Germany/BSI Cloud Computing Compliance Controls Catalogue.pdf"
DEV-14-SI-01,DEV-14,About the Criteria,DEV-14.01B,"The policy should consider, where applicable, the same aspects as the policy for the proper and secure use of assets (cf. AM-05).","BSI Cloud Computing Compliance Criteria Catalogue (C5:2026), Version 1.0.1, Federal Office for Information Security (Germany) - KB 2/Germany/BSI Cloud Computing Compliance Controls Catalogue.pdf"
DEV-14-SI-02,DEV-14,Complementary Customer Criteria,,"– Basic Criteria, Additional Criteria, Supplementary Information","BSI Cloud Computing Compliance Criteria Catalogue (C5:2026), Version 1.0.1, Federal Office for Information Security (Germany) - KB 2/Germany/BSI Cloud Computing Compliance Controls Catalogue.pdf"
DEV-15-SI-01,DEV-15,About the Criteria,DEV-15.01B,"This criteria refers mainly to the exception process demanded in SP-03, although all exceptions from the standard procedure for changes are meant here.","BSI Cloud Computing Compliance Criteria Catalogue (C5:2026), Version 1.0.1, Federal Office for Information Security (Germany) - KB 2/Germany/BSI Cloud Computing Compliance Controls Catalogue.pdf"
DEV-15-SI-02,DEV-15,Complementary Customer Criteria,,– 5.12 Control and Monitoring of Service Providers and Suppliers (SSO) Objective: Ensure the protection of information that service providers or suppliers of the cloud service provider (service organisation) can access and monitor the agreed services and security requirements.,"BSI Cloud Computing Compliance Criteria Catalogue (C5:2026), Version 1.0.1, Federal Office for Information Security (Germany) - KB 2/Germany/BSI Cloud Computing Compliance Controls Catalogue.pdf"
SSO-01-SI-01,SSO-01,About the Criteria,"SSO-01.01B, SSO-01.01AC","The basic criterion applies to all service organisations of the cloud service provider, regardless of applying the ‘inclusive’ or ‘carve-out method’. The additional criterion applies only to those of the service organisations that are considered to be subservice organisations. See section ‘Consideration of Subservice Organisations’. Reports by independent auditors on the suitability of the design and operating effectiveness of their service-related system of internal control are, for example, attestation reports in accordance with ISAE 3402, IDW PS 951, SOC 2 or BSI C5. Applicable legal and regulatory requirements may exist, for example, in the areas of data protection, intellectual property rights or copyright. If legal or regulatory requirements provide for a regulation deviating from these criteria for the control of subservice organisations, these regulations remain unaffected by the C5 criteria.","BSI Cloud Computing Compliance Criteria Catalogue (C5:2026), Version 1.0.1, Federal Office for Information Security (Germany) - KB 2/Germany/BSI Cloud Computing Compliance Controls Catalogue.pdf"
SSO-01-SI-02,SSO-01,Complementary Customer Criteria,,"– Basic Criteria, Additional Criteria, Supplementary Information","BSI Cloud Computing Compliance Criteria Catalogue (C5:2026), Version 1.0.1, Federal Office for Information Security (Germany) - KB 2/Germany/BSI Cloud Computing Compliance Controls Catalogue.pdf"
SSO-02-SI-01,SSO-02,About the Criteria,SSO-02.01B,"For assessing risks with service organisations, the cloud service provider can perform coordinated security risk assessments of specific critical ICT services, ICT systems or ICT products provided by service organisations. Apart from the aspects listed in this subcriterion, such a risk assessment should take into account technical and, where relevant, non-technical risk factors. Basic Criteria, Additional Criteria, Supplementary Information Information on CSOC has to be obtained for subservice organisations only. Not every service organisation is a subservice organisation, cf. section ‘Consideration of Subservice Organisations’).","BSI Cloud Computing Compliance Criteria Catalogue (C5:2026), Version 1.0.1, Federal Office for Information Security (Germany) - KB 2/Germany/BSI Cloud Computing Compliance Controls Catalogue.pdf"
SSO-03-SI-01,SSO-03,About the Criteria,SSO-03.02B,This subcriterion does not apply to cloud service derived data that does not contain any customer-owned data. Examples for such cloud service derived data include operational metrics or technical telemetry data.,"BSI Cloud Computing Compliance Criteria Catalogue (C5:2026), Version 1.0.1, Federal Office for Information Security (Germany) - KB 2/Germany/BSI Cloud Computing Compliance Controls Catalogue.pdf"
SSO-03-SI-02,SSO-03,Complementary Customer Criteria,,"– Basic Criteria, Additional Criteria, Supplementary Information","BSI Cloud Computing Compliance Criteria Catalogue (C5:2026), Version 1.0.1, Federal Office for Information Security (Germany) - KB 2/Germany/BSI Cloud Computing Compliance Controls Catalogue.pdf"
SSO-04-SI-01,SSO-04,About the Criteria,SSO-04.01B,It is not necessary to maintain a single central register in order to fulfil the basic criterion.,"BSI Cloud Computing Compliance Criteria Catalogue (C5:2026), Version 1.0.1, Federal Office for Information Security (Germany) - KB 2/Germany/BSI Cloud Computing Compliance Controls Catalogue.pdf"
SSO-05-SI-01,SSO-05,About the Criteria,"SSO-05.01B, SSO-05.02B, SSO-05.03B, SSO-05.04B, SSO-05.05B, SSO-05.06B, SSO-05.07B, SSO-05.01AC, SSO-05.02AC, SSO-05.03AC","Information obtained for monitoring of the design and operations of the service-related system of internal control typically includes reports in accordance with ISAE 3402, IDW PS 951, SOC 2 or BSI C5, ANSSI SecNumCloud or CSA CCM. Second party audits based on such frameworks may be useful here. For analysing BSI C5 reports in a structured manner, BSI has published an Excel-based evaluation guideline. If such reports are provided by the service organisations, the cloud service provider reviews, for example, the following aspects and, if necessary, incorporates the findings into the risk assessment in order to derive and initiate mitigating actions: 1. The scope and the validity respectively the period covered by the report; 2. Modifications of the opinion, deviations/exceptions noted and management’s response thereon; 3. Complementary User Entity Controls (CUEC) to be designed and operated by the cloud service provider; 4. Disclosed subservice organisations incl. any changes among those (e.g. additional subservice organisations); and 5. Stated security incidents. Information on CSOC has to be obtained for subservice organisations only. Not every service organisation is a subservice organisation, cf. section ‘Consideration of Subservice Organisations’). Appropriate procedures may comprise the review of independent third party reports, or audit procedures performed by the cloud service provider at the subservice organisation. The automated monitoring procedures outlined in the additional criterion are only applicable to service organisations for which monitoring automation is feasible based on the nature of the services provided to the cloud service provider.","BSI Cloud Computing Compliance Criteria Catalogue (C5:2026), Version 1.0.1, Federal Office for Information Security (Germany) - KB 2/Germany/BSI Cloud Computing Compliance Controls Catalogue.pdf"
SSO-05-SI-02,SSO-05,About the Criteria,SSO-05.02B,"When reviewing the information provided by the service organisation, the cloud service provider should distinguish between flawed information that was produced in good faith (such as reports about perceived security concerns that eventually turned out to be ill-founded), and deliberately false or malicious information. Basic Criteria, Additional Criteria, Supplementary Information Monitoring of subcontractors can occur via audits, certifications and third party reports (cf. SSO-05) and may be performed by the service organisations of the cloud service provider. The cloud service provider remains responsible for reviewing the results of compliance monitoring and assessing the risk.","BSI Cloud Computing Compliance Criteria Catalogue (C5:2026), Version 1.0.1, Federal Office for Information Security (Germany) - KB 2/Germany/BSI Cloud Computing Compliance Controls Catalogue.pdf"
SSO-05-SI-03,SSO-05,Complementary Customer Criteria,,Cloud service customers ensure with suitable controls that they stay informed about subservice organisations of their cloud service provider (e.g. on the basis of the information in the C5 attestation report) and decide on the basis of their protection need of their data processed and stored in the cloud service whether further action should be taken to monitor and check these subservice organisations.,"BSI Cloud Computing Compliance Criteria Catalogue (C5:2026), Version 1.0.1, Federal Office for Information Security (Germany) - KB 2/Germany/BSI Cloud Computing Compliance Controls Catalogue.pdf"
SSO-06-SI-01,SSO-06,About the Criteria,"SSO-06.01B, SSO-06.02B","A very high dependency can be assumed in particular if the purchased service is indispensable for the provision of the cloud service. This situation is the case if the cloud service provider: 1. Provides the cloud service from data centres operated by service organisations; or 2. Provides a SaaS service and uses the IaaS or PaaS of another cloud service provider. A very high dependency can also be assumed if the service cannot be obtained within one month from an alternative service organisation, as: 1. It is unique on the market and no other service organisation can deliver it; 2. It is strongly individualised by the service organisation and/or the cloud service provider; Basic Criteria, Additional Criteria, Supplementary Information 3. It cannot be supplied by any other service organisation in the required quality of service; or 4. It requires specific knowledge that is only/mainly available to the current service organisation and not to the cloud service provider. Exit strategies may vary in complexity based on the nature and degree of dependency of the cloud service on third party services and service organisations. Using a cloud service broker is an example of a complex scenario. Aspects listed in SSO-06.02B should be considered based on the results of the cloud service provider’s risk assessment. Where a lower degree of dependency has been identified, exit strategies or individual aspects thereof are not mandatory in the sense of this criterion.","BSI Cloud Computing Compliance Criteria Catalogue (C5:2026), Version 1.0.1, Federal Office for Information Security (Germany) - KB 2/Germany/BSI Cloud Computing Compliance Controls Catalogue.pdf"
SSO-07-SI-01,SSO-07,About the Criteria,SSO-07.01B,"This criterion addresses the need for managing supply chain risks (e.g. service organisation vulnerabilities, data handling practices, compliance gaps or operational disruptions) and for those risks to be communicated to cloud service customers, enabling them to monitor and manage their own supply chain risks effectively.","BSI Cloud Computing Compliance Criteria Catalogue (C5:2026), Version 1.0.1, Federal Office for Information Security (Germany) - KB 2/Germany/BSI Cloud Computing Compliance Controls Catalogue.pdf"
SSO-08-SI-01,SSO-08,About the Criteria,"SSO-08.01B, SSO-08.02B, SSO-08.03B","A supplier of a functional component is typically a service organisation of the cloud service provider. The authorisation for the transfer may be automated. Content provided by the supplier refers to updates of the functional components. Basic Criteria, Additional Criteria, Supplementary Information","BSI Cloud Computing Compliance Criteria Catalogue (C5:2026), Version 1.0.1, Federal Office for Information Security (Germany) - KB 2/Germany/BSI Cloud Computing Compliance Controls Catalogue.pdf"
SSO-08-SI-02,SSO-08,Complementary Customer Criteria,,"– 5.13 Security Incident Management (SIM) Objective: Ensure a consistent and comprehensive approach to the capturing, evaluation, communication and handling of security incidents.","BSI Cloud Computing Compliance Criteria Catalogue (C5:2026), Version 1.0.1, Federal Office for Information Security (Germany) - KB 2/Germany/BSI Cloud Computing Compliance Controls Catalogue.pdf"
SIM-01-SI-01,SIM-01,Complementary Customer Criteria,,"Cloud service customers ensure with suitable controls that they receive notifications from the cloud service provider about security incidents that affect them and that these notifications are forwarded in a timely manner to the responsible departments for handling so that an appropriate response can be triggered. Basic Criteria, Additional Criteria, Supplementary Information","BSI Cloud Computing Compliance Criteria Catalogue (C5:2026), Version 1.0.1, Federal Office for Information Security (Germany) - KB 2/Germany/BSI Cloud Computing Compliance Controls Catalogue.pdf"
SIM-02-SI-01,SIM-02,About the Criteria,SIM-02.01B,"Relevant stakeholders in the sense of this criterion are those that need to know the incident response plan, for example due to their involvement in its execution or due to contractual or regulatory agreements.","BSI Cloud Computing Compliance Criteria Catalogue (C5:2026), Version 1.0.1, Federal Office for Information Security (Germany) - KB 2/Germany/BSI Cloud Computing Compliance Controls Catalogue.pdf"
SIM-03-SI-01,SIM-03,About the Criteria,SIM-03.06B,Regulatory requirements may necessitate maintaining a chain of custody to ensure that documents can be relied upon in legal proceedings.,"BSI Cloud Computing Compliance Criteria Catalogue (C5:2026), Version 1.0.1, Federal Office for Information Security (Germany) - KB 2/Germany/BSI Cloud Computing Compliance Controls Catalogue.pdf"
SIM-04-SI-01,SIM-04,About the Criteria,SIM-04.02B,Security breaches in the sense of this criterion are security incidents caused by unauthorised access and compromise of cloud service customer data or service delivery as a result of violations of policies and procedures or applicable legal and regulatory requirements (cf. HR-04.02B),"BSI Cloud Computing Compliance Criteria Catalogue (C5:2026), Version 1.0.1, Federal Office for Information Security (Germany) - KB 2/Germany/BSI Cloud Computing Compliance Controls Catalogue.pdf"
SIM-04-SI-02,SIM-04,Complementary Customer Criteria,,Cloud service customers ensure with suitable controls that they receive notifications from the cloud service provider about security incidents that affect them and their resolution and that these notifications are timely forwarded to the entity responsible for handling them so that an appropriate response can be made.,"BSI Cloud Computing Compliance Criteria Catalogue (C5:2026), Version 1.0.1, Federal Office for Information Security (Germany) - KB 2/Germany/BSI Cloud Computing Compliance Controls Catalogue.pdf"
SIM-05-SI-01,SIM-05,Complementary Customer Criteria,,"Cloud service customers ensure with suitable controls that identified security events, which the cloud service provider is required to process, are communicated timely to previously designated, responsible personnel. The identification of such security events is supported by suitable controls (cf. complementary criterion for OPS-10).","BSI Cloud Computing Compliance Criteria Catalogue (C5:2026), Version 1.0.1, Federal Office for Information Security (Germany) - KB 2/Germany/BSI Cloud Computing Compliance Controls Catalogue.pdf"
SIM-06-SI-01,SIM-06,About the Criteria,SIM-06.01B,Supporting bodies may be external service providers or government agencies such as the BSI.,"BSI Cloud Computing Compliance Criteria Catalogue (C5:2026), Version 1.0.1, Federal Office for Information Security (Germany) - KB 2/Germany/BSI Cloud Computing Compliance Controls Catalogue.pdf"
SIM-06-SI-02,SIM-06,Complementary Customer Criteria,,"Cloud service customers ensure with suitable controls that they include into their ISMS the findings and measures related to previous security incidents reported by the cloud service provider. The cloud service customers evaluate whether and which supporting measures they might take on their side. 5.14 Business Continuity Management (BCM) Objective: Plan, implement, maintain and test procedures and measures for business continuity and emergency management.","BSI Cloud Computing Compliance Criteria Catalogue (C5:2026), Version 1.0.1, Federal Office for Information Security (Germany) - KB 2/Germany/BSI Cloud Computing Compliance Controls Catalogue.pdf"
BCM-01-SI-01,BCM-01,About the Criteria,BCM-01.01B,The basic criterion can (but need not) be fulfilled with a certification of the BCM according to ISO/IEC 22301.,"BSI Cloud Computing Compliance Criteria Catalogue (C5:2026), Version 1.0.1, Federal Office for Information Security (Germany) - KB 2/Germany/BSI Cloud Computing Compliance Controls Catalogue.pdf"
BCM-01-SI-02,BCM-01,About the Criteria,BCM-01.02B,Please note: BCM can be integrated into enterprise risk management (ERM) to gain more efficiency and overcome management silos.,"BSI Cloud Computing Compliance Criteria Catalogue (C5:2026), Version 1.0.1, Federal Office for Information Security (Germany) - KB 2/Germany/BSI Cloud Computing Compliance Controls Catalogue.pdf"
BCM-01-SI-03,BCM-01,About the Criteria,BCM-01.03B,"The top management responsibility can be delegated from top management to another individual as long this individual has the scope, responsibilities and capabilities to influence the cloud-service-wide business continuity strategy and activities just as the top management could do.","BSI Cloud Computing Compliance Criteria Catalogue (C5:2026), Version 1.0.1, Federal Office for Information Security (Germany) - KB 2/Germany/BSI Cloud Computing Compliance Controls Catalogue.pdf"
BCM-02-SI-01,BCM-02,About the Criteria,BCM-02.01B,"Scenarios to be considered according to the basic criterion are, for example, the loss of personnel, buildings, infrastructure and service providers.","BSI Cloud Computing Compliance Criteria Catalogue (C5:2026), Version 1.0.1, Federal Office for Information Security (Germany) - KB 2/Germany/BSI Cloud Computing Compliance Controls Catalogue.pdf"
BCM-02-SI-02,BCM-02,Complementary Customer Criteria,,Cloud service customers ensure with suitable controls that the scenarios for a failure of the cloud service or the cloud service provider are sufficiently considered in the context of their business impact analysis.,"BSI Cloud Computing Compliance Criteria Catalogue (C5:2026), Version 1.0.1, Federal Office for Information Security (Germany) - KB 2/Germany/BSI Cloud Computing Compliance Controls Catalogue.pdf"
BCM-03-SI-01,BCM-03,About the Criteria,"BCM-03.01B, BCM-03.02B","Although different partitions do not share a common IAM (and hence no common personnel for BCM), business continuity plans may be shared between different partitions since the same cloud services are provided.","BSI Cloud Computing Compliance Criteria Catalogue (C5:2026), Version 1.0.1, Federal Office for Information Security (Germany) - KB 2/Germany/BSI Cloud Computing Compliance Controls Catalogue.pdf"
BCM-03-SI-02,BCM-03,Complementary Customer Criteria,,"Cloud service customers ensure with suitable controls that the results of their business impact analysis are sufficiently considered when planning the operational continuity and the business plan in order to provide for the effects of a failure of the cloud service or cloud service provider. Cloud service customers ensure with suitable controls that the availability of the cloud service, its recovery time according to the BCM plan and the data loss of the cloud service are consistent with their own availability requirements and tolerable data loss.","BSI Cloud Computing Compliance Criteria Catalogue (C5:2026), Version 1.0.1, Federal Office for Information Security (Germany) - KB 2/Germany/BSI Cloud Computing Compliance Controls Catalogue.pdf"
BCM-04-SI-01,BCM-04,About the Criteria,"BCM-04.01B, BCM-04.01AC",Tests are primarily conducted at the operational level and are aimed at operational target groups. Tests include e.g.: 1. Test of technical precautionary safeguards; 2. Functional tests; and 3. Plan review. Exercises also take place on a tactical and strategic level. These include e.g.: 1. Plan meeting; 2. Personnel exercise; 3. Command post exercise; 4. Communication and alerting exercise; 5. Simulation of scenarios; and 6. Emergency or full exercise. Relevant third parties are in particular service organisations of the cloud service provider who contribute to the development or operation of the cloud service (cf. basic criteria SSO-02 and SSO-06). A cloud service customer is affected (in the sense of this criterion) if the test or excercise leads to a service downgrade outside of the level defined in the SLA or if the effectiveness of the plans can only be tested if the cloud service customer has to take action.,"BSI Cloud Computing Compliance Criteria Catalogue (C5:2026), Version 1.0.1, Federal Office for Information Security (Germany) - KB 2/Germany/BSI Cloud Computing Compliance Controls Catalogue.pdf"
BCM-04-SI-02,BCM-04,About the Criteria,BCM-04.04AC,The term ‘alarm and notification plan’ refers to the documented procedure for alerting responsible personnel and stakeholders in case of incidents or disruptions.,"BSI Cloud Computing Compliance Criteria Catalogue (C5:2026), Version 1.0.1, Federal Office for Information Security (Germany) - KB 2/Germany/BSI Cloud Computing Compliance Controls Catalogue.pdf"
BCM-04-SI-03,BCM-04,Complementary Customer Criteria,,"Cloud service customers ensure with suitable controls that measures to prevent the impact of a cloud service or cloud service provider outage are regularly reviewed, updated, tested and exercised. The cloud service provider is involved in the tests and exercises in accordance with the contractual agreements. Basic Criteria, Additional Criteria, Supplementary Information Cloud service customers ensure with suitable controls that the results of the cloud service provider’s BCM tests and exercises are incorporated into their own BCM and that they are fully appreciated with regard to ensuring the customer’s operational continuity. In tests and exercises that involve the customer and therefore require own measures on the customer side, cloud service customers ensure that the appropriate measures for coping with the scenario are practiced and tested by means of suitable BCM controls. 5.15 Compliance (COM) Objective: Avoid non-compliance with legal, regulatory, self-imposed or contractual information security and compliance requirements.","BSI Cloud Computing Compliance Criteria Catalogue (C5:2026), Version 1.0.1, Federal Office for Information Security (Germany) - KB 2/Germany/BSI Cloud Computing Compliance Controls Catalogue.pdf"
COM-01-SI-01,COM-01,About the Criteria,COM-01.01B,"The cloud service provider’s documentation may refer to the following requirements, among others: 1. Requirements for the protection of personal data (e.g. EU General Data Protection Regulation); 2. Requirements regarding the information security posture of the cloud service provider (e.g. NIS 2 Directive, BSIG as applicable to KRITIS); 3. Compliance requirements based on contractual obligations with cloud service customers (e.g. ISO/IEC 27001, SOC 2, PCI-DSS); and 4. Requirements regarding exchange and use of data (e.g. EU Data Act). The documentation of the identified requirements and the procedures for complying with these requirements may be spread across several documents and does not necessarily have to be recorded in a single register or directory.","BSI Cloud Computing Compliance Criteria Catalogue (C5:2026), Version 1.0.1, Federal Office for Information Security (Germany) - KB 2/Germany/BSI Cloud Computing Compliance Controls Catalogue.pdf"
COM-01-SI-02,COM-01,Complementary Customer Criteria,,"– Basic Criteria, Additional Criteria, Supplementary Information","BSI Cloud Computing Compliance Criteria Catalogue (C5:2026), Version 1.0.1, Federal Office for Information Security (Germany) - KB 2/Germany/BSI Cloud Computing Compliance Controls Catalogue.pdf"
COM-02-SI-01,COM-02,About the Criteria,"COM-02.01B, COM-02.01AS","An audit is a systematic, independent and documented process for obtaining objective evidence and evaluating it objectively to determine the extent to which the audit criteria are fulfilled. Audits may be performed as internal audits, sometimes called first party audits, that are conducted by, or on behalf of, the organisation itself. They may also be performed as external audits, generally called second and third party audits. Second party audits are conducted by parties having an interest in the organisation, such as customers, or by other individuals on their behalf. Third party audits are conducted by independent auditing organisations. An audit programme comprises arrangements for a set of one or more audits planned for a specific time frame and directed towards a specific purpose. The audit programme may, for example, comprise a time frame of three years, and may comprise internal and external audits. Basic Criteria, Additional Criteria, Supplementary Information COM-02 is fully applicable to virtual infrastructure and infrastructure as code. Audit activities might still impact operations in a virtual environment. Reviews of configurations might for example be performed as part of code reviews.","BSI Cloud Computing Compliance Criteria Catalogue (C5:2026), Version 1.0.1, Federal Office for Information Security (Germany) - KB 2/Germany/BSI Cloud Computing Compliance Controls Catalogue.pdf"
COM-02-SI-02,COM-02,About the Criteria,COM-02.02B,See DEV-05 for further explanation on security features.,"BSI Cloud Computing Compliance Criteria Catalogue (C5:2026), Version 1.0.1, Federal Office for Information Security (Germany) - KB 2/Germany/BSI Cloud Computing Compliance Controls Catalogue.pdf"
COM-02-SI-03,COM-02,Complementary Customer Criteria,,"Cloud service customers ensure with suitable controls that appropriate responses are made to outages or degradations of the cloud service through such audits. To the extent that contractually agreed information and audit rights exist, the cloud service customers ensure with suitable controls that these rights are designed and executed in accordance with their own requirements.","BSI Cloud Computing Compliance Criteria Catalogue (C5:2026), Version 1.0.1, Federal Office for Information Security (Germany) - KB 2/Germany/BSI Cloud Computing Compliance Controls Catalogue.pdf"
COM-03-SI-01,COM-03,About the Criteria,COM-03.01B,"Subject matter experts operate, e.g., in the cloud service provider’s internal revision department or expert third parties commissioned by the cloud service provider, such as auditing companies, and may hold relevant certifications such as ‘Certified Internal Auditor (CIA)’. With regard to ISMS compliance, cf. section 9.2 of ISO/IEC 27001, which outlines the requirements for conducting internal audits of an Information Security Management System (ISMS) and for establishing an internal audit programme. When establishing the internal audit programme(s), the cloud service provider should define the scope and criteria by considering the importance of the processes concerned and the results of previous audits. This approach allows cloud service providers to define the audit scope based on the criticality of complying with relevant legal, regulatory, or contractual requirements (cf. COM-01) and internal policies and procedures (cf. SP-01), without requiring a comprehensive review of all requirements during each audit cycle.","BSI Cloud Computing Compliance Criteria Catalogue (C5:2026), Version 1.0.1, Federal Office for Information Security (Germany) - KB 2/Germany/BSI Cloud Computing Compliance Controls Catalogue.pdf"
COM-04-SI-01,COM-04,About the Criteria,COM-04.01B,The top management is a natural person or group of people who take final decisions for the institution and are accountable for these. The aspects to be dealt with in the management review of the ISMS are listed in section 9.3 of ISO / IEC 27001.,"BSI Cloud Computing Compliance Criteria Catalogue (C5:2026), Version 1.0.1, Federal Office for Information Security (Germany) - KB 2/Germany/BSI Cloud Computing Compliance Controls Catalogue.pdf"
COM-04-SI-02,COM-04,Complementary Customer Criteria,,"– 5.16 Dealing with Investigation Requests from Government Agencies (INQ) Objective: Ensure appropriate handling of government investigation requests for legal review, information to cloud service customers, and limitation of access to or disclosure of data.","BSI Cloud Computing Compliance Criteria Catalogue (C5:2026), Version 1.0.1, Federal Office for Information Security (Germany) - KB 2/Germany/BSI Cloud Computing Compliance Controls Catalogue.pdf"
INQ-01-SI-01,INQ-01,About the Criteria,INQ-01.01B,"For evidence purposes, all requests that were completely processed during the specified period shall form the population for testing the operating effectiveness of controls to meet the criteria in this domain. All requests are to be included in the population, irrespective of whether they resulted in cloud service customer data or cloud service derived data being disclosed.","BSI Cloud Computing Compliance Criteria Catalogue (C5:2026), Version 1.0.1, Federal Office for Information Security (Germany) - KB 2/Germany/BSI Cloud Computing Compliance Controls Catalogue.pdf"
INQ-01-SI-02,INQ-01,About the Criteria,INQ-01.02B,"Disclosure of cloud service customer data to government agencies may include handing over encryption keys. The disclosure of keys should also be scrutinised in accordance with the INQ criteria. In particular, with reference to INQ-03, care should be taken to ensure that no other cloud service customer data is compromised by handing over a key.","BSI Cloud Computing Compliance Criteria Catalogue (C5:2026), Version 1.0.1, Federal Office for Information Security (Germany) - KB 2/Germany/BSI Cloud Computing Compliance Controls Catalogue.pdf"
INQ-01-SI-03,INQ-01,Complementary Customer Criteria,,Cloud service customers ensure with suitable controls that the type and scope of government agencies’ investigation requests and the associated disclosure of their own data has been dealt with in their own risk management and that the use of the cloud service is only taken up or continued when this risk has been deemed acceptable.,"BSI Cloud Computing Compliance Criteria Catalogue (C5:2026), Version 1.0.1, Federal Office for Information Security (Germany) - KB 2/Germany/BSI Cloud Computing Compliance Controls Catalogue.pdf"
INQ-02-SI-01,INQ-02,About the Criteria,INQ-02.01B,This does not affect other legal or regulatory requirements that requires earlier information for cloud service customers.,"BSI Cloud Computing Compliance Criteria Catalogue (C5:2026), Version 1.0.1, Federal Office for Information Security (Germany) - KB 2/Germany/BSI Cloud Computing Compliance Controls Catalogue.pdf"
INQ-02-SI-02,INQ-02,Complementary Customer Criteria,,"Cloud service customers ensure with suitable controls that such notifications are received and assessed from a legal perspective according to their own specifications and possibilities. Basic Criteria, Additional Criteria, Supplementary Information","BSI Cloud Computing Compliance Criteria Catalogue (C5:2026), Version 1.0.1, Federal Office for Information Security (Germany) - KB 2/Germany/BSI Cloud Computing Compliance Controls Catalogue.pdf"
INQ-04-SI-01,INQ-04,About the Criteria,"INQ-04.01B, INQ-04.02B, INQ-04.03B","The criterion is limited to cloud service customer data. The cloud service provider typically has access to other data types such as cloud service derived data and account data such that extending the criterion to those other data types, may not lead to useful information for customers’ risk management. Technical capabilities and limitations to access cloud service customer data include aspects such as: 1. If the cloud service customers store their cloud service customer data in unencrypted form; 2. If the cloud service provider encrypts cloud service customer data in storage and transit; 3. Whether the cloud service provider has the ability to decrypt cloud service customer data in case of such requests and how this ability for access or disclosure is used; 4. Retention periods for cloud service derived data relating to the cloud service customer and whether such data is stored in encrypted form; 5. Possibilities for decrypting cloud service customer data or for extracting cloud service customer data during the decryption process; 6. Disclosure of user identities and credentials; and 7. Further measures that have been created or can be used for disclosing cloud service customer data.","BSI Cloud Computing Compliance Criteria Catalogue (C5:2026), Version 1.0.1, Federal Office for Information Security (Germany) - KB 2/Germany/BSI Cloud Computing Compliance Controls Catalogue.pdf"
INQ-04-SI-02,INQ-04,Complementary Customer Criteria,,"Cloud service customers ensure with suitable controls that they minimise potential disclosure of their customer data. According to the protection need of the cloud service customer data, the cloud service customers take the decision if the particular cloud service can be used or if the risk of disclosure is too high. Basic Criteria, Additional Criteria, Supplementary Information 5.17 Product Safety and Security (PSS) Objective: Provide up-to-date information on the secure configuration and known vulnerabilities of the cloud service for cloud service customers, appropriate mechanisms for troubleshooting and logging, as well as authentication and authorisation of users of cloud service customers.","BSI Cloud Computing Compliance Criteria Catalogue (C5:2026), Version 1.0.1, Federal Office for Information Security (Germany) - KB 2/Germany/BSI Cloud Computing Compliance Controls Catalogue.pdf"
PSS-01-SI-01,PSS-01,About the Criteria,PSS-01.01B,"In a cloud environment, security responsibilities are shared between the cloud service provider and the customer, varying by service type — Infrastructure as a Service (IaaS), Platform as a Service (PaaS), or Software as a Service (SaaS). Guidance on the complementary customer controls helps cloud service customers understand their roles and responsibilities within the Shared Responsibility Model, also in terms of security and operational management (cf. OIS-03). By offering detailed guidance, cloud service customers are equipped to understand and implement the necessary controls that fall under their responsibility. The level of detail and length can vary according to the type of cloud service provided. Examples for defensive mechanisms include payload filtering, traffic shaping, load balancing, load shedding and DDoS defences. Examples for wide-area distributed architecture mechanisms include fault tolerance through replication, avoidance of localised outages and disasters through the use of multiple cloud regions, as well as the reduction of user-facing latency through the geo-dispersion of service endpoints.","BSI Cloud Computing Compliance Criteria Catalogue (C5:2026), Version 1.0.1, Federal Office for Information Security (Germany) - KB 2/Germany/BSI Cloud Computing Compliance Controls Catalogue.pdf"
PSS-01-SI-02,PSS-01,Complementary Customer Criteria,,"Cloud service customers ensure with suitable controls that the cloud service provider’s information is used to derive policies, frameworks and measures for the secure configuration and use (according to their own risk assessment) of the cloud service. Compliance with these policies, frameworks and measures is checked. Changes to the information are timely assessed for their impact on these documents and any necessary changes are implemented.","BSI Cloud Computing Compliance Criteria Catalogue (C5:2026), Version 1.0.1, Federal Office for Information Security (Germany) - KB 2/Germany/BSI Cloud Computing Compliance Controls Catalogue.pdf"
PSS-02-SI-01,PSS-02,About the Criteria,"PSS-02.01B, PSS-02.02B, PSS-02.03B, PSS-02.01AC","Known vulnerabilities in externally related system components (e.g. operating systems) used for the development and provision of the cloud service but not going through the cloud service provider’s software development process are the subject of criterion OPS-25 (Managing Vulnerabilities, Incidents and Errors - Vulnerability Scans).","BSI Cloud Computing Compliance Criteria Catalogue (C5:2026), Version 1.0.1, Federal Office for Information Security (Germany) - KB 2/Germany/BSI Cloud Computing Compliance Controls Catalogue.pdf"
PSS-03-SI-01,PSS-03,About the Criteria,PSS-03.01B,"This criterion supports transparency in vulnerability management. It requires the cloud service provider to proactively inform customers about vulnerabilities that may pose a residual risk due to the absence of remediation options. Such disclosures help customers assess their exposure and implement compensating controls where necessary. Information about known-exploited vulnerabilities and known vulnerabilities can include, for example, the information about vulnerabilities in authorisation mechanisms obtained from the validation process carried out as part of PSS-09.","BSI Cloud Computing Compliance Criteria Catalogue (C5:2026), Version 1.0.1, Federal Office for Information Security (Germany) - KB 2/Germany/BSI Cloud Computing Compliance Controls Catalogue.pdf"
PSS-03-SI-02,PSS-03,About the Criteria,PSS-03.03B,"Although the cloud service provider has to identify the vulnerabilities based on SBOM data to fulfil this criterion, this SBOM data need not be handed over to the customer to fulfil the criterion.","BSI Cloud Computing Compliance Criteria Catalogue (C5:2026), Version 1.0.1, Federal Office for Information Security (Germany) - KB 2/Germany/BSI Cloud Computing Compliance Controls Catalogue.pdf"
PSS-03-SI-03,PSS-03,About the Criteria,PSS-03.04B,"Vulnerability-specific measures can for instance be found in the ‘Vulnerability, Exploitability eXchange’ (VEX) or the ‘Common Security Advisory Frameworks’ (CSAF). The Common Vulnerability Scoring System (CVSS) assesses the severity of identified vulnerabilities (cf. OPS-18). The Exploit Prediction Scoring System (EPSS), the Stakeholder-Specific Vulnerability Categorization (SSVC) and other similar scoring metrics prioritise measures to be implemented for remediating or mitigating identified vulnerabilities. Both kinds of systems should be used in tandem.","BSI Cloud Computing Compliance Criteria Catalogue (C5:2026), Version 1.0.1, Federal Office for Information Security (Germany) - KB 2/Germany/BSI Cloud Computing Compliance Controls Catalogue.pdf"
PSS-03-SI-04,PSS-03,About the Criteria,PSS-03.05B,There can be various ways to obtain information about vulnerabilities from suppliers and service organisations. The criteria does not demand a particular way for obtaining this information but that the information is obtained at least daily.,"BSI Cloud Computing Compliance Criteria Catalogue (C5:2026), Version 1.0.1, Federal Office for Information Security (Germany) - KB 2/Germany/BSI Cloud Computing Compliance Controls Catalogue.pdf"
PSS-03-SI-05,PSS-03,About the Criteria,"PSS-03.01AC, PSS-03.02AC","Assets provided by the cloud service provider that cloud service customers have to install, deploy or operate themselves in their area of responsibility are for example local software clients and apps as well as tools for integrating the cloud service. If the cloud service relies on other cloud services, this information should incorporate or refer to the vulnerabilities of those other cloud services in order for this criterion to be met.","BSI Cloud Computing Compliance Criteria Catalogue (C5:2026), Version 1.0.1, Federal Office for Information Security (Germany) - KB 2/Germany/BSI Cloud Computing Compliance Controls Catalogue.pdf"
PSS-03-SI-06,PSS-03,Complementary Customer Criteria,,"Cloud service customers ensure with suitable controls that the obtained vulnerability information is incorporated timely into their own risk management, evaluated and, if necessary, taken into account in their own area of responsibility.","BSI Cloud Computing Compliance Criteria Catalogue (C5:2026), Version 1.0.1, Federal Office for Information Security (Germany) - KB 2/Germany/BSI Cloud Computing Compliance Controls Catalogue.pdf"
PSS-04-SI-01,PSS-04,About the Criteria,"PSS-04.01B, PSS-04.02B, PSS-04.03B, PSS-04.04B, PSS-04.05B, PSS-04.06B, PSS-04.01AC","Unlike the additional criterion OPS-15, which covers both, system components under the responsibility of the cloud service provider, as well as system components under the responsibility of the cloud service customer, the scope of this criterion is limited strictly to system components under the responsibility of the cloud service customer only. The extent of the logging depends on the cloud service. There may therefore be cloud services, such as SaaS services for which the amount of system components under the responsibility of the cloud service customer is very limited, to which this criterion is not applicable. Basic Criteria, Additional Criteria, Supplementary Information","BSI Cloud Computing Compliance Criteria Catalogue (C5:2026), Version 1.0.1, Federal Office for Information Security (Germany) - KB 2/Germany/BSI Cloud Computing Compliance Controls Catalogue.pdf"
PSS-04-SI-02,PSS-04,About the Criteria,PSS-04.04B,"The deletion of the logged information by the cloud service customer can, for example, be implemented by providing the cloud service customer with a process to request this deletion.","BSI Cloud Computing Compliance Criteria Catalogue (C5:2026), Version 1.0.1, Federal Office for Information Security (Germany) - KB 2/Germany/BSI Cloud Computing Compliance Controls Catalogue.pdf"
PSS-04-SI-03,PSS-04,Complementary Customer Criteria,,"If the cloud service is equipped with error handling and logging mechanisms, cloud service customers must activate these and configure them according to defined requirements. The cloud service customer must incorporate his own information security management for this purpose.","BSI Cloud Computing Compliance Criteria Catalogue (C5:2026), Version 1.0.1, Federal Office for Information Security (Germany) - KB 2/Germany/BSI Cloud Computing Compliance Controls Catalogue.pdf"
PSS-05-SI-01,PSS-05,About the Criteria,"PSS-05.01B, PSS-05.02B, PSS-05.01AC","IT components in the sense of this criterion are independently usable objects with external interfaces that can be connected with other IT components. Access points in the sense of this criterion are those that can be accessed by users, IT components or applications via networks (for users, for example, the login screen on the publicly accessible website of the cloud service provider). Multi-factor authentication should be enforced and can e.g. be performed with cryptographic certificates, smart cards or tokens.","BSI Cloud Computing Compliance Criteria Catalogue (C5:2026), Version 1.0.1, Federal Office for Information Security (Germany) - KB 2/Germany/BSI Cloud Computing Compliance Controls Catalogue.pdf"
PSS-05-SI-02,PSS-05,Complementary Customer Criteria,,"Cloud service customers ensure with suitable controls that the authentication mechanisms offered by the cloud service are used in accordance with the customer’s identity and authorisation management requirements. If cloud service customers operate virtual machines or containers with the cloud service, they ensure with suitable controls that the authentication mechanisms cover container-specific scenarios, such as multi-factor authentication for container hosts and registry access. Basic Criteria, Additional Criteria, Supplementary Information","BSI Cloud Computing Compliance Criteria Catalogue (C5:2026), Version 1.0.1, Federal Office for Information Security (Germany) - KB 2/Germany/BSI Cloud Computing Compliance Controls Catalogue.pdf"
PSS-06-SI-01,PSS-06,About the Criteria,PSS-06.01B,"Known attacks include manipulation, forgery, session takeover, Denial of Service attacks, enveloping, replay and null cipher attacks.","BSI Cloud Computing Compliance Criteria Catalogue (C5:2026), Version 1.0.1, Federal Office for Information Security (Germany) - KB 2/Germany/BSI Cloud Computing Compliance Controls Catalogue.pdf"
PSS-06-SI-02,PSS-06,Complementary Customer Criteria,,Cloud service customers can use appropriate controls to ensure that they are using the session management protection features of the cloud service in accordance with their own ISMS. They also set the time period after which a session becomes invalid according to their own ISMS specifications.,"BSI Cloud Computing Compliance Criteria Catalogue (C5:2026), Version 1.0.1, Federal Office for Information Security (Germany) - KB 2/Germany/BSI Cloud Computing Compliance Controls Catalogue.pdf"
PSS-07-SI-01,PSS-07,About the Criteria,PSS-07.01B,The state of the art regarding cryptographic hash functions is described in the current version of the BSI Technical Guideline TR-02102-1 ‘Cryptographic Mechanisms: Recommendations and Key Lengths’.,"BSI Cloud Computing Compliance Criteria Catalogue (C5:2026), Version 1.0.1, Federal Office for Information Security (Germany) - KB 2/Germany/BSI Cloud Computing Compliance Controls Catalogue.pdf"
PSS-07-SI-02,PSS-07,Complementary Customer Criteria,,"Cloud service customers ensure with suitable controls that they use sufficiently secure passwords (cf. IAM-08) and employ the procedures provided by the cloud service provider to protect the confidentiality of the passwords according to their own assessment, and that the risks of unauthorised access associated with their own choice are borne. If cloud service customers operate virtual machines or containers with the cloud service, they ensure with suitable controls that the confidentiality of the information is also ensured for the allocation of authentication information of the virtual machines or containers.","BSI Cloud Computing Compliance Criteria Catalogue (C5:2026), Version 1.0.1, Federal Office for Information Security (Germany) - KB 2/Germany/BSI Cloud Computing Compliance Controls Catalogue.pdf"
PSS-08-SI-01,PSS-08,About the Criteria,PSS-08.01B,"In IaaS, a role and rights framework would describe, among other things, the access rights and roles for the following functions of the cloud service: 1. Administration of the states of virtual machines (start, pause, stop) as well as for their migration or monitoring; 2. Management of available images that can be used to create virtual machines; and 3. Management of virtual networks (e.g. configuration of virtual routers and switches).","BSI Cloud Computing Compliance Criteria Catalogue (C5:2026), Version 1.0.1, Federal Office for Information Security (Germany) - KB 2/Germany/BSI Cloud Computing Compliance Controls Catalogue.pdf"
PSS-08-SI-02,PSS-08,About the Criteria,PSS-08.03B,This functionality can e.g. include gaining a list of all roles and accesses the cloud service customer has activated and when they were changed the last time.,"BSI Cloud Computing Compliance Criteria Catalogue (C5:2026), Version 1.0.1, Federal Office for Information Security (Germany) - KB 2/Germany/BSI Cloud Computing Compliance Controls Catalogue.pdf"
PSS-08-SI-03,PSS-08,Complementary Customer Criteria,,Cloud service customers ensure with suitable controls that: 1. They actively utilise the roles and rights framework and accompanying functionalities offered by the cloud service provider; 2. The granting of permissions to users in their area of responsibility is subject to authorisation; and 3. The appropriateness of the assigned authorisations is regularly reviewed and authorisations are adjusted or withdrawn in a timely manner in the event of necessary changes (e.g. personnel resignation).,"BSI Cloud Computing Compliance Criteria Catalogue (C5:2026), Version 1.0.1, Federal Office for Information Security (Germany) - KB 2/Germany/BSI Cloud Computing Compliance Controls Catalogue.pdf"
PSS-09-SI-01,PSS-09,Complementary Customer Criteria,,Cloud service customers ensure with suitable controls that system components under their responsibility are regularly checked for vulnerabilities and to mitigate these by appropriate measures.,"BSI Cloud Computing Compliance Criteria Catalogue (C5:2026), Version 1.0.1, Federal Office for Information Security (Germany) - KB 2/Germany/BSI Cloud Computing Compliance Controls Catalogue.pdf"
PSS-10-SI-01,PSS-10,About the Criteria,"PSS-10.01B, PSS-10.02B","This criterion is typically not applicable to the SaaS service model. Suitable SDN methods for increasing confidentiality are, for example, L2 overlay networking (tagging) or tunnelling/encapsulation. Basic Criteria, Additional Criteria, Supplementary Information","BSI Cloud Computing Compliance Criteria Catalogue (C5:2026), Version 1.0.1, Federal Office for Information Security (Germany) - KB 2/Germany/BSI Cloud Computing Compliance Controls Catalogue.pdf"
PSS-10-SI-02,PSS-10,Complementary Customer Criteria,,Cloud service customers ensure with suitable controls that they validate the functionality of SDN features for their individual use cases before using newly introduced capabilities or modifed existing ones.,"BSI Cloud Computing Compliance Criteria Catalogue (C5:2026), Version 1.0.1, Federal Office for Information Security (Germany) - KB 2/Germany/BSI Cloud Computing Compliance Controls Catalogue.pdf"
PSS-11-SI-01,PSS-11,About the Criteria,PSS-11.01B,"This criterion is typically not applicable to the SaaS service model. Generally accepted industry standards are, for example, the Security Configuration Benchmark of the Centre for Internet Security (CIS) or the corresponding modules in the BSI IT-Grundschutz-Compendium.","BSI Cloud Computing Compliance Criteria Catalogue (C5:2026), Version 1.0.1, Federal Office for Information Security (Germany) - KB 2/Germany/BSI Cloud Computing Compliance Controls Catalogue.pdf"
PSS-11-SI-02,PSS-11,About the Criteria,PSS-11.01AC,"Typical measures for checking virtual machines or container images against integrity and authenticity include cryptographical signing. Basic Criteria, Additional Criteria, Supplementary Information","BSI Cloud Computing Compliance Criteria Catalogue (C5:2026), Version 1.0.1, Federal Office for Information Security (Germany) - KB 2/Germany/BSI Cloud Computing Compliance Controls Catalogue.pdf"
PSS-11-SI-03,PSS-11,Complementary Customer Criteria,,Cloud service customers ensure with suitable controls that the images of virtual machines or containers they operate with the cloud service comply with their information security management requirements and that the results of the integrity checks at startup and at runtime are processed according to these requirements.,"BSI Cloud Computing Compliance Criteria Catalogue (C5:2026), Version 1.0.1, Federal Office for Information Security (Germany) - KB 2/Germany/BSI Cloud Computing Compliance Controls Catalogue.pdf"
PSS-12-SI-01,PSS-12,About the Criteria,PSS-12.03B,"This criterion refers to the architecture of the cloud service and does not put any constraints on the architecture the cloud service customer designs. If a cloud service provider has several regions that provide the same service, the cloud service customer is free to use the service in different regions (e.g. for more resilience). This subcriterion refers to contractual agreements which include the pledge for cloud service customer data, cloud service derived data, cloud service provider data and account data to reside in the chosen region. It also covers how contractual agreements are updated, ensuring transparent communication and continued residency for all four types of data in the agreed region(s).","BSI Cloud Computing Compliance Criteria Catalogue (C5:2026), Version 1.0.1, Federal Office for Information Security (Germany) - KB 2/Germany/BSI Cloud Computing Compliance Controls Catalogue.pdf"
PSS-12-SI-02,PSS-12,About the Criteria,"PSS-12.01B, PSS-12.02B, PSS-12.03B, PSS-12.04B, PSS-12.01AS, PSS-12.01AC, PSS-12.02AC","This criterion supplements the General Condition GC-01. It does not require the cloud service provider to offer multiple regions or partitions. If the cloud service provider offers only one partition for the cloud service(s) in scope, this does not comprise a deviation from the criterion. If the additional complemental criterion is only applicable for selected partitions in scope of an assurance engagement in accordance with this catalogue, this should be presented in the cloud service provider’s description of its system of internal control for the cloud service. This criterion is a prerequisite for technical service sovereignty. Monitoring of threat intelligence data, which excludes any cloud service customer data and account data, and logging of required routing information such as IP addresses are not required to be geographically limited to a single partition.","BSI Cloud Computing Compliance Criteria Catalogue (C5:2026), Version 1.0.1, Federal Office for Information Security (Germany) - KB 2/Germany/BSI Cloud Computing Compliance Controls Catalogue.pdf"
PSS-12-SI-03,PSS-12,Complementary Customer Criteria,,"Cloud service customers ensure with suitable controls that, when selecting service providers and configuring the cloud service, they are informed about the available data processing and storage partitions and, if there is a choice between different partitions, that they select those that meet their own requirements. Depending on the use case and especially when using services of a cloud service provider which is based in another country, cloud service customers take the laws of their own jurisdiction applicable to them into account when making their selection (e.g. when processing personal data; compliance with legal retention obligations for business documents, etc.).","BSI Cloud Computing Compliance Criteria Catalogue (C5:2026), Version 1.0.1, Federal Office for Information Security (Germany) - KB 2/Germany/BSI Cloud Computing Compliance Controls Catalogue.pdf"
